<document ID-DOI="http://doi.org/10.5281/zenodo.4448751" ID-GBIF-Dataset="fa031765-b474-48aa-9d7e-b62dd092cfa4" ID-ISSN="1175-5326" ID-Zenodo-Dep="4448751" ID-ZooBank="92ECCF97-7315-4A1A-A94A-537D0F331EBF" _generate="added" approvalRequired="116" approvalRequired_for_bibRefs="1" approvalRequired_for_illustrations="7" checkinTime="1611041096358" checkinUser="plazi" docAuthor="Skartveit, John &amp; Wedmann, Sonja" docDate="2021" docId="035E87B2FF92FFBDFF0230DCFC6FD0B7" docLanguage="en" docName="zootaxa.4909.1.1.pdf" docOrigin="Zootaxa 4909 (1)" docStyle="DocumentStyle:5EBBA59367AD13919D70D935FA04F6A3.5:Zootaxa.2013.monograph" docStyleId="5EBBA59367AD13919D70D935FA04F6A3" docStyleName="Zootaxa.2013.monograph" docStyleVersion="5" docTitle="Plecia rhenana Heyden &amp; Heyden. It 1865" docType="treatment" docVersion="9" lastPageId="35" lastPageNumber="36" masterDocId="FF67FFCAFFB0FF9EFF953571FFBBD142" masterDocTitle="A Revision of fossil Bibionidae (Insecta: Diptera) from the Oligocene of Germany" masterLastPageNumber="77" masterPageNumber="1" pageId="34" pageNumber="35" updateTime="1611766090865" updateUser="ExternalLinkService">
<mods:mods xmlns:mods="http://www.loc.gov/mods/v3">
<mods:titleInfo>
<mods:title>A Revision of fossil Bibionidae (Insecta: Diptera) from the Oligocene of Germany</mods:title>
</mods:titleInfo>
<mods:name type="personal">
<mods:role>
<mods:roleTerm>Author</mods:roleTerm>
</mods:role>
<mods:namePart>Skartveit, John</mods:namePart>
<mods:nameIdentifier type="ORCID">0000-0001-7614-3399</mods:nameIdentifier>
</mods:name>
<mods:name type="personal">
<mods:role>
<mods:roleTerm>Author</mods:roleTerm>
</mods:role>
<mods:namePart>Wedmann, Sonja</mods:namePart>
<mods:nameIdentifier type="ORCID">0000-0002-9778-4125</mods:nameIdentifier>
<mods:nameIdentifier type="email">edmann@senckenberg.de</mods:nameIdentifier>
</mods:name>
<mods:typeOfResource>text</mods:typeOfResource>
<mods:relatedItem type="host">
<mods:titleInfo>
<mods:title>Zootaxa</mods:title>
</mods:titleInfo>
<mods:part>
<mods:date>2021</mods:date>
<mods:detail type="pubDate">
<mods:number>2021-01-19</mods:number>
</mods:detail>
<mods:detail type="volume">
<mods:number>4909</mods:number>
</mods:detail>
<mods:detail type="issue">
<mods:number>1</mods:number>
</mods:detail>
<mods:extent unit="page">
<mods:start>1</mods:start>
<mods:end>77</mods:end>
</mods:extent>
</mods:part>
</mods:relatedItem>
<mods:classification>journal article</mods:classification>
<mods:identifier type="DOI">https://doi.org/10.11646/zootaxa.4909.1.1</mods:identifier>
<mods:identifier type="GBIF-Dataset">fa031765-b474-48aa-9d7e-b62dd092cfa4</mods:identifier>
<mods:identifier type="ISSN">1175-5326</mods:identifier>
<mods:identifier type="Zenodo-Dep">4448697</mods:identifier>
<mods:identifier type="ZooBank">92ECCF97-7315-4A1A-A94A-537D0F331EBF</mods:identifier>
</mods:mods>
<treatment ID-DOI="http://doi.org/10.5281/zenodo.4448751" ID-Zenodo-Dep="4448751" LSID="urn:lsid:plazi:treatment:035E87B2FF92FFBDFF0230DCFC6FD0B7" httpUri="http://treatment.plazi.org/id/035E87B2FF92FFBDFF0230DCFC6FD0B7" lastPageId="35" lastPageNumber="36" pageId="34" pageNumber="35">
<subSubSection box="[151,880,1453,1480]" pageId="34" pageNumber="35" type="nomenclature">
<paragraph blockId="34.[151,880,1453,1480]" box="[151,880,1453,1480]" pageId="34" pageNumber="35">
<heading bold="true" box="[151,880,1453,1480]" fontSize="11" level="2" pageId="34" pageNumber="35" reason="4">
<emphasis bold="true" box="[151,880,1453,1480]" pageId="34" pageNumber="35">
<taxonomicName authority="Heyden &amp; Heyden, 1865" authorityName="Heyden &amp; Heyden. It" authorityYear="1865" box="[151,649,1453,1480]" class="Insecta" family="Bibionidae" genus="Plecia" kingdom="Animalia" order="Diptera" pageId="34" pageNumber="35" phylum="Arthropoda" rank="species" species="rhenana">
<emphasis bold="true" box="[151,336,1453,1480]" italics="true" pageId="34" pageNumber="35">Plecia rhenana</emphasis>
<bibRefCitation author="Heyden, C. H. G. von &amp; Heyden, L. F. J. D. von" box="[343,649,1453,1480]" pageId="34" pageNumber="35" pagination="19 - 30" refId="ref50399" refString="Heyden, C. H. G. von &amp; Heyden, L. F. J. D. von (1865) Bibioniden aus der rheinischen Braunkohle von Rott. Palaeontographica, 14, 19 - 30." type="journal article" year="1865">Heyden &amp; Heyden, 1865</bibRefCitation>
</taxonomicName>
(figs. 55, 158–159)
</emphasis>
</heading>
</paragraph>
</subSubSection>
<subSubSection pageId="34" pageNumber="35" type="reference_group">
<paragraph blockId="34.[151,643,1522,1546]" box="[151,643,1522,1546]" pageId="34" pageNumber="35">
<treatmentCitationGroup box="[151,643,1522,1546]" pageId="34" pageNumber="35">
<taxonomicName authority="Heyden &amp; Heyden 1865: 28 - 29" authorityName="Heyden &amp; Heyden. It" authorityPageNumber="28 - 29" authorityYear="1865" box="[151,639,1522,1546]" class="Insecta" family="Bibionidae" genus="Plecia" kingdom="Animalia" order="Diptera" pageId="34" pageNumber="35" phylum="Arthropoda" rank="species" species="rhenana">
<treatmentCitation author="Heyden, C. H. G. von &amp; Heyden, L. F. J. D. von" box="[151,639,1522,1546]" page="29" pageId="34" pageNumber="35" year="1865">
<emphasis box="[151,306,1522,1546]" italics="true" pageId="34" pageNumber="35">Plecia rhenana</emphasis>
<bibRefCitation author="Heyden, C. H. G. von &amp; Heyden, L. F. J. D. von" box="[313,639,1522,1546]" pageId="34" pageNumber="35" pagination="19 - 30" refId="ref50399" refString="Heyden, C. H. G. von &amp; Heyden, L. F. J. D. von (1865) Bibioniden aus der rheinischen Braunkohle von Rott. Palaeontographica, 14, 19 - 30." type="journal article" year="1865">Heyden &amp; Heyden 1865: 28–29</bibRefCitation>
</treatmentCitation>
</taxonomicName>
.
</treatmentCitationGroup>
</paragraph>
<paragraph blockId="34.[151,1436,1592,2015]" box="[151,718,1592,1619]" pageId="34" pageNumber="35">
<emphasis bold="true" box="[151,266,1592,1618]" pageId="34" pageNumber="35">Localities</emphasis>
: Rott. Also in Aix-en-Provence, 
<collectingCountry box="[634,714,1593,1619]" name="France" pageId="34" pageNumber="35">France</collectingCountry>
.
</paragraph>
</subSubSection>
<subSubSection box="[199,726,1628,1654]" pageId="34" pageNumber="35" type="description">
<paragraph blockId="34.[151,1436,1592,2015]" box="[199,726,1628,1654]" pageId="34" pageNumber="35">
Female redescribed by 
<bibRefCitation author="Skartveit, J. &amp; Nel, A." box="[460,722,1628,1654]" pageId="34" pageNumber="35" pagination="1 - 83" refId="ref51464" refString="Skartveit, J. &amp; Nel, A. (2017) Revision of Bibionidae (Diptera) from French Oligocene deposits. Zootaxa, 4225 (1), 1 - 83. https: // doi. org / 10.11646 / zootaxa. 4225.1.1" type="journal article" year="2017">Skartveit &amp; Nel (2017)</bibRefCitation>
.
</paragraph>
</subSubSection>
<subSubSection box="[199,972,1664,1691]" pageId="34" pageNumber="35" type="materials_examined">
<paragraph blockId="34.[151,1436,1592,2015]" box="[199,972,1664,1691]" pageId="34" pageNumber="35">
<emphasis bold="true" box="[199,425,1664,1690]" pageId="34" pageNumber="35">Material examined</emphasis>
: 
<materialsCitation box="[440,972,1664,1691]" collectionCode="NHMUK" pageId="34" pageNumber="35" specimenCount="1" typeStatus="holotype">
<typeStatus box="[440,544,1664,1690]" pageId="34" pageNumber="35">Holotype</typeStatus>
(female) 
<collectionCode box="[653,759,1665,1691]" country="United Kingdom" httpUri="http://biocol.org/urn:lsid:biocol.org:col:34665" lsid="urn:lsid:biocol.org:col:34665" name="Natural History Museum, London" pageId="34" pageNumber="35" type="Museum">NHMUK</collectionCode>
In 38798 (fig. 55).
</materialsCitation>
</paragraph>
</subSubSection>
<subSubSection lastPageId="35" lastPageNumber="36" pageId="34" pageNumber="35" type="description">
<paragraph blockId="34.[151,1436,1592,2015]" box="[199,346,1700,1727]" pageId="34" pageNumber="35">
<emphasis bold="true" box="[199,337,1700,1726]" pageId="34" pageNumber="35">Description</emphasis>
:
</paragraph>
<paragraph blockId="34.[151,1436,1592,2015]" box="[199,575,1736,1763]" pageId="34" pageNumber="35">Female (N=1, figs. 55, 158–159):</paragraph>
<paragraph blockId="34.[151,1436,1592,2015]" box="[199,433,1772,1799]" pageId="34" pageNumber="35">
Total length 
<quantity box="[340,429,1772,1799]" metricMagnitude="-3" metricUnit="m" metricValue="9.1" pageId="34" pageNumber="35" unit="mm" value="9.1">9.1 mm</quantity>
.
</paragraph>
<paragraph blockId="34.[151,1436,1592,2015]" pageId="34" pageNumber="35">
Head (
<figureCitation box="[273,359,1808,1835]" captionStart="FIGS" captionStartId="64.[151,210,1724,1748]" captionTargetBox="[535,1052,973,1696]" captionTargetId="figure-48@64.[530,1057,967,1700]" captionTargetPageId="64" captionText="FIGS. 156–157 Plecia proserpina FIG. 156. Female, habitus. NHMUK 58793. FIG. 157. Female, wing. LACMIP 2533.285. FIGS. 158–159. Plecia rhenana FIG. 158. Female, wing. NHMUK In 38798. FIG. 159. Female, head and thorax. NHMUK In 38798." figureDoi="http://doi.org/10.5281/zenodo.4464696" httpUri="https://zenodo.org/record/4464696/files/figure.png" pageId="34" pageNumber="35">fig.159</figureCitation>
): Length 
<quantity box="[463,564,1808,1835]" metricMagnitude="-3" metricUnit="m" metricValue="1.01" pageId="34" pageNumber="35" unit="mm" value="1.01">1.01 mm</quantity>
, width 
<quantity box="[645,747,1808,1835]" metricMagnitude="-3" metricUnit="m" metricValue="1.01" pageId="34" pageNumber="35" unit="mm" value="1.01">1.01 mm</quantity>
, complex eye rather large and flat. Antenna slender, flagellum 
<quantity box="[151,251,1844,1871]" metricMagnitude="-4" metricUnit="m" metricValue="6.5" pageId="34" pageNumber="35" unit="mm" value="0.65">0.65 mm</quantity>
long, 
<quantity box="[322,422,1844,1871]" metricMagnitude="-4" metricUnit="m" metricValue="1.5" pageId="34" pageNumber="35" unit="mm" value="0.15">0.15 mm</quantity>
wide, 8-segmented.
</paragraph>
<paragraph blockId="34.[151,1436,1592,2015]" box="[199,1013,1880,1907]" pageId="34" pageNumber="35">
Thorax: Length 
<quantity box="[381,469,1880,1907]" metricMagnitude="-3" metricUnit="m" metricValue="2.5" pageId="34" pageNumber="35" unit="mm" value="2.5">2.5 mm</quantity>
, width 2.0 mm, dark brown, haltere dark brown.
</paragraph>
<paragraph blockId="34.[151,1436,1592,2015]" pageId="34" pageNumber="35">
Legs: Slender. Just apical part of tibia and tarsus of fore and mid legs preserved. Tibiae apparently pale, tarsi dark brown. Fore tibia 
<quantity box="[409,495,1952,1979]" metricMagnitude="-3" metricUnit="m" metricValue="1.9" pageId="34" pageNumber="35" unit="mm" value="1.9">1.9 mm</quantity>
long.
</paragraph>
<paragraph blockId="34.[151,1436,1592,2015]" lastBlockId="35.[151,1437,151,501]" lastPageId="35" lastPageNumber="36" pageId="34" pageNumber="35">
Wing (
<figureCitation box="[275,367,1988,2015]" captionStart="FIGS" captionStartId="64.[151,210,1724,1748]" captionTargetBox="[535,1052,973,1696]" captionTargetId="figure-48@64.[530,1057,967,1700]" captionTargetPageId="64" captionText="FIGS. 156–157 Plecia proserpina FIG. 156. Female, habitus. NHMUK 58793. FIG. 157. Female, wing. LACMIP 2533.285. FIGS. 158–159. Plecia rhenana FIG. 158. Female, wing. NHMUK In 38798. FIG. 159. Female, head and thorax. NHMUK In 38798." figureDoi="http://doi.org/10.5281/zenodo.4464696" httpUri="https://zenodo.org/record/4464696/files/figure.png" pageId="34" pageNumber="35">fig. 158</figureCitation>
): Length 
<quantity box="[474,561,1988,2015]" metricMagnitude="-3" metricUnit="m" metricValue="9.3" pageId="34" pageNumber="35" unit="mm" value="9.3">9.3 mm</quantity>
, width 
<quantity box="[643,731,1988,2015]" metricMagnitude="-3" metricUnit="m" metricValue="3.3" pageId="34" pageNumber="35" unit="mm" value="3.3">3.3 mm</quantity>
, length/width = 2.8. Light brownish fumose, rather narrow and a little pointed. Veins brown, pterostigma oval, brown, quite distinctive. Humeral vein present. Subcosta running close to R but distinctive. 
<collectingRegion box="[453,517,187,213]" country="New Zealand" name="West Coast" pageId="35" pageNumber="36">Costa</collectingRegion>
extends to a little beyond apex of R 
<subScript attach="left" box="[937,963,205,219]" fontSize="6" pageId="35" pageNumber="36">4+5</subScript>
. R 
<subScript attach="left" box="[998,1023,205,219]" fontSize="6" pageId="35" pageNumber="36">2+3</subScript>
oblique, gently, evenly curved. R 
<subScript attach="left" box="[1411,1437,205,219]" fontSize="6" pageId="35" pageNumber="36">4+5</subScript>
apically gently curved. R-M vertical. Fork of M asymmetrical, rounded. CuA 
<subScript attach="both" box="[1014,1022,241,255]" fontSize="6" pageId="35" pageNumber="36">2</subScript>
apically distinctly curved basad. CuP fine, curved, running some distance from CuA and parallel to this vein. Vein measurements are given in 
<tableCitation box="[1318,1404,259,285]" captionStart="TABLE 4" captionStartId="21.[151,239,588,614]" captionText="TABLE 4. Wing vein measurements, genus Plecia" pageId="35" pageNumber="36">Table 4</tableCitation>
.
</paragraph>
<paragraph blockId="35.[151,1437,151,501]" box="[199,635,294,321]" pageId="35" pageNumber="36">
Abdomen: 
<quantity box="[324,410,294,321]" metricMagnitude="-3" metricUnit="m" metricValue="5.8" pageId="35" pageNumber="36" unit="mm" value="5.8">5.8 mm</quantity>
long, 
<quantity box="[481,567,295,321]" metricMagnitude="-3" metricUnit="m" metricValue="2.4" pageId="35" pageNumber="36" unit="mm" value="2.4">2.4 mm</quantity>
wide.
</paragraph>
</subSubSection>
<subSubSection pageId="35" pageNumber="36" type="discussion">
<paragraph blockId="35.[151,1437,151,501]" box="[199,333,330,357]" pageId="35" pageNumber="36">
<emphasis bold="true" box="[199,325,330,356]" pageId="35" pageNumber="36">Discussion</emphasis>
:
</paragraph>
<paragraph blockId="35.[151,1437,151,501]" pageId="35" pageNumber="36">
This name obviously has meant different things to different authors. 
<taxonomicName authority="sensu Statz" authorityName="Heyden &amp; Heyden sensu Statz" authorityYear="1943" box="[960,1262,367,393]" class="Insecta" family="Bibionidae" genus="Plecia" kingdom="Animalia" order="Diptera" pageId="35" pageNumber="36" phylum="Arthropoda" rank="species" species="rhenana">
<emphasis box="[960,1131,367,393]" italics="true" pageId="35" pageNumber="36">Plecia rhenana</emphasis>
sensu Statz
</taxonomicName>
is not 
<taxonomicName authority="Heyden &amp; Heyden. It" authorityName="Heyden &amp; Heyden. It" authorityYear="1865" class="Insecta" family="Bibionidae" genus="Plecia" kingdom="Animalia" order="Diptera" pageId="35" pageNumber="36" phylum="Arthropoda" rank="species" species="rhenana">
<emphasis italics="true" pageId="35" pageNumber="36">P. rhenana</emphasis>
Heyden &amp; Heyden.
</taxonomicName>
It differs from the 
<typeStatus box="[623,721,403,429]" pageId="35" pageNumber="36">holotype</typeStatus>
in having darkened, not hyaline, wings, being much larger and having a pseudovein along CuA.The 
<typeStatus box="[572,670,439,465]" pageId="35" pageNumber="36">holotype</typeStatus>
female has a wing length of 
<quantity box="[999,1088,439,465]" metricMagnitude="-3" metricUnit="m" metricValue="9.3" pageId="35" pageNumber="36" unit="mm" value="9.3">9.3 mm</quantity>
, whereas a specimen of 
<taxonomicName authority="sensu Statz" authorityName="Heyden &amp; Heyden sensu Statz" authorityYear="1943" class="Insecta" family="Bibionidae" genus="Plecia" kingdom="Animalia" order="Diptera" pageId="35" pageNumber="36" phylum="Arthropoda" rank="species" species="rhenana">
<emphasis italics="true" pageId="35" pageNumber="36">Plecia rhenana</emphasis>
sensu Statz
</taxonomicName>
is a very large 
<taxonomicName box="[548,620,475,501]" class="Insecta" family="Bibionidae" genus="Plecia" kingdom="Animalia" order="Diptera" pageId="35" pageNumber="36" phylum="Arthropoda" rank="genus">
<emphasis box="[548,620,475,501]" italics="true" pageId="35" pageNumber="36">Plecia</emphasis>
</taxonomicName>
with a wing length of 
<quantity box="[873,976,475,501]" metricMagnitude="-2" metricUnit="m" metricValue="1.3699999999999999" pageId="35" pageNumber="36" unit="mm" value="13.7">13.7 mm</quantity>
.
</paragraph>
</subSubSection>
</treatment>
</document>