<document ID-DOI="http://doi.org/10.5281/zenodo.4771787" ID-ISSN="1175-5326" ID-Zenodo-Dep="4771787" ID-ZooBank="42EB4BF2-A571-4894-9EEF-783649A27E4F" _generate="added" approvalRequired="97" approvalRequired_for_bibRefs="1" approvalRequired_for_document="1" approvalRequired_for_illustrations="5" approvalRequired_for_matCits="13" approvalRequired_for_taxonomicNames="3" approvalRequired_for_textStreams="51" approvalRequired_for_treatments="23" checkinTime="1621409551899" checkinUser="plazi" docAuthor="Páll-Gergely, Barna, Hunyadi, András, Grego, Jozef, Reischütz, Alexander &amp; Auffenberg, Kurt" docDate="2021" docId="038487E62F05241DFF12B589FD88FDCE" docLanguage="en" docName="zootaxa.4973.1.1.pdf" docOrigin="Zootaxa 4973 (1)" docStyle="DocumentStyle:5EBBA59367AD13919D70D935FA04F6A3.8:Zootaxa.2013-.monograph" docStyleId="5EBBA59367AD13919D70D935FA04F6A3" docStyleName="Zootaxa.2013-.monograph" docStyleVersion="8" docTitle="Dicharax omissus" docType="treatment" docVersion="3" lastPageId="39" lastPageNumber="40" masterDocId="FFBDFF9E2F20243AFF85B51EFF9BFFD8" masterDocTitle="Nineteen new species of Alycaeidae from Myanmar and Thailand (Gastropoda: Caenogastropoda: Cyclophoroidea)" masterLastPageNumber="61" masterPageNumber="1" pageId="37" pageNumber="38" updateTime="1621416025916" updateUser="ExternalLinkService">
<mods:mods xmlns:mods="http://www.loc.gov/mods/v3">
<mods:titleInfo>
<mods:title>Nineteen new species of Alycaeidae from Myanmar and Thailand (Gastropoda: Caenogastropoda: Cyclophoroidea)</mods:title>
</mods:titleInfo>
<mods:name type="personal">
<mods:role>
<mods:roleTerm>Author</mods:roleTerm>
</mods:role>
<mods:namePart>Páll-Gergely, Barna</mods:namePart>
</mods:name>
<mods:name type="personal">
<mods:role>
<mods:roleTerm>Author</mods:roleTerm>
</mods:role>
<mods:namePart>Hunyadi, András</mods:namePart>
<mods:nameIdentifier type="ORCID">0000-0003-3488-2817</mods:nameIdentifier>
<mods:nameIdentifier type="email">hunand@freemail.hu</mods:nameIdentifier>
</mods:name>
<mods:name type="personal">
<mods:role>
<mods:roleTerm>Author</mods:roleTerm>
</mods:role>
<mods:namePart>Grego, Jozef</mods:namePart>
<mods:nameIdentifier type="ORCID">0000-0002-4977-0415</mods:nameIdentifier>
<mods:nameIdentifier type="email">jozef.grego@gmail.com</mods:nameIdentifier>
</mods:name>
<mods:name type="personal">
<mods:role>
<mods:roleTerm>Author</mods:roleTerm>
</mods:role>
<mods:namePart>Reischütz, Alexander</mods:namePart>
<mods:nameIdentifier type="ORCID">0000-0002-8844-7004</mods:nameIdentifier>
<mods:nameIdentifier type="email">alexander.reischuetz@gmx.at</mods:nameIdentifier>
</mods:name>
<mods:name type="personal">
<mods:role>
<mods:roleTerm>Author</mods:roleTerm>
</mods:role>
<mods:namePart>Auffenberg, Kurt</mods:namePart>
<mods:nameIdentifier type="ORCID">0000-0001-9660-6776</mods:nameIdentifier>
<mods:nameIdentifier type="email">kurtauffenberg@gmail.com</mods:nameIdentifier>
</mods:name>
<mods:typeOfResource>text</mods:typeOfResource>
<mods:relatedItem type="host">
<mods:titleInfo>
<mods:title>Zootaxa</mods:title>
</mods:titleInfo>
<mods:part>
<mods:date>2021</mods:date>
<mods:detail type="pubDate">
<mods:number>2021-05-18</mods:number>
</mods:detail>
<mods:detail type="volume">
<mods:number>4973</mods:number>
</mods:detail>
<mods:detail type="issue">
<mods:number>1</mods:number>
</mods:detail>
<mods:extent unit="page">
<mods:start>1</mods:start>
<mods:end>61</mods:end>
</mods:extent>
</mods:part>
</mods:relatedItem>
<mods:classification>journal article</mods:classification>
<mods:identifier type="DOI">https://doi.org/10.11646/zootaxa.4973.1.1</mods:identifier>
<mods:identifier type="ISSN">1175-5326</mods:identifier>
<mods:identifier type="Zenodo-Dep">4771958</mods:identifier>
<mods:identifier type="ZooBank">42EB4BF2-A571-4894-9EEF-783649A27E4F</mods:identifier>
</mods:mods>
<treatment ID-DOI="http://doi.org/10.5281/zenodo.4771787" ID-Zenodo-Dep="4771787" LSID="urn:lsid:plazi:treatment:038487E62F05241DFF12B589FD88FDCE" httpUri="http://treatment.plazi.org/id/038487E62F05241DFF12B589FD88FDCE" lastPageId="39" lastPageNumber="40" pageId="37" pageNumber="38">
<subSubSection box="[151,666,151,178]" pageId="37" pageNumber="38" type="nomenclature">
<paragraph blockId="37.[151,666,151,213]" box="[151,666,151,178]" pageId="37" pageNumber="38">
<heading bold="true" box="[151,666,151,178]" fontSize="11" level="2" pageId="37" pageNumber="38" reason="4">
<taxonomicName authority="(Godwin-Austen, 1914)" baseAuthorityName="Godwin-Austen" baseAuthorityYear="1914" box="[151,666,151,178]" class="Gastropoda" family="Cyclophoridae" genus="Dicharax" higherTaxonomySource="GBIF" kingdom="Animalia" order="Gastropoda" pageId="37" pageNumber="38" phylum="Mollusca" rank="species" species="omissus">
<emphasis bold="true" box="[151,666,151,178]" pageId="37" pageNumber="38">
<emphasis bold="true" box="[151,369,151,178]" italics="true" pageId="37" pageNumber="38">Dicharax omissus</emphasis>
(Godwin-Austen, 1914)
</emphasis>
</taxonomicName>
</heading>
</paragraph>
</subSubSection>
<subSubSection box="[151,277,187,213]" pageId="37" pageNumber="38" type="description">
<paragraph blockId="37.[151,666,151,213]" box="[151,277,187,213]" pageId="37" pageNumber="38">
<figureCitation box="[151,277,187,213]" captionStart-0="FIGURE 29" captionStart-1="FIGURE 30" captionStartId-0="37.[151,250,2011,2035]" captionStartId-1="38.[151,250,1418,1442]" captionTargetBox-0="[236,1351,792,1988]" captionTargetBox-1="[213,1373,181,1395]" captionTargetId-0="figure-249@37.[236,1351,792,1988]" captionTargetId-1="figure-26@38.[213,1373,181,1395]" captionTargetPageId-0="37" captionTargetPageId-1="38" captionText-0="FIGURE 29. Dicharax omissus (Godwin-Austen, 1914). A: lectotype (NHMUK 1903.7.1.1228.1); B: site 2018/35." captionText-1="FIGURE 30. Dicharax omissus (Godwin-Austen, 1914). A: site 2015/08 (coll. HA); B: site 2015/12 (coll. HA)." figureDoi-0="http://doi.org/10.5281/zenodo.4772025" figureDoi-1="http://doi.org/10.5281/zenodo.4772027" httpUri-0="https://zenodo.org/record/4772025/files/figure.png" httpUri-1="https://zenodo.org/record/4772027/files/figure.png" pageId="37" pageNumber="38">Figs 29–30</figureCitation>
</paragraph>
</subSubSection>
<subSubSection pageId="37" pageNumber="38" type="reference_group">
<paragraph blockId="37.[151,803,250,305]" box="[151,803,250,274]" pageId="37" pageNumber="38">
<taxonomicName authority="Godwin-Austen, 1914: 411" authorityName="Godwin-Austen" authorityPageNumber="411" authorityYear="1914" box="[151,606,250,274]" class="Gastropoda" family="Cyclophoridae" genus="Alycaeus" higherTaxonomySource="GBIF,CoL" kingdom="Animalia" order="Architaenioglossa" pageId="37" pageNumber="38" phylum="Mollusca" rank="species" species="omissus">
<emphasis box="[151,322,250,274]" italics="true" pageId="37" pageNumber="38">Alycaeus omissus</emphasis>
Godwin-Austen, 1914: 411
</taxonomicName>
, Plate 155, 
<figureCitation box="[724,799,250,274]" captionStart="FIGURE 13" captionStartId="19.[151,250,1858,1882]" captionTargetBox="[151,1436,597,1835]" captionTargetId="figure-179@19.[151,1436,597,1835]" captionTargetPageId="19" captionText="FIGURE 13. Chamalycaeus spiratus Páll-Gergely, n. sp., holotype (UF 279157)." figureDoi="http://doi.org/10.5281/zenodo.4771988" httpUri="https://zenodo.org/record/4771988/files/figure.png" pageId="37" pageNumber="38">Fig. 13</figureCitation>
.
</paragraph>
<paragraph blockId="37.[151,803,250,305]" box="[151,703,281,305]" pageId="37" pageNumber="38">
<treatmentCitationGroup box="[151,703,281,305]" pageId="37" pageNumber="38">
<taxonomicName authorityName="Godwin-Austen" authorityYear="1914" box="[151,494,281,305]" class="Gastropoda" family="Cyclophoridae" genus="Alycaeus" higherTaxonomySource="GBIF,CoL" kingdom="Animalia" order="Architaenioglossa" pageId="37" pageNumber="38" phylum="Mollusca" rank="species" species="omissus" subGenus="Chamalycaeus">
<emphasis box="[151,235,281,305]" italics="true" pageId="37" pageNumber="38">Alycaeus</emphasis>
(
<emphasis box="[250,399,281,305]" italics="true" pageId="37" pageNumber="38">Chamalycaeus</emphasis>
) 
<emphasis box="[414,494,282,305]" italics="true" pageId="37" pageNumber="38">omissus</emphasis>
</taxonomicName>
— 
<treatmentCitation author="Gude, G. K." box="[533,699,281,305]" page="231" pageId="37" pageNumber="38" year="1921">
<bibRefCitation author="Gude, G. K." box="[533,699,281,305]" pageId="37" pageNumber="38" refId="ref25109" refString="Gude, G. K. (1921) The Fauna of British India including Ceylon and Burma. Mollusca. III. Land operculates (Cyclophoridae, Truncatellidae, Assimineidae, Helicinidae). Taylor and Francis, London, 386 pp. https: // doi. org / 10.5962 / bhl. title. 12890" type="book" year="1921">Gude 1921: 231</bibRefCitation>
</treatmentCitation>
.
</treatmentCitationGroup>
</paragraph>
</subSubSection>
<subSubSection lastPageId="38" lastPageNumber="39" pageId="37" pageNumber="38" type="materials_examined">
<paragraph blockId="37.[151,1436,345,768]" pageId="37" pageNumber="38">
<emphasis bold="true" box="[151,383,345,371]" pageId="37" pageNumber="38">Material examined.</emphasis>
<materialsCitation collectionCode="NHMUK" collectorName="Woodthorpe" country="Thailand" location="Siam" pageId="37" pageNumber="38" specimenCode="NHMUK 1903.7" specimenCount="1" typeStatus="lectotype">
<emphasis bold="true" box="[389,507,346,372]" pageId="37" pageNumber="38">
<typeStatus box="[389,507,346,372]" pageId="37" pageNumber="38">Lectotype</typeStatus>
</emphasis>
(hereby designated): 1 shell, “ 
<collectingCountry box="[842,902,346,372]" name="Thailand" pageId="37" pageNumber="38">Siam</collectingCountry>
&amp; Shan boundary, coll. 
<collectorName box="[1168,1312,346,372]" pageId="37" pageNumber="38">Woodthorpe</collectorName>
”, 
<specimenCode collectionCode="NHMUK" country="United Kingdom" httpUri="http://biocol.org/urn:lsid:biocol.org:col:34665" lsid="urn:lsid:biocol.org:col:34665" name="Natural History Museum, London" pageId="37" pageNumber="38" type="Museum">NHMUK 1903.7</specimenCode>
.1.1228.1
</materialsCitation>
. 
<materialsCitation box="[350,1125,382,408]" collectionCode="NHMUK" collectorName="Woodthorpe" country="Thailand" location="Siam" pageId="37" pageNumber="38" specimenCode="NHMUK 1903.7" specimenCount="1" typeStatus="paralectotype">
<typeStatus box="[350,507,382,408]" pageId="37" pageNumber="38">Paralectotype</typeStatus>
: 1 shell, same data as for lectotype, 
<specimenCode box="[929,1125,382,408]" collectionCode="NHMUK" country="United Kingdom" httpUri="http://biocol.org/urn:lsid:biocol.org:col:34665" lsid="urn:lsid:biocol.org:col:34665" name="Natural History Museum, London" pageId="37" pageNumber="38" type="Museum">NHMUK 1903.7</specimenCode>
</materialsCitation>
.1.1228. 
<emphasis bold="true" box="[1222,1413,381,407]" pageId="37" pageNumber="38">Other material:</emphasis>
<materialsCitation collectingDate="2018-10-06" collectionCode="HA" collectorName="A. Hunyadi &amp; K. Okubo &amp; J. U. Otani" country="Myanmar" elevation="1110" latitude="20.817133" location="Namsang" longLatPrecision="1" longitude="97.22448" municipality="Hopong" pageId="37" pageNumber="38" specimenCount="1" stateProvince="Shan">
1 shell (
<figureCitation box="[221,360,418,444]" captionStart="FIGURE 29" captionStartId="37.[151,250,2011,2035]" captionTargetBox="[236,1351,792,1988]" captionTargetId="figure-249@37.[236,1351,792,1988]" captionTargetPageId="37" captionText="FIGURE 29. Dicharax omissus (Godwin-Austen, 1914). A: lectotype (NHMUK 1903.7.1.1228.1); B: site 2018/35." figureDoi="http://doi.org/10.5281/zenodo.4772025" httpUri="https://zenodo.org/record/4772025/files/figure.png" pageId="37" pageNumber="38">Fig. 29B, D</figureCitation>
: 
<quantity box="[372,476,418,444]" metricMagnitude="-3" metricUnit="m" metricValue="2.94" pageId="37" pageNumber="38" unit="mm" value="2.94">2.94 mm</quantity>
, H: 
<quantity box="[525,627,418,444]" metricMagnitude="-3" metricUnit="m" metricValue="1.94" pageId="37" pageNumber="38" unit="mm" value="1.94">1.94 mm</quantity>
) + 10 shells, 
<collectingCountry box="[783,894,418,444]" name="Myanmar" pageId="37" pageNumber="38">Myanmar</collectingCountry>
, 
<collectingRegion box="[906,1029,418,444]" country="Myanmar" name="Shan" pageId="37" pageNumber="38">Shan State</collectingRegion>
, 
<collectingMunicipality box="[1041,1131,418,444]" pageId="37" pageNumber="38">Hopong</collectingMunicipality>
centre 
<quantity box="[1216,1297,418,445]" metricMagnitude="3" metricUnit="m" metricValue="5.8" pageId="37" pageNumber="38" unit="km" value="5.8">5.8 km</quantity>
— 
<location LSID="urn:lsid:plazi:treatment:038487E62F05241DFF12B589FD88FDCE:8EF2602B2F05241FFAABB4BCFA02FE64" box="[1326,1433,418,444]" country="Myanmar" latitude="20.817133" longLatPrecision="1" longitude="97.22448" municipality="Hopong" name="Namsang" pageId="37" pageNumber="38" stateProvince="Shan">Namsang</location>
, left side of rd. #4, near „Hopong Spring Cave”, 
<geoCoordinate box="[692,840,454,480]" degrees="20" direction="north" minutes="49.028" orientation="latitude" pageId="37" pageNumber="38" precision="1" value="20.817133">20°49.028’N</geoCoordinate>
, 
<geoCoordinate box="[852,997,454,480]" degrees="97" direction="east" minutes="13.469" orientation="longitude" pageId="37" pageNumber="38" precision="1" value="97.22448">97°13.469’E</geoCoordinate>
, 
<elevation box="[1009,1152,454,480]" metricMagnitude="3" metricUnit="m" metricValue="1.1099999999999999" pageId="37" pageNumber="38" unit="m" value="1110.0">
<quantity box="[1009,1092,454,480]" metricMagnitude="3" metricUnit="m" metricValue="1.1099999999999999" pageId="37" pageNumber="38" unit="m" value="1110.0">1110 m</quantity>
a.s.l.
</elevation>
(locality code: 2018/35), 
<date box="[151,299,490,516]" pageId="37" pageNumber="38" value="2018-10-06">
<collectingDate box="[151,299,490,516]" pageId="37" pageNumber="38" value="2018-10-06">06 Oct. 2018</collectingDate>
</date>
, 
<collectorName box="[309,442,490,516]" pageId="37" pageNumber="38">A. Hunyadi</collectorName>
, 
<collectorName box="[453,563,490,516]" pageId="37" pageNumber="38">K. Okubo</collectorName>
&amp; 
<collectorName box="[599,713,490,516]" pageId="37" pageNumber="38">J.U. Otani</collectorName>
leg., 
<collectionCode box="[775,819,490,516]" pageId="37" pageNumber="38">HA</collectionCode>
</materialsCitation>
; 
<materialsCitation collectingDate="2018-10-08" collectionCode="HA" collectorName="A. Hunyadi &amp; K. Okubo &amp; J. U. Otani" country="Myanmar" elevation="1110" latitude="20.787716" location="Hopong" longLatPrecision="1" longitude="97.137314" municipality="Taunggyi" pageId="37" pageNumber="38" specimenCount="1" stateProvince="Shan">
8 shells, 
<collectingCountry box="[928,1039,490,516]" name="Myanmar" pageId="37" pageNumber="38">Myanmar</collectingCountry>
, 
<collectingRegion box="[1050,1172,490,516]" country="Myanmar" name="Shan" pageId="37" pageNumber="38">Shan State</collectingRegion>
, 
<collectingMunicipality box="[1182,1287,490,516]" pageId="37" pageNumber="38">Taunggyi</collectingMunicipality>
centre ca. 
<quantity metricMagnitude="4" metricUnit="m" metricValue="1.6" pageId="37" pageNumber="38" unit="km" value="16.0">16 km</quantity>
— 
<location LSID="urn:lsid:plazi:treatment:038487E62F05241DFF12B589FD88FDCE:8EF2602B2F05241FFF5CB710FEAFFDF0" box="[217,308,526,552]" country="Myanmar" latitude="20.787716" longLatPrecision="1" longitude="97.137314" municipality="Taunggyi" name="Hopong" pageId="37" pageNumber="38" stateProvince="Shan">Hopong</location>
, rd. #4 N 
<quantity box="[413,493,526,553]" metricMagnitude="3" metricUnit="m" metricValue="1.5" pageId="37" pageNumber="38" unit="km" value="1.5">1.5 km</quantity>
, „Shwe Pyi Aunchonda” monastery, 
<geoCoordinate box="[899,1047,526,552]" degrees="20" direction="north" minutes="47.263" orientation="latitude" pageId="37" pageNumber="38" precision="1" value="20.787716">20°47.263’N</geoCoordinate>
, 
<geoCoordinate box="[1057,1188,526,552]" degrees="97" direction="east" minutes="8.239" orientation="longitude" pageId="37" pageNumber="38" precision="1" value="97.137314">97°8.239’E</geoCoordinate>
, 
<elevation box="[1198,1338,526,552]" metricMagnitude="3" metricUnit="m" metricValue="1.1099999999999999" pageId="37" pageNumber="38" unit="m" value="1110.0">
<quantity box="[1198,1280,526,552]" metricMagnitude="3" metricUnit="m" metricValue="1.1099999999999999" pageId="37" pageNumber="38" unit="m" value="1110.0">1110 m</quantity>
a.s.l.
</elevation>
(locality code: 2018/46), 
<date box="[334,482,562,588]" pageId="37" pageNumber="38" value="2018-10-08">
<collectingDate box="[334,482,562,588]" pageId="37" pageNumber="38" value="2018-10-08">08 Oct. 2018</collectingDate>
</date>
, 
<collectorName box="[492,625,562,588]" pageId="37" pageNumber="38">A. Hunyadi</collectorName>
, 
<collectorName box="[636,746,562,588]" pageId="37" pageNumber="38">K. Okubo</collectorName>
&amp; 
<collectorName box="[782,896,562,588]" pageId="37" pageNumber="38">J.U. Otani</collectorName>
leg., 
<collectionCode box="[959,1003,562,588]" pageId="37" pageNumber="38">HA</collectionCode>
</materialsCitation>
; 
<materialsCitation collectingDate="2015-02-08" collectionCode="HA" collectorName="A. Hunyadi" country="Thailand" elevation="500" latitude="19.5653" location="1.2 km N of Wat Tham Klaeb" longLatPrecision="1" longitude="99.0615" pageId="37" pageNumber="38" specimenCount="1" stateProvince="Chiang Mai">
1 shell (
<figureCitation box="[1103,1242,562,588]" captionStart="FIGURE 30" captionStartId="38.[151,250,1418,1442]" captionTargetBox="[213,1373,181,1395]" captionTargetId="figure-26@38.[213,1373,181,1395]" captionTargetPageId="38" captionText="FIGURE 30. Dicharax omissus (Godwin-Austen, 1914). A: site 2015/08 (coll. HA); B: site 2015/12 (coll. HA)." figureDoi="http://doi.org/10.5281/zenodo.4772027" httpUri="https://zenodo.org/record/4772027/files/figure.png" pageId="37" pageNumber="38">Fig. 30A, D</figureCitation>
: 
<quantity box="[1253,1355,562,588]" metricMagnitude="-3" metricUnit="m" metricValue="2.81" pageId="37" pageNumber="38" unit="mm" value="2.81">2.81 mm</quantity>
, H: 
<quantity metricMagnitude="-3" metricUnit="m" metricValue="1.8" pageId="37" pageNumber="38" unit="mm" value="1.8">1.8 mm</quantity>
) + 7 shells, 
<collectingCountry box="[333,435,598,624]" name="Thailand" pageId="37" pageNumber="38">Thailand</collectingCountry>
, 
<collectingRegion box="[446,689,598,624]" country="Thailand" name="Chiang Mai" pageId="37" pageNumber="38">Chiang Mai Province</collectingRegion>
, 
<location LSID="urn:lsid:plazi:treatment:038487E62F05241DFF12B589FD88FDCE:8EF2602B2F05241FFD39B748FB97FDA8" box="[700,1036,598,624]" country="Thailand" latitude="19.5653" longLatPrecision="1" longitude="99.0615" name="1.2 km N of Wat Tham Klaeb" pageId="37" pageNumber="38" stateProvince="Chiang Mai">
<quantity box="[700,778,598,624]" metricMagnitude="3" metricUnit="m" metricValue="1.2" pageId="37" pageNumber="38" unit="km" value="1.2">1.2 km</quantity>
N of Wat Tham Klaeb
</location>
, 
<quantity box="[1047,1118,598,625]" metricMagnitude="2" metricUnit="m" metricValue="5.0" pageId="37" pageNumber="38" unit="m" value="500.0">
<elevation box="[1047,1118,598,625]" metricMagnitude="2" metricUnit="m" metricValue="5.0" pageId="37" pageNumber="38" unit="m" value="500.0">500 m</elevation>
</quantity>
side road from the junction, 
<geoCoordinate box="[151,299,634,660]" degrees="19" direction="north" minutes="33.918" orientation="latitude" pageId="37" pageNumber="38" precision="1" value="19.5653">19°33.918’N</geoCoordinate>
, 
<geoCoordinate box="[312,444,634,660]" degrees="99" direction="east" minutes="3.690" orientation="longitude" pageId="37" pageNumber="38" precision="1" value="99.0615">99°3.690’E</geoCoordinate>
, 
<elevation box="[456,589,634,661]" metricMagnitude="2" metricUnit="m" metricValue="6.5" pageId="37" pageNumber="38" unit="m" value="650.0">
<quantity box="[456,528,634,661]" metricMagnitude="2" metricUnit="m" metricValue="6.5" pageId="37" pageNumber="38" unit="m" value="650.0">650 m</quantity>
a.s.l.
</elevation>
(locality code: 2015/08), 
<date box="[883,1036,634,661]" pageId="37" pageNumber="38" value="2015-02-08">
<collectingDate box="[883,1036,634,661]" pageId="37" pageNumber="38" value="2015-02-08">08 Feb. 2015</collectingDate>
</date>
, 
<collectorName box="[1046,1178,634,660]" pageId="37" pageNumber="38">A. Hunyadi</collectorName>
leg., 
<collectionCode box="[1243,1287,634,660]" pageId="37" pageNumber="38">HA</collectionCode>
</materialsCitation>
; 
<materialsCitation collectingDate="2015-02-09" collectionCode="HA" collectorName="A. Hunyadi" country="Thailand" elevation="800" latitude="19.565466" location="Buddhist" longLatPrecision="1" longitude="98.2799" municipality="Tham Nam Lod" pageId="37" pageNumber="38" specimenCount="1" stateProvince="Mae Hong Son">
1 shell (
<figureCitation captionStart="FIGURE 30" captionStartId="38.[151,250,1418,1442]" captionTargetBox="[213,1373,181,1395]" captionTargetId="figure-26@38.[213,1373,181,1395]" captionTargetPageId="38" captionText="FIGURE 30. Dicharax omissus (Godwin-Austen, 1914). A: site 2015/08 (coll. HA); B: site 2015/12 (coll. HA)." figureDoi="http://doi.org/10.5281/zenodo.4772027" httpUri="https://zenodo.org/record/4772027/files/figure.png" pageId="37" pageNumber="38">Fig. 30B, D</figureCitation>
: 
<quantity box="[247,349,670,696]" metricMagnitude="-3" metricUnit="m" metricValue="2.69" pageId="37" pageNumber="38" unit="mm" value="2.69">2.69 mm</quantity>
, H: 
<quantity box="[395,496,670,697]" metricMagnitude="-3" metricUnit="m" metricValue="1.75" pageId="37" pageNumber="38" unit="mm" value="1.75">1.75 mm</quantity>
) + 2 shells, 
<collectingCountry box="[631,733,670,696]" name="Thailand" pageId="37" pageNumber="38">Thailand</collectingCountry>
, 
<collectingRegion box="[745,1023,670,696]" country="Thailand" name="Mae Hong Son" pageId="37" pageNumber="38">Mae Hong Son Province</collectingRegion>
, 
<quantity box="[1034,1105,670,696]" metricMagnitude="2" metricUnit="m" metricValue="8.0" pageId="37" pageNumber="38" unit="m" value="800.0">
<elevation box="[1034,1105,670,696]" metricMagnitude="2" metricUnit="m" metricValue="8.0" pageId="37" pageNumber="38" unit="m" value="800.0">800 m</elevation>
</quantity>
from 
<collectingMunicipality box="[1173,1351,670,696]" pageId="37" pageNumber="38">Tham Nam Lod</collectingMunicipality>
toward the 
<location LSID="urn:lsid:plazi:treatment:038487E62F05241DFF12B589FD88FDCE:8EF2602B2F05241FFF47B7DCFEBCFD04" box="[194,295,706,732]" country="Thailand" latitude="19.565466" longLatPrecision="1" longitude="98.2799" municipality="Tham Nam Lod" name="Buddhist" pageId="37" pageNumber="38" stateProvince="Mae Hong Son">Buddhist</location>
temple, 
<geoCoordinate box="[395,542,706,732]" degrees="19" direction="north" minutes="33.928" orientation="latitude" pageId="37" pageNumber="38" precision="1" value="19.565466">19°33.928’N</geoCoordinate>
, 
<geoCoordinate box="[556,701,706,732]" degrees="98" direction="east" minutes="16.794" orientation="longitude" pageId="37" pageNumber="38" precision="1" value="98.2799">98°16.794’E</geoCoordinate>
, 
<elevation box="[713,846,706,733]" metricMagnitude="2" metricUnit="m" metricValue="6.5" pageId="37" pageNumber="38" unit="m" value="650.0">
<quantity box="[713,786,706,733]" metricMagnitude="2" metricUnit="m" metricValue="6.5" pageId="37" pageNumber="38" unit="m" value="650.0">650 m</quantity>
a.s.l.
</elevation>
(locality code: 2015/12), 
<date box="[1141,1294,706,733]" pageId="37" pageNumber="38" value="2015-02-09">
<collectingDate box="[1141,1294,706,733]" pageId="37" pageNumber="38" value="2015-02-09">09 Feb. 2015</collectingDate>
</date>
, 
<collectorName box="[1304,1436,706,732]" pageId="37" pageNumber="38">A. Hunyadi</collectorName>
leg., 
<collectionCode box="[206,250,742,768]" pageId="37" pageNumber="38">HA</collectionCode>
</materialsCitation>
.
</paragraph>
<caption ID-DOI="http://doi.org/10.5281/zenodo.4772025" ID-Zenodo-Dep="4772025" box="[151,1326,2011,2035]" httpUri="https://zenodo.org/record/4772025/files/figure.png" pageId="37" pageNumber="38" startId="37.[151,250,2011,2035]" targetBox="[236,1351,792,1988]" targetPageId="37">
<paragraph blockId="37.[151,1326,2011,2035]" box="[151,1326,2011,2035]" pageId="37" pageNumber="38">
<emphasis bold="true" box="[151,288,2011,2035]" pageId="37" pageNumber="38">FIGURE 29.</emphasis>
<taxonomicName authority="(Godwin-Austen, 1914)" baseAuthorityName="Godwin-Austen" baseAuthorityYear="1914" box="[294,728,2011,2035]" class="Gastropoda" family="Cyclophoridae" genus="Dicharax" higherTaxonomySource="GBIF" kingdom="Animalia" order="Gastropoda" pageId="37" pageNumber="38" phylum="Mollusca" rank="species" species="omissus">
<emphasis box="[294,476,2011,2035]" italics="true" pageId="37" pageNumber="38">Dicharax omissus</emphasis>
(Godwin-Austen, 1914)
</taxonomicName>
. A: lectotype (NHMUK 1903.7.1.1228.1); B: site 2018/35.
</paragraph>
</caption>
<caption ID-DOI="http://doi.org/10.5281/zenodo.4772027" ID-Zenodo-Dep="4772027" box="[151,1288,1418,1443]" httpUri="https://zenodo.org/record/4772027/files/figure.png" pageId="38" pageNumber="39" startId="38.[151,250,1418,1442]" targetBox="[213,1373,181,1395]" targetPageId="38">
<paragraph blockId="38.[151,1288,1418,1443]" box="[151,1288,1418,1443]" pageId="38" pageNumber="39">
<emphasis bold="true" box="[151,288,1418,1443]" pageId="38" pageNumber="39">FIGURE 30.</emphasis>
<taxonomicName authority="(Godwin-Austen, 1914)" baseAuthorityName="Godwin-Austen" baseAuthorityYear="1914" box="[294,728,1419,1443]" class="Gastropoda" family="Cyclophoridae" genus="Dicharax" higherTaxonomySource="GBIF" kingdom="Animalia" order="Gastropoda" pageId="38" pageNumber="39" phylum="Mollusca" rank="species" species="omissus">
<emphasis box="[294,476,1419,1443]" italics="true" pageId="38" pageNumber="39">Dicharax omissus</emphasis>
(Godwin-Austen, 1914)
</taxonomicName>
. A: site 2015/08 (coll. HA); B: site 2015/12 (coll. HA).
</paragraph>
</caption>
<paragraph blockId="38.[151,1437,1489,2019]" box="[199,678,1489,1515]" pageId="38" pageNumber="39">
<materialsCitation box="[199,674,1489,1515]" country="Thailand" location="Shan" pageId="38" pageNumber="39" specimenCount="1" typeStatus="holotype">
<emphasis bold="true" box="[199,358,1489,1515]" pageId="38" pageNumber="39">
<typeStatus box="[199,258,1489,1515]" pageId="38" pageNumber="39">Type</typeStatus>
locality.
</emphasis>
“ 
<collectingCountry box="[374,434,1489,1515]" name="Thailand" pageId="38" pageNumber="39">Siam</collectingCountry>
and 
<location LSID="urn:lsid:plazi:treatment:038487E62F05241DFF12B589FD88FDCE:8EF2602B2F06241CFE6CB0CFFDBAFA33" box="[489,545,1489,1515]" country="Thailand" name="Shan" pageId="38" pageNumber="39">Shan</location>
boundary”
</materialsCitation>
.
</paragraph>
</subSubSection>
<subSubSection pageId="38" pageNumber="39" type="diagnosis">
<paragraph blockId="38.[151,1437,1489,2019]" pageId="38" pageNumber="39">
<emphasis bold="true" box="[199,322,1525,1551]" pageId="38" pageNumber="39">Diagnosis.</emphasis>
A variable 
<taxonomicName box="[452,646,1525,1551]" class="Gastropoda" family="Cyclophoridae" genus="Dicharax" kingdom="Animalia" order="Gastropoda" pageId="38" pageNumber="39" phylum="Mollusca" rank="species" species="undetermined">
<emphasis box="[452,558,1525,1551]" italics="true" pageId="38" pageNumber="39">Dicharax</emphasis>
species
</taxonomicName>
with a relatively densely, regularly ribbed R1, rarely with spiral striation, dense R2 ribs, a rounded central swelling on R3, and an expanded, but not reflected outer peristome.
</paragraph>
</subSubSection>
<subSubSection pageId="38" pageNumber="39" type="description">
<paragraph blockId="38.[151,1437,1489,2019]" pageId="38" pageNumber="39">
<emphasis bold="true" box="[199,382,1597,1623]" pageId="38" pageNumber="39">Measurements.</emphasis>
D: 
<quantity box="[426,592,1597,1624]" metricMagnitude="-3" metricUnit="m" metricValue="2.695" metricValueMax="2.87" metricValueMin="2.52" pageId="38" pageNumber="39" unit="mm" value="2.695" valueMax="2.87" valueMin="2.52">2.52–2.87 mm</quantity>
, H: 
<quantity box="[641,805,1597,1623]" metricMagnitude="-3" metricUnit="m" metricValue="1.7999999999999998" metricValueMax="1.89" metricValueMin="1.71" pageId="38" pageNumber="39" unit="mm" value="1.7999999999999998" valueMax="1.89" valueMin="1.71">1.71–1.89 mm</quantity>
(2018/08 and 2015/12); D: 
<quantity box="[1123,1289,1597,1623]" metricMagnitude="-3" metricUnit="m" metricValue="3.06" metricValueMax="3.23" metricValueMin="2.89" pageId="38" pageNumber="39" unit="mm" value="3.06" valueMax="3.23" valueMin="2.89">2.89–3.23 mm</quantity>
, H: 
<quantity metricMagnitude="-3" metricUnit="m" metricValue="2.09" metricValueMax="2.3" metricValueMin="1.88" pageId="38" pageNumber="39" unit="mm" value="2.09" valueMax="2.3" valueMin="1.88">1.88–2.3 mm</quantity>
(2018/35 and 2015/46).
</paragraph>
</subSubSection>
<subSubSection pageId="38" pageNumber="39" type="diagnosis">
<paragraph blockId="38.[151,1437,1489,2019]" pageId="38" pageNumber="39">
<emphasis bold="true" box="[199,463,1669,1695]" pageId="38" pageNumber="39">Differential diagnosis.</emphasis>
Typical 
<taxonomicName baseAuthorityName="Godwin-Austen" baseAuthorityYear="1914" box="[561,736,1669,1695]" class="Gastropoda" family="Cyclophoridae" genus="Dicharax" higherTaxonomySource="GBIF" kingdom="Animalia" order="Gastropoda" pageId="38" pageNumber="39" phylum="Mollusca" rank="species" species="notus">
<emphasis box="[561,736,1669,1695]" italics="true" pageId="38" pageNumber="39">Dicharax notus</emphasis>
</taxonomicName>
and 
<taxonomicName baseAuthorityName="Godwin-Austen" baseAuthorityYear="1914" box="[791,916,1670,1695]" class="Gastropoda" family="Cyclophoridae" genus="Dicharax" higherTaxonomySource="GBIF" kingdom="Animalia" order="Gastropoda" pageId="38" pageNumber="39" phylum="Mollusca" rank="species" species="omissus">
<emphasis box="[791,916,1670,1695]" italics="true" pageId="38" pageNumber="39">D. omissus</emphasis>
</taxonomicName>
are very similar, and since only eroded specimens of the latter species were available, the distinction of these two species was somewhat questionable until newly collected material became available. These specimens reveal that 
<taxonomicName baseAuthorityName="Godwin-Austen" baseAuthorityYear="1914" box="[950,1044,1742,1767]" class="Gastropoda" family="Cyclophoridae" genus="Dicharax" higherTaxonomySource="GBIF" kingdom="Animalia" order="Gastropoda" pageId="38" pageNumber="39" phylum="Mollusca" rank="species" species="notus">
<emphasis box="[950,1044,1742,1767]" italics="true" pageId="38" pageNumber="39">D. notus</emphasis>
</taxonomicName>
is generally larger, R1 bears denser ribs (although some populations of 
<taxonomicName baseAuthorityName="Godwin-Austen" baseAuthorityYear="1914" box="[549,644,1778,1803]" class="Gastropoda" family="Cyclophoridae" genus="Dicharax" higherTaxonomySource="GBIF" kingdom="Animalia" order="Gastropoda" pageId="38" pageNumber="39" phylum="Mollusca" rank="species" species="notus">
<emphasis box="[549,644,1778,1803]" italics="true" pageId="38" pageNumber="39">D. notus</emphasis>
</taxonomicName>
have less dense R2 ribs), and its outer peristome is more reflected.
</paragraph>
</subSubSection>
<subSubSection pageId="38" pageNumber="39" type="distribution">
<paragraph blockId="38.[151,1437,1489,2019]" pageId="38" pageNumber="39">
<emphasis bold="true" box="[199,353,1813,1839]" pageId="38" pageNumber="39">Distribution.</emphasis>
<taxonomicName baseAuthorityName="Godwin-Austen" baseAuthorityYear="1914" box="[360,562,1813,1839]" class="Gastropoda" family="Cyclophoridae" genus="Dicharax" higherTaxonomySource="GBIF" kingdom="Animalia" order="Gastropoda" pageId="38" pageNumber="39" phylum="Mollusca" rank="species" species="omissus">
<emphasis box="[360,562,1813,1839]" italics="true" pageId="38" pageNumber="39">Dicharax omissus</emphasis>
</taxonomicName>
is known from the 
<collectingRegion box="[781,837,1813,1839]" country="Myanmar" name="Shan" pageId="38" pageNumber="39">Shan</collectingRegion>
States of 
<collectingCountry box="[949,1058,1813,1839]" name="Myanmar" pageId="38" pageNumber="39">Myanmar</collectingCountry>
and neighbouring Thai provinces of Chiang Mai and Mae Hong Son (
<bibRefCitation author="Jirapatrasilp, P. &amp; Pall-Gergely, B. &amp; Sutcharit, C. &amp; Tongkerd, P." box="[553,819,1849,1875]" pageId="38" pageNumber="39" pagination="1 - 20" refId="ref25421" refString="Jirapatrasilp, P., Pall-Gergely, B., Sutcharit, C. &amp; Tongkerd, P. (2021): The operculate micro land snail genus Dicharax Kobelt &amp; Mollendorff, 1900 (Caenogastropoda, Alycaeidae) in Thailand, with description of new species. Zoosystematics and Evolution, 97 (1), 1 - 20. https: // doi. org / 10.3897 / zse. 97.59143" type="journal article" year="2021">Jirapatrasilp et al. 2021</bibRefCitation>
; 
<figureCitation box="[831,914,1849,1875]" captionStart="FIGURE 28" captionStartId="35.[151,250,1569,1593]" captionTargetBox="[189,1398,642,1546]" captionTargetId="figure-50@35.[189,1398,642,1546]" captionTargetPageId="35" captionText="FIGURE 28. Distribution of Dicharax omissus (Godwin-Austen, 1914) (circles) and Dicharax notus (Godwin-Austen, 1914) (triangles). Sample codes correspond with those in the list of examined material and Tables 2 and 3." figureDoi="http://doi.org/10.5281/zenodo.4772023" httpUri="https://zenodo.org/record/4772023/files/figure.png" pageId="38" pageNumber="39">Fig. 28</figureCitation>
).
</paragraph>
</subSubSection>
<subSubSection lastPageId="39" lastPageNumber="40" pageId="38" pageNumber="39" type="discussion">
<paragraph blockId="38.[151,1437,1489,2019]" pageId="38" pageNumber="39">
<emphasis bold="true" box="[199,315,1885,1911]" pageId="38" pageNumber="39">Remarks.</emphasis>
The 
<typeStatus box="[374,472,1885,1911]" pageId="38" pageNumber="39">syntypes</typeStatus>
and the newly collected 4 samples (possibly 3 populations) show some variability in terms of the sculpture of R1 and R3, and the presence or absence of the notch at the basal portion of the aperture. However, all of these traits are rather minor and do not justify the distinction of species. The conchological differences of these populations are summarized in 
<tableCitation box="[666,751,1993,2019]" captionStart="TABLE 3" captionStartId="39.[151,239,152,176]" captionText="TABLE 3. Variation of shell characters of Dicharax omissus (Godwin-Austen, 1914)." pageId="38" pageNumber="39">Table 3</tableCitation>
.
</paragraph>
<caption box="[151,1104,152,177]" pageId="39" pageNumber="40" startId="39.[151,239,152,176]">
<paragraph blockId="39.[151,1104,152,177]" box="[151,1104,152,177]" pageId="39" pageNumber="40">
TABLE 3. Variation of shell characters of 
<taxonomicName authority="(Godwin-Austen, 1914)" baseAuthorityName="Godwin-Austen" baseAuthorityYear="1914" box="[629,1099,152,176]" class="Gastropoda" family="Cyclophoridae" genus="Dicharax" higherTaxonomySource="GBIF" kingdom="Animalia" order="Gastropoda" pageId="39" pageNumber="40" phylum="Mollusca" rank="species" species="omissus">
<emphasis bold="true" box="[629,827,152,176]" italics="true" pageId="39" pageNumber="40">Dicharax omissus</emphasis>
(Godwin-Austen, 1914)
</taxonomicName>
.
</paragraph>
</caption>
<paragraph pageId="39" pageNumber="40">
<table box="[163,1404,194,389]" gridcols="5" gridrows="5" pageId="39" pageNumber="40">
<tr box="[163,1404,194,219]" gridrow="0" pageId="39" pageNumber="40" rowspan-0="1">
<td box="[419,660,194,219]" gridcol="1" gridrow="0" pageId="39" pageNumber="40">
<emphasis bold="true" box="[419,572,194,219]" pageId="39" pageNumber="40">shell diameter</emphasis>
(in mm)
</td>
<td box="[709,938,194,219]" gridcol="2" gridrow="0" pageId="39" pageNumber="40">
<emphasis bold="true" box="[709,847,194,219]" pageId="39" pageNumber="40">R1 sculpture</emphasis>
</td>
<td box="[992,1131,194,219]" gridcol="3" gridrow="0" pageId="39" pageNumber="40">
<emphasis bold="true" box="[992,1131,194,219]" pageId="39" pageNumber="40">R3 sculpture</emphasis>
</td>
<td box="[1205,1404,194,219]" gridcol="4" gridrow="0" pageId="39" pageNumber="40">
<emphasis bold="true" box="[1205,1299,195,219]" pageId="39" pageNumber="40">aperture</emphasis>
</td>
</tr>
<tr box="[163,1404,240,264]" gridrow="1" pageId="39" pageNumber="40">
<td box="[163,341,240,264]" gridcol="0" gridrow="1" pageId="39" pageNumber="40">
typical 
<taxonomicName baseAuthorityName="Godwin-Austen" baseAuthorityYear="1914" box="[238,318,241,264]" class="Gastropoda" family="Cyclophoridae" genus="Dicharax" higherTaxonomySource="GBIF" kingdom="Animalia" order="Gastropoda" pageId="39" pageNumber="40" phylum="Mollusca" rank="species" species="omissus">
<emphasis box="[238,318,241,264]" italics="true" pageId="39" pageNumber="40">omissus</emphasis>
</taxonomicName>
</td>
<td box="[419,660,240,264]" gridcol="1" gridrow="1" pageId="39" pageNumber="40">?</td>
<td box="[709,938,240,264]" gridcol="2" gridrow="1" pageId="39" pageNumber="40">without spiral striation</td>
<td box="[992,1131,240,264]" gridcol="3" gridrow="1" pageId="39" pageNumber="40">smooth</td>
<td box="[1205,1404,240,264]" gridcol="4" gridrow="1" pageId="39" pageNumber="40">without basal notch</td>
</tr>
<tr box="[163,1404,281,306]" gridrow="2" pageId="39" pageNumber="40">
<td box="[163,341,281,306]" gridcol="0" gridrow="2" pageId="39" pageNumber="40">2015/08</td>
<td box="[419,660,281,306]" gridcol="1" gridrow="2" pageId="39" pageNumber="40">2.61–2.87</td>
<td box="[709,938,281,306]" gridcol="2" gridrow="2" pageId="39" pageNumber="40">without spiral striation</td>
<td box="[992,1131,281,306]" gridcol="3" gridrow="2" pageId="39" pageNumber="40">smooth</td>
<td box="[1205,1404,281,306]" gridcol="4" gridrow="2" pageId="39" pageNumber="40">with basal notch</td>
</tr>
<tr box="[163,1404,323,348]" gridrow="3" pageId="39" pageNumber="40">
<td box="[163,341,323,348]" gridcol="0" gridrow="3" pageId="39" pageNumber="40">2015/12</td>
<td box="[419,660,323,348]" gridcol="1" gridrow="3" pageId="39" pageNumber="40">2.52–2.84</td>
<td box="[709,938,323,348]" gridcol="2" gridrow="3" pageId="39" pageNumber="40">without spiral striation</td>
<td box="[992,1131,323,348]" gridcol="3" gridrow="3" pageId="39" pageNumber="40">finely ribbed</td>
<td box="[1205,1404,323,348]" gridcol="4" gridrow="3" pageId="39" pageNumber="40">with basal notch</td>
</tr>
<tr box="[163,1404,364,389]" gridrow="4" pageId="39" pageNumber="40">
<td box="[163,341,364,389]" gridcol="0" gridrow="4" pageId="39" pageNumber="40">2015/35, 2015/46</td>
<td box="[419,660,364,389]" gridcol="1" gridrow="4" pageId="39" pageNumber="40">2.89–3.23</td>
<td box="[709,938,364,389]" gridcol="2" gridrow="4" pageId="39" pageNumber="40">with spiral striation</td>
<td box="[992,1131,364,389]" gridcol="3" gridrow="4" pageId="39" pageNumber="40">finely ribbed</td>
<td box="[1205,1404,364,389]" gridcol="4" gridrow="4" pageId="39" pageNumber="40">without basal notch</td>
</tr>
</table>
</paragraph>
<paragraph blockId="39.[151,1436,436,534]" pageId="39" pageNumber="40">
The shells of the two samples from Hopong have some slight spiral striation on the R1, which is highly unusual in 
<taxonomicName authorityName="Kobelt &amp; Mollendorff" authorityYear="1900" box="[179,285,472,498]" class="Gastropoda" family="Cyclophoridae" genus="Dicharax" higherTaxonomySource="GBIF" kingdom="Animalia" order="Gastropoda" pageId="39" pageNumber="40" phylum="Mollusca" rank="genus">
<emphasis box="[179,285,472,498]" italics="true" pageId="39" pageNumber="40">Dicharax</emphasis>
</taxonomicName>
. The spiral striae of this species might not be homologous with those of other alycaeid genera, although this requires further investigation.
</paragraph>
</subSubSection>
</treatment>
</document>