<document ID-DOI="http://doi.org/10.5281/zenodo.4721075" ID-GBIF-Dataset="120db7ca-e885-4d5e-bc3d-83af0671f8d1" ID-ISSN="1638-9387" ID-Zenodo-Dep="4721075" ID-ZooBank="urn:lsid:zoobank.org:pub:2763DA07-4D8F-4CA2-BB63-E5BC26470296" _generate="added" checkinTime="1619445312570" checkinUser="felipe" docAuthor="Drolshagen, Bastian &amp; Bäckstam, Christian M." docDate="2021" docId="0386CD35FF9BFFA77458FC6A400B90BE" docLanguage="en" docName="Zoosystema.43.10.163-196.pdf.imf" docOrigin="Zoosystema 43 (10)" docStyle="DocumentStyle:5CC576F744449C1860B4E72ABD884631.3:Zoosystema.2020-.journal_article" docStyleId="5CC576F744449C1860B4E72ABD884631" docStyleName="Zoosystema.2020-.journal_article" docStyleVersion="3" docTitle="Linothele Karsch 1879" docType="treatment" docVersion="5" lastPageNumber="168" masterDocId="FFBFB54DFF9CFFA0757CFF9F44099755" masterDocTitle="A taxonomic review of the mygalomorph spider genus Linothele Karsch, 1879 (Araneae, Dipluridae)" masterLastPageNumber="196" masterPageNumber="163" pageId="7" pageNumber="168" updateTime="1619449755945" updateUser="ExternalLinkService" zenodo-license-document="CC0-1.0" zenodo-license-figures="CC0-1.0" zenodo-license-treatments="UNSPECIFIED">
<mods:mods xmlns:mods="http://www.loc.gov/mods/v3">
<mods:titleInfo>
<mods:title>A taxonomic review of the mygalomorph spider genus Linothele Karsch, 1879 (Araneae, Dipluridae)</mods:title>
</mods:titleInfo>
<mods:name type="personal">
<mods:role>
<mods:roleTerm>Author</mods:roleTerm>
</mods:role>
<mods:namePart>Drolshagen, Bastian</mods:namePart>
<mods:affiliation>Kolberger Strasse 12 F, 76139 Karlsruhe (Germany) bdrolshagen @ gmail. com</mods:affiliation>
<mods:nameIdentifier type="email">bdrolshagen@gmail.com</mods:nameIdentifier>
</mods:name>
<mods:name type="personal">
<mods:role>
<mods:roleTerm>Author</mods:roleTerm>
</mods:role>
<mods:namePart>Bäckstam, Christian M.</mods:namePart>
<mods:affiliation>Swedish Museum of Natural History, Department of Zoology, Box 50007, 104 05 Stockholm (Sweden) christian. backstam @ nrm. se</mods:affiliation>
<mods:nameIdentifier type="email">backstam@nrm.se</mods:nameIdentifier>
</mods:name>
<mods:typeOfResource>text</mods:typeOfResource>
<mods:relatedItem type="host">
<mods:titleInfo>
<mods:title>Zoosystema</mods:title>
</mods:titleInfo>
<mods:part>
<mods:date>2021</mods:date>
<mods:detail type="pubDate">
<mods:number>2021-04-20</mods:number>
</mods:detail>
<mods:detail type="volume">
<mods:number>43</mods:number>
</mods:detail>
<mods:detail type="issue">
<mods:number>10</mods:number>
</mods:detail>
<mods:extent unit="page">
<mods:start>163</mods:start>
<mods:end>196</mods:end>
</mods:extent>
</mods:part>
</mods:relatedItem>
<mods:classification>journal article</mods:classification>
<mods:identifier type="DOI">10.5252/zoosystema2021v43a10</mods:identifier>
<mods:identifier type="GBIF-Dataset">120db7ca-e885-4d5e-bc3d-83af0671f8d1</mods:identifier>
<mods:identifier type="ISSN">1638-9387</mods:identifier>
<mods:identifier type="Zenodo-Dep">4720674</mods:identifier>
<mods:identifier type="ZooBank">urn:lsid:zoobank.org:pub:2763DA07-4D8F-4CA2-BB63-E5BC26470296</mods:identifier>
</mods:mods>
<treatment ID-DOI="http://doi.org/10.5281/zenodo.4721075" ID-Zenodo-Dep="4721075" LSID="urn:lsid:plazi:treatment:0386CD35FF9BFFA77458FC6A400B90BE" httpUri="http://treatment.plazi.org/id/0386CD35FF9BFFA77458FC6A400B90BE" lastPageNumber="168" pageId="7" pageNumber="168">
<subSubSection box="[292,615,1012,1039]" pageId="7" pageNumber="168" type="nomenclature">
<paragraph blockId="7.[292,615,1012,1039]" box="[292,615,1012,1039]" pageId="7" pageNumber="168">
<heading box="[292,615,1012,1039]" centered="true" fontSize="11" level="2" pageId="7" pageNumber="168" reason="2">
Genus 
<taxonomicName authority="Karsch, 1879" authorityName="Karsch" authorityYear="1879" box="[369,615,1012,1039]" class="Arachnida" family="Dipluridae" genus="Linothele" kingdom="Animalia" order="Araneae" pageId="7" pageNumber="168" phylum="Arthropoda" rank="genus">
<emphasis box="[369,465,1012,1038]" italics="true" pageId="7" pageNumber="168">Linothele</emphasis>
<bibRefCitation author="Karsch" box="[471,615,1012,1039]" firstAuthor="Karsch" pageId="7" pageNumber="168" pagination="534 - 562" refId="ref24989" refString="KARSCH F. 1879. - Arachnologische Beitrage. Zeitschrift fur die gesammten Naturwissenschaften 52: 534 - 562." type="journal article" year="1879">Karsch, 1879</bibRefCitation>
</taxonomicName>
</heading>
</paragraph>
</subSubSection>
<subSubSection pageId="7" pageNumber="168" type="reference_group">
<paragraph blockId="7.[132,775,1086,1137]" pageId="7" pageNumber="168">
<treatmentCitationGroup pageId="7" pageNumber="168">
<treatmentCitation author="KARSCH F." box="[132,423,1086,1110]" page="546" pageId="7" pageNumber="168" year="1879">
<taxonomicName authority="Karsch, 1879: 546" authorityName="Karsch" authorityPageNumber="546" authorityYear="1879" box="[132,423,1086,1110]" class="Arachnida" family="Dipluridae" genus="Linothele" kingdom="Animalia" order="Araneae" pageId="7" pageNumber="168" phylum="Arthropoda" rank="genus">
<emphasis box="[132,222,1086,1110]" italics="true" pageId="7" pageNumber="168">Linothele</emphasis>
<bibRefCitation author="Karsch" box="[231,423,1086,1110]" firstAuthor="Karsch" page="546" pageId="7" pageNumber="168" pagination="534 - 562" refId="ref24989" refString="KARSCH F. 1879. - Arachnologische Beitrage. Zeitschrift fur die gesammten Naturwissenschaften 52: 534 - 562." type="journal article" year="1879">Karsch, 1879: 546</bibRefCitation>
</taxonomicName>
</treatmentCitation>
(
<typeStatus box="[439,484,1086,1110]" pageId="7" pageNumber="168">type</typeStatus>
species: 
<taxonomicName authority="Karsch, 1879" authorityName="Karsch" authorityYear="1879" class="Arachnida" family="Dipluridae" genus="Linothele" kingdom="Animalia" order="Araneae" pageId="7" pageNumber="168" phylum="Arthropoda" rank="species" species="curvitarsis">
<emphasis box="[576,775,1086,1110]" italics="true" pageId="7" pageNumber="168">Linothele curvitarsis</emphasis>
<bibRefCitation author="Karsch" box="[132,265,1112,1137]" firstAuthor="Karsch" pageId="7" pageNumber="168" pagination="534 - 562" refId="ref24989" refString="KARSCH F. 1879. - Arachnologische Beitrage. Zeitschrift fur die gesammten Naturwissenschaften 52: 534 - 562." type="journal article" year="1879">Karsch, 1879</bibRefCitation>
</taxonomicName>
, by monotypy). — 
<treatmentCitation author="RAVEN R. J." box="[458,629,1112,1137]" page="254" pageId="7" pageNumber="168" year="1980">
<bibRefCitation author="Raven" box="[458,629,1112,1137]" firstAuthor="Raven" page="254" pageId="7" pageNumber="168" pagination="251 - 266" refId="ref26091" refString="RAVEN R. J. 1980. - The evolution and biogeography of the mygalomorph spider family Hexathelidae (Araneae, Chelicerata). Journal of Arachnology 8 (3): 251 - 266. https: // www. biodiversitylibrary. org / page / 53032632" type="journal article" year="1980">Raven 1980: 254</bibRefCitation>
</treatmentCitation>
; 
<treatmentCitation author="RAVEN R. J." box="[639,731,1112,1137]" page="74" pageId="7" pageNumber="168" year="1985">
<bibRefCitation author="Raven" box="[639,731,1112,1137]" firstAuthor="Raven" page="74" pageId="7" pageNumber="168" pagination="1 - 180" refId="ref26139" refString="RAVEN R. J. 1985. - The spider infraorder Mygalomorphae (Araneae): cladistics and systematics. Bulletin of the American Museum of natural History 182: 1 - 180." type="journal article" year="1985">1985: 74</bibRefCitation>
</treatmentCitation>
, 75.
</treatmentCitationGroup>
</paragraph>
<paragraph blockId="7.[132,775,1177,1280]" pageId="7" pageNumber="168">
<treatmentCitationGroup pageId="7" pageNumber="168">
<treatmentCitation box="[132,601,1177,1201]" pageId="7" pageNumber="168">
<taxonomicName authority="F. O. Pickard-Cambridge, 1896: 755" authorityName="F. O. Pickard-Cambridge" authorityPageNumber="755" authorityYear="1896" box="[132,601,1177,1201]" class="Arachnida" family="Dipluridae" genus="Neodiplura" higherTaxonomySource="GBIF" kingdom="Animalia" order="Araneae" pageId="7" pageNumber="168" phylum="Arthropoda" rank="genus">
<emphasis box="[132,237,1177,1201]" italics="true" pageId="7" pageNumber="168">Neodiplura</emphasis>
<bibRefCitation author="CAMBRIDGE F. O." box="[243,601,1177,1201]" pageId="7" pageNumber="168" pagination="716 - 766" refId="ref25891" refString="PICKARD- CAMBRIDGE F. O. 1896. - On the Theraphosidae of the lower Amazons: being an account of the new genera and species of this group of spiders discovered during the expedition of the steamship Faraday up the river Amazons. Proceedings of the Zoological Society of London 1896: 716 - 766. https: // doi. org / 10.1111 / j. 1096 - 3642.1896. tb 03076. x" type="journal article" year="1896">F. O. Pickard-Cambridge, 1896: 755</bibRefCitation>
</taxonomicName>
</treatmentCitation>
(
<typeStatus box="[613,656,1177,1201]" pageId="7" pageNumber="168">type</typeStatus>
species: 
<taxonomicName authority="F. O. Pickard-Cambridge, 1896" authorityName="F. O. Pickard-Cambridge" authorityYear="1896" class="Arachnida" family="Dipluridae" genus="Neodiplura" higherTaxonomySource="GBIF" kingdom="Animalia" order="Araneae" pageId="7" pageNumber="168" phylum="Arthropoda" rank="species" species="jelskii">
<emphasis italics="true" pageId="7" pageNumber="168">Neodiplura jelskii</emphasis>
F. O. Pickard-Cambridge, 1896
</taxonomicName>
, by monotypy). — 
<treatmentCitation author="SIMON E." box="[132,317,1230,1254]" page="964" pageId="7" pageNumber="168" year="1903">
<bibRefCitation author="Simon" box="[132,317,1230,1254]" firstAuthor="Simon" page="964" pageId="7" pageNumber="168" pagination="314" refId="ref26556" refString="SIMON E. 1903. - Etudes arachnologiques. 34 e Memoire. LVI. Descriptions de deux especes nouvelles de la famille des Avicularides recueillis dans l'Ecuador par M. le Dr Rivet et faisant partie des collections du Museum de Paris. Annales de la Societe Entomologique de France 72: 314. https: // www. biodiversitylibrary. org / page / 8248189" type="journal article" year="1903">Simon 1903: 964</bibRefCitation>
</treatmentCitation>
(first synonymized with 
<taxonomicName authorityName="Simon" authorityYear="1889" box="[582,665,1230,1254]" class="Arachnida" family="Dipluridae" genus="Uruchus" higherTaxonomySource="GBIF" kingdom="Animalia" order="Araneae" pageId="7" pageNumber="168" phylum="Arthropoda" rank="genus">
<emphasis box="[582,665,1230,1254]" italics="true" pageId="7" pageNumber="168">Uruchus</emphasis>
</taxonomicName>
by 
<bibRefCitation author="Simon" firstAuthor="Simon" page="964" pageId="7" pageNumber="168" pagination="314" refId="ref26556" refString="SIMON E. 1903. - Etudes arachnologiques. 34 e Memoire. LVI. Descriptions de deux especes nouvelles de la famille des Avicularides recueillis dans l'Ecuador par M. le Dr Rivet et faisant partie des collections du Museum de Paris. Annales de la Societe Entomologique de France 72: 314. https: // www. biodiversitylibrary. org / page / 8248189" type="journal article" year="1903">Simon [1903: 964]</bibRefCitation>
).
</treatmentCitationGroup>
</paragraph>
<paragraph blockId="7.[132,775,1320,1397]" pageId="7" pageNumber="168">
<treatmentCitationGroup pageId="7" pageNumber="168">
<treatmentCitation author="SIMON E." box="[132,404,1320,1344]" page="400" pageId="7" pageNumber="168" year="1889">
<taxonomicName authority="Simon, 1889 a: 400" authorityName="Simon" authorityPageNumber="400" authorityYear="1889" box="[132,404,1320,1344]" class="Arachnida" family="Dipluridae" genus="Uruchus" higherTaxonomySource="GBIF" kingdom="Animalia" order="Araneae" pageId="7" pageNumber="168" phylum="Arthropoda" rank="genus">
<emphasis box="[132,211,1320,1344]" italics="true" pageId="7" pageNumber="168">Uruchus</emphasis>
<bibRefCitation author="Simon" box="[217,404,1320,1344]" firstAuthor="Simon" page="400" pageId="7" pageNumber="168" pagination="399 - 404" refId="ref26423" refString="SIMON E. 1889 a. - Revision des Aviculariidae de la Republique de l'Ecuador. Actes de la Societe Linneenne de Bordeaux 42: 399 - 404." type="journal article" year="1889" yearSuffix="a">Simon, 1889a: 400</bibRefCitation>
</taxonomicName>
</treatmentCitation>
(
<typeStatus box="[417,460,1320,1344]" pageId="7" pageNumber="168">type</typeStatus>
species: 
<taxonomicName authority="Simon, 1889" authorityName="Simon" authorityYear="1889" class="Arachnida" family="Dipluridae" genus="Uruchus" higherTaxonomySource="GBIF" kingdom="Animalia" order="Araneae" pageId="7" pageNumber="168" phylum="Arthropoda" rank="species" species="gaujoni">
<emphasis box="[544,698,1320,1344]" italics="true" pageId="7" pageNumber="168">Uruchus gaujoni</emphasis>
<bibRefCitation author="Simon" firstAuthor="Simon" pageId="7" pageNumber="168" pagination="399 - 404" refId="ref26423" refString="SIMON E. 1889 a. - Revision des Aviculariidae de la Republique de l'Ecuador. Actes de la Societe Linneenne de Bordeaux 42: 399 - 404." type="journal article" year="1889">Simon, 1889</bibRefCitation>
</taxonomicName>
, by monotypy). — 
<treatmentCitation author="RAVEN R. J." box="[385,547,1347,1371]" page="74" pageId="7" pageNumber="168" year="1985">
<bibRefCitation author="Raven" box="[385,547,1347,1371]" firstAuthor="Raven" page="74" pageId="7" pageNumber="168" pagination="1 - 180" refId="ref26139" refString="RAVEN R. J. 1985. - The spider infraorder Mygalomorphae (Araneae): cladistics and systematics. Bulletin of the American Museum of natural History 182: 1 - 180." type="journal article" year="1985">Raven 1985: 74</bibRefCitation>
</treatmentCitation>
, 75 (first synonymized with 
<taxonomicName authorityName="Karsch" authorityYear="1879" box="[184,271,1373,1397]" class="Arachnida" family="Dipluridae" genus="Linothele" kingdom="Animalia" order="Araneae" pageId="7" pageNumber="168" phylum="Arthropoda" rank="genus">
<emphasis box="[184,271,1373,1397]" italics="true" pageId="7" pageNumber="168">Linothele</emphasis>
</taxonomicName>
by 
<treatmentCitation author="RAVEN R. J." box="[307,474,1373,1397]" page="74" pageId="7" pageNumber="168" year="1985">
<bibRefCitation author="Raven" box="[307,474,1373,1397]" firstAuthor="Raven" page="74" pageId="7" pageNumber="168" pagination="1 - 180" refId="ref26139" refString="RAVEN R. J. 1985. - The spider infraorder Mygalomorphae (Araneae): cladistics and systematics. Bulletin of the American Museum of natural History 182: 1 - 180." type="journal article" year="1985">Raven [1985: 74</bibRefCitation>
</treatmentCitation>
, 75]).
</treatmentCitationGroup>
</paragraph>
</subSubSection>
<subSubSection pageId="7" pageNumber="168" type="distribution">
<paragraph blockId="7.[132,775,1437,1488]" pageId="7" pageNumber="168">
DISTRIBUTION. — 
<collectingCountry box="[316,403,1437,1461]" name="Bahamas" pageId="7" pageNumber="168">Bahamas</collectingCountry>
and South America (for South American species see 
<figureCitation box="[279,337,1464,1488]" captionStart="FIG" captionStartId="8.[131,142,1424,1442]" captionTargetBox="[188,1400,214,1359]" captionTargetId="graphics-307@8.[189,1614,214,2475]" captionTargetPageId="8" captionText="FIG. 4. — Distribution map of Linothele Karsch, 1879 in South America (right), with detailed distribution in North-West South America (left). Note: the type locality for L. septentrionalis n. sp. is out of range and not included. The type locality for L. cristata (Mello-Leitão, 1945) and L. jelskii (F. O. Pickard-Cambridge, 1896) is not specified further than Minas Gerais and Peru, respectively." figureDoi="http://doi.org/10.5281/zenodo.4720684" httpUri="https://zenodo.org/record/4720684/files/figure.png" pageId="7" pageNumber="168">Fig. 4</figureCitation>
).
</paragraph>
</subSubSection>
<subSubSection pageId="7" pageNumber="168" type="diagnosis">
<paragraph blockId="7.[132,774,1528,1579]" pageId="7" pageNumber="168">
DIAGNOSIS. — 
<taxonomicName authorityName="Karsch" authorityYear="1879" box="[277,362,1528,1552]" class="Arachnida" family="Dipluridae" genus="Linothele" kingdom="Animalia" order="Araneae" pageId="7" pageNumber="168" phylum="Arthropoda" rank="genus">
<emphasis box="[277,362,1528,1552]" italics="true" pageId="7" pageNumber="168">Linothele</emphasis>
</taxonomicName>
can be distinguished from all other 
<taxonomicName authorityName=", Neotropics" authorityYear="2021" class="Insecta" family="Lasiocampidae" higherTaxonomySource="GBIF" kingdom="Animalia" order="Lepidoptera" pageId="7" pageNumber="168" phylum="Arthropoda" rank="subFamily" subFamily="Diplurinae">Diplurinae</taxonomicName>
by the absence of a maxillary lyra.
</paragraph>
</subSubSection>
<subSubSection pageId="7" pageNumber="168" type="description">
<paragraph blockId="7.[132,777,1619,2028]" box="[132,277,1619,1645]" pageId="7" pageNumber="168">DESCRIPTION</paragraph>
<paragraph blockId="7.[132,777,1619,2028]" lastBlockId="7.[812,1457,885,1071]" pageId="7" pageNumber="168">Small to large diplurid spiders. Eyes: present, on a common tubercle. Fovea: transverse, recurved. Labium: subquadrate, with few, or no cuspules. Sternum: three pairs of sigillae, all submarginal. Chelicerae: one row of ventral conical teeth on promargin. Maxillae: longer than wide with short anterior lobe bearing a serrula. Maxillary lyra: absent. Claws on pedipalp tarsi: with a single row of teeth in juveniles and females. Leg tarsi: aspinose; dorsally with a zig-zag row of trichobothria, metatarsi with one row of trichobothria, no trichobothria in proximal third of metatarsi; scopuliform setae present on anterior tarsi and metatarsi. Tarsal claws of legs: paired tarsal claws with a double row of teeth; unpaired claws of leg tarsi with teeth very short, or absent. Spinnerets: PLS elongated, with digitiform apical segment. Cymbium: equally bilobate, scopulate and aspinose. Palpal organ: pyriform with small subtegulum. Males with megaspine at retroventral apex of tibia I; metatarsus I with MP in 1:3B.</paragraph>
<paragraph blockId="7.[811,1456,1108,1294]" box="[813,924,1108,1134]" pageId="7" pageNumber="168">
<emphasis box="[813,924,1108,1134]" italics="true" pageId="7" pageNumber="168">Variability</emphasis>
</paragraph>
<paragraph blockId="7.[811,1456,1108,1294]" pageId="7" pageNumber="168">
See 
<tableCitation box="[852,931,1140,1166]" captionStart="TABLE" captionStartId="9.[132,143,219,237]" captionTargetPageId="9" captionText="TABLE 1. — Comparison data for Linothele Karsch, 1879 species. Data is partly based on the first descriptions of respective specimens; if no ranges were given, the absolute figure is used here for max and min. Specimens within a species are sorted by their CL in decreasing order.Type material is marked with an asterisk." pageId="7" pageNumber="168">Table 1</tableCitation>
. Examination of available material revealed variation of ± 5 CT and more than ± 30 MC between specimens of a single species. In single specimen we were able to observe variation from one side to the other of up to ± 3 CT and more than ± 30 MC.
</paragraph>
</subSubSection>
<subSubSection pageId="7" pageNumber="168" type="discussion">
<paragraph blockId="7.[811,1457,1332,2028]" box="[813,913,1332,1358]" pageId="7" pageNumber="168">REMARKS</paragraph>
<paragraph blockId="7.[811,1457,1332,2028]" pageId="7" pageNumber="168">
The collections of IBSP and MNRJ were destroyed in fires of 2010 and 2018, respectively. The MNRJ collection was reviewed by Silva-Moreira 
<emphasis box="[1111,1166,1427,1453]" italics="true" pageId="7" pageNumber="168">et al.</emphasis>
(2010), who were unable to locate many of the relevant 
<typeStatus box="[1145,1200,1459,1485]" pageId="7" pageNumber="168">types</typeStatus>
at that time. Following 
<bibRefCitation author="Kury" box="[813,1006,1491,1517]" etAl="et al." firstAuthor="Kury" pageId="7" pageNumber="168" pagination="556 - 558" refId="ref25047" refString="KURY A. B., GIUPPONI A. P. L. &amp; MENDES A. C. 2018. - Immolation of Museu Nacional, Rio de Janeiro - unforgettable fire and irreplaceable loss. Journal of Arachnology 46 (3): 556 - 558. https: // doi. org / 10.1636 / JoA-S- 18 - 094.1" type="journal article" year="2018">
Kury 
<emphasis box="[874,917,1491,1517]" italics="true" pageId="7" pageNumber="168">et al</emphasis>
. (2018)
</bibRefCitation>
, material not located in MNRJ collection in 2010 might have survived the fire of 2018.
</paragraph>
<paragraph blockId="7.[811,1457,1332,2028]" pageId="7" pageNumber="168">
Unfortunately, the loan request on 
<typeStatus box="[1201,1304,1554,1580]" pageId="7" pageNumber="168">holotypes</typeStatus>
to NHRS was rejected by QCAZ for all species described by 
<bibRefCitation author="Duperre &amp; Tapia" firstAuthor="Duperre" pageId="7" pageNumber="168" pagination="343" refId="ref24415" refString="DUPERRE N. &amp; TAPIA E. 2015. - Descriptions of four kleptoparasitic spiders of the genus Mysmenopsis (Araneae, Mysmenidae) and their potential host spider species in the genus Linothele (Araneae, Dipluridae) from Ecuador. Zootaxa 3972 (3): 343. https: // doi. org / 10.11646 / zootaxa. 3972.3.3" type="journal article" year="2015">Dupérré &amp; Tapia (2015)</bibRefCitation>
and, additionally, it was not possible to arrange a loan on any of the other types. N. Dupérré provided images and confirmed a “weak” scopula with “[…] two parallel lines” for all described species (pers. comm.).
</paragraph>
<paragraph blockId="7.[811,1457,1332,2028]" pageId="7" pageNumber="168">As mentioned by Ríos-Tamayo &amp; Goloboff (2012), it seems common for mygalomorphs with many spermathecal lobes, or processes to often show minor differences in the number or shape of lobes and processes of both sides. Presumably, lobes and processes with thin, weak ducts may easily get broken during moults, producing minor differences in successive moults of the adult female. Our research presented here suggests the same applies to vesicles.</paragraph>
</subSubSection>
</treatment>
</document>