<document ID-DOI="http://doi.org/10.5281/zenodo.4422836" ID-GBIF-Dataset="9f39fd59-f596-492d-968c-6f5f253e765a" ID-ISSN="1175-5326" ID-Zenodo-Dep="4422836" ID-ZooBank="234DA01B-28DA-4D17-8A3C-F5BCFB263802" _generate="added" checkinTime="1610011714537" checkinUser="plazi" docAuthor="Gongalsky, Konstantin B., Nefediev, Pavel S. &amp; Turbanov, Ilya S." docDate="2021" docId="039287A73852FFC3FF4FFC4EFD668A98" docLanguage="en" docName="zootaxa.4903.1.9.pdf" docOrigin="Zootaxa 4903 (1)" docStyle="DocumentStyle:647186512141C8FC8976D5BCC54AEB7D.5:Zootaxa.2013.journal_article" docStyleId="647186512141C8FC8976D5BCC54AEB7D" docStyleName="Zootaxa.2013.journal_article" docStyleVersion="5" docTitle="Lucasioides altaicus Gongalsky &amp; Nefediev &amp; Turbanov 2021, sp. nov." docType="treatment" docVersion="3" lastPageId="6" lastPageNumber="146" masterDocId="FFABFFDF3850FFC5FFD8FF83FFC68F70" masterDocTitle="A new species of the genus Lucasioides Kwon, 1993 (Isopoda, Oniscidea, Agnaridae) from Siberia, Russia" masterLastPageNumber="150" masterPageNumber="140" pageId="2" pageNumber="142" updateTime="1614615816221" updateUser="valdenar" zenodo-license-document="CLOSED">
<mods:mods xmlns:mods="http://www.loc.gov/mods/v3">
<mods:titleInfo>
<mods:title>A new species of the genus Lucasioides Kwon, 1993 (Isopoda, Oniscidea, Agnaridae) from Siberia, Russia</mods:title>
</mods:titleInfo>
<mods:name type="personal">
<mods:role>
<mods:roleTerm>Author</mods:roleTerm>
</mods:role>
<mods:namePart>Gongalsky, Konstantin B.</mods:namePart>
<mods:affiliation>A. N. Severtsov Institute of Ecology and Evolution, Russian Academy of Sciences, Leninsky Prospekt 33, 119071 Moscow, Russia. M. V. Lomonosov Moscow State University, Leninskie Gory, 1, 119991 Moscow, Russia</mods:affiliation>
</mods:name>
<mods:name type="personal">
<mods:role>
<mods:roleTerm>Author</mods:roleTerm>
</mods:role>
<mods:namePart>Nefediev, Pavel S.</mods:namePart>
<mods:affiliation>Altai State University, Prospekt Lenina 61, 656049 Barnaul, Russia. &amp; Biological Institute, Tomsk State University, Prospekt Lenina, 36, 634050 Tomsk, Russia &amp; Tigirek State Nature Reserve, Nikitina Street 111, 656049 Barnaul, Russia</mods:affiliation>
</mods:name>
<mods:name type="personal">
<mods:role>
<mods:roleTerm>Author</mods:roleTerm>
</mods:role>
<mods:namePart>Turbanov, Ilya S.</mods:namePart>
<mods:affiliation>I. D. Papanin Institute for Biology of Inland Waters, Russian Academy of Sciences, Borok, 109, 152742 Yaroslavl Region, Russia. turba 13 @ mail. ru; http: // orcid. org / 0000 - 0001 - 9441 - 2791 &amp; Cherepovets State University, Prospekt Lunacharskogo 5, 162600 Cherepovets, Vologda Region, Russia</mods:affiliation>
<mods:nameIdentifier type="email">turba13@mail.ru</mods:nameIdentifier>
</mods:name>
<mods:typeOfResource>text</mods:typeOfResource>
<mods:relatedItem type="host">
<mods:titleInfo>
<mods:title>Zootaxa</mods:title>
</mods:titleInfo>
<mods:part>
<mods:date>2021</mods:date>
<mods:detail type="pubDate">
<mods:number>2021-01-06</mods:number>
</mods:detail>
<mods:detail type="volume">
<mods:number>4903</mods:number>
</mods:detail>
<mods:detail type="issue">
<mods:number>1</mods:number>
</mods:detail>
<mods:extent unit="page">
<mods:start>140</mods:start>
<mods:end>150</mods:end>
</mods:extent>
</mods:part>
</mods:relatedItem>
<mods:classification>journal article</mods:classification>
<mods:identifier type="DOI">https://doi.org/10.11646/zootaxa.4903.1.9</mods:identifier>
<mods:identifier type="GBIF-Dataset">9f39fd59-f596-492d-968c-6f5f253e765a</mods:identifier>
<mods:identifier type="ISSN">1175-5326</mods:identifier>
<mods:identifier type="Zenodo-Dep">4422838</mods:identifier>
<mods:identifier type="ZooBank">234DA01B-28DA-4D17-8A3C-F5BCFB263802</mods:identifier>
</mods:mods>
<treatment ID-DOI="http://doi.org/10.5281/zenodo.4422836" ID-Zenodo-Dep="4422836" LSID="urn:lsid:plazi:treatment:039287A73852FFC3FF4FFC4EFD668A98" httpUri="http://treatment.plazi.org/id/039287A73852FFC3FF4FFC4EFD668A98" lastPageId="6" lastPageNumber="146" pageId="2" pageNumber="142">
<subSubSection box="[151,497,973,1000]" pageId="2" pageNumber="142" type="nomenclature">
<paragraph blockId="2.[151,497,973,1036]" box="[151,497,973,1000]" pageId="2" pageNumber="142">
<heading bold="true" box="[151,497,973,1000]" fontSize="11" level="1" pageId="2" pageNumber="142" reason="1">
<emphasis bold="true" box="[151,497,973,1000]" pageId="2" pageNumber="142">
<taxonomicName authority="Gongalsky &amp; Nefediev &amp; Turbanov, 2021" authorityName="Gongalsky &amp; Nefediev &amp; Turbanov" authorityYear="2021" box="[151,397,973,1000]" class="Malacostraca" family="Trachelipodidae" genus="Lucasioides" kingdom="Animalia" order="Isopoda" pageId="2" pageNumber="142" phylum="Arthropoda" rank="species" species="altaicus" status="sp. nov.">
<emphasis bold="true" box="[151,397,973,1000]" italics="true" pageId="2" pageNumber="142">Lucasioides altaicus</emphasis>
</taxonomicName>
<taxonomicNameLabel box="[404,497,974,1000]" pageId="2" pageNumber="142" rank="species">sp. nov.</taxonomicNameLabel>
</emphasis>
</heading>
</paragraph>
</subSubSection>
<subSubSection box="[151,249,1010,1036]" pageId="2" pageNumber="142" type="description">
<paragraph blockId="2.[151,497,973,1036]" box="[151,249,1010,1036]" pageId="2" pageNumber="142">
<figureCitation box="[151,249,1010,1036]" captionStart-0="FIGURE 1" captionStart-1="FIGURE 2" captionStart-2="FIGURE 3" captionStart-3="FIGURE 4" captionStart-4="FIGURE 5" captionStart-5="FIGURE 6" captionStart-6="FIGURE 7" captionStartId-0="3.[151,250,1297,1321]" captionStartId-1="4.[151,250,1260,1284]" captionStartId-2="5.[151,250,1545,1569]" captionStartId-3="6.[151,250,1020,1044]" captionStartId-4="7.[151,250,1208,1232]" captionStartId-5="7.[151,250,1970,1994]" captionStartId-6="8.[151,250,1204,1228]" captionTargetBox-0="[170,1416,184,1266]" captionTargetBox-1="[160,1423,212,1225]" captionTargetBox-2="[157,1430,243,1513]" captionTargetBox-3="[157,1432,185,991]" captionTargetBox-4="[298,1288,185,1177]" captionTargetBox-5="[288,1300,1331,1942]" captionTargetBox-6="[297,1289,182,1176]" captionTargetId-0="figure-26@3.[164,1423,180,1272]" captionTargetId-1="figure-30@4.[151,1436,200,1236]" captionTargetId-2="figure-66@5.[151,1436,236,1521]" captionTargetId-3="figure-17@6.[151,1437,180,995]" captionTargetId-4="figure-26@7.[294,1293,180,1183]" captionTargetId-5="figure-49@7.[283,1304,1328,1946]" captionTargetId-6="figure-17@8.[293,1294,180,1179]" captionTargetPageId-0="3" captionTargetPageId-1="4" captionTargetPageId-2="5" captionTargetPageId-3="6" captionTargetPageId-4="7" captionTargetPageId-5="7" captionTargetPageId-6="8" captionText-0="FIGURE 1. Lucasioides altaicus sp. nov., A—male paratype, dorsal view; female paratype: B—head; C—antenna." captionText-1="FIGURE 2. Lucasioides altaicus sp. nov., female paratype:A—pereion edge; B—head; C—telson; D—antennula; E—antenna; F—pereopod 1; G—pereopod 6; H—pereopod 7." captionText-2="FIGURE 3. Lucasioides altaicus sp. nov., female paratype: A—pereionites 6, 7, pleon and telson; B—nodulis lateralis on pereonite 7; C—pereionites 1–3; D—nodulis lateralis on pereonite 2." captionText-3="FIGURE 4. Lucasioides altaicus sp. nov., female paratype: A—left mandible; B—right mandible; C—maxillula; D—maxilla; E—maxilliped." captionText-4="FIGURE 5. Lucasioides altaicus sp. nov., male paratype: A, B—pereopod 6; C, D—pereopod 7." captionText-5="FIGURE 6. Lucasioides altaicus sp. nov., male paratype: A—exopod of pleopod 1; B—endopod of pleopod 2; C—exopod of pleopod 2; D—endopod of pleopod 2; E—exopod of pleopod 3; F—exopod of pleopod 4; G—exopod of pleopod 5." captionText-6="FIGURE 7. Lucasioides altaicus sp. nov., male paratype: A—exopod and endopod of pleopod 2; B—exopod of pleopod 1; C, D—endopod of pleopod 2." figureDoi-0="http://doi.org/10.5281/zenodo.4422840" figureDoi-1="http://doi.org/10.5281/zenodo.4422842" figureDoi-2="http://doi.org/10.5281/zenodo.4422844" figureDoi-3="http://doi.org/10.5281/zenodo.4422846" figureDoi-4="http://doi.org/10.5281/zenodo.4422848" figureDoi-5="http://doi.org/10.5281/zenodo.4422850" figureDoi-6="http://doi.org/10.5281/zenodo.4422852" httpUri-0="https://zenodo.org/record/4422840/files/figure.png" httpUri-1="https://zenodo.org/record/4422842/files/figure.png" httpUri-2="https://zenodo.org/record/4422844/files/figure.png" httpUri-3="https://zenodo.org/record/4422846/files/figure.png" httpUri-4="https://zenodo.org/record/4422848/files/figure.png" httpUri-5="https://zenodo.org/record/4422850/files/figure.png" httpUri-6="https://zenodo.org/record/4422852/files/figure.png" pageId="2" pageNumber="142">Figs 1–7</figureCitation>
</paragraph>
</subSubSection>
<subSubSection box="[151,750,1078,1102]" pageId="2" pageNumber="142" type="reference_group">
<paragraph blockId="2.[151,750,1078,1102]" box="[151,750,1078,1102]" pageId="2" pageNumber="142">
<treatmentCitationGroup box="[151,750,1078,1102]" pageId="2" pageNumber="142">
<taxonomicName authorityName="Verhoeff" authorityYear="1930" box="[151,306,1078,1102]" class="Malacostraca" family="Trachelipodidae" genus="Mongoloniscus" kingdom="Animalia" order="Isopoda" pageId="2" pageNumber="142" phylum="Arthropoda" rank="species" species="sp.">
<emphasis box="[151,306,1078,1102]" italics="true" pageId="2" pageNumber="142">Mongoloniscus</emphasis>
</taxonomicName>
sp. (pro parte)— 
<bibRefCitation author="Gongalsky, K. B. &amp; Nefediev, P. S. &amp; Turbanov, I. S. &amp; Slatina, V. Yu. &amp; Lebedev, Yu. M." box="[481,746,1078,1102]" pageId="2" pageNumber="142" pagination="26 - 27" refId="ref4633" refString="Gongalsky, K. B., Nefediev, P. S., Turbanov, I. S., Slatina, V. Yu. &amp; Lebedev, Yu. M. (2017) Terrestrial isopods (Isopoda, Oniscidea, Agnaridae) from the northernmost limit of isopod distribution in southern Siberia, Russia. In: Abstract Book of 10 th International Symposium on Terrestrial Isopod Biology. Hungarian Biological Society, Budapest, 26 - 27." type="book chapter" year="2017">
<treatmentCitation author="Gongalsky, K. B. &amp; Nefediev, P. S. &amp; Turbanov, I. S. &amp; Slatina, V. Yu. &amp; Lebedev, Yu. M." box="[481,746,1078,1102]" page="26" pageId="2" pageNumber="142" year="2017">
Gongalsky 
<emphasis box="[597,641,1078,1102]" italics="true" pageId="2" pageNumber="142">et al</emphasis>
. 2017: 26
</treatmentCitation>
</bibRefCitation>
.
</treatmentCitationGroup>
</paragraph>
</subSubSection>
<subSubSection pageId="2" pageNumber="142" type="materials_examined">
<paragraph blockId="2.[151,1437,1148,2039]" pageId="2" pageNumber="142">
<emphasis bold="true" box="[151,386,1148,1174]" pageId="2" pageNumber="142">Material examined:</emphasis>
<typeStatus box="[391,498,1148,1174]" pageId="2" pageNumber="142">Holotype</typeStatus>
, ³ (
<collectionCode box="[542,634,1149,1175]" country="Russia" httpUri="http://grbio.org/cool/k3qp-615s" name="Zoological Museum, Moscow Lomonosov State University" pageId="2" pageNumber="142" type="Museum">ZMMU</collectionCode>
, Mc-1420), 
<collectingCountry box="[768,845,1148,1174]" name="Russia" pageId="2" pageNumber="142">Russia</collectingCountry>
, southwestern Siberia, 
<collectingRegion box="[1100,1214,1148,1174]" country="Russia" name="Altay" pageId="2" pageNumber="142">Altai Krai</collectingRegion>
, Charyshskoye Dis-trict, near Komendantka, 
<collectingRegion box="[434,553,1184,1211]" country="Russia" name="Altay" pageId="2" pageNumber="142">Altai State</collectingRegion>
University (ASU) Field Station “Goluboi Utios”, 
<geoCoordinate box="[1113,1269,1186,1213]" degrees="51" direction="north" minutes="21" orientation="latitude" pageId="2" pageNumber="142" precision="1" seconds="38.0" value="51.360554">51°21ʹ38.0ʺN</geoCoordinate>
, 
<geoCoordinate box="[1280,1432,1186,1213]" degrees="83" direction="east" minutes="38" orientation="longitude" pageId="2" pageNumber="142" precision="1" seconds="02.7" value="83.63408">83°38ʹ02.7ʺE</geoCoordinate>
, 
<quantity box="[151,223,1220,1247]" metricMagnitude="2" metricUnit="m" metricValue="6.3" pageId="2" pageNumber="142" unit="m" value="630.0">630 m</quantity>
a.s.l., N slope, plot 2, 
<taxonomicName authorityName="A.W.Roth" authorityYear="1788" box="[478,649,1220,1246]" class="Magnoliopsida" family="Betulaceae" genus="Betula" kingdom="Plantae" order="Fagales" pageId="2" pageNumber="142" phylum="Tracheophyta" rank="species" species="pendula">
<emphasis box="[478,649,1220,1246]" italics="true" pageId="2" pageNumber="142">Betula pendula</emphasis>
</taxonomicName>
, 
<taxonomicName box="[664,849,1220,1246]" class="Magnoliopsida" family="Salicaceae" genus="Populus" kingdom="Plantae" order="Malpighiales" pageId="2" pageNumber="142" phylum="Tracheophyta" rank="species" species="tremula">
<emphasis box="[664,849,1220,1246]" italics="true" pageId="2" pageNumber="142">Populus tremula</emphasis>
</taxonomicName>
, 
<taxonomicName box="[864,1039,1220,1246]" class="Pinopsida" family="Pinaceae" genus="Pinus" kingdom="Plantae" order="Pinales" pageId="2" pageNumber="142" phylum="Tracheophyta" rank="species" species="sylvestris">
<emphasis box="[864,1039,1220,1246]" italics="true" pageId="2" pageNumber="142">Pinus sylvestris</emphasis>
</taxonomicName>
, 
<taxonomicName box="[1054,1320,1220,1247]" class="Magnoliopsida" family="Rosaceae" genus="Spiraea" kingdom="Plantae" order="Rosales" pageId="2" pageNumber="142" phylum="Tracheophyta" rank="species" species="chamaedrifolia">
<emphasis box="[1054,1320,1220,1247]" italics="true" pageId="2" pageNumber="142">Spiraea chamaedrifolia</emphasis>
</taxonomicName>
, 
<taxonomicName class="Magnoliopsida" family="Saxifragaceae" genus="Bergenia" kingdom="Animalia" order="Saxifragales" pageId="2" pageNumber="142" phylum="Tracheophyta" rank="species" species="crassifolia">
<emphasis italics="true" pageId="2" pageNumber="142">Bergenia crassifolia</emphasis>
</taxonomicName>
, hand sampling, 
<date box="[462,609,1256,1283]" pageId="2" pageNumber="142" value="2016-07-13">13 July 2016</date>
, leg. 
<collectionCode box="[668,688,1257,1283]" country="Canada" lsid="urn:lsid:biocol.org:col:13946" name="Royal British Columbia Museum - Herbarium" pageId="2" pageNumber="142" type="Museum">V</collectionCode>
.Yu. Slatina, Kh.Kh. Nedoev, S. 
<collectionCode box="[1037,1058,1257,1283]" name="Tavera, Department of Geology and Geophysics" pageId="2" pageNumber="142">T</collectionCode>
. Niyazov.
</paragraph>
<paragraph blockId="2.[151,1437,1148,2039]" pageId="2" pageNumber="142">
<typeStatus box="[199,312,1293,1319]" pageId="2" pageNumber="142">Paratypes</typeStatus>
: 1 ³ (
<collectionCode box="[385,477,1293,1319]" country="Russia" httpUri="http://grbio.org/cool/k3qp-615s" name="Zoological Museum, Moscow Lomonosov State University" pageId="2" pageNumber="142" type="Museum">ZMMU</collectionCode>
, Mc-1421); 1 ³, 
<specimenCount box="[678,722,1293,1319]" pageId="2" pageNumber="142" type="female">1 ♀</specimenCount>
(KG), 
<collectingCountry box="[806,883,1292,1318]" name="Russia" pageId="2" pageNumber="142">Russia</collectingCountry>
, southwestern Siberia, 
<collectingRegion box="[1147,1265,1292,1318]" country="Russia" name="Altay" pageId="2" pageNumber="142">Altai Krai</collectingRegion>
, Charyshskoye District, near Komendantka, ASU Field Station “Goluboi Utios”, 
<geoCoordinate box="[876,1031,1330,1357]" degrees="51" direction="north" minutes="21" orientation="latitude" pageId="2" pageNumber="142" precision="1" seconds="44.3" value="51.362305">51°21ʹ44.3ʺN</geoCoordinate>
, 
<geoCoordinate box="[1042,1194,1330,1357]" degrees="83" direction="east" minutes="37" orientation="longitude" pageId="2" pageNumber="142" precision="1" seconds="42.6" value="83.6285">83°37ʹ42.6ʺE</geoCoordinate>
, 
<quantity box="[1204,1274,1328,1355]" metricMagnitude="2" metricUnit="m" metricValue="6.2" pageId="2" pageNumber="142" unit="m" value="620.0">620 m</quantity>
a.s.l., N slope, plot 1, 
<taxonomicName authorityName="A.W.Roth" authorityYear="1788" box="[229,350,1364,1390]" class="Magnoliopsida" family="Betulaceae" genus="Betula" kingdom="Plantae" order="Fagales" pageId="2" pageNumber="142" phylum="Tracheophyta" rank="species" species="pendula">
<emphasis box="[229,350,1364,1390]" italics="true" pageId="2" pageNumber="142">B. pendula</emphasis>
</taxonomicName>
, 
<taxonomicName box="[363,476,1364,1390]" class="Magnoliopsida" family="Salicaceae" genus="Populus" kingdom="Plantae" order="Malpighiales" pageId="2" pageNumber="142" phylum="Tracheophyta" rank="species" species="tremula">
<emphasis box="[363,476,1364,1390]" italics="true" pageId="2" pageNumber="142">P. tremula</emphasis>
</taxonomicName>
, 
<taxonomicName box="[490,621,1364,1390]" class="Pinopsida" family="Pinaceae" genus="Pinus" kingdom="Plantae" order="Pinales" pageId="2" pageNumber="142" phylum="Tracheophyta" rank="species" species="sylvestris">
<emphasis box="[490,621,1364,1390]" italics="true" pageId="2" pageNumber="142">P. sylvestris</emphasis>
</taxonomicName>
, 
<taxonomicName box="[635,833,1364,1391]" class="Magnoliopsida" family="Rosaceae" genus="Spiraea" kingdom="Plantae" order="Rosales" pageId="2" pageNumber="142" phylum="Tracheophyta" rank="species" species="chamaedrifolia">
<emphasis box="[635,833,1364,1391]" italics="true" pageId="2" pageNumber="142">S. chamaedrifolia</emphasis>
</taxonomicName>
, 
<taxonomicName box="[847,996,1364,1390]" class="Magnoliopsida" family="Saxifragaceae" genus="Bergenia" kingdom="Animalia" order="Saxifragales" pageId="2" pageNumber="142" phylum="Tracheophyta" rank="species" species="crassifolia">
<emphasis box="[847,996,1364,1390]" italics="true" pageId="2" pageNumber="142">B. crassifolia</emphasis>
</taxonomicName>
, soil sampling, sample 4 (
<quantity box="[1287,1389,1365,1391]" metricMagnitude="-2" metricUnit="m" metricValue="5.0" metricValueMax="10.0" metricValueMin="0.0" pageId="2" pageNumber="142" unit="cm" value="5.0" valueMax="10.0" valueMin="0.0">0–10 cm</quantity>
), 
<date pageId="2" pageNumber="142" value="2018-07-12">12 July 2018</date>
, leg. 
<collectionCode box="[319,339,1401,1427]" country="Canada" lsid="urn:lsid:biocol.org:col:13946" name="Royal British Columbia Museum - Herbarium" pageId="2" pageNumber="142" type="Museum">V</collectionCode>
.Yu. Slatina, Kh.Kh. Nedoev; 3 ³³, 
<specimenCount box="[740,802,1400,1427]" pageId="2" pageNumber="142" type="female">5 ♀♀</specimenCount>
(
<collectionCode box="[816,908,1401,1427]" country="Russia" httpUri="http://grbio.org/cool/k3qp-615s" name="Zoological Museum, Moscow Lomonosov State University" pageId="2" pageNumber="142" type="Museum">ZMMU</collectionCode>
, Mc-1422); 
<specimenCount box="[1043,1084,1401,1427]" pageId="2" pageNumber="142" type="female">1 ♀</specimenCount>
(
<collectionCode box="[1097,1189,1401,1427]" country="Russia" httpUri="http://grbio.org/cool/k3qp-615s" name="Zoological Museum, Moscow Lomonosov State University" pageId="2" pageNumber="142" type="Museum">ZMMU</collectionCode>
, Mc-1424), 1 ³ (KG), 4 ³³ (ASU), location, date, and collectors same as 
<typeStatus box="[740,842,1436,1462]" pageId="2" pageNumber="142">holotype</typeStatus>
; 1 ³, 
<specimenCount box="[911,953,1437,1463]" pageId="2" pageNumber="142" type="female">1 ♀</specimenCount>
(
<collectionCode box="[969,1061,1437,1463]" country="Russia" httpUri="http://grbio.org/cool/k3qp-615s" name="Zoological Museum, Moscow Lomonosov State University" pageId="2" pageNumber="142" type="Museum">ZMMU</collectionCode>
, Mc-1423), 
<collectingCountry box="[1199,1276,1436,1462]" name="Russia" pageId="2" pageNumber="142">Russia</collectingCountry>
, southwestern Siberia, 
<collectingRegion box="[243,360,1472,1498]" country="Russia" name="Altay" pageId="2" pageNumber="142">Altai Krai</collectingRegion>
, Charyshskoye District, near Komendantka, ASU Field Station “Goluboi Utios”, 
<geoCoordinate box="[1276,1432,1474,1501]" degrees="51" direction="north" minutes="21" orientation="latitude" pageId="2" pageNumber="142" precision="1" seconds="20.3" value="51.355637">51°21ʹ20.3ʺN</geoCoordinate>
, 
<geoCoordinate box="[151,303,1510,1537]" degrees="83" direction="east" minutes="37" orientation="longitude" pageId="2" pageNumber="142" precision="1" seconds="37.0" value="83.626945">83°37ʹ37.0ʺE</geoCoordinate>
, 
<taxonomicName box="[318,520,1508,1535]" class="Magnoliopsida" family="Rosaceae" genus="Spiraea" kingdom="Plantae" order="Rosales" pageId="2" pageNumber="142" phylum="Tracheophyta" rank="species" species="chamaedrifolia">
<emphasis box="[318,520,1508,1535]" italics="true" pageId="2" pageNumber="142">S. chamaedrifolia</emphasis>
</taxonomicName>
, 
<taxonomicName authorityName="Lamarck" authorityYear="1785" box="[537,796,1508,1535]" class="Magnoliopsida" family="Fabaceae" genus="Caragana" kingdom="Plantae" order="Fabales" pageId="2" pageNumber="142" phylum="Tracheophyta" rank="species" species="arborescens">
<emphasis box="[537,796,1508,1535]" italics="true" pageId="2" pageNumber="142">Caragana arborescens</emphasis>
</taxonomicName>
, 
<taxonomicName authorityName="Linnaeus" authorityYear="1753" box="[813,1013,1509,1534]" class="Magnoliopsida" family="Caprifoliaceae" genus="Lonicera" kingdom="Plantae" order="Dipsacales" pageId="2" pageNumber="142" phylum="Tracheophyta" rank="species" species="tatarica">
<emphasis box="[813,1013,1509,1534]" italics="true" pageId="2" pageNumber="142">Lonicera tatarica</emphasis>
</taxonomicName>
on southern slope, 
<quantity box="[1243,1317,1509,1535]" metricMagnitude="2" metricUnit="m" metricValue="4.8" pageId="2" pageNumber="142" unit="m" value="480.0">480 m</quantity>
a.s.l., soil sampling, sample 1 (
<quantity box="[383,486,1545,1571]" metricMagnitude="-2" metricUnit="m" metricValue="5.0" metricValueMax="10.0" metricValueMin="0.0" pageId="2" pageNumber="142" unit="cm" value="5.0" valueMax="10.0" valueMin="0.0">0–10 cm</quantity>
), 
<date box="[505,712,1544,1571]" pageId="2" pageNumber="142" value="2018-09-06">6 September 2018</date>
, leg. Kh.Kh. Nedoev.
</paragraph>
</subSubSection>
<subSubSection pageId="2" pageNumber="142" type="diagnosis">
<paragraph blockId="2.[151,1437,1148,2039]" pageId="2" pageNumber="142">
<emphasis bold="true" box="[199,322,1580,1606]" pageId="2" pageNumber="142">Diagnosis.</emphasis>
Male exopod of pleopod 1 with concave tip and lower lobe is longer than the upper one; telson is elongated and shows sharp tip.
</paragraph>
</subSubSection>
<subSubSection lastPageId="3" lastPageNumber="143" pageId="2" pageNumber="142" type="description">
<paragraph blockId="2.[151,1437,1148,2039]" pageId="2" pageNumber="142">
<emphasis bold="true" box="[199,345,1652,1678]" pageId="2" pageNumber="142">Description.</emphasis>
Maximum body length: male 8.0 mm (
<typeStatus box="[782,882,1652,1678]" pageId="2" pageNumber="142">holotype</typeStatus>
<quantity box="[888,978,1653,1679]" metricMagnitude="-3" metricUnit="m" metricValue="7.2" pageId="2" pageNumber="142" unit="mm" value="7.2">7.2 mm</quantity>
), female 
<quantity box="[1079,1168,1652,1679]" metricMagnitude="-3" metricUnit="m" metricValue="6.7" pageId="2" pageNumber="142" unit="mm" value="6.7">6.7 mm</quantity>
. 
<emphasis box="[1178,1236,1652,1678]" italics="true" pageId="2" pageNumber="142">Body</emphasis>
dark grey-brown, with two rows of light grey-brown spots in medial part of coxal plates of pereonal segments 2–7 (
<figureCitation box="[1263,1354,1688,1715]" captionStart="FIGURE 1" captionStartId="3.[151,250,1297,1321]" captionTargetBox="[170,1416,184,1266]" captionTargetId="figure-26@3.[164,1423,180,1272]" captionTargetPageId="3" captionText="FIGURE 1. Lucasioides altaicus sp. nov., A—male paratype, dorsal view; female paratype: B—head; C—antenna." figureDoi="http://doi.org/10.5281/zenodo.4422840" httpUri="https://zenodo.org/record/4422840/files/figure.png" pageId="2" pageNumber="142">Fig. 1A</figureCitation>
). Body relatively elongated, pleon forming no continuous margin with pereon (
<figureCitation box="[950,1038,1724,1751]" captionStart="FIGURE 1" captionStartId="3.[151,250,1297,1321]" captionTargetBox="[170,1416,184,1266]" captionTargetId="figure-26@3.[164,1423,180,1272]" captionTargetPageId="3" captionText="FIGURE 1. Lucasioides altaicus sp. nov., A—male paratype, dorsal view; female paratype: B—head; C—antenna." figureDoi="http://doi.org/10.5281/zenodo.4422840" httpUri="https://zenodo.org/record/4422840/files/figure.png" pageId="2" pageNumber="142">Fig. 1A</figureCitation>
). Dorsal surface of tergites smooth. Posterior edges of coxal plates of pereonites 1–3 straight, those of pereonites 4–7 curved (
<figureCitation box="[1168,1259,1760,1787]" captionStart="FIGURE 2" captionStartId="4.[151,250,1260,1284]" captionTargetBox="[160,1423,212,1225]" captionTargetId="figure-30@4.[151,1436,200,1236]" captionTargetPageId="4" captionText="FIGURE 2. Lucasioides altaicus sp. nov., female paratype:A—pereion edge; B—head; C—telson; D—antennula; E—antenna; F—pereopod 1; G—pereopod 6; H—pereopod 7." figureDoi="http://doi.org/10.5281/zenodo.4422842" httpUri="https://zenodo.org/record/4422842/files/figure.png" pageId="2" pageNumber="142">Fig. 2A</figureCitation>
). 
<emphasis box="[1279,1340,1760,1786]" italics="true" pageId="2" pageNumber="142">Head</emphasis>
covered with scattered, sharp, triangular, dorsal setae (
<figureCitation box="[661,748,1796,1823]" captionStart="FIGURE 1" captionStartId="3.[151,250,1297,1321]" captionTargetBox="[170,1416,184,1266]" captionTargetId="figure-26@3.[164,1423,180,1272]" captionTargetPageId="3" captionText="FIGURE 1. Lucasioides altaicus sp. nov., A—male paratype, dorsal view; female paratype: B—head; C—antenna." figureDoi="http://doi.org/10.5281/zenodo.4422840" httpUri="https://zenodo.org/record/4422840/files/figure.png" pageId="2" pageNumber="142">Fig. 1B</figureCitation>
). 
<emphasis box="[769,949,1796,1822]" italics="true" pageId="2" pageNumber="142">Noduli laterales</emphasis>
on pereonites 1–4 located at approximately same distance to edge of coxal plates (
<figureCitation box="[593,687,1832,1859]" captionStart="FIGURE 2" captionStartId="4.[151,250,1260,1284]" captionTargetBox="[160,1423,212,1225]" captionTargetId="figure-30@4.[151,1436,200,1236]" captionTargetPageId="4" captionText="FIGURE 2. Lucasioides altaicus sp. nov., female paratype:A—pereion edge; B—head; C—telson; D—antennula; E—antenna; F—pereopod 1; G—pereopod 6; H—pereopod 7." figureDoi="http://doi.org/10.5281/zenodo.4422842" httpUri="https://zenodo.org/record/4422842/files/figure.png" pageId="2" pageNumber="142">Figs 2A</figureCitation>
, 
<figureCitation box="[701,717,1833,1859]" captionStart="FIGURE 3" captionStartId="5.[151,250,1545,1569]" captionTargetBox="[157,1430,243,1513]" captionTargetId="figure-66@5.[151,1436,236,1521]" captionTargetPageId="5" captionText="FIGURE 3. Lucasioides altaicus sp. nov., female paratype: A—pereionites 6, 7, pleon and telson; B—nodulis lateralis on pereonite 7; C—pereionites 1–3; D—nodulis lateralis on pereonite 2." figureDoi="http://doi.org/10.5281/zenodo.4422844" httpUri="https://zenodo.org/record/4422844/files/figure.png" pageId="2" pageNumber="142">3</figureCitation>
). Cephalic lobes poorly developed. Distal edge of median lobe rounded (
<figureCitation box="[258,349,1868,1895]" captionStart="FIGURE 1" captionStartId="3.[151,250,1297,1321]" captionTargetBox="[170,1416,184,1266]" captionTargetId="figure-26@3.[164,1423,180,1272]" captionTargetPageId="3" captionText="FIGURE 1. Lucasioides altaicus sp. nov., A—male paratype, dorsal view; female paratype: B—head; C—antenna." figureDoi="http://doi.org/10.5281/zenodo.4422840" httpUri="https://zenodo.org/record/4422840/files/figure.png" pageId="2" pageNumber="142">Figs 1B</figureCitation>
, 
<figureCitation box="[361,397,1869,1895]" captionStart="FIGURE 2" captionStartId="4.[151,250,1260,1284]" captionTargetBox="[160,1423,212,1225]" captionTargetId="figure-30@4.[151,1436,200,1236]" captionTargetPageId="4" captionText="FIGURE 2. Lucasioides altaicus sp. nov., female paratype:A—pereion edge; B—head; C—telson; D—antennula; E—antenna; F—pereopod 1; G—pereopod 6; H—pereopod 7." figureDoi="http://doi.org/10.5281/zenodo.4422842" httpUri="https://zenodo.org/record/4422842/files/figure.png" pageId="2" pageNumber="142">2B</figureCitation>
). Telson with an elongated distal part, distal corner forming a triangle (
<figureCitation box="[1192,1284,1868,1895]" captionStart="FIGURE 2" captionStartId="4.[151,250,1260,1284]" captionTargetBox="[160,1423,212,1225]" captionTargetId="figure-30@4.[151,1436,200,1236]" captionTargetPageId="4" captionText="FIGURE 2. Lucasioides altaicus sp. nov., female paratype:A—pereion edge; B—head; C—telson; D—antennula; E—antenna; F—pereopod 1; G—pereopod 6; H—pereopod 7." figureDoi="http://doi.org/10.5281/zenodo.4422842" httpUri="https://zenodo.org/record/4422842/files/figure.png" pageId="2" pageNumber="142">Figs 2C</figureCitation>
, 
<figureCitation box="[1296,1333,1869,1895]" captionStart="FIGURE 3" captionStartId="5.[151,250,1545,1569]" captionTargetBox="[157,1430,243,1513]" captionTargetId="figure-66@5.[151,1436,236,1521]" captionTargetPageId="5" captionText="FIGURE 3. Lucasioides altaicus sp. nov., female paratype: A—pereionites 6, 7, pleon and telson; B—nodulis lateralis on pereonite 7; C—pereionites 1–3; D—nodulis lateralis on pereonite 2." figureDoi="http://doi.org/10.5281/zenodo.4422844" httpUri="https://zenodo.org/record/4422844/files/figure.png" pageId="2" pageNumber="142">3A</figureCitation>
).
</paragraph>
<paragraph blockId="2.[151,1437,1148,2039]" pageId="2" pageNumber="142">
<emphasis box="[199,314,1904,1930]" italics="true" pageId="2" pageNumber="142">Antennula</emphasis>
with three articles (
<figureCitation box="[534,624,1904,1931]" captionStart="FIGURE 2" captionStartId="4.[151,250,1260,1284]" captionTargetBox="[160,1423,212,1225]" captionTargetId="figure-30@4.[151,1436,200,1236]" captionTargetPageId="4" captionText="FIGURE 2. Lucasioides altaicus sp. nov., female paratype:A—pereion edge; B—head; C—telson; D—antennula; E—antenna; F—pereopod 1; G—pereopod 6; H—pereopod 7." figureDoi="http://doi.org/10.5281/zenodo.4422842" httpUri="https://zenodo.org/record/4422842/files/figure.png" pageId="2" pageNumber="142">Fig. 2D</figureCitation>
); first article wide and long; second article 0.5 times as long as first; third article narrow as almost as long as first article, bearing tuft of setae at apex. 
<emphasis box="[1022,1115,1941,1967]" italics="true" pageId="2" pageNumber="142">Antenna</emphasis>
of medium length, reaching pereonite 3; flagellum with two articles, proximal article slightly shorter than distal one (
<figureCitation box="[1147,1238,1976,2003]" captionStart="FIGURE 1" captionStartId="3.[151,250,1297,1321]" captionTargetBox="[170,1416,184,1266]" captionTargetId="figure-26@3.[164,1423,180,1272]" captionTargetPageId="3" captionText="FIGURE 1. Lucasioides altaicus sp. nov., A—male paratype, dorsal view; female paratype: B—head; C—antenna." figureDoi="http://doi.org/10.5281/zenodo.4422840" httpUri="https://zenodo.org/record/4422840/files/figure.png" pageId="2" pageNumber="142">Figs 1C</figureCitation>
, 
<figureCitation box="[1251,1286,1977,2003]" captionStart="FIGURE 2" captionStartId="4.[151,250,1260,1284]" captionTargetBox="[160,1423,212,1225]" captionTargetId="figure-30@4.[151,1436,200,1236]" captionTargetPageId="4" captionText="FIGURE 2. Lucasioides altaicus sp. nov., female paratype:A—pereion edge; B—head; C—telson; D—antennula; E—antenna; F—pereopod 1; G—pereopod 6; H—pereopod 7." figureDoi="http://doi.org/10.5281/zenodo.4422842" httpUri="https://zenodo.org/record/4422842/files/figure.png" pageId="2" pageNumber="142">2E</figureCitation>
). Aesthetascs absent from apical articles of antenna.
</paragraph>
<caption ID-DOI="http://doi.org/10.5281/zenodo.4422840" ID-Zenodo-Dep="4422840" box="[151,1325,1297,1321]" httpUri="https://zenodo.org/record/4422840/files/figure.png" pageId="3" pageNumber="143" startId="3.[151,250,1297,1321]" targetBox="[170,1416,184,1266]" targetPageId="3">
<paragraph blockId="3.[151,1325,1297,1321]" box="[151,1325,1297,1321]" pageId="3" pageNumber="143">
<emphasis bold="true" box="[151,275,1297,1321]" pageId="3" pageNumber="143">FIGURE 1.</emphasis>
<taxonomicName authority="Gongalsky &amp; Nefediev &amp; Turbanov, 2021" authorityName="Gongalsky &amp; Nefediev &amp; Turbanov" authorityYear="2021" box="[281,489,1297,1321]" class="Malacostraca" family="Trachelipodidae" genus="Lucasioides" kingdom="Animalia" order="Isopoda" pageId="3" pageNumber="143" phylum="Arthropoda" rank="species" species="altaicus" status="sp. nov.">
<emphasis box="[281,489,1297,1321]" italics="true" pageId="3" pageNumber="143">Lucasioides altaicus</emphasis>
</taxonomicName>
<emphasis bold="true" box="[495,576,1297,1321]" pageId="3" pageNumber="143">
<taxonomicNameLabel box="[495,576,1297,1321]" pageId="3" pageNumber="143" rank="species">sp. nov.</taxonomicNameLabel>
</emphasis>
, A—male paratype, dorsal view; female paratype: B—head; C—antenna.
</paragraph>
</caption>
<paragraph blockId="3.[151,1437,1403,2042]" pageId="3" pageNumber="143">
<emphasis box="[199,356,1403,1429]" italics="true" pageId="3" pageNumber="143">Left mandible</emphasis>
(
<figureCitation box="[374,464,1403,1429]" captionStart="FIGURE 4" captionStartId="6.[151,250,1020,1044]" captionTargetBox="[157,1432,185,991]" captionTargetId="figure-17@6.[151,1437,180,995]" captionTargetPageId="6" captionText="FIGURE 4. Lucasioides altaicus sp. nov., female paratype: A—left mandible; B—right mandible; C—maxillula; D—maxilla; E—maxilliped." figureDoi="http://doi.org/10.5281/zenodo.4422846" httpUri="https://zenodo.org/record/4422846/files/figure.png" pageId="3" pageNumber="143">Fig. 4A</figureCitation>
) with molar process carrying two teeth and 
<emphasis box="[978,1147,1403,1429]" italics="true" pageId="3" pageNumber="143">lacinia mobilis</emphasis>
with straight edge. Lobe covered by setae with three plumose penicils followed by row of 18–20 penicils located basal to 
<emphasis box="[1279,1357,1439,1465]" italics="true" pageId="3" pageNumber="143">lacinia</emphasis>
. Right mandible smaller than left mandible, molar process with thee teeth and 
<emphasis box="[952,1119,1475,1501]" italics="true" pageId="3" pageNumber="143">lacinia mobilis</emphasis>
with two teeth and hairy bilobate lobe with row of 18–20 penicils (
<figureCitation box="[597,685,1511,1537]" captionStart="FIGURE 4" captionStartId="6.[151,250,1020,1044]" captionTargetBox="[157,1432,185,991]" captionTargetId="figure-17@6.[151,1437,180,995]" captionTargetPageId="6" captionText="FIGURE 4. Lucasioides altaicus sp. nov., female paratype: A—left mandible; B—right mandible; C—maxillula; D—maxilla; E—maxilliped." figureDoi="http://doi.org/10.5281/zenodo.4422846" httpUri="https://zenodo.org/record/4422846/files/figure.png" pageId="3" pageNumber="143">Fig. 4B</figureCitation>
). 
<emphasis box="[705,814,1511,1537]" italics="true" pageId="3" pageNumber="143">Maxillula</emphasis>
(
<figureCitation box="[829,915,1511,1537]" captionStart="FIGURE 4" captionStartId="6.[151,250,1020,1044]" captionTargetBox="[157,1432,185,991]" captionTargetId="figure-17@6.[151,1437,180,995]" captionTargetPageId="6" captionText="FIGURE 4. Lucasioides altaicus sp. nov., female paratype: A—left mandible; B—right mandible; C—maxillula; D—maxilla; E—maxilliped." figureDoi="http://doi.org/10.5281/zenodo.4422846" httpUri="https://zenodo.org/record/4422846/files/figure.png" pageId="3" pageNumber="143">Fig. 4C</figureCitation>
) medial corner of inner endite with two strong hirsute setae.Apical edge of outer endite bearing nine spines divided into two groups; five medial spines slender and with split tips, and four lateral spines stouter and with simple tips. Tip of endite covered with brush of dense setae. 
<emphasis box="[151,238,1619,1645]" italics="true" pageId="3" pageNumber="143">Maxilla</emphasis>
with bilobate edge, medial half of apical edge of inner lobe with brush of short dense setae (
<figureCitation box="[1268,1359,1619,1645]" captionStart="FIGURE 4" captionStartId="6.[151,250,1020,1044]" captionTargetBox="[157,1432,185,991]" captionTargetId="figure-17@6.[151,1437,180,995]" captionTargetPageId="6" captionText="FIGURE 4. Lucasioides altaicus sp. nov., female paratype: A—left mandible; B—right mandible; C—maxillula; D—maxilla; E—maxilliped." figureDoi="http://doi.org/10.5281/zenodo.4422846" httpUri="https://zenodo.org/record/4422846/files/figure.png" pageId="3" pageNumber="143">Fig. 4D</figureCitation>
). Inner margin with a subapical tubercle. Maxilliped with outer corner of endite with two acute tips and large spine near inner corner (
<figureCitation box="[303,390,1691,1717]" captionStart="FIGURE 4" captionStartId="6.[151,250,1020,1044]" captionTargetBox="[157,1432,185,991]" captionTargetId="figure-17@6.[151,1437,180,995]" captionTargetPageId="6" captionText="FIGURE 4. Lucasioides altaicus sp. nov., female paratype: A—left mandible; B—right mandible; C—maxillula; D—maxilla; E—maxilliped." figureDoi="http://doi.org/10.5281/zenodo.4422846" httpUri="https://zenodo.org/record/4422846/files/figure.png" pageId="3" pageNumber="143">Fig. 4E</figureCitation>
). Basal article of endopod with large spine.
</paragraph>
<paragraph blockId="3.[151,1437,1403,2042]" box="[199,1131,1727,1754]" pageId="3" pageNumber="143">
<emphasis box="[199,318,1727,1753]" italics="true" pageId="3" pageNumber="143">Pereopods</emphasis>
(
<figureCitation box="[333,403,1727,1753]" captionStart="FIGURE 2" captionStartId="4.[151,250,1260,1284]" captionTargetBox="[160,1423,212,1225]" captionTargetId="figure-30@4.[151,1436,200,1236]" captionTargetPageId="4" captionText="FIGURE 2. Lucasioides altaicus sp. nov., female paratype:A—pereion edge; B—head; C—telson; D—antennula; E—antenna; F—pereopod 1; G—pereopod 6; H—pereopod 7." figureDoi="http://doi.org/10.5281/zenodo.4422842" httpUri="https://zenodo.org/record/4422842/files/figure.png" pageId="3" pageNumber="143">Figs 2</figureCitation>
F–H, 5). Ventral edge of male pereopod 7 carpus slightly curved.
</paragraph>
<paragraph blockId="3.[151,1437,1403,2042]" pageId="3" pageNumber="143">
<emphasis box="[199,296,1763,1789]" italics="true" pageId="3" pageNumber="143">Uropods</emphasis>
(
<figureCitation box="[312,401,1763,1789]" captionStart="FIGURE 1" captionStartId="3.[151,250,1297,1321]" captionTargetBox="[170,1416,184,1266]" captionTargetId="figure-26@3.[164,1423,180,1272]" captionTargetPageId="3" captionText="FIGURE 1. Lucasioides altaicus sp. nov., A—male paratype, dorsal view; female paratype: B—head; C—antenna." figureDoi="http://doi.org/10.5281/zenodo.4422840" httpUri="https://zenodo.org/record/4422840/files/figure.png" pageId="3" pageNumber="143">Fig. 1A</figureCitation>
, 
<figureCitation box="[413,446,1763,1789]" captionStart="FIGURE 2" captionStartId="4.[151,250,1260,1284]" captionTargetBox="[160,1423,212,1225]" captionTargetId="figure-30@4.[151,1436,200,1236]" captionTargetPageId="4" captionText="FIGURE 2. Lucasioides altaicus sp. nov., female paratype:A—pereion edge; B—head; C—telson; D—antennula; E—antenna; F—pereopod 1; G—pereopod 6; H—pereopod 7." figureDoi="http://doi.org/10.5281/zenodo.4422842" httpUri="https://zenodo.org/record/4422842/files/figure.png" pageId="3" pageNumber="143">2C</figureCitation>
) colored as dorsal surface of body. Exopods elongated, with widest part at 1/3 proximal distance (
<figureCitation box="[258,349,1799,1825]" captionStart="FIGURE 2" captionStartId="4.[151,250,1260,1284]" captionTargetBox="[160,1423,212,1225]" captionTargetId="figure-30@4.[151,1436,200,1236]" captionTargetPageId="4" captionText="FIGURE 2. Lucasioides altaicus sp. nov., female paratype:A—pereion edge; B—head; C—telson; D—antennula; E—antenna; F—pereopod 1; G—pereopod 6; H—pereopod 7." figureDoi="http://doi.org/10.5281/zenodo.4422842" httpUri="https://zenodo.org/record/4422842/files/figure.png" pageId="3" pageNumber="143">Figs 2C</figureCitation>
, 
<figureCitation box="[361,399,1799,1825]" captionStart="FIGURE 3" captionStartId="5.[151,250,1545,1569]" captionTargetBox="[157,1430,243,1513]" captionTargetId="figure-66@5.[151,1436,236,1521]" captionTargetPageId="5" captionText="FIGURE 3. Lucasioides altaicus sp. nov., female paratype: A—pereionites 6, 7, pleon and telson; B—nodulis lateralis on pereonite 7; C—pereionites 1–3; D—nodulis lateralis on pereonite 2." figureDoi="http://doi.org/10.5281/zenodo.4422844" httpUri="https://zenodo.org/record/4422844/files/figure.png" pageId="3" pageNumber="143">3A</figureCitation>
).
</paragraph>
<paragraph blockId="3.[151,1437,1403,2042]" pageId="3" pageNumber="143">
<emphasis bold="true" box="[199,258,1834,1861]" italics="true" pageId="3" pageNumber="143">Male</emphasis>
. Shape of genital papilla typical of the genus. All exopods at lateral margin with lungs. Exopod of 
<emphasis italics="true" pageId="3" pageNumber="143">pleopod 1</emphasis>
(
<figureCitation box="[180,273,1871,1897]" captionStart="FIGURE 6" captionStartId="7.[151,250,1970,1994]" captionTargetBox="[288,1300,1331,1942]" captionTargetId="figure-49@7.[283,1304,1328,1946]" captionTargetPageId="7" captionText="FIGURE 6. Lucasioides altaicus sp. nov., male paratype: A—exopod of pleopod 1; B—endopod of pleopod 2; C—exopod of pleopod 2; D—endopod of pleopod 2; E—exopod of pleopod 3; F—exopod of pleopod 4; G—exopod of pleopod 5." figureDoi="http://doi.org/10.5281/zenodo.4422850" httpUri="https://zenodo.org/record/4422850/files/figure.png" pageId="3" pageNumber="143">Figs 6A</figureCitation>
, 
<figureCitation box="[284,317,1872,1898]" captionStart="FIGURE 7" captionStartId="8.[151,250,1204,1228]" captionTargetBox="[297,1289,182,1176]" captionTargetId="figure-17@8.[293,1294,180,1179]" captionTargetPageId="8" captionText="FIGURE 7. Lucasioides altaicus sp. nov., male paratype: A—exopod and endopod of pleopod 2; B—exopod of pleopod 1; C, D—endopod of pleopod 2." figureDoi="http://doi.org/10.5281/zenodo.4422852" httpUri="https://zenodo.org/record/4422852/files/figure.png" pageId="3" pageNumber="143">7B</figureCitation>
) with long hind lobe bearing deep hollow and 9–10 setae at apex; inner margin slightly concave and devoid of setae. Endopod of pleopod 1 with a dorsal furrow and row of spines (
<figureCitation box="[1039,1131,1907,1933]" captionStart="FIGURE 6" captionStartId="7.[151,250,1970,1994]" captionTargetBox="[288,1300,1331,1942]" captionTargetId="figure-49@7.[283,1304,1328,1946]" captionTargetPageId="7" captionText="FIGURE 6. Lucasioides altaicus sp. nov., male paratype: A—exopod of pleopod 1; B—endopod of pleopod 2; C—exopod of pleopod 2; D—endopod of pleopod 2; E—exopod of pleopod 3; F—exopod of pleopod 4; G—exopod of pleopod 5." figureDoi="http://doi.org/10.5281/zenodo.4422850" httpUri="https://zenodo.org/record/4422850/files/figure.png" pageId="3" pageNumber="143">Figs 6B</figureCitation>
, 
<figureCitation box="[1142,1213,1907,1934]" captionStart="FIGURE 7" captionStartId="8.[151,250,1204,1228]" captionTargetBox="[297,1289,182,1176]" captionTargetId="figure-17@8.[293,1294,180,1179]" captionTargetPageId="8" captionText="FIGURE 7. Lucasioides altaicus sp. nov., male paratype: A—exopod and endopod of pleopod 2; B—exopod of pleopod 1; C, D—endopod of pleopod 2." figureDoi="http://doi.org/10.5281/zenodo.4422852" httpUri="https://zenodo.org/record/4422852/files/figure.png" pageId="3" pageNumber="143">7C, D</figureCitation>
). 
<emphasis box="[1233,1347,1907,1933]" italics="true" pageId="3" pageNumber="143">Pleopod 2</emphasis>
exopod triangular, with concave outer margin bearing 12 setae (
<figureCitation box="[784,876,1943,1969]" captionStart="FIGURE 6" captionStartId="7.[151,250,1970,1994]" captionTargetBox="[288,1300,1331,1942]" captionTargetId="figure-49@7.[283,1304,1328,1946]" captionTargetPageId="7" captionText="FIGURE 6. Lucasioides altaicus sp. nov., male paratype: A—exopod of pleopod 1; B—endopod of pleopod 2; C—exopod of pleopod 2; D—endopod of pleopod 2; E—exopod of pleopod 3; F—exopod of pleopod 4; G—exopod of pleopod 5." figureDoi="http://doi.org/10.5281/zenodo.4422850" httpUri="https://zenodo.org/record/4422850/files/figure.png" pageId="3" pageNumber="143">Figs 6C</figureCitation>
, 
<figureCitation box="[889,927,1943,1969]" captionStart="FIGURE 7" captionStartId="8.[151,250,1204,1228]" captionTargetBox="[297,1289,182,1176]" captionTargetId="figure-17@8.[293,1294,180,1179]" captionTargetPageId="8" captionText="FIGURE 7. Lucasioides altaicus sp. nov., male paratype: A—exopod and endopod of pleopod 2; B—exopod of pleopod 1; C, D—endopod of pleopod 2." figureDoi="http://doi.org/10.5281/zenodo.4422852" httpUri="https://zenodo.org/record/4422852/files/figure.png" pageId="3" pageNumber="143">7A</figureCitation>
); endopod much longer than exopod, narrow and parallel-sided (
<figureCitation box="[368,462,1979,2005]" captionStart="FIGURE 6" captionStartId="7.[151,250,1970,1994]" captionTargetBox="[288,1300,1331,1942]" captionTargetId="figure-49@7.[283,1304,1328,1946]" captionTargetPageId="7" captionText="FIGURE 6. Lucasioides altaicus sp. nov., male paratype: A—exopod of pleopod 1; B—endopod of pleopod 2; C—exopod of pleopod 2; D—endopod of pleopod 2; E—exopod of pleopod 3; F—exopod of pleopod 4; G—exopod of pleopod 5." figureDoi="http://doi.org/10.5281/zenodo.4422850" httpUri="https://zenodo.org/record/4422850/files/figure.png" pageId="3" pageNumber="143">Figs 6D</figureCitation>
, 
<figureCitation box="[475,512,1979,2005]" captionStart="FIGURE 7" captionStartId="8.[151,250,1204,1228]" captionTargetBox="[297,1289,182,1176]" captionTargetId="figure-17@8.[293,1294,180,1179]" captionTargetPageId="8" captionText="FIGURE 7. Lucasioides altaicus sp. nov., male paratype: A—exopod and endopod of pleopod 2; B—exopod of pleopod 1; C, D—endopod of pleopod 2." figureDoi="http://doi.org/10.5281/zenodo.4422852" httpUri="https://zenodo.org/record/4422852/files/figure.png" pageId="3" pageNumber="143">7A</figureCitation>
). 
<emphasis box="[533,688,1979,2005]" italics="true" pageId="3" pageNumber="143">Pleopods 3–4</emphasis>
exopods (
<figureCitation box="[805,872,1979,2006]" captionStart="FIGURE 6" captionStartId="7.[151,250,1970,1994]" captionTargetBox="[288,1300,1331,1942]" captionTargetId="figure-49@7.[283,1304,1328,1946]" captionTargetPageId="7" captionText="FIGURE 6. Lucasioides altaicus sp. nov., male paratype: A—exopod of pleopod 1; B—endopod of pleopod 2; C—exopod of pleopod 2; D—endopod of pleopod 2; E—exopod of pleopod 3; F—exopod of pleopod 4; G—exopod of pleopod 5." figureDoi="http://doi.org/10.5281/zenodo.4422850" httpUri="https://zenodo.org/record/4422850/files/figure.png" pageId="3" pageNumber="143">Fig. 6</figureCitation>
E–G) trapezoidal, slightly decreasing in size from 3 to 4. 
<emphasis box="[229,343,2015,2041]" italics="true" pageId="3" pageNumber="143">Pleopod 5</emphasis>
exopod triangular.
</paragraph>
</subSubSection>
<subSubSection box="[199,1110,151,178]" pageId="4" pageNumber="144" type="etymology">
<paragraph blockId="4.[199,1110,151,178]" box="[199,1110,151,178]" pageId="4" pageNumber="144">
<emphasis bold="true" box="[199,334,151,177]" pageId="4" pageNumber="144">Etymology.</emphasis>
The specific epithet refers to the 
<emphasis box="[709,854,151,177]" italics="true" pageId="4" pageNumber="144">locus typicus</emphasis>
(the 
<collectingRegion box="[911,967,151,177]" country="Russia" name="Altay" pageId="4" pageNumber="144">Altai</collectingRegion>
Mountains).
</paragraph>
</subSubSection>
<caption ID-DOI="http://doi.org/10.5281/zenodo.4422842" ID-Zenodo-Dep="4422842" httpUri="https://zenodo.org/record/4422842/files/figure.png" pageId="4" pageNumber="144" startId="4.[151,250,1260,1284]" targetBox="[160,1423,212,1225]" targetPageId="4">
<paragraph blockId="4.[151,1437,1260,1320]" pageId="4" pageNumber="144">
<emphasis bold="true" box="[151,274,1260,1284]" pageId="4" pageNumber="144">FIGURE 2.</emphasis>
<taxonomicName authority="Gongalsky &amp; Nefediev &amp; Turbanov, 2021" authorityName="Gongalsky &amp; Nefediev &amp; Turbanov" authorityYear="2021" box="[279,485,1260,1284]" class="Malacostraca" family="Trachelipodidae" genus="Lucasioides" kingdom="Animalia" order="Isopoda" pageId="4" pageNumber="144" phylum="Arthropoda" rank="species" species="altaicus" status="sp. nov.">
<emphasis box="[279,485,1260,1284]" italics="true" pageId="4" pageNumber="144">Lucasioides altaicus</emphasis>
</taxonomicName>
<emphasis bold="true" box="[490,570,1260,1284]" pageId="4" pageNumber="144">
<taxonomicNameLabel box="[490,570,1260,1284]" pageId="4" pageNumber="144" rank="species">sp. nov.</taxonomicNameLabel>
</emphasis>
, female paratype: A—pereion edge; B—head; C—telson; D—antennula; E—antenna; F—pereopod 1; G—pereopod 6; H—pereopod 7.
</paragraph>
</caption>
<subSubSection pageId="4" pageNumber="144" type="distribution">
<paragraph blockId="4.[151,1437,1402,2041]" pageId="4" pageNumber="144">
<emphasis bold="true" box="[199,500,1402,1428]" pageId="4" pageNumber="144">Distribution and habitat.</emphasis>
The species has been collected in the lowlands of 
<collectingRegion box="[1075,1131,1402,1428]" country="Russia" name="Altay" pageId="4" pageNumber="144">Altai</collectingRegion>
Mountains in the environs of Charyshskoye Village. The area supports a steppe habitat with 
<taxonomicName box="[883,1082,1438,1465]" class="Magnoliopsida" family="Rosaceae" genus="Spiraea" kingdom="Plantae" order="Rosales" pageId="4" pageNumber="144" phylum="Tracheophyta" rank="species" species="chamaedrifolia">
<emphasis box="[883,1082,1438,1465]" italics="true" pageId="4" pageNumber="144">S. chamaedrifolia</emphasis>
</taxonomicName>
, 
<taxonomicName authorityName="Lamarck" authorityYear="1785" box="[1096,1264,1438,1465]" class="Magnoliopsida" family="Fabaceae" genus="Caragana" kingdom="Plantae" order="Fabales" pageId="4" pageNumber="144" phylum="Tracheophyta" rank="species" species="arborescens">
<emphasis box="[1096,1264,1438,1465]" italics="true" pageId="4" pageNumber="144">C. arborescens</emphasis>
</taxonomicName>
and 
<taxonomicName authorityName="Linnaeus" authorityYear="1753" box="[1318,1437,1439,1464]" class="Magnoliopsida" family="Caprifoliaceae" genus="Lonicera" kingdom="Plantae" order="Dipsacales" pageId="4" pageNumber="144" phylum="Tracheophyta" rank="species" species="tatarica">
<emphasis box="[1318,1437,1439,1464]" italics="true" pageId="4" pageNumber="144">L. tatarica</emphasis>
</taxonomicName>
bushes and scattered 
<taxonomicName box="[386,517,1474,1500]" class="Pinopsida" family="Pinaceae" genus="Pinus" kingdom="Plantae" order="Pinales" pageId="4" pageNumber="144" phylum="Tracheophyta" rank="species" species="sylvestris">
<emphasis box="[386,517,1474,1500]" italics="true" pageId="4" pageNumber="144">P. sylvestris</emphasis>
</taxonomicName>
, 
<taxonomicName authorityName="A.W.Roth" authorityYear="1788" box="[531,651,1474,1500]" class="Magnoliopsida" family="Betulaceae" genus="Betula" kingdom="Plantae" order="Fagales" pageId="4" pageNumber="144" phylum="Tracheophyta" rank="species" species="pendula">
<emphasis box="[531,651,1474,1500]" italics="true" pageId="4" pageNumber="144">B. pendula</emphasis>
</taxonomicName>
and 
<taxonomicName box="[704,817,1474,1500]" class="Magnoliopsida" family="Salicaceae" genus="Populus" kingdom="Plantae" order="Malpighiales" pageId="4" pageNumber="144" phylum="Tracheophyta" rank="species" species="tremula">
<emphasis box="[704,817,1474,1500]" italics="true" pageId="4" pageNumber="144">P. tremula</emphasis>
</taxonomicName>
stands with 
<taxonomicName box="[956,1154,1474,1501]" class="Magnoliopsida" family="Rosaceae" genus="Spiraea" kingdom="Plantae" order="Rosales" pageId="4" pageNumber="144" phylum="Tracheophyta" rank="species" species="chamaedrifolia">
<emphasis box="[956,1154,1474,1501]" italics="true" pageId="4" pageNumber="144">S. chamaedrifolia</emphasis>
</taxonomicName>
and 
<taxonomicName box="[1207,1356,1474,1500]" class="Magnoliopsida" family="Saxifragaceae" genus="Bergenia" kingdom="Animalia" order="Saxifragales" pageId="4" pageNumber="144" phylum="Tracheophyta" rank="species" species="crassifolia">
<emphasis box="[1207,1356,1474,1500]" italics="true" pageId="4" pageNumber="144">B. crassifolia</emphasis>
</taxonomicName>
, growing on the southern and northern rocky slopes of a mountain, respectively. The above is the first record of the genus 
<taxonomicName authority="Kwon, 1993" authorityName="Kwon" authorityYear="1993" box="[151,430,1546,1573]" class="Malacostraca" family="Trachelipodidae" genus="Lucasioides" kingdom="Animalia" order="Isopoda" pageId="4" pageNumber="144" phylum="Arthropoda" rank="genus">
<emphasis box="[151,285,1546,1572]" italics="true" pageId="4" pageNumber="144">Lucasioides</emphasis>
<bibRefCitation author="Kwon, D." box="[292,430,1546,1573]" pageId="4" pageNumber="144" pagination="133 - 158" refId="ref4911" refString="Kwon, D. (1993) Terrestrial Isopoda (Crustacea) from Korea. Korean Journal of Zoology, 36, 133 - 158." type="journal article" year="1993">Kwon, 1993</bibRefCitation>
</taxonomicName>
from 
<collectingCountry box="[499,576,1546,1572]" name="Russia" pageId="4" pageNumber="144">Russia</collectingCountry>
, showing its presently northwestern range limit.
</paragraph>
</subSubSection>
<subSubSection lastPageId="6" lastPageNumber="146" pageId="4" pageNumber="144" type="discussion">
<paragraph blockId="4.[151,1437,1402,2041]" lastBlockId="5.[151,1436,151,213]" lastPageId="5" lastPageNumber="145" pageId="4" pageNumber="144">
<emphasis bold="true" box="[199,315,1582,1608]" pageId="4" pageNumber="144">Remarks.</emphasis>
The new species is assigned to 
<taxonomicName authorityName="Kwon" authorityYear="1993" box="[675,809,1582,1608]" class="Malacostraca" family="Trachelipodidae" genus="Lucasioides" kingdom="Animalia" order="Isopoda" pageId="4" pageNumber="144" phylum="Arthropoda" rank="genus">
<emphasis box="[675,809,1582,1608]" italics="true" pageId="4" pageNumber="144">Lucasioides</emphasis>
</taxonomicName>
since it has five pairs of pleopodal lungs; the flagellum of antenna consisting of two articles, and the position of the 
<emphasis box="[830,1007,1618,1644]" italics="true" pageId="4" pageNumber="144">noduli laterales</emphasis>
distinctive for the genus. This species seems to be particularly close to 
<taxonomicName authorityName="Borutzky" authorityYear="1978" box="[532,829,1654,1680]" class="Malacostraca" family="Trachelipodidae" genus="Desertoniscus" kingdom="Animalia" order="Isopoda" pageId="4" pageNumber="144" phylum="Arthropoda" rank="species" species="mongolicus">
<emphasis box="[532,829,1654,1680]" italics="true" pageId="4" pageNumber="144">Desertoniscus mongolicus</emphasis>
</taxonomicName>
due to the similar shape of most body parts. Yet the taxonomic position of 
<taxonomicName authorityName="Borutzky" authorityYear="1978" box="[400,562,1690,1716]" class="Malacostraca" family="Trachelipodidae" genus="Desertoniscus" kingdom="Animalia" order="Isopoda" pageId="4" pageNumber="144" phylum="Arthropoda" rank="species" species="mongolicus">
<emphasis box="[400,562,1690,1716]" italics="true" pageId="4" pageNumber="144">D. mongolicus</emphasis>
</taxonomicName>
within 
<taxonomicName authorityName="Verhoeff" authorityYear="1930" box="[645,804,1691,1716]" class="Malacostraca" family="Trachelipodidae" genus="Desertoniscus" kingdom="Animalia" order="Isopoda" pageId="4" pageNumber="144" phylum="Arthropoda" rank="genus">
<emphasis box="[645,804,1691,1716]" italics="true" pageId="4" pageNumber="144">Desertoniscus</emphasis>
</taxonomicName>
needs to be revised. In the original description, 
<bibRefCitation author="Borutzky, E. V." pageId="4" pageNumber="144" pagination="3 - 21" refId="ref4293" refString="Borutzky, E. V. (1978) On the genus Desertoniscus Verhoeff, 1930. Sbornik Trudov Zoologicheskogo Muzeya MGU, 16, 3 - 21. [in Russian]" type="journal article" year="1978">Borutzky (1978)</bibRefCitation>
noted that 
<taxonomicName authorityName="Borutzky" authorityYear="1978" box="[351,514,1726,1752]" class="Malacostraca" family="Trachelipodidae" genus="Desertoniscus" kingdom="Animalia" order="Isopoda" pageId="4" pageNumber="144" phylum="Arthropoda" rank="species" species="mongolicus">
<emphasis box="[351,514,1726,1752]" italics="true" pageId="4" pageNumber="144">D. mongolicus</emphasis>
</taxonomicName>
occupies a position intermediate between the genera 
<taxonomicName authorityName="Verhoeff" authorityYear="1930" box="[1113,1272,1727,1752]" class="Malacostraca" family="Trachelipodidae" genus="Desertoniscus" kingdom="Animalia" order="Isopoda" pageId="4" pageNumber="144" phylum="Arthropoda" rank="genus">
<emphasis box="[1113,1272,1727,1752]" italics="true" pageId="4" pageNumber="144">Desertoniscus</emphasis>
</taxonomicName>
and 
<taxonomicName authorityName="Verhoeff" authorityYear="1930" class="Malacostraca" family="Trachelipodidae" genus="Mongoloniscus" kingdom="Animalia" order="Isopoda" pageId="4" pageNumber="144" phylum="Arthropoda" rank="genus">
<emphasis italics="true" pageId="4" pageNumber="144">Mongoloniscus</emphasis>
</taxonomicName>
, but in fact both 
<taxonomicName authorityName="Borutzky" authorityYear="1978" box="[407,569,1762,1788]" class="Malacostraca" family="Trachelipodidae" genus="Desertoniscus" kingdom="Animalia" order="Isopoda" pageId="4" pageNumber="144" phylum="Arthropoda" rank="species" species="mongolicus">
<emphasis box="[407,569,1762,1788]" italics="true" pageId="4" pageNumber="144">D. mongolicus</emphasis>
</taxonomicName>
and 
<taxonomicName authority="Gongalsky &amp; Nefediev &amp; Turbanov, 2021" authorityName="Gongalsky &amp; Nefediev &amp; Turbanov" authorityYear="2021" box="[621,738,1762,1788]" class="Malacostraca" family="Trachelipodidae" genus="Lucasioides" kingdom="Animalia" order="Isopoda" pageId="4" pageNumber="144" phylum="Arthropoda" rank="species" species="altaicus" status="sp. nov.">
<emphasis box="[621,738,1762,1788]" italics="true" pageId="4" pageNumber="144">L. altaicus</emphasis>
</taxonomicName>
<emphasis bold="true" box="[744,832,1762,1788]" pageId="4" pageNumber="144">
<taxonomicNameLabel box="[744,832,1762,1788]" pageId="4" pageNumber="144" rank="species">sp. nov.</taxonomicNameLabel>
</emphasis>
also bear characteristics of both 
<taxonomicName authorityName="Verhoeff" authorityYear="1917" box="[1193,1390,1762,1788]" class="Malacostraca" family="Trachelipodidae" genus="Protracheoniscus" kingdom="Animalia" order="Isopoda" pageId="4" pageNumber="144" phylum="Arthropoda" rank="genus">
<emphasis box="[1193,1390,1762,1788]" italics="true" pageId="4" pageNumber="144">Protracheoniscus</emphasis>
</taxonomicName>
and 
<taxonomicName authorityName="Kwon" authorityYear="1993" box="[151,285,1798,1824]" class="Malacostraca" family="Trachelipodidae" genus="Lucasioides" kingdom="Animalia" order="Isopoda" pageId="4" pageNumber="144" phylum="Arthropoda" rank="genus">
<emphasis box="[151,285,1798,1824]" italics="true" pageId="4" pageNumber="144">Lucasioides</emphasis>
</taxonomicName>
(e.g., the position of the 
<emphasis box="[572,749,1798,1824]" italics="true" pageId="4" pageNumber="144">noduli laterales</emphasis>
). However, these two species differ in the shape of the male exopod of pleopod 1: 
<taxonomicName authorityName="Borutzky" authorityYear="1978" box="[394,556,1834,1860]" class="Malacostraca" family="Trachelipodidae" genus="Desertoniscus" kingdom="Animalia" order="Isopoda" pageId="4" pageNumber="144" phylum="Arthropoda" rank="species" species="mongolicus">
<emphasis box="[394,556,1834,1860]" italics="true" pageId="4" pageNumber="144">D. mongolicus</emphasis>
</taxonomicName>
has a longer upper lobe at the tip, while in 
<taxonomicName authority="Gongalsky &amp; Nefediev &amp; Turbanov, 2021" authorityName="Gongalsky &amp; Nefediev &amp; Turbanov" authorityYear="2021" box="[1034,1152,1834,1860]" class="Malacostraca" family="Trachelipodidae" genus="Lucasioides" kingdom="Animalia" order="Isopoda" pageId="4" pageNumber="144" phylum="Arthropoda" rank="species" species="altaicus" status="sp. nov.">
<emphasis box="[1034,1152,1834,1860]" italics="true" pageId="4" pageNumber="144">L. altaicus</emphasis>
</taxonomicName>
<emphasis bold="true" box="[1158,1246,1834,1860]" pageId="4" pageNumber="144">
<taxonomicNameLabel box="[1158,1246,1834,1860]" pageId="4" pageNumber="144" rank="species">sp. nov.</taxonomicNameLabel>
</emphasis>
the lower lobe is longer; 
<taxonomicName authorityName="Borutzky" authorityYear="1978" box="[237,401,1870,1896]" class="Malacostraca" family="Trachelipodidae" genus="Desertoniscus" kingdom="Animalia" order="Isopoda" pageId="4" pageNumber="144" phylum="Arthropoda" rank="species" species="mongolicus">
<emphasis box="[237,401,1870,1896]" italics="true" pageId="4" pageNumber="144">D. mongolicus</emphasis>
</taxonomicName>
has antenna reaching only the posterior edge of tergite I, while they are longer in 
<taxonomicName authority="Gongalsky &amp; Nefediev &amp; Turbanov, 2021" authorityName="Gongalsky &amp; Nefediev &amp; Turbanov" authorityYear="2021" box="[1318,1437,1870,1896]" class="Malacostraca" family="Trachelipodidae" genus="Lucasioides" kingdom="Animalia" order="Isopoda" pageId="4" pageNumber="144" phylum="Arthropoda" rank="species" species="altaicus" status="sp. nov.">
<emphasis box="[1318,1437,1870,1896]" italics="true" pageId="4" pageNumber="144">L. altaicus</emphasis>
</taxonomicName>
<emphasis bold="true" box="[151,240,1906,1932]" pageId="4" pageNumber="144">
<taxonomicNameLabel box="[151,240,1906,1932]" pageId="4" pageNumber="144" rank="species">sp. nov.</taxonomicNameLabel>
</emphasis>
and reaching the posterior edge of tergite II. Within the genus 
<taxonomicName authorityName="Kwon" authorityYear="1993" box="[930,1064,1906,1932]" class="Malacostraca" family="Trachelipodidae" genus="Lucasioides" kingdom="Animalia" order="Isopoda" pageId="4" pageNumber="144" phylum="Arthropoda" rank="genus">
<emphasis box="[930,1064,1906,1932]" italics="true" pageId="4" pageNumber="144">Lucasioides</emphasis>
</taxonomicName>
, there are no species which could be mixed up with the new species. The morphologically closest species are 
<taxonomicName authority="(Arcangeli, 1927)" baseAuthorityName="Arcangeli" baseAuthorityYear="1927" box="[1000,1294,1942,1968]" class="Malacostraca" family="Trachelipodidae" genus="Lucasioides" kingdom="Animalia" order="Isopoda" pageId="4" pageNumber="144" phylum="Arthropoda" rank="species" species="isseli">
<emphasis box="[1000,1088,1942,1968]" italics="true" pageId="4" pageNumber="144">L. isseli</emphasis>
(
<bibRefCitation author="Arcangeli, A." box="[1102,1285,1942,1968]" pageId="4" pageNumber="144" pagination="211 - 269" refId="ref4177" refString="Arcangeli, A. (1927) Isopodi terrestri raccolti nell'Estreme Oriente dal Prof. Filippo Silvestri. Bollettino del Laboratorio di Zoologia Generale e Agraria del R. Istituto Superiore Agrario in Portici, 20, 211 - 269." type="journal article" year="1927">Arcangeli, 1927</bibRefCitation>
)
</taxonomicName>
from 
<collectingCountry box="[1362,1432,1942,1968]" name="China" pageId="4" pageNumber="144">China</collectingCountry>
, 
<taxonomicName authority="(Nunomura, 1987)" baseAuthorityName="Nunomura" baseAuthorityYear="1987" box="[151,491,1978,2004]" class="Malacostraca" family="Trachelipodidae" genus="Lucasioides" kingdom="Animalia" order="Isopoda" pageId="4" pageNumber="144" phylum="Arthropoda" rank="species" species="sinuosus">
<emphasis box="[151,276,1979,2004]" italics="true" pageId="4" pageNumber="144">L. sinuosus</emphasis>
(Nunomura, 1987)
</taxonomicName>
from 
<collectingCountry box="[558,626,1979,2005]" name="South Korea" pageId="4" pageNumber="144">Korea</collectingCountry>
and 
<collectingCountry box="[680,747,1979,2005]" name="Japan" pageId="4" pageNumber="144">Japan</collectingCountry>
, 
<taxonomicName authority="Nunomura 2008" authorityName="Nunomura" authorityYear="2008" box="[757,1113,1978,2005]" class="Malacostraca" family="Trachelipodidae" genus="Lucasioides" kingdom="Animalia" order="Isopoda" pageId="4" pageNumber="144" phylum="Arthropoda" rank="species" species="toyamaensis">
<emphasis box="[757,924,1979,2004]" italics="true" pageId="4" pageNumber="144">L. toyamaensis</emphasis>
<bibRefCitation author="Nunomura, N." box="[931,1113,1978,2005]" pageId="4" pageNumber="144" pagination="3 - 11" refId="ref5058" refString="Nunomura, N. (2008) Two new species of the genus Lucasioides (Crustacea, Isopod) from mole's tunnels of Nanto-shi, Toyama, middle Japan. Bulletin of the Toyama Science Museum, 31, 3 - 11." type="journal article" year="2008">Nunomura 2008</bibRefCitation>
</taxonomicName>
, 
<taxonomicName authority="Nunomura 2008" authorityName="Nunomura" authorityYear="2008" box="[1126,1432,1978,2005]" class="Malacostraca" family="Trachelipodidae" genus="Lucasioides" kingdom="Animalia" order="Isopoda" pageId="4" pageNumber="144" phylum="Arthropoda" rank="species" species="sagarai">
<emphasis box="[1126,1241,1979,2004]" italics="true" pageId="4" pageNumber="144">L. sagarai</emphasis>
<bibRefCitation author="Nunomura, N." box="[1247,1432,1978,2005]" pageId="4" pageNumber="144" pagination="3 - 11" refId="ref5058" refString="Nunomura, N. (2008) Two new species of the genus Lucasioides (Crustacea, Isopod) from mole's tunnels of Nanto-shi, Toyama, middle Japan. Bulletin of the Toyama Science Museum, 31, 3 - 11." type="journal article" year="2008">Nunomura 2008</bibRefCitation>
</taxonomicName>
, and 
<taxonomicName authority="Nunomura 2010" authorityName="Nunomura" authorityYear="2010" box="[199,529,2014,2041]" class="Malacostraca" family="Trachelipodidae" genus="Lucasioides" kingdom="Animalia" order="Isopoda" pageId="4" pageNumber="144" phylum="Arthropoda" rank="species" species="yokahatai">
<emphasis box="[199,339,2014,2040]" italics="true" pageId="4" pageNumber="144">L. yokahatai</emphasis>
<bibRefCitation author="Nunomura, N." box="[346,529,2014,2041]" pageId="4" pageNumber="144" pagination="33 - 37" refId="ref5101" refString="Nunomura, N. (2010) A new species of the genus Lucasioides (Crustacea: Isopoda) from nest material of Mogera imaizumii, Toyama-ken, central Japan. Bulletin of the Toyama Science Museum, 33, 33 - 37." type="journal article" year="2010">Nunomura 2010</bibRefCitation>
</taxonomicName>
from 
<collectingCountry box="[598,662,2015,2041]" name="Japan" pageId="4" pageNumber="144">Japan</collectingCountry>
(
<bibRefCitation author="Nunomura, N." box="[676,864,2014,2040]" pageId="4" pageNumber="144" pagination="3 - 11" refId="ref5058" refString="Nunomura, N. (2008) Two new species of the genus Lucasioides (Crustacea, Isopod) from mole's tunnels of Nanto-shi, Toyama, middle Japan. Bulletin of the Toyama Science Museum, 31, 3 - 11." type="journal article" year="2008">Nunomura 2008</bibRefCitation>
, 
<bibRefCitation author="Nunomura, N." box="[875,936,2014,2040]" pageId="4" pageNumber="144" pagination="33 - 37" refId="ref5101" refString="Nunomura, N. (2010) A new species of the genus Lucasioides (Crustacea: Isopoda) from nest material of Mogera imaizumii, Toyama-ken, central Japan. Bulletin of the Toyama Science Museum, 33, 33 - 37." type="journal article" year="2010">2010</bibRefCitation>
). The new species readily differs from all by the sharp and elongated telson, and in the shape of the exopod of pleopod 1. A molecular analysis is needed for the complex of those small species of 
<taxonomicName authorityName="Schmidt" authorityYear="2003" box="[535,655,187,213]" class="Malacostraca" family="Agnaridae" kingdom="Animalia" order="Isopoda" pageId="5" pageNumber="145" phylum="Arthropoda" rank="family">Agnaridae</taxonomicName>
, and a complete taxonomic revision of these sister genera is needed.
</paragraph>
<caption ID-DOI="http://doi.org/10.5281/zenodo.4422844" ID-Zenodo-Dep="4422844" httpUri="https://zenodo.org/record/4422844/files/figure.png" pageId="5" pageNumber="145" startId="5.[151,250,1545,1569]" targetBox="[157,1430,243,1513]" targetPageId="5">
<paragraph blockId="5.[151,1436,1545,1606]" pageId="5" pageNumber="145">
<emphasis bold="true" box="[151,275,1545,1569]" pageId="5" pageNumber="145">FIGURE 3.</emphasis>
<taxonomicName authority="Gongalsky &amp; Nefediev &amp; Turbanov, 2021" authorityName="Gongalsky &amp; Nefediev &amp; Turbanov" authorityYear="2021" box="[282,490,1545,1569]" class="Malacostraca" family="Trachelipodidae" genus="Lucasioides" kingdom="Animalia" order="Isopoda" pageId="5" pageNumber="145" phylum="Arthropoda" rank="species" species="altaicus" status="sp. nov.">
<emphasis box="[282,490,1545,1569]" italics="true" pageId="5" pageNumber="145">Lucasioides altaicus</emphasis>
</taxonomicName>
<emphasis bold="true" box="[497,578,1546,1570]" pageId="5" pageNumber="145">
<taxonomicNameLabel box="[497,578,1546,1570]" pageId="5" pageNumber="145" rank="species">sp. nov.</taxonomicNameLabel>
</emphasis>
, female paratype: A—pereionites 6, 7, pleon and telson; B—nodulis lateralis on pereonite 7; C—pereionites 1–3; D—nodulis lateralis on pereonite 2.
</paragraph>
</caption>
<paragraph blockId="5.[151,1437,1687,1930]" pageId="5" pageNumber="145">
<emphasis bold="true" box="[199,462,1687,1713]" pageId="5" pageNumber="145">Phylogenetic analysis.</emphasis>
A total of 11 nucleotide sequences were used to assess both species and intraspecific variation (
<figureCitation box="[266,335,1724,1750]" captionStart="FIGURE 8" captionStartId="8.[151,250,1942,1966]" captionTargetBox="[158,1428,1366,1911]" captionTargetId="figure-51@8.[151,1436,1359,1917]" captionTargetPageId="8" captionText="FIGURE 8. Phylogenetic reconstruction of selected species of family Agnaridae, based on the analysis of COI mtDNA gene sequences using the Bayesian analysis (BA) with the GTR + G + I evolutionary model for Maximum-Likelihood (ML), using Kimura2-parameter (K2P) model; bootstrap support for branch nodes shown for 1,000 replications." figureDoi="http://doi.org/10.5281/zenodo.4422854" httpUri="https://zenodo.org/record/4422854/files/figure.png" pageId="5" pageNumber="145">Fig. 8</figureCitation>
): two of them were obtained from 
<taxonomicName authority="Gongalsky &amp; Nefediev &amp; Turbanov, 2021" authorityName="Gongalsky &amp; Nefediev &amp; Turbanov" authorityYear="2021" box="[727,846,1724,1750]" class="Malacostraca" family="Trachelipodidae" genus="Lucasioides" kingdom="Animalia" order="Isopoda" pageId="5" pageNumber="145" phylum="Arthropoda" rank="species" species="altaicus" status="sp. nov.">
<emphasis box="[727,846,1724,1750]" italics="true" pageId="5" pageNumber="145">L. altaicus</emphasis>
</taxonomicName>
<emphasis bold="true" box="[853,943,1724,1750]" pageId="5" pageNumber="145">
<taxonomicNameLabel box="[853,943,1724,1750]" pageId="5" pageNumber="145" rank="species">sp. nov.</taxonomicNameLabel>
</emphasis>
, and further nine revealed earlier from 
<taxonomicName authority="(C. Koch, 1841)" baseAuthorityName="C. Koch" baseAuthorityYear="1841" class="Malacostraca" family="Trachelipodidae" genus="Protracheoniscus" kingdom="Animalia" order="Isopoda" pageId="5" pageNumber="145" phylum="Arthropoda" rank="species" species="politus">
<emphasis italics="true" pageId="5" pageNumber="145">Protracheoniscus politus</emphasis>
(C. Koch, 1841)
</taxonomicName>
from 
<collectingRegion box="[650,757,1760,1786]" country="Hungary" name="Budapest" pageId="5" pageNumber="145">Budapest</collectingRegion>
, 
<collectingCountry box="[769,868,1760,1786]" name="Hungary" pageId="5" pageNumber="145">Hungary</collectingCountry>
, 
<taxonomicName authority="Gongalsky et Turbanov, 2018" authorityName="Gongalsky et Turbanov" authorityYear="2018" box="[879,1404,1760,1786]" class="Malacostraca" family="Trachelipodidae" genus="Protracheoniscus" kingdom="Animalia" order="Isopoda" pageId="5" pageNumber="145" phylum="Arthropoda" rank="species" species="pokarzhevskii">
<emphasis box="[879,1061,1760,1786]" italics="true" pageId="5" pageNumber="145">P. pokarzhevskii</emphasis>
<bibRefCitation author="Gongalsky, K. B. &amp; Turbanov, I. S. &amp; Medvedev, D. A. &amp; Volkova, J. S." box="[1069,1404,1760,1786]" pageId="5" pageNumber="145" pagination="189 - 205" refId="ref4716" refString="Gongalsky, K. B., Turbanov, I. S., Medvedev, D. A. &amp; Volkova, J. S. (2018) Description of a new species of the genus Protracheoniscus Verhoeff, 1917 and redescription of Protracheoniscus kryszanovskii Borutzky, 1957 from the southeast of European Russia (Isopoda, Oniscidea, Agnaridae). ZooKeys, 801, 189 - 205. https: // doi. org / 10.3897 / zookeys. 801.23167" type="journal article" year="2018">Gongalsky et Turbanov, 2018</bibRefCitation>
</taxonomicName>
, 
<taxonomicName authority="Borutzky, 1957" authorityName="Borutzky" authorityYear="1957" class="Malacostraca" family="Trachelipodidae" genus="Protracheoniscus" kingdom="Animalia" order="Isopoda" pageId="5" pageNumber="145" phylum="Arthropoda" rank="species" species="kryszanovskii">
<emphasis italics="true" pageId="5" pageNumber="145">P. kryszanovskii</emphasis>
Borutzky, 1957
</taxonomicName>
, 
<taxonomicName authority="Demianowicz, 1932" authorityName="Demianowicz" authorityYear="1932" box="[493,854,1796,1822]" class="Malacostraca" family="Trachelipodidae" genus="Protracheoniscus" kingdom="Animalia" order="Isopoda" pageId="5" pageNumber="145" phylum="Arthropoda" rank="species" species="nogaicus">
<emphasis box="[493,620,1796,1821]" italics="true" pageId="5" pageNumber="145">P. nogaicus</emphasis>
Demianowicz, 1932
</taxonomicName>
, 
<taxonomicName authority="(Dollfus, 1903)" baseAuthorityName="Dollfus" baseAuthorityYear="1903" box="[864,1135,1796,1822]" class="Malacostraca" family="Trachelipodidae" genus="Protracheoniscus" kingdom="Animalia" order="Isopoda" pageId="5" pageNumber="145" phylum="Arthropoda" rank="species" species="major">
<emphasis box="[864,957,1796,1821]" italics="true" pageId="5" pageNumber="145">P. major</emphasis>
(Dollfus, 1903)
</taxonomicName>
and 
<taxonomicName authority="Gongalsky, 2017" authorityName="Gongalsky" authorityYear="2017" class="Malacostraca" family="Trachelipodidae" genus="Desertoniscus" kingdom="Animalia" order="Isopoda" pageId="5" pageNumber="145" phylum="Arthropoda" rank="species" species="zaitsevi">
<emphasis box="[1188,1436,1796,1821]" italics="true" pageId="5" pageNumber="145">Desertoniscus zaitsevi</emphasis>
Gongalsky, 2017
</taxonomicName>
from the Republic of 
<collectingRegion box="[594,707,1832,1858]" country="Russia" name="Kalmykiya" pageId="5" pageNumber="145">Kalmykia</collectingRegion>
, 
<collectingCountry box="[720,795,1832,1858]" name="Russia" pageId="5" pageNumber="145">Russia</collectingCountry>
(
<bibRefCitation author="Gongalsky, K. B. &amp; Turbanov, I. S. &amp; Medvedev, D. A. &amp; Volkova, J. S." box="[810,1067,1832,1858]" pageId="5" pageNumber="145" pagination="189 - 205" refId="ref4716" refString="Gongalsky, K. B., Turbanov, I. S., Medvedev, D. A. &amp; Volkova, J. S. (2018) Description of a new species of the genus Protracheoniscus Verhoeff, 1917 and redescription of Protracheoniscus kryszanovskii Borutzky, 1957 from the southeast of European Russia (Isopoda, Oniscidea, Agnaridae). ZooKeys, 801, 189 - 205. https: // doi. org / 10.3897 / zookeys. 801.23167" type="journal article" year="2018">
Gongalsky 
<emphasis box="[941,991,1832,1858]" italics="true" pageId="5" pageNumber="145">et al</emphasis>
. 2018
</bibRefCitation>
). The loci of the 
<emphasis box="[1260,1308,1832,1858]" italics="true" pageId="5" pageNumber="145">COI</emphasis>
mtDNA of 
<taxonomicName authority="(Brandt, 1833)" baseAuthorityName="Brandt" baseAuthorityYear="1833" box="[151,545,1868,1894]" class="Malacostraca" family="Trachelipodidae" genus="Hemilepistus" kingdom="Animalia" order="Isopoda" pageId="5" pageNumber="145" phylum="Arthropoda" rank="species" species="klugii">
<emphasis box="[151,370,1868,1894]" italics="true" pageId="5" pageNumber="145">Hemilepistus klugii</emphasis>
(Brandt, 1833)
</taxonomicName>
and 
<taxonomicName authority="Lincoln, 1970" authorityName="Lincoln" authorityYear="1970" box="[603,895,1868,1894]" class="Malacostraca" family="Trachelipodidae" genus="Hemilepistus" kingdom="Animalia" order="Isopoda" pageId="5" pageNumber="145" phylum="Arthropoda" rank="species" species="schirasi">
<emphasis box="[603,728,1868,1894]" italics="true" pageId="5" pageNumber="145">H. schirasi</emphasis>
Lincoln, 1970
</taxonomicName>
from 
<collectingCountry box="[967,1012,1868,1894]" name="Iran" pageId="5" pageNumber="145">Iran</collectingCountry>
(
<bibRefCitation author="Dimitriou, A. C. &amp; Taiti, S. &amp; Schmalfuss, H. &amp; Sfenthourakis, S." box="[1028,1274,1868,1894]" pageId="5" pageNumber="145" pagination="163 - 176" refId="ref4455" refString="Dimitriou, A. C., Taiti, S., Schmalfuss, H. &amp; Sfenthourakis, S. (2018) A molecular phylogeny of Porcellionidae (Isopoda, Oniscidea) reveals inconsistencies with present taxonomy. ZooKeys, 801, 163 - 176. https: // doi. org / 10.3897 / zookeys. 801.23566" type="journal article" year="2018">
Dimitriou 
<emphasis box="[1149,1200,1868,1894]" italics="true" pageId="5" pageNumber="145">et al</emphasis>
. 2018
</bibRefCitation>
) were used as outgroup taxa.
</paragraph>
<caption ID-DOI="http://doi.org/10.5281/zenodo.4422846" ID-Zenodo-Dep="4422846" httpUri="https://zenodo.org/record/4422846/files/figure.png" pageId="6" pageNumber="146" startId="6.[151,250,1020,1044]" targetBox="[157,1432,185,991]" targetPageId="6">
<paragraph blockId="6.[151,1437,1020,1080]" pageId="6" pageNumber="146">
<emphasis bold="true" box="[151,275,1020,1044]" pageId="6" pageNumber="146">FIGURE 4.</emphasis>
<taxonomicName authority="Gongalsky &amp; Nefediev &amp; Turbanov, 2021" authorityName="Gongalsky &amp; Nefediev &amp; Turbanov" authorityYear="2021" box="[281,489,1020,1044]" class="Malacostraca" family="Trachelipodidae" genus="Lucasioides" kingdom="Animalia" order="Isopoda" pageId="6" pageNumber="146" phylum="Arthropoda" rank="species" species="altaicus" status="sp. nov.">
<emphasis box="[281,489,1020,1044]" italics="true" pageId="6" pageNumber="146">Lucasioides altaicus</emphasis>
</taxonomicName>
<emphasis bold="true" box="[495,576,1020,1044]" pageId="6" pageNumber="146">
<taxonomicNameLabel box="[495,576,1020,1044]" pageId="6" pageNumber="146" rank="species">sp. nov.</taxonomicNameLabel>
</emphasis>
, female paratype: A—left mandible; B—right mandible; C—maxillula; D—maxilla; E—maxilliped.
</paragraph>
</caption>
<paragraph blockId="6.[151,1437,1162,1513]" pageId="6" pageNumber="146">
An analysis of the average values of pairwise sequence divergences (
<emphasis box="[966,980,1163,1188]" italics="true" pageId="6" pageNumber="146">p</emphasis>
-distances) of partial 
<emphasis box="[1216,1264,1163,1189]" italics="true" pageId="6" pageNumber="146">COI</emphasis>
mtDNA (
<tableCitation captionStart="TABLE 2" captionStartId="6.[151,239,1560,1584]" captionTargetPageId="6" captionText="TABLE 2. Estimates of pairwise sequence divergence (uncorrected p-distances) of the gene COI mtDNA haplotypes between Lucasioides altaicus sp. nov. and eight species of Agnaridae." pageId="6" pageNumber="146">Table 2</tableCitation>
) shows that the intraspecific difference of two 
<emphasis box="[703,745,1198,1224]" italics="true" pageId="6" pageNumber="146">loci</emphasis>
of 
<taxonomicName authority="Gongalsky &amp; Nefediev &amp; Turbanov, 2021" authorityName="Gongalsky &amp; Nefediev &amp; Turbanov" authorityYear="2021" box="[784,904,1198,1224]" class="Malacostraca" family="Trachelipodidae" genus="Lucasioides" kingdom="Animalia" order="Isopoda" pageId="6" pageNumber="146" phylum="Arthropoda" rank="species" species="altaicus" status="sp. nov.">
<emphasis box="[784,904,1198,1224]" italics="true" pageId="6" pageNumber="146">L. altaicus</emphasis>
</taxonomicName>
<emphasis bold="true" box="[912,1002,1198,1224]" pageId="6" pageNumber="146">
<taxonomicNameLabel box="[912,1002,1198,1224]" pageId="6" pageNumber="146" rank="species">sp. nov.</taxonomicNameLabel>
</emphasis>
is 0%, which indicates their complete identity. Within the considered species, 
<emphasis box="[602,616,1235,1260]" italics="true" pageId="6" pageNumber="146">p</emphasis>
-distances range from 15.7% between 
<taxonomicName authority="Gongalsky &amp; Nefediev &amp; Turbanov, 2021" authorityName="Gongalsky &amp; Nefediev &amp; Turbanov" authorityYear="2021" box="[1052,1171,1234,1260]" class="Malacostraca" family="Trachelipodidae" genus="Lucasioides" kingdom="Animalia" order="Isopoda" pageId="6" pageNumber="146" phylum="Arthropoda" rank="species" species="altaicus" status="sp. nov.">
<emphasis box="[1052,1171,1234,1260]" italics="true" pageId="6" pageNumber="146">L. altaicus</emphasis>
</taxonomicName>
<emphasis bold="true" box="[1179,1270,1234,1260]" pageId="6" pageNumber="146">
<taxonomicNameLabel box="[1179,1270,1234,1260]" pageId="6" pageNumber="146" rank="species">sp. nov.</taxonomicNameLabel>
</emphasis>
and 
<taxonomicName authorityName="Borutzky" authorityYear="1957" class="Malacostraca" family="Trachelipodidae" genus="Protracheoniscus" kingdom="Animalia" order="Isopoda" pageId="6" pageNumber="146" phylum="Arthropoda" rank="species" species="kryszanovskii">
<emphasis italics="true" pageId="6" pageNumber="146">P. kryszanovskii</emphasis>
</taxonomicName>
up to 24.9% between 
<taxonomicName baseAuthorityName="C. Koch" baseAuthorityYear="1841" box="[491,597,1270,1296]" class="Malacostraca" family="Trachelipodidae" genus="Protracheoniscus" kingdom="Animalia" order="Isopoda" pageId="6" pageNumber="146" phylum="Arthropoda" rank="species" species="politus">
<emphasis box="[491,597,1270,1296]" italics="true" pageId="6" pageNumber="146">P. politus</emphasis>
</taxonomicName>
and 
<taxonomicName baseAuthorityName="Dollfus" baseAuthorityYear="1903" box="[655,752,1271,1296]" class="Malacostraca" family="Trachelipodidae" genus="Protracheoniscus" kingdom="Animalia" order="Isopoda" pageId="6" pageNumber="146" phylum="Arthropoda" rank="species" species="major">
<emphasis box="[655,752,1271,1296]" italics="true" pageId="6" pageNumber="146">P. major</emphasis>
</taxonomicName>
. Similar genetic distances correspond to possible variations within the 
<emphasis box="[271,319,1307,1333]" italics="true" pageId="6" pageNumber="146">COI</emphasis>
mtDNA gene for woodlice (
<bibRefCitation author="Dimitriou, A. C. &amp; Taiti, S. &amp; Schmalfuss, H. &amp; Sfenthourakis, S." box="[638,882,1306,1333]" pageId="6" pageNumber="146" pagination="163 - 176" refId="ref4455" refString="Dimitriou, A. C., Taiti, S., Schmalfuss, H. &amp; Sfenthourakis, S. (2018) A molecular phylogeny of Porcellionidae (Isopoda, Oniscidea) reveals inconsistencies with present taxonomy. ZooKeys, 801, 163 - 176. https: // doi. org / 10.3897 / zookeys. 801.23566" type="journal article" year="2018">
Dimitriou 
<emphasis box="[758,807,1306,1332]" italics="true" pageId="6" pageNumber="146">et al</emphasis>
. 2018
</bibRefCitation>
).
</paragraph>
<paragraph blockId="6.[151,1437,1162,1513]" pageId="6" pageNumber="146">
It seems noteworthy that 
<taxonomicName authorityName="Gongalsky" authorityYear="2017" box="[487,606,1343,1368]" class="Malacostraca" family="Trachelipodidae" genus="Desertoniscus" kingdom="Animalia" order="Isopoda" pageId="6" pageNumber="146" phylum="Arthropoda" rank="species" species="zaitsevi">
<emphasis box="[487,606,1343,1368]" italics="true" pageId="6" pageNumber="146">D. zaitsevi</emphasis>
</taxonomicName>
falls within the 
<emphasis box="[792,806,1343,1368]" italics="true" pageId="6" pageNumber="146">p</emphasis>
-distances range for the genus 
<taxonomicName authorityName="Verhoeff" authorityYear="1917" box="[1153,1349,1342,1368]" class="Malacostraca" family="Trachelipodidae" genus="Protracheoniscus" kingdom="Animalia" order="Isopoda" pageId="6" pageNumber="146" phylum="Arthropoda" rank="genus">
<emphasis box="[1153,1349,1342,1368]" italics="true" pageId="6" pageNumber="146">Protracheoniscus</emphasis>
</taxonomicName>
, whose average values of pairwise sequence divergences reach 18.0% with 
<taxonomicName baseAuthorityName="Dollfus" baseAuthorityYear="1903" box="[919,1014,1379,1404]" class="Malacostraca" family="Trachelipodidae" genus="Protracheoniscus" kingdom="Animalia" order="Isopoda" pageId="6" pageNumber="146" phylum="Arthropoda" rank="species" species="major">
<emphasis box="[919,1014,1379,1404]" italics="true" pageId="6" pageNumber="146">P. major</emphasis>
</taxonomicName>
and 23.4% with 
<taxonomicName authorityName="Demianowicz" authorityYear="1932" box="[1209,1338,1379,1404]" class="Malacostraca" family="Trachelipodidae" genus="Protracheoniscus" kingdom="Animalia" order="Isopoda" pageId="6" pageNumber="146" phylum="Arthropoda" rank="species" species="nogaicus">
<emphasis box="[1209,1338,1379,1404]" italics="true" pageId="6" pageNumber="146">P. nogaicus</emphasis>
</taxonomicName>
. 
<taxonomicName authorityName="Verhoeff" authorityYear="1917" class="Malacostraca" family="Trachelipodidae" genus="Protracheoniscus" kingdom="Animalia" order="Isopoda" pageId="6" pageNumber="146" phylum="Arthropoda" rank="genus">
<emphasis italics="true" pageId="6" pageNumber="146">Protracheoniscus</emphasis>
</taxonomicName>
appears to be paraphyletic (
<figureCitation box="[594,663,1414,1440]" captionStart="FIGURE 8" captionStartId="8.[151,250,1942,1966]" captionTargetBox="[158,1428,1366,1911]" captionTargetId="figure-51@8.[151,1436,1359,1917]" captionTargetPageId="8" captionText="FIGURE 8. Phylogenetic reconstruction of selected species of family Agnaridae, based on the analysis of COI mtDNA gene sequences using the Bayesian analysis (BA) with the GTR + G + I evolutionary model for Maximum-Likelihood (ML), using Kimura2-parameter (K2P) model; bootstrap support for branch nodes shown for 1,000 replications." figureDoi="http://doi.org/10.5281/zenodo.4422854" httpUri="https://zenodo.org/record/4422854/files/figure.png" pageId="6" pageNumber="146">Fig. 8</figureCitation>
). However, this aspect and the question of the validity of the genera 
<taxonomicName authority="Verhoeff, 1930" authorityName="Verhoeff" authorityYear="1930" box="[151,487,1450,1476]" class="Malacostraca" family="Trachelipodidae" genus="Desertoniscus" kingdom="Animalia" order="Isopoda" pageId="6" pageNumber="146" phylum="Arthropoda" rank="genus">
<emphasis box="[151,310,1451,1476]" italics="true" pageId="6" pageNumber="146">Desertoniscus</emphasis>
Verhoeff, 1930
</taxonomicName>
and 
<taxonomicName authority="Kwon, 1993" authorityName="Kwon" authorityYear="1993" box="[544,826,1450,1477]" class="Malacostraca" family="Trachelipodidae" genus="Lucasioides" kingdom="Animalia" order="Isopoda" pageId="6" pageNumber="146" phylum="Arthropoda" rank="genus">
<emphasis box="[544,678,1450,1476]" italics="true" pageId="6" pageNumber="146">Lucasioides</emphasis>
<bibRefCitation author="Kwon, D." box="[686,826,1450,1477]" pageId="6" pageNumber="146" pagination="133 - 158" refId="ref4911" refString="Kwon, D. (1993) Terrestrial Isopoda (Crustacea) from Korea. Korean Journal of Zoology, 36, 133 - 158." type="journal article" year="1993">Kwon, 1993</bibRefCitation>
</taxonomicName>
is to be left outside present paper, requiring a special study based on a more representative material.
</paragraph>
</subSubSection>
</treatment>
</document>