<document ID-DOI="http://doi.org/10.5281/zenodo.4582304" ID-GBIF-Dataset="02750558-eeb0-417a-813c-7c34b00a1979" ID-ISSN="1175-5326" ID-Zenodo-Dep="4582304" ID-ZooBank="872AB368-FAFB-499B-B3E5-FB08BAC911A7" _generate="added" checkinTime="1614596704127" checkinUser="plazi" docAuthor="Orel, Oksana V." docDate="2021" docId="039CAA64604AFFC2FF633EC9D534FB45" docLanguage="en" docName="zootaxa.4938.3.1.pdf" docOrigin="Zootaxa 4938 (3)" docStyle="DocumentStyle:647186512141C8FC8976D5BCC54AEB7D.6:Zootaxa.2013.journal_article" docStyleId="647186512141C8FC8976D5BCC54AEB7D" docStyleName="Zootaxa.2013.journal_article" docStyleVersion="6" docTitle="Neozavrelia minuta Linevich 1963" docType="treatment" docVersion="6" lastPageId="21" lastPageNumber="272" masterDocId="FFA5D21C6059FFD7FFF43E5ED642FFAC" masterDocTitle="Revision of the genus Neozavrelia Goetghebuer, Thienemann, 1941 (Diptera Chironomidae) from Eastern Siberia and the Russian Far East, with the description of new species" masterLastPageNumber="297" masterPageNumber="251" pageId="19" pageNumber="270" updateTime="1614882829719" updateUser="felipe" zenodo-license-document="CLOSED">
<mods:mods xmlns:mods="http://www.loc.gov/mods/v3">
<mods:titleInfo>
<mods:title>Revision of the genus Neozavrelia Goetghebuer, Thienemann, 1941 (Diptera Chironomidae) from Eastern Siberia and the Russian Far East, with the description of new species</mods:title>
</mods:titleInfo>
<mods:name type="personal">
<mods:role>
<mods:roleTerm>Author</mods:roleTerm>
</mods:role>
<mods:namePart>Orel, Oksana V.</mods:namePart>
</mods:name>
<mods:typeOfResource>text</mods:typeOfResource>
<mods:relatedItem type="host">
<mods:titleInfo>
<mods:title>Zootaxa</mods:title>
</mods:titleInfo>
<mods:part>
<mods:date>2021</mods:date>
<mods:detail type="pubDate">
<mods:number>2021-03-01</mods:number>
</mods:detail>
<mods:detail type="volume">
<mods:number>4938</mods:number>
</mods:detail>
<mods:detail type="issue">
<mods:number>3</mods:number>
</mods:detail>
<mods:extent unit="page">
<mods:start>251</mods:start>
<mods:end>297</mods:end>
</mods:extent>
</mods:part>
</mods:relatedItem>
<mods:classification>journal article</mods:classification>
<mods:identifier type="DOI">https://doi.org/10.11646/zootaxa.4938.3.1</mods:identifier>
<mods:identifier type="GBIF-Dataset">02750558-eeb0-417a-813c-7c34b00a1979</mods:identifier>
<mods:identifier type="ISSN">1175-5326</mods:identifier>
<mods:identifier type="Zenodo-Dep">4569580</mods:identifier>
<mods:identifier type="ZooBank">872AB368-FAFB-499B-B3E5-FB08BAC911A7</mods:identifier>
</mods:mods>
<treatment ID-DOI="http://doi.org/10.5281/zenodo.4582304" ID-Zenodo-Dep="4582304" LSID="urn:lsid:plazi:treatment:039CAA64604AFFC2FF633EC9D534FB45" httpUri="http://treatment.plazi.org/id/039CAA64604AFFC2FF633EC9D534FB45" lastPageId="21" lastPageNumber="272" pageId="19" pageNumber="270">
<subSubSection box="[151,597,151,178]" pageId="19" pageNumber="270" type="nomenclature">
<paragraph blockId="19.[151,597,151,214]" box="[151,597,151,178]" pageId="19" pageNumber="270">
<heading bold="true" box="[151,597,151,178]" fontSize="11" level="1" pageId="19" pageNumber="270" reason="1">
<taxonomicName authority="(Linevich, 1963)" baseAuthorityName="Linevich" baseAuthorityYear="1963" box="[151,597,151,178]" class="Insecta" family="Chironomidae" genus="Neozavrelia" kingdom="Animalia" order="Diptera" pageId="19" pageNumber="270" phylum="Arthropoda" rank="species" species="minuta">
<emphasis bold="true" box="[151,597,151,178]" italics="true" pageId="19" pageNumber="270">
Neozavrelia minuta (
<bibRefCitation author="Linevich, A. A." box="[404,589,151,177]" pageId="19" pageNumber="270" pagination="3 - 48" refId="ref24065" refString="Linevich, A. A. (1963) To the biology of mosquitoes of the family Tendipedidae. Biology of Invertebrates of Baikal Lake (Tendipedidae, Cyclopoida). Proceedings of the Limnological Institute, 1 (21), 3 - 48. [in Russian]" type="journal article" year="1963">Linevich, 1963</bibRefCitation>
)
</emphasis>
</taxonomicName>
</heading>
</paragraph>
</subSubSection>
<subSubSection box="[151,295,187,214]" pageId="19" pageNumber="270" type="description">
<paragraph blockId="19.[151,597,151,214]" box="[151,295,187,214]" pageId="19" pageNumber="270">
(
<figureCitation box="[159,287,187,214]" captionStart-0="FIGURES 53–55" captionStart-1="FIGURES 56–59" captionStartId-0="19.[151,264,1613,1637]" captionStartId-1="20.[151,264,1943,1967]" captionTargetBox-0="[162,1424,737,1578]" captionTargetBox-1="[248,1350,181,1909]" captionTargetId-0="figure-156@19.[151,1436,730,1590]" captionTargetId-1="figure-25@20.[237,1350,181,1920]" captionTargetPageId-0="19" captionTargetPageId-1="20" captionText-0="FIGURES 53–55. Details of the structure of the male of Neozavrelia minuta (Linevich). 53—total view of hypopygium; 54—lateral view of hypopygium; 55—gonostylus. Scale bar 50 μm." captionText-1="FIGURES 56–59. The male of Neozavrelia minuta (Linevich). 56—head and maxillar palp; 57—antenna; 58, 59—total view of hypopygium. Scale bar 50 μm." figureDoi-0="http://doi.org/10.5281/zenodo.4569602" figureDoi-1="http://doi.org/10.5281/zenodo.4569604" httpUri-0="https://zenodo.org/record/4569602/files/figure.png" httpUri-1="https://zenodo.org/record/4569604/files/figure.png" pageId="19" pageNumber="270">Figs 53–59</figureCitation>
)
</paragraph>
</subSubSection>
<subSubSection pageId="19" pageNumber="270" type="reference_group">
<paragraph blockId="19.[151,767,255,310]" box="[151,625,255,280]" pageId="19" pageNumber="270">
<treatmentCitationGroup box="[151,625,255,280]" pageId="19" pageNumber="270">
<taxonomicName authority="Linevich, 1963: 10" authorityName="Linevich" authorityPageNumber="10" authorityYear="1963" box="[151,548,255,280]" class="Insecta" family="Chironomidae" genus="Tanytarsus" kingdom="Animalia" order="Diptera" pageId="19" pageNumber="270" phylum="Arthropoda" rank="species" species="minutus">
<treatmentCitation author="Linevich, A. A." box="[151,548,255,280]" page="10" pageId="19" pageNumber="270" year="1963">
<emphasis box="[151,348,256,279]" italics="true" pageId="19" pageNumber="270">Tanytarsus minutus</emphasis>
<bibRefCitation author="Linevich, A. A." box="[354,548,255,280]" pageId="19" pageNumber="270" pagination="3 - 48" refId="ref24065" refString="Linevich, A. A. (1963) To the biology of mosquitoes of the family Tendipedidae. Biology of Invertebrates of Baikal Lake (Tendipedidae, Cyclopoida). Proceedings of the Limnological Institute, 1 (21), 3 - 48. [in Russian]" type="journal article" year="1963">Linevich, 1963: 10</bibRefCitation>
</treatmentCitation>
</taxonomicName>
, 
<figureCitation box="[559,621,256,280]" captionStart="FIGURES 1–8" captionStartId="4.[151,264,1943,1967]" captionTargetBox="[237,1350,181,1920]" captionTargetId="figure-25@4.[237,1350,181,1920]" captionTargetPageId="4" captionText="FIGURES 1–8. The male of Neozavrelia fengchengensis Wang, Wang. 1—frontal tubercles; 2—maxilar palp and clypeus; 3—antenna; 4—apical part of wing; 5, 6—total view of hypopygium; 7, 8—lateral view of hypopygium. Scale bar 50 μm." figureDoi="http://doi.org/10.5281/zenodo.4569582" httpUri="https://zenodo.org/record/4569582/files/figure.png" pageId="19" pageNumber="270">Fig. 2</figureCitation>
.
</treatmentCitationGroup>
</paragraph>
<paragraph blockId="19.[151,767,255,310]" box="[151,767,286,310]" pageId="19" pageNumber="270">
<treatmentCitationGroup box="[151,767,286,310]" pageId="19" pageNumber="270">
<taxonomicName authority="(Linevich, 1963)" baseAuthorityName="Linevich" baseAuthorityYear="1963" box="[151,529,286,310]" class="Insecta" family="Chironomidae" genus="Neozavrelia" kingdom="Animalia" order="Diptera" pageId="19" pageNumber="270" phylum="Arthropoda" rank="species" species="minuta">
<emphasis box="[151,349,286,310]" italics="true" pageId="19" pageNumber="270">Neozavrelia minuta</emphasis>
(
<bibRefCitation author="Linevich, A. A." box="[363,521,286,310]" pageId="19" pageNumber="270" pagination="3 - 48" refId="ref24065" refString="Linevich, A. A. (1963) To the biology of mosquitoes of the family Tendipedidae. Biology of Invertebrates of Baikal Lake (Tendipedidae, Cyclopoida). Proceedings of the Limnological Institute, 1 (21), 3 - 48. [in Russian]" type="journal article" year="1963">Linevich, 1963</bibRefCitation>
)
</taxonomicName>
, 
<bibRefCitation author="Reiss, F." box="[539,691,286,310]" pageId="19" pageNumber="270" pagination="198 - 212" refId="ref24499" refString="Reiss, F. (1971) Ein Beitrag zur ostpalaearktischen Chironomidenfauna (Diptera) am Beispiel einiger Tanytarsini-Arten aus der Mongolei und Ostsibirien. Entomologisk Tidskrift, 92, 198 - 212." type="journal article" year="1971">
<treatmentCitation author="Reiss, F." box="[539,691,286,310]" page="10" pageId="19" pageNumber="270" year="1971">Reiss 1971: 10</treatmentCitation>
</bibRefCitation>
, 
<figureCitation box="[702,762,286,310]" captionStart="FIGURES 1–8" captionStartId="4.[151,264,1943,1967]" captionTargetBox="[237,1350,181,1920]" captionTargetId="figure-25@4.[237,1350,181,1920]" captionTargetPageId="4" captionText="FIGURES 1–8. The male of Neozavrelia fengchengensis Wang, Wang. 1—frontal tubercles; 2—maxilar palp and clypeus; 3—antenna; 4—apical part of wing; 5, 6—total view of hypopygium; 7, 8—lateral view of hypopygium. Scale bar 50 μm." figureDoi="http://doi.org/10.5281/zenodo.4569582" httpUri="https://zenodo.org/record/4569582/files/figure.png" pageId="19" pageNumber="270">Fig. 1</figureCitation>
.
</treatmentCitationGroup>
</paragraph>
</subSubSection>
<subSubSection pageId="19" pageNumber="270" type="materials_examined">
<paragraph blockId="19.[151,1437,356,707]" pageId="19" pageNumber="270">
<emphasis bold="true" box="[151,385,356,382]" pageId="19" pageNumber="270">Material examined.</emphasis>
<materialsCitation collectingDate="1985-07-15" collectorName="L. Kravtsova." country="Russia" county="Slyudyansky district" location="Harlaht River" municipality="Baikal Lake" pageId="19" pageNumber="270" specimenCount="8" specimenCount-male="8" stateProvince="Irkutsk">
<specimenCount box="[393,482,356,383]" pageId="19" pageNumber="270" type="male">8 males</specimenCount>
, 
<collectingCountry box="[494,596,357,383]" name="Russia" pageId="19" pageNumber="270">RUSSIA</collectingCountry>
, 
<collectingRegion box="[609,847,357,383]" country="Russia" name="Irkutsk" pageId="19" pageNumber="270">IRKUTSK REGION</collectingRegion>
, 
<collectingCounty box="[858,1092,356,382]" pageId="19" pageNumber="270">Slyudyansky district</collectingCounty>
, basin of 
<collectingMunicipality box="[1201,1341,356,382]" pageId="19" pageNumber="270">Baikal Lake</collectingMunicipality>
, 
<location LSID="urn:lsid:plazi:treatment:039CAA64604AFFC2FF633EC9D534FB45:8EEA4DA9604AFFC4FABC3F3AD695FE0E" country="Russia" county="Slyudyansky district" municipality="Baikal Lake" name="Harlaht River" pageId="19" pageNumber="270" stateProvince="Irkutsk">Harlaht River</location>
, 
<date box="[226,356,392,419]" pageId="19" pageNumber="270" value="1985-07-15">
<collectingDate box="[226,356,392,419]" pageId="19" pageNumber="270" value="1985-07-15">15.vii.1985</collectingDate>
</date>
, leg. 
<collectorName box="[416,570,393,419]" pageId="19" pageNumber="270">L. Kravtsova.</collectorName>
</materialsCitation>
</paragraph>
</subSubSection>
<subSubSection lastPageId="21" lastPageNumber="272" pageId="19" pageNumber="270" type="description">
<paragraph blockId="19.[151,1437,356,707]" pageId="19" pageNumber="270">
<emphasis bold="true" box="[199,337,428,454]" pageId="19" pageNumber="270">Description</emphasis>
. 
<emphasis bold="true" box="[353,487,428,455]" pageId="19" pageNumber="270">Adult male</emphasis>
(n=6). Total length 
<quantity box="[715,854,429,455]" metricMagnitude="-3" metricUnit="m" metricValue="3.0999999999999996" metricValueMax="3.4" metricValueMin="2.8" pageId="19" pageNumber="270" unit="mm" value="3.0999999999999996" valueMax="3.4" valueMin="2.8">2.8–3.4 mm</quantity>
; wing length 
<quantity box="[1009,1148,428,455]" metricMagnitude="-3" metricUnit="m" metricValue="2.65" metricValueMax="2.7" metricValueMin="2.6" pageId="19" pageNumber="270" unit="mm" value="2.65" valueMax="2.7" valueMin="2.6">2.6–2.7 mm</quantity>
. Total length/wing length 1.08–1.27.
</paragraph>
<paragraph blockId="19.[151,1437,356,707]" pageId="19" pageNumber="270">
<emphasis box="[199,336,500,526]" italics="true" pageId="19" pageNumber="270">Colouration</emphasis>
. Ground colour of thorax, scutellum, maxillary palpomeres and abdomen yellowish brown; halters yellowish; antenna, scutal stripes, median band on distal half of mesonotum and postnotum, legs yellowish brown.
</paragraph>
<paragraph blockId="19.[151,1437,356,707]" pageId="19" pageNumber="270">
<emphasis box="[199,260,572,598]" italics="true" pageId="19" pageNumber="270">Head</emphasis>
(
<figureCitation box="[277,410,572,599]" captionStart="FIGURES 56–59" captionStartId="20.[151,264,1943,1967]" captionTargetBox="[248,1350,181,1909]" captionTargetId="figure-25@20.[237,1350,181,1920]" captionTargetPageId="20" captionText="FIGURES 56–59. The male of Neozavrelia minuta (Linevich). 56—head and maxillar palp; 57—antenna; 58, 59—total view of hypopygium. Scale bar 50 μm." figureDoi="http://doi.org/10.5281/zenodo.4569604" httpUri="https://zenodo.org/record/4569604/files/figure.png" pageId="19" pageNumber="270">Figs 56–57</figureCitation>
). Frontal tubercles absent. Temporal setae 8–12. Clypeus with 17–24 setae. Antenna with 10 flagellomeres, 1192–1256 μm long; ultimate flagellomere 600–664 μm, swollen apically. AR 0.99–1.14. Maxillary palpomeres 2–4 combined 600–656 μm long, their individual lengths (in μm): 64–80: 144–160: 144–168: 224–280. Antenna length/palp length 1.85–1.99.
</paragraph>
<caption ID-DOI="http://doi.org/10.5281/zenodo.4569602" ID-Zenodo-Dep="4569602" httpUri="https://zenodo.org/record/4569602/files/figure.png" pageId="19" pageNumber="270" startId="19.[151,264,1613,1637]" targetBox="[162,1424,737,1578]" targetPageId="19">
<paragraph blockId="19.[151,1437,1613,1674]" pageId="19" pageNumber="270">
<emphasis bold="true" box="[151,344,1613,1638]" pageId="19" pageNumber="270">FIGURES 53–55.</emphasis>
Details of the structure of the male of 
<taxonomicName authority="(Linevich)" baseAuthorityName="Linevich" baseAuthorityYear="1963" box="[769,1092,1614,1638]" class="Insecta" family="Chironomidae" genus="Neozavrelia" kingdom="Animalia" order="Diptera" pageId="19" pageNumber="270" phylum="Arthropoda" rank="species" species="minuta">
<emphasis box="[769,971,1614,1638]" italics="true" pageId="19" pageNumber="270">Neozavrelia minuta</emphasis>
(Linevich)
</taxonomicName>
. 53—total view of hypopygium; 54—lateral view of hypopygium; 55—gonostylus. Scale bar 50 μm.
</paragraph>
</caption>
<paragraph blockId="19.[151,1437,1720,1962]" box="[199,1218,1720,1746]" pageId="19" pageNumber="270">
<emphasis box="[199,280,1720,1746]" italics="true" pageId="19" pageNumber="270">Thorax</emphasis>
. Acrostichals 17–22, dorsocentrals 10–13, prealars 1–2. Scutellum with 8–11 setae.
</paragraph>
<paragraph blockId="19.[151,1437,1720,1962]" pageId="19" pageNumber="270">
<emphasis box="[199,257,1757,1782]" italics="true" pageId="19" pageNumber="270">Wing</emphasis>
width 
<quantity box="[335,501,1756,1782]" metricMagnitude="-4" metricUnit="m" metricValue="7.649999999999999" metricValueMax="8.4" metricValueMin="6.8999999999999995" pageId="19" pageNumber="270" unit="mm" value="0.7649999999999999" valueMax="0.84" valueMin="0.69">0.69–0.84 mm</quantity>
. VR 1.11–1.20. R with 17–21, R 
<subScript attach="left" box="[868,876,1774,1788]" fontSize="6" pageId="19" pageNumber="270">1</subScript>
with 0–4, R 
<subScript attach="left" box="[1015,1041,1774,1788]" fontSize="6" pageId="19" pageNumber="270">4+5</subScript>
with 11–16, M 
<subScript attach="left" box="[1212,1237,1774,1788]" fontSize="6" pageId="19" pageNumber="270">1+2</subScript>
with 20–26, M 
<subScript attach="left" box="[1411,1437,1774,1788]" fontSize="6" pageId="19" pageNumber="270">3+4</subScript>
with 4–6 setae, Cu 
<subScript attach="left" box="[362,370,1810,1824]" fontSize="6" pageId="19" pageNumber="270">1</subScript>
without setae, An with 0–9 setae. Cell r 
<subScript attach="left" box="[821,846,1810,1824]" fontSize="6" pageId="19" pageNumber="270">2+3</subScript>
, r 
<subScript attach="right" box="[871,896,1810,1824]" fontSize="6" pageId="19" pageNumber="270">4+5</subScript>
, m 
<subScript attach="left" box="[933,958,1810,1824]" fontSize="6" pageId="19" pageNumber="270">1+2</subScript>
, m 
<subScript attach="left" box="[995,1021,1810,1824]" fontSize="6" pageId="19" pageNumber="270">3+4</subScript>
with setae. Brachiolum with 1–2 setae.
</paragraph>
<paragraph blockId="19.[151,1437,1720,1962]" pageId="19" pageNumber="270">
<emphasis box="[199,252,1865,1890]" italics="true" pageId="19" pageNumber="270">Legs</emphasis>
(see 
<tableCitation box="[308,392,1864,1890]" captionStart="TABLE 7" captionStartId="21.[151,239,151,175]" captionText="TABLE 7. Lengths (in µm) and proportion of legs of N. minuta (Linevich, 1963)" pageId="19" pageNumber="270">Table 7</tableCitation>
). Apical curved tibial spur of fore leg 48–58 μm long. Combs of mid and hind tibiae separated; each comb bears straight or slightly curved spur, 24–44 μm (mid tibia) to 41–51 μm long (hind tibia). Basitarsus of mid leg with 2–4 sensilla chaetica.
</paragraph>
<caption ID-DOI="http://doi.org/10.5281/zenodo.4569604" ID-Zenodo-Dep="4569604" httpUri="https://zenodo.org/record/4569604/files/figure.png" pageId="20" pageNumber="271" startId="20.[151,264,1943,1967]" targetBox="[248,1350,181,1909]" targetPageId="20">
<paragraph blockId="20.[151,1436,1943,2004]" pageId="20" pageNumber="271">
<emphasis bold="true" box="[151,341,1943,1967]" pageId="20" pageNumber="271">FIGURES 56–59.</emphasis>
The male of 
<taxonomicName authority="(Linevich)" baseAuthorityName="Linevich" baseAuthorityYear="1963" box="[478,794,1944,1968]" class="Insecta" family="Chironomidae" genus="Neozavrelia" kingdom="Animalia" order="Diptera" pageId="20" pageNumber="271" phylum="Arthropoda" rank="species" species="minuta">
<emphasis box="[478,677,1944,1968]" italics="true" pageId="20" pageNumber="271">Neozavrelia minuta</emphasis>
(Linevich)
</taxonomicName>
. 56—head and maxillar palp; 57—antenna; 58, 59—total view of hypopygium. Scale bar 50 μm.
</paragraph>
</caption>
<caption box="[151,1017,151,175]" pageId="21" pageNumber="272">
<paragraph blockId="21.[151,1017,151,175]" box="[151,1017,151,175]" pageId="21" pageNumber="272">
<emphasis bold="true" box="[151,259,151,175]" pageId="21" pageNumber="272">TABLE 7</emphasis>
. Lengths (in µm) and proportion of legs of 
<taxonomicName authority="(Linevich, 1963)" baseAuthorityName="Linevich" baseAuthorityYear="1963" box="[725,1017,151,175]" class="Insecta" family="Chironomidae" genus="Neozavrelia" kingdom="Animalia" order="Diptera" pageId="21" pageNumber="272" phylum="Arthropoda" rank="species" species="minuta">
<emphasis box="[725,830,152,175]" italics="true" pageId="21" pageNumber="272">N. minuta</emphasis>
(
<bibRefCitation author="Linevich, A. A." box="[844,1009,151,175]" pageId="21" pageNumber="272" pagination="3 - 48" refId="ref24065" refString="Linevich, A. A. (1963) To the biology of mosquitoes of the family Tendipedidae. Biology of Invertebrates of Baikal Lake (Tendipedidae, Cyclopoida). Proceedings of the Limnological Institute, 1 (21), 3 - 48. [in Russian]" type="journal article" year="1963">Linevich, 1963</bibRefCitation>
)
</taxonomicName>
</paragraph>
</caption>
<paragraph pageId="21" pageNumber="272">
<table box="[166,1385,191,342]" gridcols="8" gridrows="4" pageId="21" pageNumber="272">
<tr box="[166,1385,191,222]" gridrow="0" pageId="21" pageNumber="272">
<td box="[166,187,191,222]" gridcol="0" gridrow="0" pageId="21" pageNumber="272">P</td>
<td box="[275,389,191,222]" gridcol="1" gridrow="0" pageId="21" pageNumber="272">f</td>
<td box="[477,588,191,222]" gridcol="2" gridrow="0" pageId="21" pageNumber="272">t</td>
<td box="[673,775,191,222]" gridcol="3" gridrow="0" pageId="21" pageNumber="272">ta1</td>
<td box="[850,939,191,222]" gridcol="4" gridrow="0" pageId="21" pageNumber="272">ta2</td>
<td box="[1011,1100,191,222]" gridcol="5" gridrow="0" pageId="21" pageNumber="272">ta3</td>
<td box="[1171,1260,191,222]" gridcol="6" gridrow="0" pageId="21" pageNumber="272">ta4</td>
<td box="[1347,1385,191,222]" gridcol="7" gridrow="0" pageId="21" pageNumber="272">ta5</td>
</tr>
<tr box="[166,1385,231,261]" gridrow="1" pageId="21" pageNumber="272">
<td box="[166,187,231,261]" gridcol="0" gridrow="1" pageId="21" pageNumber="272">P1</td>
<td box="[275,389,231,261]" gridcol="1" gridrow="1" pageId="21" pageNumber="272">1029–1050</td>
<td box="[477,588,231,261]" gridcol="2" gridrow="1" pageId="21" pageNumber="272">735–798</td>
<td box="[673,775,231,261]" gridcol="3" gridrow="1" pageId="21" pageNumber="272">945–1008</td>
<td box="[850,939,231,261]" gridcol="4" gridrow="1" pageId="21" pageNumber="272">567–630</td>
<td box="[1011,1100,231,261]" gridcol="5" gridrow="1" pageId="21" pageNumber="272">399–420</td>
<td box="[1171,1260,231,261]" gridcol="6" gridrow="1" pageId="21" pageNumber="272">315–336</td>
<td box="[1347,1385,231,261]" gridcol="7" gridrow="1" pageId="21" pageNumber="272">189</td>
</tr>
<tr box="[166,1385,272,302]" gridrow="2" pageId="21" pageNumber="272">
<td box="[166,187,272,302]" gridcol="0" gridrow="2" pageId="21" pageNumber="272">P2</td>
<td box="[275,389,272,302]" gridcol="1" gridrow="2" pageId="21" pageNumber="272">1113–1155</td>
<td box="[477,588,272,302]" gridcol="2" gridrow="2" pageId="21" pageNumber="272">882–945</td>
<td box="[673,775,272,302]" gridcol="3" gridrow="2" pageId="21" pageNumber="272">420–462</td>
<td box="[850,939,272,302]" gridcol="4" gridrow="2" pageId="21" pageNumber="272">252–273</td>
<td box="[1011,1100,272,302]" gridcol="5" gridrow="2" pageId="21" pageNumber="272">189–210</td>
<td box="[1171,1260,272,302]" gridcol="6" gridrow="2" pageId="21" pageNumber="272">147</td>
<td box="[1347,1385,272,302]" gridcol="7" gridrow="2" pageId="21" pageNumber="272">126</td>
</tr>
<tr box="[166,1385,312,342]" gridrow="3" pageId="21" pageNumber="272">
<td box="[166,187,312,342]" gridcol="0" gridrow="3" pageId="21" pageNumber="272">P3</td>
<td box="[275,389,312,342]" gridcol="1" gridrow="3" pageId="21" pageNumber="272">1218–1281</td>
<td box="[477,588,312,342]" gridcol="2" gridrow="3" pageId="21" pageNumber="272">1113–1155</td>
<td box="[673,775,312,342]" gridcol="3" gridrow="3" pageId="21" pageNumber="272">567–651</td>
<td box="[850,939,312,342]" gridcol="4" gridrow="3" pageId="21" pageNumber="272">378–520</td>
<td box="[1011,1100,312,342]" gridcol="5" gridrow="3" pageId="21" pageNumber="272">336–357</td>
<td box="[1171,1260,312,342]" gridcol="6" gridrow="3" pageId="21" pageNumber="272">231–252</td>
<td box="[1347,1385,312,342]" gridcol="7" gridrow="3" pageId="21" pageNumber="272">168</td>
</tr>
</table>
</paragraph>
<caption box="[151,411,385,410]" isContinuationCaption="true" pageId="21" pageNumber="272">
<paragraph blockId="21.[151,411,385,410]" box="[151,411,385,410]" pageId="21" pageNumber="272">TABLE 7. (Continued)</paragraph>
</caption>
<paragraph pageId="21" pageNumber="272">
<table box="[166,1330,426,570]" gridcols="5" gridrows="4" pageId="21" pageNumber="272">
<tr box="[166,1330,426,450]" gridrow="0" pageId="21" pageNumber="272">
<td box="[166,192,426,450]" gridcol="0" gridrow="0" pageId="21" pageNumber="272">P</td>
<td box="[373,475,426,450]" gridcol="1" gridrow="0" pageId="21" pageNumber="272">LR</td>
<td box="[663,764,426,450]" gridcol="2" gridrow="0" pageId="21" pageNumber="272">SV</td>
<td box="[952,1053,426,450]" gridcol="3" gridrow="0" pageId="21" pageNumber="272">BV</td>
<td box="[1254,1330,426,450]" gridcol="4" gridrow="0" pageId="21" pageNumber="272">BR</td>
</tr>
<tr box="[166,1330,465,496]" gridrow="1" pageId="21" pageNumber="272">
<td box="[166,192,465,496]" gridcol="0" gridrow="1" pageId="21" pageNumber="272">P1</td>
<td box="[373,475,465,496]" gridcol="1" gridrow="1" pageId="21" pageNumber="272">
<emphasis bold="true" box="[373,475,465,489]" pageId="21" pageNumber="272">1.27–1.37</emphasis>
</td>
<td box="[663,764,465,496]" gridcol="2" gridrow="1" pageId="21" pageNumber="272">1.75–1.87</td>
<td box="[952,1053,465,496]" gridcol="3" gridrow="1" pageId="21" pageNumber="272">1.83–1.89</td>
<td box="[1254,1330,465,496]" gridcol="4" gridrow="1" pageId="21" pageNumber="272">2.0–2.8</td>
</tr>
<tr box="[166,1330,506,536]" gridrow="2" pageId="21" pageNumber="272">
<td box="[166,192,506,536]" gridcol="0" gridrow="2" pageId="21" pageNumber="272">P2</td>
<td box="[373,475,506,536]" gridcol="1" gridrow="2" pageId="21" pageNumber="272">0.37–0.43</td>
<td box="[663,764,506,536]" gridcol="2" gridrow="2" pageId="21" pageNumber="272">4.87–6.27</td>
<td box="[952,1053,506,536]" gridcol="3" gridrow="2" pageId="21" pageNumber="272">3.49–3.90</td>
<td box="[1254,1330,506,536]" gridcol="4" gridrow="2" pageId="21" pageNumber="272">5.0–7.2</td>
</tr>
<tr box="[166,1330,546,570]" gridrow="3" pageId="21" pageNumber="272">
<td box="[166,192,546,570]" gridcol="0" gridrow="3" pageId="21" pageNumber="272">P3</td>
<td box="[373,475,546,570]" gridcol="1" gridrow="3" pageId="21" pageNumber="272">0.47–0.51</td>
<td box="[663,764,546,570]" gridcol="2" gridrow="3" pageId="21" pageNumber="272">4.00–4.32</td>
<td box="[952,1053,546,570]" gridcol="3" gridrow="3" pageId="21" pageNumber="272">2.31–2.41</td>
<td box="[1254,1330,546,570]" gridcol="4" gridrow="3" pageId="21" pageNumber="272">5.0–8.0</td>
</tr>
</table>
</paragraph>
<paragraph blockId="21.[151,1437,618,1257]" pageId="21" pageNumber="272">
<emphasis box="[199,342,619,644]" italics="true" pageId="21" pageNumber="272">Hypopygium</emphasis>
(
<figureCitation box="[358,489,618,645]" captionStart="FIGURES 53–55" captionStartId="19.[151,264,1613,1637]" captionTargetBox="[162,1424,737,1578]" captionTargetId="figure-156@19.[151,1436,730,1590]" captionTargetPageId="19" captionText="FIGURES 53–55. Details of the structure of the male of Neozavrelia minuta (Linevich). 53—total view of hypopygium; 54—lateral view of hypopygium; 55—gonostylus. Scale bar 50 μm." figureDoi="http://doi.org/10.5281/zenodo.4569602" httpUri="https://zenodo.org/record/4569602/files/figure.png" pageId="21" pageNumber="272">Figs 53–55</figureCitation>
, 
<figureCitation box="[501,576,618,645]" captionStart="FIGURES 56–59" captionStartId="20.[151,264,1943,1967]" captionTargetBox="[248,1350,181,1909]" captionTargetId="figure-25@20.[237,1350,181,1920]" captionTargetPageId="20" captionText="FIGURES 56–59. The male of Neozavrelia minuta (Linevich). 56—head and maxillar palp; 57—antenna; 58, 59—total view of hypopygium. Scale bar 50 μm." figureDoi="http://doi.org/10.5281/zenodo.4569604" httpUri="https://zenodo.org/record/4569604/files/figure.png" pageId="21" pageNumber="272">58–59</figureCitation>
). Anal tergite with V-shaped bands and posterolateral lobes 17–27 μm long; anterior margin triangular-shaped. The anal point narrow, parallel-sided, rounded apically, dorsally cover with several small spinulae and bearing 11–15 lateral setae on each side of anal point, 48–51 μm long and 17 μm wide on dorsal view. Gonocoxite 194–238 μm long, along the inner margin with 5–8 setae. The width of the transverse sternapodema 
<quantity box="[314,432,762,789]" metricMagnitude="-2" metricUnit="m" metricValue="7.65" metricValueMax="7.8" metricValueMin="7.5" pageId="21" pageNumber="272" unit="mm" value="76.5" valueMax="78.0" valueMin="75.0">75–78 µm</quantity>
. Superior volsella oval-shaped (51–54 μm long, 27–31 μm wide), bearing 3–6 strong apical and 5–10 fine dorsal setae, microtrichia present. Digitus 34 μm long and 10 μm wide. Stem of median volsella straight and parallel-sided, 44–51 μm long, bearing slender lamelliform setae; total length of median volsella 85 μm. Inferior volsella curved and rounded apically, 136–143 μm long, with 17–18 setae. Gonostylus straight, 133–150 μm long and expanded at about median (51–65 μm). HR 1.41–1.66.
</paragraph>
<paragraph blockId="21.[151,1437,618,1257]" pageId="21" pageNumber="272">
<emphasis bold="true" box="[199,261,942,968]" pageId="21" pageNumber="272">Pupa</emphasis>
and the 
<emphasis bold="true" box="[359,421,942,968]" pageId="21" pageNumber="272">larva</emphasis>
are shown in the figure 2 (
<bibRefCitation author="Linevich, A. A." box="[727,895,942,968]" pageId="21" pageNumber="272" pagination="3 - 48" refId="ref24065" refString="Linevich, A. A. (1963) To the biology of mosquitoes of the family Tendipedidae. Biology of Invertebrates of Baikal Lake (Tendipedidae, Cyclopoida). Proceedings of the Limnological Institute, 1 (21), 3 - 48. [in Russian]" type="journal article" year="1963">Linevich 1963</bibRefCitation>
, p. 11). Unfortunately, a detailed morphological description of the pupa and larva are still missing.
</paragraph>
</subSubSection>
<subSubSection pageId="21" pageNumber="272" type="discussion">
<paragraph blockId="21.[151,1437,618,1257]" pageId="21" pageNumber="272">
<emphasis bold="true" box="[199,315,1014,1040]" pageId="21" pageNumber="272">Remarks.</emphasis>
Anna Andreevna 
<bibRefCitation author="Linevich, A. A." box="[515,695,1014,1041]" pageId="21" pageNumber="272" pagination="3 - 48" refId="ref24065" refString="Linevich, A. A. (1963) To the biology of mosquitoes of the family Tendipedidae. Biology of Invertebrates of Baikal Lake (Tendipedidae, Cyclopoida). Proceedings of the Limnological Institute, 1 (21), 3 - 48. [in Russian]" type="journal article" year="1963">Linevich (1963)</bibRefCitation>
describes the life cycle in detail of 
<taxonomicName baseAuthorityName="Linevich" baseAuthorityYear="1963" box="[1087,1197,1015,1040]" class="Insecta" family="Chironomidae" genus="Neozavrelia" kingdom="Animalia" order="Diptera" pageId="21" pageNumber="272" phylum="Arthropoda" rank="species" species="minuta">
<emphasis box="[1087,1197,1015,1040]" italics="true" pageId="21" pageNumber="272">N. minuta</emphasis>
</taxonomicName>
, but does not provide a morphological description of the imago, pupa, and larva. A brief description of the males of 
<taxonomicName baseAuthorityName="Linevich" baseAuthorityYear="1963" box="[1210,1321,1051,1076]" class="Insecta" family="Chironomidae" genus="Neozavrelia" kingdom="Animalia" order="Diptera" pageId="21" pageNumber="272" phylum="Arthropoda" rank="species" species="minuta">
<emphasis box="[1210,1321,1051,1076]" italics="true" pageId="21" pageNumber="272">N. minuta</emphasis>
</taxonomicName>
, collected on Lake Baikal near the village of B. Koty, was given by Riess (1971). When compared with males collected on the Kharlakta River (basin of Lake Baikal), only one difference was revealed—all males had 2 spurs on the hind tibia.
</paragraph>
<paragraph blockId="21.[151,1437,618,1257]" pageId="21" pageNumber="272">
The males of 
<taxonomicName baseAuthorityName="Linevich" baseAuthorityYear="1963" box="[353,464,1159,1184]" class="Insecta" family="Chironomidae" genus="Neozavrelia" kingdom="Animalia" order="Diptera" pageId="21" pageNumber="272" phylum="Arthropoda" rank="species" species="minuta">
<emphasis box="[353,464,1159,1184]" italics="true" pageId="21" pageNumber="272">N. minuta</emphasis>
</taxonomicName>
well differ in the following features: have a dark brown body color, body length about 3.5 мм; frontal tubercles absent; antenna about 1200 μm; R 
<subScript attach="left" box="[816,824,1212,1226]" fontSize="6" pageId="21" pageNumber="272">1</subScript>
with 0–4 setae; gonostylus 133–150 μm long.
</paragraph>
</subSubSection>
<subSubSection box="[199,886,1230,1257]" pageId="21" pageNumber="272" type="distribution">
<paragraph blockId="21.[151,1437,618,1257]" box="[199,886,1230,1257]" pageId="21" pageNumber="272">
<emphasis bold="true" box="[199,353,1230,1256]" pageId="21" pageNumber="272">Distribution.</emphasis>
Basin of Lake Baikal (
<collectingCountry box="[611,690,1230,1256]" name="Russia" pageId="21" pageNumber="272">Russia</collectingCountry>
, 
<collectingRegion box="[702,874,1230,1257]" country="Russia" name="Irkutsk" pageId="21" pageNumber="272">Irkutsk Region</collectingRegion>
).
</paragraph>
</subSubSection>
</treatment>
</document>