<document ID-DOI="http://doi.org/10.5281/zenodo.4478191" ID-GBIF-Dataset="aea7d978-e7e9-460a-b618-c7ece0e0534c" ID-ISSN="1175-5326" ID-Zenodo-Dep="4478191" ID-ZooBank="2BEBF43A-C4AA-4462-9BD1-B68DBD0F4A44" _generate="added" checkinTime="1611901690897" checkinUser="plazi" docAuthor="Song, Jeong-Hun, Osborn, Andrew W. &amp; Ahn, Kee-Jeong" docDate="2021" docId="039E87FEF56DE648A7A0FC219477FA24" docLanguage="en" docName="zootaxa.4920.3.7.pdf" docOrigin="Zootaxa 4920 (3)" docStyle="DocumentStyle:647186512141C8FC8976D5BCC54AEB7D.5:Zootaxa.2013.journal_article" docStyleId="647186512141C8FC8976D5BCC54AEB7D" docStyleName="Zootaxa.2013.journal_article" docStyleVersion="5" docTitle="Iotarphia rufobrunnea Lee &amp; Ahn" docType="treatment" docVersion="4" lastPageNumber="424" masterDocId="FFA7FF86F56AE64FA737FFD7970AFFBC" masterDocTitle="A taxonomic review of the coastal genus Iotarphia Cameron (Coleoptera: Staphylinidae: Aleocharinae) with a description of new species based on morphological and molecular characters" masterLastPageNumber="427" masterPageNumber="417" pageId="7" pageNumber="424" updateTime="1612975083240" updateUser="ExternalLinkService" zenodo-license-document="CLOSED">
<mods:mods xmlns:mods="http://www.loc.gov/mods/v3">
<mods:titleInfo>
<mods:title>A taxonomic review of the coastal genus Iotarphia Cameron (Coleoptera: Staphylinidae: Aleocharinae) with a description of new species based on morphological and molecular characters</mods:title>
</mods:titleInfo>
<mods:name type="personal">
<mods:role>
<mods:roleTerm>Author</mods:roleTerm>
</mods:role>
<mods:namePart>Song, Jeong-Hun</mods:namePart>
<mods:nameIdentifier type="ORCID">0000-0003-0317-1457</mods:nameIdentifier>
<mods:affiliation>Department of Agricultural Biology, National Institute of Agricultural Sciences, Wanju-gun, 55365, South Korea jeonghuns @ korea. kr; https: // orcid. org / 0000 - 0003 - 0317 - 1457</mods:affiliation>
<mods:nameIdentifier type="email">jeonghuns@korea.kr</mods:nameIdentifier>
</mods:name>
<mods:name type="personal">
<mods:role>
<mods:roleTerm>Author</mods:roleTerm>
</mods:role>
<mods:namePart>Osborn, Andrew W.</mods:namePart>
<mods:nameIdentifier type="ORCID">0000-0002-1702-3052</mods:nameIdentifier>
<mods:affiliation>Honorary Research Associate, Queen Victoria Museum and Art Gallery, 2 Invermay Road, Launceston, Tasmania 7250, Australia awosborn @ dodo. com. au; https: // orcid. org / 0000 - 0002 - 1702 - 3052</mods:affiliation>
<mods:nameIdentifier type="email">awosborn@dodo.com.au</mods:nameIdentifier>
</mods:name>
<mods:name type="personal">
<mods:role>
<mods:roleTerm>Author</mods:roleTerm>
</mods:role>
<mods:namePart>Ahn, Kee-Jeong</mods:namePart>
<mods:affiliation>Department of Biology, Chungnam National University, Daejeon 34134, South Korea</mods:affiliation>
</mods:name>
<mods:typeOfResource>text</mods:typeOfResource>
<mods:relatedItem type="host">
<mods:titleInfo>
<mods:title>Zootaxa</mods:title>
</mods:titleInfo>
<mods:part>
<mods:date>2021</mods:date>
<mods:detail type="pubDate">
<mods:number>2021-01-29</mods:number>
</mods:detail>
<mods:detail type="volume">
<mods:number>4920</mods:number>
</mods:detail>
<mods:detail type="issue">
<mods:number>3</mods:number>
</mods:detail>
<mods:extent unit="page">
<mods:start>417</mods:start>
<mods:end>427</mods:end>
</mods:extent>
</mods:part>
</mods:relatedItem>
<mods:classification>journal article</mods:classification>
<mods:identifier type="DOI">https://doi.org/10.11646/zootaxa.4920.3.7</mods:identifier>
<mods:identifier type="GBIF-Dataset">aea7d978-e7e9-460a-b618-c7ece0e0534c</mods:identifier>
<mods:identifier type="ISSN">1175-5326</mods:identifier>
<mods:identifier type="Zenodo-Dep">4478173</mods:identifier>
<mods:identifier type="ZooBank">2BEBF43A-C4AA-4462-9BD1-B68DBD0F4A44</mods:identifier>
</mods:mods>
<treatment ID-DOI="http://doi.org/10.5281/zenodo.4478191" ID-Zenodo-Dep="4478191" LSID="urn:lsid:plazi:treatment:039E87FEF56DE648A7A0FC219477FA24" httpUri="http://treatment.plazi.org/id/039E87FEF56DE648A7A0FC219477FA24" lastPageNumber="424" pageId="7" pageNumber="424">
<subSubSection box="[151,572,1014,1041]" pageId="7" pageNumber="424" type="nomenclature">
<paragraph blockId="7.[151,572,1014,1077]" box="[151,572,1014,1041]" pageId="7" pageNumber="424">
<heading bold="true" box="[151,572,1014,1041]" fontSize="11" level="1" pageId="7" pageNumber="424" reason="1">
<taxonomicName authority="Lee &amp; Ahn" authorityName="Lee &amp; Ahn" box="[151,572,1014,1041]" class="Insecta" family="Staphylinidae" genus="Iotarphia" higherTaxonomySource="GBIF" kingdom="Animalia" order="Coleoptera" pageId="7" pageNumber="424" phylum="Arthropoda" rank="species" species="rufobrunnea">
<emphasis bold="true" box="[151,572,1014,1041]" pageId="7" pageNumber="424">
<emphasis bold="true" box="[151,428,1014,1041]" italics="true" pageId="7" pageNumber="424">Iotarphia rufobrunnea</emphasis>
Lee &amp; Ahn
</emphasis>
</taxonomicName>
</heading>
</paragraph>
</subSubSection>
<subSubSection box="[151,235,1050,1077]" pageId="7" pageNumber="424" type="description">
<paragraph blockId="7.[151,572,1014,1077]" box="[151,235,1050,1077]" pageId="7" pageNumber="424">
(
<figureCitation box="[160,226,1050,1077]" captionStart="FIGURE 5" captionStartId="9.[151,250,1166,1190]" captionTargetBox="[291,1296,182,1134]" captionTargetId="figure-17@9.[287,1300,181,1142]" captionTargetPageId="9" captionText="FIGURE 5. Iotarphia rufobrunnea: (a) meso- and metaventrites, ventral view; (b) female abdominal sternite VIII, ventral view; (c) spermatheca, scales = 0.1 mm." figureDoi="http://doi.org/10.5281/zenodo.4478187" httpUri="https://zenodo.org/record/4478187/files/figure.png" pageId="7" pageNumber="424">Fig. 5</figureCitation>
)
</paragraph>
</subSubSection>
<subSubSection box="[151,608,1119,1143]" pageId="7" pageNumber="424" type="reference_group">
<paragraph blockId="7.[151,608,1119,1143]" box="[151,608,1119,1143]" pageId="7" pageNumber="424">
<treatmentCitationGroup box="[151,608,1119,1143]" pageId="7" pageNumber="424">
<taxonomicName authority="Lee &amp; Ahn, 2016: 68" authorityName="Lee &amp; Ahn" authorityPageNumber="68" authorityYear="2016" box="[151,603,1119,1143]" class="Insecta" family="Staphylinidae" genus="Iotarphia" higherTaxonomySource="GBIF" kingdom="Animalia" order="Coleoptera" pageId="7" pageNumber="424" phylum="Arthropoda" rank="species" species="rufobrunnea">
<treatmentCitation author="Lee, S. - G. &amp; Osborn, A. W. &amp; Ahn, K. - J." box="[151,603,1119,1143]" httpUri="http://treatment.plazi.org/id/7DB28C4BD24B20DE89C7BFAB1380ECAA" page="68" pageId="7" pageNumber="424" year="2016">
<emphasis box="[151,380,1119,1143]" italics="true" pageId="7" pageNumber="424">Iotarphia rufobrunnea</emphasis>
<bibRefCitation author="Lee, S. - G. &amp; Osborn, A. W. &amp; Ahn, K. - J." box="[386,603,1119,1143]" pageId="7" pageNumber="424" pagination="67 - 74" refId="ref5976" refString="Lee, S. - G., Osborn, A. W. &amp; Ahn, K. - J. (2016) A new species of Iotarphia Cameron (Coleoptera, Staphylinidae, Aleocharinae) from Tasmanian seacoasts, Australia. ZooKeys, 632, 67 - 74. https: // doi. org / 10.3897 / zookeys. 632.10657" type="journal article" year="2016">Lee &amp; Ahn, 2016: 68</bibRefCitation>
</treatmentCitation>
</taxonomicName>
.
</treatmentCitationGroup>
</paragraph>
</subSubSection>
<subSubSection box="[151,565,1189,1216]" pageId="7" pageNumber="424" type="description">
<paragraph blockId="7.[151,1437,1189,1432]" box="[151,565,1189,1216]" pageId="7" pageNumber="424">
<emphasis bold="true" box="[151,297,1189,1215]" pageId="7" pageNumber="424">Description.</emphasis>
See 
<bibRefCitation author="Lee, S. - G. &amp; Osborn, A. W. &amp; Ahn, K. - J." box="[351,560,1189,1216]" pageId="7" pageNumber="424" pagination="67 - 74" refId="ref5976" refString="Lee, S. - G., Osborn, A. W. &amp; Ahn, K. - J. (2016) A new species of Iotarphia Cameron (Coleoptera, Staphylinidae, Aleocharinae) from Tasmanian seacoasts, Australia. ZooKeys, 632, 67 - 74. https: // doi. org / 10.3897 / zookeys. 632.10657" type="journal article" year="2016">Lee &amp; Ahn (2016)</bibRefCitation>
.
</paragraph>
</subSubSection>
<subSubSection pageId="7" pageNumber="424" type="materials_examined">
<paragraph blockId="7.[151,1437,1189,1432]" pageId="7" pageNumber="424">
<emphasis bold="true" box="[199,444,1225,1251]" pageId="7" pageNumber="424">Materials examined.</emphasis>
<materialsCitation box="[450,1302,1225,1254]" collectorName="SE Tas, A. W &amp; Osborn" country="Australia" location="Cloudy Bay" pageId="7" pageNumber="424" specimenCount="1" stateProvince="Tasmania">
<emphasis bold="true" box="[450,624,1225,1251]" pageId="7" pageNumber="424">
<collectingCountry box="[450,619,1225,1251]" name="Australia" pageId="7" pageNumber="424">AUSTRALIA</collectingCountry>
:
</emphasis>
<collectingRegion box="[631,742,1225,1251]" country="Australia" name="Tasmania" pageId="7" pageNumber="424">Tasmania</collectingRegion>
: 1³, 
<location LSID="urn:lsid:plazi:treatment:039E87FEF56DE648A7A0FC219477FA24:8EE86033F56DE648A414FB1E94A1FB58" box="[803,939,1225,1252]" country="Australia" name="Cloudy Bay" pageId="7" pageNumber="424" stateProvince="Tasmania">Cloudy Bay</location>
, Bruny Is, 
<collectorName box="[1063,1208,1225,1252]" pageId="7" pageNumber="424">SE Tas, A.W</collectorName>
. 
<collectorName box="[1220,1302,1225,1251]" pageId="7" pageNumber="424">Osborn</collectorName>
</materialsCitation>
<materialsCitation collectingDate="2018-06-10" collectionCode="QVM" country="Australia" pageId="7" pageNumber="424" specimenCount="1" stateProvince="Tasmania">
<date box="[1309,1432,1225,1251]" pageId="7" pageNumber="424" value="2018-06-10">
<collectingDate box="[1309,1432,1225,1251]" pageId="7" pageNumber="424" value="2018-06-10">10.vi.2018</collectingDate>
</date>
, 
<collectionCode box="[151,222,1261,1287]" country="Australia" httpUri="http://grbio.org/cool/2s8k-2m7w" name="Queen Victoria Museum" pageId="7" pageNumber="424">QVM</collectionCode>
</materialsCitation>
:2018:12:0744, 
<materialsCitation box="[394,673,1261,1288]" collectionCode="QVM" country="Australia" pageId="7" pageNumber="424" specimenCode="CNUIC0659" specimenCount="1" specimenCount-female="1" stateProvince="Tasmania">
<specimenCode box="[394,541,1261,1288]" collectionCode="CNUIC" pageId="7" pageNumber="424">CNUIC0659</specimenCode>
; 
<specimenCount box="[552,587,1261,1287]" pageId="7" pageNumber="424" type="female">1♀</specimenCount>
, 
<collectionCode box="[601,673,1261,1287]" country="Australia" httpUri="http://grbio.org/cool/2s8k-2m7w" name="Queen Victoria Museum" pageId="7" pageNumber="424">QVM</collectionCode>
</materialsCitation>
:2018:12:0727, 
<materialsCitation box="[843,990,1261,1287]" collectionCode="CNUIC" country="Australia" pageId="7" pageNumber="424" specimenCode="CNUIC0660" specimenCount="1" stateProvince="Tasmania">
<specimenCode box="[843,990,1261,1287]" collectionCode="CNUIC" pageId="7" pageNumber="424">CNUIC0660</specimenCode>
</materialsCitation>
.
</paragraph>
</subSubSection>
<subSubSection box="[199,601,1297,1324]" pageId="7" pageNumber="424" type="distribution">
<paragraph blockId="7.[151,1437,1189,1432]" box="[199,601,1297,1324]" pageId="7" pageNumber="424">
<emphasis bold="true" box="[199,353,1297,1323]" pageId="7" pageNumber="424">Distribution.</emphasis>
<collectingCountry box="[358,461,1297,1323]" name="Australia" pageId="7" pageNumber="424">Australia</collectingCountry>
(
<collectingRegion box="[475,589,1297,1324]" country="Australia" name="Tasmania" pageId="7" pageNumber="424">Tasmania</collectingRegion>
).
</paragraph>
</subSubSection>
<subSubSection pageId="7" pageNumber="424" type="discussion">
<paragraph blockId="7.[151,1437,1189,1432]" pageId="7" pageNumber="424">
<emphasis bold="true" box="[199,315,1333,1359]" pageId="7" pageNumber="424">Remarks.</emphasis>
See 
<tableCitation box="[376,462,1333,1360]" captionStart="TABLE 5" captionStartId="8.[151,239,568,594]" captionText="TABLE 5. A comparison of morphological characters among three Iotarphia species." pageId="7" pageNumber="424">Table 5</tableCitation>
for the similarities and differences among three 
<taxonomicName authorityName="Cameron" authorityYear="1943" box="[1032,1138,1333,1359]" class="Insecta" family="Staphylinidae" genus="Iotarphia" higherTaxonomySource="GBIF" kingdom="Animalia" order="Coleoptera" pageId="7" pageNumber="424" phylum="Arthropoda" rank="genus">
<emphasis box="[1032,1138,1333,1359]" italics="true" pageId="7" pageNumber="424">Iotarphia</emphasis>
</taxonomicName>
species. The female of 
<taxonomicName class="Insecta" family="Staphylinidae" genus="Iotarphia" higherTaxonomySource="GBIF" kingdom="Animalia" order="Coleoptera" pageId="7" pageNumber="424" phylum="Arthropoda" rank="species" species="rufobrunnea">
<emphasis box="[1420,1429,1334,1359]" italics="true" pageId="7" pageNumber="424">I</emphasis>
. 
<emphasis box="[151,291,1369,1395]" italics="true" pageId="7" pageNumber="424">rufobrunnea</emphasis>
</taxonomicName>
is characterized for the first time: female sternite VIII with 4–5 macrosetae on each side of midline, posterior margin rounded (
<figureCitation box="[451,534,1405,1432]" captionStart="FIGURE 5" captionStartId="9.[151,250,1166,1190]" captionTargetBox="[291,1296,182,1134]" captionTargetId="figure-17@9.[287,1300,181,1142]" captionTargetPageId="9" captionText="FIGURE 5. Iotarphia rufobrunnea: (a) meso- and metaventrites, ventral view; (b) female abdominal sternite VIII, ventral view; (c) spermatheca, scales = 0.1 mm." figureDoi="http://doi.org/10.5281/zenodo.4478187" httpUri="https://zenodo.org/record/4478187/files/figure.png" pageId="7" pageNumber="424">Fig. 5b</figureCitation>
); and spermatheca as in 
<figureCitation box="[809,889,1405,1432]" captionStart="FIGURE 5" captionStartId="9.[151,250,1166,1190]" captionTargetBox="[291,1296,182,1134]" captionTargetId="figure-17@9.[287,1300,181,1142]" captionTargetPageId="9" captionText="FIGURE 5. Iotarphia rufobrunnea: (a) meso- and metaventrites, ventral view; (b) female abdominal sternite VIII, ventral view; (c) spermatheca, scales = 0.1 mm." figureDoi="http://doi.org/10.5281/zenodo.4478187" httpUri="https://zenodo.org/record/4478187/files/figure.png" pageId="7" pageNumber="424">Fig. 5c</figureCitation>
.
</paragraph>
</subSubSection>
</treatment>
</document>