<document ID-DOI="http://doi.org/10.5281/zenodo.4685433" ID-GBIF-Dataset="364a2818-9890-4a57-91cd-d5dcf0f36c6f" ID-ISSN="1175-5326" ID-Zenodo-Dep="4685433" ID-ZooBank="5C640B7A-AA7A-435B-93C7-F9AC61A71A9B" _generate="added" checkinTime="1617873621293" checkinUser="plazi" docAuthor="Michelsen, Verner" docDate="2021" docId="039F879D026AFFCC57B3FAAAFE6C7716" docLanguage="en" docName="zootaxa.4952.1.6.pdf" docOrigin="Zootaxa 4952 (1)" docStyle="DocumentStyle:647186512141C8FC8976D5BCC54AEB7D.6:Zootaxa.2013.journal_article" docStyleId="647186512141C8FC8976D5BCC54AEB7D" docStyleName="Zootaxa.2013.journal_article" docStyleVersion="6" docTitle="Limnophora quaterna" docType="treatment" docVersion="5" lastPageId="17" lastPageNumber="118" masterDocId="FFA6FFE5027AFFDD5724FF85FFD17577" masterDocTitle="Macaronesian Muscidae (Diptera). II. The genus Limnophora Robineau-Desvoidy with description of a new Canarian endemic species" masterLastPageNumber="127" masterPageNumber="101" pageId="16" pageNumber="117" updateTime="1618346017711" updateUser="ExternalLinkService" zenodo-license-document="CLOSED">
<mods:mods xmlns:mods="http://www.loc.gov/mods/v3">
<mods:titleInfo>
<mods:title>Macaronesian Muscidae (Diptera). II. The genus Limnophora Robineau-Desvoidy with description of a new Canarian endemic species</mods:title>
</mods:titleInfo>
<mods:name type="personal">
<mods:role>
<mods:roleTerm>Author</mods:roleTerm>
</mods:role>
<mods:namePart>Michelsen, Verner</mods:namePart>
</mods:name>
<mods:typeOfResource>text</mods:typeOfResource>
<mods:relatedItem type="host">
<mods:titleInfo>
<mods:title>Zootaxa</mods:title>
</mods:titleInfo>
<mods:part>
<mods:date>2021</mods:date>
<mods:detail type="pubDate">
<mods:number>2021-04-08</mods:number>
</mods:detail>
<mods:detail type="volume">
<mods:number>4952</mods:number>
</mods:detail>
<mods:detail type="issue">
<mods:number>1</mods:number>
</mods:detail>
<mods:extent unit="page">
<mods:start>101</mods:start>
<mods:end>127</mods:end>
</mods:extent>
</mods:part>
</mods:relatedItem>
<mods:classification>journal article</mods:classification>
<mods:identifier type="DOI">https://doi.org/10.11646/zootaxa.4952.1.6</mods:identifier>
<mods:identifier type="GBIF-Dataset">364a2818-9890-4a57-91cd-d5dcf0f36c6f</mods:identifier>
<mods:identifier type="ISSN">1175-5326</mods:identifier>
<mods:identifier type="Zenodo-Dep">4671806</mods:identifier>
<mods:identifier type="ZooBank">5C640B7A-AA7A-435B-93C7-F9AC61A71A9B</mods:identifier>
</mods:mods>
<treatment ID-DOI="http://doi.org/10.5281/zenodo.4685433" ID-Zenodo-Dep="4685433" LSID="urn:lsid:plazi:treatment:039F879D026AFFCC57B3FAAAFE6C7716" httpUri="http://treatment.plazi.org/id/039F879D026AFFCC57B3FAAAFE6C7716" lastPageId="17" lastPageNumber="118" pageId="16" pageNumber="117">
<subSubSection box="[151,514,1327,1354]" pageId="16" pageNumber="117" type="nomenclature">
<paragraph blockId="16.[151,514,1327,1390]" box="[151,514,1327,1354]" pageId="16" pageNumber="117">
<heading bold="true" box="[151,514,1327,1354]" fontSize="11" level="1" pageId="16" pageNumber="117" reason="1">
<taxonomicName authority="(Loew)" baseAuthorityName="Loew" baseAuthorityYear="1852" box="[151,514,1327,1354]" class="Insecta" family="Muscidae" genus="Limnophora" kingdom="Animalia" order="Diptera" pageId="16" pageNumber="117" phylum="Arthropoda" rank="species" species="quaterna">
<emphasis bold="true" box="[151,514,1327,1354]" pageId="16" pageNumber="117">
<emphasis bold="true" box="[151,419,1327,1354]" italics="true" pageId="16" pageNumber="117">Limnophora quaterna</emphasis>
(Loew)
</emphasis>
</taxonomicName>
</heading>
</paragraph>
</subSubSection>
<subSubSection box="[151,306,1364,1390]" pageId="16" pageNumber="117" type="description">
<paragraph blockId="16.[151,514,1327,1390]" box="[151,306,1364,1390]" pageId="16" pageNumber="117">
(
<figureCitation box="[159,298,1364,1390]" captionStart="FIGURE 10" captionStartId="18.[151,250,1944,1968]" captionTargetBox="[174,1394,205,1902]" captionTargetId="figure-19@18.[157,1430,181,1920]" captionTargetPageId="18" captionText="FIGURE 10. Limnophora quaterna (Loew) (A‒C), L. riparia (Fallén) (D‒F). Males. Sternite V (A, F); hypopygium, caudal (B, E) and lateral (C, D). Same scale." figureDoi="http://doi.org/10.5281/zenodo.4671838" httpUri="https://zenodo.org/record/4671838/files/figure.png" pageId="16" pageNumber="117">Figs 10A‒C</figureCitation>
)
</paragraph>
</subSubSection>
<subSubSection pageId="16" pageNumber="117" type="reference_group">
<paragraph blockId="16.[151,1433,1432,1518]" pageId="16" pageNumber="117">
<treatmentCitationGroup pageId="16" pageNumber="117">
<taxonomicName authority="Stein" authorityName="Stein" authorityYear="1903" box="[151,433,1432,1456]" class="Insecta" family="Muscidae" genus="Limnophora" kingdom="Animalia" order="Diptera" pageId="16" pageNumber="117" phylum="Arthropoda" rank="species" species="notabilis">
<emphasis box="[151,372,1432,1456]" italics="true" pageId="16" pageNumber="117">Limnophora notabilis</emphasis>
Stein
</taxonomicName>
; 
<treatmentCitation author="Becker, T." box="[443,635,1432,1456]" page="100" pageId="16" pageNumber="117" year="1908">
<bibRefCitation author="Becker, T." box="[443,635,1432,1456]" pageId="16" pageNumber="117" pagination="1 - 180" refId="ref17283" refString="Becker, T. (1908 a) Dipteren der Kanarischen Inseln. Mitteilungen aus dem Zoologischen Museum in Berlin, 4, 1 - 180, 4 pls." type="journal article" year="1908">Becker 1908a: 100</bibRefCitation>
</treatmentCitation>
(Gran Canaria, Tenerife); 
<treatmentCitation author="Emden, F. I. van" box="[903,1058,1432,1456]" page="6" pageId="16" pageNumber="117" year="1958">
<bibRefCitation author="Emden, F. I. van" box="[903,1058,1432,1456]" pageId="16" pageNumber="117" pagination="1 - 18" refId="ref17694" refString="Emden, F. I. van (1958) Muscidae collected on the Cape Verde Islands. Results of the Zoological Expedition of Professor Dr. Hakan Lindberg to the Cape Verde Islands in the winter 1953 - 54. No 24. Commentationes biologicae, 20, 1 - 18." type="journal article" year="1958">Emden 1958: 6</bibRefCitation>
</treatmentCitation>
(
<collectingCountry box="[1071,1190,1432,1456]" name="Cape Verde" pageId="16" pageNumber="117">Cape Verde</collectingCountry>
Is.); Hennig 1959: 374. “ 
<taxonomicName authority="(Rondani)" baseAuthorityName="Rondani" baseAuthorityYear="1866" box="[162,508,1463,1487]" class="Insecta" family="Muscidae" genus="Limnophora" kingdom="Animalia" order="Diptera" pageId="16" pageNumber="117" phylum="Arthropoda" rank="species" species="obsignata">
<emphasis box="[162,394,1463,1487]" italics="true" pageId="16" pageNumber="117">Limnophora obsignata</emphasis>
(Rondani)
</taxonomicName>
”; 
<treatmentCitation author="Frey, R." box="[528,682,1463,1487]" page="132" pageId="16" pageNumber="117" year="1936">
<bibRefCitation author="Frey, R." box="[528,682,1463,1487]" pageId="16" pageNumber="117" pagination="1 - 237" refId="ref17783" refString="Frey, R. (1936) Die Dipterenfauna der Kanarischen Inseln und ihre Probleme. Commentationes biologicae, 6, 1 - 237, 10 pls." type="journal article" year="1936">
Frey 1936: 
<specimenCount box="[644,682,1463,1487]" pageId="16" pageNumber="117" type="generic">132</specimenCount>
</bibRefCitation>
</treatmentCitation>
p.p. (Tenerife, La Gomera). Misidentification.
</treatmentCitationGroup>
</paragraph>
<paragraph blockId="16.[151,1433,1432,1518]" box="[151,910,1493,1518]" pageId="16" pageNumber="117">
<treatmentCitationGroup box="[151,910,1493,1518]" pageId="16" pageNumber="117">
<taxonomicName authority="(Loew)" baseAuthorityName="Loew" baseAuthorityYear="1852" box="[151,458,1493,1518]" class="Insecta" family="Muscidae" genus="Limnophora" kingdom="Animalia" order="Diptera" pageId="16" pageNumber="117" phylum="Arthropoda" rank="species" species="quaterna">
<emphasis box="[151,374,1493,1517]" italics="true" pageId="16" pageNumber="117">Limnophora quaterna</emphasis>
(Loew)
</taxonomicName>
; 
<treatmentCitation author="Pont, A. C." box="[469,626,1494,1518]" page="749" pageId="16" pageNumber="117" year="1980">
<bibRefCitation author="Pont, A. C." box="[469,626,1494,1518]" pageId="16" pageNumber="117" pagination="721 - 761" refId="ref18296" refString="Pont, A. C. (1980) Family Muscidae. In: Crosskey, R. W. (Ed.), Catalogue of the Diptera of the Afrotropical Region. British Museum (Natural History), London, pp. 721 - 761." type="book chapter" year="1980">Pont 1980: 749</bibRefCitation>
</treatmentCitation>
; 
<treatmentCitation author="Baez, M." box="[637,796,1493,1518]" page="625" pageId="16" pageNumber="117" year="1981">
<bibRefCitation author="Baez, M." box="[637,796,1493,1518]" pageId="16" pageNumber="117" pagination="619 - 670" refId="ref17198" refString="Baez, M. (1981) Dipteros de Canarias VIII: Tribus Limnophorini y Coenosiini (Dipt., Muscidae). Anuario de Estudios Canaricos, 27, 619 - 670." type="journal article" year="1981">Báez 1981: 625</bibRefCitation>
</treatmentCitation>
(Tenerife).
</treatmentCitationGroup>
</paragraph>
</subSubSection>
<subSubSection pageId="16" pageNumber="117" type="materials_examined">
<paragraph blockId="16.[151,1436,1563,2022]" pageId="16" pageNumber="117">
<emphasis bold="true" box="[151,384,1563,1589]" pageId="16" pageNumber="117">Material examined.</emphasis>
[
<materialsCitation collectingDate="1949-01-12" collectingDateMax="2020-01-29" collectingDateMin="1949-01-12" collectionCode="MZH, NHMD, GRAN, CANARIA, R, V" country="Yemen" county="Afrotropical" elevation="645" latitude="28.116667" location="Puerto de San Juan" longLatPrecision="1233" longitude="-17.166666" municipality="Further" pageId="16" pageNumber="117" specimenCount="43" specimenCount-female="15" specimenCount-male="28">
<collectionCode box="[396,464,1564,1590]" country="Finland" httpUri="http://grbio.org/cool/2vmj-fp0v" name="Finnish Museum of Natural History" pageId="16" pageNumber="117" type="Museum">MZH</collectionCode>
, 
<collectionCode box="[475,568,1563,1590]" pageId="16" pageNumber="117">NHMD</collectionCode>
]: 
<emphasis bold="true" box="[584,830,1563,1589]" pageId="16" pageNumber="117">CANARY ISLANDS</emphasis>
: 
<collectionCode box="[844,1062,1564,1590]" pageId="16" pageNumber="117">GRAN CANARIA</collectionCode>
: 
<collectorName box="[1070,1152,1564,1590]" pageId="16" pageNumber="117">Arucas</collectorName>
, 
<specimenCount box="[1162,1197,1564,1590]" pageId="16" pageNumber="117" type="female">1♀</specimenCount>
<date box="[1204,1325,1564,1590]" pageId="16" pageNumber="117" value="1949-03-27">
<collectingDate box="[1204,1325,1564,1590]" pageId="16" pageNumber="117" value="1949-03-27">27.iii.1949</collectingDate>
</date>
(H. Lind- berg). TENERIFE: 
<collectorName box="[377,464,1600,1626]" pageId="16" pageNumber="117">Guimar</collectorName>
, 
<specimenCount box="[479,517,1600,1626]" pageId="16" pageNumber="117" type="male">2♂</specimenCount>
, 
<specimenCount box="[532,567,1600,1626]" pageId="16" pageNumber="117" type="female">1♀</specimenCount>
1931 (
<collectionCode box="[653,675,1600,1626]" country="Chile" name="Departamento de Geologia, Universidad de Chile" pageId="16" pageNumber="117">R</collectionCode>
. 
<collectorName box="[690,745,1600,1626]" pageId="16" pageNumber="117">Frey</collectorName>
), 
<specimenCount box="[768,803,1600,1626]" pageId="16" pageNumber="117" type="male">1♂</specimenCount>
<date box="[813,919,1600,1626]" pageId="16" pageNumber="117" value="1949-01-12">
<collectingDate box="[813,919,1600,1626]" pageId="16" pageNumber="117" value="1949-01-12">12.i.1949</collectingDate>
</date>
(
<collectorName box="[939,1084,1600,1627]" pageId="16" pageNumber="117">H. Lindberg</collectorName>
); 
<location LSID="urn:lsid:plazi:treatment:039F879D026AFFCC57B3FAAAFE6C7716:8EE96050026AFFCD5377F9C5FAE7732D" box="[1107,1334,1600,1626]" country="Yemen" county="Afrotropical" latitude="28.116667" longLatPrecision="1233" longitude="-17.166666" municipality="Further" name="Puerto de San Juan" pageId="16" pageNumber="117">Puerto de San Juan</location>
, 
<specimenCount box="[1349,1384,1600,1626]" pageId="16" pageNumber="117" type="female">1♀</specimenCount>
<date pageId="16" pageNumber="117" value="1949-01-16" valueMax="1949-01-22" valueMin="1949-01-16">
<collectingDate pageId="16" pageNumber="117" value="1949-01-16" valueMax="1949-01-22" valueMin="1949-01-16">16‒ 22.i.1949</collectingDate>
</date>
(
<collectorName box="[273,414,1636,1663]" pageId="16" pageNumber="117">H. Lindberg</collectorName>
); 
<collectorName box="[433,630,1636,1662]" pageId="16" pageNumber="117">Puerto de la Cruz</collectorName>
, 
<specimenCount box="[641,678,1636,1662]" pageId="16" pageNumber="117" type="male">6♂</specimenCount>
, 
<specimenCount box="[690,724,1636,1662]" pageId="16" pageNumber="117" type="female">3♀</specimenCount>
<date box="[732,859,1636,1662]" pageId="16" pageNumber="117" value="1949-02-02" valueMax="1949-02-04" valueMin="1949-02-02">
<collectingDate box="[732,859,1636,1662]" pageId="16" pageNumber="117" value="1949-02-02" valueMax="1949-02-04" valueMin="1949-02-02">2‒4.ii.1949</collectingDate>
</date>
(
<collectorName box="[875,1017,1636,1663]" pageId="16" pageNumber="117">H. Lindberg</collectorName>
). LA GOMERA: 
<collectorName box="[1213,1328,1636,1662]" pageId="16" pageNumber="117">Hermigua</collectorName>
, 
<specimenCount box="[1338,1374,1636,1662]" pageId="16" pageNumber="117" type="male">6♂</specimenCount>
1931 (
<collectionCode box="[160,182,1672,1698]" country="Chile" name="Departamento de Geologia, Universidad de Chile" pageId="16" pageNumber="117">R</collectionCode>
. 
<collectorName box="[195,247,1672,1698]" pageId="16" pageNumber="117">Frey</collectorName>
, 
<collectionCode box="[260,282,1672,1698]" country="Chile" name="Departamento de Geologia, Universidad de Chile" pageId="16" pageNumber="117">R</collectionCode>
. 
<collectorName box="[294,358,1671,1698]" pageId="16" pageNumber="117">Storå</collectorName>
); 
<collectorName box="[379,498,1672,1698]" pageId="16" pageNumber="117">Los Loros</collectorName>
, 
<geoCoordinate box="[511,608,1672,1698]" degrees="28" direction="north" minutes="09" orientation="latitude" pageId="16" pageNumber="117" precision="925" value="28.15">28°09´N</geoCoordinate>
<geoCoordinate box="[616,719,1672,1698]" degrees="17" direction="west" minutes="16" orientation="longitude" pageId="16" pageNumber="117" precision="925" value="-17.266666">17°16´W</geoCoordinate>
, 
<quantity box="[732,855,1671,1698]" metricMagnitude="2" metricUnit="m" metricValue="6.45" metricValueMax="7.7" metricValueMin="5.2" pageId="16" pageNumber="117" unit="m" value="645.0" valueMax="770.0" valueMin="520.0">
<elevation box="[732,855,1671,1698]" metricMagnitude="2" metricUnit="m" metricValue="6.45" metricValueMax="7.7" metricValueMin="5.2" pageId="16" pageNumber="117" unit="m" value="645.0" valueMax="770.0" valueMin="520.0">520‒770m</elevation>
</quantity>
, 
<specimenCount box="[868,903,1672,1698]" pageId="16" pageNumber="117" type="female">1♀</specimenCount>
<date box="[911,1039,1672,1698]" pageId="16" pageNumber="117" value="2008-02-01" valueMax="2008-02-07" valueMin="2008-02-01">
<collectingDate box="[911,1039,1672,1698]" pageId="16" pageNumber="117" value="2008-02-01" valueMax="2008-02-07" valueMin="2008-02-01">1‒7.ii.2008</collectingDate>
</date>
(
<collectionCode box="[1056,1077,1672,1698]" country="Canada" lsid="urn:lsid:biocol.org:col:13946" name="Royal British Columbia Museum - Herbarium" pageId="16" pageNumber="117" type="Museum">V</collectionCode>
. Michelsen); 
<location LSID="urn:lsid:plazi:treatment:039F879D026AFFCC57B3FAAAFE6C7716:8EE96050026AFFCD53F4F90DFA4973D5" box="[1232,1432,1672,1698]" country="Yemen" county="Afrotropical" latitude="28.116667" longLatPrecision="1233" longitude="-17.166666" municipality="Further" name="Bco de Aguajilva" pageId="16" pageNumber="117">Bco de Aguajilva</location>
, Lomito Fragoso, 
<geoCoordinate box="[347,444,1708,1734]" degrees="28" direction="north" minutes="07" orientation="latitude" pageId="16" pageNumber="117" precision="925" value="28.116667">28°07´N</geoCoordinate>
<geoCoordinate box="[452,554,1708,1734]" degrees="17" direction="west" minutes="10" orientation="longitude" pageId="16" pageNumber="117" precision="925" value="-17.166666">17°10´W</geoCoordinate>
, 
<quantity box="[568,690,1707,1734]" metricMagnitude="2" metricUnit="m" metricValue="2.35" metricValueMax="2.5" metricValueMin="2.2" pageId="16" pageNumber="117" unit="m" value="235.0" valueMax="250.0" valueMin="220.0">
<elevation box="[568,690,1707,1734]" metricMagnitude="2" metricUnit="m" metricValue="2.35" metricValueMax="2.5" metricValueMin="2.2" pageId="16" pageNumber="117" unit="m" value="235.0" valueMax="250.0" valueMin="220.0">220‒250m</elevation>
</quantity>
, 
<specimenCount box="[702,753,1708,1734]" pageId="16" pageNumber="117" type="male">13♂</specimenCount>
, 
<specimenCount box="[767,802,1708,1734]" pageId="16" pageNumber="117" type="female">7♀</specimenCount>
<date box="[810,960,1708,1734]" pageId="16" pageNumber="117" value="2019-01-19" valueMax="2019-01-24" valueMin="2019-01-19">
<collectingDate box="[810,960,1708,1734]" pageId="16" pageNumber="117" value="2019-01-19" valueMax="2019-01-24" valueMin="2019-01-19">19‒24.i.2019</collectingDate>
</date>
, 
<specimenCount box="[973,1007,1708,1734]" pageId="16" pageNumber="117" type="female">1♀</specimenCount>
<date box="[1016,1163,1708,1734]" pageId="16" pageNumber="117" value="2020-01-24" valueMax="2020-01-29" valueMin="2020-01-24">
<collectingDate box="[1016,1163,1708,1734]" pageId="16" pageNumber="117" value="2020-01-24" valueMax="2020-01-29" valueMin="2020-01-24">24‒29.i.2020</collectingDate>
</date>
(
<collectionCode box="[1180,1201,1708,1734]" country="Canada" lsid="urn:lsid:biocol.org:col:13946" name="Royal British Columbia Museum - Herbarium" pageId="16" pageNumber="117" type="Museum">V</collectionCode>
. 
<location LSID="urn:lsid:plazi:treatment:039F879D026AFFCC57B3FAAAFE6C7716:8EE96050026AFFCD5399F929FAE673B0" box="[1213,1335,1708,1735]" country="Yemen" county="Afrotropical" latitude="28.116667" longLatPrecision="1233" longitude="-17.166666" municipality="Further" name="Michelsen" pageId="16" pageNumber="117">Michelsen</location>
). 
<collectingMunicipality box="[1354,1436,1708,1734]" pageId="16" pageNumber="117">Further</collectingMunicipality>
material in 
<collectionCode box="[279,365,1744,1770]" pageId="16" pageNumber="117">NHMD</collectionCode>
examined from 
<collectingCountry box="[547,625,1744,1770]" name="Yemen" pageId="16" pageNumber="117">Yemen</collectingCountry>
(
<collectingCounty box="[640,786,1744,1771]" pageId="16" pageNumber="117">Afrotropical</collectingCounty>
)
</materialsCitation>
.
</paragraph>
</subSubSection>
<subSubSection lastPageId="17" lastPageNumber="118" pageId="16" pageNumber="117" type="diagnosis">
<paragraph blockId="16.[151,1436,1563,2022]" lastBlockId="17.[151,1437,151,609]" lastPageId="17" lastPageNumber="118" pageId="16" pageNumber="117">
<emphasis bold="true" box="[199,322,1779,1805]" pageId="16" pageNumber="117">Diagnosis.</emphasis>
Medium sized, wing length 4.0‒ 
<quantity box="[695,775,1779,1806]" metricMagnitude="-3" metricUnit="m" metricValue="5.5" pageId="16" pageNumber="117" unit="mm" value="5.5">5.5mm</quantity>
. 
<emphasis box="[785,852,1780,1806]" italics="true" pageId="16" pageNumber="117">Male:</emphasis>
Arista plumose, longest branches reaching width of postpedicel. Frons at narrowest point 1.3‒1.4 times as wide as ocellar tubercle, black frontal vitta at this point 2‒3 times wider than adjacent silvery white fronto-orbital plates. Fronto-orbital plate with 1 proclinate orbital setula well separated from 4‒6 robust frontal setae confined to lower two-thirds of frons. Frons lying slightly behind mod- erately produced facial margin. Mesonotum whitish grey pruinose with contrasting brownish black “ 
<taxonomicName authorityName="Meigen" authorityYear="1803" box="[1306,1427,1924,1950]" class="Insecta" family="Anthomyiidae" genus="Anthomyia" kingdom="Animalia" order="Diptera" pageId="16" pageNumber="117" phylum="Arthropoda" rank="genus">
<emphasis box="[1306,1427,1924,1950]" italics="true" pageId="16" pageNumber="117">Anthomyia</emphasis>
</taxonomicName>
- pattern” as follows: pair of large squarish marks in front of the suture, a very broad band immediately behind the suture and a broad band on basal two-thirds of scutellum. Dorsocentral setae 3 behind the suture; presutural acros- tichal field occupied by setulae only, arranged in 6 irregular rows. Calypteres only a little paler than brownish tinged wing membrane; vein M 
<subScript attach="left" box="[427,435,205,219]" fontSize="6" pageId="17" pageNumber="118">1</subScript>
strongly curved forward in distal part. Mid femur with 2 subapical 
<emphasis box="[1189,1217,187,213]" italics="true" pageId="17" pageNumber="118">pd</emphasis>
setae, on basal half with 3 spinose, erect 
<emphasis box="[392,418,223,248]" italics="true" pageId="17" pageNumber="118">pv</emphasis>
setae; mid tibia with 2(‒3) 
<emphasis box="[734,762,223,249]" italics="true" pageId="17" pageNumber="118">pd</emphasis>
setae above and below middle. Hind femur with normal 
<emphasis box="[1410,1436,223,248]" italics="true" pageId="17" pageNumber="118">av</emphasis>
and 
<emphasis box="[199,225,259,284]" italics="true" pageId="17" pageNumber="118">pv</emphasis>
setae on distal half and further with 3‒4 robust, erect 
<emphasis box="[841,867,259,284]" italics="true" pageId="17" pageNumber="118">pv</emphasis>
setae on basal half. Sternite I bare. Sternite V and hypopygium as in 
<figureCitation box="[356,495,295,321]" captionStart="FIGURE 10" captionStartId="18.[151,250,1944,1968]" captionTargetBox="[174,1394,205,1902]" captionTargetId="figure-19@18.[157,1430,181,1920]" captionTargetPageId="18" captionText="FIGURE 10. Limnophora quaterna (Loew) (A‒C), L. riparia (Fallén) (D‒F). Males. Sternite V (A, F); hypopygium, caudal (B, E) and lateral (C, D). Same scale." figureDoi="http://doi.org/10.5281/zenodo.4671838" httpUri="https://zenodo.org/record/4671838/files/figure.png" pageId="17" pageNumber="118">Figs 10A‒C</figureCitation>
. 
<emphasis box="[505,598,295,321]" italics="true" pageId="17" pageNumber="118">Female:</emphasis>
Frontal triangle with concave margins, very tapering and confined to upper two-thirds of frontal vitta. Fronto-orbital plate with 2 reclinate orbital setae (anterior one shorter) and 3‒4 inclinate frontal setae. Dark pattern on mesonotum very reduced compared to the male, mainly consisting of a pair of oblong brown marks behind the suture and dark patches on latero-basal corners of scutellum. Mid- and hind femur without distinct 
<emphasis box="[241,267,439,464]" italics="true" pageId="17" pageNumber="118">pv</emphasis>
setae. Ovipositor different from similar examined species by sternite VI divided in three sclerite pieces supporting a pair of hind marginal setae only. See 
<tableCitation box="[713,796,475,501]" captionStart="Table 1" captionStartId="6.[151,214,575,601]" captionTargetBox="[159,1920,612,1616]" captionTargetId="graphics-40@6.[151,1932,752,1617]" captionText="Table 1. Matrix of 11 characters and their states (different colours) derived from the ovipositor and scored for 12 species of Limnophora." pageId="17" pageNumber="118">Table 1</tableCitation>
for more ovipositor characters.
</paragraph>
</subSubSection>
<subSubSection pageId="17" pageNumber="118" type="distribution">
<paragraph blockId="17.[151,1437,151,609]" pageId="17" pageNumber="118">
<emphasis bold="true" box="[199,353,510,536]" pageId="17" pageNumber="118">Distribution.</emphasis>
<collectingCountry box="[361,491,511,537]" name="Cape Verde" pageId="17" pageNumber="118">Cape Verde</collectingCountry>
Islands: Santo Antão, São Nicolau, 
<collectingRegion box="[905,967,511,537]" country="Cape Verde" name="Maio" pageId="17" pageNumber="118">Maio</collectingRegion>
, Santiago [São Tiago], 
<collectingRegion box="[1235,1305,511,537]" country="Cape Verde" name="Brava" pageId="17" pageNumber="118">Brava</collectingRegion>
. Canary Islands: Gran Canaria, Tenerife, La Gomera. A widespread Afrotropical species also known from 
<collectingCountry box="[1267,1348,547,573]" name="Yemen" pageId="17" pageNumber="118">Yemen</collectingCountry>
, 
<collectingCountry box="[1362,1432,547,573]" name="Egypt" pageId="17" pageNumber="118">Egypt</collectingCountry>
, 
<collectingCountry box="[151,232,583,609]" name="Cyprus" pageId="17" pageNumber="118">Cyprus</collectingCountry>
and the Near East.
</paragraph>
</subSubSection>
</treatment>
</document>