<document ID-DOI="http://doi.org/10.5281/zenodo.4671814" ID-GBIF-Dataset="364a2818-9890-4a57-91cd-d5dcf0f36c6f" ID-ISSN="1175-5326" ID-Zenodo-Dep="4671814" ID-ZooBank="5C640B7A-AA7A-435B-93C7-F9AC61A71A9B" _generate="added" checkinTime="1617873621293" checkinUser="plazi" docAuthor="Michelsen, Verner" docDate="2021" docId="039F879D0272FFD557B3FF12FAA3714E" docLanguage="en" docName="zootaxa.4952.1.6.pdf" docOrigin="Zootaxa 4952 (1)" docStyle="DocumentStyle:647186512141C8FC8976D5BCC54AEB7D.6:Zootaxa.2013.journal_article" docStyleId="647186512141C8FC8976D5BCC54AEB7D" docStyleName="Zootaxa.2013.journal_article" docStyleVersion="6" docTitle="Limnophora nitidithorax" docType="treatment" docVersion="4" lastPageNumber="109" masterDocId="FFA6FFE5027AFFDD5724FF85FFD17577" masterDocTitle="Macaronesian Muscidae (Diptera). II. The genus Limnophora Robineau-Desvoidy with description of a new Canarian endemic species" masterLastPageNumber="127" masterPageNumber="101" pageId="8" pageNumber="109" updateTime="1618342495306" updateUser="ExternalLinkService" zenodo-license-document="CLOSED">
<mods:mods xmlns:mods="http://www.loc.gov/mods/v3">
<mods:titleInfo>
<mods:title>Macaronesian Muscidae (Diptera). II. The genus Limnophora Robineau-Desvoidy with description of a new Canarian endemic species</mods:title>
</mods:titleInfo>
<mods:name type="personal">
<mods:role>
<mods:roleTerm>Author</mods:roleTerm>
</mods:role>
<mods:namePart>Michelsen, Verner</mods:namePart>
</mods:name>
<mods:typeOfResource>text</mods:typeOfResource>
<mods:relatedItem type="host">
<mods:titleInfo>
<mods:title>Zootaxa</mods:title>
</mods:titleInfo>
<mods:part>
<mods:date>2021</mods:date>
<mods:detail type="pubDate">
<mods:number>2021-04-08</mods:number>
</mods:detail>
<mods:detail type="volume">
<mods:number>4952</mods:number>
</mods:detail>
<mods:detail type="issue">
<mods:number>1</mods:number>
</mods:detail>
<mods:extent unit="page">
<mods:start>101</mods:start>
<mods:end>127</mods:end>
</mods:extent>
</mods:part>
</mods:relatedItem>
<mods:classification>journal article</mods:classification>
<mods:identifier type="DOI">https://doi.org/10.11646/zootaxa.4952.1.6</mods:identifier>
<mods:identifier type="GBIF-Dataset">364a2818-9890-4a57-91cd-d5dcf0f36c6f</mods:identifier>
<mods:identifier type="ISSN">1175-5326</mods:identifier>
<mods:identifier type="Zenodo-Dep">4671806</mods:identifier>
<mods:identifier type="ZooBank">5C640B7A-AA7A-435B-93C7-F9AC61A71A9B</mods:identifier>
</mods:mods>
<treatment ID-DOI="http://doi.org/10.5281/zenodo.4671814" ID-Zenodo-Dep="4671814" LSID="urn:lsid:plazi:treatment:039F879D0272FFD557B3FF12FAA3714E" httpUri="http://treatment.plazi.org/id/039F879D0272FFD557B3FF12FAA3714E" lastPageNumber="109" pageId="8" pageNumber="109">
<subSubSection box="[151,544,151,178]" pageId="8" pageNumber="109" type="nomenclature">
<paragraph blockId="8.[151,544,151,213]" box="[151,544,151,178]" pageId="8" pageNumber="109">
<heading bold="true" box="[151,544,151,178]" fontSize="11" level="1" pageId="8" pageNumber="109" reason="1">
<taxonomicName authority="(Stein)" baseAuthorityName="Stein" baseAuthorityYear="1908" box="[151,544,151,178]" class="Insecta" family="Muscidae" genus="Limnophora" kingdom="Animalia" order="Diptera" pageId="8" pageNumber="109" phylum="Arthropoda" rank="species" species="nitidithorax">
<emphasis bold="true" box="[151,544,151,178]" pageId="8" pageNumber="109">
<emphasis bold="true" box="[151,453,151,178]" italics="true" pageId="8" pageNumber="109">Limnophora nitidithorax</emphasis>
(Stein)
</emphasis>
</taxonomicName>
</heading>
</paragraph>
</subSubSection>
<subSubSection box="[151,292,187,213]" pageId="8" pageNumber="109" type="description">
<paragraph blockId="8.[151,544,151,213]" box="[151,292,187,213]" pageId="8" pageNumber="109">
(
<figureCitation box="[159,284,187,213]" captionStart="FIGURE 4" captionStartId="9.[151,250,1943,1967]" captionTargetBox="[206,1371,207,1899]" captionTargetId="figure-15@9.[183,1404,181,1920]" captionTargetPageId="9" captionText="FIGURE 4. Limnophora nitidithorax (Stein) (A‒C), L. obscurisquama Stein (D‒F). Males. Hypopygium, caudal (A, E) and lateral (B, F); sternite V (C, D). Separate scales for A‒C and D‒F." figureDoi="http://doi.org/10.5281/zenodo.4671818" httpUri="https://zenodo.org/record/4671818/files/figure.png" pageId="8" pageNumber="109">Figs 4A‒C</figureCitation>
)
</paragraph>
</subSubSection>
<subSubSection pageId="8" pageNumber="109" type="reference_group">
<paragraph blockId="8.[151,1437,255,433]" box="[151,1198,255,280]" pageId="8" pageNumber="109">
<treatmentCitationGroup box="[151,1198,255,280]" pageId="8" pageNumber="109">
<taxonomicName authority="Stein" authorityName="Stein" authorityYear="1908" box="[151,458,256,280]" class="Insecta" family="Muscidae" genus="Calliophrys" higherTaxonomySource="GBIF" kingdom="Animalia" order="Diptera" pageId="8" pageNumber="109" phylum="Arthropoda" rank="species" species="nitidithorax">
<emphasis box="[151,397,256,280]" italics="true" pageId="8" pageNumber="109">Calliophrys nitidithorax</emphasis>
Stein
</taxonomicName>
; 
<treatmentCitation author="Becker, T." box="[469,660,256,280]" page="102" pageId="8" pageNumber="109" year="1908">
<bibRefCitation author="Becker, T." box="[469,660,256,280]" pageId="8" pageNumber="109" pagination="1 - 180" refId="ref17283" refString="Becker, T. (1908 a) Dipteren der Kanarischen Inseln. Mitteilungen aus dem Zoologischen Museum in Berlin, 4, 1 - 180, 4 pls." type="journal article" year="1908">Becker 1908a: 102</bibRefCitation>
</treatmentCitation>
(Gran Canaria, Tenerife); 
<treatmentCitation author="Frey, R." box="[928,1083,255,280]" page="131" pageId="8" pageNumber="109" year="1936">
<bibRefCitation author="Frey, R." box="[928,1083,255,280]" pageId="8" pageNumber="109" pagination="1 - 237" refId="ref17783" refString="Frey, R. (1936) Die Dipterenfauna der Kanarischen Inseln und ihre Probleme. Commentationes biologicae, 6, 1 - 237, 10 pls." type="journal article" year="1936">Frey 1936: 131</bibRefCitation>
</treatmentCitation>
(Tenerife).
</treatmentCitationGroup>
</paragraph>
<paragraph blockId="8.[151,1437,255,433]" pageId="8" pageNumber="109">
<treatmentCitationGroup pageId="8" pageNumber="109">
<taxonomicName authority="(Stein)" baseAuthorityName="Stein" baseAuthorityYear="1908" box="[151,627,286,310]" class="Insecta" family="Muscidae" genus="Limnophora" kingdom="Animalia" order="Diptera" pageId="8" pageNumber="109" phylum="Arthropoda" rank="species" species="nitidithorax" subGenus="Calliophrys">
<emphasis box="[151,548,286,310]" italics="true" pageId="8" pageNumber="109">Limnophora (Calliophrys) nitidithorax</emphasis>
(Stein)
</taxonomicName>
; Hennig 1960: 388; 
<treatmentCitation author="Baez, M." box="[839,1003,286,310]" page="627" pageId="8" pageNumber="109" year="1981">
<bibRefCitation author="Baez, M." box="[839,1003,286,310]" pageId="8" pageNumber="109" pagination="619 - 670" refId="ref17198" refString="Baez, M. (1981) Dipteros de Canarias VIII: Tribus Limnophorini y Coenosiini (Dipt., Muscidae). Anuario de Estudios Canaricos, 27, 619 - 670." type="journal article" year="1981">Báez 1981: 627</bibRefCitation>
</treatmentCitation>
, pl. 1 fig. 6, pl. 3 figs 5, 6 (Gran Canaria, Tenerife, La Gomera).
</treatmentCitationGroup>
</paragraph>
<paragraph blockId="8.[151,1437,255,433]" box="[151,1163,347,372]" pageId="8" pageNumber="109">
<treatmentCitationGroup box="[151,1163,347,372]" pageId="8" pageNumber="109">
<taxonomicName authority="Santos Abreu" authorityName="Santos Abreu" authorityYear="1976" box="[151,654,348,372]" class="Insecta" family="Muscidae" genus="Limnophora" kingdom="Animalia" order="Diptera" pageId="8" pageNumber="109" phylum="Arthropoda" rank="species" species="affinis" subGenus="Melanochelia">
<emphasis box="[151,508,348,372]" italics="true" pageId="8" pageNumber="109">Limnophora (Melanochelia) affinis</emphasis>
Santos Abréu
</taxonomicName>
; 
<treatmentCitation author="Santos Abreu, E." box="[664,908,347,372]" page="102" pageId="8" pageNumber="109" year="1976">
<bibRefCitation author="Santos Abreu, E." box="[664,908,347,372]" pageId="8" pageNumber="109" refId="ref18609" refString="Santos Abreu, E. (1976) Monografia de los Anthomyidos de las Islas Canarias (Dipteros). Excmo. Cabildo Insular de La Palma, La Palma, 175 pp. [Posthumous, unedited pre- 1937 contribution.]" type="book" year="1976">Santos Abréu 1976: 102</bibRefCitation>
</treatmentCitation>
(La Gomera, La Palma).
</treatmentCitationGroup>
</paragraph>
<paragraph blockId="8.[151,1437,255,433]" box="[151,1103,378,402]" pageId="8" pageNumber="109">
<treatmentCitationGroup box="[151,1103,378,402]" pageId="8" pageNumber="109">
<taxonomicName authority="(Stein)" baseAuthorityName="Stein" baseAuthorityYear="1908" box="[151,643,378,402]" class="Insecta" family="Muscidae" genus="Limnophora" kingdom="Animalia" order="Diptera" pageId="8" pageNumber="109" phylum="Arthropoda" rank="species" species="nitidithorax" subGenus="Melanochelia">
<emphasis box="[151,565,378,402]" italics="true" pageId="8" pageNumber="109">Limnophora (Melanochelia) nitidithorax</emphasis>
(Stein)
</taxonomicName>
; 
<treatmentCitation author="Santos Abreu, E." box="[654,900,378,402]" page="104" pageId="8" pageNumber="109" year="1976">
<bibRefCitation author="Santos Abreu, E." box="[654,900,378,402]" pageId="8" pageNumber="109" refId="ref18609" refString="Santos Abreu, E. (1976) Monografia de los Anthomyidos de las Islas Canarias (Dipteros). Excmo. Cabildo Insular de La Palma, La Palma, 175 pp. [Posthumous, unedited pre- 1937 contribution.]" type="book" year="1976">Santos Abréu 1976: 104</bibRefCitation>
</treatmentCitation>
, fig. 14 (La Palma).
</treatmentCitationGroup>
</paragraph>
<paragraph blockId="8.[151,1437,255,433]" box="[151,1293,409,433]" pageId="8" pageNumber="109">
<treatmentCitationGroup box="[151,1293,409,433]" pageId="8" pageNumber="109">
<taxonomicName authority="(Stein)" baseAuthorityName="Stein" baseAuthorityYear="1908" box="[151,480,409,433]" class="Insecta" family="Muscidae" genus="Limnophora" kingdom="Animalia" order="Diptera" pageId="8" pageNumber="109" phylum="Arthropoda" rank="species" species="nitidithorax">
<emphasis box="[151,403,409,433]" italics="true" pageId="8" pageNumber="109">Limnophora nitidithorax</emphasis>
(Stein)
</taxonomicName>
; 
<treatmentCitation author="Pont, A. C." box="[491,649,409,433]" page="180" pageId="8" pageNumber="109" year="1986">
<bibRefCitation author="Pont, A. C." box="[491,649,409,433]" pageId="8" pageNumber="109" refId="ref18345" refString="Pont, A. C. (1986) Family Muscidae. In: Soos, A &amp; Papp, L. (Eds.), Catalogue of Palaearctic Diptera. Vol. 11. Akademiai Kiado, Budapest, pp. 57 - 215." type="book" year="1986">Pont 1986: 180</bibRefCitation>
</treatmentCitation>
; 
<treatmentCitation author="Couri, M. &amp; Pont, A. C." box="[659,892,409,433]" page="11" pageId="8" pageNumber="109" year="2020">
<bibRefCitation author="Couri, M. &amp; Pont, A. C." box="[659,892,409,433]" pageId="8" pageNumber="109" pagination="1 - 57" refId="ref17496" refString="Couri, M. &amp; Pont, A. C. (2020) Type specimens of Limnophorini (Diptera: Muscidae) deposited in the Museum fur Naturkunde, Humboldt-Universitat zu Berlin (Berlin, Germany). Zoologia, 37, 1 - 57. https: // doi. org / 10.3897 / zoologia. 37. e 46879" type="journal article" year="2020">Couri &amp; Pont 2020: 11</bibRefCitation>
</treatmentCitation>
, 13 figs 61‒64 (male 
<typeStatus box="[1113,1194,409,433]" pageId="8" pageNumber="109">syntype</typeStatus>
, habitus).
</treatmentCitationGroup>
</paragraph>
</subSubSection>
<subSubSection pageId="8" pageNumber="109" type="materials_examined">
<paragraph blockId="8.[151,1437,478,1082]" pageId="8" pageNumber="109">
<emphasis bold="true" box="[151,385,479,505]" pageId="8" pageNumber="109">Material examined.</emphasis>
[
<materialsCitation box="[399,836,478,506]" collectionCode="MZH, NHMD" location="CANARY ISLANDS" pageId="8" pageNumber="109" specimenCount="1" stateProvince="Canarias">
<collectionCode box="[399,467,480,506]" country="Finland" httpUri="http://grbio.org/cool/2vmj-fp0v" name="Finnish Museum of Natural History" pageId="8" pageNumber="109" type="Museum">MZH</collectionCode>
, 
<collectionCode box="[478,571,478,505]" pageId="8" pageNumber="109">NHMD</collectionCode>
]: 
<emphasis bold="true" box="[588,836,479,505]" pageId="8" pageNumber="109">
<collectingRegion box="[588,836,479,505]" country="Spain" name="Canarias" pageId="8" pageNumber="109">CANARY ISLANDS</collectingRegion>
</emphasis>
</materialsCitation>
: 
<materialsCitation collectingDate="1950-03-09" collectingDateMax="1984-07-20" collectingDateMin="1950-03-09" collectionCode="GRAN, CANARIA" elevation="400" location="Moya" municipality="Maspalomas" pageId="8" pageNumber="109" specimenCount="2" specimenCount-female="1" specimenCount-male="1" stateProvince="CANARY ISLANDS">
<collectionCode box="[852,1070,479,505]" pageId="8" pageNumber="109">GRAN CANARIA</collectionCode>
: 
<collectingMunicipality box="[1081,1225,479,505]" pageId="8" pageNumber="109">Maspalomas</collectingMunicipality>
, 
<specimenCount box="[1237,1272,479,505]" pageId="8" pageNumber="109" type="male">1♂</specimenCount>
<date box="[1279,1436,479,506]" pageId="8" pageNumber="109" value="1950-03-09" valueMax="1950-03-10" valueMin="1950-03-09">
<collectingDate box="[1279,1436,479,506]" pageId="8" pageNumber="109" value="1950-03-09" valueMax="1950-03-10" valueMin="1950-03-09">9‒10.iii. 1950</collectingDate>
</date>
(
<collectorName box="[160,306,515,542]" pageId="8" pageNumber="109">H. Lindberg</collectorName>
); 
<collectorName box="[329,465,515,542]" pageId="8" pageNumber="109">Bco. Virgin</collectorName>
, 
<location LSID="urn:lsid:plazi:treatment:039F879D0272FFD557B3FF12FAA3714E:8EE960500272FFD556C4FD81FDF57769" box="[480,548,516,542]" municipality="Maspalomas" name="Moya" pageId="8" pageNumber="109" stateProvince="CANARY ISLANDS">Moya</location>
, 
<quantity box="[563,630,515,541]" metricMagnitude="2" metricUnit="m" metricValue="4.0" pageId="8" pageNumber="109" unit="m" value="400.0">
<elevation box="[563,630,515,541]" metricMagnitude="2" metricUnit="m" metricValue="4.0" pageId="8" pageNumber="109" unit="m" value="400.0">400m</elevation>
</quantity>
, 
<specimenCount box="[644,679,515,541]" pageId="8" pageNumber="109" type="female">1♀</specimenCount>
<date box="[690,818,515,541]" pageId="8" pageNumber="109" value="1984-07-20">
<collectingDate box="[690,818,515,541]" pageId="8" pageNumber="109" value="1984-07-20">20.vii.1984</collectingDate>
</date>
(Olsen, 
<collectorName box="[921,985,515,541]" pageId="8" pageNumber="109">Skule</collectorName>
&amp; 
<collectorName box="[1028,1103,515,542]" pageId="8" pageNumber="109">Stadel</collectorName>
); 
<collectorName box="[1126,1325,515,542]" pageId="8" pageNumber="109">Bco Guayadeque</collectorName>
</materialsCitation>
, 
<materialsCitation collectingDate="2014-11-21" collectionCode="V" collectorName="Michelsen &amp; El Risco" elevation="775" latitude="27.933332" longLatPrecision="1234" longitude="-15.483334" pageId="8" pageNumber="109" specimenCount="4" specimenCount-female="1" specimenCount-male="3" stateProvince="CANARY ISLANDS">
<geoCoordinate box="[1339,1436,515,542]" degrees="27" direction="north" minutes="56" orientation="latitude" pageId="8" pageNumber="109" precision="925" value="27.933332">27°56´N</geoCoordinate>
<geoCoordinate box="[151,254,551,578]" degrees="15" direction="west" minutes="29" orientation="longitude" pageId="8" pageNumber="109" precision="925" value="-15.483334">15°29´W</geoCoordinate>
, 
<quantity box="[265,401,551,578]" metricMagnitude="2" metricUnit="m" metricValue="7.75" metricValueMax="10.0" metricValueMin="5.5" pageId="8" pageNumber="109" unit="m" value="775.0" valueMax="1000.0" valueMin="550.0">
<elevation box="[265,401,551,578]" metricMagnitude="2" metricUnit="m" metricValue="7.75" metricValueMax="10.0" metricValueMin="5.5" pageId="8" pageNumber="109" unit="m" value="775.0" valueMax="1000.0" valueMin="550.0">550‒1000m</elevation>
</quantity>
, 
<specimenCount box="[411,449,551,577]" pageId="8" pageNumber="109" type="male">3♂</specimenCount>
, 
<specimenCount box="[459,494,551,577]" pageId="8" pageNumber="109" type="female">1♀</specimenCount>
<date box="[500,620,551,577]" pageId="8" pageNumber="109" value="2014-11-21">
<collectingDate box="[500,620,551,577]" pageId="8" pageNumber="109" value="2014-11-21">21.xi.2014</collectingDate>
</date>
(
<collectionCode box="[634,655,551,577]" country="Canada" lsid="urn:lsid:biocol.org:col:13946" name="Royal British Columbia Museum - Herbarium" pageId="8" pageNumber="109" type="Museum">V</collectionCode>
. 
<collectorName box="[665,787,551,578]" pageId="8" pageNumber="109">Michelsen</collectorName>
); 
<collectorName box="[805,903,551,577]" pageId="8" pageNumber="109">El Risco</collectorName>
</materialsCitation>
, 
<materialsCitation collectingDate="1947-05-07" collectingDateMax="2014-01-12" collectingDateMin="1947-05-07" collectionCode="V" elevation="175" latitude="28.033333" location="Valle de Masca" longLatPrecision="1233" longitude="-15.716666" pageId="8" pageNumber="109" specimenCount="16" specimenCount-female="5" specimenCount-male="11" stateProvince="CANARY ISLANDS">
<geoCoordinate box="[912,1009,551,577]" degrees="28" direction="north" minutes="02" orientation="latitude" pageId="8" pageNumber="109" precision="925" value="28.033333">28°02´N</geoCoordinate>
<geoCoordinate box="[1015,1118,551,578]" degrees="15" direction="west" minutes="43" orientation="longitude" pageId="8" pageNumber="109" precision="925" value="-15.716666">15°43´W</geoCoordinate>
, 
<quantity box="[1129,1251,551,578]" metricMagnitude="2" metricUnit="m" metricValue="1.75" metricValueMax="2.0" metricValueMin="1.5" pageId="8" pageNumber="109" unit="m" value="175.0" valueMax="200.0" valueMin="150.0">
<elevation box="[1129,1251,551,578]" metricMagnitude="2" metricUnit="m" metricValue="1.75" metricValueMax="2.0" metricValueMin="1.5" pageId="8" pageNumber="109" unit="m" value="175.0" valueMax="200.0" valueMin="150.0">150‒200m</elevation>
</quantity>
, 
<specimenCount box="[1261,1296,551,577]" pageId="8" pageNumber="109" type="male">1♂</specimenCount>
<date box="[1302,1436,551,577]" pageId="8" pageNumber="109" value="2014-01-07" valueMax="2014-01-12" valueMin="2014-01-07">
<collectingDate box="[1302,1436,551,577]" pageId="8" pageNumber="109" value="2014-01-07" valueMax="2014-01-12" valueMin="2014-01-07">7‒12.i.2014</collectingDate>
</date>
(
<collectionCode box="[159,180,587,613]" country="Canada" lsid="urn:lsid:biocol.org:col:13946" name="Royal British Columbia Museum - Herbarium" pageId="8" pageNumber="109" type="Museum">V</collectionCode>
. 
<collectorName box="[190,312,587,614]" pageId="8" pageNumber="109">Michelsen</collectorName>
). TENERIFE: 
<collectorName box="[474,667,587,614]" pageId="8" pageNumber="109">Puerto de la Cruz</collectorName>
, 
<specimenCount box="[677,715,587,613]" pageId="8" pageNumber="109" type="male">2♂</specimenCount>
, 
<specimenCount box="[725,760,587,613]" pageId="8" pageNumber="109" type="female">1♀</specimenCount>
<date box="[766,890,587,613]" pageId="8" pageNumber="109" value="1947-05-07" valueMax="1947-05-08" valueMin="1947-05-07">
<collectingDate box="[766,890,587,613]" pageId="8" pageNumber="109" value="1947-05-07" valueMax="1947-05-08" valueMin="1947-05-07">7‒8.v.1947</collectingDate>
</date>
(
<collectorName box="[905,1045,587,614]" pageId="8" pageNumber="109">H. Lindberg</collectorName>
); 
<location LSID="urn:lsid:plazi:treatment:039F879D0272FFD557B3FF12FAA3714E:8EE960500272FFD55302FDCEFB037711" box="[1062,1234,587,614]" latitude="28.033333" longLatPrecision="1233" longitude="-15.716666" name="Valle de Masca" pageId="8" pageNumber="109" stateProvince="CANARY ISLANDS">
Valle 
<collectorName box="[1125,1234,587,614]" pageId="8" pageNumber="109">de Masca</collectorName>
</location>
, 
<specimenCount box="[1243,1278,587,613]" pageId="8" pageNumber="109" type="male">1♂</specimenCount>
<date box="[1284,1436,587,613]" pageId="8" pageNumber="109" value="1947-05-12" valueMax="1947-05-13" valueMin="1947-05-12">
<collectingDate box="[1284,1436,587,613]" pageId="8" pageNumber="109" value="1947-05-12" valueMax="1947-05-13" valueMin="1947-05-12">12‒13.v.1947</collectingDate>
</date>
(
<collectorName box="[160,303,623,650]" pageId="8" pageNumber="109">H. Lindberg</collectorName>
); 
<collectorName box="[323,485,623,650]" pageId="8" pageNumber="109">Los Mercedes</collectorName>
, 
<specimenCount box="[497,532,623,649]" pageId="8" pageNumber="109" type="female">1♀</specimenCount>
<date box="[540,691,623,649]" pageId="8" pageNumber="109" value="1947-05-28" valueMax="1947-05-30" valueMin="1947-05-28">
<collectingDate box="[540,691,623,649]" pageId="8" pageNumber="109" value="1947-05-28" valueMax="1947-05-30" valueMin="1947-05-28">28‒30.v.1947</collectingDate>
</date>
(
<collectorName box="[709,851,623,650]" pageId="8" pageNumber="109">H. Lindberg</collectorName>
); 
<collectorName box="[870,940,623,649]" pageId="8" pageNumber="109">Adeje</collectorName>
, 
<specimenCount box="[952,987,623,649]" pageId="8" pageNumber="109" type="male">1♂</specimenCount>
<date box="[995,1101,623,649]" pageId="8" pageNumber="109" value="1949-01-21">
<collectingDate box="[995,1101,623,649]" pageId="8" pageNumber="109" value="1949-01-21">21.i.1949</collectingDate>
</date>
(
<collectorName box="[1117,1260,623,650]" pageId="8" pageNumber="109">H. Lindberg</collectorName>
); 
<collectorName box="[1280,1339,623,649]" pageId="8" pageNumber="109">Silos</collectorName>
, 
<specimenCount box="[1351,1388,623,649]" pageId="8" pageNumber="109" type="male">6♂</specimenCount>
, 
<specimenCount box="[1401,1436,623,649]" pageId="8" pageNumber="109" type="female">3♀</specimenCount>
<date box="[151,265,659,685]" pageId="8" pageNumber="109" value="1949-02-12">
<collectingDate box="[151,265,659,685]" pageId="8" pageNumber="109" value="1949-02-12">12.ii.1949</collectingDate>
</date>
(
<collectorName box="[280,422,659,686]" pageId="8" pageNumber="109">H. Lindberg</collectorName>
); 
<collectorName box="[441,605,659,686]" pageId="8" pageNumber="109">Los Carrizales</collectorName>
</materialsCitation>
, 
<materialsCitation collectingDate="2008-02-08" collectionCode="V" collectorName="Michelsen &amp; La Laja" elevation="645" latitude="28.316668" longLatPrecision="1232" longitude="-16.85" pageId="8" pageNumber="109" specimenCount="4" specimenCount-female="4" stateProvince="CANARY ISLANDS">
<geoCoordinate box="[616,713,659,685]" degrees="28" direction="north" minutes="19" orientation="latitude" pageId="8" pageNumber="109" precision="925" value="28.316668">28°19´N</geoCoordinate>
<geoCoordinate box="[720,822,659,686]" degrees="16" direction="west" minutes="51" orientation="longitude" pageId="8" pageNumber="109" precision="925" value="-16.85">16°51´W</geoCoordinate>
, c. 
<quantity box="[860,926,659,686]" metricMagnitude="2" metricUnit="m" metricValue="6.45" pageId="8" pageNumber="109" unit="m" value="645.0">
<elevation box="[860,926,659,686]" metricMagnitude="2" metricUnit="m" metricValue="6.45" pageId="8" pageNumber="109" unit="m" value="645.0">645m</elevation>
</quantity>
, 
<specimenCount box="[937,973,659,685]" pageId="8" pageNumber="109" type="female">4♀</specimenCount>
<date box="[979,1079,659,685]" pageId="8" pageNumber="109" value="2008-02-08">
<collectingDate box="[979,1079,659,685]" pageId="8" pageNumber="109" value="2008-02-08">8.ii.2008</collectingDate>
</date>
(
<collectionCode box="[1093,1114,659,685]" country="Canada" lsid="urn:lsid:biocol.org:col:13946" name="Royal British Columbia Museum - Herbarium" pageId="8" pageNumber="109" type="Museum">V</collectionCode>
. 
<collectorName box="[1125,1247,659,686]" pageId="8" pageNumber="109">Michelsen</collectorName>
). LA GOMERA: 
<collectorName box="[151,240,695,722]" pageId="8" pageNumber="109">La Laja</collectorName>
</materialsCitation>
, 
<materialsCitation box="[251,1432,695,722]" collectingDate="2002-11-23" collectingDateMax="2016-01-29" collectingDateMin="2002-11-23" collectionCode="V" collectorName="Michelsen &amp; Lomito Fragoso" elevation="540" latitude="28.1" longLatPrecision="1233" longitude="-17.183332" pageId="8" pageNumber="109" specimenCount="7" specimenCount-female="2" specimenCount-male="5" stateProvince="CANARY ISLANDS">
<geoCoordinate box="[251,348,695,721]" degrees="28" direction="north" minutes="06" orientation="latitude" pageId="8" pageNumber="109" precision="925" value="28.1">28°06´N</geoCoordinate>
<geoCoordinate box="[354,456,695,721]" degrees="17" direction="west" minutes="11" orientation="longitude" pageId="8" pageNumber="109" precision="925" value="-17.183332">17°11´W</geoCoordinate>
, 
<quantity box="[467,590,695,721]" metricMagnitude="2" metricUnit="m" metricValue="5.4" metricValueMax="6.0" metricValueMin="4.8" pageId="8" pageNumber="109" unit="m" value="540.0" valueMax="600.0" valueMin="480.0">
<elevation box="[467,590,695,721]" metricMagnitude="2" metricUnit="m" metricValue="5.4" metricValueMax="6.0" metricValueMin="4.8" pageId="8" pageNumber="109" unit="m" value="540.0" valueMax="600.0" valueMin="480.0">480‒600m</elevation>
</quantity>
, 
<specimenCount box="[601,637,695,721]" pageId="8" pageNumber="109" type="male">1♂</specimenCount>
, 
<specimenCount box="[650,684,695,721]" pageId="8" pageNumber="109" type="female">1♀</specimenCount>
<date box="[691,814,695,721]" pageId="8" pageNumber="109" value="2002-11-23">
<collectingDate box="[691,814,695,721]" pageId="8" pageNumber="109" value="2002-11-23">23.xi.2002</collectingDate>
</date>
, 
<specimenCount box="[825,862,695,721]" pageId="8" pageNumber="109" type="male">4♂</specimenCount>
, 
<specimenCount box="[874,908,695,721]" pageId="8" pageNumber="109" type="female">1♀</specimenCount>
<date box="[915,1063,695,721]" pageId="8" pageNumber="109" value="2016-01-22" valueMax="2016-01-29" valueMin="2016-01-22">
<collectingDate box="[915,1063,695,721]" pageId="8" pageNumber="109" value="2016-01-22" valueMax="2016-01-29" valueMin="2016-01-22">22‒29.i.2016</collectingDate>
</date>
(
<collectionCode box="[1078,1099,695,721]" country="Canada" lsid="urn:lsid:biocol.org:col:13946" name="Royal British Columbia Museum - Herbarium" pageId="8" pageNumber="109" type="Museum">V</collectionCode>
. 
<collectorName box="[1109,1231,695,722]" pageId="8" pageNumber="109">Michelsen</collectorName>
); 
<collectorName box="[1250,1432,695,722]" pageId="8" pageNumber="109">Lomito Fragoso</collectorName>
</materialsCitation>
, 
<materialsCitation box="[151,1123,731,758]" collectingDate="2019-01-19" collectingDateMax="2020-01-29" collectingDateMin="2019-01-19" collectionCode="V" collectorName="Michelsen" elevation="235" latitude="28.116667" longLatPrecision="1233" longitude="-17.166666" pageId="8" pageNumber="109" specimenCount="11" specimenCount-female="3" specimenCount-male="8" stateProvince="CANARY ISLANDS">
<geoCoordinate box="[151,248,731,757]" degrees="28" direction="north" minutes="07" orientation="latitude" pageId="8" pageNumber="109" precision="925" value="28.116667">28°07´N</geoCoordinate>
<geoCoordinate box="[255,357,731,757]" degrees="17" direction="west" minutes="10" orientation="longitude" pageId="8" pageNumber="109" precision="925" value="-17.166666">17°10´W</geoCoordinate>
, 
<quantity box="[369,492,731,758]" metricMagnitude="2" metricUnit="m" metricValue="2.35" metricValueMax="2.5" metricValueMin="2.2" pageId="8" pageNumber="109" unit="m" value="235.0" valueMax="250.0" valueMin="220.0">
<elevation box="[369,492,731,758]" metricMagnitude="2" metricUnit="m" metricValue="2.35" metricValueMax="2.5" metricValueMin="2.2" pageId="8" pageNumber="109" unit="m" value="235.0" valueMax="250.0" valueMin="220.0">220‒250m</elevation>
</quantity>
, 
<specimenCount box="[503,541,731,757]" pageId="8" pageNumber="109" type="male">2♂</specimenCount>
, 
<specimenCount box="[552,587,731,757]" pageId="8" pageNumber="109" type="female">3♀</specimenCount>
<date box="[594,744,731,757]" pageId="8" pageNumber="109" value="2019-01-19" valueMax="2019-01-24" valueMin="2019-01-19">
<collectingDate box="[594,744,731,757]" pageId="8" pageNumber="109" value="2019-01-19" valueMax="2019-01-24" valueMin="2019-01-19">19‒24.i.2019</collectingDate>
</date>
, 
<specimenCount box="[756,791,731,757]" pageId="8" pageNumber="109" type="male">6♂</specimenCount>
<date box="[798,945,731,757]" pageId="8" pageNumber="109" value="2020-01-24" valueMax="2020-01-29" valueMin="2020-01-24">
<collectingDate box="[798,945,731,757]" pageId="8" pageNumber="109" value="2020-01-24" valueMax="2020-01-29" valueMin="2020-01-24">24‒29.i.2020</collectingDate>
</date>
(
<collectionCode box="[961,982,731,757]" country="Canada" lsid="urn:lsid:biocol.org:col:13946" name="Royal British Columbia Museum - Herbarium" pageId="8" pageNumber="109" type="Museum">V</collectionCode>
. 
<collectorName box="[993,1115,731,758]" pageId="8" pageNumber="109">Michelsen</collectorName>
)
</materialsCitation>
.
</paragraph>
</subSubSection>
<subSubSection pageId="8" pageNumber="109" type="diagnosis">
<paragraph blockId="8.[151,1437,478,1082]" pageId="8" pageNumber="109">
<emphasis bold="true" box="[199,322,767,793]" pageId="8" pageNumber="109">Diagnosis.</emphasis>
Very similar to 
<taxonomicName baseAuthorityName="Stein" baseAuthorityYear="1908" box="[497,645,767,793]" class="Insecta" family="Muscidae" genus="Limnophora" kingdom="Animalia" order="Diptera" pageId="8" pageNumber="109" phylum="Arthropoda" rank="species" species="bipunctata">
<emphasis box="[497,645,767,793]" italics="true" pageId="8" pageNumber="109">L. bipunctata</emphasis>
</taxonomicName>
but different as follows: Slightly larger, wing length 3.0‒ 
<quantity box="[1279,1360,767,793]" metricMagnitude="-3" metricUnit="m" metricValue="4.3" pageId="8" pageNumber="109" unit="mm" value="4.3">4.3mm</quantity>
. 
<emphasis box="[1369,1436,767,793]" italics="true" pageId="8" pageNumber="109">Male:</emphasis>
Frontal vitta deep black in contrast to wholly silvery white fronto-orbital and parafacial plates. Mesonotum mainly shiny black through thin cover of brown pruinosity, but a contrasting pattern of dense silvery white pruinosity (with a bluish tinge) covers the postpronotal lobes and notopleura and extends further to the anterior wing base along with a pair of marks in front of the scutellum. Vein R 
<subScript attach="left" box="[699,724,929,943]" fontSize="6" pageId="8" pageNumber="109">4+5</subScript>
on basal half between radial node and crossvein r‒m with 1‒3 dorsal setulae. Sternite V and hypopygium as in 
<figureCitation box="[702,829,947,973]" captionStart="FIGURE 4" captionStartId="9.[151,250,1943,1967]" captionTargetBox="[206,1371,207,1899]" captionTargetId="figure-15@9.[183,1404,181,1920]" captionTargetPageId="9" captionText="FIGURE 4. Limnophora nitidithorax (Stein) (A‒C), L. obscurisquama Stein (D‒F). Males. Hypopygium, caudal (A, E) and lateral (B, F); sternite V (C, D). Separate scales for A‒C and D‒F." figureDoi="http://doi.org/10.5281/zenodo.4671818" httpUri="https://zenodo.org/record/4671818/files/figure.png" pageId="8" pageNumber="109">Figs 4A‒C</figureCitation>
. 
<emphasis box="[841,934,947,973]" italics="true" pageId="8" pageNumber="109">Female:</emphasis>
Separated from female 
<taxonomicName baseAuthorityName="Stein" baseAuthorityYear="1908" box="[1207,1358,947,973]" class="Insecta" family="Muscidae" genus="Limnophora" kingdom="Animalia" order="Diptera" pageId="8" pageNumber="109" phylum="Arthropoda" rank="species" species="bipunctata">
<emphasis box="[1207,1358,947,973]" italics="true" pageId="8" pageNumber="109">L. bipunctata</emphasis>
</taxonomicName>
by the same differences in colour as given for the male. See 
<tableCitation box="[746,828,983,1009]" captionStart="Table 1" captionStartId="6.[151,214,575,601]" captionTargetBox="[159,1920,612,1616]" captionTargetId="graphics-40@6.[151,1932,752,1617]" captionText="Table 1. Matrix of 11 characters and their states (different colours) derived from the ovipositor and scored for 12 species of Limnophora." pageId="8" pageNumber="109">Table 1</tableCitation>
for ovipositor characters which coincide with those of 
<emphasis box="[151,308,1019,1045]" italics="true" pageId="8" pageNumber="109">
<taxonomicName baseAuthorityName="Stein" baseAuthorityYear="1908" box="[151,304,1019,1045]" class="Insecta" family="Muscidae" genus="Limnophora" kingdom="Animalia" order="Diptera" pageId="8" pageNumber="109" phylum="Arthropoda" rank="species" species="bipunctata">L. bipunctata</taxonomicName>
.
</emphasis>
</paragraph>
</subSubSection>
<subSubSection box="[199,1394,1055,1082]" pageId="8" pageNumber="109" type="distribution">
<paragraph blockId="8.[151,1437,478,1082]" box="[199,1394,1055,1082]" pageId="8" pageNumber="109">
<emphasis bold="true" box="[199,353,1055,1081]" pageId="8" pageNumber="109">Distribution.</emphasis>
Endemic Canarian species recorded from Gran Canaria, Tenerife, La Gomera and La Palma.
</paragraph>
</subSubSection>
</treatment>
</document>