<document ID-DOI="http://doi.org/10.5281/zenodo.4685429" ID-GBIF-Dataset="364a2818-9890-4a57-91cd-d5dcf0f36c6f" ID-ISSN="1175-5326" ID-Zenodo-Dep="4685429" ID-ZooBank="5C640B7A-AA7A-435B-93C7-F9AC61A71A9B" _generate="added" checkinTime="1617873621293" checkinUser="plazi" docAuthor="Michelsen, Verner" docDate="2021" docId="039F879D027FFFD857B3FCDAFB237209" docLanguage="en" docName="zootaxa.4952.1.6.pdf" docOrigin="Zootaxa 4952 (1)" docStyle="DocumentStyle:647186512141C8FC8976D5BCC54AEB7D.6:Zootaxa.2013.journal_article" docStyleId="647186512141C8FC8976D5BCC54AEB7D" docStyleName="Zootaxa.2013.journal_article" docStyleVersion="6" docTitle="Limnophora flavitarsis Stein" docType="treatment" docVersion="3" lastPageNumber="106" masterDocId="FFA6FFE5027AFFDD5724FF85FFD17577" masterDocTitle="Macaronesian Muscidae (Diptera). II. The genus Limnophora Robineau-Desvoidy with description of a new Canarian endemic species" masterLastPageNumber="127" masterPageNumber="101" pageId="5" pageNumber="106" updateTime="1618346017711" updateUser="ExternalLinkService" zenodo-license-document="CLOSED">
<mods:mods xmlns:mods="http://www.loc.gov/mods/v3">
<mods:titleInfo>
<mods:title>Macaronesian Muscidae (Diptera). II. The genus Limnophora Robineau-Desvoidy with description of a new Canarian endemic species</mods:title>
</mods:titleInfo>
<mods:name type="personal">
<mods:role>
<mods:roleTerm>Author</mods:roleTerm>
</mods:role>
<mods:namePart>Michelsen, Verner</mods:namePart>
</mods:name>
<mods:typeOfResource>text</mods:typeOfResource>
<mods:relatedItem type="host">
<mods:titleInfo>
<mods:title>Zootaxa</mods:title>
</mods:titleInfo>
<mods:part>
<mods:date>2021</mods:date>
<mods:detail type="pubDate">
<mods:number>2021-04-08</mods:number>
</mods:detail>
<mods:detail type="volume">
<mods:number>4952</mods:number>
</mods:detail>
<mods:detail type="issue">
<mods:number>1</mods:number>
</mods:detail>
<mods:extent unit="page">
<mods:start>101</mods:start>
<mods:end>127</mods:end>
</mods:extent>
</mods:part>
</mods:relatedItem>
<mods:classification>journal article</mods:classification>
<mods:identifier type="DOI">https://doi.org/10.11646/zootaxa.4952.1.6</mods:identifier>
<mods:identifier type="GBIF-Dataset">364a2818-9890-4a57-91cd-d5dcf0f36c6f</mods:identifier>
<mods:identifier type="ISSN">1175-5326</mods:identifier>
<mods:identifier type="Zenodo-Dep">4671806</mods:identifier>
<mods:identifier type="ZooBank">5C640B7A-AA7A-435B-93C7-F9AC61A71A9B</mods:identifier>
</mods:mods>
<treatment ID-DOI="http://doi.org/10.5281/zenodo.4685429" ID-Zenodo-Dep="4685429" LSID="urn:lsid:plazi:treatment:039F879D027FFFD857B3FCDAFB237209" httpUri="http://treatment.plazi.org/id/039F879D027FFFD857B3FCDAFB237209" lastPageNumber="106" pageId="5" pageNumber="106">
<subSubSection box="[151,500,863,890]" pageId="5" pageNumber="106" type="nomenclature">
<paragraph blockId="5.[151,500,863,926]" box="[151,500,863,890]" pageId="5" pageNumber="106">
<heading bold="true" box="[151,500,863,890]" fontSize="11" level="1" pageId="5" pageNumber="106" reason="1">
<taxonomicName authority="Stein" authorityName="Stein" box="[151,500,863,890]" class="Insecta" family="Muscidae" genus="Limnophora" kingdom="Animalia" order="Diptera" pageId="5" pageNumber="106" phylum="Arthropoda" rank="species" species="flavitarsis">
<emphasis bold="true" box="[151,500,863,890]" pageId="5" pageNumber="106">
<emphasis bold="true" box="[151,429,863,890]" italics="true" pageId="5" pageNumber="106">Limnophora flavitarsis</emphasis>
Stein
</emphasis>
</taxonomicName>
</heading>
</paragraph>
</subSubSection>
<subSubSection box="[151,283,899,926]" pageId="5" pageNumber="106" type="description">
<paragraph blockId="5.[151,500,863,926]" box="[151,283,899,926]" pageId="5" pageNumber="106">
(
<figureCitation box="[159,274,899,926]" captionStart="FIGURE 3" captionStartId="7.[151,250,1866,1890]" captionTargetBox="[171,1419,196,1800]" captionTargetId="figure-15@7.[151,1435,181,1842]" captionTargetPageId="7" captionText="FIGURE 3. Limnophora flavitarsis Stein. Male. Habitus (A); left foreleg (B); abdomen (C); hypopygium, caudo-dorsal (D), caudal (E), lateral (F) and caudo-lateral (G); sternite V, ventral (H) and latero-ventral (I). Same scale for D‒I." figureDoi="http://doi.org/10.5281/zenodo.4671816" httpUri="https://zenodo.org/record/4671816/files/figure.png" pageId="5" pageNumber="106">Figs 3A‒I</figureCitation>
)
</paragraph>
</subSubSection>
<subSubSection pageId="5" pageNumber="106" type="reference_group">
<paragraph blockId="5.[151,1107,968,1053]" box="[151,768,968,992]" pageId="5" pageNumber="106">
<treatmentCitationGroup box="[151,768,968,992]" pageId="5" pageNumber="106">
<taxonomicName authority="Stein" authorityName="Stein" box="[151,445,968,992]" class="Insecta" family="Muscidae" genus="Limnophora" kingdom="Animalia" order="Diptera" pageId="5" pageNumber="106" phylum="Arthropoda" rank="species" species="flavitarsis">
<emphasis box="[151,384,968,992]" italics="true" pageId="5" pageNumber="106">Limnophora flavitarsis</emphasis>
Stein
</taxonomicName>
; 
<treatmentCitation author="Becker, T." box="[456,634,968,992]" page="99" pageId="5" pageNumber="106" year="1908">
<bibRefCitation author="Becker, T." box="[456,634,968,992]" pageId="5" pageNumber="106" pagination="1 - 180" refId="ref17283" refString="Becker, T. (1908 a) Dipteren der Kanarischen Inseln. Mitteilungen aus dem Zoologischen Museum in Berlin, 4, 1 - 180, 4 pls." type="journal article" year="1908">Becker 1908a: 99</bibRefCitation>
</treatmentCitation>
(Canary Is.).
</treatmentCitationGroup>
</paragraph>
<paragraph blockId="5.[151,1107,968,1053]" box="[151,1069,998,1023]" pageId="5" pageNumber="106">
<treatmentCitationGroup box="[151,1069,998,1023]" pageId="5" pageNumber="106">
<taxonomicName authority="Stein" authorityName="Stein" box="[151,588,999,1023]" class="Insecta" family="Muscidae" genus="Limnophora" kingdom="Animalia" order="Diptera" pageId="5" pageNumber="106" phylum="Arthropoda" rank="species" species="flavitarsis" subGenus="Calliophrys">
<emphasis box="[151,527,999,1023]" italics="true" pageId="5" pageNumber="106">Limnophora (Calliophrys) flavitarsis</emphasis>
Stein
</taxonomicName>
; Hennig 1960: 387; 
<treatmentCitation author="Baez, M." box="[795,954,998,1023]" page="635" pageId="5" pageNumber="106" year="1981">
<bibRefCitation author="Baez, M." box="[795,954,998,1023]" pageId="5" pageNumber="106" pagination="619 - 670" refId="ref17198" refString="Baez, M. (1981) Dipteros de Canarias VIII: Tribus Limnophorini y Coenosiini (Dipt., Muscidae). Anuario de Estudios Canaricos, 27, 619 - 670." type="journal article" year="1981">Báez 1981: 635</bibRefCitation>
</treatmentCitation>
(Tenerife).
</treatmentCitationGroup>
</paragraph>
<paragraph blockId="5.[151,1107,968,1053]" box="[151,1107,1029,1053]" pageId="5" pageNumber="106">
<treatmentCitationGroup box="[151,1107,1029,1053]" pageId="5" pageNumber="106">
<taxonomicName authority="Stein" authorityName="Stein" box="[151,445,1029,1053]" class="Insecta" family="Muscidae" genus="Limnophora" kingdom="Animalia" order="Diptera" pageId="5" pageNumber="106" phylum="Arthropoda" rank="species" species="flavitarsis">
<emphasis box="[151,384,1029,1053]" italics="true" pageId="5" pageNumber="106">Limnophora flavitarsis</emphasis>
Stein
</taxonomicName>
; 
<treatmentCitation author="Pont, A. C." box="[456,614,1029,1053]" page="179" pageId="5" pageNumber="106" year="1986">
<bibRefCitation author="Pont, A. C." box="[456,614,1029,1053]" pageId="5" pageNumber="106" refId="ref18345" refString="Pont, A. C. (1986) Family Muscidae. In: Soos, A &amp; Papp, L. (Eds.), Catalogue of Palaearctic Diptera. Vol. 11. Akademiai Kiado, Budapest, pp. 57 - 215." type="book" year="1986">Pont 1986: 179</bibRefCitation>
</treatmentCitation>
; 
<treatmentCitation author="Couri, M. &amp; Pont, A. C." box="[624,871,1029,1053]" httpUri="http://treatment.plazi.org/id/03EC4C72F466FF8956F2F8B82005F81C" page="511" pageId="5" pageNumber="106" year="2017">
<bibRefCitation author="Couri, M. &amp; Pont, A. C." box="[624,871,1029,1053]" pageId="5" pageNumber="106" pagination="501 - 536" refId="ref17443" refString="Couri, M. &amp; Pont, A. C. (2017) Afrotropical Limnophora Robineau-Desvoidy (Diptera, Muscidae) with the description of four new species. Zootaxa, 4216 (6), 501 - 536. https: // doi. org / 10.11646 / zootaxa. 4216.6.1" type="journal article" year="2017">Couri &amp; Pont 2017: 511</bibRefCitation>
</treatmentCitation>
; 
<treatmentCitation author="Couri, M. &amp; Pont, A. C." box="[881,1103,1029,1053]" page="9" pageId="5" pageNumber="106" year="2020">
<bibRefCitation author="Couri, M. &amp; Pont, A. C." box="[881,1103,1029,1053]" pageId="5" pageNumber="106" pagination="1 - 57" refId="ref17496" refString="Couri, M. &amp; Pont, A. C. (2020) Type specimens of Limnophorini (Diptera: Muscidae) deposited in the Museum fur Naturkunde, Humboldt-Universitat zu Berlin (Berlin, Germany). Zoologia, 37, 1 - 57. https: // doi. org / 10.3897 / zoologia. 37. e 46879" type="journal article" year="2020">Couri &amp; Pont 2020: 9</bibRefCitation>
</treatmentCitation>
.
</treatmentCitationGroup>
</paragraph>
</subSubSection>
<subSubSection pageId="5" pageNumber="106" type="materials_examined">
<paragraph blockId="5.[151,1437,1099,1918]" pageId="5" pageNumber="106">
<emphasis bold="true" box="[151,388,1099,1125]" pageId="5" pageNumber="106">Material examined.</emphasis>
[
<materialsCitation box="[405,851,1099,1126]" collectionCode="MZH, NHMD" location="CANARY ISLANDS" pageId="5" pageNumber="106" specimenCount="1" stateProvince="Canarias">
<collectionCode box="[405,473,1100,1126]" country="Finland" httpUri="http://grbio.org/cool/2vmj-fp0v" name="Finnish Museum of Natural History" pageId="5" pageNumber="106" type="Museum">MZH</collectionCode>
, 
<collectionCode box="[487,580,1099,1126]" pageId="5" pageNumber="106">NHMD</collectionCode>
]: 
<emphasis bold="true" box="[600,851,1099,1125]" pageId="5" pageNumber="106">
<collectingRegion box="[600,851,1099,1125]" country="Spain" name="Canarias" pageId="5" pageNumber="106">CANARY ISLANDS</collectingRegion>
</emphasis>
</materialsCitation>
: 
<collectionCode box="[869,1091,1100,1126]" pageId="5" pageNumber="106">GRAN CANARIA</collectionCode>
: 
<materialsCitation collectingDate="2008-02-04" collectingDateMax="2019-01-24" collectingDateMin="2008-02-04" collectionCode="R, V" elevation="233" latitude="28.116667" location="Bco de Aguajilva" longLatPrecision="1233" longitude="-17.166666" pageId="5" pageNumber="106" specimenCount="5" specimenCount-female="4" specimenCount-male="1" stateProvince="CANARY ISLANDS">
Los Lagunetas, 
<specimenCount box="[1289,1324,1100,1126]" pageId="5" pageNumber="106" type="female">1♀</specimenCount>
1931 (
<collectionCode box="[1410,1432,1100,1126]" country="Chile" name="Departamento de Geologia, Universidad de Chile" pageId="5" pageNumber="106">R</collectionCode>
. Storå). LA GOMERA: Bco. Arure, 
<geoCoordinate box="[551,648,1135,1161]" degrees="28" direction="north" minutes="06" orientation="latitude" pageId="5" pageNumber="106" precision="925" value="28.1">28°06´N</geoCoordinate>
<geoCoordinate box="[655,758,1136,1162]" degrees="17" direction="west" minutes="19" orientation="longitude" pageId="5" pageNumber="106" precision="925" value="-17.316668">17°19´W</geoCoordinate>
, 
<quantity box="[770,893,1135,1162]" metricMagnitude="2" metricUnit="m" metricValue="2.325" metricValueMax="2.65" metricValueMin="2.0" pageId="5" pageNumber="106" unit="m" value="232.5" valueMax="265.0" valueMin="200.0">
<elevation box="[770,893,1135,1162]" metricMagnitude="2" metricUnit="m" metricValue="2.325" metricValueMax="2.65" metricValueMin="2.0" pageId="5" pageNumber="106" unit="m" value="232.5" valueMax="265.0" valueMin="200.0">200‒265m</elevation>
</quantity>
, 
<specimenCount box="[904,939,1136,1162]" pageId="5" pageNumber="106" type="female">1♀</specimenCount>
<date box="[946,1045,1135,1161]" pageId="5" pageNumber="106" value="2008-02-04">
<collectingDate box="[946,1045,1135,1161]" pageId="5" pageNumber="106" value="2008-02-04">4.ii.2008</collectingDate>
</date>
(
<collectionCode box="[1061,1082,1136,1162]" country="Canada" lsid="urn:lsid:biocol.org:col:13946" name="Royal British Columbia Museum - Herbarium" pageId="5" pageNumber="106" type="Museum">V</collectionCode>
. Michelsen); 
<location LSID="urn:lsid:plazi:treatment:039F879D027FFFD857B3FCDAFB237209:8EE96050027FFFD853F6FBF5FA4971FE" box="[1234,1432,1135,1162]" latitude="28.116667" longLatPrecision="1233" longitude="-17.166666" name="Bco de Aguajilva" pageId="5" pageNumber="106" stateProvince="CANARY ISLANDS">Bco de Aguajilva</location>
, Lomito Fragoso, 
<geoCoordinate box="[345,442,1172,1198]" degrees="28" direction="north" minutes="07" orientation="latitude" pageId="5" pageNumber="106" precision="925" value="28.116667">28°07´N</geoCoordinate>
<geoCoordinate box="[449,551,1172,1198]" degrees="17" direction="west" minutes="10" orientation="longitude" pageId="5" pageNumber="106" precision="925" value="-17.166666">17°10´W</geoCoordinate>
, 
<quantity box="[563,685,1171,1198]" metricMagnitude="2" metricUnit="m" metricValue="2.35" metricValueMax="2.5" metricValueMin="2.2" pageId="5" pageNumber="106" unit="m" value="235.0" valueMax="250.0" valueMin="220.0">
<elevation box="[563,685,1171,1198]" metricMagnitude="2" metricUnit="m" metricValue="2.35" metricValueMax="2.5" metricValueMin="2.2" pageId="5" pageNumber="106" unit="m" value="235.0" valueMax="250.0" valueMin="220.0">220‒250m</elevation>
</quantity>
, 
<specimenCount box="[697,733,1172,1198]" pageId="5" pageNumber="106" type="male">1♂</specimenCount>
, 
<specimenCount box="[746,781,1172,1198]" pageId="5" pageNumber="106" type="female">2♀</specimenCount>
<date box="[788,936,1171,1197]" pageId="5" pageNumber="106" value="2019-01-19" valueMax="2019-01-24" valueMin="2019-01-19">
<collectingDate box="[788,936,1171,1197]" pageId="5" pageNumber="106" value="2019-01-19" valueMax="2019-01-24" valueMin="2019-01-19">19‒24.i.2019</collectingDate>
</date>
(
<collectionCode box="[951,972,1172,1198]" country="Canada" lsid="urn:lsid:biocol.org:col:13946" name="Royal British Columbia Museum - Herbarium" pageId="5" pageNumber="106" type="Museum">V</collectionCode>
. Michelsen)
</materialsCitation>
.
</paragraph>
</subSubSection>
<subSubSection pageId="5" pageNumber="106" type="diagnosis">
<paragraph blockId="5.[151,1437,1099,1918]" pageId="5" pageNumber="106">
<emphasis bold="true" box="[199,322,1207,1233]" pageId="5" pageNumber="106">Diagnosis.</emphasis>
Small, wing length 
<quantity box="[553,684,1208,1234]" metricMagnitude="-3" metricUnit="m" metricValue="4.0" metricValueMax="4.2" metricValueMin="3.8" pageId="5" pageNumber="106" unit="mm" value="4.0" valueMax="4.2" valueMin="3.8">3.8‒4.2mm</quantity>
. 
<emphasis box="[696,754,1207,1233]" italics="true" pageId="5" pageNumber="106">Male</emphasis>
(
<figureCitation box="[770,863,1207,1234]" captionStart="FIGURE 3" captionStartId="7.[151,250,1866,1890]" captionTargetBox="[171,1419,196,1800]" captionTargetId="figure-15@7.[151,1435,181,1842]" captionTargetPageId="7" captionText="FIGURE 3. Limnophora flavitarsis Stein. Male. Habitus (A); left foreleg (B); abdomen (C); hypopygium, caudo-dorsal (D), caudal (E), lateral (F) and caudo-lateral (G); sternite V, ventral (H) and latero-ventral (I). Same scale for D‒I." figureDoi="http://doi.org/10.5281/zenodo.4671816" httpUri="https://zenodo.org/record/4671816/files/figure.png" pageId="5" pageNumber="106">Fig. 3A</figureCitation>
): Arista pubescent, longest branches 1.5‒2.0 times as long as greatest width of arista. Frons at narrowest point ca. 2.3 times as wide as ocellar tubercle, frontal vitta at this point fully 6 times wider than each fronto-orbital plate. Frons dark and subshining on upper part of narrow fronto-orbital plates and on large frontal triangle reaching lower third of frons, silvery white pruinose on lower part of fronto-orbital plates and on parafacial plates. Fronto-orbital plate with 2 orbital and 4‒5 frontal setae. Frons and facial margin equally produced. Mesonotum whitish grey pruinose with shiny brownish black areas as follows: a pair of oval marks in front of the suture, a broad dark band immediately behind the suture and apical part of scutellum. Dorsocentral setae 3 behind the suture; acrostichal field with setulae arranged in 4 presutural rows increasing to 6 rows behind the suture. Vein M 
<subScript attach="left" box="[544,552,1514,1528]" fontSize="6" pageId="5" pageNumber="106">1</subScript>
slightly curved forward in distal part. Fore leg (
<figureCitation box="[1081,1166,1495,1522]" captionStart="FIGURE 3" captionStartId="7.[151,250,1866,1890]" captionTargetBox="[171,1419,196,1800]" captionTargetId="figure-15@7.[151,1435,181,1842]" captionTargetPageId="7" captionText="FIGURE 3. Limnophora flavitarsis Stein. Male. Habitus (A); left foreleg (B); abdomen (C); hypopygium, caudo-dorsal (D), caudal (E), lateral (F) and caudo-lateral (G); sternite V, ventral (H) and latero-ventral (I). Same scale for D‒I." figureDoi="http://doi.org/10.5281/zenodo.4671816" httpUri="https://zenodo.org/record/4671816/files/figure.png" pageId="5" pageNumber="106">Fig. 3B</figureCitation>
) with dusky yellow fore tibia and tarsus; tibia with a dense row of long, fine pv-setae; tarsus much longer than tibia. Mid femur with (1‒)2 subapical 
<emphasis box="[265,293,1567,1593]" italics="true" pageId="5" pageNumber="106">pd</emphasis>
setae, without 
<emphasis box="[465,491,1568,1593]" italics="true" pageId="5" pageNumber="106">pv</emphasis>
setae; mid tibia with 2 
<emphasis box="[760,788,1567,1593]" italics="true" pageId="5" pageNumber="106">pd</emphasis>
setae situated above and below middle. Hind femur with 2‒3 
<emphasis box="[200,226,1604,1629]" italics="true" pageId="5" pageNumber="106">av</emphasis>
setae on distal third; 
<emphasis box="[465,491,1604,1629]" italics="true" pageId="5" pageNumber="106">pv</emphasis>
setae absent. Abdominal pattern as in 
<figureCitation box="[921,1008,1603,1630]" captionStart="FIGURE 3" captionStartId="7.[151,250,1866,1890]" captionTargetBox="[171,1419,196,1800]" captionTargetId="figure-15@7.[151,1435,181,1842]" captionTargetPageId="7" captionText="FIGURE 3. Limnophora flavitarsis Stein. Male. Habitus (A); left foreleg (B); abdomen (C); hypopygium, caudo-dorsal (D), caudal (E), lateral (F) and caudo-lateral (G); sternite V, ventral (H) and latero-ventral (I). Same scale for D‒I." figureDoi="http://doi.org/10.5281/zenodo.4671816" httpUri="https://zenodo.org/record/4671816/files/figure.png" pageId="5" pageNumber="106">Fig. 3C</figureCitation>
. Sternite I with setulae. Sternite V and hypopygium very distinctive, as in 
<figureCitation box="[553,671,1639,1666]" captionStart="FIGURE 3" captionStartId="7.[151,250,1866,1890]" captionTargetBox="[171,1419,196,1800]" captionTargetId="figure-15@7.[151,1435,181,1842]" captionTargetPageId="7" captionText="FIGURE 3. Limnophora flavitarsis Stein. Male. Habitus (A); left foreleg (B); abdomen (C); hypopygium, caudo-dorsal (D), caudal (E), lateral (F) and caudo-lateral (G); sternite V, ventral (H) and latero-ventral (I). Same scale for D‒I." figureDoi="http://doi.org/10.5281/zenodo.4671816" httpUri="https://zenodo.org/record/4671816/files/figure.png" pageId="5" pageNumber="106">Figs 3D‒I</figureCitation>
. 
<emphasis box="[683,776,1639,1665]" italics="true" pageId="5" pageNumber="106">Female:</emphasis>
Broad frons on upper half subshining through thin brown pruinosity; frontal triangle extended to lunule. Fore leg unremarkable except for a row of 4 short 
<emphasis box="[1243,1269,1676,1701]" italics="true" pageId="5" pageNumber="106">pv</emphasis>
setae on distal half of tibia. Ovipositor with sternite VI divided in three sclerite pieces; tergite VIII with a pair of dorsal setulae at hind margin. See 
<tableCitation box="[348,430,1747,1774]" captionStart="Table 1" captionStartId="6.[151,214,575,601]" captionTargetBox="[159,1920,612,1616]" captionTargetId="graphics-40@6.[151,1932,752,1617]" captionText="Table 1. Matrix of 11 characters and their states (different colours) derived from the ovipositor and scored for 12 species of Limnophora." pageId="5" pageNumber="106">Table 1</tableCitation>
for more ovipositor characters.
</paragraph>
</subSubSection>
<subSubSection pageId="5" pageNumber="106" type="distribution">
<paragraph blockId="5.[151,1437,1099,1918]" pageId="5" pageNumber="106">
<emphasis bold="true" box="[199,353,1783,1809]" pageId="5" pageNumber="106">Distribution.</emphasis>
A rare species described from the Canary Islands (Stein 
<emphasis box="[979,1001,1784,1809]" italics="true" pageId="5" pageNumber="106">in</emphasis>
<bibRefCitation author="Becker, T." box="[1007,1164,1783,1810]" pageId="5" pageNumber="106" pagination="1 - 180" refId="ref17283" refString="Becker, T. (1908 a) Dipteren der Kanarischen Inseln. Mitteilungen aus dem Zoologischen Museum in Berlin, 4, 1 - 180, 4 pls." type="journal article" year="1908">Becker 1908a</bibRefCitation>
), more specifically from Tenerife according to the labels of the 
<typeStatus box="[583,631,1820,1846]" pageId="5" pageNumber="106">type</typeStatus>
specimens (
<bibRefCitation author="Werner, D. &amp; Pont, A. C." box="[769,1007,1819,1846]" pageId="5" pageNumber="106" pagination="79 - 114" refId="ref18677" refString="Werner, D. &amp; Pont, A. C. (2006) The feeding and reproductive behaviour of the Limnophorini (Diptera: Muscidae). Studia dipterologica, Supplement 14, 79 - 114." type="journal article" year="2006">Pont &amp; Werner 2006</bibRefCitation>
; 
<bibRefCitation author="Pont, A. C." box="[1017,1137,1820,1846]" pageId="5" pageNumber="106" pagination="31 - 166" refId="ref18496" refString="Pont, A. C. (2013) The Fanniidae and Muscidae (Diptera) described by Paul Stein (1852 - 1921). Zoosystematics and Evolution, 89, 31 - 166. https: // doi. org / 10.1002 / zoos. 201300004" type="journal article" year="2013">Pont 2013</bibRefCitation>
). Presently also from Gran Canaria and La Gomera.—Elsewhere only reliably recorded from 
<collectingCountry box="[883,959,1856,1882]" name="France" pageId="5" pageNumber="106">France</collectingCountry>
(
<collectingCountry box="[973,1062,1855,1882]" name="France" pageId="5" pageNumber="106">Corsica</collectingCountry>
) (
<bibRefCitation author="Pont, A. C." box="[1082,1200,1856,1882]" pageId="5" pageNumber="106" refId="ref18392" refString="Pont, A. C. (2004). Muscidae. In: Pape, T. &amp; Beuk, P. (Eds.), Fauna Europaea: Diptera, Brachycera. Available from: https: // fauna-eu. org (accessed 15 December 2020)" type="url" year="2004">Pont 2004</bibRefCitation>
, 
<bibRefCitation author="Couri, M. &amp; Pont, A. C." box="[1210,1425,1855,1882]" pageId="5" pageNumber="106" pagination="501 - 536" refId="ref17443" refString="Couri, M. &amp; Pont, A. C. (2017) Afrotropical Limnophora Robineau-Desvoidy (Diptera, Muscidae) with the description of four new species. Zootaxa, 4216 (6), 501 - 536. https: // doi. org / 10.11646 / zootaxa. 4216.6.1" type="journal article" year="2017">Couri &amp; Pont 2017</bibRefCitation>
). A.C. Pont (in litt. 
<date box="[353,579,1891,1918]" pageId="5" pageNumber="106" value="2020-09-18">September 18, 2020</date>
) has also seen specimens from 
<collectingCountry box="[932,983,1891,1917]" name="Italy" pageId="5" pageNumber="106">Italy</collectingCountry>
(
<collectingRegion box="[998,1095,1891,1918]" country="Italy" name="Sardegna" pageId="5" pageNumber="106">Sardinia</collectingRegion>
) and 
<collectingCountry box="[1157,1262,1892,1918]" name="Morocco" pageId="5" pageNumber="106">Morocco</collectingCountry>
.
</paragraph>
</subSubSection>
</treatment>
</document>