<document ID-DOI="http://doi.org/10.5281/zenodo.4685427" ID-GBIF-Dataset="364a2818-9890-4a57-91cd-d5dcf0f36c6f" ID-ISSN="1175-5326" ID-Zenodo-Dep="4685427" ID-ZooBank="5C640B7A-AA7A-435B-93C7-F9AC61A71A9B" _generate="added" checkinTime="1617873621293" checkinUser="plazi" docAuthor="Michelsen, Verner" docDate="2021" docId="039F879D027EFFD857B3FDEFFDFC767A" docLanguage="en" docName="zootaxa.4952.1.6.pdf" docOrigin="Zootaxa 4952 (1)" docStyle="DocumentStyle:647186512141C8FC8976D5BCC54AEB7D.6:Zootaxa.2013.journal_article" docStyleId="647186512141C8FC8976D5BCC54AEB7D" docStyleName="Zootaxa.2013.journal_article" docStyleVersion="6" docTitle="Limnophora exigua" docType="treatment" docVersion="5" lastPageId="5" lastPageNumber="106" masterDocId="FFA6FFE5027AFFDD5724FF85FFD17577" masterDocTitle="Macaronesian Muscidae (Diptera). II. The genus Limnophora Robineau-Desvoidy with description of a new Canarian endemic species" masterLastPageNumber="127" masterPageNumber="101" pageId="4" pageNumber="105" updateTime="1618346017711" updateUser="ExternalLinkService" zenodo-license-document="CLOSED">
<mods:mods xmlns:mods="http://www.loc.gov/mods/v3">
<mods:titleInfo>
<mods:title>Macaronesian Muscidae (Diptera). II. The genus Limnophora Robineau-Desvoidy with description of a new Canarian endemic species</mods:title>
</mods:titleInfo>
<mods:name type="personal">
<mods:role>
<mods:roleTerm>Author</mods:roleTerm>
</mods:role>
<mods:namePart>Michelsen, Verner</mods:namePart>
</mods:name>
<mods:typeOfResource>text</mods:typeOfResource>
<mods:relatedItem type="host">
<mods:titleInfo>
<mods:title>Zootaxa</mods:title>
</mods:titleInfo>
<mods:part>
<mods:date>2021</mods:date>
<mods:detail type="pubDate">
<mods:number>2021-04-08</mods:number>
</mods:detail>
<mods:detail type="volume">
<mods:number>4952</mods:number>
</mods:detail>
<mods:detail type="issue">
<mods:number>1</mods:number>
</mods:detail>
<mods:extent unit="page">
<mods:start>101</mods:start>
<mods:end>127</mods:end>
</mods:extent>
</mods:part>
</mods:relatedItem>
<mods:classification>journal article</mods:classification>
<mods:identifier type="DOI">https://doi.org/10.11646/zootaxa.4952.1.6</mods:identifier>
<mods:identifier type="GBIF-Dataset">364a2818-9890-4a57-91cd-d5dcf0f36c6f</mods:identifier>
<mods:identifier type="ISSN">1175-5326</mods:identifier>
<mods:identifier type="Zenodo-Dep">4671806</mods:identifier>
<mods:identifier type="ZooBank">5C640B7A-AA7A-435B-93C7-F9AC61A71A9B</mods:identifier>
</mods:mods>
<treatment ID-DOI="http://doi.org/10.5281/zenodo.4685427" ID-Zenodo-Dep="4685427" LSID="urn:lsid:plazi:treatment:039F879D027EFFD857B3FDEFFDFC767A" httpUri="http://treatment.plazi.org/id/039F879D027EFFD857B3FDEFFDFC767A" lastPageId="5" lastPageNumber="106" pageId="4" pageNumber="105">
<subSubSection box="[151,570,618,645]" pageId="4" pageNumber="105" type="nomenclature">
<paragraph blockId="4.[151,570,618,681]" box="[151,570,618,645]" pageId="4" pageNumber="105">
<heading bold="true" box="[151,570,618,645]" fontSize="11" level="1" pageId="4" pageNumber="105" reason="1">
<taxonomicName authority="(Wiedemann)" baseAuthorityName="Wiedemann" baseAuthorityYear="1830" box="[151,570,618,645]" class="Insecta" family="Muscidae" genus="Limnophora" kingdom="Animalia" order="Diptera" pageId="4" pageNumber="105" phylum="Arthropoda" rank="species" species="exigua">
<emphasis bold="true" box="[151,570,618,645]" pageId="4" pageNumber="105">
<emphasis bold="true" box="[151,391,618,645]" italics="true" pageId="4" pageNumber="105">Limnophora exigua</emphasis>
(Wiedemann)
</emphasis>
</taxonomicName>
</heading>
</paragraph>
</subSubSection>
<subSubSection box="[151,387,655,681]" pageId="4" pageNumber="105" type="description">
<paragraph blockId="4.[151,570,618,681]" box="[151,387,655,681]" pageId="4" pageNumber="105">
(
<figureCitation box="[159,286,655,681]" captionStart="FIGURE 2" captionStartId="4.[151,250,1944,1968]" captionTargetBox="[188,1417,727,1901]" captionTargetId="figure-201@4.[151,1436,705,1921]" captionTargetPageId="4" captionText="FIGURE 2. Limnophora exigua (Wiedemann). Male. Hypopygium, caudal (A) and lateral (B); sternites IV‒V (C). Same scale." figureDoi="http://doi.org/10.5281/zenodo.4671812" httpUri="https://zenodo.org/record/4671812/files/figure.png" pageId="4" pageNumber="105">Figs 2A‒C</figureCitation>
, 
<figureCitation box="[297,378,655,681]" captionStart="FIGURE 12" captionStartId="21.[151,250,1973,1997]" captionTargetBox="[195,1374,194,1923]" captionTargetId="figure-15@21.[182,1406,181,1949]" captionTargetPageId="21" captionText="FIGURE 12. Limnophora exigua (Wiedemann) (A, B), L. obsignatula sp. nov. (C), L. riparia (Fallén) (D). Ovipositor, lateral (A, C, D) and dorsal (B). Same scale." figureDoi="http://doi.org/10.5281/zenodo.4671844" httpUri="https://zenodo.org/record/4671844/files/figure.png" pageId="4" pageNumber="105">12A, B</figureCitation>
)
</paragraph>
</subSubSection>
<caption ID-DOI="http://doi.org/10.5281/zenodo.4671812" ID-Zenodo-Dep="4671812" httpUri="https://zenodo.org/record/4671812/files/figure.png" pageId="4" pageNumber="105" startId="4.[151,250,1944,1968]" targetBox="[188,1417,727,1901]" targetPageId="4">
<paragraph blockId="4.[151,1436,1944,2005]" pageId="4" pageNumber="105">
<emphasis bold="true" box="[151,279,1944,1968]" pageId="4" pageNumber="105">FIGURE 2.</emphasis>
<taxonomicName authority="(Wiedemann)" baseAuthorityName="Wiedemann" baseAuthorityYear="1830" box="[289,643,1945,1969]" class="Insecta" family="Muscidae" genus="Limnophora" kingdom="Animalia" order="Diptera" pageId="4" pageNumber="105" phylum="Arthropoda" rank="species" species="exigua">
<emphasis box="[289,492,1945,1969]" italics="true" pageId="4" pageNumber="105">Limnophora exigua</emphasis>
(Wiedemann)
</taxonomicName>
. Male. Hypopygium, caudal (
<emphasis bold="true" box="[959,977,1944,1968]" pageId="4" pageNumber="105">A</emphasis>
) and lateral (
<emphasis bold="true" box="[1124,1141,1945,1969]" pageId="4" pageNumber="105">B</emphasis>
); sternites IV‒V (
<emphasis bold="true" box="[1337,1355,1944,1968]" pageId="4" pageNumber="105">C</emphasis>
). Same scale.
</paragraph>
</caption>
<subSubSection pageId="5" pageNumber="106" type="reference_group">
<paragraph blockId="5.[151,785,150,205]" box="[151,785,150,175]" pageId="5" pageNumber="106">
<treatmentCitationGroup box="[151,785,150,175]" pageId="5" pageNumber="106">
<taxonomicName authority="Stein" authorityName="Stein" box="[151,443,151,175]" class="Insecta" family="Muscidae" genus="Limnophora" kingdom="Animalia" order="Diptera" pageId="5" pageNumber="106" phylum="Arthropoda" rank="species" species="plumiseta">
<emphasis box="[151,382,151,175]" italics="true" pageId="5" pageNumber="106">Limnophora plumiseta</emphasis>
Stein
</taxonomicName>
; 
<treatmentCitation author="Emden, F. I. van" box="[453,608,150,175]" page="6" pageId="5" pageNumber="106" year="1958">
<bibRefCitation author="Emden, F. I. van" box="[453,608,150,175]" pageId="5" pageNumber="106" pagination="1 - 18" refId="ref17694" refString="Emden, F. I. van (1958) Muscidae collected on the Cape Verde Islands. Results of the Zoological Expedition of Professor Dr. Hakan Lindberg to the Cape Verde Islands in the winter 1953 - 54. No 24. Commentationes biologicae, 20, 1 - 18." type="journal article" year="1958">Emden 1958: 6</bibRefCitation>
</treatmentCitation>
(
<collectingCountry box="[621,740,151,175]" name="Cape Verde" pageId="5" pageNumber="106">Cape Verde</collectingCountry>
Is.).
</treatmentCitationGroup>
</paragraph>
<paragraph blockId="5.[151,785,150,205]" box="[151,670,181,205]" pageId="5" pageNumber="106">
<treatmentCitationGroup box="[151,670,181,205]" pageId="5" pageNumber="106">
<taxonomicName authority="(Wiedemann)" baseAuthorityName="Wiedemann" baseAuthorityYear="1830" box="[151,498,181,205]" class="Insecta" family="Muscidae" genus="Limnophora" kingdom="Animalia" order="Diptera" pageId="5" pageNumber="106" phylum="Arthropoda" rank="species" species="exigua">
<emphasis box="[151,351,181,205]" italics="true" pageId="5" pageNumber="106">Limnophora exigua</emphasis>
(Wiedemann)
</taxonomicName>
; 
<treatmentCitation author="Pont, A. C." box="[508,666,181,205]" page="748" pageId="5" pageNumber="106" year="1980">
<bibRefCitation author="Pont, A. C." box="[508,666,181,205]" pageId="5" pageNumber="106" pagination="721 - 761" refId="ref18296" refString="Pont, A. C. (1980) Family Muscidae. In: Crosskey, R. W. (Ed.), Catalogue of the Diptera of the Afrotropical Region. British Museum (Natural History), London, pp. 721 - 761." type="book chapter" year="1980">Pont 1980: 748</bibRefCitation>
</treatmentCitation>
.
</treatmentCitationGroup>
</paragraph>
</subSubSection>
<subSubSection pageId="5" pageNumber="106" type="materials_examined">
<paragraph blockId="5.[151,1437,251,781]" pageId="5" pageNumber="106">
<emphasis bold="true" box="[151,385,251,277]" pageId="5" pageNumber="106">Material examined.</emphasis>
[
<collectionCode box="[399,494,251,278]" pageId="5" pageNumber="106">NHMD</collectionCode>
]: Only extralimital specimens seen from the 
<collectingCountry box="[998,1124,251,277]" name="Philippines" pageId="5" pageNumber="106">Philippines</collectingCountry>
(Oriental), 
<collectingCountry box="[1257,1330,252,278]" name="Kenya" pageId="5" pageNumber="106">Kenya</collectingCountry>
and 
<collectingCountry name="Tanzania" pageId="5" pageNumber="106">Tanzania</collectingCountry>
(Afrotropical).
</paragraph>
</subSubSection>
<subSubSection pageId="5" pageNumber="106" type="diagnosis">
<paragraph blockId="5.[151,1437,251,781]" pageId="5" pageNumber="106">
<emphasis bold="true" box="[199,322,323,349]" pageId="5" pageNumber="106">Diagnosis.</emphasis>
Very small, wing length 
<quantity box="[604,735,324,350]" metricMagnitude="-3" metricUnit="m" metricValue="3.05" metricValueMax="3.4" metricValueMin="2.7" pageId="5" pageNumber="106" unit="mm" value="3.05" valueMax="3.4" valueMin="2.7">2.7‒3.4mm</quantity>
. 
<emphasis box="[745,812,323,349]" italics="true" pageId="5" pageNumber="106">Male:</emphasis>
See 
<bibRefCitation author="Couri, M. &amp; Pont, A. C." box="[867,1122,323,350]" pageId="5" pageNumber="106" pagination="1 - 57" refId="ref17496" refString="Couri, M. &amp; Pont, A. C. (2020) Type specimens of Limnophorini (Diptera: Muscidae) deposited in the Museum fur Naturkunde, Humboldt-Universitat zu Berlin (Berlin, Germany). Zoologia, 37, 1 - 57. https: // doi. org / 10.3897 / zoologia. 37. e 46879" type="journal article" year="2020">Couri &amp; Pont (2020: 7</bibRefCitation>
, figs 41‒43) for habitus im- ages. Arista short-plumose, longest branches 0.5‒0.75 times as wide as postpedicel. Frons broad, subshining black on large frontal triangle and upper part of fronto-orbital plates, silvery pruinose on lower part of fronto-orbital plates and on parafacial plates. Fronto-orbital plate with 2 orbital and 4 frontal setae. Frons and facial margin equally produced. Mesonotum grey pruinose with broad band behind the suture and all scutellum brownish black. Dorsocentral setae 4 unequal behind the suture; acrostichal field with setulae only, arranged in 4 presutural rows and up to 8 rows behind the suture. Mid femur with 2 subapical 
<emphasis box="[682,710,539,565]" italics="true" pageId="5" pageNumber="106">pd</emphasis>
setae, without 
<emphasis box="[882,908,540,565]" italics="true" pageId="5" pageNumber="106">pv</emphasis>
setae; mid tibia with 2 
<emphasis box="[1175,1203,539,565]" italics="true" pageId="5" pageNumber="106">pd</emphasis>
setae situated above and below middle. Hind femur with 2 
<emphasis box="[572,598,576,601]" italics="true" pageId="5" pageNumber="106">av</emphasis>
setae on subapical part; 
<emphasis box="[869,895,576,601]" italics="true" pageId="5" pageNumber="106">pv</emphasis>
setae absent. Male tergite VI fused together with prehypopygeal sclerite. Sternite I bare. Sternite V and hypopygium as in 
<figureCitation box="[984,1111,611,638]" captionStart="FIGURE 2" captionStartId="4.[151,250,1944,1968]" captionTargetBox="[188,1417,727,1901]" captionTargetId="figure-201@4.[151,1436,705,1921]" captionTargetPageId="4" captionText="FIGURE 2. Limnophora exigua (Wiedemann). Male. Hypopygium, caudal (A) and lateral (B); sternites IV‒V (C). Same scale." figureDoi="http://doi.org/10.5281/zenodo.4671812" httpUri="https://zenodo.org/record/4671812/files/figure.png" pageId="5" pageNumber="106">Figs 2A‒C</figureCitation>
. 
<emphasis box="[1123,1216,611,637]" italics="true" pageId="5" pageNumber="106">Female:</emphasis>
Very similar to the male. Ovipositor (
<figureCitation box="[354,492,647,674]" captionStart="FIGURE 12" captionStartId="21.[151,250,1973,1997]" captionTargetBox="[195,1374,194,1923]" captionTargetId="figure-15@21.[182,1406,181,1949]" captionTargetPageId="21" captionText="FIGURE 12. Limnophora exigua (Wiedemann) (A, B), L. obsignatula sp. nov. (C), L. riparia (Fallén) (D). Ovipositor, lateral (A, C, D) and dorsal (B). Same scale." figureDoi="http://doi.org/10.5281/zenodo.4671844" httpUri="https://zenodo.org/record/4671844/files/figure.png" pageId="5" pageNumber="106">Figs 12A, B</figureCitation>
) short and thick; tergite VIII with a pair of dorsal hind marginal setulae. See 
<tableCitation box="[1354,1436,647,674]" captionStart="Table 1" captionStartId="6.[151,214,575,601]" captionTargetBox="[159,1920,612,1616]" captionTargetId="graphics-40@6.[151,1932,752,1617]" captionText="Table 1. Matrix of 11 characters and their states (different colours) derived from the ovipositor and scored for 12 species of Limnophora." pageId="5" pageNumber="106">Table 1</tableCitation>
for more ovipositor characters.
</paragraph>
</subSubSection>
<subSubSection pageId="5" pageNumber="106" type="distribution">
<paragraph blockId="5.[151,1437,251,781]" pageId="5" pageNumber="106">
<emphasis bold="true" box="[199,353,719,745]" pageId="5" pageNumber="106">Distribution.</emphasis>
<collectingCountry box="[358,486,719,746]" name="Cape Verde" pageId="5" pageNumber="106">Cape Verde</collectingCountry>
Islands: Santo Antão, 
<collectingCountry box="[734,870,719,746]" name="Saint Vincent and the Grenadines" pageId="5" pageNumber="106">São Vicente</collectingCountry>
, São Nicolau, Santiago [São Tiago], Brava. Widely distributed in the Old World tropics.
</paragraph>
</subSubSection>
</treatment>
</document>