<document ID-DOI="http://doi.org/10.5281/zenodo.4685423" ID-GBIF-Dataset="364a2818-9890-4a57-91cd-d5dcf0f36c6f" ID-ISSN="1175-5326" ID-Zenodo-Dep="4685423" ID-ZooBank="5C640B7A-AA7A-435B-93C7-F9AC61A71A9B" _generate="added" checkinTime="1617873621293" checkinUser="plazi" docAuthor="Michelsen, Verner" docDate="2021" docId="039F879D027BFFDF57B3F88BFCF1769A" docLanguage="en" docName="zootaxa.4952.1.6.pdf" docOrigin="Zootaxa 4952 (1)" docStyle="DocumentStyle:647186512141C8FC8976D5BCC54AEB7D.6:Zootaxa.2013.journal_article" docStyleId="647186512141C8FC8976D5BCC54AEB7D" docStyleName="Zootaxa.2013.journal_article" docStyleVersion="6" docTitle="Limnophora beckeri" docType="treatment" docVersion="5" lastPageId="2" lastPageNumber="103" masterDocId="FFA6FFE5027AFFDD5724FF85FFD17577" masterDocTitle="Macaronesian Muscidae (Diptera). II. The genus Limnophora Robineau-Desvoidy with description of a new Canarian endemic species" masterLastPageNumber="127" masterPageNumber="101" pageId="1" pageNumber="102" updateTime="1618346017711" updateUser="ExternalLinkService" zenodo-license-document="CLOSED">
<mods:mods xmlns:mods="http://www.loc.gov/mods/v3">
<mods:titleInfo>
<mods:title>Macaronesian Muscidae (Diptera). II. The genus Limnophora Robineau-Desvoidy with description of a new Canarian endemic species</mods:title>
</mods:titleInfo>
<mods:name type="personal">
<mods:role>
<mods:roleTerm>Author</mods:roleTerm>
</mods:role>
<mods:namePart>Michelsen, Verner</mods:namePart>
</mods:name>
<mods:typeOfResource>text</mods:typeOfResource>
<mods:relatedItem type="host">
<mods:titleInfo>
<mods:title>Zootaxa</mods:title>
</mods:titleInfo>
<mods:part>
<mods:date>2021</mods:date>
<mods:detail type="pubDate">
<mods:number>2021-04-08</mods:number>
</mods:detail>
<mods:detail type="volume">
<mods:number>4952</mods:number>
</mods:detail>
<mods:detail type="issue">
<mods:number>1</mods:number>
</mods:detail>
<mods:extent unit="page">
<mods:start>101</mods:start>
<mods:end>127</mods:end>
</mods:extent>
</mods:part>
</mods:relatedItem>
<mods:classification>journal article</mods:classification>
<mods:identifier type="DOI">https://doi.org/10.11646/zootaxa.4952.1.6</mods:identifier>
<mods:identifier type="GBIF-Dataset">364a2818-9890-4a57-91cd-d5dcf0f36c6f</mods:identifier>
<mods:identifier type="ISSN">1175-5326</mods:identifier>
<mods:identifier type="Zenodo-Dep">4671806</mods:identifier>
<mods:identifier type="ZooBank">5C640B7A-AA7A-435B-93C7-F9AC61A71A9B</mods:identifier>
</mods:mods>
<treatment ID-DOI="http://doi.org/10.5281/zenodo.4685423" ID-Zenodo-Dep="4685423" LSID="urn:lsid:plazi:treatment:039F879D027BFFDF57B3F88BFCF1769A" httpUri="http://treatment.plazi.org/id/039F879D027BFFDF57B3F88BFCF1769A" lastPageId="2" lastPageNumber="103" pageId="1" pageNumber="102">
<subSubSection box="[151,488,1806,1833]" pageId="1" pageNumber="102" type="nomenclature">
<paragraph blockId="1.[151,488,1806,1869]" box="[151,488,1806,1833]" pageId="1" pageNumber="102">
<heading bold="true" box="[151,488,1806,1833]" fontSize="11" level="1" pageId="1" pageNumber="102" reason="1">
<taxonomicName authority="(Stein)" baseAuthorityName="Stein" baseAuthorityYear="1908" box="[151,488,1806,1833]" class="Insecta" family="Muscidae" genus="Limnophora" kingdom="Animalia" order="Diptera" pageId="1" pageNumber="102" phylum="Arthropoda" rank="species" species="beckeri">
<emphasis bold="true" box="[151,488,1806,1833]" pageId="1" pageNumber="102">
<emphasis bold="true" box="[151,398,1806,1833]" italics="true" pageId="1" pageNumber="102">Limnophora beckeri</emphasis>
(Stein)
</emphasis>
</taxonomicName>
</heading>
</paragraph>
</subSubSection>
<subSubSection box="[151,292,1843,1869]" pageId="1" pageNumber="102" type="description">
<paragraph blockId="1.[151,488,1806,1869]" box="[151,292,1843,1869]" pageId="1" pageNumber="102">
(
<figureCitation box="[159,284,1843,1869]" captionStart="FIGURE 1" captionStartId="3.[151,250,1943,1967]" captionTargetBox="[195,1369,205,1901]" captionTargetId="figure-15@3.[187,1401,179,1917]" captionTargetPageId="3" captionText="FIGURE 1. Limnophora beckeri (Stein) (A‒C), L. bipunctata (Stein) (D‒G). Males. Hypopygium, caudal (A, D) and lateral (B, E); sternite V (C, G); sternites I and II (F). Same scale." figureDoi="http://doi.org/10.5281/zenodo.4671810" httpUri="https://zenodo.org/record/4671810/files/figure.png" pageId="1" pageNumber="102">Figs 1A‒C</figureCitation>
)
</paragraph>
</subSubSection>
<subSubSection pageId="1" pageNumber="102" type="reference_group">
<paragraph blockId="1.[151,1402,1911,2028]" pageId="1" pageNumber="102">
<treatmentCitationGroup pageId="1" pageNumber="102">
<taxonomicName authority="Stein" authorityName="Stein" authorityYear="1908" box="[151,413,1911,1935]" class="Insecta" family="Muscidae" genus="Calliophrys" higherTaxonomySource="GBIF" kingdom="Animalia" order="Diptera" pageId="1" pageNumber="102" phylum="Arthropoda" rank="species" species="beckeri">
<emphasis box="[151,352,1911,1935]" italics="true" pageId="1" pageNumber="102">Calliophrys beckeri</emphasis>
Stein
</taxonomicName>
; 
<treatmentCitation author="Becker, T." box="[423,615,1911,1935]" page="104" pageId="1" pageNumber="102" year="1908">
<bibRefCitation author="Becker, T." box="[423,615,1911,1935]" pageId="1" pageNumber="102" pagination="1 - 180" refId="ref17283" refString="Becker, T. (1908 a) Dipteren der Kanarischen Inseln. Mitteilungen aus dem Zoologischen Museum in Berlin, 4, 1 - 180, 4 pls." type="journal article" year="1908">Becker 1908a: 104</bibRefCitation>
</treatmentCitation>
(Tenerife, La Palma); 
<treatmentCitation author="Frey, R." box="[845,999,1911,1936]" page="132" pageId="1" pageNumber="102" year="1936">
<bibRefCitation author="Frey, R." box="[845,999,1911,1936]" pageId="1" pageNumber="102" pagination="1 - 237" refId="ref17783" refString="Frey, R. (1936) Die Dipterenfauna der Kanarischen Inseln und ihre Probleme. Commentationes biologicae, 6, 1 - 237, 10 pls." type="journal article" year="1936">Frey 1936: 132</bibRefCitation>
</treatmentCitation>
(Gran Canaria, La Gomera, La Palma). 
<taxonomicName authority="(Stein)" baseAuthorityName="Stein" baseAuthorityYear="1908" box="[151,578,1942,1966]" class="Insecta" family="Muscidae" genus="Limnophora" kingdom="Animalia" order="Diptera" pageId="1" pageNumber="102" phylum="Arthropoda" rank="species" species="beckeri" subGenus="Calliophrys">
<emphasis box="[151,501,1942,1966]" italics="true" pageId="1" pageNumber="102">Limnophora (Calliophrys) beckeri</emphasis>
(Stein)
</taxonomicName>
; Hennig 1960: 385; 
<treatmentCitation author="Baez, M." box="[785,946,1942,1966]" page="632" pageId="1" pageNumber="102" year="1981">
<bibRefCitation author="Baez, M." box="[785,946,1942,1966]" pageId="1" pageNumber="102" pagination="619 - 670" refId="ref17198" refString="Baez, M. (1981) Dipteros de Canarias VIII: Tribus Limnophorini y Coenosiini (Dipt., Muscidae). Anuario de Estudios Canaricos, 27, 619 - 670." type="journal article" year="1981">Báez 1981: 632</bibRefCitation>
</treatmentCitation>
, pl. 2 figs 3‒6 (La Gomera, La Palma). 
<taxonomicName authority="(Stein)" baseAuthorityName="Stein" baseAuthorityYear="1908" box="[151,598,1972,1996]" class="Insecta" family="Muscidae" genus="Limnophora" kingdom="Animalia" order="Diptera" pageId="1" pageNumber="102" phylum="Arthropoda" rank="species" species="beckeri" subGenus="Melanochelia">
<emphasis box="[151,520,1972,1996]" italics="true" pageId="1" pageNumber="102">Limnophora (Melanochelia) beckeri</emphasis>
(Stein)
</taxonomicName>
; 
<treatmentCitation author="Santos Abreu, E." box="[608,855,1972,1997]" page="108" pageId="1" pageNumber="102" year="1976">
<bibRefCitation author="Santos Abreu, E." box="[608,855,1972,1997]" pageId="1" pageNumber="102" refId="ref18609" refString="Santos Abreu, E. (1976) Monografia de los Anthomyidos de las Islas Canarias (Dipteros). Excmo. Cabildo Insular de La Palma, La Palma, 175 pp. [Posthumous, unedited pre- 1937 contribution.]" type="book" year="1976">Santos Abréu 1976: 108</bibRefCitation>
</treatmentCitation>
, fig. 15 (La Palma).
</treatmentCitationGroup>
</paragraph>
<paragraph blockId="1.[151,1402,1911,2028]" box="[151,1291,2003,2028]" pageId="1" pageNumber="102">
<treatmentCitationGroup box="[151,1291,2003,2028]" pageId="1" pageNumber="102">
<taxonomicName authority="(Stein)" baseAuthorityName="Stein" baseAuthorityYear="1908" box="[151,435,2003,2027]" class="Insecta" family="Muscidae" genus="Limnophora" kingdom="Animalia" order="Diptera" pageId="1" pageNumber="102" phylum="Arthropoda" rank="species" species="beckeri">
<emphasis box="[151,358,2003,2027]" italics="true" pageId="1" pageNumber="102">Limnophora beckeri</emphasis>
(Stein)
</taxonomicName>
; 
<treatmentCitation author="Pont, A. C." box="[446,604,2003,2027]" page="179" pageId="1" pageNumber="102" year="1986">
<bibRefCitation author="Pont, A. C." box="[446,604,2003,2027]" pageId="1" pageNumber="102" refId="ref18345" refString="Pont, A. C. (1986) Family Muscidae. In: Soos, A &amp; Papp, L. (Eds.), Catalogue of Palaearctic Diptera. Vol. 11. Akademiai Kiado, Budapest, pp. 57 - 215." type="book" year="1986">Pont 1986: 179</bibRefCitation>
</treatmentCitation>
; 
<treatmentCitation author="Couri, M. &amp; Pont, A. C." box="[614,835,2003,2027]" page="6" pageId="1" pageNumber="102" year="2020">
<bibRefCitation author="Couri, M. &amp; Pont, A. C." box="[614,835,2003,2027]" pageId="1" pageNumber="102" pagination="1 - 57" refId="ref17496" refString="Couri, M. &amp; Pont, A. C. (2020) Type specimens of Limnophorini (Diptera: Muscidae) deposited in the Museum fur Naturkunde, Humboldt-Universitat zu Berlin (Berlin, Germany). Zoologia, 37, 1 - 57. https: // doi. org / 10.3897 / zoologia. 37. e 46879" type="journal article" year="2020">Couri &amp; Pont 2020: 6</bibRefCitation>
</treatmentCitation>
, 50 figs 226‒229 (male 
<typeStatus box="[1081,1162,2004,2028]" pageId="1" pageNumber="102">syntype</typeStatus>
, terminalia).
</treatmentCitationGroup>
</paragraph>
</subSubSection>
<subSubSection pageId="2" pageNumber="103" type="materials_examined">
<paragraph blockId="2.[151,1437,150,1005]" pageId="2" pageNumber="103">
<emphasis bold="true" box="[151,387,150,176]" pageId="2" pageNumber="103">Material examined.</emphasis>
[
<materialsCitation box="[402,843,150,177]" collectionCode="MZH, NHMD" location="CANARY ISLANDS" pageId="2" pageNumber="103" specimenCount="1" stateProvince="Canarias">
<collectionCode box="[402,470,151,177]" country="Finland" httpUri="http://grbio.org/cool/2vmj-fp0v" name="Finnish Museum of Natural History" pageId="2" pageNumber="103" type="Museum">MZH</collectionCode>
, 
<collectionCode box="[483,576,150,177]" pageId="2" pageNumber="103">NHMD</collectionCode>
]: 
<emphasis bold="true" box="[594,843,150,176]" pageId="2" pageNumber="103">
<collectingRegion box="[594,843,150,176]" country="Spain" name="Canarias" pageId="2" pageNumber="103">CANARY ISLANDS</collectingRegion>
</emphasis>
</materialsCitation>
: 
<materialsCitation collectingDate="1947-05-07" collectingDateMax="1984-07-20" collectingDateMin="1947-05-07" collectionCode="GRAN, CANARIA" elevation="400" location="Las Toscas" municipality="Lindberg" pageId="2" pageNumber="103" specimenCount="7" specimenCount-female="5" specimenCount-male="2" stateProvince="CANARY ISLANDS">
<collectionCode box="[861,1081,151,177]" pageId="2" pageNumber="103">GRAN CANARIA</collectionCode>
: 
<collectorName box="[1093,1227,151,177]" pageId="2" pageNumber="103">Bco. Virgin</collectorName>
, 
<collectorName box="[1240,1308,151,177]" pageId="2" pageNumber="103">Moya</collectorName>
, 
<quantity box="[1322,1388,151,177]" metricMagnitude="2" metricUnit="m" metricValue="4.0" pageId="2" pageNumber="103" unit="m" value="400.0">
<elevation box="[1322,1388,151,177]" metricMagnitude="2" metricUnit="m" metricValue="4.0" pageId="2" pageNumber="103" unit="m" value="400.0">400m</elevation>
</quantity>
, 
<specimenCount box="[1401,1436,151,177]" pageId="2" pageNumber="103" type="male">1♂</specimenCount>
<date box="[151,279,187,213]" pageId="2" pageNumber="103" value="1984-07-20">
<collectingDate box="[151,279,187,213]" pageId="2" pageNumber="103" value="1984-07-20">20.vii.1984</collectingDate>
</date>
(
<collectorName box="[294,363,187,213]" pageId="2" pageNumber="103">Olsen</collectorName>
, 
<collectorName box="[375,439,187,213]" pageId="2" pageNumber="103">Skule</collectorName>
&amp; 
<collectorName box="[474,549,187,214]" pageId="2" pageNumber="103">Stadel</collectorName>
). TENERIFE: 
<collectorName box="[714,913,187,213]" pageId="2" pageNumber="103">Puerto de la Cruz</collectorName>
, 
<specimenCount box="[924,959,187,213]" pageId="2" pageNumber="103" type="female">1♀</specimenCount>
<date box="[966,1093,187,213]" pageId="2" pageNumber="103" value="1947-05-07" valueMax="1947-05-08" valueMin="1947-05-07">
<collectingDate box="[966,1093,187,213]" pageId="2" pageNumber="103" value="1947-05-07" valueMax="1947-05-08" valueMin="1947-05-07">7‒8.v.1947</collectingDate>
</date>
, 
<specimenCount box="[1104,1141,187,213]" pageId="2" pageNumber="103" type="male">1♂</specimenCount>
, 
<specimenCount box="[1154,1188,187,213]" pageId="2" pageNumber="103" type="female">2♀</specimenCount>
<date box="[1196,1323,187,213]" pageId="2" pageNumber="103" value="1949-02-02" valueMax="1949-02-04" valueMin="1949-02-02">
<collectingDate box="[1196,1323,187,213]" pageId="2" pageNumber="103" value="1949-02-02" valueMax="1949-02-04" valueMin="1949-02-02">2‒4.ii.1949</collectingDate>
</date>
(H. Lind- berg); 
<collectorName box="[223,293,223,249]" pageId="2" pageNumber="103">Adeje</collectorName>
, Bco del Infierno, 
<specimenCount box="[501,536,223,249]" pageId="2" pageNumber="103" type="female">2♀</specimenCount>
<date box="[543,657,222,249]" pageId="2" pageNumber="103" value="1950-02-24">
<collectingDate box="[543,657,222,249]" pageId="2" pageNumber="103" value="1950-02-24">24.ii.1950</collectingDate>
</date>
(H. 
<collectingMunicipality box="[707,815,223,250]" pageId="2" pageNumber="103">Lindberg</collectingMunicipality>
). LA GOMERA: 
<location LSID="urn:lsid:plazi:treatment:039F879D027BFFDF57B3F88BFCF1769A:8EE960500278FFDF54D7FF5AFBA0758E" box="[1011,1137,223,249]" municipality="Lindberg" name="Las Toscas" pageId="2" pageNumber="103" stateProvince="CANARY ISLANDS">Las Toscas</location>
</materialsCitation>
, 
<materialsCitation collectingDate="2002-11-19" collectingDateMax="2002-11-23" collectingDateMin="2002-11-19" collectionCode="V" collectorName="Michelsen &amp; La Laja" elevation="720" latitude="28.066668" location="Bco. Arure" longLatPrecision="1233" longitude="-17.2" municipality="Michelsen" pageId="2" pageNumber="103" specimenCount="2" specimenCount-female="1" specimenCount-male="1" stateProvince="CANARY ISLANDS">
<geoCoordinate box="[1147,1244,223,249]" degrees="28" direction="north" minutes="04" orientation="latitude" pageId="2" pageNumber="103" precision="925" value="28.066668">28°04´N</geoCoordinate>
<geoCoordinate box="[1251,1354,223,249]" degrees="17" direction="west" minutes="12" orientation="longitude" pageId="2" pageNumber="103" precision="925" value="-17.2">17°12´W</geoCoordinate>
, 
<quantity box="[1365,1432,223,249]" metricMagnitude="2" metricUnit="m" metricValue="7.2" pageId="2" pageNumber="103" unit="m" value="720.0">
<elevation box="[1365,1432,223,249]" metricMagnitude="2" metricUnit="m" metricValue="7.2" pageId="2" pageNumber="103" unit="m" value="720.0">720m</elevation>
</quantity>
, 
<specimenCount box="[151,186,259,285]" pageId="2" pageNumber="103" type="female">1♀</specimenCount>
<date box="[193,313,259,285]" pageId="2" pageNumber="103" value="2002-11-19">
<collectingDate box="[193,313,259,285]" pageId="2" pageNumber="103" value="2002-11-19">19.xi.2002</collectingDate>
</date>
(
<collectionCode box="[329,350,259,285]" country="Canada" lsid="urn:lsid:biocol.org:col:13946" name="Royal British Columbia Museum - Herbarium" pageId="2" pageNumber="103" type="Museum">V</collectionCode>
. 
<collectorName box="[361,483,259,286]" pageId="2" pageNumber="103">Michelsen</collectorName>
); 
<collectorName box="[502,592,259,285]" pageId="2" pageNumber="103">La Laja</collectorName>
, 
<quantity box="[603,725,259,285]" metricMagnitude="2" metricUnit="m" metricValue="5.4" metricValueMax="6.0" metricValueMin="4.8" pageId="2" pageNumber="103" unit="m" value="540.0" valueMax="600.0" valueMin="480.0">
<elevation box="[603,725,259,285]" metricMagnitude="2" metricUnit="m" metricValue="5.4" metricValueMax="6.0" metricValueMin="4.8" pageId="2" pageNumber="103" unit="m" value="540.0" valueMax="600.0" valueMin="480.0">480‒600m</elevation>
</quantity>
, 
<specimenCount box="[737,772,259,285]" pageId="2" pageNumber="103" type="male">1♂</specimenCount>
<date box="[779,898,259,285]" pageId="2" pageNumber="103" value="2002-11-23">
<collectingDate box="[779,898,259,285]" pageId="2" pageNumber="103" value="2002-11-23">23.xi.2002</collectingDate>
</date>
(
<collectionCode box="[914,935,259,285]" country="Canada" lsid="urn:lsid:biocol.org:col:13946" name="Royal British Columbia Museum - Herbarium" pageId="2" pageNumber="103" type="Museum">V</collectionCode>
. 
<collectingMunicipality box="[946,1068,259,286]" pageId="2" pageNumber="103">Michelsen</collectingMunicipality>
); 
<location LSID="urn:lsid:plazi:treatment:039F879D027BFFDF57B3F88BFCF1769A:8EE960500278FFDF531BFE86FB6C746A" box="[1087,1213,259,285]" latitude="28.066668" longLatPrecision="1233" longitude="-17.2" municipality="Michelsen" name="Bco. Arure" pageId="2" pageNumber="103" stateProvince="CANARY ISLANDS">Bco. Arure</location>
</materialsCitation>
, 
<materialsCitation collectingDate="2008-02-04" collectionCode="V" elevation="233" latitude="28.1" location="Michelsen" longLatPrecision="1233" longitude="-17.316668" pageId="2" pageNumber="103" specimenCount="4" specimenCount-female="2" specimenCount-male="2" stateProvince="CANARY ISLANDS">
<geoCoordinate box="[1225,1322,259,285]" degrees="28" direction="north" minutes="06" orientation="latitude" pageId="2" pageNumber="103" precision="925" value="28.1">28°06´N</geoCoordinate>
<geoCoordinate box="[1329,1432,259,285]" degrees="17" direction="west" minutes="19" orientation="longitude" pageId="2" pageNumber="103" precision="925" value="-17.316668">17°19´W</geoCoordinate>
, 
<quantity box="[151,274,294,321]" metricMagnitude="2" metricUnit="m" metricValue="2.325" metricValueMax="2.65" metricValueMin="2.0" pageId="2" pageNumber="103" unit="m" value="232.5" valueMax="265.0" valueMin="200.0">
<elevation box="[151,274,294,321]" metricMagnitude="2" metricUnit="m" metricValue="2.325" metricValueMax="2.65" metricValueMin="2.0" pageId="2" pageNumber="103" unit="m" value="232.5" valueMax="265.0" valueMin="200.0">200‒265m</elevation>
</quantity>
, 
<specimenCount box="[285,322,295,321]" pageId="2" pageNumber="103" type="male">2♂</specimenCount>
, 
<specimenCount box="[334,369,295,321]" pageId="2" pageNumber="103" type="female">2♀</specimenCount>
<date box="[376,475,295,321]" pageId="2" pageNumber="103" value="2008-02-04">
<collectingDate box="[376,475,295,321]" pageId="2" pageNumber="103" value="2008-02-04">4.ii.2008</collectingDate>
</date>
(
<collectionCode box="[491,512,295,321]" country="Canada" lsid="urn:lsid:biocol.org:col:13946" name="Royal British Columbia Museum - Herbarium" pageId="2" pageNumber="103" type="Museum">V</collectionCode>
. 
<location LSID="urn:lsid:plazi:treatment:039F879D027BFFDF57B3F88BFCF1769A:8EE960500278FFDF552EFEA2FD557435" box="[522,644,295,322]" latitude="28.1" longLatPrecision="1233" longitude="-17.316668" name="Michelsen" pageId="2" pageNumber="103" stateProvince="CANARY ISLANDS">Michelsen</location>
)
</materialsCitation>
.
</paragraph>
</subSubSection>
<subSubSection pageId="2" pageNumber="103" type="diagnosis">
<paragraph blockId="2.[151,1437,150,1005]" pageId="2" pageNumber="103">
<emphasis bold="true" box="[199,322,330,356]" pageId="2" pageNumber="103">Diagnosis.</emphasis>
Very small, wing length 
<quantity box="[610,742,331,357]" metricMagnitude="-3" metricUnit="m" metricValue="2.8" metricValueMax="3.2" metricValueMin="2.4" pageId="2" pageNumber="103" unit="mm" value="2.8" valueMax="3.2" valueMin="2.4">2.4‒3.2mm</quantity>
. 
<emphasis box="[753,820,331,357]" italics="true" pageId="2" pageNumber="103">Male:</emphasis>
Arista short-pubescent, longest branches less than 1.5 times greatest width of arista. Frons nearly horizontal, broad and flat, in dorsal aspect wholly velvety black in contrast to silvery white parafacial plates. Fronto-orbital plate with 2 short orbital setae and 2 frontal setae. Frons and facial margin equally projecting. Mesonotum extensively dark brown pruinose, postpronotal lobes and notopleura silvery grey and a pair of spots near at scutellum light grey. Dorsocentral setae 3 behind suture; acrostichal field with setulae only, arranged in 2‒3 irregular rows. Mid femur with 1 subapical 
<emphasis box="[983,1011,511,537]" italics="true" pageId="2" pageNumber="103">pd</emphasis>
seta, without 
<emphasis box="[1171,1197,511,536]" italics="true" pageId="2" pageNumber="103">pv</emphasis>
setae; mid tibia with 1 
<emphasis box="[173,201,547,573]" italics="true" pageId="2" pageNumber="103">pd</emphasis>
seta at middle. Hind femur with 1 
<emphasis box="[595,621,547,572]" italics="true" pageId="2" pageNumber="103">av</emphasis>
seta near apex, without 
<emphasis box="[896,922,547,572]" italics="true" pageId="2" pageNumber="103">pv</emphasis>
setae. Tergite VI merged with prehypopygeal sclerite. Sternite I bare. Sternite V and hypopygium as in 
<figureCitation box="[787,911,583,609]" captionStart="FIGURE 1" captionStartId="3.[151,250,1943,1967]" captionTargetBox="[195,1369,205,1901]" captionTargetId="figure-15@3.[187,1401,179,1917]" captionTargetPageId="3" captionText="FIGURE 1. Limnophora beckeri (Stein) (A‒C), L. bipunctata (Stein) (D‒G). Males. Hypopygium, caudal (A, D) and lateral (B, E); sternite V (C, G); sternites I and II (F). Same scale." figureDoi="http://doi.org/10.5281/zenodo.4671810" httpUri="https://zenodo.org/record/4671810/files/figure.png" pageId="2" pageNumber="103">Figs 1A‒C</figureCitation>
. 
<emphasis box="[922,1015,583,609]" italics="true" pageId="2" pageNumber="103">Female:</emphasis>
Similar to the male, but frons slightly convex and declining; frontal triangle matt shining, demarcated from velvety black frontal vitta. Dark brown area on mesonotum restricted to a narrow median stripe, a pair of subtriangular marks in front of the suture, a broad band immediately behind the suture and all scutellum. Ovipositor with hind marginal setae on tergite VII forming a complete row, not interrupted laterally as in other examined species. See 
<tableCitation box="[921,1004,727,753]" captionStart="Table 1" captionStartId="6.[151,214,575,601]" captionTargetBox="[159,1920,612,1616]" captionTargetId="graphics-40@6.[151,1932,752,1617]" captionText="Table 1. Matrix of 11 characters and their states (different colours) derived from the ovipositor and scored for 12 species of Limnophora." pageId="2" pageNumber="103">Table 1</tableCitation>
for more ovipositor characters.
</paragraph>
</subSubSection>
<subSubSection pageId="2" pageNumber="103" type="distribution">
<paragraph blockId="2.[151,1437,150,1005]" pageId="2" pageNumber="103">
<emphasis bold="true" box="[199,353,762,788]" pageId="2" pageNumber="103">Distribution.</emphasis>
Canary Islands: Gran Canaria, Tenerife, La Gomera, La Palma. Originally considered endemic to the Canary Islands, but Hennig (1964) recorded it from 
<collectingCountry box="[816,865,799,825]" name="Iran" pageId="2" pageNumber="103">Iran</collectingCountry>
: Sistan &amp; Baluchestan province, Iranshahr county. 
<bibRefCitation author="Zhang, C. &amp; Xue, W." box="[151,393,835,862]" pageId="2" pageNumber="103" pagination="189 - 204" refId="ref18715" refString="Zhang, C. &amp; Xue, W. (1996) Faunistical studies on the genus Limnophora in China (Diptera: Muscidae). Entomologica sinica, 3 (3), 189 - 204. https: // doi. org / 10.1111 / j. 1744 - 7917.1996. tb 00267. x" type="journal article" year="1996">Zhang &amp; Xue (1996)</bibRefCitation>
further reported 
<taxonomicName baseAuthorityName="Stein" baseAuthorityYear="1908" box="[590,704,835,861]" class="Insecta" family="Muscidae" genus="Limnophora" kingdom="Animalia" order="Diptera" pageId="2" pageNumber="103" phylum="Arthropoda" rank="species" species="beckeri">
<emphasis box="[590,704,835,861]" italics="true" pageId="2" pageNumber="103">L. beckeri</emphasis>
</taxonomicName>
from 
<collectingCountry box="[777,848,835,861]" name="China" pageId="2" pageNumber="103">China</collectingCountry>
: 
<collectingRegion box="[861,960,835,861]" country="China" name="Guizhou" pageId="2" pageNumber="103">Guizhou</collectingRegion>
, included the species in a key to Chinese 
<taxonomicName authorityName="Robineau-Desvoidy" authorityYear="1830" box="[151,289,871,897]" class="Insecta" family="Muscidae" genus="Limnophora" kingdom="Animalia" order="Diptera" pageId="2" pageNumber="103" phylum="Arthropoda" rank="genus">
<emphasis box="[151,289,871,897]" italics="true" pageId="2" pageNumber="103">Limnophora</emphasis>
</taxonomicName>
males, and illustrated the male terminalia (figs 10‒12). The Chinese taxon is indeed very similar to 
<taxonomicName baseAuthorityName="Stein" baseAuthorityYear="1908" box="[151,264,907,933]" class="Insecta" family="Muscidae" genus="Limnophora" kingdom="Animalia" order="Diptera" pageId="2" pageNumber="103" phylum="Arthropoda" rank="species" species="beckeri">
<emphasis box="[151,264,907,933]" italics="true" pageId="2" pageNumber="103">L. beckeri</emphasis>
</taxonomicName>
, but should be treated as a distinct species on basis of differences in the male terminalia, especially the proportions of the cerci. 
<bibRefCitation author="Stein, P." box="[424,562,943,969]" pageId="2" pageNumber="103" pagination="147 - 244" refId="ref18652" refString="Stein, P. (1918) Zur weitern Kenntnis aussereuropaeischer Anthomyiden. Annales historico-naturales Musei nationalis hungarici, 16, 147 - 244." type="journal article" year="1918">Stein (1918)</bibRefCitation>
recorded 
<taxonomicName authorityName="Stein" authorityYear="1908" box="[672,893,943,969]" class="Insecta" family="Muscidae" genus="Calliophrys" higherTaxonomySource="GBIF" kingdom="Animalia" order="Diptera" pageId="2" pageNumber="103" phylum="Arthropoda" rank="species" species="beckeri">
<emphasis box="[672,893,943,969]" italics="true" pageId="2" pageNumber="103">Calliophrys beckeri</emphasis>
</taxonomicName>
from 
<collectingCountry box="[959,1041,943,969]" name="Taiwan" pageId="2" pageNumber="103">Taiwan</collectingCountry>
(“Formosa”). The species involved is expectedly identical with the species found in Guizhou.
</paragraph>
</subSubSection>
</treatment>
</document>