<document ID-DOI="http://doi.org/10.5281/zenodo.4685431" ID-GBIF-Dataset="364a2818-9890-4a57-91cd-d5dcf0f36c6f" ID-ISSN="1175-5326" ID-Zenodo-Dep="4685431" ID-ZooBank="5C640B7A-AA7A-435B-93C7-F9AC61A71A9B" _generate="added" checkinTime="1617873621293" checkinUser="plazi" docAuthor="Michelsen, Verner" docDate="2021" docId="039F879D0276FFD057B3FE17FC377469" docLanguage="en" docName="zootaxa.4952.1.6.pdf" docOrigin="Zootaxa 4952 (1)" docStyle="DocumentStyle:647186512141C8FC8976D5BCC54AEB7D.6:Zootaxa.2013.journal_article" docStyleId="647186512141C8FC8976D5BCC54AEB7D" docStyleName="Zootaxa.2013.journal_article" docStyleVersion="6" docTitle="Limnophora paneliusi Emden 1958" docType="treatment" docVersion="5" lastPageId="13" lastPageNumber="114" masterDocId="FFA6FFE5027AFFDD5724FF85FFD17577" masterDocTitle="Macaronesian Muscidae (Diptera). II. The genus Limnophora Robineau-Desvoidy with description of a new Canarian endemic species" masterLastPageNumber="127" masterPageNumber="101" pageId="12" pageNumber="113" updateTime="1618346017711" updateUser="ExternalLinkService" zenodo-license-document="CLOSED">
<mods:mods xmlns:mods="http://www.loc.gov/mods/v3">
<mods:titleInfo>
<mods:title>Macaronesian Muscidae (Diptera). II. The genus Limnophora Robineau-Desvoidy with description of a new Canarian endemic species</mods:title>
</mods:titleInfo>
<mods:name type="personal">
<mods:role>
<mods:roleTerm>Author</mods:roleTerm>
</mods:role>
<mods:namePart>Michelsen, Verner</mods:namePart>
</mods:name>
<mods:typeOfResource>text</mods:typeOfResource>
<mods:relatedItem type="host">
<mods:titleInfo>
<mods:title>Zootaxa</mods:title>
</mods:titleInfo>
<mods:part>
<mods:date>2021</mods:date>
<mods:detail type="pubDate">
<mods:number>2021-04-08</mods:number>
</mods:detail>
<mods:detail type="volume">
<mods:number>4952</mods:number>
</mods:detail>
<mods:detail type="issue">
<mods:number>1</mods:number>
</mods:detail>
<mods:extent unit="page">
<mods:start>101</mods:start>
<mods:end>127</mods:end>
</mods:extent>
</mods:part>
</mods:relatedItem>
<mods:classification>journal article</mods:classification>
<mods:identifier type="DOI">https://doi.org/10.11646/zootaxa.4952.1.6</mods:identifier>
<mods:identifier type="GBIF-Dataset">364a2818-9890-4a57-91cd-d5dcf0f36c6f</mods:identifier>
<mods:identifier type="ISSN">1175-5326</mods:identifier>
<mods:identifier type="Zenodo-Dep">4671806</mods:identifier>
<mods:identifier type="ZooBank">5C640B7A-AA7A-435B-93C7-F9AC61A71A9B</mods:identifier>
</mods:mods>
<treatment ID-DOI="http://doi.org/10.5281/zenodo.4685431" ID-Zenodo-Dep="4685431" LSID="urn:lsid:plazi:treatment:039F879D0276FFD057B3FE17FC377469" httpUri="http://treatment.plazi.org/id/039F879D0276FFD057B3FE17FC377469" lastPageId="13" lastPageNumber="114" pageId="12" pageNumber="113">
<subSubSection box="[151,518,402,429]" pageId="12" pageNumber="113" type="nomenclature">
<paragraph blockId="12.[151,518,402,465]" box="[151,518,402,429]" pageId="12" pageNumber="113">
<heading bold="true" box="[151,518,402,429]" fontSize="11" level="1" pageId="12" pageNumber="113" reason="1">
<taxonomicName authority="Emden" authorityName="Emden" authorityYear="1958" box="[151,518,402,429]" class="Insecta" family="Muscidae" genus="Limnophora" kingdom="Animalia" order="Diptera" pageId="12" pageNumber="113" phylum="Arthropoda" rank="species" species="paneliusi">
<emphasis bold="true" box="[151,518,402,429]" pageId="12" pageNumber="113">
<emphasis bold="true" box="[151,421,402,429]" italics="true" pageId="12" pageNumber="113">Limnophora paneliusi</emphasis>
Emden
</emphasis>
</taxonomicName>
</heading>
</paragraph>
</subSubSection>
<subSubSection box="[151,506,439,465]" pageId="12" pageNumber="113" type="description">
<paragraph blockId="12.[151,518,402,465]" box="[151,506,439,465]" pageId="12" pageNumber="113">
(
<figureCitation box="[159,280,439,465]" captionStart="FIGURE 6" captionStartId="13.[151,250,1885,1909]" captionTargetBox="[166,1422,322,1852]" captionTargetId="figure-64@13.[151,1435,309,1862]" captionTargetPageId="13" captionText="FIGURE 6. Limnophora obsignatula sp. nov. (A‒C), L. paneliusi Emden (D‒F). Male head, dorso-lateral (A, D); male postpedicel and arista (B, E); female head, sub-dorsal (C, F). Different scales for A, C, D, F and B, E." figureDoi="http://doi.org/10.5281/zenodo.4671826" httpUri="https://zenodo.org/record/4671826/files/figure.png" pageId="12" pageNumber="113">Figs 6D‒F</figureCitation>
, 
<figureCitation box="[291,356,439,465]" captionStart="FIGURE 7" captionStartId="14.[151,250,1867,1891]" captionTargetBox="[162,1405,196,1832]" captionTargetId="figure-19@14.[151,1436,181,1843]" captionTargetPageId="14" captionText="FIGURE 7. Limnophora paneliusi Emden (A‒F). Male, lateral (A) and dorsal (B); female, dorsal (C); female, dorsal, Moroccan colour form (D); male abdomen, dorso-lateral (E); female abdomen, dorso-lateral (F). Different scales for A‒D and E, F." figureDoi="http://doi.org/10.5281/zenodo.4671832" httpUri="https://zenodo.org/record/4671832/files/figure.png" pageId="12" pageNumber="113">7A‒F</figureCitation>
, 
<figureCitation box="[367,438,439,465]" captionStart="FIGURE 9" captionStartId="16.[151,250,1185,1209]" captionTargetBox="[169,1402,217,1142]" captionTargetId="figure-19@16.[154,1434,181,1161]" captionTargetPageId="16" captionText="FIGURE 9. Limnophora paneliusi Emden (A‒D). Male. Sternite V (A); hypopygium, caudal (B) and lateral (C); hypandrium (D) with pregonites (arrows). Same scale." figureDoi="http://doi.org/10.5281/zenodo.4671836" httpUri="https://zenodo.org/record/4671836/files/figure.png" pageId="12" pageNumber="113">9A‒D</figureCitation>
, 
<figureCitation box="[449,498,439,465]" captionStart="FIGURE 13" captionStartId="22.[151,250,1943,1967]" captionTargetBox="[174,1374,261,1901]" captionTargetId="figure-19@22.[163,1424,181,1919]" captionTargetPageId="22" captionText="FIGURE 13. Limnophora paneliusi (Emden) (A), L. riparia (Fallén) (B). Ovipositor, distal part, lateral. Arrow: dorsal hind marginal setulae on T VIII. Abbreviations: Acc scl = accessory sclerite; Ce = cercus; Ep = epiproct; Hy = hypoproct; St = sternite; T = tergite. Same scale." figureDoi="http://doi.org/10.5281/zenodo.4671848" httpUri="https://zenodo.org/record/4671848/files/figure.png" pageId="12" pageNumber="113">13A</figureCitation>
)
</paragraph>
</subSubSection>
<subSubSection pageId="12" pageNumber="113" type="reference_group">
<paragraph blockId="12.[151,1437,507,592]" box="[151,1191,507,531]" pageId="12" pageNumber="113">
<treatmentCitationGroup box="[151,1191,507,531]" pageId="12" pageNumber="113">
<taxonomicName authority="Emden" authorityName="Emden" authorityYear="1958" box="[151,457,507,531]" class="Insecta" family="Muscidae" genus="Limnophora" kingdom="Animalia" order="Diptera" pageId="12" pageNumber="113" phylum="Arthropoda" rank="species" species="paneliusi">
<emphasis box="[151,376,507,531]" italics="true" pageId="12" pageNumber="113">Limnophora paneliusi</emphasis>
Emden
</taxonomicName>
; 
<treatmentCitation author="Emden, F. I. van" box="[467,633,507,531]" page="11" pageId="12" pageNumber="113" year="1958">
<bibRefCitation author="Emden, F. I. van" box="[467,633,507,531]" pageId="12" pageNumber="113" pagination="1 - 18" refId="ref17694" refString="Emden, F. I. van (1958) Muscidae collected on the Cape Verde Islands. Results of the Zoological Expedition of Professor Dr. Hakan Lindberg to the Cape Verde Islands in the winter 1953 - 54. No 24. Commentationes biologicae, 20, 1 - 18." type="journal article" year="1958">Emden 1958: 11</bibRefCitation>
</treatmentCitation>
(
<collectingCountry box="[647,765,507,531]" name="Cape Verde" pageId="12" pageNumber="113">Cape Verde</collectingCountry>
Is.); 
<treatmentCitation author="Couri, M. &amp; Pont, A. C." box="[818,1065,507,531]" httpUri="http://treatment.plazi.org/id/03EC4C72F478FF9756F2FA1327B1F858" page="521" pageId="12" pageNumber="113" year="2017">
<bibRefCitation author="Couri, M. &amp; Pont, A. C." box="[818,1065,507,531]" pageId="12" pageNumber="113" pagination="501 - 536" refId="ref17443" refString="Couri, M. &amp; Pont, A. C. (2017) Afrotropical Limnophora Robineau-Desvoidy (Diptera, Muscidae) with the description of four new species. Zootaxa, 4216 (6), 501 - 536. https: // doi. org / 10.11646 / zootaxa. 4216.6.1" type="journal article" year="2017">Couri &amp; Pont 2017: 521</bibRefCitation>
</treatmentCitation>
, figs 69‒72.
</treatmentCitationGroup>
</paragraph>
<paragraph blockId="12.[151,1437,507,592]" pageId="12" pageNumber="113">
<treatmentCitationGroup pageId="12" pageNumber="113">
“ 
<taxonomicName authority="(Rondani)" baseAuthorityName="Rondani" baseAuthorityYear="1866" box="[162,507,538,562]" class="Insecta" family="Muscidae" genus="Limnophora" kingdom="Animalia" order="Diptera" pageId="12" pageNumber="113" phylum="Arthropoda" rank="species" species="obsignata">
<emphasis box="[162,394,538,562]" italics="true" pageId="12" pageNumber="113">Limnophora obsignata</emphasis>
(Rondani)
</taxonomicName>
”; 
<treatmentCitation author="Baez, M." box="[527,685,538,562]" page="628" pageId="12" pageNumber="113" year="1981">
<bibRefCitation author="Baez, M." box="[527,685,538,562]" pageId="12" pageNumber="113" pagination="619 - 670" refId="ref17198" refString="Baez, M. (1981) Dipteros de Canarias VIII: Tribus Limnophorini y Coenosiini (Dipt., Muscidae). Anuario de Estudios Canaricos, 27, 619 - 670." type="journal article" year="1981">
Báez 1981: 
<specimenCount box="[647,685,538,562]" pageId="12" pageNumber="113" type="generic">628</specimenCount>
</bibRefCitation>
</treatmentCitation>
p.p., pl. 1 figs 4, 5, pl. 3 figs 1, 3 (Fuerteventura, La Gomera, La Palma?). Misidentification.
</treatmentCitationGroup>
</paragraph>
</subSubSection>
<subSubSection pageId="12" pageNumber="113" type="materials_examined">
<paragraph blockId="12.[151,1437,638,2033]" pageId="12" pageNumber="113">
<emphasis bold="true" box="[151,385,638,664]" pageId="12" pageNumber="113">Material examined.</emphasis>
<emphasis box="[392,546,639,665]" italics="true" pageId="12" pageNumber="113">Type material</emphasis>
[
<materialsCitation collectingDate="1950-02-24" collectingDateMax="2020-01-29" collectingDateMin="1950-02-24" collectionCode="MZH, NHMD, GRAN, CANARIA, V" country="Cape Verde" county="Faja Agua" elevation="400" latitude="28.116667" location="Bco de Aguajilva" longLatPrecision="1233" longitude="-17.166666" municipality="Bco del Infierno" pageId="12" pageNumber="113" specimenCount="53" specimenCount-female="38" specimenCount-male="15" stateProvince="Brava" typeStatus="paratype">
<collectionCode box="[560,631,638,665]" country="Finland" httpUri="http://grbio.org/cool/2vmj-fp0v" name="Finnish Museum of Natural History" pageId="12" pageNumber="113" type="Museum">MZH</collectionCode>
]: 
<emphasis bold="true" box="[649,959,638,665]" pageId="12" pageNumber="113">
<collectingCountry box="[649,830,638,665]" name="Cape Verde" pageId="12" pageNumber="113">CAPE VERDE</collectingCountry>
ISLANDS
</emphasis>
: 
<collectingRegion box="[974,1045,639,665]" country="Cape Verde" name="Brava" pageId="12" pageNumber="113">Brava</collectingRegion>
: 
<collectingCounty box="[1056,1173,639,665]" pageId="12" pageNumber="113">Faja Agua</collectingCounty>
, 
<typeStatus box="[1185,1292,639,665]" pageId="12" pageNumber="113">paratypes</typeStatus>
<specimenCount box="[1299,1334,639,665]" pageId="12" pageNumber="113" type="male">1♂</specimenCount>
[dissect- ed], 
<specimenCount box="[203,238,675,701]" pageId="12" pageNumber="113" type="female">1♀</specimenCount>
<date box="[248,361,674,701]" pageId="12" pageNumber="113" value="1954-02-25">
<collectingDate box="[248,361,674,701]" pageId="12" pageNumber="113" value="1954-02-25">25.ii.1954</collectingDate>
</date>
(
<collectorName box="[380,525,675,702]" pageId="12" pageNumber="113">H. Lindberg</collectorName>
). 
<emphasis box="[544,714,675,701]" italics="true" pageId="12" pageNumber="113">
<typeStatus box="[544,714,675,701]" isOtherTypeStatus="true" pageId="12" pageNumber="113">Other material</typeStatus>
</emphasis>
[
<collectionCode box="[730,798,675,701]" country="Finland" httpUri="http://grbio.org/cool/2vmj-fp0v" name="Finnish Museum of Natural History" pageId="12" pageNumber="113" type="Museum">MZH</collectionCode>
, 
<collectionCode box="[811,904,674,701]" pageId="12" pageNumber="113">NHMD</collectionCode>
]: 
<emphasis bold="true" box="[923,1173,674,700]" pageId="12" pageNumber="113">CANARY ISLANDS</emphasis>
: FUERTEVENTURA: 
<collectorName box="[151,255,711,737]" pageId="12" pageNumber="113">Chilegua</collectorName>
, 
<specimenCount box="[269,307,711,737]" pageId="12" pageNumber="113" type="male">2♂</specimenCount>
, 
<specimenCount box="[322,356,711,737]" pageId="12" pageNumber="113" type="female">6♀</specimenCount>
<date box="[367,518,710,737]" pageId="12" pageNumber="113" value="1951-05-10" valueMax="1951-05-23" valueMin="1951-05-10">
<collectingDate box="[367,518,710,737]" pageId="12" pageNumber="113" value="1951-05-10" valueMax="1951-05-23" valueMin="1951-05-10">10‒23.v.1951</collectingDate>
</date>
(
<collectorName box="[538,695,711,737]" pageId="12" pageNumber="113">B. Pettersson</collectorName>
). 
<collectionCode box="[716,937,711,737]" pageId="12" pageNumber="113">GRAN CANARIA</collectionCode>
: 
<collectorName box="[950,1086,711,737]" pageId="12" pageNumber="113">Bco. Virgin</collectorName>
, 
<collectorName box="[1100,1168,711,737]" pageId="12" pageNumber="113">Moya</collectorName>
, 
<quantity box="[1183,1250,711,737]" metricMagnitude="2" metricUnit="m" metricValue="4.0" pageId="12" pageNumber="113" unit="m" value="400.0">
<elevation box="[1183,1250,711,737]" metricMagnitude="2" metricUnit="m" metricValue="4.0" pageId="12" pageNumber="113" unit="m" value="400.0">400m</elevation>
</quantity>
, 
<specimenCount box="[1264,1298,711,737]" pageId="12" pageNumber="113" type="male">1♂</specimenCount>
<date box="[1309,1436,711,737]" pageId="12" pageNumber="113" value="1984-07-20">
<collectingDate box="[1309,1436,711,737]" pageId="12" pageNumber="113" value="1984-07-20">20.vii.1984</collectingDate>
</date>
(
<collectorName box="[159,228,747,773]" pageId="12" pageNumber="113">Olsen</collectorName>
, 
<collectorName box="[240,304,747,773]" pageId="12" pageNumber="113">Skule</collectorName>
&amp; 
<collectorName box="[340,415,747,774]" pageId="12" pageNumber="113">Stadel</collectorName>
); 
<collectorName box="[434,533,747,773]" pageId="12" pageNumber="113">El Risco</collectorName>
, 
<geoCoordinate box="[544,641,747,773]" degrees="28" direction="north" minutes="02" orientation="latitude" pageId="12" pageNumber="113" precision="925" value="28.033333">28°02´N</geoCoordinate>
<geoCoordinate box="[648,751,746,773]" degrees="15" direction="west" minutes="43" orientation="longitude" pageId="12" pageNumber="113" precision="925" value="-15.716666">15°43´W</geoCoordinate>
, 
<quantity box="[762,885,746,773]" metricMagnitude="2" metricUnit="m" metricValue="1.75" metricValueMax="2.0" metricValueMin="1.5" pageId="12" pageNumber="113" unit="m" value="175.0" valueMax="200.0" valueMin="150.0">
<elevation box="[762,885,746,773]" metricMagnitude="2" metricUnit="m" metricValue="1.75" metricValueMax="2.0" metricValueMin="1.5" pageId="12" pageNumber="113" unit="m" value="175.0" valueMax="200.0" valueMin="150.0">150‒200m</elevation>
</quantity>
, 
<specimenCount box="[896,931,747,773]" pageId="12" pageNumber="113" type="female">3♀</specimenCount>
<date box="[938,1072,747,773]" pageId="12" pageNumber="113" value="2014-01-07" valueMax="2014-01-12" valueMin="2014-01-07">
<collectingDate box="[938,1072,747,773]" pageId="12" pageNumber="113" value="2014-01-07" valueMax="2014-01-12" valueMin="2014-01-07">7‒12.i.2014</collectingDate>
</date>
(
<collectionCode box="[1087,1108,747,773]" country="Canada" lsid="urn:lsid:biocol.org:col:13946" name="Royal British Columbia Museum - Herbarium" pageId="12" pageNumber="113" type="Museum">V</collectionCode>
. 
<collectorName box="[1119,1241,747,774]" pageId="12" pageNumber="113">Michelsen</collectorName>
); 
<collectorName box="[1258,1328,747,773]" pageId="12" pageNumber="113">Aldea</collectorName>
, 
<geoCoordinate box="[1339,1436,746,773]" degrees="27" direction="north" minutes="58" orientation="latitude" pageId="12" pageNumber="113" precision="925" value="27.966667">27°58´N</geoCoordinate>
<geoCoordinate box="[151,254,782,809]" degrees="15" direction="west" minutes="43" orientation="longitude" pageId="12" pageNumber="113" precision="925" value="-15.716666">15°43´W</geoCoordinate>
, 
<quantity box="[264,314,783,809]" metricMagnitude="3" metricUnit="m" metricValue="8.0" pageId="12" pageNumber="113" unit="km" value="8.0">8km</quantity>
E, 
<quantity box="[350,417,782,809]" metricMagnitude="2" metricUnit="m" metricValue="2.5" pageId="12" pageNumber="113" unit="m" value="250.0">
<elevation box="[350,417,782,809]" metricMagnitude="2" metricUnit="m" metricValue="2.5" pageId="12" pageNumber="113" unit="m" value="250.0">250m</elevation>
</quantity>
, 
<specimenCount box="[427,462,783,809]" pageId="12" pageNumber="113" type="male">1♂</specimenCount>
<date box="[467,587,783,809]" pageId="12" pageNumber="113" value="2014-11-30">
<collectingDate box="[467,587,783,809]" pageId="12" pageNumber="113" value="2014-11-30">30.xi.2014</collectingDate>
</date>
(
<collectionCode box="[601,622,783,809]" country="Canada" lsid="urn:lsid:biocol.org:col:13946" name="Royal British Columbia Museum - Herbarium" pageId="12" pageNumber="113" type="Museum">V</collectionCode>
. 
<collectorName box="[632,754,783,810]" pageId="12" pageNumber="113">Michelsen</collectorName>
); 
<collectorName box="[772,909,783,809]" pageId="12" pageNumber="113">La Montaña</collectorName>
, 
<geoCoordinate box="[919,1016,782,809]" degrees="27" direction="north" minutes="55" orientation="latitude" pageId="12" pageNumber="113" precision="925" value="27.916666">27°55´N</geoCoordinate>
<geoCoordinate box="[1022,1124,782,809]" degrees="15" direction="west" minutes="33" orientation="longitude" pageId="12" pageNumber="113" precision="925" value="-15.55">15°33´W</geoCoordinate>
, 
<quantity box="[1135,1257,783,809]" metricMagnitude="2" metricUnit="m" metricValue="7.0" metricValueMax="7.1" metricValueMin="6.9" pageId="12" pageNumber="113" unit="m" value="700.0" valueMax="710.0" valueMin="690.0">
<elevation box="[1135,1257,783,809]" metricMagnitude="2" metricUnit="m" metricValue="7.0" metricValueMax="7.1" metricValueMin="6.9" pageId="12" pageNumber="113" unit="m" value="700.0" valueMax="710.0" valueMin="690.0">690‒710m</elevation>
</quantity>
, 
<specimenCount box="[1268,1303,783,809]" pageId="12" pageNumber="113" type="male">1♂</specimenCount>
<date box="[1309,1436,783,809]" pageId="12" pageNumber="113" value="2018-02-01" valueMax="2018-02-06" valueMin="2018-02-01">
<collectingDate box="[1309,1436,783,809]" pageId="12" pageNumber="113" value="2018-02-01" valueMax="2018-02-06" valueMin="2018-02-01">1‒6.ii.2018</collectingDate>
</date>
(
<collectionCode box="[159,180,819,845]" country="Canada" lsid="urn:lsid:biocol.org:col:13946" name="Royal British Columbia Museum - Herbarium" pageId="12" pageNumber="113" type="Museum">V</collectionCode>
. 
<collectorName box="[194,316,819,846]" pageId="12" pageNumber="113">Michelsen</collectorName>
). TENERIFE: 
<collectorName box="[483,553,819,845]" pageId="12" pageNumber="113">Adeje</collectorName>
, 
<collectingMunicipality box="[567,758,819,845]" pageId="12" pageNumber="113">Bco del Infierno</collectingMunicipality>
, 
<specimenCount box="[771,806,819,845]" pageId="12" pageNumber="113" type="female">1♀</specimenCount>
<date box="[816,930,818,845]" pageId="12" pageNumber="113" value="1950-02-24">
<collectingDate box="[816,930,818,845]" pageId="12" pageNumber="113" value="1950-02-24">24.ii.1950</collectingDate>
</date>
(
<collectorName box="[948,1092,819,846]" pageId="12" pageNumber="113">H. Lindberg</collectorName>
); 
<collectorName box="[1112,1179,819,845]" pageId="12" pageNumber="113">Arico</collectorName>
, 
<specimenCount box="[1192,1227,819,845]" pageId="12" pageNumber="113" type="female">2♀</specimenCount>
<date box="[1237,1342,819,845]" pageId="12" pageNumber="113" value="2006-01-16">
<collectingDate box="[1237,1342,819,845]" pageId="12" pageNumber="113" value="2006-01-16">16.i.2006</collectingDate>
</date>
(
<collectionCode box="[1360,1381,819,845]" country="Canada" lsid="urn:lsid:biocol.org:col:13946" name="Royal British Columbia Museum - Herbarium" pageId="12" pageNumber="113" type="Museum">V</collectionCode>
. Mi- chelsen); 
<collectorName box="[262,430,855,881]" pageId="12" pageNumber="113">Los Carrizales</collectorName>
, 
<geoCoordinate box="[445,542,855,881]" degrees="28" direction="north" minutes="19" orientation="latitude" pageId="12" pageNumber="113" precision="925" value="28.316668">28°19´N</geoCoordinate>
<geoCoordinate box="[551,654,854,881]" degrees="16" direction="west" minutes="51" orientation="longitude" pageId="12" pageNumber="113" precision="925" value="-16.85">16°51´W</geoCoordinate>
, c. 
<quantity box="[698,764,854,881]" metricMagnitude="2" metricUnit="m" metricValue="6.45" pageId="12" pageNumber="113" unit="m" value="645.0">
<elevation box="[698,764,854,881]" metricMagnitude="2" metricUnit="m" metricValue="6.45" pageId="12" pageNumber="113" unit="m" value="645.0">645m</elevation>
</quantity>
, 
<specimenCount box="[779,814,855,881]" pageId="12" pageNumber="113" type="female">1♀</specimenCount>
<date box="[824,923,855,881]" pageId="12" pageNumber="113" value="2008-02-08">
<collectingDate box="[824,923,855,881]" pageId="12" pageNumber="113" value="2008-02-08">8.ii.2008</collectingDate>
</date>
(
<collectionCode box="[941,962,855,881]" country="Canada" lsid="urn:lsid:biocol.org:col:13946" name="Royal British Columbia Museum - Herbarium" pageId="12" pageNumber="113" type="Museum">V</collectionCode>
. 
<collectorName box="[976,1098,855,882]" pageId="12" pageNumber="113">Michelsen</collectorName>
). LA GOMERA: 
<collectorName box="[1304,1432,855,881]" pageId="12" pageNumber="113">Las Toscas</collectorName>
, 
<geoCoordinate box="[151,248,891,917]" degrees="28" direction="north" minutes="04" orientation="latitude" pageId="12" pageNumber="113" precision="925" value="28.066668">28°04´N</geoCoordinate>
<geoCoordinate box="[255,358,891,917]" degrees="17" direction="west" minutes="12" orientation="longitude" pageId="12" pageNumber="113" precision="925" value="-17.2">17°12´W</geoCoordinate>
, 
<quantity box="[370,437,891,917]" metricMagnitude="2" metricUnit="m" metricValue="7.2" pageId="12" pageNumber="113" unit="m" value="720.0">
<elevation box="[370,437,891,917]" metricMagnitude="2" metricUnit="m" metricValue="7.2" pageId="12" pageNumber="113" unit="m" value="720.0">720m</elevation>
</quantity>
, 
<specimenCount box="[448,483,890,917]" pageId="12" pageNumber="113" type="female">5♀</specimenCount>
<date box="[491,610,891,917]" pageId="12" pageNumber="113" value="2002-11-19">
<collectingDate box="[491,610,891,917]" pageId="12" pageNumber="113" value="2002-11-19">19.xi.2002</collectingDate>
</date>
(
<collectionCode box="[626,647,891,917]" country="Canada" lsid="urn:lsid:biocol.org:col:13946" name="Royal British Columbia Museum - Herbarium" pageId="12" pageNumber="113" type="Museum">V</collectionCode>
. 
<collectorName box="[658,780,891,918]" pageId="12" pageNumber="113">Michelsen</collectorName>
); 
<collectorName box="[800,890,891,917]" pageId="12" pageNumber="113">La Laja</collectorName>
, 
<quantity box="[901,1023,891,917]" metricMagnitude="2" metricUnit="m" metricValue="5.4" metricValueMax="6.0" metricValueMin="4.8" pageId="12" pageNumber="113" unit="m" value="540.0" valueMax="600.0" valueMin="480.0">
<elevation box="[901,1023,891,917]" metricMagnitude="2" metricUnit="m" metricValue="5.4" metricValueMax="6.0" metricValueMin="4.8" pageId="12" pageNumber="113" unit="m" value="540.0" valueMax="600.0" valueMin="480.0">480‒600m</elevation>
</quantity>
, 
<specimenCount box="[1035,1070,891,917]" pageId="12" pageNumber="113" type="female">3♀</specimenCount>
<date box="[1078,1197,891,917]" pageId="12" pageNumber="113" value="2002-11-23">
<collectingDate box="[1078,1197,891,917]" pageId="12" pageNumber="113" value="2002-11-23">23.xi.2002</collectingDate>
</date>
(
<collectionCode box="[1213,1234,891,917]" country="Canada" lsid="urn:lsid:biocol.org:col:13946" name="Royal British Columbia Museum - Herbarium" pageId="12" pageNumber="113" type="Museum">V</collectionCode>
. 
<collectorName box="[1245,1367,891,918]" pageId="12" pageNumber="113">Michelsen</collectorName>
); Alo- jera, 
<geoCoordinate box="[211,308,927,953]" degrees="28" direction="north" minutes="10" orientation="latitude" pageId="12" pageNumber="113" precision="925" value="28.166666">28°10´N</geoCoordinate>
<geoCoordinate box="[318,422,927,953]" degrees="17" direction="west" minutes="19" orientation="longitude" pageId="12" pageNumber="113" precision="925" value="-17.316668">17°19´W</geoCoordinate>
, 
<quantity box="[437,559,927,953]" metricMagnitude="2" metricUnit="m" metricValue="1.1" metricValueMax="1.2" metricValueMin="1.0" pageId="12" pageNumber="113" unit="m" value="110.0" valueMax="120.0" valueMin="100.0">
<elevation box="[437,559,927,953]" metricMagnitude="2" metricUnit="m" metricValue="1.1" metricValueMax="1.2" metricValueMin="1.0" pageId="12" pageNumber="113" unit="m" value="110.0" valueMax="120.0" valueMin="100.0">100‒120m</elevation>
</quantity>
, 
<specimenCount box="[574,609,927,953]" pageId="12" pageNumber="113" type="male">1♂</specimenCount>
<date box="[620,719,926,953]" pageId="12" pageNumber="113" value="2008-02-05">
<collectingDate box="[620,719,926,953]" pageId="12" pageNumber="113" value="2008-02-05">5.ii.2008</collectingDate>
</date>
(
<collectionCode box="[738,759,927,953]" country="Canada" lsid="urn:lsid:biocol.org:col:13946" name="Royal British Columbia Museum - Herbarium" pageId="12" pageNumber="113" type="Museum">V</collectionCode>
. 
<collectorName box="[774,896,927,954]" pageId="12" pageNumber="113">Michelsen</collectorName>
); 
<location LSID="urn:lsid:plazi:treatment:039F879D0276FFD057B3FE17FC377469:8EE960500276FFD154B3FC1AFBB276CE" box="[919,1123,927,953]" country="Cape Verde" county="Faja Agua" latitude="28.116667" longLatPrecision="1233" longitude="-17.166666" municipality="Bco del Infierno" name="Bco de Aguajilva" pageId="12" pageNumber="113" stateProvince="Brava">Bco de Aguajilva</location>
, 
<collectorName box="[1138,1324,927,953]" pageId="12" pageNumber="113">Lomito Fragoso</collectorName>
, 
<geoCoordinate box="[1339,1436,927,953]" degrees="28" direction="north" minutes="07" orientation="latitude" pageId="12" pageNumber="113" precision="925" value="28.116667">28°07´N</geoCoordinate>
<geoCoordinate box="[151,254,963,989]" degrees="17" direction="west" minutes="10" orientation="longitude" pageId="12" pageNumber="113" precision="925" value="-17.166666">17°10´W</geoCoordinate>
, 
<quantity box="[266,388,962,989]" metricMagnitude="2" metricUnit="m" metricValue="2.35" metricValueMax="2.5" metricValueMin="2.2" pageId="12" pageNumber="113" unit="m" value="235.0" valueMax="250.0" valueMin="220.0">
<elevation box="[266,388,962,989]" metricMagnitude="2" metricUnit="m" metricValue="2.35" metricValueMax="2.5" metricValueMin="2.2" pageId="12" pageNumber="113" unit="m" value="235.0" valueMax="250.0" valueMin="220.0">220‒250m</elevation>
</quantity>
, 
<specimenCount box="[399,436,963,989]" pageId="12" pageNumber="113" type="male">4♂</specimenCount>
, 
<specimenCount box="[448,484,963,989]" pageId="12" pageNumber="113" type="female">9♀</specimenCount>
<date box="[490,640,963,989]" pageId="12" pageNumber="113" value="2019-01-19" valueMax="2019-01-24" valueMin="2019-01-19">
<collectingDate box="[490,640,963,989]" pageId="12" pageNumber="113" value="2019-01-19" valueMax="2019-01-24" valueMin="2019-01-19">19‒24.i.2019</collectingDate>
</date>
, 
<specimenCount box="[652,689,963,989]" pageId="12" pageNumber="113" type="male">4♂</specimenCount>
, 
<specimenCount box="[701,736,963,989]" pageId="12" pageNumber="113" type="female">7♀</specimenCount>
<date box="[743,890,963,989]" pageId="12" pageNumber="113" value="2020-01-24" valueMax="2020-01-29" valueMin="2020-01-24">
<collectingDate box="[743,890,963,989]" pageId="12" pageNumber="113" value="2020-01-24" valueMax="2020-01-29" valueMin="2020-01-24">24‒29.i.2020</collectingDate>
</date>
(
<collectionCode box="[906,927,963,989]" country="Canada" lsid="urn:lsid:biocol.org:col:13946" name="Royal British Columbia Museum - Herbarium" pageId="12" pageNumber="113" type="Museum">V</collectionCode>
. Michelsen)
</materialsCitation>
. 
<materialsCitation collectingDate="1989-04-11" country="Morocco" location="Tazenakht" pageId="12" pageNumber="113" specimenCount="2" specimenCount-female="1" specimenCount-male="1" typeStatus="paratype">
<emphasis bold="true" box="[1077,1229,962,988]" pageId="12" pageNumber="113">
<collectingCountry box="[1077,1229,962,988]" name="Morocco" pageId="12" pageNumber="113">MOROCCO</collectingCountry>
</emphasis>
: 
<location LSID="urn:lsid:plazi:treatment:039F879D0276FFD057B3FE17FC377469:8EE960500276FFD153F8FC46FA8376AA" box="[1244,1362,963,989]" country="Morocco" name="Tazenakht" pageId="12" pageNumber="113">Tazenakht</location>
, 
<quantity box="[1372,1437,962,989]" metricMagnitude="4" metricUnit="m" metricValue="1.5" pageId="12" pageNumber="113" unit="km" value="15.0">15km</quantity>
SW, 
<specimenCount box="[205,241,999,1025]" pageId="12" pageNumber="113" type="male">1♂</specimenCount>
, 
<specimenCount box="[254,288,999,1025]" pageId="12" pageNumber="113" type="female">1♀</specimenCount>
<date box="[296,412,999,1025]" pageId="12" pageNumber="113" value="1989-04-11">
<collectingDate box="[296,412,999,1025]" pageId="12" pageNumber="113" value="1989-04-11">11.iv.1989</collectingDate>
</date>
(Zool. Mus. Copenh. Exp.)
</materialsCitation>
.
</paragraph>
</subSubSection>
<subSubSection lastPageId="13" lastPageNumber="114" pageId="12" pageNumber="113" type="diagnosis">
<paragraph blockId="12.[151,1437,638,2033]" pageId="12" pageNumber="113">
<emphasis bold="true" box="[199,322,1034,1060]" pageId="12" pageNumber="113">Diagnosis.</emphasis>
Medium sized, wing length 
<quantity box="[669,800,1034,1061]" metricMagnitude="-3" metricUnit="m" metricValue="4.45" metricValueMax="5.3" metricValueMin="3.6" pageId="12" pageNumber="113" unit="mm" value="4.45" valueMax="5.3" valueMin="3.6">3.6‒5.3mm</quantity>
. 
<emphasis box="[817,883,1035,1061]" italics="true" pageId="12" pageNumber="113">Male:</emphasis>
Arista (
<figureCitation box="[984,1074,1035,1062]" captionStart="FIGURE 6" captionStartId="13.[151,250,1885,1909]" captionTargetBox="[166,1422,322,1852]" captionTargetId="figure-64@13.[151,1435,309,1862]" captionTargetPageId="13" captionText="FIGURE 6. Limnophora obsignatula sp. nov. (A‒C), L. paneliusi Emden (D‒F). Male head, dorso-lateral (A, D); male postpedicel and arista (B, E); female head, sub-dorsal (C, F). Different scales for A, C, D, F and B, E." figureDoi="http://doi.org/10.5281/zenodo.4671826" httpUri="https://zenodo.org/record/4671826/files/figure.png" pageId="12" pageNumber="113">Fig. 6E</figureCitation>
) short-plumose, longest aristal branches 0.5‒0.75 times as long as width of postpedicel, but branch length decreases strongly beyond middle of arista. Frons (
<figureCitation box="[306,394,1107,1134]" captionStart="FIGURE 6" captionStartId="13.[151,250,1885,1909]" captionTargetBox="[166,1422,322,1852]" captionTargetId="figure-64@13.[151,1435,309,1862]" captionTargetPageId="13" captionText="FIGURE 6. Limnophora obsignatula sp. nov. (A‒C), L. paneliusi Emden (D‒F). Male head, dorso-lateral (A, D); male postpedicel and arista (B, E); female head, sub-dorsal (C, F). Different scales for A, C, D, F and B, E." figureDoi="http://doi.org/10.5281/zenodo.4671826" httpUri="https://zenodo.org/record/4671826/files/figure.png" pageId="12" pageNumber="113">Fig. 6D</figureCitation>
) at narrowest point 2.0‒2.3 times as wide as ocellar tubercle, black frontal vitta at this point 2.0‒2.5 times as wide as adjacent silvery white fronto-orbital plates; fronto-orbital plate with 1‒2 short reclinate orbital setae immediately above 5‒7 inclinate frontal setae. Frons lying slightly behind moderately produced facial margin. Mesonotum (
<figureCitation box="[395,521,1215,1241]" captionStart="FIGURE 7" captionStartId="14.[151,250,1867,1891]" captionTargetBox="[162,1405,196,1832]" captionTargetId="figure-19@14.[151,1436,181,1843]" captionTargetPageId="14" captionText="FIGURE 7. Limnophora paneliusi Emden (A‒F). Male, lateral (A) and dorsal (B); female, dorsal (C); female, dorsal, Moroccan colour form (D); male abdomen, dorso-lateral (E); female abdomen, dorso-lateral (F). Different scales for A‒D and E, F." figureDoi="http://doi.org/10.5281/zenodo.4671832" httpUri="https://zenodo.org/record/4671832/files/figure.png" pageId="12" pageNumber="113">Figs 7A, B</figureCitation>
) whitish grey pruinose with contrasting brownish black “ 
<taxonomicName authorityName="Meigen" authorityYear="1803" box="[1176,1297,1215,1241]" class="Insecta" family="Anthomyiidae" genus="Anthomyia" kingdom="Animalia" order="Diptera" pageId="12" pageNumber="113" phylum="Arthropoda" rank="genus">
<emphasis box="[1176,1297,1215,1241]" italics="true" pageId="12" pageNumber="113">Anthomyia</emphasis>
</taxonomicName>
- pattern” as follows: pair of large squarish marks in front of the suture, a very broad band immediately behind the suture and a broad band on basal two-thirds of scutellum. Dorsocentral setae 4 behind the suture; presutural acrostichal field with setulae only, in four irregular rows separated from adjacent dorsocentral setae by a bare stripe. Calypteres whitish, wing membrane light brown tinged; vein M 
<subScript attach="left" box="[644,652,1377,1391]" fontSize="6" pageId="12" pageNumber="113">1</subScript>
slightly curved forward in distal part. Mid femur with 2 subapical 
<emphasis box="[1408,1436,1359,1385]" italics="true" pageId="12" pageNumber="113">pd</emphasis>
setae, on basal third with 3‒4 robust, erect 
<emphasis box="[631,657,1395,1420]" italics="true" pageId="12" pageNumber="113">pv</emphasis>
setae; mid tibia with 2 
<emphasis box="[920,948,1395,1421]" italics="true" pageId="12" pageNumber="113">pd</emphasis>
setae above and below middle. Hind femur on distal part with 3‒6 robust 
<emphasis box="[497,523,1431,1456]" italics="true" pageId="12" pageNumber="113">av</emphasis>
setae, without 
<emphasis box="[697,723,1431,1456]" italics="true" pageId="12" pageNumber="113">pv</emphasis>
setae. Abdomen (
<figureCitation box="[930,1016,1431,1457]" captionStart="FIGURE 7" captionStartId="14.[151,250,1867,1891]" captionTargetBox="[162,1405,196,1832]" captionTargetId="figure-19@14.[151,1436,181,1843]" captionTargetPageId="14" captionText="FIGURE 7. Limnophora paneliusi Emden (A‒F). Male, lateral (A) and dorsal (B); female, dorsal (C); female, dorsal, Moroccan colour form (D); male abdomen, dorso-lateral (E); female abdomen, dorso-lateral (F). Different scales for A‒D and E, F." figureDoi="http://doi.org/10.5281/zenodo.4671832" httpUri="https://zenodo.org/record/4671832/files/figure.png" pageId="12" pageNumber="113">Fig. 7E</figureCitation>
) with paired marks on tergite IV extended far down laterally. Sternite I bare. Sternite V and hypopygium as in 
<figureCitation box="[985,1110,1467,1493]" captionStart="FIGURE 9" captionStartId="16.[151,250,1185,1209]" captionTargetBox="[169,1402,217,1142]" captionTargetId="figure-19@16.[154,1434,181,1161]" captionTargetPageId="16" captionText="FIGURE 9. Limnophora paneliusi Emden (A‒D). Male. Sternite V (A); hypopygium, caudal (B) and lateral (C); hypandrium (D) with pregonites (arrows). Same scale." figureDoi="http://doi.org/10.5281/zenodo.4671836" httpUri="https://zenodo.org/record/4671836/files/figure.png" pageId="12" pageNumber="113">Figs 9A‒C</figureCitation>
; hypandrium with distinctive sickle shape of pregonites (
<figureCitation box="[457,546,1503,1529]" captionStart="FIGURE 9" captionStartId="16.[151,250,1185,1209]" captionTargetBox="[169,1402,217,1142]" captionTargetId="figure-19@16.[154,1434,181,1161]" captionTargetPageId="16" captionText="FIGURE 9. Limnophora paneliusi Emden (A‒D). Male. Sternite V (A); hypopygium, caudal (B) and lateral (C); hypandrium (D) with pregonites (arrows). Same scale." figureDoi="http://doi.org/10.5281/zenodo.4671836" httpUri="https://zenodo.org/record/4671836/files/figure.png" pageId="12" pageNumber="113">Fig. 9D</figureCitation>
, arrows). 
<emphasis box="[657,750,1503,1529]" italics="true" pageId="12" pageNumber="113">Female:</emphasis>
Broad frons (
<figureCitation box="[906,989,1503,1530]" captionStart="FIGURE 6" captionStartId="13.[151,250,1885,1909]" captionTargetBox="[166,1422,322,1852]" captionTargetId="figure-64@13.[151,1435,309,1862]" captionTargetPageId="13" captionText="FIGURE 6. Limnophora obsignatula sp. nov. (A‒C), L. paneliusi Emden (D‒F). Male head, dorso-lateral (A, D); male postpedicel and arista (B, E); female head, sub-dorsal (C, F). Different scales for A, C, D, F and B, E." figureDoi="http://doi.org/10.5281/zenodo.4671826" httpUri="https://zenodo.org/record/4671826/files/figure.png" pageId="12" pageNumber="113">Fig. 6F</figureCitation>
) light grey pruinose except for blackish frontal vitta and brownish apical part of frontal triangle. Fronto-orbital plate with 2 reclinate orbital setae and 4‒5 inclinate frontal setae; frontal triangle extended to lower one-fifth of frontal vitta. Dark pattern on mesonotum (
<figureCitation captionStart="FIGURE 7" captionStartId="14.[151,250,1867,1891]" captionTargetBox="[162,1405,196,1832]" captionTargetId="figure-19@14.[151,1436,181,1843]" captionTargetPageId="14" captionText="FIGURE 7. Limnophora paneliusi Emden (A‒F). Male, lateral (A) and dorsal (B); female, dorsal (C); female, dorsal, Moroccan colour form (D); male abdomen, dorso-lateral (E); female abdomen, dorso-lateral (F). Different scales for A‒D and E, F." figureDoi="http://doi.org/10.5281/zenodo.4671832" httpUri="https://zenodo.org/record/4671832/files/figure.png" pageId="12" pageNumber="113">Fig. 7C</figureCitation>
) less extensive compared to the male, postsutural black band distinctly indented medially and laterally at hind margin. Mid femur with basal 
<emphasis box="[497,523,1647,1672]" italics="true" pageId="12" pageNumber="113">pv</emphasis>
setae setulose or absent. Paired dark marks on tergite IV (
<figureCitation box="[1185,1269,1647,1673]" captionStart="FIGURE 7" captionStartId="14.[151,250,1867,1891]" captionTargetBox="[162,1405,196,1832]" captionTargetId="figure-19@14.[151,1436,181,1843]" captionTargetPageId="14" captionText="FIGURE 7. Limnophora paneliusi Emden (A‒F). Male, lateral (A) and dorsal (B); female, dorsal (C); female, dorsal, Moroccan colour form (D); male abdomen, dorso-lateral (E); female abdomen, dorso-lateral (F). Different scales for A‒D and E, F." figureDoi="http://doi.org/10.5281/zenodo.4671832" httpUri="https://zenodo.org/record/4671832/files/figure.png" pageId="12" pageNumber="113">Fig. 7F</figureCitation>
) less extended laterally compared to the male (
<figureCitation box="[506,593,1683,1709]" captionStart="FIGURE 7" captionStartId="14.[151,250,1867,1891]" captionTargetBox="[162,1405,196,1832]" captionTargetId="figure-19@14.[151,1436,181,1843]" captionTargetPageId="14" captionText="FIGURE 7. Limnophora paneliusi Emden (A‒F). Male, lateral (A) and dorsal (B); female, dorsal (C); female, dorsal, Moroccan colour form (D); male abdomen, dorso-lateral (E); female abdomen, dorso-lateral (F). Different scales for A‒D and E, F." figureDoi="http://doi.org/10.5281/zenodo.4671832" httpUri="https://zenodo.org/record/4671832/files/figure.png" pageId="12" pageNumber="113">Fig. 7E</figureCitation>
). Ovipositor (
<figureCitation box="[748,849,1683,1709]" captionStart="FIGURE 13" captionStartId="22.[151,250,1943,1967]" captionTargetBox="[174,1374,261,1901]" captionTargetId="figure-19@22.[163,1424,181,1919]" captionTargetPageId="22" captionText="FIGURE 13. Limnophora paneliusi (Emden) (A), L. riparia (Fallén) (B). Ovipositor, distal part, lateral. Arrow: dorsal hind marginal setulae on T VIII. Abbreviations: Acc scl = accessory sclerite; Ce = cercus; Ep = epiproct; Hy = hypoproct; St = sternite; T = tergite. Same scale." figureDoi="http://doi.org/10.5281/zenodo.4671848" httpUri="https://zenodo.org/record/4671848/files/figure.png" pageId="12" pageNumber="113">Fig. 13A</figureCitation>
) similar to other examined species with a mesonotal “ 
<taxonomicName authorityName="Meigen" authorityYear="1803" box="[164,285,1719,1745]" class="Insecta" family="Anthomyiidae" genus="Anthomyia" kingdom="Animalia" order="Diptera" pageId="12" pageNumber="113" phylum="Arthropoda" rank="genus">
<emphasis box="[164,285,1719,1745]" italics="true" pageId="12" pageNumber="113">Anthomyia</emphasis>
</taxonomicName>
- pattern”, but distinguished by the presence of several dorsal hind marginal setulae on tergite VIII. See 
<tableCitation box="[151,234,1755,1781]" captionStart="Table 1" captionStartId="6.[151,214,575,601]" captionTargetBox="[159,1920,612,1616]" captionTargetId="graphics-40@6.[151,1932,752,1617]" captionText="Table 1. Matrix of 11 characters and their states (different colours) derived from the ovipositor and scored for 12 species of Limnophora." pageId="12" pageNumber="113">Table 1</tableCitation>
for more ovipositor characters.
</paragraph>
<paragraph blockId="12.[151,1437,638,2033]" pageId="12" pageNumber="113">
<emphasis bold="true" box="[199,466,1790,1816]" pageId="12" pageNumber="113">Geographic variation.</emphasis>
A male and female collected in a semi-desert site near Tazenakht (
<collectingCountry box="[1253,1358,1791,1817]" name="Morocco" pageId="12" pageNumber="113">Morocco</collectingCountry>
) agree closely with the present species in external morphology and male terminalia, but the dark pattern on the mesonotum and abdomen is diminished in both sexes: Paired dark marks on tergites III and IV of the abdomen much smaller and obtusely triangular; postsutural black band on the female mesonotum (
<figureCitation box="[1010,1100,1899,1925]" captionStart="FIGURE 7" captionStartId="14.[151,250,1867,1891]" captionTargetBox="[162,1405,196,1832]" captionTargetId="figure-19@14.[151,1436,181,1843]" captionTargetPageId="14" captionText="FIGURE 7. Limnophora paneliusi Emden (A‒F). Male, lateral (A) and dorsal (B); female, dorsal (C); female, dorsal, Moroccan colour form (D); male abdomen, dorso-lateral (E); female abdomen, dorso-lateral (F). Different scales for A‒D and E, F." figureDoi="http://doi.org/10.5281/zenodo.4671832" httpUri="https://zenodo.org/record/4671832/files/figure.png" pageId="12" pageNumber="113">Fig. 7D</figureCitation>
) is further characterised by a deep hind marginal incision.
</paragraph>
<paragraph blockId="12.[151,1437,638,2033]" lastBlockId="13.[151,1436,151,286]" lastPageId="13" lastPageNumber="114" pageId="12" pageNumber="113">
<emphasis bold="true" box="[199,400,1970,1997]" pageId="12" pageNumber="113">Taxonomic note.</emphasis>
<bibRefCitation author="Baez, M." box="[410,552,1971,1997]" pageId="12" pageNumber="113" pagination="619 - 670" refId="ref17198" refString="Baez, M. (1981) Dipteros de Canarias VIII: Tribus Limnophorini y Coenosiini (Dipt., Muscidae). Anuario de Estudios Canaricos, 27, 619 - 670." type="journal article" year="1981">Báez (1981)</bibRefCitation>
recorded the present species from the 
<collectingRegion box="[1010,1181,1971,1997]" country="Spain" name="Canarias" pageId="12" pageNumber="113">Canary Islands</collectingRegion>
under the name 
<taxonomicName baseAuthorityName="Rondani" baseAuthorityYear="1866" class="Insecta" family="Muscidae" genus="Limnophora" kingdom="Animalia" order="Diptera" pageId="12" pageNumber="113" phylum="Arthropoda" rank="species" species="obsignata">
<emphasis italics="true" pageId="12" pageNumber="113">Limnophora obsignata</emphasis>
</taxonomicName>
as is evident from his illustrations of the male terminalia (pl. 3, figs 1, 3). He also examined an authentic European male of 
<taxonomicName baseAuthorityName="Rondani" baseAuthorityYear="1866" box="[469,609,151,177]" class="Insecta" family="Muscidae" genus="Limnophora" kingdom="Animalia" order="Diptera" pageId="13" pageNumber="114" phylum="Arthropoda" rank="species" species="obsignata">
<emphasis box="[469,609,151,177]" italics="true" pageId="13" pageNumber="114">L. obsignata</emphasis>
</taxonomicName>
and illustrated its differently shaped cercal plate (pl. 3 fig. 2), but treated this as intraspecific variation.
</paragraph>
</subSubSection>
<subSubSection pageId="13" pageNumber="114" type="distribution">
<paragraph blockId="13.[151,1436,151,286]" pageId="13" pageNumber="114">
<emphasis bold="true" box="[199,353,222,248]" pageId="13" pageNumber="114">Distribution.</emphasis>
<collectingCountry box="[360,490,223,249]" name="Cape Verde" pageId="13" pageNumber="114">Cape Verde</collectingCountry>
Is.: Santo Antão, São Nicolau, Santiago [São Tiago], 
<collectingRegion box="[1101,1171,223,249]" country="Cape Verde" name="Brava" pageId="13" pageNumber="114">Brava</collectingRegion>
. Canary Is.: Fuerteventura, Gran Canaria, Tenerife, La Gomera. 
<collectingCountry box="[620,721,259,285]" name="Morocco" pageId="13" pageNumber="114">Morocco</collectingCountry>
(deviating colour form).
</paragraph>
</subSubSection>
</treatment>
</document>