<document ID-DOI="http://doi.org/10.5281/zenodo.4685437" ID-GBIF-Dataset="364a2818-9890-4a57-91cd-d5dcf0f36c6f" ID-ISSN="1175-5326" ID-Zenodo-Dep="4685437" ID-ZooBank="5C640B7A-AA7A-435B-93C7-F9AC61A71A9B" _generate="added" checkinTime="1617873621293" checkinUser="plazi" docAuthor="Michelsen, Verner" docDate="2021" docId="039F879D0269FFC957B3FF12FF2176BF" docLanguage="en" docName="zootaxa.4952.1.6.pdf" docOrigin="Zootaxa 4952 (1)" docStyle="DocumentStyle:647186512141C8FC8976D5BCC54AEB7D.6:Zootaxa.2013.journal_article" docStyleId="647186512141C8FC8976D5BCC54AEB7D" docStyleName="Zootaxa.2013.journal_article" docStyleVersion="6" docTitle="Limnophora setinerva Schnabl" docType="treatment" docVersion="5" lastPageId="20" lastPageNumber="121" masterDocId="FFA6FFE5027AFFDD5724FF85FFD17577" masterDocTitle="Macaronesian Muscidae (Diptera). II. The genus Limnophora Robineau-Desvoidy with description of a new Canarian endemic species" masterLastPageNumber="127" masterPageNumber="101" pageId="19" pageNumber="120" updateTime="1618346017711" updateUser="ExternalLinkService" zenodo-license-document="CLOSED">
<mods:mods xmlns:mods="http://www.loc.gov/mods/v3">
<mods:titleInfo>
<mods:title>Macaronesian Muscidae (Diptera). II. The genus Limnophora Robineau-Desvoidy with description of a new Canarian endemic species</mods:title>
</mods:titleInfo>
<mods:name type="personal">
<mods:role>
<mods:roleTerm>Author</mods:roleTerm>
</mods:role>
<mods:namePart>Michelsen, Verner</mods:namePart>
</mods:name>
<mods:typeOfResource>text</mods:typeOfResource>
<mods:relatedItem type="host">
<mods:titleInfo>
<mods:title>Zootaxa</mods:title>
</mods:titleInfo>
<mods:part>
<mods:date>2021</mods:date>
<mods:detail type="pubDate">
<mods:number>2021-04-08</mods:number>
</mods:detail>
<mods:detail type="volume">
<mods:number>4952</mods:number>
</mods:detail>
<mods:detail type="issue">
<mods:number>1</mods:number>
</mods:detail>
<mods:extent unit="page">
<mods:start>101</mods:start>
<mods:end>127</mods:end>
</mods:extent>
</mods:part>
</mods:relatedItem>
<mods:classification>journal article</mods:classification>
<mods:identifier type="DOI">https://doi.org/10.11646/zootaxa.4952.1.6</mods:identifier>
<mods:identifier type="GBIF-Dataset">364a2818-9890-4a57-91cd-d5dcf0f36c6f</mods:identifier>
<mods:identifier type="ISSN">1175-5326</mods:identifier>
<mods:identifier type="Zenodo-Dep">4671806</mods:identifier>
<mods:identifier type="ZooBank">5C640B7A-AA7A-435B-93C7-F9AC61A71A9B</mods:identifier>
</mods:mods>
<treatment ID-DOI="http://doi.org/10.5281/zenodo.4685437" ID-Zenodo-Dep="4685437" LSID="urn:lsid:plazi:treatment:039F879D0269FFC957B3FF12FF2176BF" httpUri="http://treatment.plazi.org/id/039F879D0269FFC957B3FF12FF2176BF" lastPageId="20" lastPageNumber="121" pageId="19" pageNumber="120">
<subSubSection box="[151,528,151,178]" pageId="19" pageNumber="120" type="nomenclature">
<paragraph blockId="19.[151,528,151,213]" box="[151,528,151,178]" pageId="19" pageNumber="120">
<heading bold="true" box="[151,528,151,178]" fontSize="11" level="1" pageId="19" pageNumber="120" reason="1">
<taxonomicName authority="Schnabl" authorityName="Schnabl" box="[151,528,151,178]" class="Insecta" family="Muscidae" genus="Limnophora" kingdom="Animalia" order="Diptera" pageId="19" pageNumber="120" phylum="Arthropoda" rank="species" species="setinerva">
<emphasis bold="true" box="[151,528,151,178]" pageId="19" pageNumber="120">
<emphasis bold="true" box="[151,419,151,178]" italics="true" pageId="19" pageNumber="120">Limnophora setinerva</emphasis>
Schnabl
</emphasis>
</taxonomicName>
</heading>
</paragraph>
</subSubSection>
<subSubSection box="[151,305,187,213]" pageId="19" pageNumber="120" type="description">
<paragraph blockId="19.[151,528,151,213]" box="[151,305,187,213]" pageId="19" pageNumber="120">
(
<figureCitation box="[159,297,187,213]" captionStart="FIGURE 11" captionStartId="19.[151,250,1932,1956]" captionTargetBox="[208,1386,380,1880]" captionTargetId="figure-56@19.[168,1420,365,1909]" captionTargetPageId="19" captionText="FIGURE 11. Limnophora setinerva Schnabl (A‒C), L. tigrina (Am Stein) (D‒F). Males. Sternite V (A, F); hypopygium, caudal (B, D) and lateral (C, E). Same scale." figureDoi="http://doi.org/10.5281/zenodo.4671840" httpUri="https://zenodo.org/record/4671840/files/figure.png" pageId="19" pageNumber="120">Figs 11A‒C</figureCitation>
)
</paragraph>
</subSubSection>
<subSubSection pageId="19" pageNumber="120" type="reference_group">
<paragraph blockId="19.[151,1437,255,341]" box="[151,1003,255,280]" pageId="19" pageNumber="120">
<treatmentCitationGroup box="[151,1003,255,280]" pageId="19" pageNumber="120">
“ 
<taxonomicName authority="(Pandelle)" baseAuthorityName="Pandelle" box="[162,488,256,280]" class="Insecta" family="Muscidae" genus="Limnophora" kingdom="Animalia" order="Diptera" pageId="19" pageNumber="120" phylum="Arthropoda" rank="species" species="exsurda">
<emphasis box="[162,373,256,280]" italics="true" pageId="19" pageNumber="120">Limnophora exsurda</emphasis>
(Pandellé)
</taxonomicName>
”; 
<treatmentCitation author="Becker, T." box="[508,701,255,280]" page="195" pageId="19" pageNumber="120" year="1908">
<bibRefCitation author="Becker, T." box="[508,701,255,280]" pageId="19" pageNumber="120" refId="ref17313" refString="Becker, T. (1908 b) Dipteren der Insel Madeira. Mitteilungen aus dem Zoologischen Museum in Berlin, 4,181 - 206. https: // doi. org / 10.5962 / bhl. title. 9273" type="book" year="1908">Becker 1908b: 195</bibRefCitation>
</treatmentCitation>
(
<collectingRegion box="[715,805,256,280]" country="Portugal" name="Madeira" pageId="19" pageNumber="120">Madeira</collectingRegion>
). Misidentification.
</treatmentCitationGroup>
</paragraph>
<paragraph blockId="19.[151,1437,255,341]" pageId="19" pageNumber="120">
<treatmentCitationGroup pageId="19" pageNumber="120">
<taxonomicName authority="Schnabl" authorityName="Schnabl" box="[151,465,286,310]" class="Insecta" family="Muscidae" genus="Limnophora" kingdom="Animalia" order="Diptera" pageId="19" pageNumber="120" phylum="Arthropoda" rank="species" species="setinerva">
<emphasis box="[151,375,286,310]" italics="true" pageId="19" pageNumber="120">Limnophora setinerva</emphasis>
Schnabl
</taxonomicName>
; 
<treatmentCitation author="Frey, R." box="[474,626,286,311]" page="132" pageId="19" pageNumber="120" year="1936">
<bibRefCitation author="Frey, R." box="[474,626,286,311]" pageId="19" pageNumber="120" pagination="1 - 237" refId="ref17783" refString="Frey, R. (1936) Die Dipterenfauna der Kanarischen Inseln und ihre Probleme. Commentationes biologicae, 6, 1 - 237, 10 pls." type="journal article" year="1936">Frey 1936: 132</bibRefCitation>
</treatmentCitation>
(Gran Canaria); Hennig 1959: 379, text fig. 70A, plate figs 191, 278; 
<treatmentCitation author="Baez, M." page="630" pageId="19" pageNumber="120" year="1981">
<bibRefCitation author="Baez, M." pageId="19" pageNumber="120" pagination="619 - 670" refId="ref17198" refString="Baez, M. (1981) Dipteros de Canarias VIII: Tribus Limnophorini y Coenosiini (Dipt., Muscidae). Anuario de Estudios Canaricos, 27, 619 - 670." type="journal article" year="1981">Báez 1981: 630</bibRefCitation>
</treatmentCitation>
, pl. 1 figs 1‒3 (Gran Canaria).
</treatmentCitationGroup>
</paragraph>
</subSubSection>
<caption ID-DOI="http://doi.org/10.5281/zenodo.4671840" ID-Zenodo-Dep="4671840" httpUri="https://zenodo.org/record/4671840/files/figure.png" pageId="19" pageNumber="120" startId="19.[151,250,1932,1956]" targetBox="[208,1386,380,1880]" targetPageId="19">
<paragraph blockId="19.[151,1436,1932,1993]" pageId="19" pageNumber="120">
<emphasis bold="true" box="[151,285,1932,1956]" pageId="19" pageNumber="120">FIGURE 11.</emphasis>
<taxonomicName authority="Schnabl" authorityName="Schnabl" box="[291,602,1933,1957]" class="Insecta" family="Muscidae" genus="Limnophora" kingdom="Animalia" order="Diptera" pageId="19" pageNumber="120" phylum="Arthropoda" rank="species" species="setinerva">
<emphasis box="[291,514,1933,1957]" italics="true" pageId="19" pageNumber="120">Limnophora setinerva</emphasis>
Schnabl
</taxonomicName>
(A‒C), 
<taxonomicName authority="(Am Stein)" authorityName="Baez &amp; Oromi" authorityYear="2010" baseAuthorityName="Am Stein" baseAuthorityYear="1860" box="[683,896,1933,1957]" class="Insecta" family="Muscidae" genus="Limnophora" kingdom="Animalia" order="Diptera" pageId="19" pageNumber="120" phylum="Arthropoda" rank="species" species="tigrina">
<emphasis box="[683,778,1933,1956]" italics="true" pageId="19" pageNumber="120">L. tigrina</emphasis>
(Am Stein)
</taxonomicName>
(D‒F). Males. Sternite V (
<emphasis bold="true" box="[1164,1209,1932,1957]" pageId="19" pageNumber="120">A, F</emphasis>
); hypopygium, caudal (
<emphasis bold="true" box="[160,207,1969,1993]" pageId="19" pageNumber="120">B, D</emphasis>
) and lateral (
<emphasis bold="true" box="[343,391,1968,1993]" pageId="19" pageNumber="120">C, E</emphasis>
). Same scale.
</paragraph>
</caption>
<subSubSection pageId="20" pageNumber="121" type="materials_examined">
<paragraph blockId="20.[151,1437,150,968]" pageId="20" pageNumber="121">
<emphasis bold="true" box="[151,384,150,176]" pageId="20" pageNumber="121">Material examined.</emphasis>
[
<materialsCitation collectingDate="1957-07-01" collectingDateMax="1959-04-18" collectingDateMin="1957-07-01" collectionCode="MZH, NHMD, GRAN, CANARIA, R" country="Andorra, Greece" county="Further" location="Serra de Agua" municipality="Valle de Paraiso" pageId="20" pageNumber="121" specimenCount="36" specimenCount-female="13" specimenCount-male="23">
<collectionCode box="[397,465,151,177]" country="Finland" httpUri="http://grbio.org/cool/2vmj-fp0v" name="Finnish Museum of Natural History" pageId="20" pageNumber="121" type="Museum">MZH</collectionCode>
, 
<collectionCode box="[475,568,150,177]" pageId="20" pageNumber="121">NHMD</collectionCode>
]: 
<emphasis bold="true" box="[584,831,150,176]" pageId="20" pageNumber="121">CANARY ISLANDS</emphasis>
: 
<collectionCode box="[845,1063,150,176]" pageId="20" pageNumber="121">GRAN CANARIA</collectionCode>
: Los Lagunetas, 
<specimenCount box="[1249,1286,150,176]" pageId="20" pageNumber="121" type="male">1♂</specimenCount>
, 
<specimenCount box="[1298,1333,150,176]" pageId="20" pageNumber="121" type="female">4♀</specimenCount>
1931 (
<collectionCode box="[1410,1432,150,176]" country="Chile" name="Departamento de Geologia, Universidad de Chile" pageId="20" pageNumber="121">R</collectionCode>
. Storå); Moya, 
<specimenCount box="[311,346,186,212]" pageId="20" pageNumber="121" type="female">1♀</specimenCount>
1931 (
<collectionCode box="[423,445,186,212]" country="Chile" name="Departamento de Geologia, Universidad de Chile" pageId="20" pageNumber="121">R</collectionCode>
. Storå). LA GOMERA: Cumbre, 
<specimenCount box="[816,851,186,212]" pageId="20" pageNumber="121" type="female">1♀</specimenCount>
1931 (
<collectionCode box="[928,950,186,212]" country="Chile" name="Departamento de Geologia, Universidad de Chile" pageId="20" pageNumber="121">R</collectionCode>
. Storå). 
<emphasis bold="true" box="[1041,1178,186,212]" pageId="20" pageNumber="121">MADEIRA</emphasis>
: São Vicente, 
<specimenCount box="[1337,1386,186,212]" pageId="20" pageNumber="121" type="male">20♂</specimenCount>
[
<specimenCount box="[1400,1436,186,212]" pageId="20" pageNumber="121" type="male">1♂</specimenCount>
dissected], 
<specimenCount box="[278,312,222,248]" pageId="20" pageNumber="121" type="female">6♀</specimenCount>
<date box="[320,462,222,249]" pageId="20" pageNumber="121" value="1957-07-01" valueMax="1957-07-02" valueMin="1957-07-01">
<collectingDate box="[320,462,222,249]" pageId="20" pageNumber="121" value="1957-07-01" valueMax="1957-07-02" valueMin="1957-07-01">1‒2.vii.1957</collectingDate>
</date>
(
<collectorName box="[478,621,222,249]" pageId="20" pageNumber="121">H. Lindberg</collectorName>
); 
<location LSID="urn:lsid:plazi:treatment:039F879D0269FFC957B3FF12FF2176BF:8EE96050026EFFC955A4FF5BFCF2758F" box="[640,803,222,248]" country="Andorra, Greece" county="Further" municipality="Valle de Paraiso" name="Serra de Agua" pageId="20" pageNumber="121">
Serra 
<collectorName box="[707,803,222,248]" pageId="20" pageNumber="121">de Agua</collectorName>
</location>
, 
<specimenCount box="[815,850,222,248]" pageId="20" pageNumber="121" type="male">1♂</specimenCount>
<date box="[857,1027,222,249]" pageId="20" pageNumber="121" value="1957-07-16" valueMax="1957-07-19" valueMin="1957-07-16">
<collectingDate box="[857,1027,222,249]" pageId="20" pageNumber="121" value="1957-07-16" valueMax="1957-07-19" valueMin="1957-07-16">16‒19.vii.1957</collectingDate>
</date>
(
<collectorName box="[1043,1186,222,249]" pageId="20" pageNumber="121">H. Lindberg</collectorName>
); 
<collectingMunicipality box="[1205,1389,222,248]" pageId="20" pageNumber="121">
Valle 
<collectorName box="[1270,1389,222,248]" pageId="20" pageNumber="121">de Paraiso</collectorName>
</collectingMunicipality>
, 
<specimenCount box="[1401,1436,222,248]" pageId="20" pageNumber="121" type="female">1♀</specimenCount>
<date box="[151,269,258,285]" pageId="20" pageNumber="121" value="1959-04-18">
<collectingDate box="[151,269,258,285]" pageId="20" pageNumber="121" value="1959-04-18">18.iv.1959</collectingDate>
</date>
(
<collectorName box="[286,415,258,285]" pageId="20" pageNumber="121">S. Panelius</collectorName>
). 
<collectingCounty box="[433,515,258,284]" pageId="20" pageNumber="121">Further</collectingCounty>
material in 
<collectionCode box="[650,736,259,285]" pageId="20" pageNumber="121">NHMD</collectionCode>
seen from 
<collectingCountry box="[859,1046,258,284]" isEnumeration="true" pageId="20" pageNumber="121">Andorra, Greece</collectingCountry>
and 
<collectingCountry box="[1100,1167,258,284]" name="Spain" pageId="20" pageNumber="121">Spain</collectingCountry>
</materialsCitation>
.
</paragraph>
</subSubSection>
<subSubSection pageId="20" pageNumber="121" type="diagnosis">
<paragraph blockId="20.[151,1437,150,968]" pageId="20" pageNumber="121">
<emphasis bold="true" box="[199,322,294,320]" pageId="20" pageNumber="121">Diagnosis.</emphasis>
Small, wing length 4.0‒ 
<quantity box="[594,673,294,321]" metricMagnitude="-3" metricUnit="m" metricValue="5.1" pageId="20" pageNumber="121" unit="mm" value="5.1">5.1mm</quantity>
. 
<emphasis box="[683,749,294,320]" italics="true" pageId="20" pageNumber="121">Male:</emphasis>
Arista short-pubescent, longest branches maximally 1.5 times greatest width of arista. Frons at narrowest point 1.2‒1.4 times as wide as ocellar tubercle, black frontal vitta at this point 2.8‒4.0 times wider than adjacent silvery white fronto-orbital plates. Parafacial plates silvery white, often light brown on uppermost part. Fronto-orbital plate with 1‒2 setulose proclinate orbitals immediately above row of 5‒6 reclinate frontal setae. Frons lying behind moderately produced facial margin. Thorax light bluish grey pruinose with extensive dark brown pattern on mesonotum involving scutellum and three broad scutal stripes merging for some distance behind the suture. Dorsocentral setae 4 behind the suture; presutural acrostichal field bare except for two close-set rows of setulae. Calypteres whitish, in contrast to brownish tinged wing membrane; vein R 
<subScript attach="left" box="[1311,1337,564,578]" fontSize="6" pageId="20" pageNumber="121">4+5</subScript>
between radial node and crossvein r‒m with 3‒5 widely spaced setulae dorsally and 0‒2 setulae ventrally. Mid femur with 2 subapical 
<emphasis box="[264,292,618,644]" italics="true" pageId="20" pageNumber="121">pd</emphasis>
setae and a complete row of 
<emphasis box="[624,650,619,644]" italics="true" pageId="20" pageNumber="121">pv</emphasis>
setae; mid tibia with 2 
<emphasis box="[916,944,618,644]" italics="true" pageId="20" pageNumber="121">pd</emphasis>
setae. Hind femur with complete 
<emphasis box="[1328,1354,619,644]" italics="true" pageId="20" pageNumber="121">av</emphasis>
and 
<emphasis box="[1410,1436,619,644]" italics="true" pageId="20" pageNumber="121">pv</emphasis>
setal rows. Sternite I bare. Sternite V and hypopygium as in 
<figureCitation box="[833,972,654,680]" captionStart="FIGURE 11" captionStartId="19.[151,250,1932,1956]" captionTargetBox="[208,1386,380,1880]" captionTargetId="figure-56@19.[168,1420,365,1909]" captionTargetPageId="19" captionText="FIGURE 11. Limnophora setinerva Schnabl (A‒C), L. tigrina (Am Stein) (D‒F). Males. Sternite V (A, F); hypopygium, caudal (B, D) and lateral (C, E). Same scale." figureDoi="http://doi.org/10.5281/zenodo.4671840" httpUri="https://zenodo.org/record/4671840/files/figure.png" pageId="20" pageNumber="121">Figs 11A‒C</figureCitation>
. 
<emphasis box="[983,1076,654,680]" italics="true" pageId="20" pageNumber="121">Female:</emphasis>
Broad frons with brown frontal triangle on matt black frontal vitta extended to lunule. Fronto-orbital plates with 2 reclinate orbital setae and 4 inclinate frontal setae, often brown pruinose on upper part. Thorax light grey pruinose with brown mesonotal pattern often less extensive and on scutellum restricted to latero-basal corners. Mid femur with 2 subapical 
<emphasis box="[1344,1372,762,788]" italics="true" pageId="20" pageNumber="121">pd</emphasis>
setae and basally with a single 
<emphasis box="[444,470,799,824]" italics="true" pageId="20" pageNumber="121">pv</emphasis>
seta; hind femur on distal part with 1‒4 
<emphasis box="[941,967,799,824]" italics="true" pageId="20" pageNumber="121">av</emphasis>
and 0‒3 
<emphasis box="[1076,1102,799,824]" italics="true" pageId="20" pageNumber="121">pv</emphasis>
setae. Ovipositor resembling those of 
<taxonomicName baseAuthorityName="Stein" baseAuthorityYear="1908" box="[247,397,834,860]" class="Insecta" family="Muscidae" genus="Limnophora" kingdom="Animalia" order="Diptera" pageId="20" pageNumber="121" phylum="Arthropoda" rank="species" species="bipunctata">
<emphasis box="[247,397,834,860]" italics="true" pageId="20" pageNumber="121">L. bipunctata</emphasis>
</taxonomicName>
and 
<taxonomicName baseAuthorityName="Fallen" baseAuthorityYear="1824" box="[451,559,835,860]" class="Insecta" family="Muscidae" genus="Limnophora" kingdom="Animalia" order="Diptera" pageId="20" pageNumber="121" phylum="Arthropoda" rank="species" species="riparia">
<emphasis box="[451,559,835,860]" italics="true" pageId="20" pageNumber="121">L. riparia</emphasis>
</taxonomicName>
, but proportionally a little shorter and thicker. See 
<tableCitation box="[1129,1212,834,860]" captionStart="Table 1" captionStartId="6.[151,214,575,601]" captionTargetBox="[159,1920,612,1616]" captionTargetId="graphics-40@6.[151,1932,752,1617]" captionText="Table 1. Matrix of 11 characters and their states (different colours) derived from the ovipositor and scored for 12 species of Limnophora." pageId="20" pageNumber="121">Table 1</tableCitation>
for more ovipositor characters.
</paragraph>
</subSubSection>
<subSubSection pageId="20" pageNumber="121" type="distribution">
<paragraph blockId="20.[151,1437,150,968]" pageId="20" pageNumber="121">
<emphasis bold="true" box="[199,353,906,932]" pageId="20" pageNumber="121">Distribution.</emphasis>
Canary Is.: Gran Canaria, La Gomera; 
<collectingRegion box="[803,900,906,932]" country="Portugal" name="Madeira" pageId="20" pageNumber="121">Madeira</collectingRegion>
. A widespread southern Palearctic and 
<collectingRegion box="[1344,1436,906,932]" country="Morocco" name="Oriental" pageId="20" pageNumber="121">Oriental</collectingRegion>
species.
</paragraph>
</subSubSection>
</treatment>
</document>