<document ID-DOI="http://doi.org/10.5281/zenodo.4546362" ID-GBIF-Dataset="0ed6e9be-9b55-4373-afa6-f29188a8ac56" ID-ISSN="1175-5326" ID-Zenodo-Dep="4546362" ID-ZooBank="1105DBA2-56B0-4D93-8BFA-DDF75E503ABE" _generate="added" checkinTime="1612958016559" checkinUser="plazi" docAuthor="Beljaev, Evgeny A., Choi, Sei-Woong &amp; Kuzmin, Aleksandr A." docDate="2021" docId="03A0721BFFB3FF94FF42BC8409CAFD60" docLanguage="en" docName="zootaxa.4926.4.8.pdf" docOrigin="Zootaxa 4926 (4)" docStyle="DocumentStyle:647186512141C8FC8976D5BCC54AEB7D.6:Zootaxa.2013.journal_article" docStyleId="647186512141C8FC8976D5BCC54AEB7D" docStyleName="Zootaxa.2013.journal_article" docStyleVersion="6" docTitle="Zaranga koreana Beljaev &amp; Choi &amp; Kuzmin 2021, sp. nov." docType="treatment" docVersion="8" lastPageId="5" lastPageNumber="582" masterDocId="FF990A63FFB0FF91FFD5BC130B6FFF91" masterDocTitle="Notes on the genus Zaranga Moore with description of a new species in the Zaranga pannosa species group (Lepidoptera: Notodontidae)" masterLastPageNumber="589" masterPageNumber="577" pageId="3" pageNumber="580" updateTime="1617820595307" updateUser="diego" zenodo-license-document="CLOSED">
<mods:mods xmlns:mods="http://www.loc.gov/mods/v3">
<mods:titleInfo>
<mods:title>Notes on the genus Zaranga Moore with description of a new species in the Zaranga pannosa species group (Lepidoptera: Notodontidae)</mods:title>
</mods:titleInfo>
<mods:name type="personal">
<mods:role>
<mods:roleTerm>Author</mods:roleTerm>
</mods:role>
<mods:namePart>Beljaev, Evgeny A.</mods:namePart>
<mods:affiliation>Federal Scientific Center of the East Asia Terrestrial Biodiversity, Far Eastern Branch of the Russian Academy of Sciences, Vladivostok, Russia.</mods:affiliation>
</mods:name>
<mods:name type="personal">
<mods:role>
<mods:roleTerm>Author</mods:roleTerm>
</mods:role>
<mods:namePart>Choi, Sei-Woong</mods:namePart>
<mods:affiliation>Department of Environmental Education, Mokpo National University, Muan, Jeonnam 58554, South Korea</mods:affiliation>
</mods:name>
<mods:name type="personal">
<mods:role>
<mods:roleTerm>Author</mods:roleTerm>
</mods:role>
<mods:namePart>Kuzmin, Aleksandr A.</mods:namePart>
<mods:affiliation>All-Russian Scientific Research Institute of Soybean, Blagoveshchensk, Russia.</mods:affiliation>
</mods:name>
<mods:typeOfResource>text</mods:typeOfResource>
<mods:relatedItem type="host">
<mods:titleInfo>
<mods:title>Zootaxa</mods:title>
</mods:titleInfo>
<mods:part>
<mods:date>2021</mods:date>
<mods:detail type="pubDate">
<mods:number>2021-02-10</mods:number>
</mods:detail>
<mods:detail type="volume">
<mods:number>4926</mods:number>
</mods:detail>
<mods:detail type="issue">
<mods:number>4</mods:number>
</mods:detail>
<mods:extent unit="page">
<mods:start>577</mods:start>
<mods:end>589</mods:end>
</mods:extent>
</mods:part>
</mods:relatedItem>
<mods:classification>journal article</mods:classification>
<mods:identifier type="DOI">https://doi.org/10.11646/zootaxa.4926.4.8</mods:identifier>
<mods:identifier type="GBIF-Dataset">0ed6e9be-9b55-4373-afa6-f29188a8ac56</mods:identifier>
<mods:identifier type="ISSN">1175-5326</mods:identifier>
<mods:identifier type="Zenodo-Dep">4529748</mods:identifier>
<mods:identifier type="ZooBank">1105DBA2-56B0-4D93-8BFA-DDF75E503ABE</mods:identifier>
</mods:mods>
<treatment ID-DOI="http://doi.org/10.5281/zenodo.4546362" ID-Zenodo-Dep="4546362" LSID="urn:lsid:plazi:treatment:03A0721BFFB3FF94FF42BC8409CAFD60" httpUri="http://treatment.plazi.org/id/03A0721BFFB3FF94FF42BC8409CAFD60" lastPageId="5" lastPageNumber="582" pageId="3" pageNumber="580">
<subSubSection box="[151,670,151,178]" pageId="3" pageNumber="580" type="nomenclature">
<paragraph blockId="3.[151,670,151,213]" box="[151,670,151,178]" pageId="3" pageNumber="580">
<emphasis bold="true" box="[151,670,151,178]" italics="true" pageId="3" pageNumber="580">
<taxonomicName authority="Beljaev &amp; Choi" authorityName="Beljaev &amp; Choi &amp; Kuzmin" authorityYear="2021" box="[151,564,151,178]" class="Insecta" family="Notodontidae" genus="Zaranga" kingdom="Animalia" order="Lepidoptera" pageId="3" pageNumber="580" phylum="Arthropoda" rank="species" species="koreana" status="sp. nov.">Zaranga koreana Beljaev &amp; Choi</taxonomicName>
, 
<taxonomicNameLabel box="[577,670,151,177]" pageId="3" pageNumber="580" rank="species">sp. nov.</taxonomicNameLabel>
</emphasis>
</paragraph>
</subSubSection>
<subSubSection box="[151,422,187,213]" pageId="3" pageNumber="580" type="description">
<paragraph blockId="3.[151,670,151,213]" box="[151,422,187,213]" pageId="3" pageNumber="580">
(
<figureCitation box="[159,259,187,213]" captionStart="FIGURES 1–6" captionStartId="4.[151,264,1576,1600]" captionTargetBox="[151,1436,414,1548]" captionTargetId="figure-143@4.[151,1436,414,1549]" captionTargetPageId="4" captionText="FIGURES 1–6. Moths of Zaranga. 1–4—Zaranga koreana sp. nov.: 1—Jirisan, male, holotype; 2—Jirisan, female, paratype; 3—Hallasan, male, paratype; 2—Hallasan, female, paratype. 5, 6—Zaranga tukuringra: 5—male, Urusha; 6—female, Zeyskii Reserve. Scale-bar 10 mm." figureDoi="http://doi.org/10.5281/zenodo.4529750" httpUri="https://zenodo.org/record/4529750/files/figure.png" pageId="3" pageNumber="580">Figs 1–4</figureCitation>
, 
<figureCitation box="[272,330,187,213]" captionStart-0="FIGURES 7–10" captionStart-1="FIGURES 11–19" captionStartId-0="5.[151,264,1464,1488]" captionStartId-1="6.[151,264,1688,1712]" captionTargetBox-0="[161,1425,781,1434]" captionTargetBox-1="[159,1422,171,1655]" captionTargetId-0="figure-270@5.[157,1431,777,1441]" captionTargetId-1="figure-23@6.[151,1436,159,1665]" captionTargetPageId-0="5" captionTargetPageId-1="6" captionText-0="FIGURES 7–10. Wing venation in Zaranga. 7, 8—Zaranga tukuringra, fore and hind wings. 9, 10—Zaranga koreana, hind wings. 7, 9—males, 8, 10—females. Red lines indicates difference in the wing venation." captionText-1="FIGURES 11–19. Male genitala of Zaranga. 11–14—Zaranga koreana sp. nov.: 11, 12—Jirisan, paratype; 13, 14—Hallasan, paratype Scale bar 5mm. 15–19—Zaranga tukuringra, Zeyskii Reserve. 11, 13, 15—the genital segment, ventral view, phallus removed; 12, 14, 18—phallus, ventral view, vesica everted; 16—uncus and socii, lateral view; 17—left valva, medial view, with medial harpe turned dorsad. Scale bar 1 mm." figureDoi-0="http://doi.org/10.5281/zenodo.4529752" figureDoi-1="http://doi.org/10.5281/zenodo.4529754" httpUri-0="https://zenodo.org/record/4529752/files/figure.png" httpUri-1="https://zenodo.org/record/4529754/files/figure.png" pageId="3" pageNumber="580">9–14</figureCitation>
, 
<figureCitation box="[342,413,187,213]" captionStart="FIGURES 20–23" captionStartId="7.[151,264,1372,1396]" captionTargetBox="[163,1436,430,1332]" captionTargetId="figure-159@7.[151,1436,417,1349]" captionTargetPageId="7" captionText="FIGURES 20–23. Female abdominal terminalia of Zaranga, ventral view. 20, 21—Zaranga koreana sp. nov., the genitalia with posterior margin of 8th abdominal sternite: 20—Jirisan, paratype, median portion of lamella postvaginalis is turned ventrad; 21—Hallasan, paratype; 22, 23—Zaranga tukuringra, Zeyskii Reserve: 22—female genitalia; 23—posterior portion of 8th abdominal sternite. Scale bar 1 mm." figureDoi="http://doi.org/10.5281/zenodo.4529758" httpUri="https://zenodo.org/record/4529758/files/figure.png" pageId="3" pageNumber="580">20, 21</figureCitation>
)
</paragraph>
</subSubSection>
<subSubSection pageId="3" pageNumber="580" type="reference_group">
<paragraph blockId="3.[151,1437,256,402]" pageId="3" pageNumber="580">
<treatmentCitationGroup box="[151,1437,256,280]" pageId="3" pageNumber="580">
<treatmentCitation author="Schintlmeister, A." box="[151,608,256,280]" page="209" pageId="3" pageNumber="580" year="1989">
<taxonomicName authority=": Schintlmeister, 1989: 209" authorityName=": Schintlmeister" authorityPageNumber="209" authorityYear="1989" box="[151,608,256,280]" class="Insecta" family="Notodontidae" genus="Zaranga" kingdom="Animalia" order="Lepidoptera" pageId="3" pageNumber="580" phylum="Arthropoda" rank="species" species="pannosa">
<emphasis box="[151,331,256,279]" italics="true" pageId="3" pageNumber="580">Zaranga pannosa</emphasis>
: 
<bibRefCitation author="Schintlmeister, A." box="[345,608,256,280]" pageId="3" pageNumber="580" pagination="206 - 226" refId="ref8926" refString="Schintlmeister, A. (1989) Ein Beitrag zur Zahnspinnerfauna der koreanischen Halbinsel (Lepidoptera, Notodontidae). Nota Lepidopterologica, 12 (3), 206 - 226. [in German]" type="journal article" year="1989">Schintlmeister, 1989: 209</bibRefCitation>
</taxonomicName>
</treatmentCitation>
, abb. 1: 1, 2 (moths); 
<treatmentCitation author="Park, K. T. &amp; Kim, S. S. &amp; Tshistjakov, Yu. A. &amp; Kwon, Y. D." box="[834,1049,256,280]" page="189" pageId="3" pageNumber="580" year="1999">
<bibRefCitation author="Park, K. T. &amp; Kim, S. S. &amp; Tshistjakov, Yu. A. &amp; Kwon, Y. D." box="[834,1049,256,280]" pageId="3" pageNumber="580" pagination="1 - 23" refId="ref8633" refString="Park, K. T., Kim, S. S., Tshistjakov, Yu. A. &amp; Kwon, Y. D. (1999) Illustrated Catalogue of Moths of Korea (I) (Sphingidae, Bombicoidea, Notodontidae). In: Park, K. T. (Ed.), Insects of Korea. Series 4. Seoul, South Korea: Korea Research Institute of Bioscience and Biotechnology &amp; Center for Insect Systematics, pp. i-iv + 1 - 359, pls. 1 - 23. [in Korean &amp; English]" type="book chapter" year="1999">
Park 
<emphasis box="[888,933,256,280]" italics="true" pageId="3" pageNumber="580">et al</emphasis>
. 1999: 189
</bibRefCitation>
</treatmentCitation>
(also figure of the male genitalia), pl.
</treatmentCitationGroup>
15: figs 98a, 98b (moths); nec 
<bibRefCitation author="Moore, F." box="[509,644,286,310]" pageId="3" pageNumber="580" pagination="355 - 376" refId="ref8601" refString="Moore, F. (1884) Descriptions of new species of Indian Lepidoptera-Heterocera. Transactions of the Entomological Society of London, 1884 (3), 355 - 376." type="journal article" year="1884">Moore, 1884</bibRefCitation>
.
</paragraph>
<paragraph blockId="3.[151,1437,256,402]" box="[151,1190,317,341]" pageId="3" pageNumber="580">
<taxonomicName authority=": Wu &amp; Fang, 2003: 105" authorityName=": Wu &amp; Fang" authorityPageNumber="105" authorityYear="2003" box="[151,590,317,341]" class="Insecta" family="Notodontidae" genus="Zaranga" kingdom="Animalia" order="Lepidoptera" pageId="3" pageNumber="580" phylum="Arthropoda" rank="species" species="citrinaria">
<emphasis box="[151,342,318,341]" italics="true" pageId="3" pageNumber="580">Zaranga citrinaria</emphasis>
: 
<bibRefCitation author="Wu, C. S. &amp; Fang, C. L." box="[355,590,317,341]" pageId="3" pageNumber="580" refId="ref9313" refString="Wu, C. S. &amp; Fang, C. L. (2003) Lepidoptera, Notodontidae. Fauna sinica (Insecta). Vol. 31. Science Press, Beijing, 27 + 952 pp. [in Chinese]" type="book" year="2003">Wu &amp; Fang, 2003: 105</bibRefCitation>
</taxonomicName>
, fig. 30 (male genitalia), pl. I: 10 (moth); nec 
<bibRefCitation author="Gaede, M." box="[1055,1187,317,341]" pageId="3" pageNumber="580" pagination="173 - 186" refId="ref8044" refString="Gaede, M. (1933) Notodontidae. In: Seitz, A. (Ed.), Die Gross-Schmetterlinge der Erde. Band 2. Supplement. Palaearktische Spinner und Schwamer. A. Kernen, Stuttgart, pp. 173 - 186. [in German] https: // doi. org / 10.5962 / bhl. title. 9400" type="book chapter" year="1933">Gaede, 1933</bibRefCitation>
.
</paragraph>
<paragraph blockId="3.[151,1437,256,402]" pageId="3" pageNumber="580">
<taxonomicName authority=": Schintlmeister, 2008: 37" authorityName=": Schintlmeister" authorityPageNumber="37" authorityYear="2008" box="[151,620,348,372]" class="Insecta" family="Notodontidae" genus="Zaranga" kingdom="Animalia" order="Lepidoptera" pageId="3" pageNumber="580" phylum="Arthropoda" rank="species" species="tukuringra">
<emphasis box="[151,354,348,372]" italics="true" pageId="3" pageNumber="580">Zaranga tukuringra</emphasis>
: 
<bibRefCitation author="Schintlmeister, A." box="[369,620,348,372]" pageId="3" pageNumber="580" refId="ref8962" refString="Schintlmeister, A. (2008) Palaearctic Macrolepidoptera. Vol. 1. Notodontidae. Apollo Books, Stenstrup, 482 pp. https: // doi. org / 10.1163 / 9789004260993" type="book" year="2008">Schintlmeister, 2008: 37</bibRefCitation>
</taxonomicName>
, figs 66, 67 (male and female genitalia), pl. 2: 16 (moths); nec Streltzov &amp; Yakovlev, 2007.
</paragraph>
</subSubSection>
<subSubSection pageId="3" pageNumber="580" type="materials_examined">
<paragraph blockId="3.[151,1437,448,2023]" pageId="3" pageNumber="580">
<emphasis bold="true" box="[151,328,448,475]" pageId="3" pageNumber="580">Type material.</emphasis>
<materialsCitation collectorName="Nang-Hee Kim" country="South Korea" elevation="660" latitude="35.291943" location="Mt. Jirisan" longLatPrecision="19" longitude="127.49416" municipality="Gurye-gun" pageId="3" pageNumber="580" specimenCount="1" stateProvince="Jeonnam" typeStatus="holotype">
<typeStatus box="[337,445,448,474]" pageId="3" pageNumber="580">Holotype</typeStatus>
. ♂, 
<emphasis bold="true" box="[496,570,449,475]" pageId="3" pageNumber="580">
<collectingCountry box="[496,570,449,475]" name="South Korea" pageId="3" pageNumber="580">Korea</collectingCountry>
</emphasis>
: 
<emphasis bold="true" box="[587,596,449,475]" pageId="3" pageNumber="580">[</emphasis>
<collectingRegion box="[597,700,448,475]" country="South Korea" name="Jeonnam" pageId="3" pageNumber="580">Jeonnam</collectingRegion>
] 
<collectingMunicipality box="[715,839,449,475]" pageId="3" pageNumber="580">Gurye-gun</collectingMunicipality>
, 
<location LSID="urn:lsid:plazi:treatment:03A0721BFFB3FF94FF42BC8409CAFD60:8ED695D6FFB3FF92FC80BDD208BDFE4B" box="[853,978,448,475]" country="South Korea" latitude="35.291943" longLatPrecision="19" longitude="127.49416" municipality="Gurye-gun" name="Mt. Jirisan" pageId="3" pageNumber="580" stateProvince="Jeonnam">Mt. Jirisan</location>
, 
<geoCoordinate box="[992,1131,448,475]" degrees="35" direction="north" minutes="17" orientation="latitude" pageId="3" pageNumber="580" precision="15" seconds="31" value="35.291943">35°17’31”N</geoCoordinate>
, 
<geoCoordinate box="[1146,1296,449,475]" degrees="127" direction="east" minutes="29" orientation="longitude" pageId="3" pageNumber="580" precision="15" seconds="39" value="127.49416">127°29’39”E</geoCoordinate>
, 
<elevation box="[1311,1437,448,474]" metricMagnitude="2" metricUnit="m" metricValue="6.6" pageId="3" pageNumber="580" unit="m" value="660.0">
<quantity box="[1311,1374,448,474]" metricMagnitude="2" metricUnit="m" metricValue="6.6" pageId="3" pageNumber="580" unit="m" value="660.0">660m</quantity>
a.s.l.
</elevation>
16.05.201 3, 
<collectorName box="[291,463,484,511]" pageId="3" pageNumber="580">Nang-Hee Kim</collectorName>
legit.
</materialsCitation>
</paragraph>
<paragraph blockId="3.[151,1437,448,2023]" pageId="3" pageNumber="580">
<typeStatus box="[199,312,521,547]" pageId="3" pageNumber="580">Paratypes</typeStatus>
: 8♂♂, 
<materialsCitation collectorName="Sei-Woong Choi" elevation="1074" latitude="35.305832" location="Mt. Jirisan" longLatPrecision="19" longitude="127.5125" municipality="Gurye-gun" pageId="3" pageNumber="580" specimenCount="3" specimenCount-female="3" stateProvince="Jeonnam" typeStatus="paratype">
<specimenCount box="[409,467,521,547]" pageId="3" pageNumber="580" type="female">3♀♀</specimenCount>
: 1♂ 
<emphasis bold="true" box="[537,546,521,547]" pageId="3" pageNumber="580">[</emphasis>
<collectingRegion box="[546,649,520,547]" country="South Korea" name="Jeonnam" pageId="3" pageNumber="580">Jeonnam</collectingRegion>
] 
<collectingMunicipality box="[670,794,521,547]" pageId="3" pageNumber="580">Gurye-gun</collectingMunicipality>
, 
<location LSID="urn:lsid:plazi:treatment:03A0721BFFB3FF94FF42BC8409CAFD60:8ED695D6FFB3FF92FCF8BE1A08DFFDB3" box="[813,944,520,547]" latitude="35.305832" longLatPrecision="19" longitude="127.5125" municipality="Gurye-gun" name="Mt. Jirisan" pageId="3" pageNumber="580" stateProvince="Jeonnam">Mt. Jirisan</location>
, 
<geoCoordinate box="[963,1102,520,547]" degrees="35" direction="north" minutes="18" orientation="latitude" pageId="3" pageNumber="580" precision="15" seconds="21" value="35.305832">35°18’21”N</geoCoordinate>
, 
<geoCoordinate box="[1122,1272,520,547]" degrees="127" direction="east" minutes="30" orientation="longitude" pageId="3" pageNumber="580" precision="15" seconds="45" value="127.5125">127°30’45”E</geoCoordinate>
, 
<elevation box="[1292,1437,520,547]" metricMagnitude="3" metricUnit="m" metricValue="1.074" pageId="3" pageNumber="580" unit="m" value="1074.0">
<quantity box="[1292,1370,521,547]" metricMagnitude="3" metricUnit="m" metricValue="1.074" pageId="3" pageNumber="580" unit="m" value="1074.0">1074m</quantity>
a.s.l.
</elevation>
03.05.201 1, 
<collectorName box="[291,479,556,582]" pageId="3" pageNumber="580">Sei-Woong Choi</collectorName>
legit
</materialsCitation>
; 
<materialsCitation collectorName="Jeong-Seop An" elevation="660" latitude="35.291943" location="Mt. Jirisan" longLatPrecision="19" longitude="127.49416" municipality="Gurye-gun" pageId="3" pageNumber="580" specimenCount="1" specimenCount-female="1" stateProvince="Jeonnam" typeStatus="paratype">
<specimenCount box="[554,588,557,583]" pageId="3" pageNumber="580" type="female">1♀</specimenCount>
<emphasis bold="true" box="[597,606,557,583]" pageId="3" pageNumber="580">[</emphasis>
<collectingRegion box="[606,709,556,583]" country="South Korea" name="Jeonnam" pageId="3" pageNumber="580">Jeonnam</collectingRegion>
] 
<collectingMunicipality box="[723,847,557,583]" pageId="3" pageNumber="580">Gurye-gun</collectingMunicipality>
, 
<location LSID="urn:lsid:plazi:treatment:03A0721BFFB3FF94FF42BC8409CAFD60:8ED695D6FFB3FF92FC89BE3E08B7FDD7" box="[860,984,556,583]" latitude="35.291943" longLatPrecision="19" longitude="127.49416" municipality="Gurye-gun" name="Mt. Jirisan" pageId="3" pageNumber="580" stateProvince="Jeonnam">Mt. Jirisan</location>
, 
<geoCoordinate box="[996,1136,556,583]" degrees="35" direction="north" minutes="17" orientation="latitude" pageId="3" pageNumber="580" precision="15" seconds="31" value="35.291943">35°17’31”N</geoCoordinate>
, 
<geoCoordinate box="[1149,1299,557,583]" degrees="127" direction="east" minutes="29" orientation="longitude" pageId="3" pageNumber="580" precision="15" seconds="39" value="127.49416">127°29’39”E</geoCoordinate>
, 
<elevation box="[1312,1437,556,582]" metricMagnitude="2" metricUnit="m" metricValue="6.6" pageId="3" pageNumber="580" unit="m" value="660.0">
<quantity box="[1312,1376,556,582]" metricMagnitude="2" metricUnit="m" metricValue="6.6" pageId="3" pageNumber="580" unit="m" value="660.0">660m</quantity>
a.s.l.
</elevation>
16.05.201 3, 
<collectorName box="[294,466,593,619]" pageId="3" pageNumber="580">Jeong-Seop An</collectorName>
legit
</materialsCitation>
; 
<materialsCitation collectorName="Jin Lee" elevation="760" latitude="35.355" location="Mt. Jirisan" longLatPrecision="19" longitude="127.63555" municipality="Hamyang-gun" pageId="3" pageNumber="580" specimenCount="1" specimenCount-female="1" stateProvince="Jeonnam" typeStatus="paratype">
<specimenCount box="[543,577,593,619]" pageId="3" pageNumber="580" type="female">1♀</specimenCount>
[Gyungnam] 
<collectingMunicipality box="[739,902,593,619]" pageId="3" pageNumber="580">Hamyang-gun</collectingMunicipality>
, 
<location LSID="urn:lsid:plazi:treatment:03A0721BFFB3FF94FF42BC8409CAFD60:8ED695D6FFB3FF92FC41BE420F7EFDFB" box="[916,1041,592,619]" latitude="35.355" longLatPrecision="19" longitude="127.63555" municipality="Hamyang-gun" name="Mt. Jirisan" pageId="3" pageNumber="580" stateProvince="Jeonnam">Mt. Jirisan</location>
, 
<geoCoordinate box="[1055,1194,592,619]" degrees="35" direction="north" minutes="21" orientation="latitude" pageId="3" pageNumber="580" precision="15" seconds="18" value="35.355">35°21’18”N</geoCoordinate>
, 
<geoCoordinate box="[1208,1359,593,619]" degrees="127" direction="east" minutes="38" orientation="longitude" pageId="3" pageNumber="580" precision="15" seconds="08" value="127.63555">127°38’08”E</geoCoordinate>
, 
<elevation metricMagnitude="2" metricUnit="m" metricValue="7.6" pageId="3" pageNumber="580" unit="m" value="760.0">
<quantity box="[1372,1436,592,618]" metricMagnitude="2" metricUnit="m" metricValue="7.6" pageId="3" pageNumber="580" unit="m" value="760.0">760m</quantity>
a.s.l.
</elevation>
7.06.201 2, 
<collectorName box="[336,418,628,655]" pageId="3" pageNumber="580">Jin Lee</collectorName>
legit
</materialsCitation>
; 
<materialsCitation collectorName="Sei-Woong Choi" elevation="499" latitude="33.3325" location="Mt. Hallasan" longLatPrecision="20" longitude="126.60694" municipality="Seogwipo" pageId="3" pageNumber="580" specimenCount="1" stateProvince="Jeju" typeStatus="paratype">
2♂ [
<collectingRegion box="[538,589,628,655]" country="South Korea" name="Jeju" pageId="3" pageNumber="580">Jeju</collectingRegion>
] 
<collectingMunicipality box="[603,718,628,654]" pageId="3" pageNumber="580">Seogwipo</collectingMunicipality>
, 
<location LSID="urn:lsid:plazi:treatment:03A0721BFFB3FF94FF42BC8409CAFD60:8ED695D6FFB3FF92FD0CBE67080AFD1F" box="[729,869,628,654]" latitude="33.3325" longLatPrecision="20" longitude="126.60694" municipality="Seogwipo" name="Mt. Hallasan" pageId="3" pageNumber="580" stateProvince="Jeju">Mt.Hallasan</location>
, 
<geoCoordinate box="[881,1020,628,655]" degrees="33" direction="north" minutes="19" orientation="latitude" pageId="3" pageNumber="580" precision="15" seconds="57" value="33.3325">33°19’57”N</geoCoordinate>
, 
<geoCoordinate box="[1032,1182,628,655]" degrees="126" direction="east" minutes="36" orientation="longitude" pageId="3" pageNumber="580" precision="15" seconds="25" value="126.60694">126°36’25”E</geoCoordinate>
, 
<elevation box="[1194,1318,628,655]" metricMagnitude="2" metricUnit="m" metricValue="4.99" pageId="3" pageNumber="580" unit="m" value="499.0">
<quantity box="[1194,1258,629,655]" metricMagnitude="2" metricUnit="m" metricValue="4.99" pageId="3" pageNumber="580" unit="m" value="499.0">499m</quantity>
a.s.l.
</elevation>
6.09.201 3 
<collectorName box="[151,339,664,690]" pageId="3" pageNumber="580">Sei-Woong Choi</collectorName>
legit
</materialsCitation>
; 
<materialsCitation collectorName="Sei-Woong Choi" elevation="744" latitude="33.385002" location="Mt. Hallasan" longLatPrecision="20" longitude="126.620834" pageId="3" pageNumber="580" specimenCount="1" stateProvince="Jeju" typeStatus="paratype">
2♂ [
<collectingRegion box="[463,514,664,691]" country="South Korea" name="Jeju" pageId="3" pageNumber="580">Jeju</collectingRegion>
] 
<collectingRegion box="[529,577,664,690]" country="South Korea" name="Jeju" pageId="3" pageNumber="580">Jeju</collectingRegion>
, 
<location LSID="urn:lsid:plazi:treatment:03A0721BFFB3FF94FF42BC8409CAFD60:8ED695D6FFB3FF92FD98BE8B09B6FD23" box="[589,729,664,690]" latitude="33.385002" longLatPrecision="20" longitude="126.620834" name="Mt. Hallasan" pageId="3" pageNumber="580" stateProvince="Jeju">Mt.Hallasan</location>
, 
<geoCoordinate box="[742,881,664,690]" degrees="33" direction="north" minutes="23" orientation="latitude" pageId="3" pageNumber="580" precision="15" seconds="06" value="33.385002">33°23’06”N</geoCoordinate>
, 
<geoCoordinate box="[894,1045,664,691]" degrees="126" direction="east" minutes="37" orientation="longitude" pageId="3" pageNumber="580" precision="15" seconds="15" value="126.620834">126°37’15”E</geoCoordinate>
, 
<elevation box="[1058,1182,664,691]" metricMagnitude="2" metricUnit="m" metricValue="7.44" pageId="3" pageNumber="580" unit="m" value="744.0">
<quantity box="[1058,1121,665,691]" metricMagnitude="2" metricUnit="m" metricValue="7.44" pageId="3" pageNumber="580" unit="m" value="744.0">744m</quantity>
a.s.l.
</elevation>
6.09.201 3, 5.06.201 4, 
<collectorName box="[151,339,700,726]" pageId="3" pageNumber="580">Sei-Woong Choi</collectorName>
legit
</materialsCitation>
; 
<materialsCitation collectorName="Sei-Woong Choi" elevation="966" latitude="33.391945" location="Mt. Hallasan" longLatPrecision="20" longitude="126.486664" pageId="3" pageNumber="580" specimenCount="1" stateProvince="Jeju" typeStatus="paratype">
2♂ [
<collectingRegion box="[463,514,700,727]" country="South Korea" name="Jeju" pageId="3" pageNumber="580">Jeju</collectingRegion>
] 
<collectingRegion box="[529,577,700,726]" country="South Korea" name="Jeju" pageId="3" pageNumber="580">Jeju</collectingRegion>
, 
<location LSID="urn:lsid:plazi:treatment:03A0721BFFB3FF94FF42BC8409CAFD60:8ED695D6FFB3FF92FD98BEAF09B6FD47" box="[589,729,700,726]" latitude="33.391945" longLatPrecision="20" longitude="126.486664" name="Mt. Hallasan" pageId="3" pageNumber="580" stateProvince="Jeju">Mt.Hallasan</location>
, 
<geoCoordinate box="[742,881,701,727]" degrees="33" direction="north" minutes="23" orientation="latitude" pageId="3" pageNumber="580" precision="15" seconds="31" value="33.391945">33°23’31”N</geoCoordinate>
, 
<geoCoordinate box="[894,1045,700,726]" degrees="126" direction="east" minutes="29" orientation="longitude" pageId="3" pageNumber="580" precision="15" seconds="12" value="126.486664">126°29’12”E</geoCoordinate>
, 
<elevation box="[1058,1182,700,726]" metricMagnitude="2" metricUnit="m" metricValue="9.66" pageId="3" pageNumber="580" unit="m" value="966.0">
<quantity box="[1058,1121,700,726]" metricMagnitude="2" metricUnit="m" metricValue="9.66" pageId="3" pageNumber="580" unit="m" value="966.0">966m</quantity>
a.s.l.
</elevation>
6.09.201 3, 5.06.201 4, 
<collectorName box="[151,339,736,762]" pageId="3" pageNumber="580">Sei-Woong Choi</collectorName>
legit
</materialsCitation>
; 1♂, 
<materialsCitation collectorName="Sei-Woong Choi" elevation="636" latitude="33.36972" location="Mt. Hallasan" longLatPrecision="20" longitude="126.62556" municipality="Seogwipo" pageId="3" pageNumber="580" specimenCount="1" specimenCount-female="1" stateProvince="Jeju" typeStatus="paratype">
<specimenCount box="[465,500,737,763]" pageId="3" pageNumber="580" type="female">1♀</specimenCount>
[
<collectingRegion box="[515,566,736,763]" country="South Korea" name="Jeju" pageId="3" pageNumber="580">Jeju</collectingRegion>
] 
<collectingMunicipality box="[581,696,736,762]" pageId="3" pageNumber="580">Seogwipo</collectingMunicipality>
, 
<location LSID="urn:lsid:plazi:treatment:03A0721BFFB3FF94FF42BC8409CAFD60:8ED695D6FFB3FF92FD11BEF3083EFD6B" box="[708,849,736,762]" latitude="33.36972" longLatPrecision="20" longitude="126.62556" municipality="Seogwipo" name="Mt. Hallasan" pageId="3" pageNumber="580" stateProvince="Jeju">Mt.Hallasan</location>
, 
<geoCoordinate box="[862,1000,737,763]" degrees="33" direction="north" minutes="22" orientation="latitude" pageId="3" pageNumber="580" precision="15" seconds="11" value="33.36972">33°22’11”N</geoCoordinate>
, 
<geoCoordinate box="[1013,1163,736,762]" degrees="126" direction="east" minutes="37" orientation="longitude" pageId="3" pageNumber="580" precision="15" seconds="32" value="126.62556">126°37’32”E</geoCoordinate>
, 
<elevation box="[1177,1309,736,763]" metricMagnitude="2" metricUnit="m" metricValue="6.36" pageId="3" pageNumber="580" unit="m" value="636.0">
<quantity box="[1177,1248,736,763]" metricMagnitude="2" metricUnit="m" metricValue="6.36" pageId="3" pageNumber="580" unit="m" value="636.0">636 m</quantity>
a.s.l.
</elevation>
8.09.201 7, 6.09.201 3, 
<collectorName box="[277,463,772,798]" pageId="3" pageNumber="580">Sei-Woong Choi</collectorName>
legit
</materialsCitation>
.
</paragraph>
</subSubSection>
<subSubSection pageId="3" pageNumber="580" type="diagnosis">
<paragraph blockId="3.[151,1437,448,2023]" pageId="3" pageNumber="580">
<emphasis bold="true" box="[199,322,808,834]" pageId="3" pageNumber="580">Diagnosis.</emphasis>
Similar to 
<taxonomicName authorityName=": Schintlmeister" authorityYear="2008" box="[449,599,808,834]" class="Insecta" family="Notodontidae" genus="Zaranga" kingdom="Animalia" order="Lepidoptera" pageId="3" pageNumber="580" phylum="Arthropoda" rank="species" species="tukuringra">
<emphasis box="[449,599,808,834]" italics="true" pageId="3" pageNumber="580">Z. tukuringra</emphasis>
</taxonomicName>
. Wing venation as in the latter (see 
<figureCitation box="[1007,1129,808,835]" captionStart="FIGURES 7–10" captionStartId="5.[151,264,1464,1488]" captionTargetBox="[161,1425,781,1434]" captionTargetId="figure-270@5.[157,1431,777,1441]" captionTargetPageId="5" captionText="FIGURES 7–10. Wing venation in Zaranga. 7, 8—Zaranga tukuringra, fore and hind wings. 9, 10—Zaranga koreana, hind wings. 7, 9—males, 8, 10—females. Red lines indicates difference in the wing venation." figureDoi="http://doi.org/10.5281/zenodo.4529752" httpUri="https://zenodo.org/record/4529752/files/figure.png" pageId="3" pageNumber="580">Figs 7 &amp; 8</figureCitation>
), but distinguishable in the hindwing by the longer common stalk of veins Rs and M1 outward of the discal cell, which in males, is noticeably longer than the distance between the fore and hind branch off points of discal cell, and in females, similar to this distance. In the male genitalia, the socii with heel-shaped protrusion on the ventral margin, medial harpe of the valva strongly pulled to the apex and placed more distal (median axis crosses the valva at the 1/3 of the length of the latter along the costa), phallus with the long club-shaped latero-basal processes of aedeagus, and the large cornutus on vesica are distinguishing. In the female genitalia, the lamella postvaginalis with extended quadrangular lateroposterior sides, the lamella antevaginalis wider, and the thick, conic lateroposterior processes of the 8 
<superScript attach="left" box="[1198,1211,1060,1074]" fontSize="6" pageId="3" pageNumber="580">th</superScript>
abdominal sternum are distinguishing.
</paragraph>
</subSubSection>
<subSubSection lastPageId="5" lastPageNumber="582" pageId="3" pageNumber="580" type="description">
<paragraph blockId="3.[151,1437,448,2023]" pageId="3" pageNumber="580">
<emphasis bold="true" box="[199,345,1132,1158]" pageId="3" pageNumber="580">Description.</emphasis>
<emphasis box="[351,409,1132,1158]" italics="true" pageId="3" pageNumber="580">Male</emphasis>
. Wingspan: holotype— 
<quantity box="[674,754,1132,1159]" metricMagnitude="-2" metricUnit="m" metricValue="6.0" pageId="3" pageNumber="580" unit="mm" value="60.0">60 mm</quantity>
, paratypes— 
<quantity box="[901,1023,1132,1159]" metricMagnitude="-2" metricUnit="m" metricValue="5.4" metricValueMax="5.6" metricValueMin="5.2" pageId="3" pageNumber="580" unit="mm" value="54.0" valueMax="56.0" valueMin="52.0">52–56 mm</quantity>
. Head and thorax with dense, brownish gray, and white hair-like scales, containing yellow sales on the metathorax. Eyes lack setae, proboscis reduced, labial palpi short, densely covered by long, hair-like setae. Antennae brownish gray with pale yellow several last segments, bipectinate to top, pectines long and similar length up to near the middle, then evenly shortening to the top. Forewings relatively narrow, outer margin unevenly emarginated with the largest incision between veins M 
<subScript attach="left" box="[1382,1390,1295,1309]" fontSize="6" pageId="3" pageNumber="580">3</subScript>
and CuA1; ground color brownish gray with a mostly indistinct wing pattern and maculation; discal spot distinct, strokelike; basal area with barely visible, blackish sinuous basal and antemedial lines; postmedial and subterminal lines serrated but almost dissolved and usually vaguely traceable against the ground color of the wing; dark postmedial line, if distinguishable, not shaded by light from the outside; the costal margin with five pale yellowish spots, one larger at the deviation of vein Rs1 and four smaller ones in the apical area; three reddish brown areas present, apical broad zone outward the discal vein between the Rs and M veins and subterminal line, brushstroke between M 
<subScript attach="left" box="[1421,1429,1511,1525]" fontSize="6" pageId="3" pageNumber="580">3</subScript>
, CuA1, and subterminal line, and inner zone behind the discal cell between the basal line and postmedial line; a pair of black oblique strokes underlines the reddish-brown areas between the veins M 
<subScript attach="left" box="[1055,1063,1583,1597]" fontSize="6" pageId="3" pageNumber="580">2</subScript>
–M 
<subScript attach="left" box="[1102,1110,1583,1597]" fontSize="6" pageId="3" pageNumber="580">3</subScript>
and M 
<subScript attach="left" box="[1189,1197,1583,1597]" fontSize="6" pageId="3" pageNumber="580">3</subScript>
–CuA1; fringe blackish gray, darker than the ground color of the wing. Hindwings white with darkening along costal and anal areas; postmedial line white, hardly visible in the medial area of the wing. Frenulum and retinaculum are lacking.
</paragraph>
<paragraph blockId="3.[151,1437,448,2023]" pageId="3" pageNumber="580">
<emphasis box="[199,360,1673,1698]" italics="true" pageId="3" pageNumber="580">Wing venation</emphasis>
(
<figureCitation box="[374,436,1672,1699]" captionStart="FIGURES 7–10" captionStartId="5.[151,264,1464,1488]" captionTargetBox="[161,1425,781,1434]" captionTargetId="figure-270@5.[157,1431,777,1441]" captionTargetPageId="5" captionText="FIGURES 7–10. Wing venation in Zaranga. 7, 8—Zaranga tukuringra, fore and hind wings. 9, 10—Zaranga koreana, hind wings. 7, 9—males, 8, 10—females. Red lines indicates difference in the wing venation." figureDoi="http://doi.org/10.5281/zenodo.4529752" httpUri="https://zenodo.org/record/4529752/files/figure.png" pageId="3" pageNumber="580">Fig 9</figureCitation>
). Forewing with the common notodontid structure of wing venation consists of C, Sc, R 
<subScript attach="left" box="[1421,1429,1691,1705]" fontSize="6" pageId="3" pageNumber="580">1</subScript>
, four branches of Rs, three M, and two CuA veins, and 1A+2A; areoles absent; R 
<subScript attach="left" box="[1057,1065,1727,1741]" fontSize="6" pageId="3" pageNumber="580">1</subScript>
derived from discal cell near the top of discal cell; Rs3 directed to the wing apex. Hindwing vein C not traced; Sc+R 
<subScript attach="left" box="[1089,1097,1763,1777]" fontSize="6" pageId="3" pageNumber="580">1</subScript>
connected with the discal cell by short weak R 
<subScript attach="left" box="[337,345,1799,1813]" fontSize="6" pageId="3" pageNumber="580">1</subScript>
, Rs and M1 forced; length of the common stalk of these veins outward of the discal cell usually much longer than the distance between the fore and hind branch off points of discal vein; vein M 
<subScript attach="left" box="[1214,1222,1835,1849]" fontSize="6" pageId="3" pageNumber="580">2</subScript>
thin, M 
<subScript attach="left" box="[1309,1317,1835,1849]" fontSize="6" pageId="3" pageNumber="580">3</subScript>
and CuA1 from discal cell separated; plica instead of reduced CuP distinct, not reached the base of the wing; A1+2A close parallel to the anal margin of the wing; 3A close to A1+2A, up to 1/3 of the length of the anal margin of the wing.
</paragraph>
<paragraph blockId="3.[151,1437,448,2023]" lastBlockId="4.[151,1436,151,393]" lastPageId="4" lastPageNumber="581" pageId="3" pageNumber="580">
<emphasis box="[199,363,1924,1950]" italics="true" pageId="3" pageNumber="580">Male genitalia</emphasis>
(
<figureCitation box="[377,505,1924,1951]" captionStart="FIGURES 11–19" captionStartId="6.[151,264,1688,1712]" captionTargetBox="[159,1422,171,1655]" captionTargetId="figure-23@6.[151,1436,159,1665]" captionTargetPageId="6" captionText="FIGURES 11–19. Male genitala of Zaranga. 11–14—Zaranga koreana sp. nov.: 11, 12—Jirisan, paratype; 13, 14—Hallasan, paratype Scale bar 5mm. 15–19—Zaranga tukuringra, Zeyskii Reserve. 11, 13, 15—the genital segment, ventral view, phallus removed; 12, 14, 18—phallus, ventral view, vesica everted; 16—uncus and socii, lateral view; 17—left valva, medial view, with medial harpe turned dorsad. Scale bar 1 mm." figureDoi="http://doi.org/10.5281/zenodo.4529754" httpUri="https://zenodo.org/record/4529754/files/figure.png" pageId="3" pageNumber="580">Figs 11–14</figureCitation>
). Uncus claw-like, strong, broad and flattened laterally, with a bulbous process ventrally; ventral margin of the uncus between the tip of the apex and the base of the bulbous process almost straight. Socii thick, curved more than a right angle, ventral margin of socius with sharp protrude bend. Valva elongated, apex of the costal edge (cucullus) broad, serrated ventrally and distally, distal teeth harder and protruding beyond the distal margin of the valva; apex of ventral edge lobe-like dilated and serrated similar to the cucullus; medial harpe with an isosceles triangle shape with the apex pulled to the tip, median axis of the harpe cross the valva at the 1/3 of the length of the valva along the costa. Two large setosed areas medial of the valva associated with weak, narrow transtilla. Juxta short, broad, and V-shaped. Aedeagus shorter than the valva, slightly broadened posteriorly, anteriorly with a pair of long club-shaped latero-basal processes; cornutus on the vesica tooth-like, small, at the base less than half of the aedeagus width.
</paragraph>
<caption ID-DOI="http://doi.org/10.5281/zenodo.4529750" ID-Zenodo-Dep="4529750" httpUri="https://zenodo.org/record/4529750/files/figure.png" pageId="4" pageNumber="581" startId="4.[151,264,1576,1600]" targetBox="[151,1436,414,1548]" targetPageId="4">
<paragraph blockId="4.[151,1437,1576,1672]" pageId="4" pageNumber="581">
<emphasis bold="true" box="[151,315,1576,1600]" pageId="4" pageNumber="581">FIGURES 1–6.</emphasis>
Moths of 
<taxonomicName authorityName="Moore" authorityYear="1884" box="[420,507,1577,1600]" class="Insecta" family="Notodontidae" genus="Zaranga" kingdom="Animalia" order="Lepidoptera" pageId="4" pageNumber="581" phylum="Arthropoda" rank="genus">
<emphasis box="[420,507,1577,1600]" italics="true" pageId="4" pageNumber="581">Zaranga</emphasis>
</taxonomicName>
. 1–4— 
<taxonomicName authority="Beljaev &amp; Choi &amp; Kuzmin, 2021" authorityName="Beljaev &amp; Choi &amp; Kuzmin" authorityYear="2021" box="[584,760,1576,1600]" class="Insecta" family="Notodontidae" genus="Zaranga" kingdom="Animalia" order="Lepidoptera" pageId="4" pageNumber="581" phylum="Arthropoda" rank="species" species="koreana" status="sp. nov.">
<emphasis box="[584,760,1576,1600]" italics="true" pageId="4" pageNumber="581">Zaranga koreana</emphasis>
</taxonomicName>
<emphasis bold="true" box="[767,847,1576,1600]" pageId="4" pageNumber="581">
<taxonomicNameLabel box="[767,847,1576,1600]" pageId="4" pageNumber="581" rank="species">sp. nov.</taxonomicNameLabel>
</emphasis>
: 1—Jirisan, male, holotype; 2—Jirisan, female, paratype; 3—Hallasan, male, paratype; 2—Hallasan, female, paratype. 5, 6— 
<taxonomicName authorityName=": Schintlmeister" authorityYear="2008" box="[838,1040,1612,1636]" class="Insecta" family="Notodontidae" genus="Zaranga" kingdom="Animalia" order="Lepidoptera" pageId="4" pageNumber="581" phylum="Arthropoda" rank="species" species="tukuringra">
<emphasis box="[838,1040,1612,1636]" italics="true" pageId="4" pageNumber="581">Zaranga tukuringra</emphasis>
</taxonomicName>
: 5—male, Urusha; 6—female, Zeyskii Reserve. Scale-bar 10 mm.
</paragraph>
</caption>
<paragraph blockId="4.[151,1437,1718,2033]" pageId="4" pageNumber="581">
<emphasis box="[199,283,1718,1744]" italics="true" pageId="4" pageNumber="581">Female</emphasis>
. Somewhat larger: wingspan 
<quantity box="[631,759,1718,1745]" metricMagnitude="-2" metricUnit="m" metricValue="7.0" metricValueMax="7.2" metricValueMin="6.8" pageId="4" pageNumber="581" unit="mm" value="70.0" valueMax="72.0" valueMin="68.0">68–72 mm</quantity>
. Similar to male, but the antennae pectines approximately twice shorter; wings somewhat wider, pattern similar to the male but colors dimmer; hindwing medially light-gray with a distinct light postmedial line. Unlike the male, in the fore wing venation the thin and short 3A present; in the hindwing length of the common stalk of the veins Rs and M 
<subScript attach="left" box="[873,881,1844,1858]" fontSize="6" pageId="4" pageNumber="581">1</subScript>
outward of the discal cell with a similar distance between the fore and hind branch off points of discal vein, anal area of the wing much broader, 1A+2A going distant from the anal margin of the wing, 3A twice as long as in the male (
<figureCitation box="[899,983,1898,1924]" captionStart="FIGURES 7–10" captionStartId="5.[151,264,1464,1488]" captionTargetBox="[161,1425,781,1434]" captionTargetId="figure-270@5.[157,1431,777,1441]" captionTargetPageId="5" captionText="FIGURES 7–10. Wing venation in Zaranga. 7, 8—Zaranga tukuringra, fore and hind wings. 9, 10—Zaranga koreana, hind wings. 7, 9—males, 8, 10—females. Red lines indicates difference in the wing venation." figureDoi="http://doi.org/10.5281/zenodo.4529752" httpUri="https://zenodo.org/record/4529752/files/figure.png" pageId="4" pageNumber="581">Fig. 10</figureCitation>
).
</paragraph>
<paragraph blockId="4.[151,1437,1718,2033]" lastBlockId="5.[151,1437,150,753]" lastPageId="5" lastPageNumber="582" pageId="4" pageNumber="581">
<emphasis box="[199,391,1934,1960]" italics="true" pageId="4" pageNumber="581">Female genitalia</emphasis>
(
<figureCitation box="[407,539,1934,1960]" captionStart="FIGURES 20–23" captionStartId="7.[151,264,1372,1396]" captionTargetBox="[163,1436,430,1332]" captionTargetId="figure-159@7.[151,1436,417,1349]" captionTargetPageId="7" captionText="FIGURES 20–23. Female abdominal terminalia of Zaranga, ventral view. 20, 21—Zaranga koreana sp. nov., the genitalia with posterior margin of 8th abdominal sternite: 20—Jirisan, paratype, median portion of lamella postvaginalis is turned ventrad; 21—Hallasan, paratype; 22, 23—Zaranga tukuringra, Zeyskii Reserve: 22—female genitalia; 23—posterior portion of 8th abdominal sternite. Scale bar 1 mm." figureDoi="http://doi.org/10.5281/zenodo.4529758" httpUri="https://zenodo.org/record/4529758/files/figure.png" pageId="4" pageNumber="581">Figs 20, 21</figureCitation>
). Papillae anales rounded, soft; apophyses anteriores lacking; apophyses posteriores thin and long. Lamella postvaginalis M-shaped, with latero-posterior sides relatively quadrangular and extended; width of the lamella antevaginalis similar to the width of latero-anterior sides of the lamella postvaginalis; latero-posterior processes of 8 
<superScript attach="left" box="[491,504,150,164]" fontSize="6" pageId="5" pageNumber="582">th</superScript>
abdominal sternum thick, conic. Ductus bursae short and broad, smoothly turns to the oval volume corpus bursae. Corpus bursae ventrally with signum in the form of a scobinate area without distinct edges.
</paragraph>
<paragraph blockId="5.[151,1437,150,753]" pageId="5" pageNumber="582">
<emphasis bold="true" box="[199,352,258,285]" pageId="5" pageNumber="582">Genetic data</emphasis>
(
<tableCitation box="[368,439,259,285]" captionStart="TABLE 1" captionStartId="1.[151,239,1125,1149]" captionTargetBox="[166,1368,1201,1507]" captionTargetId="graphics-446@1.[669,1015,1351,1472]" captionText="TABLE 1. Matrix of pairwise distances in the genus Zaranga based on the CO1 gene barcode region, %, computed using the Kimura 2-parameter method." pageId="5" pageNumber="582">Tab. 1</tableCitation>
, 
<figureCitation box="[454,539,259,285]" captionStart="FIGURE 24" captionStartId="8.[151,250,1269,1293]" captionTargetBox="[164,1424,423,1241]" captionTargetId="figure-126@8.[156,1432,417,1246]" captionTargetPageId="8" captionText="FIGURE 24. Pairwise distances tree for samples of the genus Zaranga based on the mtDNA CO1gene barcode region, computed using the Kimura 2-parameter method. Bootstrap tests (1000 replicates) are shown next to the branches." figureDoi="http://doi.org/10.5281/zenodo.4529760" httpUri="https://zenodo.org/record/4529760/files/figure.png" pageId="5" pageNumber="582">Fig. 24</figureCitation>
). Barcode of 
<taxonomicName authorityName="Beljaev &amp; Choi &amp; Kuzmin" authorityYear="2021" box="[691,813,259,285]" class="Insecta" family="Notodontidae" genus="Zaranga" kingdom="Animalia" order="Lepidoptera" pageId="5" pageNumber="582" phylum="Arthropoda" rank="species" species="koreana">
<emphasis box="[691,813,259,285]" italics="true" pageId="5" pageNumber="582">Z. koreana</emphasis>
</taxonomicName>
differs from 
<taxonomicName authorityName=": Schintlmeister" authorityYear="2008" box="[963,1114,259,285]" class="Insecta" family="Notodontidae" genus="Zaranga" kingdom="Animalia" order="Lepidoptera" pageId="5" pageNumber="582" phylum="Arthropoda" rank="species" species="tukuringra">
<emphasis box="[963,1114,259,285]" italics="true" pageId="5" pageNumber="582">Z. tukuringra</emphasis>
</taxonomicName>
on 1.9–2.4% p-distance and from 
<taxonomicName authorityName="Moore" authorityYear="1884" box="[215,311,295,320]" class="Insecta" family="Notodontidae" genus="Zaranga" kingdom="Animalia" order="Lepidoptera" pageId="5" pageNumber="582" phylum="Arthropoda" rank="genus">
<emphasis box="[215,311,295,320]" italics="true" pageId="5" pageNumber="582">Zaranga</emphasis>
</taxonomicName>
sp. from 
<collectingRegion box="[425,511,295,321]" country="China" name="Yunnan" pageId="5" pageNumber="582">Yunnan</collectingRegion>
on 4.3–4.5% p-distance. Intraspecific barcode ranges up to 0.2% (three samples from 
<collectingRegion box="[213,295,331,357]" country="South Korea" name="Jeju" pageId="5" pageNumber="582">Jeju-do</collectingRegion>
island).
</paragraph>
</subSubSection>
<subSubSection pageId="5" pageNumber="582" type="distribution">
<paragraph blockId="5.[151,1437,150,753]" pageId="5" pageNumber="582">
<emphasis bold="true" box="[199,353,366,392]" pageId="5" pageNumber="582">Distribution.</emphasis>
<collectingCountry box="[364,432,367,393]" name="South Korea" pageId="5" pageNumber="582">Korea</collectingCountry>
(central and southern, Cheju), 
<collectingCountry box="[802,869,367,393]" name="China" pageId="5" pageNumber="582">China</collectingCountry>
(north up to 
<collectingRegion box="[1032,1114,367,394]" country="China" name="Shanxi" pageId="5" pageNumber="582">Shanxi</collectingRegion>
), North 
<collectingCountry box="[1214,1312,367,393]" name="Vietnam" pageId="5" pageNumber="582">Vietnam</collectingCountry>
, 
<collectingCountry box="[1327,1436,367,393]" name="Myanmar" pageId="5" pageNumber="582">Myanmar</collectingCountry>
(
<bibRefCitation author="Schintlmeister, A." box="[159,387,403,429]" pageId="5" pageNumber="582" refId="ref8962" refString="Schintlmeister, A. (2008) Palaearctic Macrolepidoptera. Vol. 1. Notodontidae. Apollo Books, Stenstrup, 482 pp. https: // doi. org / 10.1163 / 9789004260993" type="book" year="2008">Schintlmeister 2008</bibRefCitation>
) (
<figureCitation box="[410,494,402,429]" captionStart="FIGURE 25" captionStartId="10.[151,250,1130,1154]" captionTargetBox="[161,1426,186,1100]" captionTargetId="figure-23@10.[157,1431,181,1106]" captionTargetPageId="10" captionText="FIGURE 25. Distribution of species of the genus Zaranga. The color fill shows general areas of the Zaranga species and subspecies (see Legend in the map); hatching shows supposed parts of areas. The collecting localities are given for Zaranga koreana in Korea by squares and for Zaranga tukuringra by circles; black figures indicate the new data, and white figures indicate the literature data.An asterisk marks the type localities for both species. Locality Urusha for Zaranga tukuringra is pointed by an arrow. The areas of Zaranga except the Z. tukuringra and Korean populations of Zaranga koreana are compiled from Schintlmeister (1989) and Rybalkin &amp; Yakovlev (2017); the area of Zaranga pannosa pannosa is extended to the east following the assumption made in this article." figureDoi="http://doi.org/10.5281/zenodo.4529762" httpUri="https://zenodo.org/record/4529762/files/figure.png" pageId="5" pageNumber="582">Fig. 25</figureCitation>
).
</paragraph>
</subSubSection>
<subSubSection box="[199,1435,439,465]" pageId="5" pageNumber="582" type="biology_ecology">
<paragraph blockId="5.[151,1437,150,753]" box="[199,1435,439,465]" pageId="5" pageNumber="582">
<emphasis bold="true" box="[199,417,439,465]" pageId="5" pageNumber="582">Larval hostplants.</emphasis>
Leaves of 
<taxonomicName authority="Hemsl. Ex Prain." authorityName="Hemsl. Ex Prain." box="[541,962,439,465]" class="Magnoliopsida" family="Cornaceae" genus="Cornus" kingdom="Plantae" order="Caryophyllales" pageId="5" pageNumber="582" phylum="Tracheophyta" rank="species" species="controversa">
<emphasis box="[541,763,439,465]" italics="true" pageId="5" pageNumber="582">Cornus controversa</emphasis>
Hemsl. Ex Prain.
</taxonomicName>
(
<taxonomicName box="[976,1098,439,465]" class="Magnoliopsida" family="Cornaceae" kingdom="Plantae" order="Caryophyllales" pageId="5" pageNumber="582" phylum="Tracheophyta" rank="family">Cornaceae</taxonomicName>
) in central 
<collectingCountry box="[1224,1292,439,465]" name="South Korea" pageId="5" pageNumber="582">Korea</collectingCountry>
(
<bibRefCitation author="Heo, U. H." box="[1307,1423,439,465]" pageId="5" pageNumber="582" refId="ref8241" refString="Heo, U. H. (2012) Guidebook of moth larvae. Checklist of organisms in Korea 3. Nature and Ecology, Seoul, 520 pp." type="book" year="2012">Heo 2012</bibRefCitation>
).
</paragraph>
</subSubSection>
<subSubSection pageId="5" pageNumber="582" type="discussion">
<paragraph blockId="5.[151,1437,150,753]" pageId="5" pageNumber="582">
<emphasis bold="true" box="[199,262,475,501]" pageId="5" pageNumber="582">Note.</emphasis>
In Chinese specimens, the photos of the male and female genitalia in 
<bibRefCitation author="Schintlmeister, A." box="[1059,1298,475,501]" pageId="5" pageNumber="582" pagination="206 - 226" refId="ref8926" refString="Schintlmeister, A. (1989) Ein Beitrag zur Zahnspinnerfauna der koreanischen Halbinsel (Lepidoptera, Notodontidae). Nota Lepidopterologica, 12 (3), 206 - 226. [in German]" type="journal article" year="1989">Schintlmeister (1989</bibRefCitation>
: figs 66 and 67), and the drawing of the male genitalia in 
<bibRefCitation author="Wu, C. S. &amp; Fang, C. L." box="[652,859,511,537]" pageId="5" pageNumber="582" refId="ref9313" refString="Wu, C. S. &amp; Fang, C. L. (2003) Lepidoptera, Notodontidae. Fauna sinica (Insecta). Vol. 31. Science Press, Beijing, 27 + 952 pp. [in Chinese]" type="book" year="2003">Wu &amp; Fang (2003</bibRefCitation>
: fig. 30), generally conform to the Korean ones. On the other hand, some minute distinctions could be traced: in the male genitalia, the uncus appears to be somewhat narrower; the ventral process of the uncus is more protruded; on the cucullus, the distal tooth is stronger and protrudes beyond the valva; the pulled top of the harpe is longer; the latero-basal processes of the aedeagus are much shorter, but longer and narrower than in 
<taxonomicName authorityName=": Schintlmeister" authorityYear="2008" box="[618,769,655,681]" class="Insecta" family="Notodontidae" genus="Zaranga" kingdom="Animalia" order="Lepidoptera" pageId="5" pageNumber="582" phylum="Arthropoda" rank="species" species="tukuringra">
<emphasis box="[618,769,655,681]" italics="true" pageId="5" pageNumber="582">Z. tukuringra</emphasis>
</taxonomicName>
. In the female genitalia, the lamella postvaginalis appears wider and the latero-posterior processes of the 8 
<superScript attach="left" box="[692,705,690,704]" fontSize="6" pageId="5" pageNumber="582">th</superScript>
abdominal sternum are more massive. Possibly, Chinese populations of 
<taxonomicName authorityName="Beljaev &amp; Choi &amp; Kuzmin" authorityYear="2021" box="[243,364,727,753]" class="Insecta" family="Notodontidae" genus="Zaranga" kingdom="Animalia" order="Lepidoptera" pageId="5" pageNumber="582" phylum="Arthropoda" rank="species" species="koreana">
<emphasis box="[243,364,727,753]" italics="true" pageId="5" pageNumber="582">Z. koreana</emphasis>
</taxonomicName>
form a separate subspecies.
</paragraph>
</subSubSection>
</treatment>
</document>