<document ID-DOI="http://doi.org/10.5281/zenodo.4529756" ID-GBIF-Dataset="0ed6e9be-9b55-4373-afa6-f29188a8ac56" ID-ISSN="1175-5326" ID-Zenodo-Dep="4529756" ID-ZooBank="1105DBA2-56B0-4D93-8BFA-DDF75E503ABE" _generate="added" checkinTime="1612958016559" checkinUser="plazi" docAuthor="Beljaev, Evgeny A., Choi, Sei-Woong &amp; Kuzmin, Aleksandr A." docDate="2021" docId="03A0721BFFB5FF96FF42BA54082EFE18" docLanguage="en" docName="zootaxa.4926.4.8.pdf" docOrigin="Zootaxa 4926 (4)" docStyle="DocumentStyle:647186512141C8FC8976D5BCC54AEB7D.6:Zootaxa.2013.journal_article" docStyleId="647186512141C8FC8976D5BCC54AEB7D" docStyleName="Zootaxa.2013.journal_article" docStyleVersion="6" docTitle="Zaranga tukuringra Streltzov &amp; Yakovlev 2007" docType="treatment" docVersion="6" lastPageId="7" lastPageNumber="583" masterDocId="FF990A63FFB0FF91FFD5BC130B6FFF91" masterDocTitle="Notes on the genus Zaranga Moore with description of a new species in the Zaranga pannosa species group (Lepidoptera: Notodontidae)" masterLastPageNumber="589" masterPageNumber="577" pageId="5" pageNumber="582" updateTime="1617820595307" updateUser="diego" zenodo-license-document="CLOSED">
<mods:mods xmlns:mods="http://www.loc.gov/mods/v3">
<mods:titleInfo>
<mods:title>Notes on the genus Zaranga Moore with description of a new species in the Zaranga pannosa species group (Lepidoptera: Notodontidae)</mods:title>
</mods:titleInfo>
<mods:name type="personal">
<mods:role>
<mods:roleTerm>Author</mods:roleTerm>
</mods:role>
<mods:namePart>Beljaev, Evgeny A.</mods:namePart>
<mods:affiliation>Federal Scientific Center of the East Asia Terrestrial Biodiversity, Far Eastern Branch of the Russian Academy of Sciences, Vladivostok, Russia.</mods:affiliation>
</mods:name>
<mods:name type="personal">
<mods:role>
<mods:roleTerm>Author</mods:roleTerm>
</mods:role>
<mods:namePart>Choi, Sei-Woong</mods:namePart>
<mods:affiliation>Department of Environmental Education, Mokpo National University, Muan, Jeonnam 58554, South Korea</mods:affiliation>
</mods:name>
<mods:name type="personal">
<mods:role>
<mods:roleTerm>Author</mods:roleTerm>
</mods:role>
<mods:namePart>Kuzmin, Aleksandr A.</mods:namePart>
<mods:affiliation>All-Russian Scientific Research Institute of Soybean, Blagoveshchensk, Russia.</mods:affiliation>
</mods:name>
<mods:typeOfResource>text</mods:typeOfResource>
<mods:relatedItem type="host">
<mods:titleInfo>
<mods:title>Zootaxa</mods:title>
</mods:titleInfo>
<mods:part>
<mods:date>2021</mods:date>
<mods:detail type="pubDate">
<mods:number>2021-02-10</mods:number>
</mods:detail>
<mods:detail type="volume">
<mods:number>4926</mods:number>
</mods:detail>
<mods:detail type="issue">
<mods:number>4</mods:number>
</mods:detail>
<mods:extent unit="page">
<mods:start>577</mods:start>
<mods:end>589</mods:end>
</mods:extent>
</mods:part>
</mods:relatedItem>
<mods:classification>journal article</mods:classification>
<mods:identifier type="DOI">https://doi.org/10.11646/zootaxa.4926.4.8</mods:identifier>
<mods:identifier type="GBIF-Dataset">0ed6e9be-9b55-4373-afa6-f29188a8ac56</mods:identifier>
<mods:identifier type="ISSN">1175-5326</mods:identifier>
<mods:identifier type="Zenodo-Dep">4529748</mods:identifier>
<mods:identifier type="ZooBank">1105DBA2-56B0-4D93-8BFA-DDF75E503ABE</mods:identifier>
</mods:mods>
<treatment ID-DOI="http://doi.org/10.5281/zenodo.4529756" ID-Zenodo-Dep="4529756" LSID="urn:lsid:plazi:treatment:03A0721BFFB5FF96FF42BA54082EFE18" httpUri="http://treatment.plazi.org/id/03A0721BFFB5FF96FF42BA54082EFE18" lastPageId="7" lastPageNumber="583" pageId="5" pageNumber="582">
<subSubSection box="[151,738,1606,1633]" pageId="5" pageNumber="582" type="nomenclature">
<paragraph blockId="5.[151,738,1606,1670]" box="[151,738,1606,1633]" pageId="5" pageNumber="582">
<heading bold="true" box="[151,738,1606,1633]" fontSize="11" level="1" pageId="5" pageNumber="582" reason="1">
<taxonomicName authority="Streltzov &amp; Yakovlev, 2007" authorityName="Streltzov &amp; Yakovlev" authorityYear="2007" box="[151,738,1606,1633]" class="Insecta" family="Notodontidae" genus="Zaranga" kingdom="Animalia" order="Lepidoptera" pageId="5" pageNumber="582" phylum="Arthropoda" rank="species" species="tukuringra">
<emphasis bold="true" box="[151,738,1606,1633]" italics="true" pageId="5" pageNumber="582">
Zaranga tukuringra 
<bibRefCitation author="Streltzov, A. N. &amp; Yakovlev, R. V." box="[402,738,1607,1633]" pageId="5" pageNumber="582" pagination="24 - 26" refId="ref9100" refString="Streltzov, A. N. &amp; Yakovlev, R. V. (2007) Zaranga tukuringra, sp. nov. - the new species from new genus for Russian fauna (Lepidoptera: Notodontidae). Eversmannia, 10, 24 - 26. [in Russian and English]" type="journal article" year="2007">Streltzov &amp; Yakovlev, 2007</bibRefCitation>
</emphasis>
</taxonomicName>
</heading>
</paragraph>
</subSubSection>
<subSubSection box="[151,435,1643,1670]" pageId="5" pageNumber="582" type="description">
<paragraph blockId="5.[151,738,1606,1670]" box="[151,435,1643,1670]" pageId="5" pageNumber="582">
(
<figureCitation box="[159,260,1643,1670]" captionStart-0="FIGURES 1–6" captionStart-1="FIGURES 7–10" captionStartId-0="4.[151,264,1576,1600]" captionStartId-1="5.[151,264,1464,1488]" captionTargetBox-0="[151,1436,414,1548]" captionTargetBox-1="[161,1425,781,1434]" captionTargetId-0="figure-143@4.[151,1436,414,1549]" captionTargetId-1="figure-270@5.[157,1431,777,1441]" captionTargetPageId-0="4" captionTargetPageId-1="5" captionText-0="FIGURES 1–6. Moths of Zaranga. 1–4—Zaranga koreana sp. nov.: 1—Jirisan, male, holotype; 2—Jirisan, female, paratype; 3—Hallasan, male, paratype; 2—Hallasan, female, paratype. 5, 6—Zaranga tukuringra: 5—male, Urusha; 6—female, Zeyskii Reserve. Scale-bar 10 mm." captionText-1="FIGURES 7–10. Wing venation in Zaranga. 7, 8—Zaranga tukuringra, fore and hind wings. 9, 10—Zaranga koreana, hind wings. 7, 9—males, 8, 10—females. Red lines indicates difference in the wing venation." figureDoi-0="http://doi.org/10.5281/zenodo.4529750" figureDoi-1="http://doi.org/10.5281/zenodo.4529752" httpUri-0="https://zenodo.org/record/4529750/files/figure.png" httpUri-1="https://zenodo.org/record/4529752/files/figure.png" pageId="5" pageNumber="582">Figs 5–8</figureCitation>
, 
<figureCitation box="[272,344,1643,1670]" captionStart="FIGURES 11–19" captionStartId="6.[151,264,1688,1712]" captionTargetBox="[159,1422,171,1655]" captionTargetId="figure-23@6.[151,1436,159,1665]" captionTargetPageId="6" captionText="FIGURES 11–19. Male genitala of Zaranga. 11–14—Zaranga koreana sp. nov.: 11, 12—Jirisan, paratype; 13, 14—Hallasan, paratype Scale bar 5mm. 15–19—Zaranga tukuringra, Zeyskii Reserve. 11, 13, 15—the genital segment, ventral view, phallus removed; 12, 14, 18—phallus, ventral view, vesica everted; 16—uncus and socii, lateral view; 17—left valva, medial view, with medial harpe turned dorsad. Scale bar 1 mm." figureDoi="http://doi.org/10.5281/zenodo.4529754" httpUri="https://zenodo.org/record/4529754/files/figure.png" pageId="5" pageNumber="582">15–19</figureCitation>
, 
<figureCitation box="[356,427,1643,1669]" captionStart="FIGURES 20–23" captionStartId="7.[151,264,1372,1396]" captionTargetBox="[163,1436,430,1332]" captionTargetId="figure-159@7.[151,1436,417,1349]" captionTargetPageId="7" captionText="FIGURES 20–23. Female abdominal terminalia of Zaranga, ventral view. 20, 21—Zaranga koreana sp. nov., the genitalia with posterior margin of 8th abdominal sternite: 20—Jirisan, paratype, median portion of lamella postvaginalis is turned ventrad; 21—Hallasan, paratype; 22, 23—Zaranga tukuringra, Zeyskii Reserve: 22—female genitalia; 23—posterior portion of 8th abdominal sternite. Scale bar 1 mm." figureDoi="http://doi.org/10.5281/zenodo.4529758" httpUri="https://zenodo.org/record/4529758/files/figure.png" pageId="5" pageNumber="582">22, 23</figureCitation>
)
</paragraph>
</subSubSection>
<subSubSection pageId="5" pageNumber="582" type="reference_group">
<paragraph blockId="5.[151,1436,1711,1767]" pageId="5" pageNumber="582">
<treatmentCitationGroup pageId="5" pageNumber="582">
<treatmentCitation author="Streltzov, A. N. &amp; Yakovlev, R. V." box="[151,679,1711,1736]" page="24" pageId="5" pageNumber="582" year="2007">
<taxonomicName authority="Streltzov &amp; Yakovlev, 2007: 24" authorityName="Streltzov &amp; Yakovlev" authorityPageNumber="24" authorityYear="2007" box="[151,679,1711,1736]" class="Insecta" family="Notodontidae" genus="Zaranga" kingdom="Animalia" order="Lepidoptera" pageId="5" pageNumber="582" phylum="Arthropoda" rank="species" species="tukuringra">
<emphasis box="[151,352,1711,1735]" italics="true" pageId="5" pageNumber="582">Zaranga tukuringra</emphasis>
<bibRefCitation author="Streltzov, A. N. &amp; Yakovlev, R. V." box="[359,679,1711,1736]" pageId="5" pageNumber="582" pagination="24 - 26" refId="ref9100" refString="Streltzov, A. N. &amp; Yakovlev, R. V. (2007) Zaranga tukuringra, sp. nov. - the new species from new genus for Russian fauna (Lepidoptera: Notodontidae). Eversmannia, 10, 24 - 26. [in Russian and English]" type="journal article" year="2007">Streltzov &amp; Yakovlev, 2007: 24</bibRefCitation>
</taxonomicName>
</treatmentCitation>
; figs 1–5 (male genitalia), 6 (female genitala); pl. 2: 7–9 (moths); TL: 
<collectingCountry name="Russia" pageId="5" pageNumber="582">Russia</collectingCountry>
, Amurskaya oblast, foothills of the Tukuringra Range, Zeyskii state nature reserve, “kordon [blockhouse] 52nd km”.
</treatmentCitationGroup>
</paragraph>
</subSubSection>
<subSubSection pageId="5" pageNumber="582" type="materials_examined">
<paragraph blockId="5.[151,1436,1812,2019]" pageId="5" pageNumber="582">
<emphasis bold="true" box="[151,262,1812,1838]" pageId="5" pageNumber="582">Material.</emphasis>
<materialsCitation collectorName="A. A. Kuzmin" country="Russia" county="Urusha town" latitude="53.99889" location="Amurskaya oblast" longLatPrecision="17" longitude="122.88555" municipality="Skovorodinskii District" pageId="5" pageNumber="582" specimenCount="1" specimenCount-female="1">
<emphasis bold="true" box="[269,355,1812,1838]" pageId="5" pageNumber="582">
<collectingCountry box="[269,350,1812,1838]" name="Russia" pageId="5" pageNumber="582">Russia</collectingCountry>
,
</emphasis>
<location LSID="urn:lsid:plazi:treatment:03A0721BFFB5FF96FF42BA54082EFE18:8ED695D6FFB5FF94FEBDBB070959F8BF" box="[360,566,1812,1838]" country="Russia" county="Urusha town" latitude="53.99889" longLatPrecision="17" longitude="122.88555" municipality="Skovorodinskii District" name="Amurskaya oblast" pageId="5" pageNumber="582">Amurskaya oblast</location>
, 
<location LSID="urn:lsid:plazi:treatment:03A0721BFFB5FF96FF42BA54082EFE18:8ED695D6FFB5FF94FD95BB07099DF8BF" box="[576,754,1812,1838]" country="Russia" county="Urusha town" latitude="53.99889" longLatPrecision="17" longitude="122.88555" municipality="Skovorodinskii District" name="Zeyskii District" pageId="5" pageNumber="582">Zeyskii District</location>
, 
<location LSID="urn:lsid:plazi:treatment:03A0721BFFB5FF96FF42BA54082EFE18:8ED695D6FFB5FF94FD28BB070F29F8BE" box="[765,1094,1812,1839]" country="Russia" county="Urusha town" latitude="53.99889" longLatPrecision="17" longitude="122.88555" municipality="Skovorodinskii District" name="Zeyskii State Nature Reserve" pageId="5" pageNumber="582">Zeyskii State Nature Reserve</location>
, kordon [blockhouse] 
<location LSID="urn:lsid:plazi:treatment:03A0721BFFB5FF96FF42BA54082EFE18:8ED695D6FFB5FF94FAEBBB070EF7F8BF" box="[1342,1432,1812,1838]" country="Russia" county="Urusha town" latitude="53.99889" longLatPrecision="17" longitude="122.88555" municipality="Skovorodinskii District" name="Tyoplyi" pageId="5" pageNumber="582">Tyoplyi</location>
, 
<geoCoordinate box="[151,311,1848,1875]" degrees="53" direction="north" minutes="51" orientation="latitude" pageId="5" pageNumber="582" precision="1" seconds="15.9" value="53.854416">53°51’15.9”N</geoCoordinate>
, 
<geoCoordinate box="[323,495,1848,1874]" degrees="127" direction="east" minutes="21" orientation="longitude" pageId="5" pageNumber="582" precision="1" seconds="34.0" value="127.35944">127°21’34.0”E</geoCoordinate>
, on light, 17.06.201 7, 
<collectorName box="[745,897,1848,1874]" pageId="5" pageNumber="582">A.A. Kuzmin</collectorName>
legit—3♂, 
<specimenCount box="[1031,1067,1848,1874]" pageId="5" pageNumber="582" type="female">1♀</specimenCount>
;
</materialsCitation>
<materialsCitation collectorName="A. A. Kuzmin" country="Russia" county="Urusha town" latitude="53.99889" location="Amurskaya oblast" longLatPrecision="17" longitude="122.88555" municipality="Skovorodinskii District" pageId="5" pageNumber="582" specimenCount="1" specimenCount-female="1">
ditto, 
<collectingMunicipality box="[1146,1411,1848,1874]" pageId="5" pageNumber="582">Skovorodinskii District</collectingMunicipality>
, 
<quantity metricMagnitude="3" metricUnit="m" metricValue="5.0" pageId="5" pageNumber="582" unit="km" value="5.0">5 km</quantity>
south of 
<collectingCounty box="[292,439,1884,1911]" pageId="5" pageNumber="582">Urusha town</collectingCounty>
, 
<geoCoordinate box="[450,589,1884,1911]" degrees="53" direction="north" minutes="59" orientation="latitude" pageId="5" pageNumber="582" precision="15" seconds="56" value="53.99889">53°59’56”N</geoCoordinate>
, 
<geoCoordinate box="[601,751,1884,1911]" degrees="122" direction="east" minutes="53" orientation="longitude" pageId="5" pageNumber="582" precision="15" seconds="08" value="122.88555">122°53’08”E</geoCoordinate>
, 22.06.201 9, 
<collectorName box="[901,1053,1884,1910]" pageId="5" pageNumber="582">A.A. Kuzmin</collectorName>
legit—1♂ [new locality]
</materialsCitation>
.
</paragraph>
<paragraph blockId="5.[151,1436,1812,2019]" pageId="5" pageNumber="582">
<emphasis bold="true" box="[199,352,1920,1946]" pageId="5" pageNumber="582">Genetic data</emphasis>
(
<tableCitation box="[368,439,1920,1946]" captionStart="TABLE 1" captionStartId="1.[151,239,1125,1149]" captionTargetBox="[166,1368,1201,1507]" captionTargetId="graphics-446@1.[669,1015,1351,1472]" captionText="TABLE 1. Matrix of pairwise distances in the genus Zaranga based on the CO1 gene barcode region, %, computed using the Kimura 2-parameter method." pageId="5" pageNumber="582">Tab. 1</tableCitation>
, 
<figureCitation box="[454,539,1920,1946]" captionStart="FIGURE 24" captionStartId="8.[151,250,1269,1293]" captionTargetBox="[164,1424,423,1241]" captionTargetId="figure-126@8.[156,1432,417,1246]" captionTargetPageId="8" captionText="FIGURE 24. Pairwise distances tree for samples of the genus Zaranga based on the mtDNA CO1gene barcode region, computed using the Kimura 2-parameter method. Bootstrap tests (1000 replicates) are shown next to the branches." figureDoi="http://doi.org/10.5281/zenodo.4529760" httpUri="https://zenodo.org/record/4529760/files/figure.png" pageId="5" pageNumber="582">Fig. 24</figureCitation>
). Barcode of 
<taxonomicName authorityName="Streltzov &amp; Yakovlev" authorityYear="2007" box="[691,842,1920,1946]" class="Insecta" family="Notodontidae" genus="Zaranga" kingdom="Animalia" order="Lepidoptera" pageId="5" pageNumber="582" phylum="Arthropoda" rank="species" species="tukuringra">
<emphasis box="[691,842,1920,1946]" italics="true" pageId="5" pageNumber="582">Z. tukuringra</emphasis>
</taxonomicName>
differs from 
<taxonomicName authorityName="Beljaev &amp; Choi &amp; Kuzmin" authorityYear="2021" box="[992,1114,1920,1946]" class="Insecta" family="Notodontidae" genus="Zaranga" kingdom="Animalia" order="Lepidoptera" pageId="5" pageNumber="582" phylum="Arthropoda" rank="species" species="koreana">
<emphasis box="[992,1114,1920,1946]" italics="true" pageId="5" pageNumber="582">Z. koreana</emphasis>
</taxonomicName>
on 1.9–2.4% p-distance and from 
<taxonomicName authorityName="Moore" authorityYear="1884" box="[215,311,1957,1982]" class="Insecta" family="Notodontidae" genus="Zaranga" kingdom="Animalia" order="Lepidoptera" pageId="5" pageNumber="582" phylum="Arthropoda" rank="genus">
<emphasis box="[215,311,1957,1982]" italics="true" pageId="5" pageNumber="582">Zaranga</emphasis>
</taxonomicName>
sp. from 
<collectingRegion box="[425,511,1957,1983]" country="China" name="Yunnan" pageId="5" pageNumber="582">Yunnan</collectingRegion>
on 5.3–5.7% p-distance. Intraspecific barcode ranges up to 0.5% (three samples from two distant localities).
</paragraph>
</subSubSection>
<caption ID-DOI="http://doi.org/10.5281/zenodo.4529754" ID-Zenodo-Dep="4529754" httpUri="https://zenodo.org/record/4529754/files/figure.png" pageId="6" pageNumber="583" startId="6.[151,264,1688,1712]" targetBox="[159,1422,171,1655]" targetPageId="6">
<paragraph blockId="6.[151,1436,1688,1821]" pageId="6" pageNumber="583">
<emphasis bold="true" box="[151,339,1688,1713]" pageId="6" pageNumber="583">FIGURES 11–19.</emphasis>
Male genitala of 
<taxonomicName authorityName="Moore" authorityYear="1884" box="[519,606,1689,1712]" class="Insecta" family="Notodontidae" genus="Zaranga" kingdom="Animalia" order="Lepidoptera" pageId="6" pageNumber="583" phylum="Arthropoda" rank="genus">
<emphasis box="[519,606,1689,1712]" italics="true" pageId="6" pageNumber="583">Zaranga</emphasis>
</taxonomicName>
. 11–14— 
<taxonomicName authority="Beljaev &amp; Choi &amp; Kuzmin, 2021" authorityName="Beljaev &amp; Choi &amp; Kuzmin" authorityYear="2021" box="[707,883,1689,1713]" class="Insecta" family="Notodontidae" genus="Zaranga" kingdom="Animalia" order="Lepidoptera" pageId="6" pageNumber="583" phylum="Arthropoda" rank="species" species="koreana" status="sp. nov.">
<emphasis box="[707,883,1689,1713]" italics="true" pageId="6" pageNumber="583">Zaranga koreana</emphasis>
</taxonomicName>
<emphasis bold="true" box="[889,970,1689,1713]" pageId="6" pageNumber="583">
<taxonomicNameLabel box="[889,970,1689,1713]" pageId="6" pageNumber="583" rank="species">sp. nov.</taxonomicNameLabel>
</emphasis>
: 11, 12—Jirisan, paratype; 13, 14—Hallasan, paratype Scale bar 5mm. 15–19— 
<taxonomicName authority=", Zeyskii Reserve." authorityName="Zeyskii Reserve." box="[498,885,1725,1749]" class="Insecta" family="Notodontidae" genus="Zaranga" kingdom="Animalia" order="Lepidoptera" pageId="6" pageNumber="583" phylum="Arthropoda" rank="species" species="tukuringra">
<emphasis box="[498,700,1725,1749]" italics="true" pageId="6" pageNumber="583">Zaranga tukuringra</emphasis>
, Zeyskii Reserve.
</taxonomicName>
11, 13, 15—the genital segment, ventral view, phallus removed; 12, 14, 18—phallus, ventral view, vesica everted; 16—uncus and socii, lateral view; 17—left valva, medial view, with medial harpe turned dorsad. Scale bar 1 mm.
</paragraph>
</caption>
<subSubSection lastPageId="7" lastPageNumber="584" pageId="6" pageNumber="583" type="distribution">
<paragraph blockId="6.[151,1436,1867,2038]" pageId="6" pageNumber="583">
<emphasis bold="true" box="[199,353,1867,1893]" pageId="6" pageNumber="583">Distribution.</emphasis>
<collectingCountry box="[361,436,1867,1893]" name="Russia" pageId="6" pageNumber="583">Russia</collectingCountry>
(central and western Amurskaya oblast); probably extreme NE 
<collectingCountry box="[1160,1227,1867,1893]" name="China" pageId="6" pageNumber="583">China</collectingCountry>
(Bolshoi Khingan Range; see Discussion below) (
<figureCitation box="[503,588,1903,1930]" captionStart="FIGURE 25" captionStartId="10.[151,250,1130,1154]" captionTargetBox="[161,1426,186,1100]" captionTargetId="figure-23@10.[157,1431,181,1106]" captionTargetPageId="10" captionText="FIGURE 25. Distribution of species of the genus Zaranga. The color fill shows general areas of the Zaranga species and subspecies (see Legend in the map); hatching shows supposed parts of areas. The collecting localities are given for Zaranga koreana in Korea by squares and for Zaranga tukuringra by circles; black figures indicate the new data, and white figures indicate the literature data.An asterisk marks the type localities for both species. Locality Urusha for Zaranga tukuringra is pointed by an arrow. The areas of Zaranga except the Z. tukuringra and Korean populations of Zaranga koreana are compiled from Schintlmeister (1989) and Rybalkin &amp; Yakovlev (2017); the area of Zaranga pannosa pannosa is extended to the east following the assumption made in this article." figureDoi="http://doi.org/10.5281/zenodo.4529762" httpUri="https://zenodo.org/record/4529762/files/figure.png" pageId="6" pageNumber="583">Fig. 25</figureCitation>
).
</paragraph>
<paragraph blockId="6.[151,1436,1867,2038]" box="[199,1432,1939,1965]" pageId="6" pageNumber="583">
<emphasis bold="true" box="[199,417,1939,1965]" pageId="6" pageNumber="583">Larval hostplants.</emphasis>
Leaves of 
<taxonomicName box="[541,680,1939,1965]" class="Magnoliopsida" family="Cornaceae" genus="Cornus" kingdom="Plantae" order="Caryophyllales" pageId="6" pageNumber="583" phylum="Tracheophyta" rank="species" species="alba">
<emphasis box="[541,680,1939,1965]" italics="true" pageId="6" pageNumber="583">Cornus alba</emphasis>
</taxonomicName>
L. (
<taxonomicName box="[725,847,1939,1965]" class="Magnoliopsida" family="Cornaceae" kingdom="Plantae" order="Caryophyllales" pageId="6" pageNumber="583" phylum="Tracheophyta" rank="family">Cornaceae</taxonomicName>
) in Zeyskii Nature Reserve (
<bibRefCitation author="Dubatolov, V. V. &amp; Streltzov, A. N. &amp; Barma, A. Yu." box="[1169,1420,1939,1965]" pageId="6" pageNumber="583" pagination="429 - 445" refId="ref7934" refString="Dubatolov, V. V., Streltzov, A. N. &amp; Barma, A. Yu. (2013) Macromoths (Insecta, Lepidoptera, Macroheterocera of Zeyskii Nature Reserve. Amurian zoological journal, 5 (4), 429 - 445. [in Russian with English Summary]" type="journal article" year="2013">
Dubatolov 
<emphasis box="[1296,1346,1939,1965]" italics="true" pageId="6" pageNumber="583">et al</emphasis>
. 2013
</bibRefCitation>
).
</paragraph>
<paragraph blockId="6.[151,1436,1867,2038]" lastBlockId="7.[151,1437,151,393]" lastPageId="7" lastPageNumber="584" pageId="6" pageNumber="583">
<emphasis bold="true" box="[199,255,1975,2001]" pageId="6" pageNumber="583">Note</emphasis>
. The original description of 
<taxonomicName box="[585,737,1975,2001]" class="Insecta" family="Notodontidae" genus="Zaranga" kingdom="Animalia" order="Lepidoptera" pageId="6" pageNumber="583" phylum="Arthropoda" rank="species" species="tukuringra">
<emphasis box="[585,737,1975,2001]" italics="true" pageId="6" pageNumber="583">Z. tukuringra</emphasis>
</taxonomicName>
by 
<bibRefCitation author="Streltzov, A. N. &amp; Yakovlev, R. V." box="[783,1113,1975,2001]" pageId="6" pageNumber="583" pagination="24 - 26" refId="ref9100" refString="Streltzov, A. N. &amp; Yakovlev, R. V. (2007) Zaranga tukuringra, sp. nov. - the new species from new genus for Russian fauna (Lepidoptera: Notodontidae). Eversmannia, 10, 24 - 26. [in Russian and English]" type="journal article" year="2007">Streltzov &amp; Yakovlev (2007)</bibRefCitation>
is quite comprehensive, but small corrections need to be made. In the illustration of the wing venation (fig. 1, obviously male), on the forewing veins, R 
<subScript attach="left" box="[242,250,169,183]" fontSize="6" pageId="7" pageNumber="584">1</subScript>
–Rs2 and the posterior portion of the discal vein are lacking, and on the hindwing veins, R 
<subScript attach="left" box="[1247,1255,169,183]" fontSize="6" pageId="7" pageNumber="584">1</subScript>
, 1A+2A and 3A are also lacking, but the plica on the place of the reduced CuP is drawn as a vein. Male and female wing venation of 
<emphasis box="[182,338,223,249]" italics="true" pageId="7" pageNumber="584">
<taxonomicName box="[182,335,223,249]" class="Insecta" family="Notodontidae" genus="Zaranga" kingdom="Animalia" order="Lepidoptera" pageId="7" pageNumber="584" phylum="Arthropoda" rank="species" species="tukuringra">Z. tukuringra</taxonomicName>
,
</emphasis>
see 
<figureCitation box="[389,522,223,249]" captionStart="FIGURES 7–10" captionStartId="5.[151,264,1464,1488]" captionTargetBox="[161,1425,781,1434]" captionTargetId="figure-270@5.[157,1431,777,1441]" captionTargetPageId="5" captionText="FIGURES 7–10. Wing venation in Zaranga. 7, 8—Zaranga tukuringra, fore and hind wings. 9, 10—Zaranga koreana, hind wings. 7, 9—males, 8, 10—females. Red lines indicates difference in the wing venation." figureDoi="http://doi.org/10.5281/zenodo.4529752" httpUri="https://zenodo.org/record/4529752/files/figure.png" pageId="7" pageNumber="584">
Figs 9 &amp; 
<quantity box="[494,522,223,249]" metricMagnitude="-1" metricUnit="m" metricValue="2.54" pageId="7" pageNumber="584" unit="in" value="10.0">10</quantity>
</figureCitation>
in the present paper. The valva is flipped 180 degrees (
<figureCitation box="[1144,1211,222,249]" captionStart="FIGURES 1–6" captionStartId="4.[151,264,1576,1600]" captionTargetBox="[151,1436,414,1548]" captionTargetId="figure-143@4.[151,1436,414,1549]" captionTargetPageId="4" captionText="FIGURES 1–6. Moths of Zaranga. 1–4—Zaranga koreana sp. nov.: 1—Jirisan, male, holotype; 2—Jirisan, female, paratype; 3—Hallasan, male, paratype; 2—Hallasan, female, paratype. 5, 6—Zaranga tukuringra: 5—male, Urusha; 6—female, Zeyskii Reserve. Scale-bar 10 mm." figureDoi="http://doi.org/10.5281/zenodo.4529750" httpUri="https://zenodo.org/record/4529750/files/figure.png" pageId="7" pageNumber="584">
Fig. 
<quantity box="[1197,1211,222,249]" metricMagnitude="-1" metricUnit="m" metricValue="1.27" pageId="7" pageNumber="584" unit="in" value="5.0">5</quantity>
</figureCitation>
in the cited article). Apophyses posteriores are missed on the drawing of the female genitalia (
<figureCitation box="[992,1062,259,285]" captionStart="FIGURES 1–6" captionStartId="4.[151,264,1576,1600]" captionTargetBox="[151,1436,414,1548]" captionTargetId="figure-143@4.[151,1436,414,1549]" captionTargetPageId="4" captionText="FIGURES 1–6. Moths of Zaranga. 1–4—Zaranga koreana sp. nov.: 1—Jirisan, male, holotype; 2—Jirisan, female, paratype; 3—Hallasan, male, paratype; 2—Hallasan, female, paratype. 5, 6—Zaranga tukuringra: 5—male, Urusha; 6—female, Zeyskii Reserve. Scale-bar 10 mm." figureDoi="http://doi.org/10.5281/zenodo.4529750" httpUri="https://zenodo.org/record/4529750/files/figure.png" pageId="7" pageNumber="584">Fig. 6</figureCitation>
, ibid) and in the text. In the text, latero-anterior extensions of lamella postvaginalis are misidentified as the apophyses anteriores. The signum is considered to be lacking, but present, as in 
<taxonomicName authorityName="Beljaev &amp; Choi &amp; Kuzmin" authorityYear="2021" box="[641,762,331,357]" class="Insecta" family="Notodontidae" genus="Zaranga" kingdom="Animalia" order="Lepidoptera" pageId="7" pageNumber="584" phylum="Arthropoda" rank="species" species="koreana">
<emphasis box="[641,762,331,357]" italics="true" pageId="7" pageNumber="584">Z. koreana</emphasis>
</taxonomicName>
and 
<taxonomicName authorityName=": Schintlmeister" authorityYear="1989" box="[818,943,331,356]" class="Insecta" family="Notodontidae" genus="Zaranga" kingdom="Animalia" order="Lepidoptera" pageId="7" pageNumber="584" phylum="Arthropoda" rank="species" species="pannosa">
<emphasis box="[818,943,331,356]" italics="true" pageId="7" pageNumber="584">Z. pannosa</emphasis>
</taxonomicName>
. Photos of the male and female genitalia of 
<taxonomicName box="[151,301,367,393]" class="Insecta" family="Notodontidae" genus="Zaranga" kingdom="Animalia" order="Lepidoptera" pageId="7" pageNumber="584" phylum="Arthropoda" rank="species" species="tukuringra">
<emphasis box="[151,301,367,393]" italics="true" pageId="7" pageNumber="584">Z. tukuringra</emphasis>
</taxonomicName>
see 
<figureCitation box="[350,475,366,393]" captionStart="FIGURES 11–19" captionStartId="6.[151,264,1688,1712]" captionTargetBox="[159,1422,171,1655]" captionTargetId="figure-23@6.[151,1436,159,1665]" captionTargetPageId="6" captionText="FIGURES 11–19. Male genitala of Zaranga. 11–14—Zaranga koreana sp. nov.: 11, 12—Jirisan, paratype; 13, 14—Hallasan, paratype Scale bar 5mm. 15–19—Zaranga tukuringra, Zeyskii Reserve. 11, 13, 15—the genital segment, ventral view, phallus removed; 12, 14, 18—phallus, ventral view, vesica everted; 16—uncus and socii, lateral view; 17—left valva, medial view, with medial harpe turned dorsad. Scale bar 1 mm." figureDoi="http://doi.org/10.5281/zenodo.4529754" httpUri="https://zenodo.org/record/4529754/files/figure.png" pageId="7" pageNumber="584">Figs 15–19</figureCitation>
and 
<quantity box="[530,629,367,393]" metricMagnitude="-1" metricUnit="m" metricValue="5.715" metricValueMax="5.842" metricValueMin="5.588" pageId="7" pageNumber="584" unit="in" value="22.5" valueMax="23.0" valueMin="22.0">
<figureCitation box="[530,600,367,393]" captionStart="FIGURES 20–23" captionStartId="7.[151,264,1372,1396]" captionTargetBox="[163,1436,430,1332]" captionTargetId="figure-159@7.[151,1436,417,1349]" captionTargetPageId="7" captionText="FIGURES 20–23. Female abdominal terminalia of Zaranga, ventral view. 20, 21—Zaranga koreana sp. nov., the genitalia with posterior margin of 8th abdominal sternite: 20—Jirisan, paratype, median portion of lamella postvaginalis is turned ventrad; 21—Hallasan, paratype; 22, 23—Zaranga tukuringra, Zeyskii Reserve: 22—female genitalia; 23—posterior portion of 8th abdominal sternite. Scale bar 1 mm." figureDoi="http://doi.org/10.5281/zenodo.4529758" httpUri="https://zenodo.org/record/4529758/files/figure.png" pageId="7" pageNumber="584">22–23</figureCitation>
in
</quantity>
the present paper.
</paragraph>
</subSubSection>
</treatment>
</document>