<document ID-DOI="http://doi.org/10.5281/zenodo.4669929" ID-GBIF-Dataset="c2d59cb8-6001-48c9-b41d-96af31028066" ID-ISSN="1175-5326" ID-Zenodo-Dep="4669929" ID-ZooBank="2B5E0C82-3B2F-4C90-8604-73E53F7C590B" _generate="added" checkinTime="1616486547324" checkinUser="plazi" docAuthor="Gasca, Rebeca &amp; Hendrickx, Michel E." docDate="2021" docId="03A087ACE66C396604CADED1FBFCE7FD" docLanguage="en" docName="zootaxa.4948.3.6.pdf" docOrigin="Zootaxa 4948 (3)" docStyle="DocumentStyle:647186512141C8FC8976D5BCC54AEB7D.6:Zootaxa.2013.journal_article" docStyleId="647186512141C8FC8976D5BCC54AEB7D" docStyleName="Zootaxa.2013.journal_article" docStyleVersion="6" docTitle="Eupronoe minuta Claus 1879" docType="treatment" docVersion="5" lastPageNumber="422" masterDocId="FF99FFD4E66F3965045DDD02FFDFE00C" masterDocTitle="Pelagic amphipods (Crustacea: Amphipoda: Hyperiidea) in western Mexico. 2 Family Eupronoidae" masterLastPageNumber="430" masterPageNumber="419" pageId="3" pageNumber="422" updateTime="1617799768170" updateUser="ExternalLinkService" zenodo-license-document="CLOSED">
<mods:mods xmlns:mods="http://www.loc.gov/mods/v3">
<mods:titleInfo>
<mods:title>Pelagic amphipods (Crustacea: Amphipoda: Hyperiidea) in western Mexico. 2 Family Eupronoidae</mods:title>
</mods:titleInfo>
<mods:name type="personal">
<mods:role>
<mods:roleTerm>Author</mods:roleTerm>
</mods:role>
<mods:namePart>Gasca, Rebeca</mods:namePart>
<mods:affiliation>El Colegio de la Frontera Sur, Unidad Chetumal, Av. del Centenario Km. 5.5, Chetumal, Quintana Roo, 77014, Mexico. rgasca @ ecosur. mx</mods:affiliation>
</mods:name>
<mods:name type="personal">
<mods:role>
<mods:roleTerm>Author</mods:roleTerm>
</mods:role>
<mods:namePart>Hendrickx, Michel E.</mods:namePart>
<mods:affiliation>Laboratorio de Invertebrados Bentónicos, Unidad Académica Mazatlán, Instituto de Ciencias del Mar y Limnología, Universidad</mods:affiliation>
</mods:name>
<mods:typeOfResource>text</mods:typeOfResource>
<mods:relatedItem type="host">
<mods:titleInfo>
<mods:title>Zootaxa</mods:title>
</mods:titleInfo>
<mods:part>
<mods:date>2021</mods:date>
<mods:detail type="pubDate">
<mods:number>2021-03-22</mods:number>
</mods:detail>
<mods:detail type="volume">
<mods:number>4948</mods:number>
</mods:detail>
<mods:detail type="issue">
<mods:number>3</mods:number>
</mods:detail>
<mods:extent unit="page">
<mods:start>419</mods:start>
<mods:end>430</mods:end>
</mods:extent>
</mods:part>
</mods:relatedItem>
<mods:classification>journal article</mods:classification>
<mods:identifier type="DOI">https://doi.org/10.11646/zootaxa.4948.3.6</mods:identifier>
<mods:identifier type="GBIF-Dataset">c2d59cb8-6001-48c9-b41d-96af31028066</mods:identifier>
<mods:identifier type="ISSN">1175-5326</mods:identifier>
<mods:identifier type="Zenodo-Dep">4629183</mods:identifier>
<mods:identifier type="ZooBank">2B5E0C82-3B2F-4C90-8604-73E53F7C590B</mods:identifier>
</mods:mods>
<treatment ID-DOI="http://doi.org/10.5281/zenodo.4669929" ID-Zenodo-Dep="4669929" LSID="urn:lsid:plazi:treatment:03A087ACE66C396604CADED1FBFCE7FD" httpUri="http://treatment.plazi.org/id/03A087ACE66C396604CADED1FBFCE7FD" lastPageNumber="422" pageId="3" pageNumber="422">
<subSubSection box="[151,518,978,1005]" pageId="3" pageNumber="422" type="nomenclature">
<paragraph blockId="3.[151,518,978,1005]" box="[151,518,978,1005]" pageId="3" pageNumber="422">
<heading bold="true" box="[151,518,978,1005]" fontSize="11" level="1" pageId="3" pageNumber="422" reason="1">
<taxonomicName authority="Claus, 1879" authorityName="Claus" authorityYear="1879" box="[151,518,978,1005]" class="Malacostraca" family="Pronoidae" genus="Eupronoe" kingdom="Animalia" order="Amphipoda" pageId="3" pageNumber="422" phylum="Arthropoda" rank="species" species="minuta">
<emphasis bold="true" box="[151,518,978,1005]" pageId="3" pageNumber="422">
<emphasis bold="true" box="[151,365,979,1005]" italics="true" pageId="3" pageNumber="422">Eupronoe minuta</emphasis>
<bibRefCitation author="Claus, C." box="[373,518,978,1004]" pageId="3" pageNumber="422" pagination="5 - 43" refId="ref7625" refString="Claus, C. (1879) Die gatungen und Arten der Platyscelidae in systematischen Ubersicht. Arbeiten aus dem Zoologischen Instituten Wien, 2, 5 - 43 + 147 - 198." type="journal article" year="1879">Claus, 1879</bibRefCitation>
</emphasis>
</taxonomicName>
</heading>
</paragraph>
</subSubSection>
<subSubSection pageId="3" pageNumber="422" type="reference_group">
<paragraph blockId="3.[151,1437,1047,1133]" pageId="3" pageNumber="422">
<treatmentCitationGroup pageId="3" pageNumber="422">
<treatmentCitation author="Claus, C." box="[151,497,1047,1071]" page="28" pageId="3" pageNumber="422" year="1879">
<taxonomicName authority="Claus, 1879: 28" authorityName="Claus" authorityPageNumber="28" authorityYear="1879" box="[151,497,1047,1071]" class="Malacostraca" family="Pronoidae" genus="Eupronoe" kingdom="Animalia" order="Amphipoda" pageId="3" pageNumber="422" phylum="Arthropoda" rank="species" species="minuta">
<emphasis box="[151,327,1048,1071]" italics="true" pageId="3" pageNumber="422">Eupronoe minuta</emphasis>
<bibRefCitation author="Claus, C." box="[334,497,1047,1071]" pageId="3" pageNumber="422" pagination="5 - 43" refId="ref7625" refString="Claus, C. (1879) Die gatungen und Arten der Platyscelidae in systematischen Ubersicht. Arbeiten aus dem Zoologischen Instituten Wien, 2, 5 - 43 + 147 - 198." type="journal article" year="1879">Claus, 1879: 28</bibRefCitation>
</taxonomicName>
</treatmentCitation>
; 
<treatmentCitation author="Siegel-Causey, D." box="[508,771,1047,1071]" page="275" pageId="3" pageNumber="422" year="1982">
<bibRefCitation author="Siegel-Causey, D." box="[508,771,1047,1071]" pageId="3" pageNumber="422" refId="ref8692" refString="Siegel-Causey, D. (1982) Factors determining the distribution of hyperiid Amphipoda in the Gulf of California. Ph. D. Thesis, University of Arizona, Tucson, Arizona, 535 pp." type="book" year="1982">Siegel-Causey, 1982: 275</bibRefCitation>
</treatmentCitation>
; 
<treatmentCitation author="Vinogradov, M. E. &amp; Volkov, A. F. &amp; Semenova, T. N." box="[781,1074,1047,1071]" page="448" pageId="3" pageNumber="422" year="1996">
<bibRefCitation author="Vinogradov, M. E. &amp; Volkov, A. F. &amp; Semenova, T. N." box="[781,1074,1047,1071]" pageId="3" pageNumber="422" refId="ref8899" refString="Vinogradov, M. E., Volkov, A. F. &amp; Semenova, T. N. (1996) Hyperiid amphipods (Amphipoda, Hyperiidea) of the world oceans. Oxonian Press Pvt. Ltd., New Delhi, 632 pp." type="book" year="1996">
Vinogradov 
<emphasis box="[908,952,1047,1071]" italics="true" pageId="3" pageNumber="422">et al</emphasis>
., 1996: 448
</bibRefCitation>
</treatmentCitation>
(key), 449, fig. 195; 
<bibRefCitation author="Gasca, R." box="[1291,1420,1047,1071]" pageId="3" pageNumber="422" pagination="83 - 95" refId="ref7747" refString="Gasca, R. (2009) Hyperiid amphipods (Crustacea: Peracarida) in Mexican waters of the Pacific Ocean. Pacific Science, 63 (1), 83 - 95. https: // doi. org / 10.2984 / 1534 - 6188 (2009) 63 [83: HACPIM] 2.0. CO; 2" type="journal article" year="2009">Gasca, 2009</bibRefCitation>
b: 87 (table 1); 
<treatmentCitation author="Gasca, R. &amp; Suarez-Morales, E. &amp; Franco-Gordo, C." box="[327,560,1078,1102]" page="933" pageId="3" pageNumber="422" year="2010">
<bibRefCitation author="Gasca, R. &amp; Suarez-Morales, E. &amp; Franco-Gordo, C." box="[327,560,1078,1102]" pageId="3" pageNumber="422" pagination="927 - 940" refId="ref8125" refString="Gasca, R., Suarez-Morales, E. &amp; Franco-Gordo, C. (2010) New records of hyperiids (Amphipoda, Hyperiidea) from surface waters of the central Mexican Pacific. Crustaceana, 83 (8), 927 - 940. https: // doi. org / 10.1163 / 001121610 X 504298" type="journal article" year="2010">
Gasca 
<emphasis box="[394,438,1078,1102]" italics="true" pageId="3" pageNumber="422">et al</emphasis>
., 2010: 933
</bibRefCitation>
</treatmentCitation>
; 
<treatmentCitation author="Gasca, R. &amp; Franco-Gordo, C. &amp; Suarez-Morales, E. &amp; Godinez-Dominguez, E." box="[570,671,1078,1102]" page="126" pageId="3" pageNumber="422" year="2012">
<bibRefCitation author="Gasca, R. &amp; Franco-Gordo, C. &amp; Suarez-Morales, E. &amp; Godinez-Dominguez, E." box="[570,671,1078,1102]" pageId="3" pageNumber="422" pagination="123 - 139" refId="ref8038" refString="Gasca, R., Franco-Gordo, C., Suarez-Morales, E. &amp; Godinez-Dominguez, E. (2012) Hyperiid amphipod community in the Eastern Tropical Pacific before, during, and after El Nino 1997 - 1998. Marine Ecology Progress Series, 455, 123 - 139. [http: // www. int-res. com / abstracts / meps / v 455 / p 123 - 139 /] https: // doi. org / 10.3354 / meps 09571" type="journal article" year="2012">2012: 126</bibRefCitation>
</treatmentCitation>
(
<tableCitation box="[684,759,1078,1102]" captionStart="TABLE 1" captionStartId="7.[151,239,1088,1112]" captionTargetPageId="7" captionText="TABLE 1. Number of specimens of Eupronoidae collected during this survey and number of stations where they were found." pageId="3" pageNumber="422">Table 1</tableCitation>
); 
<treatmentCitation author="Lavaniegos, B. E. &amp; Hereu, C." box="[780,1154,1078,1102]" page="139" pageId="3" pageNumber="422" year="2009">
<bibRefCitation author="Lavaniegos, B. E. &amp; Hereu, C." box="[780,1154,1078,1102]" pageId="3" pageNumber="422" pagination="137 - 152" refId="ref8469" refString="Lavaniegos, B. E. &amp; Hereu, C. (2009) Seasonal variation in hyperiid amphipod abundance and diversity and influence of mesoscale structures off Baja California. Marine Ecology Progress Series, 394, 137 - 152. https: // doi. org / 10.3354 / meps 08285" type="journal article" year="2009">Lavaniegos &amp; Hereu, 2009: 139–147</bibRefCitation>
</treatmentCitation>
(passim), 142 (table 1), 152 (Appendix 1); 
<treatmentCitation author="Lavaniegos, B. E." box="[348,580,1108,1133]" page="1" pageId="3" pageNumber="422" year="2014">
<bibRefCitation author="Lavaniegos, B. E." box="[348,580,1108,1133]" pageId="3" pageNumber="422" pagination="1 - 12" refId="ref8364" refString="Lavaniegos, B. E. (2014) Pelagic amphipod assemblage associated with subarctic water off the West Coast of the Baja California Peninsula. Journal of Marine Systems, 132, 1 - 12. https: // doi. org / 10.1016 / j. jmarsys. 2013.12.012" type="journal article" year="2014">Lavaniegos, 2014: 1–8</bibRefCitation>
</treatmentCitation>
(passim), 4 (table 1), 10 (table 4); 2017: 13–24 (passim), 18 (table 2).
</treatmentCitationGroup>
</paragraph>
</subSubSection>
<subSubSection pageId="3" pageNumber="422" type="materials_examined">
<paragraph blockId="3.[151,1437,1178,2033]" pageId="3" pageNumber="422">
<emphasis bold="true" box="[151,379,1178,1204]" pageId="3" pageNumber="422">Material examined</emphasis>
. 5M and 21F from 8 stations. (
<figureCitation box="[741,804,1179,1206]" captionStart="FIGURES 3–4. 3" captionStartId="6.[151,264,1943,1967]" captionTargetBox="[262,1326,181,1919]" captionTargetId="figure-22@6.[262,1326,181,1919]" captionTargetPageId="6" captionText="FIGURES 3–4. 3. Localities where Eupronoe minuta Claus, 1879, was captured during this survey. 4. Localities where Parapronoe parva Claus, 1879, was captured during this survey." figureDoi="http://doi.org/10.5281/zenodo.4629189" httpUri="https://zenodo.org/record/4629189/files/figure.png" pageId="3" pageNumber="422">Fig.3</figureCitation>
). 
<materialsCitation collectingDate="1989-12-12" collectionCode="TALUD" latitude="23.266666" longLatPrecision="1256" longitude="-107.51667" pageId="3" pageNumber="422" specimenCount="1">
<collectionCode box="[824,917,1179,1205]" pageId="3" pageNumber="422">TALUD</collectionCode>
I. St. 5 (
<geoCoordinate box="[1022,1121,1179,1205]" degrees="23" direction="north" minutes="16" orientation="latitude" pageId="3" pageNumber="422" precision="925" value="23.266666">23°16’N</geoCoordinate>
, 
<geoCoordinate box="[1135,1255,1179,1205]" degrees="107" direction="west" minutes="31" orientation="longitude" pageId="3" pageNumber="422" precision="925" value="-107.51667">107°31’W</geoCoordinate>
), 
<date pageId="3" pageNumber="422" value="1989-12-12">
<collectingDate pageId="3" pageNumber="422" value="1989-12-12">December 12, 1989</collectingDate>
</date>
</materialsCitation>
, 1M, BO, surface to ca. 
<quantity box="[500,574,1215,1241]" metricMagnitude="2" metricUnit="m" metricValue="2.0" pageId="3" pageNumber="422" unit="m" value="200.0">200 m</quantity>
(ICML-EMU-12768-A). 
<materialsCitation collectingDate="1991-08-17" collectionCode="TALUD, III" latitude="22.61" longLatPrecision="21" longitude="-106.598335" pageId="3" pageNumber="422" specimenCount="1">
<collectionCode box="[869,1002,1215,1241]" pageId="3" pageNumber="422">TALUD III</collectionCode>
. St. 3B (
<geoCoordinate box="[1108,1248,1215,1241]" degrees="22" direction="north" minutes="36" orientation="latitude" pageId="3" pageNumber="422" precision="15" seconds="36" value="22.61">22°36’36”N</geoCoordinate>
, 
<geoCoordinate box="[1263,1424,1214,1241]" degrees="106" direction="west" minutes="35" orientation="longitude" pageId="3" pageNumber="422" precision="15" seconds="54" value="-106.598335">106°35’54”W</geoCoordinate>
), 
<date box="[151,346,1251,1277]" pageId="3" pageNumber="422" value="1991-08-17">
<collectingDate box="[151,346,1251,1277]" pageId="3" pageNumber="422" value="1991-08-17">August 17, 1991</collectingDate>
</date>
</materialsCitation>
, 
<materialsCitation collectingDate="1991-08-18" collectionCode="TD" elevation="275" latitude="23.723333" longLatPrecision="21" longitude="-107.651665" pageId="3" pageNumber="422" specimenCount="1">
1M, 1F, I-K from surface to 
<quantity box="[698,773,1250,1277]" metricMagnitude="2" metricUnit="m" metricValue="2.75" pageId="3" pageNumber="422" unit="m" value="275.0">
<elevation box="[698,773,1250,1277]" metricMagnitude="2" metricUnit="m" metricValue="2.75" pageId="3" pageNumber="422" unit="m" value="275.0">275 m</elevation>
</quantity>
(
<collectionCode box="[791,830,1251,1277]" pageId="3" pageNumber="422">TD</collectionCode>
ND) (ICML-EMU-12768-B); St. 10B (
<geoCoordinate box="[1291,1431,1251,1277]" degrees="23" direction="north" minutes="43" orientation="latitude" pageId="3" pageNumber="422" precision="15" seconds="24" value="23.723333">23°43’24”N</geoCoordinate>
, 
<geoCoordinate box="[151,312,1287,1314]" degrees="107" direction="west" minutes="39" orientation="longitude" pageId="3" pageNumber="422" precision="15" seconds="06" value="-107.651665">107°39’06”W</geoCoordinate>
), 
<date box="[335,532,1287,1313]" pageId="3" pageNumber="422" value="1991-08-18">
<collectingDate box="[335,532,1287,1313]" pageId="3" pageNumber="422" value="1991-08-18">August 18, 1991</collectingDate>
</date>
</materialsCitation>
, 
<materialsCitation collectingDate="1991-08-20" collectionCode="TD" elevation="630" latitude="25.306665" longLatPrecision="21" longitude="-109.310005" pageId="3" pageNumber="422" specimenCount="1">
2M, 6F, I-K from surface to 
<quantity box="[893,969,1287,1313]" metricMagnitude="2" metricUnit="m" metricValue="6.3" pageId="3" pageNumber="422" unit="m" value="630.0">
<elevation box="[893,969,1287,1313]" metricMagnitude="2" metricUnit="m" metricValue="6.3" pageId="3" pageNumber="422" unit="m" value="630.0">630 m</elevation>
</quantity>
(
<collectionCode box="[988,1027,1287,1313]" pageId="3" pageNumber="422">TD</collectionCode>
ND) (ECO-CH-Z-10369); St. 19B (
<geoCoordinate box="[160,300,1322,1349]" degrees="25" direction="north" minutes="18" orientation="latitude" pageId="3" pageNumber="422" precision="15" seconds="24" value="25.306665">25°18’24”N</geoCoordinate>
, 
<geoCoordinate box="[312,473,1323,1350]" degrees="109" direction="west" minutes="18" orientation="longitude" pageId="3" pageNumber="422" precision="15" seconds="36" value="-109.310005">109°18’36”W</geoCoordinate>
), 
<date box="[492,681,1323,1349]" pageId="3" pageNumber="422" value="1991-08-20">
<collectingDate box="[492,681,1323,1349]" pageId="3" pageNumber="422" value="1991-08-20">August 20, 1991</collectingDate>
</date>
</materialsCitation>
, 
<materialsCitation collectingDate="1991-08-21" collectionCode="TD" elevation="600" latitude="25.85" longLatPrecision="20" longitude="-109.95" pageId="3" pageNumber="422" specimenCount="1">
6F, I-K from surface to 
<quantity box="[961,1033,1323,1349]" metricMagnitude="2" metricUnit="m" metricValue="6.0" pageId="3" pageNumber="422" unit="m" value="600.0">
<elevation box="[961,1033,1323,1349]" metricMagnitude="2" metricUnit="m" metricValue="6.0" pageId="3" pageNumber="422" unit="m" value="600.0">600 m</elevation>
</quantity>
(
<collectionCode box="[1048,1087,1323,1349]" pageId="3" pageNumber="422">TD</collectionCode>
<quantity box="[1094,1181,1323,1349]" metricMagnitude="3" metricUnit="m" metricValue="1.89" pageId="3" pageNumber="422" unit="m" value="1890.0">
<elevation box="[1094,1181,1323,1349]" metricMagnitude="3" metricUnit="m" metricValue="1.89" pageId="3" pageNumber="422" unit="m" value="1890.0">1890 m</elevation>
</quantity>
) (ICML-EMU-12768- C); St. 25A1 (
<geoCoordinate box="[310,449,1358,1385]" degrees="25" direction="north" minutes="51" orientation="latitude" pageId="3" pageNumber="422" precision="15" seconds="00" value="25.85">25°51’00”N</geoCoordinate>
, 
<geoCoordinate box="[462,623,1358,1385]" degrees="109" direction="west" minutes="57" orientation="longitude" pageId="3" pageNumber="422" precision="15" seconds="00" value="-109.95">109°57’00”W</geoCoordinate>
), 
<date box="[641,829,1359,1385]" pageId="3" pageNumber="422" value="1991-08-21">
<collectingDate box="[641,829,1359,1385]" pageId="3" pageNumber="422" value="1991-08-21">August 21, 1991</collectingDate>
</date>
</materialsCitation>
, 
<materialsCitation collectionCode="TD" elevation="200" pageId="3" pageNumber="422" specimenCount="1">
3 F, I-K from surface to 
<quantity box="[1114,1185,1359,1385]" metricMagnitude="2" metricUnit="m" metricValue="2.0" pageId="3" pageNumber="422" unit="m" value="200.0">
<elevation box="[1114,1185,1359,1385]" metricMagnitude="2" metricUnit="m" metricValue="2.0" pageId="3" pageNumber="422" unit="m" value="200.0">200 m</elevation>
</quantity>
(
<collectionCode box="[1200,1239,1359,1385]" pageId="3" pageNumber="422">TD</collectionCode>
<quantity box="[1246,1332,1359,1385]" metricMagnitude="3" metricUnit="m" metricValue="2.0" pageId="3" pageNumber="422" unit="m" value="2000.0">
<elevation box="[1246,1332,1359,1385]" metricMagnitude="3" metricUnit="m" metricValue="2.0" pageId="3" pageNumber="422" unit="m" value="2000.0">2000 m</elevation>
</quantity>
) (ICML- EMU-12768-D)
</materialsCitation>
. 
<materialsCitation box="[346,1078,1395,1422]" collectingDate="2000-08-23" collectionCode="TALUD, IV" latitude="22.006111" longLatPrecision="21" longitude="-106.82166" pageId="3" pageNumber="422" specimenCount="1">
<collectionCode box="[346,476,1395,1421]" pageId="3" pageNumber="422">TALUD IV</collectionCode>
. St. 7 (
<geoCoordinate box="[555,696,1395,1421]" degrees="22" direction="north" minutes="00" orientation="latitude" pageId="3" pageNumber="422" precision="15" seconds="22" value="22.006111">22°00’22”N</geoCoordinate>
, 
<geoCoordinate box="[708,868,1395,1422]" degrees="106" direction="west" minutes="49" orientation="longitude" pageId="3" pageNumber="422" precision="15" seconds="18" value="-106.82166">106°49’18”W</geoCoordinate>
), 
<date box="[888,1078,1395,1421]" pageId="3" pageNumber="422" value="2000-08-23">
<collectingDate box="[888,1078,1395,1421]" pageId="3" pageNumber="422" value="2000-08-23">August 23, 2000</collectingDate>
</date>
</materialsCitation>
, 1F, 
<materialsCitation collectionCode="MN, TD" elevation="500" pageId="3" pageNumber="422" specimenCount="1">
<collectionCode box="[1132,1177,1395,1421]" country="Brazil" name="Museu Nacional, Universidade Federal do Rio de Janeiro" pageId="3" pageNumber="422">MN</collectionCode>
from surface to 
<quantity box="[1365,1436,1394,1421]" metricMagnitude="2" metricUnit="m" metricValue="5.0" pageId="3" pageNumber="422" unit="m" value="500.0">
<elevation box="[1365,1436,1394,1421]" metricMagnitude="2" metricUnit="m" metricValue="5.0" pageId="3" pageNumber="422" unit="m" value="500.0">500 m</elevation>
</quantity>
(
<collectionCode box="[159,198,1431,1457]" pageId="3" pageNumber="422">TD</collectionCode>
<quantity box="[207,295,1431,1457]" metricMagnitude="3" metricUnit="m" metricValue="1.97" pageId="3" pageNumber="422" unit="m" value="1970.0">
<elevation box="[207,295,1431,1457]" metricMagnitude="3" metricUnit="m" metricValue="1.97" pageId="3" pageNumber="422" unit="m" value="1970.0">1970 m</elevation>
</quantity>
) (ICML-EMU-12769-A)
</materialsCitation>
. 
<materialsCitation box="[596,1335,1431,1457]" collectingDate="2001-03-14" collectionCode="TALUD, VI" latitude="22.360834" longLatPrecision="21" longitude="-107.028336" pageId="3" pageNumber="422" specimenCount="1">
<collectionCode box="[596,689,1431,1457]" pageId="3" pageNumber="422">TALUD</collectionCode>
<collectionCode box="[697,730,1431,1457]" country="Norway" name="Mykotektet, National Veterinary Institute" pageId="3" pageNumber="422">VI</collectionCode>
. St. 7 (
<geoCoordinate box="[814,953,1431,1457]" degrees="22" direction="north" minutes="21" orientation="latitude" pageId="3" pageNumber="422" precision="15" seconds="39" value="22.360834">22°21’39”N</geoCoordinate>
, 
<geoCoordinate box="[967,1128,1431,1457]" degrees="107" direction="west" minutes="01" orientation="longitude" pageId="3" pageNumber="422" precision="15" seconds="42" value="-107.028336">107°01’42”W</geoCoordinate>
), 
<date box="[1150,1335,1431,1457]" pageId="3" pageNumber="422" value="2001-03-14">
<collectingDate box="[1150,1335,1431,1457]" pageId="3" pageNumber="422" value="2001-03-14">March 14, 2001</collectingDate>
</date>
</materialsCitation>
, 2F, 
<materialsCitation collectionCode="MN, TD" elevation="1305" pageId="3" pageNumber="422" specimenCount="1">
<collectionCode box="[1391,1436,1431,1457]" country="Brazil" name="Museu Nacional, Universidade Federal do Rio de Janeiro" pageId="3" pageNumber="422">MN</collectionCode>
from surface to 
<quantity box="[334,420,1466,1493]" metricMagnitude="3" metricUnit="m" metricValue="1.305" pageId="3" pageNumber="422" unit="m" value="1305.0">
<elevation box="[334,420,1466,1493]" metricMagnitude="3" metricUnit="m" metricValue="1.305" pageId="3" pageNumber="422" unit="m" value="1305.0">1305 m</elevation>
</quantity>
(
<collectionCode box="[436,475,1467,1493]" pageId="3" pageNumber="422">TD</collectionCode>
<quantity box="[484,571,1467,1493]" metricMagnitude="3" metricUnit="m" metricValue="2.1" pageId="3" pageNumber="422" unit="m" value="2100.0">
<elevation box="[484,571,1467,1493]" metricMagnitude="3" metricUnit="m" metricValue="2.1" pageId="3" pageNumber="422" unit="m" value="2100.0">2100 m</elevation>
</quantity>
) (ICML-EMU-12769-B)
</materialsCitation>
. 
<materialsCitation collectingDate="2001-06-08" collectionCode="TALUD, VII" latitude="25.300554" longLatPrecision="21" longitude="-109.402504" pageId="3" pageNumber="422" specimenCount="1">
<collectionCode box="[870,1013,1467,1493]" pageId="3" pageNumber="422">TALUD VII</collectionCode>
. St. 29 (
<geoCoordinate box="[1109,1250,1466,1493]" degrees="25" direction="north" minutes="18" orientation="latitude" pageId="3" pageNumber="422" precision="15" seconds="02" value="25.300554">25°18’02”N</geoCoordinate>
, 
<geoCoordinate box="[1262,1423,1467,1493]" degrees="109" direction="west" minutes="24" orientation="longitude" pageId="3" pageNumber="422" precision="15" seconds="09" value="-109.402504">109°24’09”W</geoCoordinate>
), 
<date box="[151,297,1503,1529]" pageId="3" pageNumber="422" value="2001-06-08">
<collectingDate box="[151,297,1503,1529]" pageId="3" pageNumber="422" value="2001-06-08">June 8, 2001</collectingDate>
</date>
</materialsCitation>
, 2F, 1M, 
<materialsCitation box="[402,940,1502,1529]" collectionCode="MN, TD" elevation="1335" pageId="3" pageNumber="422" specimenCount="1">
<collectionCode box="[402,450,1503,1529]" country="Brazil" name="Museu Nacional, Universidade Federal do Rio de Janeiro" pageId="3" pageNumber="422">MN</collectionCode>
, 
<quantity box="[461,546,1502,1529]" metricMagnitude="3" metricUnit="m" metricValue="1.335" pageId="3" pageNumber="422" unit="m" value="1335.0">
<elevation box="[461,546,1502,1529]" metricMagnitude="3" metricUnit="m" metricValue="1.335" pageId="3" pageNumber="422" unit="m" value="1335.0">1335 m</elevation>
</quantity>
(
<collectionCode box="[560,599,1503,1529]" pageId="3" pageNumber="422">TD</collectionCode>
<quantity box="[606,692,1503,1529]" metricMagnitude="3" metricUnit="m" metricValue="2.08" pageId="3" pageNumber="422" unit="m" value="2080.0">
<elevation box="[606,692,1503,1529]" metricMagnitude="3" metricUnit="m" metricValue="2.08" pageId="3" pageNumber="422" unit="m" value="2080.0">2080 m</elevation>
</quantity>
) (ECO-CH-Z-10370)
</materialsCitation>
.
</paragraph>
</subSubSection>
<subSubSection pageId="3" pageNumber="422" type="distribution">
<paragraph blockId="3.[151,1437,1178,2033]" pageId="3" pageNumber="422">
<emphasis bold="true" box="[199,345,1538,1564]" pageId="3" pageNumber="422">Distribution</emphasis>
. Cosmopolitan. Epipelagic in tropical and temperate areas (
<bibRefCitation author="Vinogradov, M. E. &amp; Volkov, A. F. &amp; Semenova, T. N." box="[1008,1269,1539,1566]" pageId="3" pageNumber="422" refId="ref8899" refString="Vinogradov, M. E., Volkov, A. F. &amp; Semenova, T. N. (1996) Hyperiid amphipods (Amphipoda, Hyperiidea) of the world oceans. Oxonian Press Pvt. Ltd., New Delhi, 632 pp." type="book" year="1996">
Vinogradov 
<emphasis box="[1148,1196,1539,1565]" italics="true" pageId="3" pageNumber="422">et al</emphasis>
. 1996
</bibRefCitation>
). In the eastern Pacific it is known from the Gulf of 
<collectingRegion box="[572,686,1575,1601]" country="United States of America" name="California" pageId="3" pageNumber="422">California</collectingRegion>
(
<bibRefCitation author="Brusca, R. C. &amp; Hendrickx, M. E." box="[701,1006,1574,1601]" pageId="3" pageNumber="422" refId="ref7455" refString="Brusca, R. C. &amp; Hendrickx, M. E. (2005) Cap. 12. Crustacea 4. Lophogastrida, Mysida, Amphipoda Tanaidacea &amp; Cumacea. In:" type="book" year="2005">Brusca &amp; Hendrickx 2005</bibRefCitation>
; 
<bibRefCitation author="Garcia-Madrigal, M. S." box="[1019,1272,1575,1601]" pageId="3" pageNumber="422" pagination="63 - 195" refId="ref7704" refString="Garcia-Madrigal, M. S. (2007) Annotated checklist of the amphipods (Peracarida: Amphipoda) from the tropical eastern Pacific. Contributions to the study of East Pacific Crustaceans, 4 (2), 63 - 195." type="journal article" year="2007">Garcia-Madrigal 2007</bibRefCitation>
) and has been reported as ‘very common’ along the west coast of the 
<collectingRegion box="[775,948,1611,1637]" country="Mexico" name="Baja California" pageId="3" pageNumber="422">Baja California</collectingRegion>
Peninsula (
<bibRefCitation author="Lavaniegos, B. E. &amp; Hereu, C." box="[1080,1385,1611,1637]" pageId="3" pageNumber="422" pagination="137 - 152" refId="ref8469" refString="Lavaniegos, B. E. &amp; Hereu, C. (2009) Seasonal variation in hyperiid amphipod abundance and diversity and influence of mesoscale structures off Baja California. Marine Ecology Progress Series, 394, 137 - 152. https: // doi. org / 10.3354 / meps 08285" type="journal article" year="2009">Lavaniegos &amp; Hereu 2009</bibRefCitation>
; 
<bibRefCitation author="Lavaniegos, B. E." pageId="3" pageNumber="422" pagination="1 - 12" refId="ref8364" refString="Lavaniegos, B. E. (2014) Pelagic amphipod assemblage associated with subarctic water off the West Coast of the Baja California Peninsula. Journal of Marine Systems, 132, 1 - 12. https: // doi. org / 10.1016 / j. jmarsys. 2013.12.012" type="journal article" year="2014">Lavaniegos 2014</bibRefCitation>
, 
<bibRefCitation author="Lavaniegos, B. E." box="[328,389,1647,1673]" pageId="3" pageNumber="422" pagination="13 - 26" refId="ref8415" refString="Lavaniegos, B. E. (2017) Changes in composition of summer hyperiid amphipods from a subtropical region of the California Current during 2002 - 2008. Journal of Marine Systems, 165, 13 - 26. https: // doi. org / 10.1016 / j. jmarsys. 2016.09.001" type="journal article" year="2017">2017</bibRefCitation>
); its known distribution stretches south to off 
<collectingRegion box="[901,977,1647,1673]" country="Mexico" name="Jalisco" pageId="3" pageNumber="422">Jalisco</collectingRegion>
and 
<collectingRegion box="[1032,1114,1647,1673]" country="Mexico" name="Colima" pageId="3" pageNumber="422">Colima</collectingRegion>
(
<bibRefCitation author="Gasca, R. &amp; Franco-Gordo, C. &amp; Suarez-Morales, E. &amp; Godinez-Dominguez, E." box="[1129,1330,1647,1673]" pageId="3" pageNumber="422" pagination="123 - 139" refId="ref8038" refString="Gasca, R., Franco-Gordo, C., Suarez-Morales, E. &amp; Godinez-Dominguez, E. (2012) Hyperiid amphipod community in the Eastern Tropical Pacific before, during, and after El Nino 1997 - 1998. Marine Ecology Progress Series, 455, 123 - 139. [http: // www. int-res. com / abstracts / meps / v 455 / p 123 - 139 /] https: // doi. org / 10.3354 / meps 09571" type="journal article" year="2012">
Gasca 
<emphasis box="[1206,1255,1647,1673]" italics="true" pageId="3" pageNumber="422">et al</emphasis>
. 2012
</bibRefCitation>
).
</paragraph>
</subSubSection>
<subSubSection pageId="3" pageNumber="422" type="discussion">
<paragraph blockId="3.[151,1437,1178,2033]" pageId="3" pageNumber="422">
<emphasis bold="true" box="[199,308,1683,1709]" pageId="3" pageNumber="422">Remarks</emphasis>
. According to 
<bibRefCitation author="Siegel-Causey, D." box="[478,723,1683,1709]" pageId="3" pageNumber="422" refId="ref8692" refString="Siegel-Causey, D. (1982) Factors determining the distribution of hyperiid Amphipoda in the Gulf of California. Ph. D. Thesis, University of Arizona, Tucson, Arizona, 535 pp." type="book" year="1982">Siegel-Causey (1982)</bibRefCitation>
and 
<bibRefCitation author="Brusca, R. C. &amp; Hendrickx, M. E." box="[780,1088,1683,1709]" pageId="3" pageNumber="422" refId="ref7567" refString="Brusca, R. C. &amp; Hendrickx, M. E. (2008 onwards) The Gulf of California Invertebrate Database: The Invertebrate Portion of the Macrofauna Golfo Database. Available from: http: // www. desertmuseum. org / center / seaofcortez / database. php (accessed 2 March 2021)" type="url" year="2008">Brusca &amp; Hendrickx (2008</bibRefCitation>
onwards), 
<taxonomicName authorityName="Claus" authorityYear="1879" box="[1215,1325,1683,1708]" class="Malacostraca" family="Pronoidae" genus="Eupronoe" kingdom="Animalia" order="Amphipoda" pageId="3" pageNumber="422" phylum="Arthropoda" rank="species" species="minuta">
<emphasis box="[1215,1325,1683,1708]" italics="true" pageId="3" pageNumber="422">E. minuta</emphasis>
</taxonomicName>
is widely distributed in the Gulf of 
<collectingRegion box="[442,558,1719,1745]" country="United States of America" name="California" pageId="3" pageNumber="422">California</collectingRegion>
, where it occurs from 
<geoCoordinate box="[813,911,1718,1745]" degrees="29" direction="north" minutes="57" orientation="latitude" pageId="3" pageNumber="422" precision="925" value="29.95">29°57’N</geoCoordinate>
(off Punta Tepoca) in the northeastern Gulf to 
<geoCoordinate box="[151,288,1755,1781]" degrees="22" direction="north" minutes="21" orientation="latitude" pageId="3" pageNumber="422" precision="15" seconds="39" value="22.360834">22°21’39”N</geoCoordinate>
in the southwestern Gulf (TALUD VI. St. 7 record). Our material, however, did not include specimens from the northern Gulf and all samples were taken south of 
<geoCoordinate box="[821,958,1790,1817]" degrees="25" direction="north" minutes="51" orientation="latitude" pageId="3" pageNumber="422" precision="15" seconds="00" value="25.85">25°51’00”N</geoCoordinate>
(
<figureCitation box="[974,1043,1791,1817]" captionStart="FIGURES 1–2. 1" captionStartId="5.[151,264,1943,1967]" captionTargetBox="[254,1332,181,1919]" captionTargetId="figure-17@5.[254,1332,181,1919]" captionTargetPageId="5" captionText="FIGURES 1–2. 1. Localities where Eupronoe armata Claus, 1879, was captured during this survey. 2. Localities where Eupronoe maculata Claus, 1879, was captured during this survey." figureDoi="http://doi.org/10.5281/zenodo.4629185" httpUri="https://zenodo.org/record/4629185/files/figure.png" pageId="3" pageNumber="422">Fig. 2</figureCitation>
). This species is the smallest in the genus, with adult reaching 
<quantity box="[455,548,1827,1853]" metricMagnitude="-3" metricUnit="m" metricValue="7.0" metricValueMax="8.0" metricValueMin="6.0" pageId="3" pageNumber="422" unit="mm" value="7.0" valueMax="8.0" valueMin="6.0">6‒8 mm</quantity>
of total length. The specimens examined herein feature especially long dactyls on pereopods III and IV. Indeed, in some specimens, particularly in some females, dactyls are up to 85% as long as propodus. This is much longer that what has been reported in the original description (
<bibRefCitation author="Claus, C." box="[1163,1293,1899,1925]" pageId="3" pageNumber="422" pagination="5 - 43" refId="ref7625" refString="Claus, C. (1879) Die gatungen und Arten der Platyscelidae in systematischen Ubersicht. Arbeiten aus dem Zoologischen Instituten Wien, 2, 5 - 43 + 147 - 198." type="journal article" year="1879">Claus 1879</bibRefCitation>
) and in subsequent contributions by Vinogradov 
<emphasis box="[580,638,1935,1961]" italics="true" pageId="3" pageNumber="422">et al.</emphasis>
(1986) and 
<bibRefCitation author="Zeidler, W." box="[779,943,1935,1961]" pageId="3" pageNumber="422" pagination="1 - 143" refId="ref9103" refString="Zeidler, W. (1998) Pelagic amphipods (Crustacea: Amphipoda: Hyperiidea) collected from eastern and south-eastern Australian waters by the C. S. I. R. O. research vessel ' Warreen' during the years 1938 - 41. Records of the South Australian Museum, Monograph Series, 4, 1 - 143." type="journal article" year="1998">Zeidler (1998)</bibRefCitation>
(i.e., less than 50%). However, among our specimens some fit well with this feature (i.e., dactyls less that 50% of propodus length) and this could therefore represent a variation within 
<taxonomicName authorityName="Claus" authorityYear="1879" box="[465,574,2007,2032]" class="Malacostraca" family="Pronoidae" genus="Eupronoe" kingdom="Animalia" order="Amphipoda" pageId="3" pageNumber="422" phylum="Arthropoda" rank="species" species="minuta">
<emphasis box="[465,574,2007,2032]" italics="true" pageId="3" pageNumber="422">E. minuta</emphasis>
</taxonomicName>
adult population or an ontogenic variation.
</paragraph>
</subSubSection>
</treatment>
</document>