<document ID-DOI="http://doi.org/10.5281/zenodo.4602485" ID-GBIF-Dataset="4b7a838b-1449-4ae4-90ff-5a7f113868e0" ID-ISSN="2118-9773" ID-Zenodo-Dep="4602485" ID-ZooBank="FE4ED74A-3FE6-4CA6-A116-CB3AF46826F7" _generate="added" checkinTime="1615409071345" checkinUser="plazi" docAuthor="Goulding, Tricia C., Bourke, Adam J., Comendador, Joseph, Khalil, Munawar, Quang, Ngo Xuan, Tan, Shau Hwai, Tan, Siong Kiat &amp; Dayrat, Benoît" docDate="2021" docId="03A6D248FFEF8B2ADD59FE65FBC4D4D9" docLanguage="en" docName="ejt-737_1-133.pdf" docOrigin="European Journal of Taxonomy 737 (1)" docSource="http://dx.doi.org/10.5852/ejt.2021.737.1259" docStyle="DocumentStyle:EF2B578F1D15862ADE45B0C07C620911.11:EJT.2018-.journal_article" docStyleId="EF2B578F1D15862ADE45B0C07C620911" docStyleName="EJT.2018-.journal_article" docStyleVersion="11" docTitle="Platevindex latus Plate 1893" docType="treatment" docVersion="8" lastPageId="120" lastPageNumber="121" masterDocId="FF9FAA30FF9C8B52DF38FFAFFFC3D05C" masterDocTitle="Systematic revision of Platevindex Baker, 1938 (Gastropoda: Euthyneura: Onchidiidae)" masterLastPageNumber="133" masterPageNumber="1" pageId="115" pageNumber="116" updateTime="1615594064601" updateUser="ExternalLinkService" zenodo-license-document="CC-BY-4.0" zenodo-license-figures="CC-BY-4.0" zenodo-license-treatments="UNSPECIFIED">
<mods:mods xmlns:mods="http://www.loc.gov/mods/v3">
<mods:titleInfo>
<mods:title>Systematic revision of Platevindex Baker, 1938 (Gastropoda: Euthyneura: Onchidiidae)</mods:title>
</mods:titleInfo>
<mods:name type="personal">
<mods:role>
<mods:roleTerm>Author</mods:roleTerm>
</mods:role>
<mods:namePart>Goulding, Tricia C.</mods:namePart>
<mods:nameIdentifier type="LSID">6009A165-E73E-4124-96C6-C143FC51B18F</mods:nameIdentifier>
<mods:affiliation>Department of Biology, Pennsylvania State University, University Park, PA 16802, USA.</mods:affiliation>
<mods:nameIdentifier type="email">tc.goulding@gmail.com</mods:nameIdentifier>
</mods:name>
<mods:name type="personal">
<mods:role>
<mods:roleTerm>Author</mods:roleTerm>
</mods:role>
<mods:namePart>Bourke, Adam J.</mods:namePart>
<mods:nameIdentifier type="LSID">AAF38199-57BF-4E7E-A888-468A9B01720C</mods:nameIdentifier>
<mods:nameIdentifier type="email">adamjohn.bourke@gmail.com</mods:nameIdentifier>
</mods:name>
<mods:name type="personal">
<mods:role>
<mods:roleTerm>Author</mods:roleTerm>
</mods:role>
<mods:namePart>Comendador, Joseph</mods:namePart>
<mods:nameIdentifier type="LSID">0EAAEF74-7E54-47BA-9A3A-D3A4ED40AD85</mods:nameIdentifier>
<mods:nameIdentifier type="email">joseph.comendador@gmail.com</mods:nameIdentifier>
</mods:name>
<mods:name type="personal">
<mods:role>
<mods:roleTerm>Author</mods:roleTerm>
</mods:role>
<mods:namePart>Khalil, Munawar</mods:namePart>
<mods:nameIdentifier type="LSID">6D38234D-0DE1-4CDE-9F7E-603070C9B27D</mods:nameIdentifier>
<mods:nameIdentifier type="email">khalil@unimal.ac.id</mods:nameIdentifier>
</mods:name>
<mods:name type="personal">
<mods:role>
<mods:roleTerm>Author</mods:roleTerm>
</mods:role>
<mods:namePart>Quang, Ngo Xuan</mods:namePart>
<mods:nameIdentifier type="LSID">AD2EB983-517E-435A-BEDB-B51BC442D42C</mods:nameIdentifier>
<mods:nameIdentifier type="email">ngoxuanq@gmail.com</mods:nameIdentifier>
</mods:name>
<mods:name type="personal">
<mods:role>
<mods:roleTerm>Author</mods:roleTerm>
</mods:role>
<mods:namePart>Tan, Shau Hwai</mods:namePart>
<mods:nameIdentifier type="LSID">6E9B8F28-EFCC-42F1-A7C4-3957C92995AA</mods:nameIdentifier>
<mods:nameIdentifier type="email">aileen@usm.my</mods:nameIdentifier>
</mods:name>
<mods:name type="personal">
<mods:role>
<mods:roleTerm>Author</mods:roleTerm>
</mods:role>
<mods:namePart>Tan, Siong Kiat</mods:namePart>
<mods:nameIdentifier type="LSID">1BFA4D8E-30CE-4DC4-A6C2-64E0281996DF</mods:nameIdentifier>
<mods:nameIdentifier type="email">nhmtsk@nus.edu.sg</mods:nameIdentifier>
</mods:name>
<mods:name type="personal">
<mods:role>
<mods:roleTerm>Author</mods:roleTerm>
</mods:role>
<mods:namePart>Dayrat, Benoît</mods:namePart>
<mods:nameIdentifier type="LSID">192B0AF4-A4B0-4129-8422-DEF8D0FB4A45</mods:nameIdentifier>
<mods:affiliation>Department of Biology, Pennsylvania State University, University Park, PA 16802, USA.</mods:affiliation>
<mods:nameIdentifier type="email">bad25@psu.edu</mods:nameIdentifier>
</mods:name>
<mods:typeOfResource>text</mods:typeOfResource>
<mods:relatedItem type="host">
<mods:titleInfo>
<mods:title>European Journal of Taxonomy</mods:title>
</mods:titleInfo>
<mods:part>
<mods:date>2021</mods:date>
<mods:detail type="pubDate">
<mods:number>2021-03-08</mods:number>
</mods:detail>
<mods:detail type="volume">
<mods:number>737</mods:number>
</mods:detail>
<mods:detail type="issue">
<mods:number>1</mods:number>
</mods:detail>
<mods:extent unit="page">
<mods:start>1</mods:start>
<mods:end>133</mods:end>
</mods:extent>
</mods:part>
</mods:relatedItem>
<mods:location>
<mods:url>http://dx.doi.org/10.5852/ejt.2021.737.1259</mods:url>
</mods:location>
<mods:classification>journal article</mods:classification>
<mods:identifier type="DOI">https://doi.org/10.5852/ejt.2021.737.1259</mods:identifier>
<mods:identifier type="GBIF-Dataset">4b7a838b-1449-4ae4-90ff-5a7f113868e0</mods:identifier>
<mods:identifier type="ISSN">2118-9773</mods:identifier>
<mods:identifier type="Zenodo-Dep">4594357</mods:identifier>
<mods:identifier type="ZooBank">FE4ED74A-3FE6-4CA6-A116-CB3AF46826F7</mods:identifier>
</mods:mods>
<treatment ID-DOI="http://doi.org/10.5281/zenodo.4602485" ID-Zenodo-Dep="4602485" LSID="urn:lsid:plazi:treatment:03A6D248FFEF8B2ADD59FE65FBC4D4D9" httpUri="http://treatment.plazi.org/id/03A6D248FFEF8B2ADD59FE65FBC4D4D9" lastPageId="120" lastPageNumber="121" pageId="115" pageNumber="116">
<subSubSection box="[609,977,458,485]" pageId="115" pageNumber="116" type="nomenclature">
<paragraph blockId="115.[609,977,458,520]" box="[609,977,458,485]" pageId="115" pageNumber="116">
<heading box="[609,977,458,485]" centered="true" fontSize="11" level="2" pageId="115" pageNumber="116" reason="2">
<taxonomicName authority="(Plate, 1893)" authorityName="Goulding &amp; Bourke &amp; Comendador &amp; Khalil &amp; Quang &amp; Tan &amp; Tan &amp; Dayrat" authorityYear="2021" baseAuthorityName="Plate" baseAuthorityYear="1893" box="[609,977,458,485]" class="Gastropoda" family="Onchidiidae" genus="Platevindex" higherTaxonomySource="GBIF" kingdom="Animalia" order="Systellommatophora" pageId="115" pageNumber="116" phylum="Mollusca" rank="species" species="latus">
<emphasis bold="true" box="[609,817,458,485]" italics="true" pageId="115" pageNumber="116">Platevindex latus</emphasis>
(
<bibRefCitation author="Plate L. H." box="[834,969,459,485]" pageId="115" pageNumber="116" pagination="93 - 234" refId="ref73697" refString="Plate L. H. 1893. Studien ʾ ber opisthopneumone Lungenschnecken, II, Die Oncidiiden. Zoologische Jahrbucher, Abtheilung fur Anatomie und Ontogenie der Thiere 7: 93 - 234. Available from https: // biodiversitylibrary. org / page / 11175213 [accessed 27 Sep. 2016]." type="journal article" year="1893">Plate, 1893</bibRefCitation>
)
</taxonomicName>
</heading>
</paragraph>
</subSubSection>
<subSubSection box="[728,859,494,520]" pageId="115" pageNumber="116" type="description">
<paragraph blockId="115.[609,977,458,520]" box="[728,859,494,520]" pageId="115" pageNumber="116">
<figureCitation box="[728,859,494,520]" captionStart-0="Fig" captionStart-1="Fig" captionStart-2="Fig" captionStart-3="Fig" captionStartId-0="115.[189,232,1927,1953]" captionStartId-1="116.[189,232,1914,1940]" captionStartId-2="117.[189,232,1821,1847]" captionStartId-3="118.[189,232,1727,1753]" captionTargetBox-0="[217,1381,1597,1898]" captionTargetBox-1="[189,1398,692,1885]" captionTargetBox-2="[216,1383,558,1794]" captionTargetBox-3="[215,1364,268,1701]" captionTargetId-0="figure-356@115.[189,1398,1556,1918]" captionTargetId-1="figure-209@116.[189,1398,692,1899]" captionTargetId-2="figure-163@117.[189,1398,542,1819]" captionTargetId-3="figure-105@118.[189,1398,265,1711]" captionTargetPageId-0="115" captionTargetPageId-1="116" captionTargetPageId-2="117" captionTargetPageId-3="118" captionText-0="Fig. 70. Platevindex latus (Plate, 1893), preserved specimens. A. Dorsal view, 24 mm, syntype, New Britain, Papua New Guinea (ZMB/Moll 45656). B. Ventral view, same as A. C. Close-up of papillae, same as A. D. Dorsal view, 25 mm, Papua New Guinea (ZMH 27511). E. Ventral view, same as D." captionText-1="Fig. 71. Platevindex latus (Plate, 1893), radula, Papua New Guinea [1] (ZMB/Moll 45656). A–C. Rachidian and lateral teeth. D. Lateral teeth. E. Outermost lateral teeth. Scale bars: A, D = 100 μm; B, E = 20 μm; C = 50 μm." captionText-2="Fig. 72. Platevindex latus (Plate, 1893), digestive system, dorsal view, intestinal loops of type III. A. Transitional loop oriented at 2 o’clock, New Britain, Papua New Guinea, lectotype (ZMB/Moll 45656a). B. Transitional loop oriented at 12 o’clock, Papua New Guinea [1] (ZMH 27511). C. Transitional loop oriented at 2 o’clock, Papua New Guinea [2] (ZMH 27511). Abbreviations: ddg = dorsal digestive gland; i = intestine; pdg = posterior digestive gland; rg = rectal gland; st = stomach. Scale bars = 3 mm." captionText-3="Fig. 73. Platevindex latus (Plate, 1893), reproductive system. A. Posterior reproductive system, Papua New Guinea [2] (ZMH 27511).B.Anterior, male copulatory apparatus, New Britain, Papua New Guinea, lectotype (ZMB/Moll 45656a). C. Anterior, male copulatory apparatus, same as A. Abbreviations: dd = deferent duct; fgm = female gland mass; hd = hermaphroditic duct; hg = hermaphroditic gland; ov = oviduct; ps = penial sheath; rm = retractor muscle; rs = receptaculum seminis; sp = spermatheca; v = vestibule. Scale bars: A = 3 mm; B–C = 2 mm." figureDoi-0="http://doi.org/10.5281/zenodo.4594497" figureDoi-1="http://doi.org/10.5281/zenodo.4594499" figureDoi-2="http://doi.org/10.5281/zenodo.4594501" figureDoi-3="http://doi.org/10.5281/zenodo.4594503" httpUri-0="https://zenodo.org/record/4594497/files/figure.png" httpUri-1="https://zenodo.org/record/4594499/files/figure.png" httpUri-2="https://zenodo.org/record/4594501/files/figure.png" httpUri-3="https://zenodo.org/record/4594503/files/figure.png" pageId="115" pageNumber="116">Figs 70–73</figureCitation>
</paragraph>
</subSubSection>
<subSubSection pageId="115" pageNumber="116" type="reference_group">
<paragraph blockId="115.[189,887,552,579]" box="[189,887,552,579]" pageId="115" pageNumber="116">
<treatmentCitationGroup box="[189,887,552,579]" pageId="115" pageNumber="116">
<taxonomicName authority="Plate, 1893: 191 - 192" authorityName="Plate" authorityPageNumber="191 - 192" authorityYear="1893" box="[189,571,552,578]" class="Gastropoda" family="Onchidiidae" genus="Oncis" higherTaxonomySource="GBIF" kingdom="Animalia" order="Systellommatophora" pageId="115" pageNumber="116" phylum="Mollusca" rank="species" species="lata">
<treatmentCitation author="Plate L. H." box="[189,571,552,578]" page="192" pageId="115" pageNumber="116" year="1893">
<emphasis box="[189,311,552,578]" italics="true" pageId="115" pageNumber="116">Oncis lata</emphasis>
<bibRefCitation author="Plate L. H." box="[318,571,552,578]" pageId="115" pageNumber="116" pagination="93 - 234" refId="ref73697" refString="Plate L. H. 1893. Studien ʾ ber opisthopneumone Lungenschnecken, II, Die Oncidiiden. Zoologische Jahrbucher, Abtheilung fur Anatomie und Ontogenie der Thiere 7: 93 - 234. Available from https: // biodiversitylibrary. org / page / 11175213 [accessed 27 Sep. 2016]." type="journal article" year="1893">Plate, 1893: 191–192</bibRefCitation>
</treatmentCitation>
</taxonomicName>
, pl. 7, fig. 2, pl. 11, fig. 59.
</treatmentCitationGroup>
</paragraph>
<paragraph blockId="115.[189,636,609,672]" box="[189,636,609,636]" pageId="115" pageNumber="116">
<treatmentCitationGroup box="[189,636,609,636]" pageId="115" pageNumber="116">
<taxonomicName authorityName="Plate" authorityYear="1893" box="[189,311,610,636]" class="Gastropoda" family="Onchidiidae" genus="Oncis" higherTaxonomySource="GBIF" kingdom="Animalia" order="Systellommatophora" pageId="115" pageNumber="116" phylum="Mollusca" rank="species" species="lata">
<emphasis box="[189,311,610,636]" italics="true" pageId="115" pageNumber="116">Oncis lata</emphasis>
</taxonomicName>
– 
<bibRefCitation author="Stantschinsky W." box="[340,632,609,636]" pageId="115" pageNumber="116" pagination="353 - 402" refId="ref74719" refString="Stantschinsky W. 1907. Zur Anatomie und Systematik der Gattung Onchidium. Zoologische Jahrbucher, Abteilung fur Systematik, Geographie und Biologie der Tiere 25: 353 - 402. https: // doi. org / 10.5962 / bhl. part. 11959" type="journal article" year="1907">
<treatmentCitation author="Stantschinsky W." box="[340,632,609,636]" page="395" pageId="115" pageNumber="116" year="1907">Stantschinsky 1907: 395</treatmentCitation>
</bibRefCitation>
.
</treatmentCitationGroup>
</paragraph>
<paragraph blockId="115.[189,636,609,672]" box="[189,605,645,672]" pageId="115" pageNumber="116">
<treatmentCitationGroup box="[189,605,645,672]" pageId="115" pageNumber="116">
<taxonomicName authorityName="Goulding &amp; Bourke &amp; Comendador &amp; Khalil &amp; Quang &amp; Tan &amp; Tan &amp; Dayrat" authorityYear="2021" baseAuthorityName="Plate" baseAuthorityYear="1893" box="[189,392,645,671]" class="Gastropoda" family="Onchidiidae" genus="Platevindex" higherTaxonomySource="GBIF" kingdom="Animalia" order="Systellommatophora" pageId="115" pageNumber="116" phylum="Mollusca" rank="species" species="latus">
<emphasis box="[189,392,645,671]" italics="true" pageId="115" pageNumber="116">Platevindex latus</emphasis>
</taxonomicName>
– 
<bibRefCitation author="Dayrat B." box="[421,599,645,672]" pageId="115" pageNumber="116" pagination="1 - 26" refId="ref70452" refString="Dayrat B. 2009. Review of the current knowledge of the systematics of Onchidiidae (Mollusca: Gastropoda: Pulmonata) with a checklist of nominal species. Zootaxa 2068: 1 - 26. https: // doi. org / 10.11646 / zootaxa. 2068.1.1" type="journal article" year="2009">
<treatmentCitation author="Dayrat B." box="[421,599,645,672]" page="5" pageId="115" pageNumber="116" year="2009">Dayrat 2009: 5</treatmentCitation>
</bibRefCitation>
.
</treatmentCitationGroup>
</paragraph>
</subSubSection>
<subSubSection pageId="115" pageNumber="116" type="materials_examined">
<paragraph blockId="115.[189,426,702,728]" box="[189,426,702,728]" pageId="115" pageNumber="116">
<heading bold="true" box="[189,426,702,728]" fontSize="11" level="3" pageId="115" pageNumber="116" reason="3">
<emphasis bold="true" box="[189,426,702,728]" pageId="115" pageNumber="116">Material examined</emphasis>
</heading>
</paragraph>
<paragraph blockId="115.[189,1399,749,846]" box="[234,568,749,776]" pageId="115" pageNumber="116">
<emphasis bold="true" box="[234,358,749,775]" pageId="115" pageNumber="116">
<typeStatus box="[234,358,749,775]" pageId="115" pageNumber="116">Lectotype</typeStatus>
</emphasis>
(here designated)
</paragraph>
<paragraph blockId="115.[189,1399,749,846]" pageId="115" pageNumber="116">
<materialsCitation collectionCode="ZMB" country="Papua New Guinea" location="Neu-Britannien" pageId="115" pageNumber="116" specimenCode="ZMB/Moll 45656a" specimenCount="1" stateProvince="West New Britain" typeStatus="lectotype">
<collectingCountry box="[189,478,785,811]" name="Papua New Guinea" pageId="115" pageNumber="116">PAPUA NEW GUINEA</collectingCountry>
• 
<typeStatus box="[507,615,784,810]" pageId="115" pageNumber="116">lectotype</typeStatus>
(27/ 
<quantity box="[671,762,785,811]" metricMagnitude="-2" metricUnit="m" metricValue="2.7" pageId="115" pageNumber="116" unit="mm" value="27.0">27 mm</quantity>
); 
<location LSID="urn:lsid:plazi:treatment:03A6D248FFEF8B2ADD59FE65FBC4D4D9:8ED03585FFEF8B21DC28FCBFFC05D376" box="[784,966,784,810]" country="Papua New Guinea" name="Neu-Britannien" pageId="115" pageNumber="116" stateProvince="West New Britain">Neu-Britannien</location>
[New Britain, Papua New Guinea]; 
<specimenCode box="[191,418,819,846]" pageId="115" pageNumber="116">ZMB/Moll 45656a</specimenCode>
.
</materialsCitation>
</paragraph>
<paragraph blockId="115.[189,1398,878,975]" box="[234,418,878,904]" pageId="115" pageNumber="116">
<emphasis bold="true" box="[234,418,878,904]" pageId="115" pageNumber="116">
<typeStatus box="[234,418,878,904]" pageId="115" pageNumber="116">Paralectotypes</typeStatus>
</emphasis>
</paragraph>
<paragraph blockId="115.[189,1398,878,975]" pageId="115" pageNumber="116">
<materialsCitation collectionCode="ZMB" country="Papua New Guinea" location="PAPUA NEW GUINEA" pageId="115" pageNumber="116" specimenCode="ZMB/Moll 45656b" specimenCount="3" stateProvince="West New Britain" typeStatus="paralectotype">
<collectingCountry box="[189,477,913,939]" name="Papua New Guinea" pageId="115" pageNumber="116">PAPUA NEW GUINEA</collectingCountry>
• 
<specimenCount box="[505,698,913,939]" pageId="115" pageNumber="116" type="generic" typeStatus="paralectotypes">3 paralectotypes</specimenCount>
(28/27, 27/24 and 23/ 
<quantity box="[966,1056,913,939]" metricMagnitude="-2" metricUnit="m" metricValue="2.6" pageId="115" pageNumber="116" unit="mm" value="26.0">26 mm</quantity>
); same collection data as for lectotype; 
<specimenCode box="[314,542,948,975]" pageId="115" pageNumber="116">ZMB/Moll 45656b</specimenCode>
</materialsCitation>
.
</paragraph>
</subSubSection>
<subSubSection pageId="115" pageNumber="116" type="discussion">
<paragraph blockId="115.[188,1399,1006,1208]" box="[234,517,1006,1032]" pageId="115" pageNumber="116">
<emphasis bold="true" box="[234,517,1006,1032]" pageId="115" pageNumber="116">
Notes on 
<typeStatus box="[350,404,1006,1032]" pageId="115" pageNumber="116">type</typeStatus>
material
</emphasis>
</paragraph>
<paragraph blockId="115.[188,1399,1006,1208]" pageId="115" pageNumber="116">
The 
<typeStatus box="[243,351,1041,1067]" pageId="115" pageNumber="116">lectotype</typeStatus>
was dissected for the present study and all its internal organs were left inside except for the penial complex, which was extracted and retained in a small vial. The three 
<typeStatus box="[1163,1332,1076,1102]" pageId="115" pageNumber="116">paralectotypes</typeStatus>
were previously dissected and are completely empty with no internal organs. All their male parts are missing. Pieces of dorsal notum, stomach, digestive gland, intestine and female gland mass remain in the jar, all mixed together, but they cannot be assigned to a particular 
<typeStatus box="[881,1043,1182,1208]" pageId="115" pageNumber="116">paralectotype</typeStatus>
.
</paragraph>
</subSubSection>
<subSubSection pageId="115" pageNumber="116" type="materials_examined">
<paragraph blockId="115.[189,1398,1239,1337]" box="[234,422,1239,1265]" pageId="115" pageNumber="116">
<emphasis bold="true" box="[234,422,1239,1265]" pageId="115" pageNumber="116">Other material</emphasis>
</paragraph>
<paragraph blockId="115.[189,1398,1239,1337]" pageId="115" pageNumber="116">
<materialsCitation accessionNumber="ZMH 27511" collectionCode="ZMH" country="Papua New Guinea" location="New Britain" pageId="115" pageNumber="116" specimenCount="3" stateProvince="New Britain">
<collectingCountry box="[189,478,1275,1301]" name="Papua New Guinea" pageId="115" pageNumber="116">PAPUA NEW GUINEA</collectingCountry>
• 
<specimenCount box="[508,596,1275,1301]" pageId="115" pageNumber="116">3 specs</specimenCount>
(33/28 [#3], 32/31 [#1] and 30/25 [#2] mm); 
<collectingRegion box="[1155,1308,1275,1301]" country="Papua New Guinea" name="West New Britain" pageId="115" pageNumber="116">New Britain</collectingRegion>
?; 
<accessionNumber httpUri="http://www.ncbi.nlm.nih.gov/protein/ZMH27511" pageId="115" pageNumber="116">ZMH 27511</accessionNumber>
</materialsCitation>
.
</paragraph>
</subSubSection>
<subSubSection lastPageId="117" lastPageNumber="118" pageId="115" pageNumber="116" type="description">
<paragraph blockId="115.[189,334,1368,1394]" box="[189,334,1368,1394]" pageId="115" pageNumber="116">
<heading bold="true" box="[189,334,1368,1394]" fontSize="11" level="3" pageId="115" pageNumber="116" reason="3">
<emphasis bold="true" box="[189,334,1368,1394]" pageId="115" pageNumber="116">Description</emphasis>
</heading>
</paragraph>
<paragraph blockId="115.[188,1399,1414,1547]" pageId="115" pageNumber="116">
<emphasis bold="true" box="[234,519,1414,1441]" pageId="115" pageNumber="116">Color and morphology</emphasis>
(
<figureCitation box="[535,621,1414,1441]" captionStart="Fig" captionStartId="115.[189,232,1927,1953]" captionTargetBox="[217,1381,1597,1898]" captionTargetId="figure-356@115.[189,1398,1556,1918]" captionTargetPageId="115" captionText="Fig. 70. Platevindex latus (Plate, 1893), preserved specimens. A. Dorsal view, 24 mm, syntype, New Britain, Papua New Guinea (ZMB/Moll 45656). B. Ventral view, same as A. C. Close-up of papillae, same as A. D. Dorsal view, 25 mm, Papua New Guinea (ZMH 27511). E. Ventral view, same as D." figureDoi="http://doi.org/10.5281/zenodo.4594497" httpUri="https://zenodo.org/record/4594497/files/figure.png" pageId="115" pageNumber="116">Fig. 70</figureCitation>
) The color of live slugs is unknown. The preserved dorsal surface is dark brown, occasionally with lighter brown, longitudinal stripes. The preserved hyponotum is blue-grey and the foot is light yellow. Dorsal papillae are large and thorny, and do not bear dorsal eyes.
</paragraph>
<caption ID-DOI="http://doi.org/10.5281/zenodo.4594497" ID-Zenodo-Dep="4594497" httpUri="https://zenodo.org/record/4594497/files/figure.png" pageId="115" pageNumber="116" startId="115.[189,232,1927,1953]" targetBox="[217,1381,1597,1898]" targetPageId="115">
<paragraph blockId="115.[189,1398,1927,2025]" pageId="115" pageNumber="116">
<emphasis bold="true" box="[189,282,1927,1953]" pageId="115" pageNumber="116">Fig. 70.</emphasis>
<taxonomicName authority="(Plate, 1893)" authorityName="Goulding &amp; Bourke &amp; Comendador &amp; Khalil &amp; Quang &amp; Tan &amp; Tan &amp; Dayrat" authorityYear="2021" baseAuthorityName="Plate" baseAuthorityYear="1893" box="[292,662,1927,1953]" class="Gastropoda" family="Onchidiidae" genus="Platevindex" higherTaxonomySource="GBIF" kingdom="Animalia" order="Systellommatophora" pageId="115" pageNumber="116" phylum="Mollusca" rank="species" species="latus">
<emphasis box="[292,497,1927,1953]" italics="true" pageId="115" pageNumber="116">Platevindex latus</emphasis>
(
<bibRefCitation author="Plate L. H." box="[514,653,1927,1953]" pageId="115" pageNumber="116" pagination="93 - 234" refId="ref73697" refString="Plate L. H. 1893. Studien ʾ ber opisthopneumone Lungenschnecken, II, Die Oncidiiden. Zoologische Jahrbucher, Abtheilung fur Anatomie und Ontogenie der Thiere 7: 93 - 234. Available from https: // biodiversitylibrary. org / page / 11175213 [accessed 27 Sep. 2016]." type="journal article" year="1893">Plate, 1893</bibRefCitation>
)
</taxonomicName>
, preserved specimens. 
<emphasis bold="true" box="[938,959,1927,1953]" pageId="115" pageNumber="116">A</emphasis>
. Dorsal view, 24 mm, syntype, New Britain, Papua New Guinea (ZMB/Moll 45656). 
<emphasis bold="true" box="[775,793,1963,1989]" pageId="115" pageNumber="116">B</emphasis>
. Ventral view, same as A. 
<emphasis bold="true" box="[1114,1133,1962,1988]" pageId="115" pageNumber="116">C</emphasis>
. Close-up of papillae, same as A. 
<emphasis bold="true" box="[321,342,1998,2024]" pageId="115" pageNumber="116">D</emphasis>
. Dorsal view, 25 mm, Papua New Guinea (ZMH 27511). 
<emphasis bold="true" box="[1023,1051,1998,2024]" pageId="115" pageNumber="116">E.</emphasis>
Ventral view, same as D.
</paragraph>
</caption>
<paragraph blockId="116.[189,1400,264,361]" box="[234,647,264,291]" pageId="116" pageNumber="117">
<emphasis bold="true" box="[234,441,264,291]" pageId="116" pageNumber="117">Digestive system</emphasis>
(
<figureCitation box="[456,552,264,291]" captionStart="Fig" captionStartId="16.[189,232,1680,1706]" captionTargetBox="[201,1376,619,1657]" captionTargetId="figure-313@16.[189,1398,609,1666]" captionTargetPageId="16" captionText="Fig. 3. Intestinal loops of type III. Small black arrows show the direction of the intestinal transport. The clockwise loop is in blue. The counterclockwise loop is in yellow. The transitional loop (between clockwise and counterclockwise loops) is in green. Red arrows indicate the orientation of the transitional loop. A. Type III, with a transitional loop oriented at 3 o’clock, Onchidium stuxbergi (Westerlund, 1883) (from Dayrat et al. 2016: fig. 11b). B. Type III, with a transitional loop oriented at 12 o’clock, Platevindex latus (Plate, 1893) (ZMH 27511, 1), Papua New Guinea. C. Type III, with a transitional loop oriented at 1 o’clock,P. amboinae (Plate, 1893), lectotype (ZMB/Moll 11621a), Ambon, Indonesia. D. Type III, with a transitional loop oriented at 2 o’clock, P. amboinae [2883] (UMIZ 00105), Seram, Indonesia. E. Type III, with a transitional loop oriented at 6 o’clock, P. amboinae (SMF 333602, 1), Sulawesi, Indonesia. Scale bars: A–B = 5 mm; C–E = 4 mm." figureDoi="http://doi.org/10.5281/zenodo.4594363" httpUri="https://zenodo.org/record/4594363/files/figure.png" pageId="116" pageNumber="117">Figs 3B</figureCitation>
, 
<figureCitation box="[564,639,265,291]" captionStart-0="Fig" captionStart-1="Fig" captionStartId-0="116.[189,232,1914,1940]" captionStartId-1="117.[189,232,1821,1847]" captionTargetBox-0="[189,1398,692,1885]" captionTargetBox-1="[216,1383,558,1794]" captionTargetId-0="figure-209@116.[189,1398,692,1899]" captionTargetId-1="figure-163@117.[189,1398,542,1819]" captionTargetPageId-0="116" captionTargetPageId-1="117" captionText-0="Fig. 71. Platevindex latus (Plate, 1893), radula, Papua New Guinea [1] (ZMB/Moll 45656). A–C. Rachidian and lateral teeth. D. Lateral teeth. E. Outermost lateral teeth. Scale bars: A, D = 100 μm; B, E = 20 μm; C = 50 μm." captionText-1="Fig. 72. Platevindex latus (Plate, 1893), digestive system, dorsal view, intestinal loops of type III. A. Transitional loop oriented at 2 o’clock, New Britain, Papua New Guinea, lectotype (ZMB/Moll 45656a). B. Transitional loop oriented at 12 o’clock, Papua New Guinea [1] (ZMH 27511). C. Transitional loop oriented at 2 o’clock, Papua New Guinea [2] (ZMH 27511). Abbreviations: ddg = dorsal digestive gland; i = intestine; pdg = posterior digestive gland; rg = rectal gland; st = stomach. Scale bars = 3 mm." figureDoi-0="http://doi.org/10.5281/zenodo.4594499" figureDoi-1="http://doi.org/10.5281/zenodo.4594501" httpUri-0="https://zenodo.org/record/4594499/files/figure.png" httpUri-1="https://zenodo.org/record/4594501/files/figure.png" pageId="116" pageNumber="117">71–72</figureCitation>
)
</paragraph>
<paragraph blockId="116.[189,1400,264,361]" pageId="116" pageNumber="117">
Radulae measure up to 
<quantity box="[469,561,300,326]" metricMagnitude="-3" metricUnit="m" metricValue="7.2" pageId="116" pageNumber="117" unit="mm" value="7.2">7.2 mm</quantity>
in length. Examples of radular formulae are presented in 
<tableCitation box="[1249,1340,299,326]" captionStart="Table 5" captionStartId="42.[189,258,265,291]" captionTargetBox="[223,1387,323,1985]" captionTargetPageId="42" captionText="Table 5. Radular formulae in species of Platevindex Baker, 1938." pageId="116" pageNumber="117">Table 5</tableCitation>
. The intestinal loops are of 
<typeStatus box="[449,500,335,361]" pageId="116" pageNumber="117">type</typeStatus>
III, with a transitional loop oriented between 12 and 2 o’clock (
<figureCitation box="[1246,1341,335,361]" captionStart="Fig" captionStartId="16.[189,232,1680,1706]" captionTargetBox="[201,1376,619,1657]" captionTargetId="figure-313@16.[189,1398,609,1666]" captionTargetPageId="16" captionText="Fig. 3. Intestinal loops of type III. Small black arrows show the direction of the intestinal transport. The clockwise loop is in blue. The counterclockwise loop is in yellow. The transitional loop (between clockwise and counterclockwise loops) is in green. Red arrows indicate the orientation of the transitional loop. A. Type III, with a transitional loop oriented at 3 o’clock, Onchidium stuxbergi (Westerlund, 1883) (from Dayrat et al. 2016: fig. 11b). B. Type III, with a transitional loop oriented at 12 o’clock, Platevindex latus (Plate, 1893) (ZMH 27511, 1), Papua New Guinea. C. Type III, with a transitional loop oriented at 1 o’clock,P. amboinae (Plate, 1893), lectotype (ZMB/Moll 11621a), Ambon, Indonesia. D. Type III, with a transitional loop oriented at 2 o’clock, P. amboinae [2883] (UMIZ 00105), Seram, Indonesia. E. Type III, with a transitional loop oriented at 6 o’clock, P. amboinae (SMF 333602, 1), Sulawesi, Indonesia. Scale bars: A–B = 5 mm; C–E = 4 mm." figureDoi="http://doi.org/10.5281/zenodo.4594363" httpUri="https://zenodo.org/record/4594363/files/figure.png" pageId="116" pageNumber="117">Figs 3B</figureCitation>
, 
<figureCitation box="[1353,1387,335,361]" captionStart="Fig" captionStartId="117.[189,232,1821,1847]" captionTargetBox="[216,1383,558,1794]" captionTargetId="figure-163@117.[189,1398,542,1819]" captionTargetPageId="117" captionText="Fig. 72. Platevindex latus (Plate, 1893), digestive system, dorsal view, intestinal loops of type III. A. Transitional loop oriented at 2 o’clock, New Britain, Papua New Guinea, lectotype (ZMB/Moll 45656a). B. Transitional loop oriented at 12 o’clock, Papua New Guinea [1] (ZMH 27511). C. Transitional loop oriented at 2 o’clock, Papua New Guinea [2] (ZMH 27511). Abbreviations: ddg = dorsal digestive gland; i = intestine; pdg = posterior digestive gland; rg = rectal gland; st = stomach. Scale bars = 3 mm." figureDoi="http://doi.org/10.5281/zenodo.4594501" httpUri="https://zenodo.org/record/4594501/files/figure.png" pageId="116" pageNumber="117">72</figureCitation>
).
</paragraph>
<paragraph blockId="116.[189,1400,408,648]" box="[234,606,408,434]" pageId="116" pageNumber="117">
<emphasis bold="true" box="[234,496,408,434]" pageId="116" pageNumber="117">Reproductive system</emphasis>
(
<figureCitation box="[511,597,408,434]" captionStart="Fig" captionStartId="118.[189,232,1727,1753]" captionTargetBox="[215,1364,268,1701]" captionTargetId="figure-105@118.[189,1398,265,1711]" captionTargetPageId="118" captionText="Fig. 73. Platevindex latus (Plate, 1893), reproductive system. A. Posterior reproductive system, Papua New Guinea [2] (ZMH 27511).B.Anterior, male copulatory apparatus, New Britain, Papua New Guinea, lectotype (ZMB/Moll 45656a). C. Anterior, male copulatory apparatus, same as A. Abbreviations: dd = deferent duct; fgm = female gland mass; hd = hermaphroditic duct; hg = hermaphroditic gland; ov = oviduct; ps = penial sheath; rm = retractor muscle; rs = receptaculum seminis; sp = spermatheca; v = vestibule. Scale bars: A = 3 mm; B–C = 2 mm." figureDoi="http://doi.org/10.5281/zenodo.4594503" httpUri="https://zenodo.org/record/4594503/files/figure.png" pageId="116" pageNumber="117">Fig. 73</figureCitation>
)
</paragraph>
<paragraph blockId="116.[189,1400,408,648]" pageId="116" pageNumber="117">In the posterior reproductive system, the oviduct is short and approximately as wide as the deferent duct. Its distal section (distal to the spermatheca) is approximately as long as its proximal section. The deferent duct is longer than the oviduct, not attached to it, and is tightly coiled with a few short U-shaped loops. There are no hooks inside the distal, flexible region of the penis. The posterior retractor muscle inserts in the anterior half of the visceral cavity. The retractor muscle of the penis varies from approximately half the length of the penial sheath to ¾ its length. The deferent duct is highly convoluted.</paragraph>
<caption ID-DOI="http://doi.org/10.5281/zenodo.4594499" ID-Zenodo-Dep="4594499" httpUri="https://zenodo.org/record/4594499/files/figure.png" pageId="116" pageNumber="117" startId="116.[189,232,1914,1940]" targetBox="[189,1398,692,1885]" targetPageId="116">
<paragraph blockId="116.[189,1399,1913,2011]" pageId="116" pageNumber="117">
<emphasis bold="true" box="[189,291,1914,1940]" pageId="116" pageNumber="117">Fig. 71.</emphasis>
<taxonomicName authority="(Plate, 1893)" authorityName="Goulding &amp; Bourke &amp; Comendador &amp; Khalil &amp; Quang &amp; Tan &amp; Tan &amp; Dayrat" authorityYear="2021" baseAuthorityName="Plate" baseAuthorityYear="1893" box="[308,703,1914,1940]" class="Gastropoda" family="Onchidiidae" genus="Platevindex" higherTaxonomySource="GBIF" kingdom="Animalia" order="Systellommatophora" pageId="116" pageNumber="117" phylum="Mollusca" rank="species" species="latus">
<emphasis box="[308,521,1914,1940]" italics="true" pageId="116" pageNumber="117">Platevindex latus</emphasis>
(
<bibRefCitation author="Plate L. H." box="[547,693,1914,1940]" pageId="116" pageNumber="117" pagination="93 - 234" refId="ref73697" refString="Plate L. H. 1893. Studien ʾ ber opisthopneumone Lungenschnecken, II, Die Oncidiiden. Zoologische Jahrbucher, Abtheilung fur Anatomie und Ontogenie der Thiere 7: 93 - 234. Available from https: // biodiversitylibrary. org / page / 11175213 [accessed 27 Sep. 2016]." type="journal article" year="1893">Plate, 1893</bibRefCitation>
)
</taxonomicName>
, radula, Papua New Guinea [#1] (ZMB/Moll 45656). 
<emphasis bold="true" box="[189,246,1949,1975]" pageId="116" pageNumber="117">A–C</emphasis>
. Rachidian and lateral teeth. 
<emphasis bold="true" box="[580,601,1949,1975]" pageId="116" pageNumber="117">D</emphasis>
. Lateral teeth. 
<emphasis bold="true" box="[774,794,1949,1975]" pageId="116" pageNumber="117">E</emphasis>
. Outermost lateral teeth. Scale bars: A, D = 100 μm; B, E = 20 μm; C = 50 μm.
</paragraph>
</caption>
<paragraph blockId="117.[189,679,265,291]" box="[189,679,265,291]" pageId="117" pageNumber="118">
<emphasis bold="true" box="[189,564,265,291]" pageId="117" pageNumber="118">Distinctive diagnostic features</emphasis>
(
<tableCitation box="[580,670,265,291]" captionStart="Table 4" captionStartId="22.[184,253,658,686]" captionTargetBox="[198,1916,827,1626]" captionTargetPageId="22" captionText="Table 4 (continued on next page).Summary of internaland external traits in speciesofPlatevindex Baker, 1938.Traits are described in the corresponding species descriptions and vary among individuals. External traits include the length of the animal, number of dorsal eyes, color of the foot and other distinguishing characters such as the color of the hyponotum. Internal traits include the insertion of the retractor muscle (RM), the length of the retractor muscle compared to that of the penial sheath (PS), the length of the region with penial hooks and the type of the intestinal loops." pageId="117" pageNumber="118">Table 4</tableCitation>
)
</paragraph>
<paragraph blockId="117.[188,1399,311,408]" pageId="117" pageNumber="118">
<taxonomicName authorityName="Goulding &amp; Bourke &amp; Comendador &amp; Khalil &amp; Quang &amp; Tan &amp; Tan &amp; Dayrat" authorityYear="2021" baseAuthorityName="Plate" baseAuthorityYear="1893" box="[189,391,311,337]" class="Gastropoda" family="Onchidiidae" genus="Platevindex" higherTaxonomySource="GBIF" kingdom="Animalia" order="Systellommatophora" pageId="117" pageNumber="118" phylum="Mollusca" rank="species" species="latus">
<emphasis box="[189,391,311,337]" italics="true" pageId="117" pageNumber="118">Platevindex latus</emphasis>
</taxonomicName>
and 
<taxonomicName authorityName="Goulding &amp; Bourke &amp; Comendador &amp; Khalil &amp; Quang &amp; Tan &amp; Tan &amp; Dayrat" authorityYear="2021" baseAuthorityName="Plate" baseAuthorityYear="1893" box="[444,588,311,337]" class="Gastropoda" family="Onchidiidae" genus="Platevindex" higherTaxonomySource="GBIF" kingdom="Animalia" order="Systellommatophora" pageId="117" pageNumber="118" phylum="Mollusca" rank="species" species="amboinae">
<emphasis box="[444,588,311,337]" italics="true" pageId="117" pageNumber="118">P. amboinae</emphasis>
</taxonomicName>
are the only known species of 
<taxonomicName box="[944,1082,311,337]" class="Gastropoda" family="Onchidiidae" genus="Platevindex" higherTaxonomySource="GBIF" kingdom="Animalia" order="Systellommatophora" pageId="117" pageNumber="118" phylum="Mollusca" rank="genus">
<emphasis box="[944,1082,311,337]" italics="true" pageId="117" pageNumber="118">Platevindex</emphasis>
</taxonomicName>
with no dorsal eyes and no penial hooks. 
<taxonomicName authorityName="Goulding &amp; Bourke &amp; Comendador &amp; Khalil &amp; Quang &amp; Tan &amp; Tan &amp; Dayrat" authorityYear="2021" baseAuthorityName="Plate" baseAuthorityYear="1893" box="[350,551,347,373]" class="Gastropoda" family="Onchidiidae" genus="Platevindex" higherTaxonomySource="GBIF" kingdom="Animalia" order="Systellommatophora" pageId="117" pageNumber="118" phylum="Mollusca" rank="species" species="latus">
<emphasis box="[350,551,347,373]" italics="true" pageId="117" pageNumber="118">Platevindex latus</emphasis>
</taxonomicName>
can be distinguished from 
<taxonomicName authorityName="Goulding &amp; Bourke &amp; Comendador &amp; Khalil &amp; Quang &amp; Tan &amp; Tan &amp; Dayrat" authorityYear="2021" baseAuthorityName="Plate" baseAuthorityYear="1893" box="[865,1009,347,373]" class="Gastropoda" family="Onchidiidae" genus="Platevindex" higherTaxonomySource="GBIF" kingdom="Animalia" order="Systellommatophora" pageId="117" pageNumber="118" phylum="Mollusca" rank="species" species="amboinae">
<emphasis box="[865,1009,347,373]" italics="true" pageId="117" pageNumber="118">P. amboinae</emphasis>
</taxonomicName>
externally by its large and thorny dorsal papillae and internally by its anterior deferent duct, which is slightly less convoluted.
</paragraph>
</subSubSection>
<subSubSection pageId="117" pageNumber="118" type="distribution">
<paragraph blockId="117.[189,472,439,466]" box="[189,472,439,466]" pageId="117" pageNumber="118">
<emphasis bold="true" box="[189,342,439,465]" pageId="117" pageNumber="118">Distribution</emphasis>
(
<figureCitation box="[358,463,440,466]" captionStart="Fig" captionStartId="36.[189,232,1716,1742]" captionTargetBox="[189,1398,741,1688]" captionTargetId="figure-232@36.[189,1398,741,1688]" captionTargetPageId="36" captionText="Fig. 10. Geographic distributions of species of Platevindex. Colored areas correspond to hypothetical ranges proposed based on all known records, and the colors are the same as those used for each species in the phylogenetic trees (Figs 1–5). Distinct colors are used for each subspecies and mitochondrial unit in P. coriaceus (Semper, 1880) as well as for each subspecies of P. burnupi (Collinge, 1902). Black dots show sites sampled for this study and red dots (China and Japan) show localities of previously published genetic sequences included in the phylogenetic analyses. A. Platevindex luteus (Semper, 1880), P. applanatus (Simroth, 1920), P. burnupi. B. Platevindex tigrinus (Stoliczka, 1869), P. coriaceus coriaceus (units 1, 2, and 3) and P. coriaceus darwinensis subsp. nov. C. Platevindex martensi (Plate, 1893), P. aptei Goulding &amp; Dayrat sp. nov., P. amboinae (Plate, 1893) and P. latus (Plate, 1893)." figureDoi="http://doi.org/10.5281/zenodo.4594373" httpUri="https://zenodo.org/record/4594373/files/figure.png" pageId="117" pageNumber="118">Fig. 10C</figureCitation>
)
</paragraph>
<paragraph blockId="117.[189,968,486,513]" box="[189,968,486,513]" pageId="117" pageNumber="118">
<collectingCountry box="[189,420,486,513]" name="Papua New Guinea" pageId="117" pageNumber="118">Papua New Guinea</collectingCountry>
: 
<collectingRegion box="[431,575,486,513]" country="Papua New Guinea" name="West New Britain" pageId="117" pageNumber="118">New Britain</collectingRegion>
(
<typeStatus box="[591,643,486,512]" pageId="117" pageNumber="118">type</typeStatus>
locality and present study).
</paragraph>
</subSubSection>
<caption ID-DOI="http://doi.org/10.5281/zenodo.4594501" ID-Zenodo-Dep="4594501" httpUri="https://zenodo.org/record/4594501/files/figure.png" pageId="117" pageNumber="118" startId="117.[189,232,1821,1847]" targetBox="[216,1383,558,1794]" targetPageId="117">
<paragraph blockId="117.[189,1399,1821,2024]" pageId="117" pageNumber="118">
<emphasis bold="true" box="[189,285,1821,1847]" pageId="117" pageNumber="118">Fig. 72.</emphasis>
<taxonomicName authority="(Plate, 1893)" authorityName="Goulding &amp; Bourke &amp; Comendador &amp; Khalil &amp; Quang &amp; Tan &amp; Tan &amp; Dayrat" authorityYear="2021" baseAuthorityName="Plate" baseAuthorityYear="1893" box="[297,676,1821,1848]" class="Gastropoda" family="Onchidiidae" genus="Platevindex" higherTaxonomySource="GBIF" kingdom="Animalia" order="Systellommatophora" pageId="117" pageNumber="118" phylum="Mollusca" rank="species" species="latus">
<emphasis box="[297,505,1821,1847]" italics="true" pageId="117" pageNumber="118">Platevindex latus</emphasis>
(
<bibRefCitation author="Plate L. H." box="[525,666,1821,1848]" pageId="117" pageNumber="118" pagination="93 - 234" refId="ref73697" refString="Plate L. H. 1893. Studien ʾ ber opisthopneumone Lungenschnecken, II, Die Oncidiiden. Zoologische Jahrbucher, Abtheilung fur Anatomie und Ontogenie der Thiere 7: 93 - 234. Available from https: // biodiversitylibrary. org / page / 11175213 [accessed 27 Sep. 2016]." type="journal article" year="1893">Plate, 1893</bibRefCitation>
)
</taxonomicName>
, digestive system, dorsal view, intestinal loops of type III. 
<emphasis bold="true" box="[189,210,1856,1882]" pageId="117" pageNumber="118">A</emphasis>
. Transitional loop oriented at 2 o’clock, New Britain, Papua New Guinea, lectotype (ZMB/Moll 45656a). 
<emphasis bold="true" box="[309,329,1892,1918]" pageId="117" pageNumber="118">B</emphasis>
. Transitional loop oriented at 12 o’clock, Papua New Guinea [#1] (ZMH 27511). 
<emphasis bold="true" box="[189,210,1927,1953]" pageId="117" pageNumber="118">C</emphasis>
. Transitional loop oriented at 2 o’clock, Papua New Guinea [#2] (ZMH 27511). Abbreviations: ddg = dorsal digestive gland; i = intestine; pdg = posterior digestive gland; rg = rectal gland; st = stomach. Scale bars = 3 mm.
</paragraph>
</caption>
<caption ID-DOI="http://doi.org/10.5281/zenodo.4594503" ID-Zenodo-Dep="4594503" httpUri="https://zenodo.org/record/4594503/files/figure.png" pageId="118" pageNumber="119" startId="118.[189,232,1727,1753]" targetBox="[215,1364,268,1701]" targetPageId="118">
<paragraph blockId="118.[186,1399,1727,1930]" pageId="118" pageNumber="119">
<emphasis bold="true" box="[189,282,1727,1753]" pageId="118" pageNumber="119">Fig. 73.</emphasis>
<taxonomicName authority="(Plate, 1893)" authorityName="Goulding &amp; Bourke &amp; Comendador &amp; Khalil &amp; Quang &amp; Tan &amp; Tan &amp; Dayrat" authorityYear="2021" baseAuthorityName="Plate" baseAuthorityYear="1893" box="[290,657,1727,1753]" class="Gastropoda" family="Onchidiidae" genus="Platevindex" higherTaxonomySource="GBIF" kingdom="Animalia" order="Systellommatophora" pageId="118" pageNumber="119" phylum="Mollusca" rank="species" species="latus">
<emphasis box="[290,494,1727,1753]" italics="true" pageId="118" pageNumber="119">Platevindex latus</emphasis>
(
<bibRefCitation author="Plate L. H." box="[510,648,1727,1753]" pageId="118" pageNumber="119" pagination="93 - 234" refId="ref73697" refString="Plate L. H. 1893. Studien ʾ ber opisthopneumone Lungenschnecken, II, Die Oncidiiden. Zoologische Jahrbucher, Abtheilung fur Anatomie und Ontogenie der Thiere 7: 93 - 234. Available from https: // biodiversitylibrary. org / page / 11175213 [accessed 27 Sep. 2016]." type="journal article" year="1893">Plate, 1893</bibRefCitation>
)
</taxonomicName>
, reproductive system. 
<emphasis bold="true" box="[924,944,1727,1753]" pageId="118" pageNumber="119">A</emphasis>
. Posterior reproductive system, Papua New Guinea [#2] (ZMH 27511). 
<emphasis bold="true" box="[561,581,1762,1788]" pageId="118" pageNumber="119">B</emphasis>
.Anterior, male copulatory apparatus, New Britain, Papua New Guinea, lectotype (ZMB/Moll 45656a). 
<emphasis bold="true" box="[577,598,1797,1823]" pageId="118" pageNumber="119">C</emphasis>
. Anterior, male copulatory apparatus, same as A. Abbreviations: dd = deferent duct; fgm = female gland mass; hd = hermaphroditic duct; hg = hermaphroditic gland; ov = oviduct; ps = penial sheath; rm = retractor muscle; rs = receptaculum seminis; sp = spermatheca; v = vestibule. Scale bars: A = 3 mm; B–C = 2 mm.
</paragraph>
</caption>
<subSubSection pageId="119" pageNumber="120" type="description">
<paragraph blockId="119.[189,285,264,290]" box="[189,285,264,290]" pageId="119" pageNumber="120">
<heading bold="true" box="[189,285,264,290]" fontSize="11" level="3" pageId="119" pageNumber="120" reason="3">
<emphasis bold="true" box="[189,285,264,290]" pageId="119" pageNumber="120">Habitat</emphasis>
</heading>
</paragraph>
<paragraph blockId="119.[187,1399,311,373]" pageId="119" pageNumber="120">
No habitat was mentioned in the original description of 
<taxonomicName authorityName="Goulding &amp; Bourke &amp; Comendador &amp; Khalil &amp; Quang &amp; Tan &amp; Tan &amp; Dayrat" authorityYear="2021" baseAuthorityName="Plate" baseAuthorityYear="1893" box="[828,912,311,337]" class="Gastropoda" family="Onchidiidae" genus="Platevindex" higherTaxonomySource="GBIF" kingdom="Animalia" order="Systellommatophora" pageId="119" pageNumber="120" phylum="Mollusca" rank="species" species="latus">
<emphasis box="[828,912,311,337]" italics="true" pageId="119" pageNumber="120">P. latus</emphasis>
</taxonomicName>
or on the labels of the additional material. However, 
<taxonomicName authorityName="Goulding &amp; Bourke &amp; Comendador &amp; Khalil &amp; Quang &amp; Tan &amp; Tan &amp; Dayrat" authorityYear="2021" baseAuthorityName="Plate" baseAuthorityYear="1893" box="[310,396,346,372]" class="Gastropoda" family="Onchidiidae" genus="Platevindex" higherTaxonomySource="GBIF" kingdom="Animalia" order="Systellommatophora" pageId="119" pageNumber="120" phylum="Mollusca" rank="species" species="latus">
<emphasis box="[310,396,346,372]" italics="true" pageId="119" pageNumber="120">P. latus</emphasis>
</taxonomicName>
likely lives on dead logs in mangroves, like its close relative 
<taxonomicName authorityName="Goulding &amp; Bourke &amp; Comendador &amp; Khalil &amp; Quang &amp; Tan &amp; Tan &amp; Dayrat" authorityYear="2021" baseAuthorityName="Plate" baseAuthorityYear="1893" box="[1118,1263,346,372]" class="Gastropoda" family="Onchidiidae" genus="Platevindex" higherTaxonomySource="GBIF" kingdom="Animalia" order="Systellommatophora" pageId="119" pageNumber="120" phylum="Mollusca" rank="species" species="amboinae">
<emphasis box="[1118,1263,346,372]" italics="true" pageId="119" pageNumber="120">P. amboinae</emphasis>
</taxonomicName>
.
</paragraph>
</subSubSection>
<subSubSection lastPageId="120" lastPageNumber="121" pageId="119" pageNumber="120" type="discussion">
<paragraph blockId="119.[189,303,412,438]" box="[189,303,412,438]" pageId="119" pageNumber="120">
<heading bold="true" box="[189,303,412,438]" fontSize="11" level="3" pageId="119" pageNumber="120" reason="3">
<emphasis bold="true" box="[189,303,412,438]" pageId="119" pageNumber="120">Remarks</emphasis>
</heading>
</paragraph>
<paragraph blockId="119.[188,1399,458,626]" pageId="119" pageNumber="120">
The flattened body and narrow foot of the 
<typeStatus box="[687,795,458,484]" pageId="119" pageNumber="120">lectotype</typeStatus>
of 
<taxonomicName authorityName="Goulding &amp; Bourke &amp; Comendador &amp; Khalil &amp; Quang &amp; Tan &amp; Tan &amp; Dayrat" authorityYear="2021" baseAuthorityName="Plate" baseAuthorityYear="1893" box="[834,1037,458,484]" class="Gastropoda" family="Onchidiidae" genus="Platevindex" higherTaxonomySource="GBIF" kingdom="Animalia" order="Systellommatophora" pageId="119" pageNumber="120" phylum="Mollusca" rank="species" species="latus">
<emphasis box="[834,1037,458,484]" italics="true" pageId="119" pageNumber="120">Platevindex latus</emphasis>
</taxonomicName>
clearly indicate that it belongs to 
<emphasis box="[218,364,493,519]" italics="true" pageId="119" pageNumber="120">
<taxonomicName box="[218,360,493,519]" class="Gastropoda" family="Onchidiidae" genus="Platevindex" higherTaxonomySource="GBIF" kingdom="Animalia" order="Systellommatophora" pageId="119" pageNumber="120" phylum="Mollusca" rank="genus">Platevindex</taxonomicName>
.
</emphasis>
In the original description, 
<bibRefCitation author="Plate L. H." box="[685,829,493,520]" pageId="119" pageNumber="120" pagination="93 - 234" refId="ref73697" refString="Plate L. H. 1893. Studien ʾ ber opisthopneumone Lungenschnecken, II, Die Oncidiiden. Zoologische Jahrbucher, Abtheilung fur Anatomie und Ontogenie der Thiere 7: 93 - 234. Available from https: // biodiversitylibrary. org / page / 11175213 [accessed 27 Sep. 2016]." type="journal article" year="1893">Plate (1893)</bibRefCitation>
did not mention whether a rectal gland is present or absent, but it is present in the 
<typeStatus box="[570,678,529,555]" pageId="119" pageNumber="120">lectotype</typeStatus>
as well as in the non-type material (it is present in all species of 
<taxonomicName box="[220,358,564,590]" class="Gastropoda" family="Onchidiidae" genus="Platevindex" higherTaxonomySource="GBIF" kingdom="Animalia" order="Systellommatophora" pageId="119" pageNumber="120" phylum="Mollusca" rank="genus">
<emphasis box="[220,358,564,590]" italics="true" pageId="119" pageNumber="120">Platevindex</emphasis>
</taxonomicName>
). An accessory penial gland is also absent in both the 
<typeStatus box="[986,1094,564,590]" pageId="119" pageNumber="120">lectotype</typeStatus>
and the non-type material (it is absent in all species of 
<taxonomicName box="[522,660,599,625]" class="Gastropoda" family="Onchidiidae" genus="Platevindex" higherTaxonomySource="GBIF" kingdom="Animalia" order="Systellommatophora" pageId="119" pageNumber="120" phylum="Mollusca" rank="genus">
<emphasis box="[522,660,599,625]" italics="true" pageId="119" pageNumber="120">Platevindex</emphasis>
</taxonomicName>
).
</paragraph>
<paragraph blockId="119.[187,1401,664,973]" pageId="119" pageNumber="120">
In the original description, 
<bibRefCitation author="Plate L. H." box="[505,708,664,691]" pageId="119" pageNumber="120" pagination="93 - 234" refId="ref73697" refString="Plate L. H. 1893. Studien ʾ ber opisthopneumone Lungenschnecken, II, Die Oncidiiden. Zoologische Jahrbucher, Abtheilung fur Anatomie und Ontogenie der Thiere 7: 93 - 234. Available from https: // biodiversitylibrary. org / page / 11175213 [accessed 27 Sep. 2016]." type="journal article" year="1893">Plate (1893: 191)</bibRefCitation>
described dorsal “conical granules” and indicated that “the mantle appears through them as if spiked with small thorns.” Conical papillae are present in the 
<typeStatus box="[1290,1398,700,726]" pageId="119" pageNumber="120">lectotype</typeStatus>
and all 
<typeStatus box="[278,447,735,761]" pageId="119" pageNumber="120">paralectotypes</typeStatus>
of 
<taxonomicName authorityName="Goulding &amp; Bourke &amp; Comendador &amp; Khalil &amp; Quang &amp; Tan &amp; Tan &amp; Dayrat" authorityYear="2021" baseAuthorityName="Plate" baseAuthorityYear="1893" box="[494,582,735,761]" class="Gastropoda" family="Onchidiidae" genus="Platevindex" higherTaxonomySource="GBIF" kingdom="Animalia" order="Systellommatophora" pageId="119" pageNumber="120" phylum="Mollusca" rank="species" species="latus">
<emphasis box="[494,582,735,761]" italics="true" pageId="119" pageNumber="120">P. latus</emphasis>
</taxonomicName>
as well as in the additional material from 
<collectingCountry box="[1093,1327,735,761]" name="Papua New Guinea" pageId="119" pageNumber="120">Papua New Guinea</collectingCountry>
. 
<bibRefCitation author="Plate L. H." pageId="119" pageNumber="120" pagination="93 - 234" refId="ref73697" refString="Plate L. H. 1893. Studien ʾ ber opisthopneumone Lungenschnecken, II, Die Oncidiiden. Zoologische Jahrbucher, Abtheilung fur Anatomie und Ontogenie der Thiere 7: 93 - 234. Available from https: // biodiversitylibrary. org / page / 11175213 [accessed 27 Sep. 2016]." type="journal article" year="1893">Plate (1893: 192)</bibRefCitation>
described the length of the penis but did not mention penial hooks, so it can be assumed that he did not see penial hooks in the types he dissected (now 
<typeStatus box="[880,1055,805,832]" pageId="119" pageNumber="120">paralectotypes</typeStatus>
). However, because the male parts are missing from the three 
<typeStatus box="[575,744,840,866]" pageId="119" pageNumber="120">paralectotypes</typeStatus>
dissected by Plate, this could not be confirmed. At any rate, penial hooks are absent in the 
<typeStatus box="[606,714,876,902]" pageId="119" pageNumber="120">lectotype</typeStatus>
dissected for the present study. The intestinal loops of the 
<typeStatus box="[189,297,911,937]" pageId="119" pageNumber="120">lectotype</typeStatus>
are of type III and 
<bibRefCitation author="Plate L. H." box="[520,742,911,937]" pageId="119" pageNumber="120" pagination="93 - 234" refId="ref73697" refString="Plate L. H. 1893. Studien ʾ ber opisthopneumone Lungenschnecken, II, Die Oncidiiden. Zoologische Jahrbucher, Abtheilung fur Anatomie und Ontogenie der Thiere 7: 93 - 234. Available from https: // biodiversitylibrary. org / page / 11175213 [accessed 27 Sep. 2016]." type="journal article" year="1893">Plate’s (1893: 192)</bibRefCitation>
description of a type II likely is a mistake, which would be consistent as he made the same error in the description of 
<taxonomicName authorityName="Goulding &amp; Bourke &amp; Comendador &amp; Khalil &amp; Quang &amp; Tan &amp; Tan &amp; Dayrat" authorityYear="2021" baseAuthorityName="Plate" baseAuthorityYear="1893" box="[904,1049,946,972]" class="Gastropoda" family="Onchidiidae" genus="Platevindex" higherTaxonomySource="GBIF" kingdom="Animalia" order="Systellommatophora" pageId="119" pageNumber="120" phylum="Mollusca" rank="species" species="amboinae">
<emphasis box="[904,1049,946,972]" italics="true" pageId="119" pageNumber="120">P. amboinae</emphasis>
</taxonomicName>
.
</paragraph>
<paragraph blockId="119.[188,1399,1011,1355]" pageId="119" pageNumber="120">
Fresh material for DNA sequencing was not available. 
<taxonomicName authorityName="Goulding &amp; Bourke &amp; Comendador &amp; Khalil &amp; Quang &amp; Tan &amp; Tan &amp; Dayrat" authorityYear="2021" baseAuthorityName="Plate" baseAuthorityYear="1893" box="[875,1083,1011,1037]" class="Gastropoda" family="Onchidiidae" genus="Platevindex" higherTaxonomySource="GBIF" kingdom="Animalia" order="Systellommatophora" pageId="119" pageNumber="120" phylum="Mollusca" rank="species" species="latus">
<emphasis box="[875,1083,1011,1037]" italics="true" pageId="119" pageNumber="120">Platevindex latus</emphasis>
</taxonomicName>
was not collected during the recent MNHN expeditions in 
<collectingRegion box="[598,694,1047,1073]" country="Papua New Guinea" name="Madang" pageId="119" pageNumber="120">Madang</collectingRegion>
and 
<collectingRegion box="[758,910,1047,1073]" country="Papua New Guinea" name="New Ireland" pageId="119" pageNumber="120">New Ireland</collectingRegion>
, 
<collectingCountry box="[925,1163,1047,1073]" name="Papua New Guinea" pageId="119" pageNumber="120">Papua New Guinea</collectingCountry>
. Some old material discovered at the Zoologisches Museum in Hamburg seems to be part of 
<taxonomicName authorityName="Goulding &amp; Bourke &amp; Comendador &amp; Khalil &amp; Quang &amp; Tan &amp; Tan &amp; Dayrat" authorityYear="2021" baseAuthorityName="Plate" baseAuthorityYear="1893" box="[1034,1119,1082,1108]" class="Gastropoda" family="Onchidiidae" genus="Platevindex" higherTaxonomySource="GBIF" kingdom="Animalia" order="Systellommatophora" pageId="119" pageNumber="120" phylum="Mollusca" rank="species" species="latus">
<emphasis box="[1034,1119,1082,1108]" italics="true" pageId="119" pageNumber="120">P. latus</emphasis>
</taxonomicName>
even though its locality is uncertain (the label in the jar states “ 
<collectingCountry box="[656,894,1117,1144]" name="Papua New Guinea" pageId="119" pageNumber="120">Papua New Guinea</collectingCountry>
. 
<collectingRegion box="[906,1054,1117,1144]" country="Papua New Guinea" name="West New Britain" pageId="119" pageNumber="120">New Britain</collectingRegion>
? Museum Godeffroy”). This material is externally identical to the 
<typeStatus box="[660,768,1152,1178]" pageId="119" pageNumber="120">lectotype</typeStatus>
(and 
<typeStatus box="[845,1016,1152,1179]" pageId="119" pageNumber="120">paralectotypes</typeStatus>
) of 
<taxonomicName authorityName="Goulding &amp; Bourke &amp; Comendador &amp; Khalil &amp; Quang &amp; Tan &amp; Tan &amp; Dayrat" authorityYear="2021" baseAuthorityName="Plate" baseAuthorityYear="1893" box="[1072,1164,1152,1178]" class="Gastropoda" family="Onchidiidae" genus="Platevindex" higherTaxonomySource="GBIF" kingdom="Animalia" order="Systellommatophora" pageId="119" pageNumber="120" phylum="Mollusca" rank="species" species="latus">
<emphasis box="[1072,1164,1152,1178]" italics="true" pageId="119" pageNumber="120">P. latus</emphasis>
</taxonomicName>
. 
<bibRefCitation author="Plate L. H." box="[1184,1398,1152,1178]" pageId="119" pageNumber="120" pagination="93 - 234" refId="ref73697" refString="Plate L. H. 1893. Studien ʾ ber opisthopneumone Lungenschnecken, II, Die Oncidiiden. Zoologische Jahrbucher, Abtheilung fur Anatomie und Ontogenie der Thiere 7: 93 - 234. Available from https: // biodiversitylibrary. org / page / 11175213 [accessed 27 Sep. 2016]." type="journal article" year="1893">Plate (1893: 192)</bibRefCitation>
described a penis measuring 
<quantity box="[531,600,1188,1214]" metricMagnitude="-3" metricUnit="m" metricValue="7.0" pageId="119" pageNumber="120" unit="mm" value="7.0">7 mm</quantity>
long (the proximal chondroid tube being 
<quantity box="[1096,1165,1187,1214]" metricMagnitude="-3" metricUnit="m" metricValue="5.0" pageId="119" pageNumber="120" unit="mm" value="5.0">5 mm</quantity>
long and the distal, flexible region being 
<quantity box="[447,518,1223,1249]" metricMagnitude="-3" metricUnit="m" metricValue="2.0" pageId="119" pageNumber="120" unit="mm" value="2.0">2 mm</quantity>
long). In one specimen from the Zoologisches Museum in Hamburg, the chondroid tube also measured 
<quantity box="[552,624,1258,1285]" metricMagnitude="-3" metricUnit="m" metricValue="5.0" pageId="119" pageNumber="120" unit="mm" value="5.0">5 mm</quantity>
, but the distal region without hooks was 
<quantity box="[1112,1203,1258,1285]" metricMagnitude="-4" metricUnit="m" metricValue="5.0" pageId="119" pageNumber="120" unit="mm" value="0.5">0.5 mm</quantity>
long rather than 
<quantity box="[190,262,1293,1320]" metricMagnitude="-3" metricUnit="m" metricValue="2.0" pageId="119" pageNumber="120" unit="mm" value="2.0">2 mm</quantity>
. However, individual variation in this character occurs within species of 
<taxonomicName box="[1134,1271,1293,1319]" class="Gastropoda" family="Onchidiidae" genus="Platevindex" higherTaxonomySource="GBIF" kingdom="Animalia" order="Systellommatophora" pageId="119" pageNumber="120" phylum="Mollusca" rank="genus">
<emphasis box="[1134,1271,1293,1319]" italics="true" pageId="119" pageNumber="120">Platevindex</emphasis>
</taxonomicName>
, and more specimens are needed to evaluate the variation for this trait within 
<taxonomicName authorityName="Goulding &amp; Bourke &amp; Comendador &amp; Khalil &amp; Quang &amp; Tan &amp; Tan &amp; Dayrat" authorityYear="2021" baseAuthorityName="Plate" baseAuthorityYear="1893" box="[970,1056,1328,1354]" class="Gastropoda" family="Onchidiidae" genus="Platevindex" higherTaxonomySource="GBIF" kingdom="Animalia" order="Systellommatophora" pageId="119" pageNumber="120" phylum="Mollusca" rank="species" species="latus">
<emphasis box="[970,1056,1328,1354]" italics="true" pageId="119" pageNumber="120">P. latus</emphasis>
</taxonomicName>
.
</paragraph>
<paragraph blockId="119.[189,1399,1394,1843]" pageId="119" pageNumber="120">
<bibRefCitation author="Hoffmann H." box="[189,445,1394,1421]" pageId="119" pageNumber="120" pagination="29 - 118" refId="ref72283" refString="Hoffmann H. 1928. Zur Kenntnis der Oncidiiden. Zoologische Jahrbucher (Jena) 55: 29 - 118." type="journal article" year="1928">Hoffmann (1928: 86)</bibRefCitation>
suggested that 
<taxonomicName authorityName="Goulding &amp; Bourke &amp; Comendador &amp; Khalil &amp; Quang &amp; Tan &amp; Tan &amp; Dayrat" authorityYear="2021" baseAuthorityName="Plate" baseAuthorityYear="1893" box="[634,840,1394,1420]" class="Gastropoda" family="Onchidiidae" genus="Platevindex" higherTaxonomySource="GBIF" kingdom="Animalia" order="Systellommatophora" pageId="119" pageNumber="120" phylum="Mollusca" rank="species" species="latus">
<emphasis box="[634,840,1394,1420]" italics="true" pageId="119" pageNumber="120">Platevindex latus</emphasis>
</taxonomicName>
(as 
<taxonomicName authorityName="Plate" authorityYear="1893" box="[894,1018,1394,1420]" class="Gastropoda" family="Onchidiidae" genus="Oncis" higherTaxonomySource="GBIF" kingdom="Animalia" order="Systellommatophora" pageId="119" pageNumber="120" phylum="Mollusca" rank="species" species="lata">
<emphasis box="[894,1018,1394,1420]" italics="true" pageId="119" pageNumber="120">Oncis lata</emphasis>
</taxonomicName>
) was a synonym of 
<taxonomicName authority="Lesson, 1831" authorityName="Lesson" authorityYear="1831" class="Gastropoda" family="Onchidiidae" genus="Onchidium" kingdom="Animalia" order="Systellommatophora" pageId="119" pageNumber="120" phylum="Mollusca" rank="species" species="granulosum">
<emphasis italics="true" pageId="119" pageNumber="120">Onchidium granulosum</emphasis>
Lesson, 1831
</taxonomicName>
(
<typeStatus box="[526,578,1429,1455]" pageId="119" pageNumber="120">type</typeStatus>
locality 
<collectingRegion box="[693,848,1429,1455]" country="Papua New Guinea" name="New Ireland" pageId="119" pageNumber="120">New Ireland</collectingRegion>
, 
<collectingCountry box="[866,1109,1429,1456]" name="Papua New Guinea" pageId="119" pageNumber="120">Papua New Guinea</collectingCountry>
), based on the original descriptions. Although Hoffmann acknowledged that Lesson’s description was not very informative, he considered that Lesson’s description of a notum being much wider than the sole indicated that 
<taxonomicName authorityName="Lesson" authorityYear="1831" class="Gastropoda" family="Onchidiidae" genus="Onchidium" kingdom="Animalia" order="Systellommatophora" pageId="119" pageNumber="120" phylum="Mollusca" rank="species" species="granulosum">
<emphasis italics="true" pageId="119" pageNumber="120">Onchidium granulosum</emphasis>
</taxonomicName>
referred to a species of 
<taxonomicName authority="" box="[630,869,1534,1561]" class="Gastropoda" family="Onchidiidae" genus="Oncis" higherTaxonomySource="GBIF" kingdom="Animalia" order="Systellommatophora" pageId="119" pageNumber="120" phylum="Mollusca" rank="subGenus" subGenus="Platevindex">
<emphasis box="[630,698,1535,1561]" italics="true" pageId="119" pageNumber="120">Oncis</emphasis>
(
<emphasis box="[719,857,1534,1560]" italics="true" pageId="119" pageNumber="120">Platevindex</emphasis>
)
</taxonomicName>
. 
<bibRefCitation author="Labbe A." box="[885,1109,1534,1561]" pageId="119" pageNumber="120" pagination="173 - 246" refId="ref72690" refString="Labbe A. 1934. Les Silicodermes (Labbe) du Museum d'Histoire naturelle de Paris. Premiere partie: Classification, formes nouvelles ou peu connues. Annales de l'Institut oceanographique 14: 173 - 246." type="journal article" year="1934">Labbé (1934: 234)</bibRefCitation>
agreed with Hoffmann. However, Lesson’s description is brief and leaves out many important details, such as whether dorsal eyes are present or not. The wide foot in Lesson’s illustration of 
<taxonomicName authorityName="Lesson" authorityYear="1831" box="[946,1224,1605,1631]" class="Gastropoda" family="Onchidiidae" genus="Onchidium" kingdom="Animalia" order="Systellommatophora" pageId="119" pageNumber="120" phylum="Mollusca" rank="species" species="granulosum">
<emphasis box="[946,1224,1605,1631]" italics="true" pageId="119" pageNumber="120">Onchidium granulosum</emphasis>
</taxonomicName>
(Lesson 1831: pl. 14, fig. 2) does not appear to represent a species of 
<taxonomicName box="[879,1017,1640,1666]" class="Gastropoda" family="Onchidiidae" genus="Platevindex" higherTaxonomySource="GBIF" kingdom="Animalia" order="Systellommatophora" pageId="119" pageNumber="120" phylum="Mollusca" rank="genus">
<emphasis box="[879,1017,1640,1666]" italics="true" pageId="119" pageNumber="120">Platevindex</emphasis>
</taxonomicName>
. The description of the habitat as a rocky shore also strongly suggests that 
<taxonomicName authorityName="Lesson" authorityYear="1831" box="[735,1017,1675,1701]" class="Gastropoda" family="Onchidiidae" genus="Onchidium" kingdom="Animalia" order="Systellommatophora" pageId="119" pageNumber="120" phylum="Mollusca" rank="species" species="granulosum">
<emphasis box="[735,1017,1675,1701]" italics="true" pageId="119" pageNumber="120">Onchidium granulosum</emphasis>
</taxonomicName>
does not apply to a species of 
<taxonomicName box="[189,327,1710,1736]" class="Gastropoda" family="Onchidiidae" genus="Platevindex" higherTaxonomySource="GBIF" kingdom="Animalia" order="Systellommatophora" pageId="119" pageNumber="120" phylum="Mollusca" rank="genus">
<emphasis box="[189,327,1710,1736]" italics="true" pageId="119" pageNumber="120">Platevindex</emphasis>
</taxonomicName>
, but, instead, possibly to a species of 
<taxonomicName authorityName="Fleming" authorityYear="1822" box="[793,886,1711,1736]" class="Gastropoda" family="Onchidiidae" genus="Peronia" kingdom="Animalia" order="Systellommatophora" pageId="119" pageNumber="120" phylum="Mollusca" rank="genus">
<emphasis box="[793,886,1711,1736]" italics="true" pageId="119" pageNumber="120">Peronia</emphasis>
</taxonomicName>
or 
<taxonomicName authorityName="Goulding &amp; Dayrat" authorityYear="2018" box="[931,1088,1710,1736]" class="Gastropoda" family="Onchidiidae" genus="Wallaconchis" higherTaxonomySource="GBIF" kingdom="Animalia" order="Systellommatophora" pageId="119" pageNumber="120" phylum="Mollusca" rank="genus">
<emphasis box="[931,1088,1710,1736]" italics="true" pageId="119" pageNumber="120">Wallaconchis</emphasis>
</taxonomicName>
. Adams &amp; Adams (1855: 234) transferred 
<taxonomicName authorityName="Lesson" authorityYear="1831" box="[389,668,1746,1772]" class="Gastropoda" family="Onchidiidae" genus="Onchidium" kingdom="Animalia" order="Systellommatophora" pageId="119" pageNumber="120" phylum="Mollusca" rank="species" species="granulosum">
<emphasis box="[389,668,1746,1772]" italics="true" pageId="119" pageNumber="120">Onchidium granulosum</emphasis>
</taxonomicName>
to 
<taxonomicName authorityName="Gray" authorityYear="1850" box="[709,839,1746,1772]" class="Gastropoda" family="Onchidiidae" genus="Onchidella" kingdom="Animalia" order="Systellommatophora" pageId="119" pageNumber="120" phylum="Mollusca" rank="genus">
<emphasis box="[709,839,1746,1772]" italics="true" pageId="119" pageNumber="120">Onchidella</emphasis>
</taxonomicName>
with no justification. Because its 
<typeStatus box="[1243,1294,1746,1772]" pageId="119" pageNumber="120">type</typeStatus>
material could not be located and its internal anatomy was not described by Lesson, 
<taxonomicName authorityName="Lesson" authorityYear="1831" box="[1092,1371,1781,1807]" class="Gastropoda" family="Onchidiidae" genus="Onchidium" kingdom="Animalia" order="Systellommatophora" pageId="119" pageNumber="120" phylum="Mollusca" rank="species" species="granulosum">
<emphasis box="[1092,1371,1781,1807]" italics="true" pageId="119" pageNumber="120">Onchidium granulosum</emphasis>
</taxonomicName>
is regarded here as a nomen dubium which applies to an onchidiid species of an unidentifiable genus.
</paragraph>
<paragraph blockId="119.[189,1400,1881,2014]" lastBlockId="120.[189,1399,265,397]" lastPageId="120" lastPageNumber="121" pageId="119" pageNumber="120">
Von 
<bibRefCitation author="Martens E. von" box="[244,489,1882,1908]" pageId="119" pageNumber="120" pagination="1 - 332" refId="ref73284" refString="Martens E. von. 1897. S ʾ ss- und Brackwasser-Mollusken des Indischen Archipels. Zoologische Ergebnisse einer Reise in Niederlandisch Ost-Indien 4: 1 - 332. https: // doi. org / 10.5962 / bhl. title. 46994" type="journal article" year="1897">Martens (1897: 128)</bibRefCitation>
indicated that M. Weber found 
<taxonomicName authorityName="Plate" authorityYear="1893" box="[870,993,1881,1908]" class="Gastropoda" family="Onchidiidae" genus="Oncis" higherTaxonomySource="GBIF" kingdom="Animalia" order="Systellommatophora" pageId="119" pageNumber="120" phylum="Mollusca" rank="species" species="lata">
<emphasis box="[870,993,1881,1908]" italics="true" pageId="119" pageNumber="120">Oncis lata</emphasis>
</taxonomicName>
in “Celebs: M̹ndung des Flusses Djenemaedja in Luwu” [
<collectingRegion box="[492,605,1917,1943]" country="Indonesia" name="Sulawesi Utara" pageId="119" pageNumber="120">Sulawesi</collectingRegion>
: mouth of the river Djenemaedja in Luwu]. Measurements were provided for the largest and smallest specimens, and the edge of the hyponotum was described as dirty yellow-gray. Von Martens indicated that the specimens are exactly the same as 
<bibRefCitation author="Plate L. H." box="[1231,1399,1987,2013]" pageId="119" pageNumber="120" pagination="93 - 234" refId="ref73697" refString="Plate L. H. 1893. Studien ʾ ber opisthopneumone Lungenschnecken, II, Die Oncidiiden. Zoologische Jahrbucher, Abtheilung fur Anatomie und Ontogenie der Thiere 7: 93 - 234. Available from https: // biodiversitylibrary. org / page / 11175213 [accessed 27 Sep. 2016]." type="journal article" year="1893">Plate’s (1893)</bibRefCitation>
description of 
<taxonomicName authorityName="Plate" authorityYear="1893" box="[361,442,265,291]" class="Gastropoda" family="Onchidiidae" genus="Oncis" higherTaxonomySource="GBIF" kingdom="Animalia" order="Systellommatophora" pageId="120" pageNumber="121" phylum="Mollusca" rank="species" species="lata">
<emphasis box="[361,442,265,291]" italics="true" pageId="120" pageNumber="121">O. lata</emphasis>
</taxonomicName>
, except for the color of edge of the hyponotum. However, when specimens from Luwu collected by M. Weber (identified as 
<taxonomicName authorityName="Plate" authorityYear="1893" box="[689,809,300,327]" class="Gastropoda" family="Onchidiidae" genus="Oncis" higherTaxonomySource="GBIF" kingdom="Animalia" order="Systellommatophora" pageId="120" pageNumber="121" phylum="Mollusca" rank="species" species="lata">
<emphasis box="[689,809,300,327]" italics="true" pageId="120" pageNumber="121">Oncis lata</emphasis>
</taxonomicName>
) were examined, they did not have the large thornlike papillae characteristic of 
<taxonomicName authorityName="Plate" authorityYear="1893" box="[542,616,335,361]" class="Gastropoda" family="Onchidiidae" genus="Oncis" higherTaxonomySource="GBIF" kingdom="Animalia" order="Systellommatophora" pageId="120" pageNumber="121" phylum="Mollusca" rank="species" species="lata">
<emphasis box="[542,616,335,361]" italics="true" pageId="120" pageNumber="121">P. lata</emphasis>
</taxonomicName>
. Thus, 
<collectingRegion box="[706,812,335,361]" country="Indonesia" name="Sulawesi Utara" pageId="120" pageNumber="121">Sulawesi</collectingRegion>
is not considered part of the geographic range of 
<taxonomicName authorityName="Plate" authorityYear="1893" box="[189,264,370,396]" class="Gastropoda" family="Onchidiidae" genus="Oncis" higherTaxonomySource="GBIF" kingdom="Animalia" order="Systellommatophora" pageId="120" pageNumber="121" phylum="Mollusca" rank="species" species="lata">
<emphasis box="[189,264,370,396]" italics="true" pageId="120" pageNumber="121">P. lata</emphasis>
</taxonomicName>
, and those specimens are identified here as 
<taxonomicName authorityName="Goulding &amp; Bourke &amp; Comendador &amp; Khalil &amp; Quang &amp; Tan &amp; Tan &amp; Dayrat" authorityYear="2021" baseAuthorityName="Plate" baseAuthorityYear="1893" box="[777,922,370,396]" class="Gastropoda" family="Onchidiidae" genus="Platevindex" higherTaxonomySource="GBIF" kingdom="Animalia" order="Systellommatophora" pageId="120" pageNumber="121" phylum="Mollusca" rank="species" species="amboinae">
<emphasis box="[777,922,370,396]" italics="true" pageId="120" pageNumber="121">P. amboinae</emphasis>
</taxonomicName>
(see that species).
</paragraph>
<paragraph blockId="120.[189,1400,436,639]" pageId="120" pageNumber="121">
<bibRefCitation author="Bretnall W." box="[189,451,436,462]" pageId="120" pageNumber="121" pagination="303 - 328" refId="ref69821" refString="Bretnall W. 1919. Onchidiidae from Australia and the south-western Pacific Islands. Records of the Australian Museum 12: 303 - 328. https: // doi. org / 10.3853 / j. 0067 - 1975.12.1919.888" type="journal article" year="1919">Bretnall’s (1919: 323)</bibRefCitation>
description of 
<taxonomicName authorityName="Plate" authorityYear="1893" box="[635,759,436,462]" class="Gastropoda" family="Onchidiidae" genus="Oncis" higherTaxonomySource="GBIF" kingdom="Animalia" order="Systellommatophora" pageId="120" pageNumber="121" phylum="Mollusca" rank="species" species="lata">
<emphasis box="[635,759,436,462]" italics="true" pageId="120" pageNumber="121">Oncis lata</emphasis>
</taxonomicName>
is merely a translation of Plate’s original description, except that 
<bibRefCitation author="Plate L. H." box="[334,565,471,497]" pageId="120" pageNumber="121" pagination="93 - 234" refId="ref73697" refString="Plate L. H. 1893. Studien ʾ ber opisthopneumone Lungenschnecken, II, Die Oncidiiden. Zoologische Jahrbucher, Abtheilung fur Anatomie und Ontogenie der Thiere 7: 93 - 234. Available from https: // biodiversitylibrary. org / page / 11175213 [accessed 27 Sep. 2016]." type="journal article" year="1893">Plate’s (1893: 191)</bibRefCitation>
correct statement that “eyes are missing” was changed to “eyes are present on all of the papillae.” Bretnall likely assumed that Plate made a mistake because dorsal eyes are present in most other species of 
<taxonomicName box="[625,763,542,568]" class="Gastropoda" family="Onchidiidae" genus="Platevindex" higherTaxonomySource="GBIF" kingdom="Animalia" order="Systellommatophora" pageId="120" pageNumber="121" phylum="Mollusca" rank="genus">
<emphasis box="[625,763,542,568]" italics="true" pageId="120" pageNumber="121">Platevindex</emphasis>
</taxonomicName>
and because eyes can be difficult to see when dorsal papillae are retracted. However, it is confirmed here that dorsal eyes are not present in the 
<typeStatus box="[1245,1296,577,603]" pageId="120" pageNumber="121">type</typeStatus>
material of 
<taxonomicName authorityName="Goulding &amp; Bourke &amp; Comendador &amp; Khalil &amp; Quang &amp; Tan &amp; Tan &amp; Dayrat" authorityYear="2021" baseAuthorityName="Plate" baseAuthorityYear="1893" box="[221,424,612,638]" class="Gastropoda" family="Onchidiidae" genus="Platevindex" higherTaxonomySource="GBIF" kingdom="Animalia" order="Systellommatophora" pageId="120" pageNumber="121" phylum="Mollusca" rank="species" species="latus">
<emphasis box="[221,424,612,638]" italics="true" pageId="120" pageNumber="121">Platevindex latus</emphasis>
</taxonomicName>
.
</paragraph>
<paragraph blockId="120.[188,1401,677,1021]" pageId="120" pageNumber="121">
<bibRefCitation author="Labbe A." box="[189,408,677,704]" pageId="120" pageNumber="121" pagination="173 - 246" refId="ref72690" refString="Labbe A. 1934. Les Silicodermes (Labbe) du Museum d'Histoire naturelle de Paris. Premiere partie: Classification, formes nouvelles ou peu connues. Annales de l'Institut oceanographique 14: 173 - 246." type="journal article" year="1934">Labbé (1934: 234)</bibRefCitation>
identified two specimens (24/17 and 19/ 
<quantity box="[889,974,678,704]" metricMagnitude="-2" metricUnit="m" metricValue="1.4" pageId="120" pageNumber="121" unit="mm" value="14.0">14 mm</quantity>
) from the Malabar coast (southwest 
<collectingCountry box="[189,251,713,740]" name="India" pageId="120" pageNumber="121">India</collectingCountry>
) collected by M. Dussumier as 
<taxonomicName baseAuthorityName="Lesson" baseAuthorityYear="1826" box="[645,843,713,739]" class="Gastropoda" family="Onchidiidae" genus="Oncis" higherTaxonomySource="GBIF" kingdom="Animalia" order="Systellommatophora" pageId="120" pageNumber="121" phylum="Mollusca" rank="species" species="granulosa">
<emphasis box="[645,843,713,739]" italics="true" pageId="120" pageNumber="121">Oncis granulosa</emphasis>
</taxonomicName>
, but also indicated that the exterior aspect of his specimens was similar to that of 
<taxonomicName authorityName="Plate" authorityYear="1893" box="[628,752,748,774]" class="Gastropoda" family="Onchidiidae" genus="Oncis" higherTaxonomySource="GBIF" kingdom="Animalia" order="Systellommatophora" pageId="120" pageNumber="121" phylum="Mollusca" rank="species" species="lata">
<emphasis box="[628,752,748,774]" italics="true" pageId="120" pageNumber="121">Oncis lata</emphasis>
</taxonomicName>
from 
<collectingRegion box="[825,974,748,774]" inferredBySuffix="true" pageId="120" pageNumber="121">New Britain</collectingRegion>
. However, Labbé also reported that the notum is granular with tubers that are not prominent, and that dorsal eyes are not very visible. The intestinal loops are also described as 
<typeStatus box="[641,692,819,845]" pageId="120" pageNumber="121">type</typeStatus>
II by Labbé, while they are of 
<typeStatus box="[1076,1127,819,845]" pageId="120" pageNumber="121">type</typeStatus>
III in 
<taxonomicName authorityName="Plate" authorityYear="1893" box="[1208,1333,818,845]" class="Gastropoda" family="Onchidiidae" genus="Oncis" higherTaxonomySource="GBIF" kingdom="Animalia" order="Systellommatophora" pageId="120" pageNumber="121" phylum="Mollusca" rank="species" species="lata">
<emphasis box="[1208,1333,818,845]" italics="true" pageId="120" pageNumber="121">Oncis lata</emphasis>
</taxonomicName>
. Due to the lack of dorsal papillae in the specimens Labbé examined, and the fact that Labbé’s description suggests that dorsal eyes may have simply been retracted, the specimens he examined are not considered to be 
<taxonomicName authorityName="Plate" authorityYear="1893" box="[260,385,924,950]" class="Gastropoda" family="Onchidiidae" genus="Oncis" higherTaxonomySource="GBIF" kingdom="Animalia" order="Systellommatophora" pageId="120" pageNumber="121" phylum="Mollusca" rank="species" species="lata">
<emphasis box="[260,385,924,950]" italics="true" pageId="120" pageNumber="121">Oncis lata</emphasis>
</taxonomicName>
. It is also worth noting that the specimens Labbé examined from western 
<collectingCountry box="[1292,1352,924,950]" name="India" pageId="120" pageNumber="121">India</collectingCountry>
are very distant from 
<collectingRegion box="[404,552,959,986]" country="Papua New Guinea" name="West New Britain" pageId="120" pageNumber="121">New Britain</collectingRegion>
, 
<collectingCountry box="[566,799,959,986]" name="Papua New Guinea" pageId="120" pageNumber="121">Papua New Guinea</collectingCountry>
, and that no observations of 
<taxonomicName authorityName="Plate" authorityYear="1893" box="[1148,1272,959,985]" class="Gastropoda" family="Onchidiidae" genus="Oncis" higherTaxonomySource="GBIF" kingdom="Animalia" order="Systellommatophora" pageId="120" pageNumber="121" phylum="Mollusca" rank="species" species="lata">
<emphasis box="[1148,1272,959,985]" italics="true" pageId="120" pageNumber="121">Oncis lata</emphasis>
</taxonomicName>
have been confirmed west of 
<collectingRegion box="[410,558,994,1021]" country="Papua New Guinea" name="West New Britain" pageId="120" pageNumber="121">New Britain</collectingRegion>
.
</paragraph>
<paragraph blockId="120.[189,1398,1060,1157]" pageId="120" pageNumber="121">
Morphological evidence suggests that 
<taxonomicName authorityName="Goulding &amp; Bourke &amp; Comendador &amp; Khalil &amp; Quang &amp; Tan &amp; Tan &amp; Dayrat" authorityYear="2021" baseAuthorityName="Plate" baseAuthorityYear="1893" box="[644,847,1060,1086]" class="Gastropoda" family="Onchidiidae" genus="Platevindex" higherTaxonomySource="GBIF" kingdom="Animalia" order="Systellommatophora" pageId="120" pageNumber="121" phylum="Mollusca" rank="species" species="latus">
<emphasis box="[644,847,1060,1086]" italics="true" pageId="120" pageNumber="121">Platevindex latus</emphasis>
</taxonomicName>
is closely related to 
<taxonomicName authorityName="Goulding &amp; Bourke &amp; Comendador &amp; Khalil &amp; Quang &amp; Tan &amp; Tan &amp; Dayrat" authorityYear="2021" baseAuthorityName="Plate" baseAuthorityYear="1893" box="[1093,1238,1060,1086]" class="Gastropoda" family="Onchidiidae" genus="Platevindex" higherTaxonomySource="GBIF" kingdom="Animalia" order="Systellommatophora" pageId="120" pageNumber="121" phylum="Mollusca" rank="species" species="amboinae">
<emphasis box="[1093,1238,1060,1086]" italics="true" pageId="120" pageNumber="121">P. amboinae</emphasis>
</taxonomicName>
because both species lack penial hooks and dorsal eyes, which are present in all other species of 
<taxonomicName box="[1186,1323,1095,1121]" class="Gastropoda" family="Onchidiidae" genus="Platevindex" higherTaxonomySource="GBIF" kingdom="Animalia" order="Systellommatophora" pageId="120" pageNumber="121" phylum="Mollusca" rank="genus">
<emphasis box="[1186,1323,1095,1121]" italics="true" pageId="120" pageNumber="121">Platevindex</emphasis>
</taxonomicName>
. They also are the only species of 
<taxonomicName box="[513,651,1130,1156]" class="Gastropoda" family="Onchidiidae" genus="Platevindex" higherTaxonomySource="GBIF" kingdom="Animalia" order="Systellommatophora" pageId="120" pageNumber="121" phylum="Mollusca" rank="genus">
<emphasis box="[513,651,1130,1156]" italics="true" pageId="120" pageNumber="121">Platevindex</emphasis>
</taxonomicName>
with intestinal loops of 
<typeStatus box="[936,987,1131,1157]" pageId="120" pageNumber="121">type</typeStatus>
III.
</paragraph>
</subSubSection>
</treatment>
</document>