<document ID-DOI="http://doi.org/10.5281/zenodo.4534530" ID-GBIF-Dataset="188411de-569c-4408-a016-1a04b858c142" ID-ISSN="1175-5326" ID-Zenodo-Dep="4534530" ID-ZooBank="D7F9C6A3-9C28-4F4C-8E81-BF24849FDD8C" _generate="added" approvalRequired="33" approvalRequired_for_illustrations="17" approvalRequired_for_treatments="16" checkinTime="1612331093960" checkinUser="plazi" docAuthor="Fabrizi, Silvia, Liu, Wan-Gang, Bai, Ming, Yang, Xing-Ke &amp; Ahrens, Dirk" docDate="2021" docId="03BD87E66B3DFF9BAF89FF58FD1E3BAD" docLanguage="en" docName="zootaxa.4922.1.1.pdf" docOrigin="Zootaxa 4922 (1)" docStyle="DocumentStyle:5EBBA59367AD13919D70D935FA04F6A3.7:Zootaxa.2013-.monograph" docStyleId="5EBBA59367AD13919D70D935FA04F6A3" docStyleName="Zootaxa.2013-.monograph" docStyleVersion="7" docTitle="Maladera piceola" docType="treatment" docVersion="6" lastPageId="94" lastPageNumber="95" masterDocId="FF84FF9E6B61FFC5AF1EF86AFFDE3D4C" masterDocTitle="A monograph of the genus Maladera Mulsant &amp; Rey, 1871 of China (Coleoptera: Scarabaeidae: Melolonthinae: Sericini)" masterLastPageNumber="400" masterPageNumber="1" pageId="92" pageNumber="93" updateTime="1615983897969" updateUser="diego">
<mods:mods xmlns:mods="http://www.loc.gov/mods/v3">
<mods:titleInfo>
<mods:title>A monograph of the genus Maladera Mulsant &amp; Rey, 1871 of China (Coleoptera: Scarabaeidae: Melolonthinae: Sericini)</mods:title>
</mods:titleInfo>
<mods:name type="personal">
<mods:role>
<mods:roleTerm>Author</mods:roleTerm>
</mods:role>
<mods:namePart>Fabrizi, Silvia</mods:namePart>
<mods:nameIdentifier type="ORCID">0000-0003-3524-7153</mods:nameIdentifier>
<mods:nameIdentifier type="email">ahrens.dirk_col@gmx.de</mods:nameIdentifier>
</mods:name>
<mods:name type="personal">
<mods:role>
<mods:roleTerm>Author</mods:roleTerm>
</mods:role>
<mods:namePart>Liu, Wan-Gang</mods:namePart>
<mods:nameIdentifier type="ORCID">0000-0003-4788-7967</mods:nameIdentifier>
<mods:nameIdentifier type="email">liuwangang@ieecas.cn</mods:nameIdentifier>
</mods:name>
<mods:name type="personal">
<mods:role>
<mods:roleTerm>Author</mods:roleTerm>
</mods:role>
<mods:namePart>Bai, Ming</mods:namePart>
<mods:nameIdentifier type="ORCID">0000-0003-3676-6828</mods:nameIdentifier>
<mods:nameIdentifier type="email">liuwangang@ieecas.cn</mods:nameIdentifier>
</mods:name>
<mods:name type="personal">
<mods:role>
<mods:roleTerm>Author</mods:roleTerm>
</mods:role>
<mods:namePart>Yang, Xing-Ke</mods:namePart>
<mods:nameIdentifier type="ORCID">0000-0003-3676-6828</mods:nameIdentifier>
<mods:nameIdentifier type="email">liuwangang@ieecas.cn</mods:nameIdentifier>
</mods:name>
<mods:name type="personal">
<mods:role>
<mods:roleTerm>Author</mods:roleTerm>
</mods:role>
<mods:namePart>Ahrens, Dirk</mods:namePart>
<mods:nameIdentifier type="ORCID">0000-0003-3524-7153</mods:nameIdentifier>
<mods:nameIdentifier type="email">ahrens.dirk_col@gmx.de</mods:nameIdentifier>
</mods:name>
<mods:typeOfResource>text</mods:typeOfResource>
<mods:relatedItem type="host">
<mods:titleInfo>
<mods:title>Zootaxa</mods:title>
</mods:titleInfo>
<mods:part>
<mods:date>2021</mods:date>
<mods:detail type="pubDate">
<mods:number>2021-02-03</mods:number>
</mods:detail>
<mods:detail type="volume">
<mods:number>4922</mods:number>
</mods:detail>
<mods:detail type="issue">
<mods:number>1</mods:number>
</mods:detail>
<mods:extent unit="page">
<mods:start>1</mods:start>
<mods:end>400</mods:end>
</mods:extent>
</mods:part>
</mods:relatedItem>
<mods:classification>journal article</mods:classification>
<mods:identifier type="DOI">https://doi.org/10.11646/zootaxa.4922.1.1</mods:identifier>
<mods:identifier type="GBIF-Dataset">188411de-569c-4408-a016-1a04b858c142</mods:identifier>
<mods:identifier type="ISSN">1175-5326</mods:identifier>
<mods:identifier type="Zenodo-Dep">4496316</mods:identifier>
<mods:identifier type="ZooBank">D7F9C6A3-9C28-4F4C-8E81-BF24849FDD8C</mods:identifier>
</mods:mods>
<treatment ID-DOI="http://doi.org/10.5281/zenodo.4534530" ID-Zenodo-Dep="4534530" LSID="urn:lsid:plazi:treatment:03BD87E66B3DFF9BAF89FF58FD1E3BAD" httpUri="http://treatment.plazi.org/id/03BD87E66B3DFF9BAF89FF58FD1E3BAD" lastPageId="94" lastPageNumber="95" pageId="92" pageNumber="93">
<subSubSection box="[151,539,1842,1869]" pageId="92" pageNumber="93" type="nomenclature">
<paragraph blockId="92.[151,539,1842,1905]" box="[151,539,1842,1869]" pageId="92" pageNumber="93">
<heading bold="true" box="[151,539,1842,1869]" fontSize="11" level="2" pageId="92" pageNumber="93" reason="4">
<taxonomicName authority="(Moser, 1915)" baseAuthorityName="Moser" baseAuthorityYear="1915" box="[151,539,1842,1869]" class="Insecta" family="Melolonthidae" genus="Maladera" kingdom="Animalia" order="Coleoptera" pageId="92" pageNumber="93" phylum="Arthropoda" rank="species" species="piceola">
<emphasis bold="true" box="[151,539,1842,1869]" pageId="92" pageNumber="93">
<emphasis bold="true" box="[151,362,1842,1869]" italics="true" pageId="92" pageNumber="93">Maladera piceola</emphasis>
(Moser, 1915)
</emphasis>
</taxonomicName>
</heading>
</paragraph>
</subSubSection>
<subSubSection box="[151,353,1878,1905]" pageId="92" pageNumber="93" type="description">
<paragraph blockId="92.[151,539,1842,1905]" box="[151,353,1878,1905]" pageId="92" pageNumber="93">
<figureCitation box="[151,269,1879,1905]" captionStart="FIGURE 19" captionStartId="93.[151,250,1823,1847]" captionTargetBox="[236,1365,192,1786]" captionTargetId="figure-20@93.[220,1368,181,1798]" captionTargetPageId="93" captionText="FIGURE 19. A–D: Maladera obscurata (Moser, 1915) (China: Yunnan: Haba Xueshan Mts.); E–H: M. paraobscurata Ahrens, Fabrizi &amp; Liu, sp. n. (holotype); I–L: M. piceola (Moser, 1915) (China: Yunnan). A, E, I: aedeagus, left side lateral view; C, G, K: aedeagus, right side lateral view; B, F, J: parameres, dorsal view; D, H, L: habitus. Scale: 0.5 mm. Habitus not to scale." figureDoi="http://doi.org/10.5281/zenodo.4496354" httpUri="https://zenodo.org/record/4496354/files/figure.png" pageId="92" pageNumber="93">Figures 19</figureCitation>
I–L, 95
</paragraph>
</subSubSection>
<subSubSection pageId="92" pageNumber="93" type="reference_group">
<paragraph blockId="92.[151,660,1947,2002]" box="[151,546,1947,1971]" pageId="92" pageNumber="93">
<treatmentCitationGroup box="[151,546,1947,1971]" pageId="92" pageNumber="93">
<treatmentCitation author="Moser, J." box="[151,542,1947,1971]" page="352" pageId="92" pageNumber="93" year="1915">
<taxonomicName authority="Moser, 1915 b: 352" authorityName="Moser" authorityPageNumber="352" authorityYear="1915" box="[151,542,1947,1971]" class="Insecta" family="Melolonthidae" genus="Autoserica" kingdom="Animalia" order="Coleoptera" pageId="92" pageNumber="93" phylum="Arthropoda" rank="species" species="piceola">
<emphasis box="[151,342,1947,1971]" italics="true" pageId="92" pageNumber="93">Autoserica piceola</emphasis>
<bibRefCitation author="Moser, J." box="[348,542,1947,1971]" pageId="92" pageNumber="93" pagination="337 - 393" refId="ref334285" refString="Moser, J. (1915 b) Neue Serica - Arten. Deutsche Entomologische Zeitschrift, 1915, 337 - 393. https: // doi. org / 10.1002 / mmnd. 48019150402" type="journal article" year="1915">Moser, 1915b: 352</bibRefCitation>
</taxonomicName>
</treatmentCitation>
.
</treatmentCitationGroup>
</paragraph>
<paragraph blockId="92.[151,660,1947,2002]" box="[151,660,1978,2002]" pageId="92" pageNumber="93">
<treatmentCitationGroup box="[151,660,1978,2002]" pageId="92" pageNumber="93">
<treatmentCitation author="Ahrens, D." box="[151,540,1978,2002]" page="237" pageId="92" pageNumber="93" year="2006">
<taxonomicName authority=": Ahrens 2006 b: 237" authorityName="Ahrens" authorityPageNumber="237" authorityYear="2006" box="[151,540,1978,2002]" class="Insecta" family="Melolonthidae" genus="Maladera" kingdom="Animalia" order="Coleoptera" pageId="92" pageNumber="93" phylum="Arthropoda" rank="species" species="piceola">
<emphasis box="[151,332,1978,2002]" italics="true" pageId="92" pageNumber="93">Maladera piceola</emphasis>
: 
<bibRefCitation author="Ahrens, D." box="[344,540,1978,2002]" pageId="92" pageNumber="93" refId="ref329946" refString="Ahrens, D. (2006 b) Sericinae. In: Lobl, I. &amp; Smetana, A. (Eds.), Catalogue of Palaearctic Coleoptera. Volume 3. Scarabaeoidea-Scirtoidea-Dascilloidea-Buprestoidea-Byrrhoidea. Apollo Books, Stenstrup, pp. 229 - 248." type="book" year="2006">Ahrens 2006b: 237</bibRefCitation>
</taxonomicName>
</treatmentCitation>
, 
<treatmentCitation author="Ahrens, D." box="[551,656,1978,2002]" page="24" pageId="92" pageNumber="93" year="2007">
<bibRefCitation author="Ahrens, D." box="[551,656,1978,2002]" pageId="92" pageNumber="93" pagination="1 - 51" refId="ref330155" refString="Ahrens, D. (2007 b) Taxonomic changes and an updated Catalogue of Palearctic Sericini (Coleoptera: Scarabaeidae: Melolonthinae). Zootaxa, 1504 (1), 1 - 51. https: // doi. org / 10.11646 / zootaxa. 1504.1.1" type="journal article" year="2007">2007b: 24</bibRefCitation>
</treatmentCitation>
.
</treatmentCitationGroup>
</paragraph>
</subSubSection>
<caption ID-DOI="http://doi.org/10.5281/zenodo.4496354" ID-Zenodo-Dep="4496354" httpUri="https://zenodo.org/record/4496354/files/figure.png" pageId="93" pageNumber="94" startId="93.[151,250,1823,1847]" targetBox="[236,1365,192,1786]" targetPageId="93">
<paragraph blockId="93.[151,1436,1823,1919]" pageId="93" pageNumber="94">
<emphasis bold="true" box="[151,348,1823,1847]" pageId="93" pageNumber="94">FIGURE 19. A–D:</emphasis>
<taxonomicName authority="(Moser, 1915)" baseAuthorityName="Moser" baseAuthorityYear="1915" box="[355,710,1823,1847]" class="Insecta" family="Melolonthidae" genus="Maladera" kingdom="Animalia" order="Coleoptera" pageId="93" pageNumber="94" phylum="Arthropoda" rank="species" species="obscurata">
<emphasis box="[355,561,1823,1847]" italics="true" pageId="93" pageNumber="94">Maladera obscurata</emphasis>
(Moser, 1915)
</taxonomicName>
(China: Yunnan: Haba Xueshan Mts.); 
<emphasis bold="true" box="[1107,1164,1823,1847]" pageId="93" pageNumber="94">E–H:</emphasis>
<taxonomicName authority="Ahrens, Fabrizi &amp; Liu" authorityName="Ahrens, Fabrizi &amp; Liu" authorityYear="2021" class="Insecta" family="Melolonthidae" genus="Maladera" kingdom="Animalia" order="Coleoptera" pageId="93" pageNumber="94" phylum="Arthropoda" rank="species" species="paraobscurata" status="sp. n.">
<emphasis box="[1170,1352,1823,1847]" italics="true" pageId="93" pageNumber="94">M. paraobscurata</emphasis>
Ahrens, Fabrizi &amp; Liu
</taxonomicName>
, 
<taxonomicNameLabel box="[301,355,1859,1882]" pageId="93" pageNumber="94" rank="species">sp. n.</taxonomicNameLabel>
(holotype); 
<emphasis bold="true" box="[479,527,1859,1883]" pageId="93" pageNumber="94">I–L:</emphasis>
<taxonomicName authority="(Moser, 1915)" baseAuthorityName="Moser" baseAuthorityYear="1915" box="[533,789,1859,1883]" class="Insecta" family="Melolonthidae" genus="Maladera" kingdom="Animalia" order="Coleoptera" pageId="93" pageNumber="94" phylum="Arthropoda" rank="species" species="piceola">
<emphasis box="[533,641,1859,1883]" italics="true" pageId="93" pageNumber="94">M. piceola</emphasis>
(Moser, 1915)
</taxonomicName>
(China: Yunnan). 
<emphasis bold="true" box="[974,1051,1859,1883]" pageId="93" pageNumber="94">A, E, I:</emphasis>
aedeagus, left side lateral view; 
<emphasis bold="true" pageId="93" pageNumber="94">C, G, K:</emphasis>
aedeagus, right side lateral view; 
<emphasis bold="true" box="[525,602,1895,1919]" pageId="93" pageNumber="94">B, F, J:</emphasis>
parameres, dorsal view; 
<emphasis bold="true" box="[855,943,1895,1919]" pageId="93" pageNumber="94">D, H, L:</emphasis>
habitus. Scale: 0.5 mm. Habitus not to scale.
</paragraph>
</caption>
<subSubSection lastPageId="94" lastPageNumber="95" pageId="93" pageNumber="94" type="materials_examined">
<paragraph blockId="93.[151,1436,1965,2028]" pageId="93" pageNumber="94">
<emphasis bold="true" box="[151,457,1965,1991]" pageId="93" pageNumber="94">Type material examined.</emphasis>
<materialsCitation collectionCode="ZMHB" country="China" location="Type" pageId="93" pageNumber="94" specimenCount="2" specimenCount-male="2" stateProvince="Yunnan" typeStatus="lectotype">
<typeStatus box="[470,582,1966,1992]" pageId="93" pageNumber="94">Lectotype</typeStatus>
(here designated): 
<specimenCount box="[812,833,1966,1992]" pageId="93" pageNumber="94" type="male">♂</specimenCount>
“ 
<collectingCountry box="[855,925,1965,1991]" name="China" pageId="93" pageNumber="94">China</collectingCountry>
<collectingRegion box="[936,1021,1965,1991]" country="China" name="Yunnan" pageId="93" pageNumber="94">Yunnan</collectingRegion>
/ 
<taxonomicName authorityName="Moser" authorityYear="1915" box="[1040,1254,1965,1991]" class="Insecta" family="Melolonthidae" genus="Autoserica" kingdom="Animalia" order="Coleoptera" pageId="93" pageNumber="94" phylum="Arthropoda" rank="species" species="piceola">Autoserica piceola</taxonomicName>
<location LSID="urn:lsid:plazi:treatment:03BD87E66B3DFF9BAF89FF58FD1E3BAD:8ECB602B6B3CFF98ABECFFC4FAF43A84" box="[1266,1322,1966,1992]" country="China" name="Type" pageId="93" pageNumber="94" stateProvince="Yunnan">Type</location>
<specimenCount box="[1334,1355,1966,1992]" pageId="93" pageNumber="94" type="male">♂</specimenCount>
Mos.” (
<collectionCode box="[159,246,2001,2027]" pageId="93" pageNumber="94">ZMHB</collectionCode>
)
</materialsCitation>
. 
<materialsCitation box="[265,1362,2001,2028]" collectionCode="ZMHB" country="China" location="Type" pageId="93" pageNumber="94" specimenCount="2" specimenCount-female="1" specimenCount-male="1" stateProvince="Yunnan" typeStatus="paralectotype">
<typeStatus box="[265,428,2001,2027]" pageId="93" pageNumber="94">Paralectotypes</typeStatus>
(here designated): 
<specimenCount box="[643,685,2001,2028]" pageId="93" pageNumber="94" type="male">1 ♂</specimenCount>
“ 
<collectingCountry box="[702,772,2001,2027]" name="China" pageId="93" pageNumber="94">China</collectingCountry>
<collectingRegion box="[778,863,2001,2027]" country="China" name="Yunnan" pageId="93" pageNumber="94">Yunnan</collectingRegion>
/ 
<taxonomicName authorityName="Moser" authorityYear="1915" box="[876,1086,2001,2027]" class="Insecta" family="Melolonthidae" genus="Autoserica" kingdom="Animalia" order="Coleoptera" pageId="93" pageNumber="94" phylum="Arthropoda" rank="species" species="piceola">Autoserica piceola</taxonomicName>
<location LSID="urn:lsid:plazi:treatment:03BD87E66B3DFF9BAF89FF58FD1E3BAD:8ECB602B6B3CFF98AB5AFFB8FBA23AA0" box="[1092,1148,2002,2028]" country="China" name="Type" pageId="93" pageNumber="94" stateProvince="Yunnan">Type</location>
<specimenCount box="[1155,1176,2002,2028]" pageId="93" pageNumber="94" type="female">♀</specimenCount>
Mos.” (
<collectionCode box="[1267,1354,2001,2027]" pageId="93" pageNumber="94">ZMHB</collectionCode>
)
</materialsCitation>
.
</paragraph>
<paragraph blockId="94.[151,1437,150,1761]" pageId="94" pageNumber="95">
<emphasis bold="true" box="[199,556,150,176]" pageId="94" pageNumber="95">Additional material examined</emphasis>
. 
<materialsCitation collectionCode="ZMHB" country="China" location="Yunnan" pageId="94" pageNumber="95" specimenCount="5" specimenCount-female="3" specimenCount-male="2" stateProvince="Yunnan">
<specimenCount box="[569,633,151,177]" pageId="94" pageNumber="95" type="male">2 ♂♂</specimenCount>
, 
<specimenCount box="[645,707,151,177]" pageId="94" pageNumber="95" type="female">3 ♀♀</specimenCount>
“ 
<collectingCountry box="[723,793,151,177]" name="China" pageId="94" pageNumber="95">China</collectingCountry>
<collectingRegion box="[798,887,151,177]" country="China" name="Yunnan" pageId="94" pageNumber="95">Yunnan</collectingRegion>
” [specimens were among the indetermined material in the collection of the 
<collectionCode box="[454,538,186,213]" pageId="94" pageNumber="95">ZMHB</collectionCode>
] (
<collectionCode box="[560,646,187,213]" pageId="94" pageNumber="95">ZMHB</collectionCode>
)
</materialsCitation>
, 
<materialsCitation box="[665,1016,187,213]" collectionCode="CF" country="China" location="Yunnan" pageId="94" pageNumber="95" specimenCount="2" specimenCount-female="1" specimenCount-male="1" stateProvince="Yunnan">
<specimenCount box="[665,709,187,213]" pageId="94" pageNumber="95" type="male">1 ♂</specimenCount>
, 
<specimenCount box="[721,763,187,213]" pageId="94" pageNumber="95" type="female">1 ♀</specimenCount>
“ 
<collectingCountry box="[780,850,187,213]" name="China" pageId="94" pageNumber="95">China</collectingCountry>
<collectingRegion box="[855,944,187,213]" country="China" name="Yunnan" pageId="94" pageNumber="95">Yunnan</collectingRegion>
” (
<collectionCode box="[969,1008,187,213]" pageId="94" pageNumber="95">CF</collectionCode>
)
</materialsCitation>
.
</paragraph>
</subSubSection>
<subSubSection pageId="94" pageNumber="95" type="description">
<paragraph blockId="94.[151,1437,150,1761]" pageId="94" pageNumber="95">
<emphasis bold="true" box="[199,373,222,248]" pageId="94" pageNumber="95">Redescription.</emphasis>
Length: 
<quantity box="[474,562,222,249]" metricMagnitude="-3" metricUnit="m" metricValue="5.4" pageId="94" pageNumber="95" unit="mm" value="5.4">5.4 mm</quantity>
, length of elytra: 
<quantity box="[760,849,223,249]" metricMagnitude="-3" metricUnit="m" metricValue="4.1" pageId="94" pageNumber="95" unit="mm" value="4.1">4.1 mm</quantity>
, width: 
<quantity box="[939,1028,223,249]" metricMagnitude="-3" metricUnit="m" metricValue="3.4" pageId="94" pageNumber="95" unit="mm" value="3.4">3.4 mm</quantity>
. Body oval, dark brown to dark reddish brown, antenna yellow, dorsal surface dull, except some single setae on head dorsal surface nearly glabrous.
</paragraph>
<paragraph blockId="94.[151,1437,150,1761]" pageId="94" pageNumber="95">
Labroclypeus moderately wide and trapezoidal, shiny, widest at base, lateral margins weakly convex and strongly convergent anteriorly, anterior angles blunt and slightly reflexed, anterior margin moderately emarginate, margins moderately reflexed; lateral margin and ocular canthus produce a blunt angle; surface flat, finely and densely punctate, with numerous erect setae anteriorly; frontoclypeal suture indistinctly incised, curved; smooth area anterior to eye flat, 2.5 times as wide as long; ocular canthus long and moderately wide (nearly 1/3 of ocular diameter), finely and sparsely punctate, with a terminal seta. Frons dull, with fine, dense punctures and a few single erect setae beside eyes. Eyes large, ratio diameter/ interocular width: 0.74. Antenna with ten antennomeres; club with three antennomeres and straight, as long as remaining antennomeres combined. 
<collectingRegion box="[993,1088,547,573]" country="Myanmar" name="Chin" pageId="94" pageNumber="95">Mentum</collectingRegion>
elevated and slightly flattened anteriorly.
</paragraph>
<paragraph blockId="94.[151,1437,150,1761]" pageId="94" pageNumber="95">Pronotum moderately transverse, widest at base, lateral margins evenly convex and moderately convergent anteriorly, anterior angles moderately produced and right-angled, posterior angles blunt, weakly rounded at tip; anterior margin weakly convex, with very fine and complete marginal line, base without marginal line; surface finely and densely punctate, with minute setae in punctures, otherwise glabrous; lateral margin finely sparsely setose; hypomeron carinate, not produced ventrally. Scutellum wide, triangular, dull, with fine, sparse punctures.</paragraph>
<paragraph blockId="94.[151,1437,150,1761]" pageId="94" pageNumber="95">Elytra widest shortly behind middle, striae distinctly impressed, finely and sparsely punctate, intervals weakly convex, with fine and sparse punctures concentrated along striae, with minute setae in punctures, odd intervals with a few single short setae; epipleural margin robust, ending at strongly curved external apical angle of elytra, epipleura densely setose; apical border of elytra membraneous, with a robust rim of microtrichomes (at ca 100x magnification).</paragraph>
<paragraph blockId="94.[151,1437,150,1761]" pageId="94" pageNumber="95">Ventral surface dull, coarsely and moderately densely punctate, metasternum sparsely covered with sparse fine setae; metacoxa with a few longer setae laterally, otherwise glabrous. Abdominal sternites finely and irregularly densely punctate, glabrous, each sternite with a transverse row of coarse punctures each bearing a robust long seta. Mesosternum between mesocoxae as wide as mesofemur. Ratio of length of metepisternum/metacoxa: 1/1.5. Pygidium strongly convex and dull, coarsely and densely punctate, without smooth midline, with a few longer setae along apical margin.</paragraph>
<paragraph blockId="94.[151,1437,150,1761]" pageId="94" pageNumber="95">Legs moderately wide and short, weakly shiny; femora with two longitudinal rows of setae, finely and sparsely punctate. Metafemur dull, with anterior margin acute, with continuous serrated line behind anterior margin, setae of anterior row very short; posterior margin smooth and moderately widened at apex ventrally, not serrate dorsally, with just a few short setae basally. Metatibia short, widest at apex, ratio of width/length: 1/2.5, sharply carinate dorsally, with two groups of spines, basal group at three fifths, apical group at four fifths of metatibial length, with a few short robust setae basally and a continuously serrated line beside dorsal margin in basal half; lateral face weakly longitudinally convex, sparsely punctate on basal half, with minute setae in punctures; ventral margin finely serrate, with five robust setae of which the apical one is more distant; medial face smooth and glabrous; apex finely serrate, moderately truncate interiorly near tarsal articulation. Tarsomeres dorsally smooth and glabrous, neither laterally nor dorsally carinate, sparsely setose ventrally; metatarsomeres with a strongly serrated ridge ventrally and a smooth subventral longitudinal carina; first metatarsomere distinctly shorter than following two tarsomeres combined and slightly longer than dorsal tibial spur. Protibia short, bidentate; anterior claws symmetrical, basal tooth of both claws bluntly truncate at apex.</paragraph>
<paragraph blockId="94.[151,1437,150,1761]" box="[199,667,1627,1653]" pageId="94" pageNumber="95">
Aedeagus: 
<figureCitation box="[324,403,1627,1653]" captionStart="FIGURE 19" captionStartId="93.[151,250,1823,1847]" captionTargetBox="[236,1365,192,1786]" captionTargetId="figure-20@93.[220,1368,181,1798]" captionTargetPageId="93" captionText="FIGURE 19. A–D: Maladera obscurata (Moser, 1915) (China: Yunnan: Haba Xueshan Mts.); E–H: M. paraobscurata Ahrens, Fabrizi &amp; Liu, sp. n. (holotype); I–L: M. piceola (Moser, 1915) (China: Yunnan). A, E, I: aedeagus, left side lateral view; C, G, K: aedeagus, right side lateral view; B, F, J: parameres, dorsal view; D, H, L: habitus. Scale: 0.5 mm. Habitus not to scale." figureDoi="http://doi.org/10.5281/zenodo.4496354" httpUri="https://zenodo.org/record/4496354/files/figure.png" pageId="94" pageNumber="95">Fig. 19</figureCitation>
I–K. Habitus: 
<figureCitation box="[563,663,1627,1653]" captionStart="FIGURE 19" captionStartId="93.[151,250,1823,1847]" captionTargetBox="[236,1365,192,1786]" captionTargetId="figure-20@93.[220,1368,181,1798]" captionTargetPageId="93" captionText="FIGURE 19. A–D: Maladera obscurata (Moser, 1915) (China: Yunnan: Haba Xueshan Mts.); E–H: M. paraobscurata Ahrens, Fabrizi &amp; Liu, sp. n. (holotype); I–L: M. piceola (Moser, 1915) (China: Yunnan). A, E, I: aedeagus, left side lateral view; C, G, K: aedeagus, right side lateral view; B, F, J: parameres, dorsal view; D, H, L: habitus. Scale: 0.5 mm. Habitus not to scale." figureDoi="http://doi.org/10.5281/zenodo.4496354" httpUri="https://zenodo.org/record/4496354/files/figure.png" pageId="94" pageNumber="95">
Fig. 
<specimenCount box="[615,663,1627,1653]" pageId="94" pageNumber="95" type="generic">19L</specimenCount>
</figureCitation>
.
</paragraph>
<paragraph blockId="94.[151,1437,150,1761]" pageId="94" pageNumber="95">
<emphasis bold="true" box="[199,319,1662,1688]" pageId="94" pageNumber="95">Variation.</emphasis>
The female is very similar to the male, having the eyes of same size, but the antennal club is shorter, about as long as the remaining antennomeres combined.
</paragraph>
</subSubSection>
<subSubSection box="[199,704,1734,1761]" pageId="94" pageNumber="95" type="distribution">
<paragraph blockId="94.[151,1437,150,1761]" box="[199,704,1734,1761]" pageId="94" pageNumber="95">
<emphasis bold="true" box="[199,353,1734,1760]" pageId="94" pageNumber="95">Distribution.</emphasis>
See map (
<figureCitation box="[470,552,1734,1761]" captionStart="FIGURE 95" captionStartId="349.[151,250,1031,1055]" captionTargetBox="[210,1378,187,1002]" captionTargetId="figure-20@349.[201,1386,181,1008]" captionTargetPageId="349" captionText="FIGURE 95. Distribution of the Maladera teizoana group: Maladera fereobscurata sp. n., M. futschauana (Brenske, 1897), M. invenusta (Moser, 1918), Maladera piceola (Moser, 1915) (not precisely localized collection site indicated by a “?”)." figureDoi="http://doi.org/10.5281/zenodo.4496572" httpUri="https://zenodo.org/record/4496572/files/figure.png" pageId="94" pageNumber="95">Fig. 95</figureCitation>
) and 
<tableCitation box="[614,698,1735,1761]" captionStart="TABLE 1" captionStartId="368.[151,239,544,570]" captionText="TABLE 1. Overview on the distribuition of the Chinese mainland species of Maladera Mulsant &amp; Rey, 1871 (x – records from material examined herein, o – records from literature, with no material of this study)." pageId="94" pageNumber="95">Table 1</tableCitation>
.
</paragraph>
</subSubSection>
</treatment>
</document>