<document ID-DOI="http://doi.org/10.5281/zenodo.4496606" ID-GBIF-Dataset="188411de-569c-4408-a016-1a04b858c142" ID-ISSN="1175-5326" ID-Zenodo-Dep="4496606" ID-ZooBank="D7F9C6A3-9C28-4F4C-8E81-BF24849FDD8C" _generate="added" approvalRequired="33" approvalRequired_for_illustrations="17" approvalRequired_for_treatments="16" checkinTime="1612331093960" checkinUser="plazi" docAuthor="Fabrizi, Silvia, Liu, Wan-Gang, Bai, Ming, Yang, Xing-Ke &amp; Ahrens, Dirk" docDate="2021" docId="03BD87E66BF8FF5CAF89FE03FD103AB6" docLanguage="en" docName="zootaxa.4922.1.1.pdf" docOrigin="Zootaxa 4922 (1)" docStyle="DocumentStyle:5EBBA59367AD13919D70D935FA04F6A3.7:Zootaxa.2013-.monograph" docStyleId="5EBBA59367AD13919D70D935FA04F6A3" docStyleName="Zootaxa.2013-.monograph" docStyleVersion="7" docTitle="Maladera modestula" docType="treatment" docVersion="5" lastPageNumber="154" masterDocId="FF84FF9E6B61FFC5AF1EF86AFFDE3D4C" masterDocTitle="A monograph of the genus Maladera Mulsant &amp; Rey, 1871 of China (Coleoptera: Scarabaeidae: Melolonthinae: Sericini)" masterLastPageNumber="400" masterPageNumber="1" pageId="153" pageNumber="154" updateTime="1615983897969" updateUser="diego">
<mods:mods xmlns:mods="http://www.loc.gov/mods/v3">
<mods:titleInfo>
<mods:title>A monograph of the genus Maladera Mulsant &amp; Rey, 1871 of China (Coleoptera: Scarabaeidae: Melolonthinae: Sericini)</mods:title>
</mods:titleInfo>
<mods:name type="personal">
<mods:role>
<mods:roleTerm>Author</mods:roleTerm>
</mods:role>
<mods:namePart>Fabrizi, Silvia</mods:namePart>
<mods:nameIdentifier type="ORCID">0000-0003-3524-7153</mods:nameIdentifier>
<mods:nameIdentifier type="email">ahrens.dirk_col@gmx.de</mods:nameIdentifier>
</mods:name>
<mods:name type="personal">
<mods:role>
<mods:roleTerm>Author</mods:roleTerm>
</mods:role>
<mods:namePart>Liu, Wan-Gang</mods:namePart>
<mods:nameIdentifier type="ORCID">0000-0003-4788-7967</mods:nameIdentifier>
<mods:nameIdentifier type="email">liuwangang@ieecas.cn</mods:nameIdentifier>
</mods:name>
<mods:name type="personal">
<mods:role>
<mods:roleTerm>Author</mods:roleTerm>
</mods:role>
<mods:namePart>Bai, Ming</mods:namePart>
<mods:nameIdentifier type="ORCID">0000-0003-3676-6828</mods:nameIdentifier>
<mods:nameIdentifier type="email">liuwangang@ieecas.cn</mods:nameIdentifier>
</mods:name>
<mods:name type="personal">
<mods:role>
<mods:roleTerm>Author</mods:roleTerm>
</mods:role>
<mods:namePart>Yang, Xing-Ke</mods:namePart>
<mods:nameIdentifier type="ORCID">0000-0003-3676-6828</mods:nameIdentifier>
<mods:nameIdentifier type="email">liuwangang@ieecas.cn</mods:nameIdentifier>
</mods:name>
<mods:name type="personal">
<mods:role>
<mods:roleTerm>Author</mods:roleTerm>
</mods:role>
<mods:namePart>Ahrens, Dirk</mods:namePart>
<mods:nameIdentifier type="ORCID">0000-0003-3524-7153</mods:nameIdentifier>
<mods:nameIdentifier type="email">ahrens.dirk_col@gmx.de</mods:nameIdentifier>
</mods:name>
<mods:typeOfResource>text</mods:typeOfResource>
<mods:relatedItem type="host">
<mods:titleInfo>
<mods:title>Zootaxa</mods:title>
</mods:titleInfo>
<mods:part>
<mods:date>2021</mods:date>
<mods:detail type="pubDate">
<mods:number>2021-02-03</mods:number>
</mods:detail>
<mods:detail type="volume">
<mods:number>4922</mods:number>
</mods:detail>
<mods:detail type="issue">
<mods:number>1</mods:number>
</mods:detail>
<mods:extent unit="page">
<mods:start>1</mods:start>
<mods:end>400</mods:end>
</mods:extent>
</mods:part>
</mods:relatedItem>
<mods:classification>journal article</mods:classification>
<mods:identifier type="DOI">https://doi.org/10.11646/zootaxa.4922.1.1</mods:identifier>
<mods:identifier type="GBIF-Dataset">188411de-569c-4408-a016-1a04b858c142</mods:identifier>
<mods:identifier type="ISSN">1175-5326</mods:identifier>
<mods:identifier type="Zenodo-Dep">4496316</mods:identifier>
<mods:identifier type="ZooBank">D7F9C6A3-9C28-4F4C-8E81-BF24849FDD8C</mods:identifier>
</mods:mods>
<treatment ID-DOI="http://doi.org/10.5281/zenodo.4496606" ID-Zenodo-Dep="4496606" LSID="urn:lsid:plazi:treatment:03BD87E66BF8FF5CAF89FE03FD103AB6" httpUri="http://treatment.plazi.org/id/03BD87E66BF8FF5CAF89FE03FD103AB6" lastPageNumber="154" pageId="153" pageNumber="154">
<subSubSection box="[151,602,1641,1668]" pageId="153" pageNumber="154" type="nomenclature">
<paragraph blockId="153.[151,602,1641,1703]" box="[151,602,1641,1668]" pageId="153" pageNumber="154">
<heading bold="true" box="[151,602,1641,1668]" fontSize="11" level="2" pageId="153" pageNumber="154" reason="4">
<taxonomicName authority="(Brenske, 1902)" baseAuthorityName="Brenske" baseAuthorityYear="1902" box="[151,602,1641,1668]" class="Insecta" family="Melolonthidae" genus="Maladera" kingdom="Animalia" order="Coleoptera" pageId="153" pageNumber="154" phylum="Arthropoda" rank="species" species="modestula">
<emphasis bold="true" box="[151,602,1641,1668]" pageId="153" pageNumber="154">
<emphasis bold="true" box="[151,400,1641,1668]" italics="true" pageId="153" pageNumber="154">Maladera modestula</emphasis>
(
<bibRefCitation author="Brenske, E." box="[417,594,1641,1667]" pageId="153" pageNumber="154" pagination="1 - 70" refId="ref331533" refString="Brenske, E. (1902) Die Serica - Arten der Erde. VII. Berliner Entomologische Zeitschrift, 47, 1 - 70." type="journal article" year="1902">Brenske, 1902</bibRefCitation>
)
</emphasis>
</taxonomicName>
</heading>
</paragraph>
</subSubSection>
<subSubSection box="[151,381,1677,1703]" pageId="153" pageNumber="154" type="description">
<paragraph blockId="153.[151,602,1641,1703]" box="[151,381,1677,1703]" pageId="153" pageNumber="154">
<figureCitation box="[151,270,1677,1703]" captionStart="FIGURE 34" captionStartId="154.[151,250,1943,1967]" captionTargetBox="[243,1352,190,1910]" captionTargetId="figure-19@154.[230,1358,181,1920]" captionTargetPageId="154" captionText="FIGURE 34. A–D: Maladera modestula (Brenske, 1902) (Myanmar: Putao); E–H: M. vethi (Moser, 1916) (China: Guangxi: Banbaxiang); I–L: M. rufotestacea (Moser, 1915) (Vietnam: Sa Pa). A, E, I: aedeagus, left side lateral view; C, G, K: aedeagus, right side lateral view; B, F, J: parameres, dorsal view; D, H, L: habitus. Scale: 0.5 mm. Habitus not to scale." figureDoi="http://doi.org/10.5281/zenodo.4496396" httpUri="https://zenodo.org/record/4496396/files/figure.png" pageId="153" pageNumber="154">Figures 34</figureCitation>
A–D, 104
</paragraph>
</subSubSection>
<subSubSection pageId="153" pageNumber="154" type="reference_group">
<paragraph blockId="153.[151,1437,1746,1862]" box="[151,778,1746,1770]" pageId="153" pageNumber="154">
<treatmentCitationGroup box="[151,778,1746,1770]" pageId="153" pageNumber="154">
<treatmentCitation author="Brenske, E." box="[151,562,1746,1770]" page="62" pageId="153" pageNumber="154" year="1902">
<taxonomicName authority="Brenske, 1902: 62" authorityName="Brenske" authorityPageNumber="62" authorityYear="1902" box="[151,562,1746,1770]" class="Insecta" family="Melolonthidae" genus="Autoserica" kingdom="Animalia" order="Coleoptera" pageId="153" pageNumber="154" phylum="Arthropoda" rank="species" species="modestula">
<emphasis box="[151,371,1746,1770]" italics="true" pageId="153" pageNumber="154">Autoserica modestula</emphasis>
<bibRefCitation author="Brenske, E." box="[378,562,1746,1770]" pageId="153" pageNumber="154" pagination="1 - 70" refId="ref331533" refString="Brenske, E. (1902) Die Serica - Arten der Erde. VII. Berliner Entomologische Zeitschrift, 47, 1 - 70." type="journal article" year="1902">Brenske, 1902: 62</bibRefCitation>
</taxonomicName>
</treatmentCitation>
[replacement name].
</treatmentCitationGroup>
</paragraph>
<paragraph blockId="153.[151,1437,1746,1862]" pageId="153" pageNumber="154">
<treatmentCitationGroup pageId="153" pageNumber="154">
<treatmentCitation author="Ahrens, D." box="[151,568,1776,1801]" page="314" pageId="153" pageNumber="154" year="2004">
<taxonomicName authority=": Ahrens 2004 a: 314" authorityName="Ahrens" authorityPageNumber="314" authorityYear="2004" box="[151,568,1776,1801]" class="Insecta" family="Melolonthidae" genus="Maladera" kingdom="Animalia" order="Coleoptera" pageId="153" pageNumber="154" phylum="Arthropoda" rank="species" species="modestula">
<emphasis box="[151,361,1776,1800]" italics="true" pageId="153" pageNumber="154">Maladera modestula</emphasis>
: 
<bibRefCitation author="Ahrens, D." box="[373,568,1776,1801]" pageId="153" pageNumber="154" refId="ref329734" refString="Ahrens, D. (2004 a) Monographie der Sericini des Himalaya (Coleoptera, Scarabaeidae). Dissertation. de-Verlag im Internet GmbH, Berlin, 534 pp." type="book" year="2004">Ahrens 2004a: 314</bibRefCitation>
</taxonomicName>
</treatmentCitation>
, 
<treatmentCitation author="Ahrens, D." box="[579,694,1776,1801]" page="414" pageId="153" pageNumber="154" year="2006">
<bibRefCitation author="Ahrens, D." box="[579,694,1776,1801]" pageId="153" pageNumber="154" pagination="487 - 557" refId="ref329895" refString="Ahrens, D. (2006 a) Revision und phylogenetische Analyse der Gattung Pachyserica Brenske, 1897 (Coleoptera, Melolonthidae, Sericini). Revue Suisse de Zoologie, 113, 487 - 557. https: // doi. org / 10.5962 / bhl. part. 80360" type="journal article" year="2006">2006a: 414</bibRefCitation>
</treatmentCitation>
, 
<treatmentCitation author="Ahrens, D." box="[705,822,1776,1801]" page="237" pageId="153" pageNumber="154" year="2006">
<bibRefCitation author="Ahrens, D." box="[705,822,1776,1801]" pageId="153" pageNumber="154" refId="ref329946" refString="Ahrens, D. (2006 b) Sericinae. In: Lobl, I. &amp; Smetana, A. (Eds.), Catalogue of Palaearctic Coleoptera. Volume 3. Scarabaeoidea-Scirtoidea-Dascilloidea-Buprestoidea-Byrrhoidea. Apollo Books, Stenstrup, pp. 229 - 248." type="book" year="2006">2006b: 237</bibRefCitation>
</treatmentCitation>
; 
<treatmentCitation author="Ahrens, D." box="[833,937,1776,1801]" page="24" pageId="153" pageNumber="154" year="2007">
<bibRefCitation author="Ahrens, D." box="[833,937,1776,1801]" pageId="153" pageNumber="154" pagination="1 - 51" refId="ref330155" refString="Ahrens, D. (2007 b) Taxonomic changes and an updated Catalogue of Palearctic Sericini (Coleoptera: Scarabaeidae: Melolonthinae). Zootaxa, 1504 (1), 1 - 51. https: // doi. org / 10.11646 / zootaxa. 1504.1.1" type="journal article" year="2007">2007b: 24</bibRefCitation>
</treatmentCitation>
; 
<treatmentCitation author="Krajcik, M." box="[948,1135,1776,1801]" page="155" pageId="153" pageNumber="154" year="2012">
<bibRefCitation author="Krajcik, M." box="[948,1135,1776,1801]" pageId="153" pageNumber="154" pagination="1 - 278" refId="ref332946" refString="Krajcik, M. (2012) Checklist of the World Scarabaeoidea. Animma. x, Supplement, 5, 1 - 278." type="journal article" year="2012">Krajcik 2012: 155</bibRefCitation>
</treatmentCitation>
; 
<treatmentCitation author="Ahrens, D. &amp; Fabrizi, S." box="[1144,1433,1776,1801]" page="210" pageId="153" pageNumber="154" year="2016">
<bibRefCitation author="Ahrens, D. &amp; Fabrizi, S." box="[1144,1433,1776,1801]" pageId="153" pageNumber="154" pagination="1 - 355" refId="ref330518" refString="Ahrens, D. &amp; Fabrizi, S. (2016) A Monograph of the Sericini of India (Coleoptera: Scarabaeidae). Bonn Zoological Bulletin, 65, 1 - 355." type="journal article" year="2016">Ahrens &amp; Fabrizi 2016: 210</bibRefCitation>
</treatmentCitation>
. 
<taxonomicName authority="Brenske, 1896: 153" authorityName="Brenske" authorityPageNumber="153" authorityYear="1896" box="[151,511,1807,1831]" class="Insecta" family="Melolonthidae" genus="Serica" kingdom="Animalia" order="Coleoptera" pageId="153" pageNumber="154" phylum="Arthropoda" rank="species" species="modesta">
<emphasis box="[151,306,1807,1831]" italics="true" pageId="153" pageNumber="154">Serica modesta</emphasis>
Brenske, 1896: 153
</taxonomicName>
(nec Fairmaire, 1881: 83).
</treatmentCitationGroup>
</paragraph>
<paragraph blockId="153.[151,1437,1746,1862]" box="[151,563,1838,1862]" pageId="153" pageNumber="154">
<treatmentCitationGroup box="[151,563,1838,1862]" pageId="153" pageNumber="154">
<treatmentCitation author="Brenske, E." box="[151,559,1838,1862]" page="301" pageId="153" pageNumber="154" year="1898">
<taxonomicName authority=": Brenske 1898: 301" authorityName="Brenske" authorityPageNumber="301" authorityYear="1898" box="[151,559,1838,1862]" class="Insecta" family="Melolonthidae" genus="Autoserica" kingdom="Animalia" order="Coleoptera" pageId="153" pageNumber="154" phylum="Arthropoda" rank="species" species="modesta">
<emphasis box="[151,351,1838,1862]" italics="true" pageId="153" pageNumber="154">Autoserica modesta</emphasis>
: 
<bibRefCitation author="Brenske, E." box="[365,559,1838,1862]" pageId="153" pageNumber="154" pagination="205 - 403" refId="ref331459" refString="Brenske, E. (1898) Die Serica - Arten der Erde. Berliner Entomologische Zeitschrift, 43, 205 - 403. https: // doi. org / 10.1002 / mmnd. 47918980303" type="journal article" year="1898">Brenske 1898: 301</bibRefCitation>
</taxonomicName>
</treatmentCitation>
.
</treatmentCitationGroup>
</paragraph>
</subSubSection>
<subSubSection pageId="153" pageNumber="154" type="materials_examined">
<paragraph blockId="153.[151,1436,1908,2043]" box="[151,682,1908,1934]" pageId="153" pageNumber="154">
<emphasis bold="true" box="[151,447,1908,1934]" pageId="153" pageNumber="154">
<typeStatus box="[151,210,1908,1934]" pageId="153" pageNumber="154">Type</typeStatus>
material examined.
</emphasis>
See 
<bibRefCitation author="Ahrens, D." box="[500,678,1908,1934]" pageId="153" pageNumber="154" refId="ref329734" refString="Ahrens, D. (2004 a) Monographie der Sericini des Himalaya (Coleoptera, Scarabaeidae). Dissertation. de-Verlag im Internet GmbH, Berlin, 534 pp." type="book" year="2004">Ahrens (2004a)</bibRefCitation>
.
</paragraph>
<paragraph blockId="153.[151,1436,1908,2043]" pageId="153" pageNumber="154">
<emphasis bold="true" box="[199,572,1944,1970]" pageId="153" pageNumber="154">Additional material examined.</emphasis>
<materialsCitation collectingDate="1983-05-21" collectionCode="IZAS" collectorName="Han Yinheng" elevation="800" location="Motuo" municipality="Beibeng" pageId="153" pageNumber="154" specimenCount="1" specimenCount-male="1" stateProvince="Xizang">
<specimenCount box="[583,629,1944,1971]" pageId="153" pageNumber="154" type="male">1 ♂</specimenCount>
“ 
<collectingMunicipality box="[649,748,1944,1970]" pageId="153" pageNumber="154">Beibeng</collectingMunicipality>
, 
<location LSID="urn:lsid:plazi:treatment:03BD87E66BF8FF5CAF89FE03FD103AB6:8ECB602B6BF8FF5CADE5FFF3FC973AFF" box="[763,841,1945,1971]" municipality="Beibeng" name="Motuo" pageId="153" pageNumber="154" stateProvince="Xizang">Motuo</location>
, 
<collectingRegion box="[856,940,1944,1970]" country="China" name="Xizang" pageId="153" pageNumber="154">Xizang</collectingRegion>
, 
<date box="[955,1071,1944,1970]" pageId="153" pageNumber="154" value="1983-05-21">
<collectingDate box="[955,1071,1944,1970]" pageId="153" pageNumber="154" value="1983-05-21">21.V.1983</collectingDate>
</date>
, 700- 
<quantity box="[1139,1205,1944,1970]" metricMagnitude="2" metricUnit="m" metricValue="8.0" pageId="153" pageNumber="154" unit="m" value="800.0">
<elevation box="[1139,1205,1944,1970]" metricMagnitude="2" metricUnit="m" metricValue="8.0" pageId="153" pageNumber="154" unit="m" value="800.0">800m</elevation>
</quantity>
, leg. 
<collectorName box="[1272,1427,1944,1971]" pageId="153" pageNumber="154">Han Yinheng</collectorName>
” (
<collectionCode box="[159,226,1980,2006]" country="0" httpUri="http://grbio.org/cool/043p-ts4f" name="Institut Zoologii Akademii Nauk Ukraini - Institute of Zoology of the Academy of Sciences of Ukraine" pageId="153" pageNumber="154">IZAS</collectionCode>
)
</materialsCitation>
, 
<materialsCitation box="[246,1104,1980,2007]" collectingDate="1983-05-25" collectionCode="IZAS" collectorName="Han Yinheng" location="Motuo" municipality="Beibeng" pageId="153" pageNumber="154" specimenCount="1" specimenCount-female="1" stateProvince="Xizang">
<specimenCount box="[246,288,1980,2007]" pageId="153" pageNumber="154" type="female">1 ♀</specimenCount>
“ 
<collectingMunicipality box="[305,404,1980,2006]" pageId="153" pageNumber="154">Beibeng</collectingMunicipality>
, 
<location LSID="urn:lsid:plazi:treatment:03BD87E66BF8FF5CAF89FE03FD103AB6:8ECB602B6BF8FF5CAE81FFD7FE333A9B" box="[415,493,1981,2007]" municipality="Beibeng" name="Motuo" pageId="153" pageNumber="154" stateProvince="Xizang">Motuo</location>
, 
<collectingRegion box="[503,587,1980,2006]" country="China" name="Xizang" pageId="153" pageNumber="154">Xizang</collectingRegion>
, 
<date box="[598,716,1980,2007]" pageId="153" pageNumber="154" value="1983-05-25">
<collectingDate box="[598,716,1980,2007]" pageId="153" pageNumber="154" value="1983-05-25">
25.V. 
<quantity box="[657,716,1980,2007]" metricMagnitude="6" metricUnit="m" metricValue="1.98385" pageId="153" pageNumber="154" unit="m" value="1983850.0">1983</quantity>
</collectingDate>
</date>
, 850m, leg. 
<collectorName box="[853,1004,1980,2007]" pageId="153" pageNumber="154">Han Yinheng</collectorName>
” (
<collectionCode box="[1028,1096,1980,2006]" country="0" httpUri="http://grbio.org/cool/043p-ts4f" name="Institut Zoologii Akademii Nauk Ukraini - Institute of Zoology of the Academy of Sciences of Ukraine" pageId="153" pageNumber="154">IZAS</collectionCode>
)
</materialsCitation>
.
</paragraph>
</subSubSection>
<subSubSection box="[199,718,2016,2043]" pageId="153" pageNumber="154" type="distribution">
<paragraph blockId="153.[151,1436,1908,2043]" box="[199,718,2016,2043]" pageId="153" pageNumber="154">
<emphasis bold="true" box="[199,353,2016,2042]" pageId="153" pageNumber="154">Distribution.</emphasis>
See map (
<figureCitation box="[470,566,2016,2042]" captionStart="FIGURE 104" captionStartId="353.[151,250,1974,1998]" captionTargetBox="[220,1366,1143,1944]" captionTargetId="figure-63@353.[214,1374,1139,1950]" captionTargetPageId="353" captionText="FIGURE 104. Distribution of the Maladera modestula group: Maladera jinghongensis sp. n., M. modestula (Brenske, 1902), M. rufotestacea (Moser, 1915), M. taiwana Nomura, 1974, M. vethi (Moser, 1916)." figureDoi="http://doi.org/10.5281/zenodo.4496600" httpUri="https://zenodo.org/record/4496600/files/figure.png" pageId="153" pageNumber="154">Fig. 104</figureCitation>
) and 
<tableCitation box="[628,712,2016,2042]" captionStart="TABLE 1" captionStartId="368.[151,239,544,570]" captionText="TABLE 1. Overview on the distribuition of the Chinese mainland species of Maladera Mulsant &amp; Rey, 1871 (x – records from material examined herein, o – records from literature, with no material of this study)." pageId="153" pageNumber="154">Table 1</tableCitation>
.
</paragraph>
</subSubSection>
</treatment>
</document>