<document ID-DOI="http://doi.org/10.5281/zenodo.4534468" ID-GBIF-Dataset="188411de-569c-4408-a016-1a04b858c142" ID-ISSN="1175-5326" ID-Zenodo-Dep="4534468" ID-ZooBank="D7F9C6A3-9C28-4F4C-8E81-BF24849FDD8C" _generate="added" approvalRequired="33" approvalRequired_for_illustrations="17" approvalRequired_for_treatments="16" checkinTime="1612331093960" checkinUser="plazi" docAuthor="Fabrizi, Silvia, Liu, Wan-Gang, Bai, Ming, Yang, Xing-Ke &amp; Ahrens, Dirk" docDate="2021" docId="03BD87E66B74FFD2AF89FC0DFD1E3F2D" docLanguage="en" docName="zootaxa.4922.1.1.pdf" docOrigin="Zootaxa 4922 (1)" docStyle="DocumentStyle:5EBBA59367AD13919D70D935FA04F6A3.7:Zootaxa.2013-.monograph" docStyleId="5EBBA59367AD13919D70D935FA04F6A3" docStyleName="Zootaxa.2013-.monograph" docStyleVersion="7" docTitle="Maladera secreta" docType="treatment" docVersion="7" lastPageId="23" lastPageNumber="24" masterDocId="FF84FF9E6B61FFC5AF1EF86AFFDE3D4C" masterDocTitle="A monograph of the genus Maladera Mulsant &amp; Rey, 1871 of China (Coleoptera: Scarabaeidae: Melolonthinae: Sericini)" masterLastPageNumber="400" masterPageNumber="1" pageId="21" pageNumber="22" updateTime="1615983897969" updateUser="diego">
<mods:mods xmlns:mods="http://www.loc.gov/mods/v3">
<mods:titleInfo>
<mods:title>A monograph of the genus Maladera Mulsant &amp; Rey, 1871 of China (Coleoptera: Scarabaeidae: Melolonthinae: Sericini)</mods:title>
</mods:titleInfo>
<mods:name type="personal">
<mods:role>
<mods:roleTerm>Author</mods:roleTerm>
</mods:role>
<mods:namePart>Fabrizi, Silvia</mods:namePart>
<mods:nameIdentifier type="ORCID">0000-0003-3524-7153</mods:nameIdentifier>
<mods:nameIdentifier type="email">ahrens.dirk_col@gmx.de</mods:nameIdentifier>
</mods:name>
<mods:name type="personal">
<mods:role>
<mods:roleTerm>Author</mods:roleTerm>
</mods:role>
<mods:namePart>Liu, Wan-Gang</mods:namePart>
<mods:nameIdentifier type="ORCID">0000-0003-4788-7967</mods:nameIdentifier>
<mods:nameIdentifier type="email">liuwangang@ieecas.cn</mods:nameIdentifier>
</mods:name>
<mods:name type="personal">
<mods:role>
<mods:roleTerm>Author</mods:roleTerm>
</mods:role>
<mods:namePart>Bai, Ming</mods:namePart>
<mods:nameIdentifier type="ORCID">0000-0003-3676-6828</mods:nameIdentifier>
<mods:nameIdentifier type="email">liuwangang@ieecas.cn</mods:nameIdentifier>
</mods:name>
<mods:name type="personal">
<mods:role>
<mods:roleTerm>Author</mods:roleTerm>
</mods:role>
<mods:namePart>Yang, Xing-Ke</mods:namePart>
<mods:nameIdentifier type="ORCID">0000-0003-3676-6828</mods:nameIdentifier>
<mods:nameIdentifier type="email">liuwangang@ieecas.cn</mods:nameIdentifier>
</mods:name>
<mods:name type="personal">
<mods:role>
<mods:roleTerm>Author</mods:roleTerm>
</mods:role>
<mods:namePart>Ahrens, Dirk</mods:namePart>
<mods:nameIdentifier type="ORCID">0000-0003-3524-7153</mods:nameIdentifier>
<mods:nameIdentifier type="email">ahrens.dirk_col@gmx.de</mods:nameIdentifier>
</mods:name>
<mods:typeOfResource>text</mods:typeOfResource>
<mods:relatedItem type="host">
<mods:titleInfo>
<mods:title>Zootaxa</mods:title>
</mods:titleInfo>
<mods:part>
<mods:date>2021</mods:date>
<mods:detail type="pubDate">
<mods:number>2021-02-03</mods:number>
</mods:detail>
<mods:detail type="volume">
<mods:number>4922</mods:number>
</mods:detail>
<mods:detail type="issue">
<mods:number>1</mods:number>
</mods:detail>
<mods:extent unit="page">
<mods:start>1</mods:start>
<mods:end>400</mods:end>
</mods:extent>
</mods:part>
</mods:relatedItem>
<mods:classification>journal article</mods:classification>
<mods:identifier type="DOI">https://doi.org/10.11646/zootaxa.4922.1.1</mods:identifier>
<mods:identifier type="GBIF-Dataset">188411de-569c-4408-a016-1a04b858c142</mods:identifier>
<mods:identifier type="ISSN">1175-5326</mods:identifier>
<mods:identifier type="Zenodo-Dep">4496316</mods:identifier>
<mods:identifier type="ZooBank">D7F9C6A3-9C28-4F4C-8E81-BF24849FDD8C</mods:identifier>
</mods:mods>
<treatment ID-DOI="http://doi.org/10.5281/zenodo.4534468" ID-Zenodo-Dep="4534468" LSID="urn:lsid:plazi:treatment:03BD87E66B74FFD2AF89FC0DFD1E3F2D" httpUri="http://treatment.plazi.org/id/03BD87E66B74FFD2AF89FC0DFD1E3F2D" lastPageId="23" lastPageNumber="24" pageId="21" pageNumber="22">
<subSubSection box="[151,563,1127,1154]" pageId="21" pageNumber="22" type="nomenclature">
<paragraph blockId="21.[151,563,1127,1190]" box="[151,563,1127,1154]" pageId="21" pageNumber="22">
<heading bold="true" box="[151,563,1127,1154]" fontSize="11" level="2" pageId="21" pageNumber="22" reason="4">
<taxonomicName authority="(Brenske, 1897)" baseAuthorityName="Brenske" baseAuthorityYear="1897" box="[151,563,1127,1154]" class="Insecta" family="Melolonthidae" genus="Maladera" kingdom="Animalia" order="Coleoptera" pageId="21" pageNumber="22" phylum="Arthropoda" rank="species" species="secreta">
<emphasis bold="true" box="[151,563,1127,1154]" pageId="21" pageNumber="22">
<emphasis bold="true" box="[151,361,1127,1154]" italics="true" pageId="21" pageNumber="22">Maladera secreta</emphasis>
(
<bibRefCitation author="Brenske, E." box="[378,554,1128,1154]" pageId="21" pageNumber="22" pagination="345 - 468" refId="ref331423" refString="Brenske, E. (1897) Die Serica - Arten der Erde. Berliner Entomologische Zeitschrift, 42, 345 - 468. https: // doi. org / 10.1002 / mmnd. 18970420310" type="journal article" year="1897">Brenske, 1897</bibRefCitation>
)
</emphasis>
</taxonomicName>
</heading>
</paragraph>
</subSubSection>
<subSubSection box="[151,350,1164,1190]" pageId="21" pageNumber="22" type="description">
<paragraph blockId="21.[151,563,1127,1190]" box="[151,350,1164,1190]" pageId="21" pageNumber="22">
<figureCitation box="[151,254,1164,1190]" captionStart="FIGURE 3" captionStartId="24.[151,250,1908,1932]" captionTargetBox="[196,1389,193,1881]" captionTargetId="figure-19@24.[186,1402,181,1884]" captionTargetPageId="24" captionText="FIGURE 3. A–E: Maladera secreta (Brenske, 1897) (holotype: Autoserica cruralis Frey, 1972); F–I: M. shaowuensis Ahrens, Fabrizi &amp; Liu, Ahrens, Fabrizi &amp; Liu, sp. n. (holotype); J–M: M. euphorbiae (Burmeister, 1855) (China: Xinjiang: Ining). A, F, J: aedeagus, left side lateral view; D, H, L: aedeagus, right side lateral view; B, C, G, K: parameres, dorsal view; E, I, M: habitus. Scale: 0.5 mm. Habitus not to scale." figureDoi="http://doi.org/10.5281/zenodo.4496322" httpUri="https://zenodo.org/record/4496322/files/figure.png" pageId="21" pageNumber="22">Figures 3</figureCitation>
A–E, 84
</paragraph>
</subSubSection>
<subSubSection pageId="21" pageNumber="22" type="reference_group">
<paragraph blockId="21.[151,1437,1232,1441]" box="[151,868,1232,1257]" pageId="21" pageNumber="22">
<treatmentCitationGroup box="[151,868,1232,1257]" pageId="21" pageNumber="22">
<treatmentCitation author="Brenske, E." box="[151,547,1232,1257]" page="431" pageId="21" pageNumber="22" year="1897">
<taxonomicName authority="Brenske, 1897: 431" authorityName="Brenske" authorityPageNumber="431" authorityYear="1897" box="[151,547,1232,1257]" class="Insecta" family="Melolonthidae" genus="Autoserica" kingdom="Animalia" order="Coleoptera" pageId="21" pageNumber="22" phylum="Arthropoda" rank="species" species="secreta">
<emphasis box="[151,339,1233,1256]" italics="true" pageId="21" pageNumber="22">Autoserica secreta</emphasis>
<bibRefCitation author="Brenske, E." box="[346,547,1232,1257]" pageId="21" pageNumber="22" pagination="345 - 468" refId="ref331423" refString="Brenske, E. (1897) Die Serica - Arten der Erde. Berliner Entomologische Zeitschrift, 42, 345 - 468. https: // doi. org / 10.1002 / mmnd. 18970420310" type="journal article" year="1897">Brenske, 1897: 431</bibRefCitation>
</taxonomicName>
</treatmentCitation>
; 
<treatmentCitation author="Niijima, Y. &amp; Kinoshita, E." box="[557,864,1232,1257]" page="25" pageId="21" pageNumber="22" year="1923">
<bibRefCitation author="Niijima, Y. &amp; Kinoshita, E." box="[557,864,1232,1257]" pageId="21" pageNumber="22" pagination="1 - 253" refId="ref334745" refString="Niijima, Y. &amp; Kinoshita, E. (1923) Die Untersuchungen u ¨ ber japanische Melolonthiden. II. Research Bulletin of the College Experimental Forestry Hokkaido Imperial University, 2, 1 - 253." type="journal article" year="1923">Niijima &amp; Kinoshita 1923: 25</bibRefCitation>
</treatmentCitation>
.
</treatmentCitationGroup>
</paragraph>
<paragraph blockId="21.[151,1437,1232,1441]" pageId="21" pageNumber="22">
<treatmentCitationGroup pageId="21" pageNumber="22">
<treatmentCitation author="Murayama, J." box="[151,553,1263,1288]" page="12" pageId="21" pageNumber="22" year="1938">
<taxonomicName authority=": Murayama 1938: 12" authorityName="Murayama" authorityPageNumber="12" authorityYear="1938" box="[151,553,1263,1288]" class="Insecta" family="Melolonthidae" genus="Maladera" kingdom="Animalia" order="Coleoptera" pageId="21" pageNumber="22" phylum="Arthropoda" rank="species" species="secreta">
<emphasis box="[151,330,1263,1287]" italics="true" pageId="21" pageNumber="22">Maladera secreta</emphasis>
: 
<bibRefCitation author="Murayama, J." box="[344,553,1263,1288]" pageId="21" pageNumber="22" pagination="7 - 21" refId="ref334644" refString="Murayama, J. (1938) Revision des Sericines (Col., Scar.) de la Coree. Annotiones Zoologicae Japonenses, 17, 7 - 21." type="journal article" year="1938">Murayama 1938: 12</bibRefCitation>
</taxonomicName>
</treatmentCitation>
; 
<treatmentCitation author="Nomura, S." box="[565,747,1263,1287]" page="40" pageId="21" pageNumber="22" year="1959">
<bibRefCitation author="Nomura, S." box="[565,747,1263,1287]" pageId="21" pageNumber="22" pagination="39 - 54" refId="ref334886" refString="Nomura, S. (1959) Notes on the Japanese Scarabaeidae with two subspecies from Formosa. Toho-Gakuho, 9, 39 - 54." type="journal article" year="1959">Nomura 1959: 40</bibRefCitation>
</treatmentCitation>
, 
<treatmentCitation author="Nomura, S." box="[758,863,1263,1287]" page="124" pageId="21" pageNumber="22" year="1963">
<bibRefCitation author="Nomura, S." box="[758,863,1263,1287]" pageId="21" pageNumber="22" pagination="37 - 42" refId="ref334912" refString="Nomura, S. (1963) Some new species of the Coleoptera from Loochoo Is. and its adjacent regions. Entomological Review of Japan, 15, 37 - 42." type="journal article" year="1963">1963: 124</bibRefCitation>
</treatmentCitation>
, 1969: 80, 1973: 136, 1974: 112; 
<treatmentCitation author="Nakane, T. &amp; Baba, K." page="4" pageId="21" pageNumber="22" year="1960">
<bibRefCitation author="Nakane, T. &amp; Baba, K." pageId="21" pageNumber="22" pagination="1 - 9" refId="ref334701" refString="Nakane, T. &amp; Baba, K. (1960) Scarabaeidae of Niigata Pref., Japan. In: Insects of the Niigata Prefecture 4. Bulletin of the Nagaoka Science Museum, 1960, pp. 1 - 9." type="journal article" year="1960">
Nakane &amp; 
<collectingRegion box="[1319,1371,1263,1287]" country="Myanmar" name="Chin" pageId="21" pageNumber="22">Baba</collectingRegion>
1960: 4
</bibRefCitation>
</treatmentCitation>
; 
<treatmentCitation author="Kim, J. I. &amp; Lee, O. J." box="[225,452,1294,1318]" page="122" pageId="21" pageNumber="22" year="1997">
<bibRefCitation author="Kim, J. I. &amp; Lee, O. J." box="[225,452,1294,1318]" pageId="21" pageNumber="22" pagination="119 - 135" refId="ref332793" refString="Kim, J. I. &amp; Lee, O. J. (1997) Taxonomic study of Korean Sericinae (Melolonthidae, Coleoptera) II, Genus Maladera. Insecta Koreana, 14, 119 - 135." type="journal article" year="1997">Kim &amp; Lee 1997: 122</bibRefCitation>
</treatmentCitation>
; 
<treatmentCitation author="Ahrens, D." box="[461,657,1294,1318]" page="234" pageId="21" pageNumber="22" year="2006">
<bibRefCitation author="Ahrens, D." box="[461,657,1294,1318]" pageId="21" pageNumber="22" refId="ref329946" refString="Ahrens, D. (2006 b) Sericinae. In: Lobl, I. &amp; Smetana, A. (Eds.), Catalogue of Palaearctic Coleoptera. Volume 3. Scarabaeoidea-Scirtoidea-Dascilloidea-Buprestoidea-Byrrhoidea. Apollo Books, Stenstrup, pp. 229 - 248." type="book" year="2006">Ahrens 2006b: 234</bibRefCitation>
</treatmentCitation>
, 
<treatmentCitation author="Ahrens, D." box="[668,773,1294,1318]" page="19" pageId="21" pageNumber="22" year="2007">
<bibRefCitation author="Ahrens, D." box="[668,773,1294,1318]" pageId="21" pageNumber="22" pagination="1 - 51" refId="ref330155" refString="Ahrens, D. (2007 b) Taxonomic changes and an updated Catalogue of Palearctic Sericini (Coleoptera: Scarabaeidae: Melolonthinae). Zootaxa, 1504 (1), 1 - 51. https: // doi. org / 10.11646 / zootaxa. 1504.1.1" type="journal article" year="2007">2007b: 19</bibRefCitation>
</treatmentCitation>
; 
<treatmentCitation author="Ahrens, D. &amp; Bezdek, A." box="[782,1075,1294,1318]" page="291" pageId="21" pageNumber="22" year="2016">
<bibRefCitation author="Ahrens, D. &amp; Bezdek, A." box="[782,1075,1294,1318]" pageId="21" pageNumber="22" refId="ref330722" refString="Ahrens, D. &amp; Bezdek, A. (2016) Sericini. In: Lobl, I. &amp; Lobl, D. (Eds.), Catalogue of Palaearctic Coleoptera. Volume 3. Scarabaeoidea-Scirtoidea-Dascilloidea-Buprestoidea-Byrrhoidea. Revised and Updated Edition. E. J. Brill, Leiden, pp. 281 - 317." type="book" year="2016">Ahrens &amp; Bezděk 2016: 291</bibRefCitation>
</treatmentCitation>
.
</treatmentCitationGroup>
</paragraph>
<paragraph blockId="21.[151,1437,1232,1441]" box="[151,1000,1324,1349]" pageId="21" pageNumber="22">
<treatmentCitationGroup box="[151,1000,1324,1349]" pageId="21" pageNumber="22">
<treatmentCitation author="Niijima, Y. &amp; Kinoshita, E." box="[151,679,1324,1349]" page="11" pageId="21" pageNumber="22" year="1927">
<taxonomicName authority="Niijima &amp; Kinoshita, 1927: 11" authorityName="Niijima &amp; Kinoshita" authorityPageNumber="11" authorityYear="1927" box="[151,679,1324,1349]" class="Insecta" family="Melolonthidae" genus="Autoserica" kingdom="Animalia" order="Coleoptera" pageId="21" pageNumber="22" phylum="Arthropoda" rank="species" species="takaoana">
<emphasis box="[151,361,1324,1348]" italics="true" pageId="21" pageNumber="22">Autoserica takaoana</emphasis>
<bibRefCitation author="Niijima, Y. &amp; Kinoshita, E." box="[368,679,1324,1349]" pageId="21" pageNumber="22" pagination="1 - 97" refId="ref334784" refString="Niijima, Y. &amp; Kinoshita, E. (1927) Revision of Japanese Melolonthids and allied families. III. Research Bulletin of the College Expermental Forestry Hokkaido Imperial University, 4, 1 - 97." type="journal article" year="1927">Niijima &amp; Kinoshita, 1927: 11</bibRefCitation>
</taxonomicName>
</treatmentCitation>
, 80; syn by 
<treatmentCitation author="Nomura, S." box="[802,996,1324,1349]" page="136" pageId="21" pageNumber="22" year="1973">
<bibRefCitation author="Nomura, S." box="[802,996,1324,1349]" pageId="21" pageNumber="22" pagination="119 - 152" refId="ref334980" refString="Nomura, S. (1973) On the Sericini of Japan. I. Toho-Gakuho, 23, 119 - 152." type="journal article" year="1973">Nomura 1973: 136</bibRefCitation>
</treatmentCitation>
.
</treatmentCitationGroup>
</paragraph>
<paragraph blockId="21.[151,1437,1232,1441]" box="[151,949,1355,1380]" pageId="21" pageNumber="22">
<treatmentCitationGroup box="[151,949,1355,1380]" pageId="21" pageNumber="22">
<treatmentCitation author="Niijima, Y. &amp; Kinoshita, E." box="[151,628,1355,1379]" page="12" pageId="21" pageNumber="22" year="1927">
<taxonomicName authority="Niijima &amp; Kinoshita, 1927: 12" authorityName="Niijima &amp; Kinoshita" authorityPageNumber="12" authorityYear="1927" box="[151,628,1355,1379]" class="Insecta" family="Melolonthidae" genus="Autoserica" kingdom="Animalia" order="Coleoptera" pageId="21" pageNumber="22" phylum="Arthropoda" rank="species" species="uyei">
<emphasis box="[151,309,1355,1379]" italics="true" pageId="21" pageNumber="22">Autoserica uyei</emphasis>
<bibRefCitation author="Niijima, Y. &amp; Kinoshita, E." box="[316,628,1355,1379]" pageId="21" pageNumber="22" pagination="1 - 97" refId="ref334784" refString="Niijima, Y. &amp; Kinoshita, E. (1927) Revision of Japanese Melolonthids and allied families. III. Research Bulletin of the College Expermental Forestry Hokkaido Imperial University, 4, 1 - 97." type="journal article" year="1927">Niijima &amp; Kinoshita, 1927: 12</bibRefCitation>
</taxonomicName>
</treatmentCitation>
, 80; syn by 
<treatmentCitation author="Nomura, S." box="[751,945,1355,1379]" page="136" pageId="21" pageNumber="22" year="1973">
<bibRefCitation author="Nomura, S." box="[751,945,1355,1379]" pageId="21" pageNumber="22" pagination="119 - 152" refId="ref334980" refString="Nomura, S. (1973) On the Sericini of Japan. I. Toho-Gakuho, 23, 119 - 152." type="journal article" year="1973">Nomura 1973: 136</bibRefCitation>
</treatmentCitation>
.
</treatmentCitationGroup>
</paragraph>
<paragraph blockId="21.[151,1437,1232,1441]" box="[151,532,1386,1410]" pageId="21" pageNumber="22">
<treatmentCitationGroup box="[151,532,1386,1410]" pageId="21" pageNumber="22">
<treatmentCitation author="Frey, G." box="[151,528,1386,1410]" page="170" pageId="21" pageNumber="22" year="1972">
<taxonomicName authority="Frey, 1972 a: 170" authorityName="G. Frey" authorityPageNumber="170" authorityYear="1972" box="[151,528,1386,1410]" class="Insecta" family="Melolonthidae" genus="Autoserica" kingdom="Animalia" order="Coleoptera" pageId="21" pageNumber="22" phylum="Arthropoda" rank="species" species="cruralis">
<emphasis box="[151,347,1386,1410]" italics="true" pageId="21" pageNumber="22">Autoserica cruralis</emphasis>
<bibRefCitation author="Frey, G." box="[354,528,1386,1410]" pageId="21" pageNumber="22" pagination="162 - 177" refId="ref332211" refString="Frey, G. (1972 a) Neue Sericinen der Klapperich-Ausbeute aus Fukien des Alexander Koenig Museum in Bonn (Col., Scarab., Melolonth.). Entomologische Arbeiten aus dem Museum G. Frey, 23, 162 - 177." type="journal article" year="1972">Frey, 1972a: 170</bibRefCitation>
</taxonomicName>
</treatmentCitation>
.
</treatmentCitationGroup>
</paragraph>
<paragraph blockId="21.[151,1437,1232,1441]" box="[151,1043,1416,1441]" pageId="21" pageNumber="22">
<treatmentCitationGroup box="[151,1043,1416,1441]" pageId="21" pageNumber="22">
<treatmentCitation author="Ahrens, D." box="[151,547,1416,1441]" page="234" pageId="21" pageNumber="22" year="2006">
<taxonomicName authority=": Ahrens 2006 b: 234" authorityName=": Ahrens" authorityPageNumber="234" authorityYear="2006" box="[151,547,1416,1441]" class="Insecta" family="Melolonthidae" genus="Maladera" kingdom="Animalia" order="Coleoptera" pageId="21" pageNumber="22" phylum="Arthropoda" rank="species" species="cruralis">
<emphasis box="[151,337,1416,1440]" italics="true" pageId="21" pageNumber="22">Maladera cruralis</emphasis>
: 
<bibRefCitation author="Ahrens, D." box="[350,547,1416,1441]" pageId="21" pageNumber="22" refId="ref329946" refString="Ahrens, D. (2006 b) Sericinae. In: Lobl, I. &amp; Smetana, A. (Eds.), Catalogue of Palaearctic Coleoptera. Volume 3. Scarabaeoidea-Scirtoidea-Dascilloidea-Buprestoidea-Byrrhoidea. Apollo Books, Stenstrup, pp. 229 - 248." type="book" year="2006">Ahrens 2006b: 234</bibRefCitation>
</taxonomicName>
</treatmentCitation>
; 200b7: 19; 
<treatmentCitation author="Ahrens, D. &amp; Bezdek, A." box="[671,963,1416,1441]" page="291" pageId="21" pageNumber="22" year="2016">
<bibRefCitation author="Ahrens, D. &amp; Bezdek, A." box="[671,963,1416,1441]" pageId="21" pageNumber="22" refId="ref330722" refString="Ahrens, D. &amp; Bezdek, A. (2016) Sericini. In: Lobl, I. &amp; Lobl, D. (Eds.), Catalogue of Palaearctic Coleoptera. Volume 3. Scarabaeoidea-Scirtoidea-Dascilloidea-Buprestoidea-Byrrhoidea. Revised and Updated Edition. E. J. Brill, Leiden, pp. 281 - 317." type="book" year="2016">Ahrens &amp; Bezděk 2016: 291</bibRefCitation>
</treatmentCitation>
, 
<emphasis bold="true" box="[974,1043,1417,1441]" pageId="21" pageNumber="22">syn. n.</emphasis>
</treatmentCitationGroup>
</paragraph>
</subSubSection>
<subSubSection lastPageId="22" lastPageNumber="23" pageId="21" pageNumber="22" type="materials_examined">
<paragraph blockId="21.[151,1437,1486,2017]" pageId="21" pageNumber="22">
<emphasis bold="true" box="[151,444,1486,1513]" pageId="21" pageNumber="22">Type material examined.</emphasis>
<materialsCitation collectingDate="1938-04-29" collectionCode="ZMFK" collectorName="L. J. Klapperich" elevation="2300" latitude="27.4" longLatPrecision="742" longitude="-117.4" pageId="21" pageNumber="22" specimenCount="1" specimenCount-male="1" typeStatus="holotype">
<typeStatus box="[449,553,1487,1513]" pageId="21" pageNumber="22">Holotype</typeStatus>
(
<taxonomicName authorityName=": Ahrens" authorityYear="2006" box="[568,657,1487,1513]" class="Insecta" family="Melolonthidae" genus="Maladera" kingdom="Animalia" order="Coleoptera" pageId="21" pageNumber="22" phylum="Arthropoda" rank="species" species="cruralis">
<emphasis box="[568,657,1487,1513]" italics="true" pageId="21" pageNumber="22">cruralis</emphasis>
</taxonomicName>
): 
<specimenCount box="[679,700,1487,1513]" pageId="21" pageNumber="22" type="male">♂</specimenCount>
“Kuatun (
<quantity box="[813,899,1487,1513]" metricMagnitude="3" metricUnit="m" metricValue="2.3" pageId="21" pageNumber="22" unit="m" value="2300.0">
<elevation box="[813,899,1487,1513]" metricMagnitude="3" metricUnit="m" metricValue="2.3" pageId="21" pageNumber="22" unit="m" value="2300.0">2300 m</elevation>
</quantity>
) 
<geoCoordinate box="[912,996,1487,1513]" degrees="27, 40" direction="north" orientation="latitude" pageId="21" pageNumber="22" precision="555" value="27.4">27,40 n</geoCoordinate>
.Br. 
<geoCoordinate box="[1040,1137,1487,1513]" degrees="117, 40" direction="west" orientation="longitude" pageId="21" pageNumber="22" precision="555" value="-117.4">117,40 ö</geoCoordinate>
. 
<collectorName box="[1141,1319,1487,1513]" pageId="21" pageNumber="22">L. J. Klapperich</collectorName>
<date box="[1324,1436,1487,1513]" pageId="21" pageNumber="22" value="1938-04-29">
<collectingDate box="[1324,1436,1487,1513]" pageId="21" pageNumber="22" value="1938-04-29">29.4.1938</collectingDate>
</date>
(Fukien)/ Type 
<taxonomicName authority="G. Frey 1972" authorityName="G. Frey" authorityYear="1972" box="[323,694,1523,1549]" class="Insecta" family="Melolonthidae" genus="Autoserica" kingdom="Animalia" order="Coleoptera" pageId="21" pageNumber="22" phylum="Arthropoda" rank="species" species="cruralis">
<emphasis box="[323,539,1523,1549]" italics="true" pageId="21" pageNumber="22">Autoserica cruralis</emphasis>
G. Frey 1972
</taxonomicName>
” (
<collectionCode box="[718,802,1523,1549]" pageId="21" pageNumber="22">ZMFK</collectionCode>
)
</materialsCitation>
. 
<materialsCitation collectingDate="1938-04-19" collectionCode="ZMFK" collectorName="L. J. Klapperich" elevation="2300" latitude="27.4" longLatPrecision="742" longitude="-117.4" pageId="21" pageNumber="22" specimenCount="1" specimenCount-male="1" typeStatus="paratype">
<typeStatus box="[820,929,1523,1549]" pageId="21" pageNumber="22">Paratypes</typeStatus>
(
<taxonomicName authorityName="G. Frey" authorityYear="1972" box="[944,1033,1523,1549]" class="Insecta" family="Melolonthidae" genus="Autoserica" kingdom="Animalia" order="Coleoptera" pageId="21" pageNumber="22" phylum="Arthropoda" rank="species" species="cruralis">
<emphasis box="[944,1033,1523,1549]" italics="true" pageId="21" pageNumber="22">cruralis</emphasis>
</taxonomicName>
): 
<specimenCount box="[1056,1097,1523,1549]" pageId="21" pageNumber="22" type="male">1 ♂</specimenCount>
“Kuatun (
<quantity box="[1212,1298,1523,1549]" metricMagnitude="3" metricUnit="m" metricValue="2.3" pageId="21" pageNumber="22" unit="m" value="2300.0">
<elevation box="[1212,1298,1523,1549]" metricMagnitude="3" metricUnit="m" metricValue="2.3" pageId="21" pageNumber="22" unit="m" value="2300.0">2300 m</elevation>
</quantity>
) 
<geoCoordinate box="[1313,1398,1523,1549]" degrees="27, 40" direction="north" orientation="latitude" pageId="21" pageNumber="22" precision="555" value="27.4">27,40 n</geoCoordinate>
.Br. 
<geoCoordinate box="[151,251,1559,1585]" degrees="117, 40" direction="west" orientation="longitude" pageId="21" pageNumber="22" precision="555" value="-117.4">117,40 ö</geoCoordinate>
. 
<collectorName box="[255,438,1559,1585]" pageId="21" pageNumber="22">L. J. Klapperich</collectorName>
<date box="[446,558,1559,1585]" pageId="21" pageNumber="22" value="1938-04-19">
<collectingDate box="[446,558,1559,1585]" pageId="21" pageNumber="22" value="1938-04-19">19.4.1938</collectingDate>
</date>
(Fukien)/ 
<typeStatus box="[678,776,1559,1585]" pageId="21" pageNumber="22">Paratype</typeStatus>
<taxonomicName authority="G. Frey 1972" authorityName="G. Frey" authorityYear="1972" box="[783,1161,1559,1585]" class="Insecta" family="Melolonthidae" genus="Autoserica" kingdom="Animalia" order="Coleoptera" pageId="21" pageNumber="22" phylum="Arthropoda" rank="species" species="cruralis">
<emphasis box="[783,1002,1559,1585]" italics="true" pageId="21" pageNumber="22">Autoserica cruralis</emphasis>
G. Frey 1972
</taxonomicName>
” (
<collectionCode box="[1187,1271,1559,1585]" pageId="21" pageNumber="22">ZMFK</collectionCode>
)
</materialsCitation>
, 
<materialsCitation collectingDate="1938-07-20" collectionCode="CF" collectorName="L. J. Klapperich" elevation="2300" latitude="27.4" longLatPrecision="742" longitude="-117.4" pageId="21" pageNumber="22" specimenCount="1" specimenCount-male="1" typeStatus="paratype">
<specimenCount box="[1291,1334,1559,1585]" pageId="21" pageNumber="22" type="male">1 ♂</specimenCount>
“Kuatun (
<quantity box="[159,249,1595,1621]" metricMagnitude="3" metricUnit="m" metricValue="2.3" pageId="21" pageNumber="22" unit="m" value="2300.0">
<elevation box="[159,249,1595,1621]" metricMagnitude="3" metricUnit="m" metricValue="2.3" pageId="21" pageNumber="22" unit="m" value="2300.0">2300 m</elevation>
</quantity>
) 
<geoCoordinate box="[266,354,1595,1621]" degrees="27, 40" direction="north" orientation="latitude" pageId="21" pageNumber="22" precision="555" value="27.4">27,40 n</geoCoordinate>
.Br. 
<geoCoordinate box="[401,503,1595,1621]" degrees="117, 40" direction="west" orientation="longitude" pageId="21" pageNumber="22" precision="555" value="-117.4">117,40 ö</geoCoordinate>
. 
<collectorName box="[506,692,1595,1621]" pageId="21" pageNumber="22">L. J. Klapperich</collectorName>
<date box="[701,813,1595,1621]" pageId="21" pageNumber="22" value="1938-07-20">
<collectingDate box="[701,813,1595,1621]" pageId="21" pageNumber="22" value="1938-07-20">20.7.1938</collectingDate>
</date>
(Fukien)/ 
<typeStatus box="[936,1034,1595,1621]" pageId="21" pageNumber="22">Paratype</typeStatus>
<taxonomicName authority="G. Frey 1972" authorityName="G. Frey" authorityYear="1972" box="[1043,1426,1595,1621]" class="Insecta" family="Melolonthidae" genus="Autoserica" kingdom="Animalia" order="Coleoptera" pageId="21" pageNumber="22" phylum="Arthropoda" rank="species" species="cruralis">
<emphasis box="[1043,1262,1595,1621]" italics="true" pageId="21" pageNumber="22">Autoserica cruralis</emphasis>
G. Frey 1972
</taxonomicName>
” (
<collectionCode box="[160,199,1631,1657]" pageId="21" pageNumber="22">CF</collectionCode>
)
</materialsCitation>
, 
<materialsCitation collectingDate="1938-07-15" collectionCode="ZMFK" collectorName="L. J. Klapperich" elevation="2300" latitude="27.4" longLatPrecision="742" longitude="-117.4" pageId="21" pageNumber="22" specimenCount="1" specimenCount-female="1" typeStatus="paratype">
<specimenCount box="[217,258,1631,1657]" pageId="21" pageNumber="22" type="female">1 ♀</specimenCount>
“Kuatun (
<quantity box="[372,459,1631,1657]" metricMagnitude="3" metricUnit="m" metricValue="2.3" pageId="21" pageNumber="22" unit="m" value="2300.0">
<elevation box="[372,459,1631,1657]" metricMagnitude="3" metricUnit="m" metricValue="2.3" pageId="21" pageNumber="22" unit="m" value="2300.0">2300 m</elevation>
</quantity>
) 
<geoCoordinate box="[473,557,1631,1657]" degrees="27, 40" direction="north" orientation="latitude" pageId="21" pageNumber="22" precision="555" value="27.4">27,40 n</geoCoordinate>
.Br. 
<geoCoordinate box="[602,700,1631,1657]" degrees="117, 40" direction="west" orientation="longitude" pageId="21" pageNumber="22" precision="555" value="-117.4">117,40 ö</geoCoordinate>
. 
<collectorName box="[704,882,1631,1657]" pageId="21" pageNumber="22">L. J. Klapperich</collectorName>
<date box="[889,1001,1630,1657]" pageId="21" pageNumber="22" value="1938-07-15">
<collectingDate box="[889,1001,1630,1657]" pageId="21" pageNumber="22" value="1938-07-15">15.7.1938</collectingDate>
</date>
(Fukien)/ 
<typeStatus box="[1117,1215,1631,1657]" pageId="21" pageNumber="22">Paratype</typeStatus>
<taxonomicName authority="G. Frey 1972" authorityName="G. Frey" authorityYear="1972" class="Insecta" family="Melolonthidae" genus="Autoserica" kingdom="Animalia" order="Coleoptera" pageId="21" pageNumber="22" phylum="Arthropoda" rank="species" species="cruralis">
<emphasis box="[1220,1437,1631,1657]" italics="true" pageId="21" pageNumber="22">Autoserica cruralis</emphasis>
G. Frey 1972
</taxonomicName>
” (
<collectionCode box="[327,411,1667,1693]" pageId="21" pageNumber="22">ZMFK</collectionCode>
)
</materialsCitation>
.
</paragraph>
<paragraph blockId="21.[151,1437,1486,2017]" lastBlockId="22.[151,1437,151,2013]" lastPageId="22" lastPageNumber="23" pageId="21" pageNumber="22">
<emphasis bold="true" box="[199,558,1702,1728]" pageId="21" pageNumber="22">Additional material examined</emphasis>
. 
<materialsCitation box="[573,1432,1702,1729]" collectionCode="MHNG" collectorName="Tschung-Sen" country="China" location="Chine" pageId="21" pageNumber="22" specimenCount="1">
<emphasis bold="true" box="[573,655,1702,1728]" pageId="21" pageNumber="22">
<collectingCountry box="[573,650,1702,1728]" name="China" pageId="21" pageNumber="22">China</collectingCountry>
:
</emphasis>
<specimenCount box="[663,718,1703,1729]" pageId="21" pageNumber="22" type="generic">1 ex.</specimenCount>
“ 
<location LSID="urn:lsid:plazi:treatment:03BD87E66B74FFD2AF89FC0DFD1E3F2D:8ECB602B6B74FFD0ADC1FECDFCFB3B8D" box="[735,805,1703,1729]" country="China" name="Chine" pageId="21" pageNumber="22">Chine</location>
16.VII.46 Kuatun, Fukien leg. 
<collectorName box="[1159,1308,1703,1729]" pageId="21" pageNumber="22">Tschung-Sen</collectorName>
” (
<collectionCode box="[1333,1424,1703,1729]" country="Switzerland" httpUri="http://grbio.org/cool/2jyg-xmd2" name="Museum d'Histoire Naturelle" pageId="21" pageNumber="22" type="Museum">MHNG</collectionCode>
)
</materialsCitation>
, 
<materialsCitation box="[151,928,1739,1765]" collectionCode="MHNG" collectorName="Tschung-Sen" country="China" location="Chine" pageId="21" pageNumber="22" specimenCount="1">
<specimenCount box="[151,207,1739,1765]" pageId="21" pageNumber="22" type="generic">1 ex.</specimenCount>
“ 
<location LSID="urn:lsid:plazi:treatment:03BD87E66B74FFD2AF89FC0DFD1E3F2D:8ECB602B6B74FFD0AFFFFEA1FEF93BA9" box="[225,295,1739,1765]" country="China" name="Chine" pageId="21" pageNumber="22">Chine</location>
22.VII.46 Kuatun, Fukien leg. 
<collectorName box="[654,803,1739,1765]" pageId="21" pageNumber="22">Tschung-Sen</collectorName>
” (
<collectionCode box="[829,920,1739,1765]" country="Switzerland" httpUri="http://grbio.org/cool/2jyg-xmd2" name="Museum d'Histoire Naturelle" pageId="21" pageNumber="22" type="Museum">MHNG</collectionCode>
)
</materialsCitation>
, 
<materialsCitation collectionCode="MHNG" collectorName="Tschung-Sen" country="China" location="Chine" pageId="21" pageNumber="22" specimenCount="1">
<specimenCount box="[941,997,1739,1765]" pageId="21" pageNumber="22" type="generic">1 ex.</specimenCount>
“ 
<location LSID="urn:lsid:plazi:treatment:03BD87E66B74FFD2AF89FC0DFD1E3F2D:8ECB602B6B74FFD0ACE9FEA1FBE33BA9" box="[1015,1085,1739,1765]" country="China" name="Chine" pageId="21" pageNumber="22">Chine</location>
24.VII.46 Kuatun, Fukien leg. 
<collectorName box="[151,300,1775,1801]" pageId="21" pageNumber="22">Tschung-Sen</collectorName>
” (
<collectionCode box="[324,415,1775,1801]" country="Switzerland" httpUri="http://grbio.org/cool/2jyg-xmd2" name="Museum d'Histoire Naturelle" pageId="21" pageNumber="22" type="Museum">MHNG</collectionCode>
)
</materialsCitation>
, 
<materialsCitation collectionCode="CN, CA" collectorName="M. Nikodym" country="China" location="Shaowu" municipality="China prov." pageId="21" pageNumber="22" specimenCount="4" stateProvince="Fujian">
<specimenCount box="[435,490,1775,1801]" pageId="21" pageNumber="22" type="generic">4 ex.</specimenCount>
“ 
<collectingMunicipality box="[506,641,1775,1801]" pageId="21" pageNumber="22">China prov.</collectingMunicipality>
<collectingRegion box="[647,719,1775,1801]" country="China" name="Fujian" pageId="21" pageNumber="22">Fujian</collectingRegion>
bor. occ. 
<location LSID="urn:lsid:plazi:treatment:03BD87E66B74FFD2AF89FC0DFD1E3F2D:8ECB602B6B74FFD0AC23FE85FC493A45" box="[829,919,1775,1801]" country="China" municipality="China prov." name="Shaowu" pageId="21" pageNumber="22" stateProvince="Fujian">Shaowu</location>
env. 
<quantity box="[979,1050,1774,1801]" metricMagnitude="4" metricUnit="m" metricValue="2.5" pageId="21" pageNumber="22" unit="km" value="25.0">25 km</quantity>
road Shaowu-Taining 5.–10.7. 
<collectorName pageId="21" pageNumber="22">M. Nikodým</collectorName>
lgt. 1991“ (
<collectionCode box="[388,431,1811,1837]" country="United Kingdom" name="Wellcome Collection of Bacteria, Burroughs Wellcome Research Laboratories" pageId="21" pageNumber="22">CN</collectionCode>
, 
<collectionCode box="[441,484,1811,1837]" country="USA" name="Chicago Academy of Sciences" pageId="21" pageNumber="22" type="Museum">CA</collectionCode>
)
</materialsCitation>
, 
<materialsCitation box="[502,1431,1811,1837]" collectionCode="CN" collectorName="M. Nikodym" country="China" location="China prov." pageId="21" pageNumber="22" specimenCount="1" stateProvince="Fujian">
<specimenCount box="[502,556,1811,1837]" pageId="21" pageNumber="22" type="generic">1 ex.</specimenCount>
“ 
<location LSID="urn:lsid:plazi:treatment:03BD87E66B74FFD2AF89FC0DFD1E3F2D:8ECB602B6B74FFD0AD25FF79FD1E3A61" box="[571,704,1811,1837]" country="China" name="China prov." pageId="21" pageNumber="22" stateProvince="Fujian">China prov.</location>
<collectingRegion box="[709,781,1811,1837]" country="China" name="Fujian" pageId="21" pageNumber="22">Fujian</collectingRegion>
bor. occ. Wuyi Gong 1.–3.7. 
<collectorName box="[1105,1249,1811,1837]" pageId="21" pageNumber="22">M. Nikodým</collectorName>
lgt. 1991“ (
<collectionCode box="[1380,1423,1811,1837]" country="United Kingdom" name="Wellcome Collection of Bacteria, Burroughs Wellcome Research Laboratories" pageId="21" pageNumber="22">CN</collectionCode>
)
</materialsCitation>
, 
<materialsCitation box="[151,960,1847,1873]" collectingDate="1991-07-23" collectionCode="NMPC" collectorName="M. Nikodym" country="China" location="Shaowu" municipality="China" pageId="21" pageNumber="22" specimenCount="2" stateProvince="Fujian">
<specimenCount box="[151,206,1847,1873]" pageId="21" pageNumber="22" type="generic">2 ex.</specimenCount>
“ 
<collectingMunicipality box="[221,291,1847,1873]" pageId="21" pageNumber="22">China</collectingMunicipality>
<collectingRegion box="[298,373,1847,1873]" country="China" name="Fujian" pageId="21" pageNumber="22">Fujian</collectingRegion>
, 
<location LSID="urn:lsid:plazi:treatment:03BD87E66B74FFD2AF89FC0DFD1E3F2D:8ECB602B6B74FFD0AE61FF5DFE073A1D" box="[383,473,1847,1873]" country="China" municipality="China" name="Shaowu" pageId="21" pageNumber="22" stateProvince="Fujian">Shaowu</location>
19.– 
<date box="[524,641,1847,1873]" pageId="21" pageNumber="22" value="1991-07-23">
<collectingDate box="[524,641,1847,1873]" pageId="21" pageNumber="22" value="1991-07-23">23.7.1991</collectingDate>
</date>
<collectorName box="[647,792,1847,1873]" pageId="21" pageNumber="22">M. Nikodym</collectorName>
leg.“ (
<collectionCode box="[866,951,1847,1873]" country="Czech Republic" httpUri="http://grbio.org/cool/hj12-2xm7" name="National Museum Prague" pageId="21" pageNumber="22">NMPC</collectionCode>
)
</materialsCitation>
, 
<materialsCitation collectionCode="NMPC" collectorName="V. Balthasar" country="China" location="Fukien China" municipality="Kuatun" pageId="21" pageNumber="22" specimenCount="1">
<specimenCount box="[970,1025,1847,1873]" pageId="21" pageNumber="22" type="generic">1 ex.</specimenCount>
“ 
<collectingMunicipality box="[1041,1129,1847,1873]" pageId="21" pageNumber="22">Kuatun</collectingMunicipality>
, 
<location LSID="urn:lsid:plazi:treatment:03BD87E66B74FFD2AF89FC0DFD1E3F2D:8ECB602B6B74FFD0AB6AFF5DFAD03A1D" box="[1140,1294,1847,1873]" country="China" municipality="Kuatun" name="Fukien China" pageId="21" pageNumber="22">Fukien China</location>
, 15.7.46 leg. 
<collectorName box="[151,296,1883,1909]" pageId="21" pageNumber="22">Tschung-Sen</collectorName>
/ ex. 
<collectorName box="[355,856,1883,1909]" pageId="21" pageNumber="22">Coll. V. Balthasar National Museum Prague</collectorName>
, 
<collectorName box="[868,1050,1883,1909]" pageId="21" pageNumber="22">Czech Republic</collectorName>
” (
<collectionCode box="[1075,1160,1883,1909]" country="Czech Republic" httpUri="http://grbio.org/cool/hj12-2xm7" name="National Museum Prague" pageId="21" pageNumber="22">NMPC</collectionCode>
)
</materialsCitation>
, 
<materialsCitation collectionCode="ZFMK" country="China" elevation="1500" latitude="30.8" location="Road Badong-Jianshi" longLatPrecision="7323" longitude="109.9" pageId="21" pageNumber="22" specimenCount="1" specimenCount-male="1" stateProvince="Hubei">
<specimenCount box="[1181,1224,1883,1909]" pageId="21" pageNumber="22" type="male">1 ♂</specimenCount>
“China, W 
<collectingRegion box="[1361,1432,1883,1909]" country="China" name="Hubei" pageId="21" pageNumber="22">Hubei</collectingRegion>
, 10.VII. 
<location LSID="urn:lsid:plazi:treatment:03BD87E66B74FFD2AF89FC0DFD1E3F2D:8ECB602B6B74FFD0AFEEFF15FE3C3AD5" box="[240,482,1919,1945]" country="China" latitude="30.8" longLatPrecision="7323" longitude="109.9" name="Road Badong-Jianshi" pageId="21" pageNumber="22" stateProvince="Hubei">Road Badong-Jianshi</location>
<geoCoordinate box="[490,560,1919,1945]" degrees="30,8" direction="north" orientation="latitude" pageId="21" pageNumber="22" precision="5555" value="30.8">30,8N</geoCoordinate>
<geoCoordinate box="[568,651,1919,1945]" degrees="109,9" direction="east" orientation="longitude" pageId="21" pageNumber="22" precision="5555" value="109.9">109,9E</geoCoordinate>
, ~ 
<quantity box="[677,756,1918,1945]" metricMagnitude="3" metricUnit="m" metricValue="1.5" pageId="21" pageNumber="22" unit="m" value="1500.0">
<elevation box="[677,756,1918,1945]" metricMagnitude="3" metricUnit="m" metricValue="1.5" pageId="21" pageNumber="22" unit="m" value="1500.0">1500m</elevation>
</quantity>
~ 
<quantity box="[778,844,1919,1945]" metricMagnitude="4" metricUnit="m" metricValue="1.0" pageId="21" pageNumber="22" unit="km" value="10.0">10km</quantity>
W Zhashuping Jaroslav Turna leg., 2003” (
<collectionCode box="[1341,1425,1919,1945]" country="Germany" httpUri="http://biocol.org/urn:lsid:biocol.org:col:34613" lsid="urn:lsid:biocol.org:col:34613" name="Zoologisches Forschungsmuseum Alexander Koenig" pageId="21" pageNumber="22" type="Museum">ZFMK</collectionCode>
)
</materialsCitation>
, 
<materialsCitation collectionCode="ZFMK" country="China" elevation="1100" latitude="25.966667" location="China" longLatPrecision="1244" longitude="117.51667" pageId="21" pageNumber="22" specimenCount="1" stateProvince="Fujian">
2 ex “ 
<location LSID="urn:lsid:plazi:treatment:03BD87E66B74FFD2AF89FC0DFD1E3F2D:8ECB602B6B74FFD0AFC9FFC9FEC13AF1" box="[215,287,1955,1981]" country="China" latitude="25.966667" longLatPrecision="1244" longitude="117.51667" name="China" pageId="21" pageNumber="22" stateProvince="Fujian">China</location>
, 
<collectingRegion box="[299,371,1955,1981]" country="China" name="Fujian" pageId="21" pageNumber="22">Fujian</collectingRegion>
c., 20.VI.–12.VII. Tianbaoyanshan, NW slopes 
<geoCoordinate box="[909,1006,1954,1981]" degrees="25" direction="north" minutes="58" orientation="latitude" pageId="21" pageNumber="22" precision="925" value="25.966667">25°58’N</geoCoordinate>
<geoCoordinate box="[1013,1122,1955,1981]" degrees="117" direction="east" minutes="31" orientation="longitude" pageId="21" pageNumber="22" precision="925" value="117.51667">117°31’E</geoCoordinate>
, 
<quantity box="[1134,1210,1955,1981]" metricMagnitude="3" metricUnit="m" metricValue="1.1" pageId="21" pageNumber="22" unit="m" value="1100.0">
<elevation box="[1134,1210,1955,1981]" metricMagnitude="3" metricUnit="m" metricValue="1.1" pageId="21" pageNumber="22" unit="m" value="1100.0">1100m</elevation>
</quantity>
Jaroslav Turna leg., 2007” (
<collectionCode box="[234,318,1991,2017]" country="Germany" httpUri="http://biocol.org/urn:lsid:biocol.org:col:34613" lsid="urn:lsid:biocol.org:col:34613" name="Zoologisches Forschungsmuseum Alexander Koenig" pageId="21" pageNumber="22" type="Museum">ZFMK</collectionCode>
)
</materialsCitation>
, 
<materialsCitation collectionCode="ZFMK" country="China" elevation="1350" lastPageId="22" lastPageNumber="23" latitude="25.7" location="Jiaxianshan" longLatPrecision="1245" longitude="118.11667" pageId="21" pageNumber="22" specimenCount="1" stateProvince="Fujian">
<specimenCount box="[335,389,1991,2017]" pageId="21" pageNumber="22" type="generic">1 ex.</specimenCount>
“China, E 
<collectingRegion box="[511,586,1991,2017]" country="China" name="Fujian" pageId="21" pageNumber="22">Fujian</collectingRegion>
, 25.VI.–17.VII. 
<location LSID="urn:lsid:plazi:treatment:03BD87E66B74FFD2AF89FC0DFD1E3F2D:8ECB602B6B74FFD0AC1EFFADFC583AAD" box="[768,902,1991,2017]" country="China" latitude="25.7" longLatPrecision="1245" longitude="118.11667" name="Jiaxianshan" pageId="21" pageNumber="22" stateProvince="Fujian">Jiaxianshan</location>
, 
<quantity box="[912,992,1990,2017]" metricMagnitude="3" metricUnit="m" metricValue="1.35" pageId="21" pageNumber="22" unit="m" value="1350.0">
<elevation box="[912,992,1990,2017]" metricMagnitude="3" metricUnit="m" metricValue="1.35" pageId="21" pageNumber="22" unit="m" value="1350.0">1350m</elevation>
</quantity>
, 
<geoCoordinate box="[1003,1099,1990,2017]" degrees="25" direction="north" minutes="42" orientation="latitude" pageId="21" pageNumber="22" precision="925" value="25.7">25°42’N</geoCoordinate>
<geoCoordinate box="[1106,1212,1991,2017]" degrees="118" direction="east" minutes="07" orientation="longitude" pageId="21" pageNumber="22" precision="925" value="118.11667">118°07’E</geoCoordinate>
Jaroslav Turna leg., 2007” (
<collectionCode box="[236,320,151,177]" country="Germany" httpUri="http://biocol.org/urn:lsid:biocol.org:col:34613" lsid="urn:lsid:biocol.org:col:34613" name="Zoologisches Forschungsmuseum Alexander Koenig" pageId="22" pageNumber="23" type="Museum">ZFMK</collectionCode>
)
</materialsCitation>
, 
<materialsCitation box="[340,1053,151,177]" collectingDate="2003-10" collectionCode="ZFMK" collectorName="Wen" country="China" location="Jinjiang Jiang" municipality="Lushan" pageId="22" pageNumber="23" specimenCount="1">
<specimenCount box="[340,396,151,177]" pageId="22" pageNumber="23" type="generic">1 ex.</specimenCount>
“ 
<collectingMunicipality box="[414,502,151,177]" pageId="22" pageNumber="23">Lushan</collectingMunicipality>
, 
<location LSID="urn:lsid:plazi:treatment:03BD87E66B74FFD2AF89FC0DFD1E3F2D:8ECB602B6B77FFD3AD1DF8FDFD7C3DFD" box="[515,674,151,177]" country="China" municipality="Lushan" name="Jinjiang Jiang" pageId="22" pageNumber="23">Jinjiang Jiang</location>
, XI, 
<date box="[732,820,151,177]" pageId="22" pageNumber="23" value="2003-10">
<collectingDate box="[732,820,151,177]" pageId="22" pageNumber="23" value="2003-10">X-2003</collectingDate>
</date>
, leg. 
<collectorName box="[882,936,151,177]" pageId="22" pageNumber="23">Wen</collectorName>
” (
<collectionCode box="[961,1045,151,177]" country="Germany" httpUri="http://biocol.org/urn:lsid:biocol.org:col:34613" lsid="urn:lsid:biocol.org:col:34613" name="Zoologisches Forschungsmuseum Alexander Koenig" pageId="22" pageNumber="23" type="Museum">ZFMK</collectionCode>
)
</materialsCitation>
, 
<materialsCitation collectionCode="USNM" collectorName="T. H. Cheng" country="China" location="Datchulan China" pageId="22" pageNumber="23" specimenCount="1">
<specimenCount box="[1066,1122,151,177]" pageId="22" pageNumber="23" type="generic">1 ex.</specimenCount>
“ 
<location LSID="urn:lsid:plazi:treatment:03BD87E66B74FFD2AF89FC0DFD1E3F2D:8ECB602B6B77FFD3AB6AF8FDFAEB3DFD" box="[1140,1333,151,177]" country="China" name="Datchulan China" pageId="22" pageNumber="23">Datchulan China</location>
‘39 
<collectorName pageId="22" pageNumber="23">T.H. Cheng</collectorName>
/ No. 00636 May 13, ‘35” (
<collectionCode box="[545,632,187,213]" country="USA" httpUri="http://biocol.org/urn:lsid:biocol.org:col:34871" lsid="urn:lsid:biocol.org:col:34871" name="Smithsonian Institution, National Museum of Natural History" pageId="22" pageNumber="23" type="Museum">USNM</collectionCode>
)
</materialsCitation>
, 
<materialsCitation collectingDate="1975-06-16" collectionCode="IZAS" collectorName="Zhang Youwei" country="China" location="Mt. Jiulianshan" municipality="Huangniushi" pageId="22" pageNumber="23" specimenCount="1" specimenCount-male="1" stateProvince="Jiangxi">
<specimenCount box="[654,698,187,213]" pageId="22" pageNumber="23" type="male">1 ♂</specimenCount>
“ 
<collectingMunicipality box="[718,867,187,213]" pageId="22" pageNumber="23">Huangniushi</collectingMunicipality>
, 
<location LSID="urn:lsid:plazi:treatment:03BD87E66B74FFD2AF89FC0DFD1E3F2D:8ECB602B6B77FFD3AC6EF8D1FBFC3D99" box="[880,1058,187,213]" country="China" municipality="Huangniushi" name="Mt. Jiulianshan" pageId="22" pageNumber="23" stateProvince="Jiangxi">Mt. Jiulianshan</location>
, 
<collectingRegion box="[1072,1156,187,213]" country="China" name="Jiangxi" pageId="22" pageNumber="23">Jiangxi</collectingRegion>
, 
<date box="[1170,1300,186,213]" pageId="22" pageNumber="23" value="1975-06-16">
<collectingDate box="[1170,1300,186,213]" pageId="22" pageNumber="23" value="1975-06-16">16.VI.1975</collectingDate>
</date>
, leg. 
<collectorName pageId="22" pageNumber="23">Zhang Youwei</collectorName>
” (
<collectionCode box="[267,334,223,249]" country="0" httpUri="http://grbio.org/cool/043p-ts4f" name="Institut Zoologii Akademii Nauk Ukraini - Institute of Zoology of the Academy of Sciences of Ukraine" pageId="22" pageNumber="23">IZAS</collectionCode>
)
</materialsCitation>
, 
<materialsCitation box="[356,1301,222,249]" collectingDate="1998-07-07" collectionCode="IZAS" collectorName="Wang Shuyong" country="China" location="Leishan" municipality="Taojiang" pageId="22" pageNumber="23" specimenCount="1" specimenCount-male="1" stateProvince="Guizhou">
<specimenCount box="[356,400,223,249]" pageId="22" pageNumber="23" type="male">1 ♂</specimenCount>
“ 
<collectingMunicipality box="[419,522,223,249]" pageId="22" pageNumber="23">Taojiang</collectingMunicipality>
, 
<location LSID="urn:lsid:plazi:treatment:03BD87E66B74FFD2AF89FC0DFD1E3F2D:8ECB602B6B77FFD3AD06F8B5FDAA3DB5" box="[536,628,223,249]" country="China" municipality="Taojiang" name="Leishan" pageId="22" pageNumber="23" stateProvince="Guizhou">Leishan</location>
, 
<collectingRegion box="[640,739,223,249]" country="China" name="Guizhou" pageId="22" pageNumber="23">Guizhou</collectingRegion>
, 
<date box="[753,878,223,249]" pageId="22" pageNumber="23" value="1998-07-07">
<collectingDate box="[753,878,223,249]" pageId="22" pageNumber="23" value="1998-07-07">
7.VII. 
<quantity box="[818,878,223,249]" metricMagnitude="6" metricUnit="m" metricValue="1.99895" pageId="22" pageNumber="23" unit="m" value="1998950.0">1998</quantity>
</collectingDate>
</date>
, 950m, leg. 
<collectorName box="[1022,1198,223,249]" pageId="22" pageNumber="23">Wang Shuyong</collectorName>
” (
<collectionCode box="[1225,1292,223,249]" country="0" httpUri="http://grbio.org/cool/043p-ts4f" name="Institut Zoologii Akademii Nauk Ukraini - Institute of Zoology of the Academy of Sciences of Ukraine" pageId="22" pageNumber="23">IZAS</collectionCode>
)
</materialsCitation>
, 
<materialsCitation collectingDate="2000-06-11" collectionCode="IZAS" collectorName="Li Wenzhu" country="China" location="Shangsi" municipality="County" pageId="22" pageNumber="23" specimenCount="1" specimenCount-male="1" stateProvince="Guangxi">
<specimenCount box="[1314,1359,223,249]" pageId="22" pageNumber="23" type="male">1 ♂</specimenCount>
“Nanping 
<collectingMunicipality box="[210,294,259,285]" pageId="22" pageNumber="23">County</collectingMunicipality>
, 
<location LSID="urn:lsid:plazi:treatment:03BD87E66B74FFD2AF89FC0DFD1E3F2D:8ECB602B6B77FFD3AE2DF969FE503C51" box="[307,398,259,285]" country="China" municipality="County" name="Shangsi" pageId="22" pageNumber="23" stateProvince="Guangxi">Shangsi</location>
, 
<collectingRegion box="[412,511,259,285]" country="China" name="Guangxi" pageId="22" pageNumber="23">Guangxi</collectingRegion>
, 
<date box="[524,653,259,285]" pageId="22" pageNumber="23" value="2000-06-11">
<collectingDate box="[524,653,259,285]" pageId="22" pageNumber="23" value="2000-06-11">
11.VI. 
<quantity box="[590,653,259,285]" metricMagnitude="6" metricUnit="m" metricValue="2.00035" pageId="22" pageNumber="23" unit="m" value="2000350.0">2000</quantity>
</collectingDate>
</date>
, 350m, leg. 
<collectorName box="[798,925,259,285]" pageId="22" pageNumber="23">Li Wenzhu</collectorName>
” (
<collectionCode box="[952,1019,259,285]" country="0" httpUri="http://grbio.org/cool/043p-ts4f" name="Institut Zoologii Akademii Nauk Ukraini - Institute of Zoology of the Academy of Sciences of Ukraine" pageId="22" pageNumber="23">IZAS</collectionCode>
)
</materialsCitation>
, 
<materialsCitation collectingDate="1960-07-18" collectionCode="IZAS" collectorName="Ma Chenglin" country="China" elevation="910" location="Chong'anxingcun" municipality="San'gang" pageId="22" pageNumber="23" specimenCount="1" specimenCount-male="1" stateProvince="Fujian">
<specimenCount box="[1041,1085,259,285]" pageId="22" pageNumber="23" type="male">1 ♂</specimenCount>
“ 
<collectingMunicipality box="[1104,1215,259,285]" pageId="22" pageNumber="23">San’gang</collectingMunicipality>
, 
<location LSID="urn:lsid:plazi:treatment:03BD87E66B74FFD2AF89FC0DFD1E3F2D:8ECB602B6B77FFD3ABD3F969FA463C51" box="[1229,1432,259,285]" country="China" municipality="San'gang" name="Chong'anxingcun" pageId="22" pageNumber="23" stateProvince="Fujian">Chong’anxingcun</location>
, 
<collectingRegion box="[151,226,295,321]" country="China" name="Fujian" pageId="22" pageNumber="23">Fujian</collectingRegion>
, 
<date box="[239,378,295,321]" pageId="22" pageNumber="23" value="1960-07-18">
<collectingDate box="[239,378,295,321]" pageId="22" pageNumber="23" value="1960-07-18">18.VII.1960</collectingDate>
</date>
, 740– 
<quantity box="[450,514,295,321]" metricMagnitude="2" metricUnit="m" metricValue="9.1" pageId="22" pageNumber="23" unit="m" value="910.0">
<elevation box="[450,514,295,321]" metricMagnitude="2" metricUnit="m" metricValue="9.1" pageId="22" pageNumber="23" unit="m" value="910.0">910m</elevation>
</quantity>
, leg. 
<collectorName box="[578,730,295,321]" pageId="22" pageNumber="23">Ma Chenglin</collectorName>
” (
<collectionCode box="[757,824,295,321]" country="0" httpUri="http://grbio.org/cool/043p-ts4f" name="Institut Zoologii Akademii Nauk Ukraini - Institute of Zoology of the Academy of Sciences of Ukraine" pageId="22" pageNumber="23">IZAS</collectionCode>
)
</materialsCitation>
, 
<materialsCitation box="[846,1432,295,321]" collectingDate="1963-08-24" collectionCode="IZAS" country="China" location="Fu'an" municipality="Shekou" pageId="22" pageNumber="23" specimenCount="1" specimenCount-male="1" stateProvince="Fujian">
<specimenCount box="[846,890,295,321]" pageId="22" pageNumber="23" type="male">1 ♂</specimenCount>
“ 
<collectingMunicipality box="[909,998,295,321]" pageId="22" pageNumber="23">Shekou</collectingMunicipality>
, 
<location LSID="urn:lsid:plazi:treatment:03BD87E66B74FFD2AF89FC0DFD1E3F2D:8ECB602B6B77FFD3ACEDF94DFBE93C0D" box="[1011,1079,295,321]" country="China" municipality="Shekou" name="Fu'an" pageId="22" pageNumber="23" stateProvince="Fujian">Fu’an</location>
, 
<collectingRegion box="[1093,1168,295,321]" country="China" name="Fujian" pageId="22" pageNumber="23">Fujian</collectingRegion>
, 
<date box="[1181,1329,295,321]" pageId="22" pageNumber="23" value="1963-08-24">
<collectingDate box="[1181,1329,295,321]" pageId="22" pageNumber="23" value="1963-08-24">24.VIII.1963</collectingDate>
</date>
” (
<collectionCode box="[1356,1423,295,321]" country="0" httpUri="http://grbio.org/cool/043p-ts4f" name="Institut Zoologii Akademii Nauk Ukraini - Institute of Zoology of the Academy of Sciences of Ukraine" pageId="22" pageNumber="23">IZAS</collectionCode>
)
</materialsCitation>
, 
<materialsCitation box="[151,1243,331,357]" collectingDate="1963-07-19" collectionCode="IZAS" collectorName="Zhang Youwei" country="China" county="Qixingqiao" location="Chong'an" municipality="Xingcun" pageId="22" pageNumber="23" specimenCount="1" specimenCount-male="1" stateProvince="Fujian">
<specimenCount box="[151,196,331,357]" pageId="22" pageNumber="23" type="male">1 ♂</specimenCount>
“ 
<collectingCounty box="[215,347,331,357]" pageId="22" pageNumber="23">Qixingqiao</collectingCounty>
, 
<collectingMunicipality box="[360,459,331,357]" pageId="22" pageNumber="23">Xingcun</collectingMunicipality>
, 
<location LSID="urn:lsid:plazi:treatment:03BD87E66B74FFD2AF89FC0DFD1E3F2D:8ECB602B6B77FFD3AEC7F921FD943C29" box="[473,586,331,357]" country="China" county="Qixingqiao" municipality="Xingcun" name="Chong'an" pageId="22" pageNumber="23" stateProvince="Fujian">Chong’an</location>
, 
<collectingRegion box="[600,675,331,357]" country="China" name="Fujian" pageId="22" pageNumber="23">Fujian</collectingRegion>
, 
<date box="[688,827,331,357]" pageId="22" pageNumber="23" value="1963-07-19">
<collectingDate box="[688,827,331,357]" pageId="22" pageNumber="23" value="1963-07-19">
19.VII. 
<quantity box="[767,827,331,357]" metricMagnitude="6" metricUnit="m" metricValue="1.96384" pageId="22" pageNumber="23" unit="m" value="1963840.0">1963</quantity>
</collectingDate>
</date>
, 840m, leg. 
<collectorName box="[972,1141,331,357]" pageId="22" pageNumber="23">Zhang Youwei</collectorName>
” (
<collectionCode box="[1168,1235,331,357]" country="0" httpUri="http://grbio.org/cool/043p-ts4f" name="Institut Zoologii Akademii Nauk Ukraini - Institute of Zoology of the Academy of Sciences of Ukraine" pageId="22" pageNumber="23">IZAS</collectionCode>
)
</materialsCitation>
, 
<materialsCitation collectingDate="1960-08-01" collectionCode="IZAS" collectorName="Ma Chenglin" country="China" county="San'gang" elevation="900" location="Chong'an" municipality="Xingcun" pageId="22" pageNumber="23" specimenCount="1" specimenCount-male="1" stateProvince="Fujian">
<specimenCount box="[1257,1302,331,357]" pageId="22" pageNumber="23" type="male">1 ♂</specimenCount>
“ 
<collectingCounty box="[1321,1432,331,357]" pageId="22" pageNumber="23">San’gang</collectingCounty>
, 
<collectingMunicipality box="[151,250,367,393]" pageId="22" pageNumber="23">Xingcun</collectingMunicipality>
, 
<location LSID="urn:lsid:plazi:treatment:03BD87E66B74FFD2AF89FC0DFD1E3F2D:8ECB602B6B77FFD3AE17F905FEA43CC5" box="[265,378,367,393]" country="China" county="San'gang" municipality="Xingcun" name="Chong'an" pageId="22" pageNumber="23" stateProvince="Fujian">Chong’an</location>
, 
<collectingRegion box="[393,468,367,393]" country="China" name="Fujian" pageId="22" pageNumber="23">Fujian</collectingRegion>
, 
<date box="[482,617,367,393]" pageId="22" pageNumber="23" value="1960-08-01">
<collectingDate box="[482,617,367,393]" pageId="22" pageNumber="23" value="1960-08-01">1.VIII.1960</collectingDate>
</date>
, 740– 
<quantity box="[690,754,367,393]" metricMagnitude="2" metricUnit="m" metricValue="9.0" pageId="22" pageNumber="23" unit="m" value="900.0">
<elevation box="[690,754,367,393]" metricMagnitude="2" metricUnit="m" metricValue="9.0" pageId="22" pageNumber="23" unit="m" value="900.0">900m</elevation>
</quantity>
, leg. 
<collectorName box="[821,975,367,393]" pageId="22" pageNumber="23">Ma Chenglin</collectorName>
” (
<collectionCode box="[1003,1070,367,393]" country="0" httpUri="http://grbio.org/cool/043p-ts4f" name="Institut Zoologii Akademii Nauk Ukraini - Institute of Zoology of the Academy of Sciences of Ukraine" pageId="22" pageNumber="23">IZAS</collectionCode>
)
</materialsCitation>
, 
<materialsCitation collectingDate="2010-05-01" collectingDateMax="2010-05-04" collectingDateMin="2010-05-01" collectionCode="IZAS" collectorName="Liu Chongling, No. G" country="China" elevation="715" location="Mts. Gutianshan" pageId="22" pageNumber="23" specimenCount="1" specimenCount-male="1">
<specimenCount box="[1093,1139,367,393]" pageId="22" pageNumber="23" type="male">1 ♂</specimenCount>
“ 
<location LSID="urn:lsid:plazi:treatment:03BD87E66B74FFD2AF89FC0DFD1E3F2D:8ECB602B6B77FFD3AB96F905FA973CC5" box="[1160,1353,367,393]" country="China" name="Mts. Gutianshan" pageId="22" pageNumber="23">Mts. Gutianshan</location>
, Zhejiang, 
<date box="[210,340,403,429]" pageId="22" pageNumber="23" value="2010-05-01" valueMax="2010-05-04" valueMin="2010-05-01">
<collectingDate box="[210,340,403,429]" pageId="22" pageNumber="23" value="2010-05-01" valueMax="2010-05-04" valueMin="2010-05-01">1–4.V.2010</collectingDate>
</date>
, 446– 
<quantity box="[414,479,402,429]" metricMagnitude="2" metricUnit="m" metricValue="7.15" pageId="22" pageNumber="23" unit="m" value="715.0">
<elevation box="[414,479,402,429]" metricMagnitude="2" metricUnit="m" metricValue="7.15" pageId="22" pageNumber="23" unit="m" value="715.0">715m</elevation>
</quantity>
, leg. 
<collectorName box="[546,806,403,429]" pageId="22" pageNumber="23">Liu Chongling, No. G</collectorName>
24ha-112” (
<collectionCode box="[941,1008,403,429]" country="0" httpUri="http://grbio.org/cool/043p-ts4f" name="Institut Zoologii Akademii Nauk Ukraini - Institute of Zoology of the Academy of Sciences of Ukraine" pageId="22" pageNumber="23">IZAS</collectionCode>
)
</materialsCitation>
, 
<materialsCitation collectingDate="2010-05-24" collectingDateMax="2010-05-27" collectingDateMin="2010-05-24" collectionCode="IZAS" collectorName="Liu Chongling, No. G" country="China" location="Mts. Gutianshan" pageId="22" pageNumber="23" specimenCount="2" specimenCount-female="2" stateProvince="Zhejiang">
<specimenCount box="[1032,1099,403,429]" pageId="22" pageNumber="23" type="female">2 ♀♀</specimenCount>
“ 
<location LSID="urn:lsid:plazi:treatment:03BD87E66B74FFD2AF89FC0DFD1E3F2D:8ECB602B6B77FFD3AB7FF9F9FAFC3CE1" box="[1121,1314,403,429]" country="China" name="Mts. Gutianshan" pageId="22" pageNumber="23" stateProvince="Zhejiang">Mts. Gutianshan</location>
, 
<collectingRegion box="[1330,1433,403,429]" country="China" name="Zhejiang" pageId="22" pageNumber="23">Zhejiang</collectingRegion>
, 
<date box="[151,311,439,465]" pageId="22" pageNumber="23" value="2010-05-24" valueMax="2010-05-27" valueMin="2010-05-24">
<collectingDate box="[151,311,439,465]" pageId="22" pageNumber="23" value="2010-05-24" valueMax="2010-05-27" valueMin="2010-05-24">
24–27.V. 
<quantity box="[251,311,439,465]" metricMagnitude="9" metricUnit="m" metricValue="2.0104355019999995" pageId="22" pageNumber="23" unit="m" value="2.010435502E9">2010</quantity>
</collectingDate>
</date>
, 435,502m, leg. 
<collectorName box="[508,767,438,465]" pageId="22" pageNumber="23">Liu Chongling, No. G</collectorName>
45-GE11,G45-FI8” (
<collectionCode box="[1002,1069,439,465]" country="0" httpUri="http://grbio.org/cool/043p-ts4f" name="Institut Zoologii Akademii Nauk Ukraini - Institute of Zoology of the Academy of Sciences of Ukraine" pageId="22" pageNumber="23">IZAS</collectionCode>
)
</materialsCitation>
, 
<materialsCitation collectingDate="2010-04-30" collectingDateMax="2010-05-03" collectingDateMin="2010-04-30" collectionCode="IZAS" collectorName="Liu Chongling, No. S" country="China" location="Mts. Gutianshan" pageId="22" pageNumber="23" specimenCount="1" specimenCount-female="1">
<specimenCount box="[1092,1138,439,465]" pageId="22" pageNumber="23" type="female">1 ♀</specimenCount>
“ 
<location LSID="urn:lsid:plazi:treatment:03BD87E66B74FFD2AF89FC0DFD1E3F2D:8ECB602B6B77FFD3AB99F9DDFA973C9D" box="[1159,1353,439,465]" country="China" name="Mts. Gutianshan" pageId="22" pageNumber="23">Mts. Gutianshan</location>
, Zhejiang, 
<date box="[209,391,475,501]" pageId="22" pageNumber="23" value="2010-04-30" valueMax="2010-05-03" valueMin="2010-04-30">
<collectingDate box="[209,391,475,501]" pageId="22" pageNumber="23" value="2010-04-30" valueMax="2010-05-03" valueMin="2010-04-30">
30.IV–3.V. 
<quantity box="[330,391,475,501]" metricMagnitude="6" metricUnit="m" metricValue="2.0102979999999997" pageId="22" pageNumber="23" unit="m" value="2010298.0">2010</quantity>
</collectingDate>
</date>
, 298m, leg. 
<collectorName box="[539,791,474,501]" pageId="22" pageNumber="23">Liu Chongling, No. S</collectorName>
15-14” (
<collectionCode box="[888,955,475,501]" country="0" httpUri="http://grbio.org/cool/043p-ts4f" name="Institut Zoologii Akademii Nauk Ukraini - Institute of Zoology of the Academy of Sciences of Ukraine" pageId="22" pageNumber="23">IZAS</collectionCode>
)
</materialsCitation>
, 
<materialsCitation collectingDate="1960-08-08" collectionCode="IZAS" collectorName="Jiang Shengqiao" country="China" county="Aotou" elevation="0" location="Jianyang" municipality="Huangkeng" pageId="22" pageNumber="23" specimenCount="1" specimenCount-male="1">
<specimenCount box="[978,1023,475,501]" pageId="22" pageNumber="23" type="male">1 ♂</specimenCount>
“ 
<collectingCounty box="[1044,1119,475,501]" pageId="22" pageNumber="23">Aotou</collectingCounty>
, 
<collectingMunicipality box="[1134,1266,475,501]" pageId="22" pageNumber="23">Huangkeng</collectingMunicipality>
, 
<location LSID="urn:lsid:plazi:treatment:03BD87E66B74FFD2AF89FC0DFD1E3F2D:8ECB602B6B77FFD3AA1EF9B1FAB83CB9" box="[1280,1382,475,501]" country="China" county="Aotou" municipality="Huangkeng" name="Jianyang" pageId="22" pageNumber="23">Jianyang</location>
, Fujian, 6.V, 
<date box="[260,395,511,537]" pageId="22" pageNumber="23" value="1960-08-08">
<collectingDate box="[260,395,511,537]" pageId="22" pageNumber="23" value="1960-08-08">8.VIII.1960</collectingDate>
</date>
, 650– 
<elevation box="[464,664,510,537]" isEnumeration="true" pageId="22" pageNumber="23">
<quantity box="[464,529,510,537]" metricMagnitude="2" metricUnit="m" metricValue="9.5" pageId="22" pageNumber="23" unit="m" value="950.0">950m</quantity>
, 
<quantity box="[541,664,510,537]" metricMagnitude="2" metricUnit="m" metricValue="8.75" metricValueMax="9.5" metricValueMin="8.0" pageId="22" pageNumber="23" unit="m" value="875.0" valueMax="950.0" valueMin="800.0">800–950m</quantity>
</elevation>
, leg. 
<collectorName box="[724,911,511,537]" pageId="22" pageNumber="23">Jiang Shengqiao</collectorName>
” (
<collectionCode box="[936,1003,511,537]" country="0" httpUri="http://grbio.org/cool/043p-ts4f" name="Institut Zoologii Akademii Nauk Ukraini - Institute of Zoology of the Academy of Sciences of Ukraine" pageId="22" pageNumber="23">IZAS</collectionCode>
)
</materialsCitation>
, 
<materialsCitation collectingDate="2013-05-21" collectingDateMax="2013-06-21" collectingDateMin="2013-05-21" collectionCode="ZFMK" collectorName="Jatua" country="China" elevation="1150" latitude="27.983334" location="China" longLatPrecision="1234" longitude="118.03333" pageId="22" pageNumber="23" specimenCount="1" specimenCount-male="1" stateProvince="Jiangxi">
<specimenCount box="[1024,1066,511,537]" pageId="22" pageNumber="23" type="male">1 ♂</specimenCount>
“ 
<location LSID="urn:lsid:plazi:treatment:03BD87E66B74FFD2AF89FC0DFD1E3F2D:8ECB602B6B77FFD3AB22F995FB5A3F55" box="[1084,1156,511,537]" country="China" latitude="27.983334" longLatPrecision="1234" longitude="118.03333" name="China" pageId="22" pageNumber="23" stateProvince="Jiangxi">China</location>
, NE 
<collectingRegion box="[1212,1358,511,537]" country="China" name="Jiangxi" pageId="22" pageNumber="23">Jiangxi prov.</collectingRegion>
Wufugang, 
<quantity box="[221,367,547,573]" metricMagnitude="3" metricUnit="m" metricValue="1.15" metricValueMax="1.2" metricValueMin="1.1" pageId="22" pageNumber="23" unit="m" value="1150.0" valueMax="1200.0" valueMin="1100.0">
<elevation box="[221,367,547,573]" metricMagnitude="3" metricUnit="m" metricValue="1.15" metricValueMax="1.2" metricValueMin="1.1" pageId="22" pageNumber="23" unit="m" value="1150.0" valueMax="1200.0" valueMin="1100.0">1100–1200m</elevation>
</quantity>
E slopes, 
<geoCoordinate box="[485,582,546,573]" degrees="27" direction="north" minutes="59" orientation="latitude" pageId="22" pageNumber="23" precision="925" value="27.983334">27°59’N</geoCoordinate>
<geoCoordinate box="[590,697,547,573]" degrees="118" direction="east" minutes="02" orientation="longitude" pageId="22" pageNumber="23" precision="925" value="118.03333">118°02’E</geoCoordinate>
<collectorName box="[704,762,547,573]" pageId="22" pageNumber="23">Jatua</collectorName>
leg., 
<date box="[826,1028,547,573]" pageId="22" pageNumber="23" value="2013-05-21" valueMax="2013-06-21" valueMin="2013-05-21">
<collectingDate box="[826,1028,547,573]" pageId="22" pageNumber="23" value="2013-05-21" valueMax="2013-06-21" valueMin="2013-05-21">21.V.–21.VI.2013</collectingDate>
</date>
” (
<collectionCode box="[1054,1138,547,573]" country="Germany" httpUri="http://biocol.org/urn:lsid:biocol.org:col:34613" lsid="urn:lsid:biocol.org:col:34613" name="Zoologisches Forschungsmuseum Alexander Koenig" pageId="22" pageNumber="23" type="Museum">ZFMK</collectionCode>
)
</materialsCitation>
, 
<materialsCitation collectionCode="ZFMK" collectorName="V. Wufugang" country="China" elevation="1325" latitude="27.983334" location="China" longLatPrecision="1234" longitude="118.03333" pageId="22" pageNumber="23" specimenCount="1" specimenCount-male="1" stateProvince="Jiangxi">
<specimenCount box="[1158,1201,547,573]" pageId="22" pageNumber="23" type="male">1 ♂</specimenCount>
“ 
<location LSID="urn:lsid:plazi:treatment:03BD87E66B74FFD2AF89FC0DFD1E3F2D:8ECB602B6B77FFD3ABDDFA49FAD53F71" box="[1219,1291,547,573]" country="China" latitude="27.983334" longLatPrecision="1234" longitude="118.03333" name="China" pageId="22" pageNumber="23" stateProvince="Jiangxi">China</location>
, NE 
<collectingRegion box="[1348,1432,547,573]" country="China" name="Jiangxi" pageId="22" pageNumber="23">Jiangxi</collectingRegion>
, 29.IV.–27. 
<collectorName box="[267,419,583,609]" pageId="22" pageNumber="23">V. Wufugang</collectorName>
, 
<quantity box="[430,576,582,609]" metricMagnitude="3" metricUnit="m" metricValue="1.3245" metricValueMax="1.5" metricValueMin="1.149" pageId="22" pageNumber="23" unit="m" value="1324.5" valueMax="1500.0" valueMin="1149.0">
<elevation box="[430,576,582,609]" metricMagnitude="3" metricUnit="m" metricValue="1.3245" metricValueMax="1.5" metricValueMin="1.149" pageId="22" pageNumber="23" unit="m" value="1324.5" valueMax="1500.0" valueMin="1149.0">1149–1500m</elevation>
</quantity>
E slopes, 
<geoCoordinate box="[693,790,582,609]" degrees="27" direction="north" minutes="59" orientation="latitude" pageId="22" pageNumber="23" precision="925" value="27.983334">27°59’N</geoCoordinate>
<geoCoordinate box="[797,903,583,609]" degrees="118" direction="east" minutes="02" orientation="longitude" pageId="22" pageNumber="23" precision="925" value="118.03333">118°02’E</geoCoordinate>
Jaroslav Turna leg., 2010” (
<collectionCode box="[1221,1305,583,609]" country="Germany" httpUri="http://biocol.org/urn:lsid:biocol.org:col:34613" lsid="urn:lsid:biocol.org:col:34613" name="Zoologisches Forschungsmuseum Alexander Koenig" pageId="22" pageNumber="23" type="Museum">ZFMK</collectionCode>
)
</materialsCitation>
, 
<materialsCitation collectionCode="ZFMK" country="China" elevation="1100" latitude="29.216667" location="Zheijang" longLatPrecision="1228" longitude="119.65" pageId="22" pageNumber="23" specimenCount="1" specimenCount-male="1">
<specimenCount box="[1324,1367,583,609]" pageId="22" pageNumber="23" type="male">1 ♂</specimenCount>
“China, cent. 
<location LSID="urn:lsid:plazi:treatment:03BD87E66B74FFD2AF89FC0DFD1E3F2D:8ECB602B6B77FFD3AE1DFA01FEB43FC9" box="[259,362,619,645]" country="China" latitude="29.216667" longLatPrecision="1228" longitude="119.65" name="Zheijang" pageId="22" pageNumber="23">Zheijang</location>
, 15.V.–21.VI. 
<locationDeviation box="[531,803,619,645]" location="Jinhua Dapanshan" pageId="22" pageNumber="23">N of Jinhua Dapanshan</locationDeviation>
<quantity box="[814,893,619,645]" metricMagnitude="3" metricUnit="m" metricValue="1.1" pageId="22" pageNumber="23" unit="m" value="1100.0">
<elevation box="[814,893,619,645]" metricMagnitude="3" metricUnit="m" metricValue="1.1" pageId="22" pageNumber="23" unit="m" value="1100.0">1100m</elevation>
</quantity>
, 
<geoCoordinate box="[908,1004,619,645]" degrees="29" direction="north" minutes="13" orientation="latitude" pageId="22" pageNumber="23" precision="925" value="29.216667">29°13’N</geoCoordinate>
<geoCoordinate box="[1015,1122,619,645]" degrees="119" direction="east" minutes="39" orientation="longitude" pageId="22" pageNumber="23" precision="925" value="119.65">119°39’E</geoCoordinate>
Jaroslav Turna leg., 2011” (
<collectionCode box="[159,243,655,681]" country="Germany" httpUri="http://biocol.org/urn:lsid:biocol.org:col:34613" lsid="urn:lsid:biocol.org:col:34613" name="Zoologisches Forschungsmuseum Alexander Koenig" pageId="22" pageNumber="23" type="Museum">ZFMK</collectionCode>
)
</materialsCitation>
, 
<materialsCitation collectionCode="ZFMK" collectorName="V. Qianjiang" country="China" county="China" elevation="835" latitude="29.383333" location="Park" longLatPrecision="1227" longitude="118.2" municipality="Zheijang" pageId="22" pageNumber="23" specimenCount="1" specimenCount-male="1">
<specimenCount box="[261,303,655,681]" pageId="22" pageNumber="23" type="male">1 ♂</specimenCount>
“ 
<collectingCounty box="[319,391,655,681]" pageId="22" pageNumber="23">China</collectingCounty>
, W 
<collectingMunicipality box="[435,538,655,681]" pageId="22" pageNumber="23">Zheijang</collectingMunicipality>
, 1.–29. 
<collectorName box="[614,761,655,681]" pageId="22" pageNumber="23">V. Qianjiang</collectorName>
, 
<quantity box="[772,892,654,681]" metricMagnitude="2" metricUnit="m" metricValue="8.35" metricValueMax="9.5" metricValueMin="7.2" pageId="22" pageNumber="23" unit="m" value="835.0" valueMax="950.0" valueMin="720.0">
<elevation box="[772,892,654,681]" metricMagnitude="2" metricUnit="m" metricValue="8.35" metricValueMax="9.5" metricValueMin="7.2" pageId="22" pageNumber="23" unit="m" value="835.0" valueMax="950.0" valueMin="720.0">720–950m</elevation>
</quantity>
for. 
<location LSID="urn:lsid:plazi:treatment:03BD87E66B74FFD2AF89FC0DFD1E3F2D:8ECB602B6B77FFD3ACB1FAE5FC3B3FE5" box="[943,997,655,681]" country="China" county="China" latitude="29.383333" longLatPrecision="1227" longitude="118.2" municipality="Zheijang" name="Park" pageId="22" pageNumber="23">Park</location>
, 
<geoCoordinate box="[1008,1105,655,681]" degrees="29" direction="north" minutes="23" orientation="latitude" pageId="22" pageNumber="23" precision="925" value="29.383333">29°23’N</geoCoordinate>
<geoCoordinate box="[1111,1218,655,681]" degrees="118" direction="east" minutes="12" orientation="longitude" pageId="22" pageNumber="23" precision="925" value="118.2">118°12’E</geoCoordinate>
Jaroslav Turna leg. 2010” (
<collectionCode box="[235,319,691,717]" country="Germany" httpUri="http://biocol.org/urn:lsid:biocol.org:col:34613" lsid="urn:lsid:biocol.org:col:34613" name="Zoologisches Forschungsmuseum Alexander Koenig" pageId="22" pageNumber="23" type="Museum">ZFMK</collectionCode>
)
</materialsCitation>
, 
<materialsCitation collectingDate="2014-07-07" collectionCode="SNUC" country="China" county="China" elevation="860" latitude="30.034445" location="Danming Shan" longLatPrecision="20" longitude="118.98722" municipality="Lin'an City" pageId="22" pageNumber="23" specimenCount="1" specimenCount-male="1" stateProvince="Zhejiang">
<specimenCount box="[338,380,691,717]" pageId="22" pageNumber="23" type="male">1 ♂</specimenCount>
“ 
<collectingCounty box="[398,471,691,717]" pageId="22" pageNumber="23">China</collectingCounty>
: 
<collectingRegion box="[482,585,691,717]" country="China" name="Zhejiang" pageId="22" pageNumber="23">Zhejiang</collectingRegion>
, 
<collectingMunicipality box="[596,727,691,717]" pageId="22" pageNumber="23">Lin’an City</collectingMunicipality>
, 
<location LSID="urn:lsid:plazi:treatment:03BD87E66B74FFD2AF89FC0DFD1E3F2D:8ECB602B6B77FFD3ADFCFAD9FC533F81" box="[738,909,691,717]" country="China" county="China" latitude="30.034445" longLatPrecision="20" longitude="118.98722" municipality="Lin'an City" name="Danming Shan" pageId="22" pageNumber="23" stateProvince="Zhejiang">Danming Shan</location>
, 
<geoCoordinate box="[920,1064,691,717]" degrees="30" direction="north" minutes="02" orientation="latitude" pageId="22" pageNumber="23" precision="15" seconds="04" value="30.034445">30°02’04’’N</geoCoordinate>
, 
<geoCoordinate box="[1076,1229,690,717]" degrees="118" direction="east" minutes="59" orientation="longitude" pageId="22" pageNumber="23" precision="15" seconds="14" value="118.98722">118°59’14’’E</geoCoordinate>
, 
<collectingMethod box="[1242,1346,691,717]" pageId="22" pageNumber="23">light trap</collectingMethod>
, 
<quantity box="[1358,1431,691,717]" metricMagnitude="2" metricUnit="m" metricValue="8.6" pageId="22" pageNumber="23" unit="m" value="860.0">
<elevation box="[1358,1431,691,717]" metricMagnitude="2" metricUnit="m" metricValue="8.6" pageId="22" pageNumber="23" unit="m" value="860.0">860 m</elevation>
</quantity>
, 
<date box="[151,276,727,753]" pageId="22" pageNumber="23" value="2014-07-07">
<collectingDate box="[151,276,727,753]" pageId="22" pageNumber="23" value="2014-07-07">7.VII.2014</collectingDate>
</date>
” (
<collectionCode box="[301,381,727,753]" pageId="22" pageNumber="23">SNUC</collectionCode>
)
</materialsCitation>
, 
<materialsCitation box="[399,1433,726,753]" collectingDate="2004-07-20" collectionCode="SNUC" collectorName="Hu &amp; Tang &amp; Zhu" country="China" county="Foping County" elevation="900" location="Foping County" pageId="22" pageNumber="23" specimenCount="1" specimenCount-male="1" stateProvince="Shaanxi">
<specimenCount box="[399,440,727,753]" pageId="22" pageNumber="23" type="male">1 ♂</specimenCount>
“ 
<collectingCounty box="[456,627,727,753]" pageId="22" pageNumber="23">Foping County</collectingCounty>
<collectingRegion box="[633,789,727,753]" country="China" name="Shaanxi" pageId="22" pageNumber="23">Shaanxi Prov.</collectingRegion>
alt. 
<quantity box="[835,955,726,753]" metricMagnitude="2" metricUnit="m" metricValue="9.0" metricValueMax="9.5" metricValueMin="8.5" pageId="22" pageNumber="23" unit="m" value="900.0" valueMax="950.0" valueMin="850.0">
<elevation box="[835,955,726,753]" metricMagnitude="2" metricUnit="m" metricValue="9.0" metricValueMax="9.5" metricValueMin="8.5" pageId="22" pageNumber="23" unit="m" value="900.0" valueMax="950.0" valueMin="850.0">850–950m</elevation>
</quantity>
<date box="[961,1103,727,753]" pageId="22" pageNumber="23" value="2004-07-20">
<collectingDate box="[961,1103,727,753]" pageId="22" pageNumber="23" value="2004-07-20">20-VII-2004</collectingDate>
</date>
<collectorName box="[1109,1146,727,753]" pageId="22" pageNumber="23">Hu</collectorName>
, 
<collectorName box="[1156,1214,727,753]" pageId="22" pageNumber="23">Tang</collectorName>
, 
<collectorName box="[1225,1270,727,753]" pageId="22" pageNumber="23">Zhu</collectorName>
leg.” (
<collectionCode box="[1344,1425,727,753]" pageId="22" pageNumber="23">SNUC</collectionCode>
)
</materialsCitation>
. 
<materialsCitation box="[151,914,763,789]" collectingDate="1931-05-23" collectionCode="IZAS" collectorName="K. Eki" country="Japan" location="Mt. Daimonji" pageId="22" pageNumber="23" specimenCount="1" specimenCount-male="1" stateProvince="Kyoto">
<emphasis bold="true" box="[151,234,763,789]" pageId="22" pageNumber="23">
<collectingCountry box="[151,228,763,789]" name="Japan" pageId="22" pageNumber="23">Japan</collectingCountry>
:
</emphasis>
<specimenCount box="[242,284,763,789]" pageId="22" pageNumber="23" type="male">1 ♂</specimenCount>
“ 
<location LSID="urn:lsid:plazi:treatment:03BD87E66B74FFD2AF89FC0DFD1E3F2D:8ECB602B6B77FFD3AE31FA91FE133E59" box="[303,461,763,789]" country="Japan" name="Mt. Daimonji" pageId="22" pageNumber="23" stateProvince="Kyoto">Mt. Daimonji</location>
, 
<collectingRegion box="[473,546,763,789]" country="Japan" name="Kyoto" pageId="22" pageNumber="23">Kyoto</collectingRegion>
, 
<date box="[558,675,763,789]" pageId="22" pageNumber="23" value="1931-05-23">
<collectingDate box="[558,675,763,789]" pageId="22" pageNumber="23" value="1931-05-23">23.V.1931</collectingDate>
</date>
, leg. 
<collectorName box="[736,813,763,789]" pageId="22" pageNumber="23">K. Eki</collectorName>
” (
<collectionCode box="[839,906,763,789]" country="0" httpUri="http://grbio.org/cool/043p-ts4f" name="Institut Zoologii Akademii Nauk Ukraini - Institute of Zoology of the Academy of Sciences of Ukraine" pageId="22" pageNumber="23">IZAS</collectionCode>
)
</materialsCitation>
, 
<materialsCitation collectionCode="SMTD" collectorName="W. H. Muche Radeberg" country="Japan" location="Japan" pageId="22" pageNumber="23" specimenCount="1" specimenCount-male="1">
<specimenCount box="[926,969,763,789]" pageId="22" pageNumber="23" type="male">1 ♂</specimenCount>
“ 
<location LSID="urn:lsid:plazi:treatment:03BD87E66B74FFD2AF89FC0DFD1E3F2D:8ECB602B6B77FFD3ACC4FA91FBC23E59" box="[986,1052,763,789]" country="Japan" name="Japan" pageId="22" pageNumber="23">Japan</location>
/ 
<collectorName box="[1068,1330,763,789]" pageId="22" pageNumber="23">W.H. Muche Radeberg</collectorName>
, Ankauf” (
<collectionCode box="[159,242,799,825]" pageId="22" pageNumber="23">SMTD</collectionCode>
)
</materialsCitation>
, 
<materialsCitation box="[264,1379,799,825]" collectionCode="ZFMK" country="Japan" county="Kaya-Sakaidani" location="Awa" municipality="Sankyo-mura Miyosa-gun" pageId="22" pageNumber="23" specimenCount="49" specimenCount-male="1">
<specimenCount box="[264,308,799,825]" pageId="22" pageNumber="23" type="male">1 ♂</specimenCount>
“ 
<collectingCounty box="[327,512,799,825]" pageId="22" pageNumber="23">Kaya-Sakaidani</collectingCounty>
, 
<collectingMunicipality box="[524,822,799,825]" pageId="22" pageNumber="23">Sankyo-mura Miyosa-gun</collectingMunicipality>
, 
<location LSID="urn:lsid:plazi:treatment:03BD87E66B74FFD2AF89FC0DFD1E3F2D:8ECB602B6B77FFD3AC5CFB75FCA93E75" box="[834,887,799,825]" country="Japan" county="Kaya-Sakaidani" municipality="Sankyo-mura Miyosa-gun" name="Awa" pageId="22" pageNumber="23">Awa</location>
, Sikoku Japan, 3.6. 
<specimenCount box="[1110,1181,799,825]" pageId="22" pageNumber="23" type="generic">48 M.</specimenCount>
Chujo” (
<collectionCode box="[1287,1371,799,825]" country="Germany" httpUri="http://biocol.org/urn:lsid:biocol.org:col:34613" lsid="urn:lsid:biocol.org:col:34613" name="Zoologisches Forschungsmuseum Alexander Koenig" pageId="22" pageNumber="23" type="Museum">ZFMK</collectionCode>
)
</materialsCitation>
, 
<materialsCitation collectingDate="1950-06-11" collectionCode="ZFMK" collectorName="Coll. M. Chujo" country="Japan" county="Mt. Otaki" elevation="700" location="Japan" municipality="Kagawo-ken Shikoku" pageId="22" pageNumber="23" specimenCount="1" specimenCount-male="1">
<specimenCount box="[1392,1436,799,825]" pageId="22" pageNumber="23" type="male">1 ♂</specimenCount>
“ 
<collectingCounty box="[162,273,835,861]" pageId="22" pageNumber="23">Mt. Otaki</collectingCounty>
(
<quantity box="[289,356,835,861]" metricMagnitude="2" metricUnit="m" metricValue="7.0" pageId="22" pageNumber="23" unit="m" value="700.0">
<elevation box="[289,356,835,861]" metricMagnitude="2" metricUnit="m" metricValue="7.0" pageId="22" pageNumber="23" unit="m" value="700.0">700m</elevation>
</quantity>
) 
<collectingMunicipality box="[372,619,835,861]" pageId="22" pageNumber="23">Kagawo-ken Shikoku</collectingMunicipality>
, 
<location LSID="urn:lsid:plazi:treatment:03BD87E66B74FFD2AF89FC0DFD1E3F2D:8ECB602B6B77FFD3AD66FB29FD663E11" box="[632,696,835,861]" country="Japan" county="Mt. Otaki" municipality="Kagawo-ken Shikoku" name="Japan" pageId="22" pageNumber="23">Japan</location>
<date box="[703,830,834,861]" pageId="22" pageNumber="23" value="1950-06-11">
<collectingDate box="[703,830,834,861]" pageId="22" pageNumber="23" value="1950-06-11">11.VI.1950</collectingDate>
</date>
<collectorName box="[838,1012,835,861]" pageId="22" pageNumber="23">Coll. M. Chujo</collectorName>
” (
<collectionCode box="[1038,1122,835,861]" country="Germany" httpUri="http://biocol.org/urn:lsid:biocol.org:col:34613" lsid="urn:lsid:biocol.org:col:34613" name="Zoologisches Forschungsmuseum Alexander Koenig" pageId="22" pageNumber="23" type="Museum">ZFMK</collectionCode>
)
</materialsCitation>
, 
<materialsCitation collectionCode="ZMHB" country="Japan" pageId="22" pageNumber="23" specimenCount="2" specimenCount-male="2">
<specimenCount box="[1141,1205,835,861]" pageId="22" pageNumber="23" type="male">2 ♂♂</specimenCount>
“Hibosashi Hirado” (
<collectionCode box="[159,246,871,897]" pageId="22" pageNumber="23">ZMHB</collectionCode>
)
</materialsCitation>
. 
<materialsCitation box="[265,1225,870,897]" collectionCode="ZMHB" collectorName="H. Fruhstorfer" country="Vietnam" location="Tonkin Montes Mauson April" pageId="22" pageNumber="23" specimenCount="1" specimenCount-male="1">
<emphasis bold="true" box="[265,376,870,896]" pageId="22" pageNumber="23">
<collectingCountry box="[265,371,870,896]" name="Vietnam" pageId="22" pageNumber="23">Vietnam</collectingCountry>
:
</emphasis>
<specimenCount box="[383,425,871,897]" pageId="22" pageNumber="23" type="male">1 ♂</specimenCount>
“ 
<location LSID="urn:lsid:plazi:treatment:03BD87E66B74FFD2AF89FC0DFD1E3F2D:8ECB602B6B77FFD3AEA7FB0DFCD53ECD" box="[441,779,871,897]" country="Vietnam" name="Tonkin Montes Mauson April" pageId="22" pageNumber="23">Tonkin Montes Mauson April</location>
, Mai 2–3000‘ 
<collectorName box="[942,1105,871,897]" pageId="22" pageNumber="23">H. Fruhstorfer</collectorName>
“ (
<collectionCode box="[1130,1217,871,897]" pageId="22" pageNumber="23">ZMHB</collectionCode>
)
</materialsCitation>
.
</paragraph>
</subSubSection>
<subSubSection lastPageId="23" lastPageNumber="24" pageId="22" pageNumber="23" type="description">
<paragraph blockId="22.[151,1437,151,2013]" pageId="22" pageNumber="23">
<emphasis bold="true" box="[199,373,906,932]" pageId="22" pageNumber="23">Redescription.</emphasis>
Length: 
<quantity box="[471,558,907,933]" metricMagnitude="-3" metricUnit="m" metricValue="9.1" pageId="22" pageNumber="23" unit="mm" value="9.1">9.1 mm</quantity>
, length of elytra: 
<quantity box="[749,836,907,933]" metricMagnitude="-3" metricUnit="m" metricValue="6.6" pageId="22" pageNumber="23" unit="mm" value="6.6">6.6 mm</quantity>
, width: 
<quantity box="[923,1011,906,933]" metricMagnitude="-3" metricUnit="m" metricValue="5.6" pageId="22" pageNumber="23" unit="mm" value="5.6">5.6 mm</quantity>
. Body oblong, reddish brown, antenna yellowish, surface dull, anterior labroclypeus shiny, except a few short setae on head and sides of elytra, glabrous.
</paragraph>
<paragraph blockId="22.[151,1437,151,2013]" pageId="22" pageNumber="23">
Labroclypeus wide and subtrapezoidal, widest at base, lateral margins moderately convex and convergent anteriorly, anterior angles moderately rounded; anterior margin weakly emarginate medially; margins moderately reflexed; lateral margin and ocular canthus produce an indistinct angle; surface basally dull, weakly convex medially, finely, densely punctate, with a few single erect setae on anterior third; frontoclypeal suture finely incised, angled medially; smooth area anterior to eye convex, twice as wide as long; ocular canthus short and narrow (1/3 of ocular diameter), finely sparsely punctate, terminal seta present. Frons with moderately dense, irregular, fine punctures, with a few single setae beside eyes. Eyes small, ratio diameter/ interocular width: 0.5. Antenna with ten antennomeres; club with three antennomeres and straight, as long as remaining antennomeres combined. 
<collectingRegion box="[1241,1336,1231,1257]" country="Myanmar" name="Chin" pageId="22" pageNumber="23">Mentum</collectingRegion>
elevated and slightly flattened anteriorly.
</paragraph>
<paragraph blockId="22.[151,1437,151,2013]" pageId="22" pageNumber="23">Pronotum narrow, widest at base, lateral margins in basal half nearly straight and distinctly convergent anteriorly, in anterior third weakly convex and convergent anteriorly, anterior angles distinctly produced and sharp, posterior angles blunt; anterior margin weakly convex, with fine marginal line being medially widely interrupted, base without marginal line; surface finely and densely punctate, with minute setae in punctures; anterior and lateral margin sparsely finely setose; hypomeron carinate, not produced ventrally. Scutellum wide, triangular, with fine and dense punctures.</paragraph>
<paragraph blockId="22.[151,1437,151,2013]" pageId="22" pageNumber="23">Elytra widest at middle, striae finely impressed, finely and densely punctate, intervals weakly convex, with fine, moderately dense punctures, penultimate interval with a few single short, erect setae, otherwise with minute setae in punctures; epipleural margin robust, ending at convex external apical angle of elytra, epipleura sparsely setose; apical border of elytra broadly membraneous, with a robust rim of microtrichomes (visible at ca 100x magnification).</paragraph>
<paragraph blockId="22.[151,1437,151,2013]" pageId="22" pageNumber="23">Ventral surface dull, finely and densely punctate, nearly glabrous, metasternal disc sparsely covered with longer erect setae; metacoxa with minute setae in punctures and with a few longer setae laterally. Abdominal sternites finely and densely punctate, glabrous, each sternite with a transverse row of punctures each bearing a fine seta. Mesosternum between mesocoxae as wide as mesofemur. Ratio of length of metepisternum/metacoxa: 1/1.73. Pygidium strongly convex, dull, finely and densely punctate, without smooth midline, with a few long setae along apical margin.</paragraph>
<paragraph blockId="22.[151,1437,151,2013]" lastBlockId="23.[151,1437,151,609]" lastPageId="23" lastPageNumber="24" pageId="22" pageNumber="23">Legs moderately long and wide; femora shiny, with two longitudinal rows of setae, finely and sparsely punctate. Anterior margin of metafemur acute, serrated; posterior ventral margin smooth and in apical half concave, distinctly widened at apex, apex with a blunt angle, dorsal posterior margin smooth, neither serrate, glabrous. Metatibia long and moderately wide, widest at middle, ratio of width/length: 1/2.1, sharply carinate dorsally, with two groups of spines, basal group at middle, apical group at three quarters of metatibial length, in basal half with a serrated line beside dorsal margin and few short single spines close to dorsal margin; lateral face longitudinally convex, finely densely punctate, with minute setae in punctures; ventral margin finely serrate, with five robust equidistant setae; medial face smooth and glabrous; apex finely serrate, very shallowly emarginate interiorly near tarsal articulation. Tarsomeres dorsally impunctate, glabrous, neither laterally nor dorsally carinate, moderately setose ventrally; metatarsomeres glabrous and with a strongly serrated ridge ventrally and a smooth subventral longitudinal carina; first metatarsomere slightly shorter than following two tarsomeres combined and as long as dorsal tibial spur. Protibia moderately long, bidentate; anterior claws symmetrical, basal tooth of both claws bluntly truncate at apex.</paragraph>
<paragraph blockId="23.[151,1437,151,609]" box="[199,650,439,465]" pageId="23" pageNumber="24">
Aedeagus: 
<figureCitation box="[324,388,439,465]" captionStart="FIGURE 3" captionStartId="24.[151,250,1908,1932]" captionTargetBox="[196,1389,193,1881]" captionTargetId="figure-19@24.[186,1402,181,1884]" captionTargetPageId="24" captionText="FIGURE 3. A–E: Maladera secreta (Brenske, 1897) (holotype: Autoserica cruralis Frey, 1972); F–I: M. shaowuensis Ahrens, Fabrizi &amp; Liu, Ahrens, Fabrizi &amp; Liu, sp. n. (holotype); J–M: M. euphorbiae (Burmeister, 1855) (China: Xinjiang: Ining). A, F, J: aedeagus, left side lateral view; D, H, L: aedeagus, right side lateral view; B, C, G, K: parameres, dorsal view; E, I, M: habitus. Scale: 0.5 mm. Habitus not to scale." figureDoi="http://doi.org/10.5281/zenodo.4496322" httpUri="https://zenodo.org/record/4496322/files/figure.png" pageId="23" pageNumber="24">Fig. 3</figureCitation>
A–D. Habitus: 
<figureCitation box="[560,646,439,465]" captionStart="FIGURE 3" captionStartId="24.[151,250,1908,1932]" captionTargetBox="[196,1389,193,1881]" captionTargetId="figure-19@24.[186,1402,181,1884]" captionTargetPageId="24" captionText="FIGURE 3. A–E: Maladera secreta (Brenske, 1897) (holotype: Autoserica cruralis Frey, 1972); F–I: M. shaowuensis Ahrens, Fabrizi &amp; Liu, Ahrens, Fabrizi &amp; Liu, sp. n. (holotype); J–M: M. euphorbiae (Burmeister, 1855) (China: Xinjiang: Ining). A, F, J: aedeagus, left side lateral view; D, H, L: aedeagus, right side lateral view; B, C, G, K: parameres, dorsal view; E, I, M: habitus. Scale: 0.5 mm. Habitus not to scale." figureDoi="http://doi.org/10.5281/zenodo.4496322" httpUri="https://zenodo.org/record/4496322/files/figure.png" pageId="23" pageNumber="24">Fig. 3E</figureCitation>
.
</paragraph>
</subSubSection>
<subSubSection pageId="23" pageNumber="24" type="discussion">
<paragraph blockId="23.[151,1437,151,609]" pageId="23" pageNumber="24">
<emphasis bold="true" box="[199,315,475,501]" pageId="23" pageNumber="24">Remarks.</emphasis>
<taxonomicName authority="(Brenske)" baseAuthorityName="Brenske" baseAuthorityYear="1897" box="[321,635,475,502]" class="Insecta" family="Melolonthidae" genus="Maladera" kingdom="Animalia" order="Coleoptera" pageId="23" pageNumber="24" phylum="Arthropoda" rank="species" species="secreta">
<emphasis box="[321,518,475,501]" italics="true" pageId="23" pageNumber="24">Maladera secreta</emphasis>
(Brenske)
</taxonomicName>
was originally described from 
<collectingCountry box="[979,1046,475,501]" name="Japan" pageId="23" pageNumber="24">Japan</collectingCountry>
; the 
<typeStatus box="[1097,1195,475,501]" pageId="23" pageNumber="24">holotype</typeStatus>
of 
<taxonomicName authority="(Frey)" baseAuthorityName="Frey" baseAuthorityYear="1972" class="Insecta" family="Melolonthidae" genus="Maladera" kingdom="Animalia" order="Coleoptera" pageId="23" pageNumber="24" phylum="Arthropoda" rank="species" species="cruralis">
<emphasis box="[1231,1437,475,501]" italics="true" pageId="23" pageNumber="24">Maladera cruralis</emphasis>
(Frey)
</taxonomicName>
and the Japanese populations of 
<taxonomicName baseAuthorityName="Brenske" baseAuthorityYear="1897" box="[595,713,511,536]" class="Insecta" family="Melolonthidae" genus="Maladera" kingdom="Animalia" order="Coleoptera" pageId="23" pageNumber="24" phylum="Arthropoda" rank="species" species="secreta">
<emphasis box="[595,713,511,536]" italics="true" pageId="23" pageNumber="24">M. secreta</emphasis>
</taxonomicName>
, however, are virtually identical in shape of aedeagus, therefore we consider them synonymous.
</paragraph>
</subSubSection>
<subSubSection box="[199,704,582,609]" pageId="23" pageNumber="24" type="distribution">
<paragraph blockId="23.[151,1437,151,609]" box="[199,704,582,609]" pageId="23" pageNumber="24">
<emphasis bold="true" box="[199,353,582,608]" pageId="23" pageNumber="24">Distribution.</emphasis>
See map (
<figureCitation box="[470,552,583,609]" captionStart="FIGURE 84" captionStartId="343.[151,250,2012,2036]" captionTargetBox="[185,1405,1132,1983]" captionTargetId="figure-53@343.[177,1411,1127,1988]" captionTargetPageId="343" captionText="FIGURE 84. Distribution of the subgenus Aserica: Maladera secreta (Brenske, 1897), M. shaowuensis sp. n.." figureDoi="http://doi.org/10.5281/zenodo.4496538" httpUri="https://zenodo.org/record/4496538/files/figure.png" pageId="23" pageNumber="24">Fig. 84</figureCitation>
) and 
<tableCitation box="[614,698,583,609]" captionStart="TABLE 1" captionStartId="368.[151,239,544,570]" captionText="TABLE 1. Overview on the distribuition of the Chinese mainland species of Maladera Mulsant &amp; Rey, 1871 (x – records from material examined herein, o – records from literature, with no material of this study)." pageId="23" pageNumber="24">Table 1</tableCitation>
.
</paragraph>
</subSubSection>
</treatment>
</document>