<document ID-DOI="http://doi.org/10.5281/zenodo.4534597" ID-GBIF-Dataset="188411de-569c-4408-a016-1a04b858c142" ID-ISSN="1175-5326" ID-Zenodo-Dep="4534597" ID-ZooBank="D7F9C6A3-9C28-4F4C-8E81-BF24849FDD8C" _generate="added" approvalRequired="33" approvalRequired_for_illustrations="17" approvalRequired_for_treatments="16" checkinTime="1612331093960" checkinUser="plazi" docAuthor="Fabrizi, Silvia, Liu, Wan-Gang, Bai, Ming, Yang, Xing-Ke &amp; Ahrens, Dirk" docDate="2021" docId="03BD87E66BF5FF50AF89FE80FD103C0D" docLanguage="en" docName="zootaxa.4922.1.1.pdf" docOrigin="Zootaxa 4922 (1)" docStyle="DocumentStyle:5EBBA59367AD13919D70D935FA04F6A3.7:Zootaxa.2013-.monograph" docStyleId="5EBBA59367AD13919D70D935FA04F6A3" docStyleName="Zootaxa.2013-.monograph" docStyleVersion="7" docTitle="Maladera jaintiaensis Ahrens &amp; Fabrizi 2016" docType="treatment" docVersion="7" lastPageId="149" lastPageNumber="150" masterDocId="FF84FF9E6B61FFC5AF1EF86AFFDE3D4C" masterDocTitle="A monograph of the genus Maladera Mulsant &amp; Rey, 1871 of China (Coleoptera: Scarabaeidae: Melolonthinae: Sericini)" masterLastPageNumber="400" masterPageNumber="1" pageId="148" pageNumber="149" updateTime="1615983897969" updateUser="diego">
<mods:mods xmlns:mods="http://www.loc.gov/mods/v3">
<mods:titleInfo>
<mods:title>A monograph of the genus Maladera Mulsant &amp; Rey, 1871 of China (Coleoptera: Scarabaeidae: Melolonthinae: Sericini)</mods:title>
</mods:titleInfo>
<mods:name type="personal">
<mods:role>
<mods:roleTerm>Author</mods:roleTerm>
</mods:role>
<mods:namePart>Fabrizi, Silvia</mods:namePart>
<mods:nameIdentifier type="ORCID">0000-0003-3524-7153</mods:nameIdentifier>
<mods:nameIdentifier type="email">ahrens.dirk_col@gmx.de</mods:nameIdentifier>
</mods:name>
<mods:name type="personal">
<mods:role>
<mods:roleTerm>Author</mods:roleTerm>
</mods:role>
<mods:namePart>Liu, Wan-Gang</mods:namePart>
<mods:nameIdentifier type="ORCID">0000-0003-4788-7967</mods:nameIdentifier>
<mods:nameIdentifier type="email">liuwangang@ieecas.cn</mods:nameIdentifier>
</mods:name>
<mods:name type="personal">
<mods:role>
<mods:roleTerm>Author</mods:roleTerm>
</mods:role>
<mods:namePart>Bai, Ming</mods:namePart>
<mods:nameIdentifier type="ORCID">0000-0003-3676-6828</mods:nameIdentifier>
<mods:nameIdentifier type="email">liuwangang@ieecas.cn</mods:nameIdentifier>
</mods:name>
<mods:name type="personal">
<mods:role>
<mods:roleTerm>Author</mods:roleTerm>
</mods:role>
<mods:namePart>Yang, Xing-Ke</mods:namePart>
<mods:nameIdentifier type="ORCID">0000-0003-3676-6828</mods:nameIdentifier>
<mods:nameIdentifier type="email">liuwangang@ieecas.cn</mods:nameIdentifier>
</mods:name>
<mods:name type="personal">
<mods:role>
<mods:roleTerm>Author</mods:roleTerm>
</mods:role>
<mods:namePart>Ahrens, Dirk</mods:namePart>
<mods:nameIdentifier type="ORCID">0000-0003-3524-7153</mods:nameIdentifier>
<mods:nameIdentifier type="email">ahrens.dirk_col@gmx.de</mods:nameIdentifier>
</mods:name>
<mods:typeOfResource>text</mods:typeOfResource>
<mods:relatedItem type="host">
<mods:titleInfo>
<mods:title>Zootaxa</mods:title>
</mods:titleInfo>
<mods:part>
<mods:date>2021</mods:date>
<mods:detail type="pubDate">
<mods:number>2021-02-03</mods:number>
</mods:detail>
<mods:detail type="volume">
<mods:number>4922</mods:number>
</mods:detail>
<mods:detail type="issue">
<mods:number>1</mods:number>
</mods:detail>
<mods:extent unit="page">
<mods:start>1</mods:start>
<mods:end>400</mods:end>
</mods:extent>
</mods:part>
</mods:relatedItem>
<mods:classification>journal article</mods:classification>
<mods:identifier type="DOI">https://doi.org/10.11646/zootaxa.4922.1.1</mods:identifier>
<mods:identifier type="GBIF-Dataset">188411de-569c-4408-a016-1a04b858c142</mods:identifier>
<mods:identifier type="ISSN">1175-5326</mods:identifier>
<mods:identifier type="Zenodo-Dep">4496316</mods:identifier>
<mods:identifier type="ZooBank">D7F9C6A3-9C28-4F4C-8E81-BF24849FDD8C</mods:identifier>
</mods:mods>
<treatment ID-DOI="http://doi.org/10.5281/zenodo.4534597" ID-Zenodo-Dep="4534597" LSID="urn:lsid:plazi:treatment:03BD87E66BF5FF50AF89FE80FD103C0D" httpUri="http://treatment.plazi.org/id/03BD87E66BF5FF50AF89FE80FD103C0D" lastPageId="149" lastPageNumber="150" pageId="148" pageNumber="149">
<subSubSection box="[151,717,1770,1797]" pageId="148" pageNumber="149" type="nomenclature">
<paragraph blockId="148.[151,717,1770,1833]" box="[151,717,1770,1797]" pageId="148" pageNumber="149">
<heading bold="true" box="[151,717,1770,1797]" fontSize="11" level="2" pageId="148" pageNumber="149" reason="4">
<taxonomicName authority="Ahrens &amp; Fabrizi, 2016" authorityName="Ahrens &amp; Fabrizi" authorityYear="2016" box="[151,717,1770,1797]" class="Insecta" family="Melolonthidae" genus="Maladera" kingdom="Animalia" order="Coleoptera" pageId="148" pageNumber="149" phylum="Arthropoda" rank="species" species="jaintiaensis">
<emphasis bold="true" box="[151,717,1770,1797]" pageId="148" pageNumber="149">
<emphasis bold="true" box="[151,415,1770,1797]" italics="true" pageId="148" pageNumber="149">Maladera jaintiaensis</emphasis>
<bibRefCitation author="Ahrens, D. &amp; Fabrizi, S." box="[422,717,1770,1796]" pageId="148" pageNumber="149" pagination="1 - 355" refId="ref330518" refString="Ahrens, D. &amp; Fabrizi, S. (2016) A Monograph of the Sericini of India (Coleoptera: Scarabaeidae). Bonn Zoological Bulletin, 65, 1 - 355." type="journal article" year="2016">Ahrens &amp; Fabrizi, 2016</bibRefCitation>
</emphasis>
</taxonomicName>
</heading>
</paragraph>
</subSubSection>
<subSubSection box="[151,374,1807,1833]" pageId="148" pageNumber="149" type="description">
<paragraph blockId="148.[151,717,1770,1833]" box="[151,374,1807,1833]" pageId="148" pageNumber="149">
<figureCitation box="[151,270,1807,1833]" captionStart="FIGURE 32" captionStartId="146.[151,250,1909,1933]" captionTargetBox="[234,1349,199,1875]" captionTargetId="figure-19@146.[222,1366,181,1885]" captionTargetPageId="146" captionText="FIGURE 32. A–D: Maladera guomenshanica Ahrens, Fabrizi &amp; Liu, sp. n. (holotype); E–H: M. hansmalickyi Ahrens, Fabrizi &amp; Liu, sp. n.; I–M: M. jaintiaensis Ahrens &amp; Fabrizi, 2016 (holotype). A, E, I: aedeagus, left side lateral view; C, G, L: aedeagus, right side lateral view; B, F, J: parameres, dorsal view; K: parameres, ventral view;D, H, M: habitus. Scale: 0.5 mm. Habitus not to scale.;" figureDoi="http://doi.org/10.5281/zenodo.4496390" httpUri="https://zenodo.org/record/4496390/files/figure.png" pageId="148" pageNumber="149">Figures 32</figureCitation>
I–M, 103
</paragraph>
</subSubSection>
<subSubSection box="[151,680,1875,1899]" pageId="148" pageNumber="149" type="reference_group">
<paragraph blockId="148.[151,680,1875,1899]" box="[151,680,1875,1899]" pageId="148" pageNumber="149">
<treatmentCitationGroup box="[151,680,1875,1899]" pageId="148" pageNumber="149">
<treatmentCitation author="Ahrens, D. &amp; Fabrizi, S." box="[151,676,1875,1899]" page="224" pageId="148" pageNumber="149" year="2016">
<taxonomicName authority="Ahrens &amp; Fabrizi, 2016: 224" authorityName="Ahrens &amp; Fabrizi" authorityPageNumber="224" authorityYear="2016" box="[151,676,1875,1899]" class="Insecta" family="Melolonthidae" genus="Maladera" kingdom="Animalia" order="Coleoptera" pageId="148" pageNumber="149" phylum="Arthropoda" rank="species" species="jaintiaensis">
<emphasis box="[151,374,1875,1899]" italics="true" pageId="148" pageNumber="149">Maladera jaintiaensis</emphasis>
<bibRefCitation author="Ahrens, D. &amp; Fabrizi, S." box="[381,676,1875,1899]" pageId="148" pageNumber="149" pagination="1 - 355" refId="ref330518" refString="Ahrens, D. &amp; Fabrizi, S. (2016) A Monograph of the Sericini of India (Coleoptera: Scarabaeidae). Bonn Zoological Bulletin, 65, 1 - 355." type="journal article" year="2016">Ahrens &amp; Fabrizi, 2016: 224</bibRefCitation>
</taxonomicName>
</treatmentCitation>
.
</treatmentCitationGroup>
</paragraph>
</subSubSection>
<subSubSection lastPageId="149" lastPageNumber="150" pageId="148" pageNumber="149" type="materials_examined">
<paragraph blockId="148.[151,1436,1945,2008]" lastBlockId="149.[151,1436,151,321]" lastPageId="149" lastPageNumber="150" pageId="148" pageNumber="149">
<materialsCitation box="[151,1210,1945,1972]" collectionCode="DEIC" country="China" location="Pingshiang Sud-China Dr. Kreyenberg" pageId="148" pageNumber="149" specimenCount="1" specimenCount-male="1">
<emphasis bold="true" box="[151,605,1945,1971]" pageId="148" pageNumber="149">
<typeStatus box="[151,510,1945,1971]" isOtherTypeStatus="true" pageId="148" pageNumber="149">Additional material examined</typeStatus>
. 
<collectingCountry box="[522,599,1945,1971]" name="China" pageId="148" pageNumber="149">China</collectingCountry>
:
</emphasis>
<specimenCount box="[612,653,1945,1972]" pageId="148" pageNumber="149" type="male">1 ♂</specimenCount>
“ 
<location LSID="urn:lsid:plazi:treatment:03BD87E66BF5FF50AF89FE80FD103C0D:8ECB602B6BF5FF51AD80FFF3FB8D3AFF" box="[670,1107,1945,1972]" country="China" name="Pingshiang Sud-China Dr. Kreyenberg" pageId="148" pageNumber="149">Pingshiang Süd-China Dr. Kreyenberg</location>
” (
<collectionCode box="[1131,1202,1945,1971]" pageId="148" pageNumber="149">DEIC</collectionCode>
)
</materialsCitation>
, 
<materialsCitation collectingDate="1938-04-09" collectorName="L. J. Klapperich &amp; Fukien" country="China" elevation="2300" latitude="27.4" location="Kuatun" longitude="-117.4" pageId="148" pageNumber="149" specimenCount="1" specimenCount-male="1">
<specimenCount box="[1221,1262,1945,1972]" pageId="148" pageNumber="149" type="male">1 ♂</specimenCount>
“ 
<location LSID="urn:lsid:plazi:treatment:03BD87E66BF5FF50AF89FE80FD103C0D:8ECB602B6BF5FF51ABE1FFF3FA8A3AFF" box="[1279,1364,1945,1971]" country="China" latitude="27.4" name="Kuatun" pageId="148" pageNumber="149">Kuatun</location>
(
<quantity metricMagnitude="3" metricUnit="m" metricValue="2.3" pageId="148" pageNumber="149" unit="m" value="2300.0">
<elevation metricMagnitude="3" metricUnit="m" metricValue="2.3" pageId="148" pageNumber="149" unit="m" value="2300.0">2300 m</elevation>
</quantity>
) 27, 
<specimenCount box="[223,276,1981,2008]" pageId="148" pageNumber="149" type="generic">40 n</specimenCount>
. 
<location LSID="urn:lsid:plazi:treatment:03BD87E66BF5FF50AF89FE80FD103C0D:8ECB602B6BF5FF51AE06FFD4FEE53A94" box="[280,315,1982,2008]" country="China" longitude="-117.4" name="Br." pageId="148" pageNumber="149">Br.</location>
117,40 ö. 
<collectorName box="[426,608,1981,2008]" pageId="148" pageNumber="149">L. J. Klapperich</collectorName>
<date box="[616,714,1981,2007]" pageId="148" pageNumber="149" value="1938-04-09">
<collectingDate box="[616,714,1981,2007]" pageId="148" pageNumber="149" value="1938-04-09">9.4.1938</collectingDate>
</date>
(
<collectorName box="[729,810,1981,2008]" pageId="148" pageNumber="149">Fukien</collectorName>
)
</materialsCitation>
/ 
<materialsCitation collectingDate="1938-04-29" collectionCode="ZFMK" collectorName="Kuatun" country="China" elevation="2300" lastPageId="149" lastPageNumber="150" latitude="27.4" location="Br." longitude="-117.4" pageId="148" pageNumber="149" specimenCount="1" specimenCount-male="1" typeStatus="paratype">
<typeStatus box="[833,931,1982,2008]" pageId="148" pageNumber="149">Paratype</typeStatus>
<taxonomicName authority="G. Frey 1972" authorityName="G. Frey" authorityYear="1972" box="[939,1284,1981,2008]" class="Insecta" family="Melolonthidae" genus="Autoserica" kingdom="Animalia" order="Coleoptera" pageId="148" pageNumber="149" phylum="Arthropoda" rank="species" species="fusca">
<emphasis box="[939,1126,1981,2008]" italics="true" pageId="148" pageNumber="149">Autoserica fusca</emphasis>
G. Frey 1972
</taxonomicName>
“ (
<collectionCode box="[1319,1403,1981,2007]" country="Germany" httpUri="http://biocol.org/urn:lsid:biocol.org:col:34613" lsid="urn:lsid:biocol.org:col:34613" name="Zoologisches Forschungsmuseum Alexander Koenig" pageId="148" pageNumber="149" type="Museum">ZFMK</collectionCode>
), 
<specimenCount lastPageId="149" lastPageNumber="150" pageId="148" pageNumber="149" type="male">1 ♂</specimenCount>
“ 
<collectorName box="[188,273,151,177]" pageId="149" pageNumber="150">Kuatun</collectorName>
(
<quantity box="[288,376,151,177]" metricMagnitude="3" metricUnit="m" metricValue="2.3" pageId="149" pageNumber="150" unit="m" value="2300.0">
<elevation box="[288,376,151,177]" metricMagnitude="3" metricUnit="m" metricValue="2.3" pageId="149" pageNumber="150" unit="m" value="2300.0">2300 m</elevation>
</quantity>
) 27, 
<specimenCount box="[423,476,151,177]" pageId="149" pageNumber="150" type="generic">40 n</specimenCount>
. 
<location LSID="urn:lsid:plazi:treatment:03BD87E66BF5FF50AF89FE80FD103C0D:8ECB602B6BF4FF50AEC1F8FDFDDD3DFD" box="[479,515,151,177]" country="China" longitude="-117.4" name="Br." pageId="149" pageNumber="150">Br.</location>
117,40 ö. 
<collectorName box="[624,805,151,177]" pageId="149" pageNumber="150">L. J. Klapperich</collectorName>
<date box="[812,923,151,177]" pageId="149" pageNumber="150" value="1938-04-29">
<collectingDate box="[812,923,151,177]" pageId="149" pageNumber="150" value="1938-04-29">29.4.1938</collectingDate>
</date>
(
<collectorName box="[938,1022,151,178]" pageId="149" pageNumber="150">Fukien</collectorName>
)” (
<collectionCode box="[1055,1094,151,177]" pageId="149" pageNumber="150">CF</collectionCode>
).
</materialsCitation>
<materialsCitation collectingDate="1997-04-27" collectingDateMax="1997-04-30" collectingDateMin="1997-04-27" collectionCode="CP" collectorName="Vit Kuban" country="Laos" latitude="18.266666" location="Laos" longLatPrecision="1275" longitude="103.183334" pageId="149" pageNumber="150" specimenCount="1" specimenCount-male="1" stateProvince="Viangchan" typeStatus="paratype">
<emphasis bold="true" box="[1113,1180,151,177]" pageId="149" pageNumber="150">
<collectingCountry box="[1113,1175,151,177]" name="Laos" pageId="149" pageNumber="150">Laos</collectingCountry>
:
</emphasis>
<specimenCount box="[1187,1228,151,177]" pageId="149" pageNumber="150" type="male">1 ♂</specimenCount>
“ 
<location LSID="urn:lsid:plazi:treatment:03BD87E66BF5FF50AF89FE80FD103C0D:8ECB602B6BF4FF50ABC0F8FDFAC53DFD" box="[1246,1307,151,177]" country="Laos" latitude="18.266666" longLatPrecision="1275" longitude="103.183334" name="Laos" pageId="149" pageNumber="150" stateProvince="Viangchan">Laos</location>
: Bolikhamsai pr. 
<geoCoordinate box="[228,325,187,213]" degrees="18" direction="north" minutes="16" orientation="latitude" pageId="149" pageNumber="150" precision="925" value="18.266666">18°16’N</geoCoordinate>
<geoCoordinate box="[334,442,187,213]" degrees="103" direction="east" minutes="11" orientation="longitude" pageId="149" pageNumber="150" precision="925" value="103.183334">103°11’E</geoCoordinate>
, 
<locationDeviation box="[456,709,187,213]" location="Vientiane" pageId="149" pageNumber="150">
<quantity box="[456,528,187,213]" metricMagnitude="4" metricUnit="m" metricValue="7.0" pageId="149" pageNumber="150" unit="km" value="70.0">70 km</quantity>
NEE 
<collectingRegion box="[599,709,187,213]" country="Laos" name="Viangchan" pageId="149" pageNumber="150">Vientiane</collectingRegion>
</locationDeviation>
, 
<date box="[722,887,187,213]" pageId="149" pageNumber="150" value="1997-04-27" valueMax="1997-04-30" valueMin="1997-04-27">
<collectingDate box="[722,887,187,213]" pageId="149" pageNumber="150" value="1997-04-27" valueMax="1997-04-30" valueMin="1997-04-27">
27.-30.iv. 
<quantity box="[826,887,187,213]" metricMagnitude="6" metricUnit="m" metricValue="1.99715" pageId="149" pageNumber="150" unit="m" value="1997150.0">1997</quantity>
</collectingDate>
</date>
, 150m, 
<collectorName box="[979,1097,187,213]" pageId="149" pageNumber="150">Vit Kuban</collectorName>
leg./ 266 
<taxonomicName box="[1213,1300,187,213]" class="Insecta" family="Scarabaeidae" kingdom="Animalia" order="Coleoptera" pageId="149" pageNumber="380" phylum="Arthropoda" rank="tribe" tribe="Sericini">Sericini</taxonomicName>
Asia spec.” (
<collectionCode box="[160,199,223,249]" pageId="149" pageNumber="150">CP</collectionCode>
)
</materialsCitation>
.
</paragraph>
</subSubSection>
<subSubSection box="[199,1419,259,286]" pageId="149" pageNumber="150" type="discussion">
<paragraph blockId="149.[151,1436,151,321]" box="[199,1419,259,286]" pageId="149" pageNumber="150">
<emphasis bold="true" box="[199,315,259,285]" pageId="149" pageNumber="150">Remarks.</emphasis>
The species was originally described from northeastern 
<collectingCountry box="[948,1006,259,285]" name="India" pageId="149" pageNumber="150">India</collectingCountry>
and 
<collectingCountry box="[1060,1127,259,285]" name="China" pageId="149" pageNumber="150">China</collectingCountry>
(
<bibRefCitation author="Ahrens, D. &amp; Fabrizi, S." box="[1141,1407,259,286]" pageId="149" pageNumber="150" pagination="1 - 355" refId="ref330518" refString="Ahrens, D. &amp; Fabrizi, S. (2016) A Monograph of the Sericini of India (Coleoptera: Scarabaeidae). Bonn Zoological Bulletin, 65, 1 - 355." type="journal article" year="2016">Ahrens &amp; Fabrizi 2016</bibRefCitation>
).
</paragraph>
</subSubSection>
<subSubSection box="[199,718,294,321]" pageId="149" pageNumber="150" type="distribution">
<paragraph blockId="149.[151,1436,151,321]" box="[199,718,294,321]" pageId="149" pageNumber="150">
<emphasis bold="true" box="[199,353,294,320]" pageId="149" pageNumber="150">Distribution.</emphasis>
See map (
<figureCitation box="[470,566,295,321]" captionStart="FIGURE 103" captionStartId="353.[151,250,1019,1043]" captionTargetBox="[218,1368,187,989]" captionTargetId="figure-20@353.[213,1374,181,995]" captionTargetPageId="353" captionText="FIGURE 103. Distribution of the Maladera thomsoni group: Maladera jaintiaensis Ahrens &amp; Fabrizi 2016, M. juxianensis sp. n., M. kubeceki sp. n., M. pseudosenta sp. n., M. senta (Brenske, 1897), M. straminea (Moser, 1915), M. subtruncata (Fairmaire, 1887)." figureDoi="http://doi.org/10.5281/zenodo.4496596" httpUri="https://zenodo.org/record/4496596/files/figure.png" pageId="149" pageNumber="150">Fig. 103</figureCitation>
) and 
<tableCitation box="[628,712,295,321]" captionStart="TABLE 1" captionStartId="368.[151,239,544,570]" captionText="TABLE 1. Overview on the distribuition of the Chinese mainland species of Maladera Mulsant &amp; Rey, 1871 (x – records from material examined herein, o – records from literature, with no material of this study)." pageId="149" pageNumber="150">Table 1</tableCitation>
.
</paragraph>
</subSubSection>
</treatment>
</document>