<document ID-DOI="http://doi.org/10.5281/zenodo.4534526" ID-GBIF-Dataset="188411de-569c-4408-a016-1a04b858c142" ID-ISSN="1175-5326" ID-Zenodo-Dep="4534526" ID-ZooBank="D7F9C6A3-9C28-4F4C-8E81-BF24849FDD8C" _generate="added" approvalRequired="33" approvalRequired_for_illustrations="17" approvalRequired_for_treatments="16" checkinTime="1612331093960" checkinUser="plazi" docAuthor="Fabrizi, Silvia, Liu, Wan-Gang, Bai, Ming, Yang, Xing-Ke &amp; Ahrens, Dirk" docDate="2021" docId="03BD87E66B38FF9EAF89FDB3FD1E3B61" docLanguage="en" docName="zootaxa.4922.1.1.pdf" docOrigin="Zootaxa 4922 (1)" docStyle="DocumentStyle:5EBBA59367AD13919D70D935FA04F6A3.7:Zootaxa.2013-.monograph" docStyleId="5EBBA59367AD13919D70D935FA04F6A3" docStyleName="Zootaxa.2013-.monograph" docStyleVersion="7" docTitle="Maladera obscurata" docType="treatment" docVersion="7" lastPageId="91" lastPageNumber="92" masterDocId="FF84FF9E6B61FFC5AF1EF86AFFDE3D4C" masterDocTitle="A monograph of the genus Maladera Mulsant &amp; Rey, 1871 of China (Coleoptera: Scarabaeidae: Melolonthinae: Sericini)" masterLastPageNumber="400" masterPageNumber="1" pageId="89" pageNumber="90" updateTime="1615983897969" updateUser="diego">
<mods:mods xmlns:mods="http://www.loc.gov/mods/v3">
<mods:titleInfo>
<mods:title>A monograph of the genus Maladera Mulsant &amp; Rey, 1871 of China (Coleoptera: Scarabaeidae: Melolonthinae: Sericini)</mods:title>
</mods:titleInfo>
<mods:name type="personal">
<mods:role>
<mods:roleTerm>Author</mods:roleTerm>
</mods:role>
<mods:namePart>Fabrizi, Silvia</mods:namePart>
<mods:nameIdentifier type="ORCID">0000-0003-3524-7153</mods:nameIdentifier>
<mods:nameIdentifier type="email">ahrens.dirk_col@gmx.de</mods:nameIdentifier>
</mods:name>
<mods:name type="personal">
<mods:role>
<mods:roleTerm>Author</mods:roleTerm>
</mods:role>
<mods:namePart>Liu, Wan-Gang</mods:namePart>
<mods:nameIdentifier type="ORCID">0000-0003-4788-7967</mods:nameIdentifier>
<mods:nameIdentifier type="email">liuwangang@ieecas.cn</mods:nameIdentifier>
</mods:name>
<mods:name type="personal">
<mods:role>
<mods:roleTerm>Author</mods:roleTerm>
</mods:role>
<mods:namePart>Bai, Ming</mods:namePart>
<mods:nameIdentifier type="ORCID">0000-0003-3676-6828</mods:nameIdentifier>
<mods:nameIdentifier type="email">liuwangang@ieecas.cn</mods:nameIdentifier>
</mods:name>
<mods:name type="personal">
<mods:role>
<mods:roleTerm>Author</mods:roleTerm>
</mods:role>
<mods:namePart>Yang, Xing-Ke</mods:namePart>
<mods:nameIdentifier type="ORCID">0000-0003-3676-6828</mods:nameIdentifier>
<mods:nameIdentifier type="email">liuwangang@ieecas.cn</mods:nameIdentifier>
</mods:name>
<mods:name type="personal">
<mods:role>
<mods:roleTerm>Author</mods:roleTerm>
</mods:role>
<mods:namePart>Ahrens, Dirk</mods:namePart>
<mods:nameIdentifier type="ORCID">0000-0003-3524-7153</mods:nameIdentifier>
<mods:nameIdentifier type="email">ahrens.dirk_col@gmx.de</mods:nameIdentifier>
</mods:name>
<mods:typeOfResource>text</mods:typeOfResource>
<mods:relatedItem type="host">
<mods:titleInfo>
<mods:title>Zootaxa</mods:title>
</mods:titleInfo>
<mods:part>
<mods:date>2021</mods:date>
<mods:detail type="pubDate">
<mods:number>2021-02-03</mods:number>
</mods:detail>
<mods:detail type="volume">
<mods:number>4922</mods:number>
</mods:detail>
<mods:detail type="issue">
<mods:number>1</mods:number>
</mods:detail>
<mods:extent unit="page">
<mods:start>1</mods:start>
<mods:end>400</mods:end>
</mods:extent>
</mods:part>
</mods:relatedItem>
<mods:classification>journal article</mods:classification>
<mods:identifier type="DOI">https://doi.org/10.11646/zootaxa.4922.1.1</mods:identifier>
<mods:identifier type="GBIF-Dataset">188411de-569c-4408-a016-1a04b858c142</mods:identifier>
<mods:identifier type="ISSN">1175-5326</mods:identifier>
<mods:identifier type="Zenodo-Dep">4496316</mods:identifier>
<mods:identifier type="ZooBank">D7F9C6A3-9C28-4F4C-8E81-BF24849FDD8C</mods:identifier>
</mods:mods>
<treatment ID-DOI="http://doi.org/10.5281/zenodo.4534526" ID-Zenodo-Dep="4534526" LSID="urn:lsid:plazi:treatment:03BD87E66B38FF9EAF89FDB3FD1E3B61" httpUri="http://treatment.plazi.org/id/03BD87E66B38FF9EAF89FDB3FD1E3B61" lastPageId="91" lastPageNumber="92" pageId="89" pageNumber="90">
<subSubSection box="[151,572,1497,1524]" pageId="89" pageNumber="90" type="nomenclature">
<paragraph blockId="89.[151,572,1497,1560]" box="[151,572,1497,1524]" pageId="89" pageNumber="90">
<heading bold="true" box="[151,572,1497,1524]" fontSize="11" level="2" pageId="89" pageNumber="90" reason="4">
<taxonomicName authority="(Moser, 1915)" baseAuthorityName="Moser" baseAuthorityYear="1915" box="[151,572,1497,1524]" class="Insecta" family="Melolonthidae" genus="Maladera" kingdom="Animalia" order="Coleoptera" pageId="89" pageNumber="90" phylum="Arthropoda" rank="species" species="obscurata">
<emphasis bold="true" box="[151,572,1497,1524]" pageId="89" pageNumber="90">
<emphasis bold="true" box="[151,395,1497,1524]" italics="true" pageId="89" pageNumber="90">Maladera obscurata</emphasis>
(Moser, 1915)
</emphasis>
</taxonomicName>
</heading>
</paragraph>
</subSubSection>
<subSubSection box="[151,367,1534,1560]" pageId="89" pageNumber="90" type="description">
<paragraph blockId="89.[151,572,1497,1560]" box="[151,367,1534,1560]" pageId="89" pageNumber="90">
<figureCitation box="[151,268,1534,1560]" captionStart="FIGURE 19" captionStartId="93.[151,250,1823,1847]" captionTargetBox="[236,1365,192,1786]" captionTargetId="figure-20@93.[220,1368,181,1798]" captionTargetPageId="93" captionText="FIGURE 19. A–D: Maladera obscurata (Moser, 1915) (China: Yunnan: Haba Xueshan Mts.); E–H: M. paraobscurata Ahrens, Fabrizi &amp; Liu, sp. n. (holotype); I–L: M. piceola (Moser, 1915) (China: Yunnan). A, E, I: aedeagus, left side lateral view; C, G, K: aedeagus, right side lateral view; B, F, J: parameres, dorsal view; D, H, L: habitus. Scale: 0.5 mm. Habitus not to scale." figureDoi="http://doi.org/10.5281/zenodo.4496354" httpUri="https://zenodo.org/record/4496354/files/figure.png" pageId="89" pageNumber="90">Figures 19</figureCitation>
A–D, 96
</paragraph>
</subSubSection>
<subSubSection pageId="89" pageNumber="90" type="reference_group">
<paragraph blockId="89.[151,675,1602,1657]" box="[151,560,1602,1626]" pageId="89" pageNumber="90">
<taxonomicName authority="Moser, 1915: 354" authorityName="Moser" authorityPageNumber="354" authorityYear="1915" box="[151,556,1602,1626]" class="Insecta" family="Melolonthidae" genus="Autoserica" kingdom="Animalia" order="Coleoptera" pageId="89" pageNumber="90" phylum="Arthropoda" rank="species" species="obscurata">
<emphasis box="[151,368,1602,1626]" italics="true" pageId="89" pageNumber="90">Autoserica obscurata</emphasis>
Moser, 1915: 354
</taxonomicName>
.
</paragraph>
<paragraph blockId="89.[151,675,1602,1657]" box="[151,675,1633,1657]" pageId="89" pageNumber="90">
<treatmentCitationGroup box="[151,675,1633,1657]" pageId="89" pageNumber="90">
<treatmentCitation author="Ahrens, D." box="[151,568,1633,1657]" page="237" pageId="89" pageNumber="90" year="2006">
<taxonomicName authority=": Ahrens 2006 b: 237" authorityName=": Ahrens" authorityPageNumber="237" authorityYear="2006" box="[151,568,1633,1657]" class="Insecta" family="Melolonthidae" genus="Maladera" kingdom="Animalia" order="Coleoptera" pageId="89" pageNumber="90" phylum="Arthropoda" rank="species" species="obscurata">
<emphasis box="[151,358,1633,1657]" italics="true" pageId="89" pageNumber="90">Maladera obscurata</emphasis>
: 
<bibRefCitation author="Ahrens, D." box="[371,568,1633,1657]" pageId="89" pageNumber="90" refId="ref329946" refString="Ahrens, D. (2006 b) Sericinae. In: Lobl, I. &amp; Smetana, A. (Eds.), Catalogue of Palaearctic Coleoptera. Volume 3. Scarabaeoidea-Scirtoidea-Dascilloidea-Buprestoidea-Byrrhoidea. Apollo Books, Stenstrup, pp. 229 - 248." type="book" year="2006">Ahrens 2006b: 237</bibRefCitation>
</taxonomicName>
</treatmentCitation>
; 2007: 24.
</treatmentCitationGroup>
</paragraph>
</subSubSection>
<subSubSection lastPageId="90" lastPageNumber="91" pageId="89" pageNumber="90" type="materials_examined">
<paragraph blockId="89.[151,1437,1703,2018]" pageId="89" pageNumber="90">
<emphasis bold="true" box="[151,453,1703,1729]" pageId="89" pageNumber="90">Type material examined.</emphasis>
<materialsCitation collectionCode="ZMHB" country="China" location="Yunnan" pageId="89" pageNumber="90" specimenCount="2" specimenCount-male="2" stateProvince="Yunnan" typeStatus="lectotype">
<typeStatus box="[463,575,1704,1730]" pageId="89" pageNumber="90">Lectotype</typeStatus>
(here designated): 
<specimenCount box="[800,821,1704,1730]" pageId="89" pageNumber="90" type="male">♂</specimenCount>
“ 
<collectingCountry box="[841,911,1703,1729]" name="China" pageId="89" pageNumber="90">China</collectingCountry>
<collectingRegion box="[920,1005,1703,1729]" country="China" name="Yunnan" pageId="89" pageNumber="90">Yunnan</collectingRegion>
/ 
<taxonomicName authorityName="Moser" authorityYear="1915" box="[1022,1260,1703,1729]" class="Insecta" family="Melolonthidae" genus="Autoserica" kingdom="Animalia" order="Coleoptera" pageId="89" pageNumber="90" phylum="Arthropoda" rank="species" species="obscurata">Autoserica obscurata</taxonomicName>
<specimenCount box="[1271,1292,1704,1730]" pageId="89" pageNumber="90" type="male">♂</specimenCount>
Type Mos.” (
<collectionCode box="[159,246,1739,1765]" pageId="89" pageNumber="90">ZMHB</collectionCode>
)
</materialsCitation>
. 
<materialsCitation collectionCode="ZMHB" country="China" location="Yunnan" pageId="89" pageNumber="90" specimenCount="4" specimenCount-female="2" specimenCount-male="2" stateProvince="Yunnan" typeStatus="paralectotype">
<typeStatus box="[266,429,1739,1765]" pageId="89" pageNumber="90">Paralectotypes</typeStatus>
(here designated): 
<specimenCount box="[649,692,1739,1766]" pageId="89" pageNumber="90" type="female">1 ♀</specimenCount>
“ 
<collectingRegion box="[710,802,1739,1765]" country="China" name="Yunnan" pageId="89" pageNumber="90">Yünnan</collectingRegion>
<collectingCountry box="[810,876,1739,1765]" name="China" pageId="89" pageNumber="90">China</collectingCountry>
/ 
<taxonomicName authorityName="Moser" authorityYear="1915" box="[892,1128,1739,1765]" class="Insecta" family="Melolonthidae" genus="Autoserica" kingdom="Animalia" order="Coleoptera" pageId="89" pageNumber="90" phylum="Arthropoda" rank="species" species="obscurata">Autoserica obscurata</taxonomicName>
<specimenCount box="[1137,1158,1740,1766]" pageId="89" pageNumber="90" type="female">♀</specimenCount>
Type Mos.” (
<collectionCode box="[1315,1401,1739,1765]" pageId="89" pageNumber="90">ZMHB</collectionCode>
), 
<specimenCount pageId="89" pageNumber="90" type="male">2 ♂♂</specimenCount>
“ 
<collectingCountry box="[210,280,1775,1801]" name="China" pageId="89" pageNumber="90">China</collectingCountry>
<collectingRegion box="[285,374,1775,1801]" country="China" name="Yunnan" pageId="89" pageNumber="90">Yunnan</collectingRegion>
” (
<collectionCode box="[398,485,1775,1801]" pageId="89" pageNumber="90">ZMHB</collectionCode>
)
</materialsCitation>
.
</paragraph>
<paragraph blockId="89.[151,1437,1703,2018]" lastBlockId="90.[151,1437,151,2013]" lastPageId="90" lastPageNumber="91" pageId="89" pageNumber="90">
<emphasis bold="true" box="[199,651,1811,1837]" pageId="89" pageNumber="90">
Additional material examined. 
<collectingCountry box="[569,646,1811,1837]" name="China" pageId="89" pageNumber="90">China</collectingCountry>
:
</emphasis>
<specimenCount box="[657,698,1811,1838]" pageId="89" pageNumber="90" type="male">1 ♂</specimenCount>
“Coll. R.I.Sc.N.B. Chine/ Sud 
<collectingRegion box="[1044,1130,1812,1838]" country="China" name="Yunnan" pageId="89" pageNumber="90">Yunnan</collectingRegion>
Tche-Ping-Tcheou/ Coll. P. Guerry Le Moult vendit” (
<collectionCode box="[450,519,1847,1873]" pageId="89" pageNumber="90">ISNB</collectionCode>
), 
<specimenCount box="[539,594,1847,1874]" pageId="89" pageNumber="90" type="generic">1 ex.</specimenCount>
(
<specimenCount box="[611,633,1847,1873]" pageId="89" pageNumber="90" type="male">♂</specimenCount>
) “Yun-nan sen” (
<collectionCode box="[830,914,1847,1873]" country="Germany" httpUri="http://biocol.org/urn:lsid:biocol.org:col:34613" lsid="urn:lsid:biocol.org:col:34613" name="Zoologisches Forschungsmuseum Alexander Koenig" pageId="89" pageNumber="90" type="Museum">ZFMK</collectionCode>
), 
<specimenCount box="[933,976,1847,1874]" pageId="89" pageNumber="90" type="male">1 ♂</specimenCount>
“China West 
<collectingRegion box="[1133,1223,1847,1873]" country="China" name="Sichuan" pageId="89" pageNumber="90">Sichuan</collectingRegion>
Moximian Luding Co. 13.-18.7.94 Benes” (
<collectionCode box="[431,515,1883,1909]" country="Germany" httpUri="http://biocol.org/urn:lsid:biocol.org:col:34613" lsid="urn:lsid:biocol.org:col:34613" name="Zoologisches Forschungsmuseum Alexander Koenig" pageId="89" pageNumber="90" type="Museum">ZFMK</collectionCode>
), 
<specimenCount box="[534,590,1883,1910]" pageId="89" pageNumber="90" type="generic">6 ex.</specimenCount>
“China 
<collectingRegion box="[683,769,1884,1910]" country="China" name="Yunnan" pageId="89" pageNumber="90">Yunnan</collectingRegion>
<quantity box="[776,919,1883,1909]" metricMagnitude="3" metricUnit="m" metricValue="2.5" metricValueMax="3.0" metricValueMin="2.0" pageId="89" pageNumber="90" unit="m" value="2500.0" valueMax="3000.0" valueMin="2000.0">2000-3000m</quantity>
<geoCoordinate box="[927,1010,1883,1909]" degrees="27.20" direction="north" orientation="latitude" pageId="89" pageNumber="90" precision="555" value="27.2">27.20N</geoCoordinate>
<geoCoordinate box="[1018,1110,1883,1909]" degrees="100.11" direction="east" orientation="longitude" pageId="89" pageNumber="90" precision="555" value="100.11">100.11E</geoCoordinate>
Habashan mts. SE slope 10- 13/7. Vit Kuban leg. 92” (
<collectionCode box="[440,524,1919,1945]" country="Germany" httpUri="http://biocol.org/urn:lsid:biocol.org:col:34613" lsid="urn:lsid:biocol.org:col:34613" name="Zoologisches Forschungsmuseum Alexander Koenig" pageId="89" pageNumber="90" type="Museum">ZFMK</collectionCode>
), 
<specimenCount box="[543,585,1919,1946]" pageId="89" pageNumber="90" type="male">1 ♂</specimenCount>
“ 
<collectingRegion box="[602,693,1919,1945]" country="China" name="Yunnan" pageId="89" pageNumber="90">Yunnan</collectingRegion>
, 24-26 May Yulong Mts. 1993 
<geoCoordinate box="[1042,1126,1919,1945]" degrees="27.01" direction="north" orientation="latitude" pageId="89" pageNumber="90" precision="555" value="27.01">27.01N</geoCoordinate>
<geoCoordinate box="[1132,1226,1919,1945]" degrees="100.12" direction="east" orientation="longitude" pageId="89" pageNumber="90" precision="555" value="100.12">100.12E</geoCoordinate>
Bolm lgt. 
<quantity box="[1346,1427,1919,1945]" metricMagnitude="3" metricUnit="m" metricValue="3.2" pageId="89" pageNumber="90" unit="m" value="3200.0">3200m</quantity>
” (
<collectionCode box="[160,199,1955,1981]" pageId="89" pageNumber="90">CP</collectionCode>
), 
<specimenCount box="[218,260,1955,1982]" pageId="89" pageNumber="90" type="male">1 ♂</specimenCount>
“ 
<collectingRegion box="[277,368,1955,1981]" country="China" name="Yunnan" pageId="89" pageNumber="90">Yunnan</collectingRegion>
, 23.-24. Jun Yulong Mts. 1993 
<geoCoordinate box="[719,803,1955,1981]" degrees="27.00" direction="north" orientation="latitude" pageId="89" pageNumber="90" precision="555" value="27.0">27.00N</geoCoordinate>
<geoCoordinate box="[810,904,1955,1981]" degrees="100.12" direction="east" orientation="longitude" pageId="89" pageNumber="90" precision="555" value="100.12">100.12E</geoCoordinate>
Bolm lgt. 3200M” (
<collectionCode box="[1133,1172,1955,1981]" pageId="89" pageNumber="90">CP</collectionCode>
), 
<specimenCount box="[1191,1235,1955,1982]" pageId="89" pageNumber="90" type="male">1 ♂</specimenCount>
, 
<specimenCount box="[1247,1289,1955,1982]" pageId="89" pageNumber="90" type="female">1 ♀</specimenCount>
“China Yunnan Lijiang 
<quantity box="[286,364,1991,2017]" metricMagnitude="3" metricUnit="m" metricValue="2.1" pageId="89" pageNumber="90" unit="m" value="2100.0">2100m</quantity>
<date box="[371,543,1991,2018]" pageId="89" pageNumber="90" value="1995-06-13" valueMax="1995-06-27" valueMin="1995-06-13">13.-27.VI.1995</date>
leg. Pekarovic” (
<collectionCode box="[737,776,1991,2017]" pageId="89" pageNumber="90">CP</collectionCode>
), 
<specimenCount box="[795,858,1991,2018]" pageId="89" pageNumber="90" type="male">2 ♂♂</specimenCount>
“China, 
<collectingRegion box="[957,1043,1992,2018]" country="China" name="Yunnan" pageId="89" pageNumber="90">Yunnan</collectingRegion>
Lijiang 
<date box="[1137,1288,1991,2017]" pageId="89" pageNumber="90" value="1994-06-08" valueMax="1994-06-24" valueMin="1994-06-08">8-24.VI.1994</date>
leg. B. Siska &amp; T. Spevar” (
<collectionCode box="[319,358,151,177]" pageId="90" pageNumber="91">CP</collectionCode>
), 
<specimenCount box="[379,446,151,177]" pageId="90" pageNumber="91" type="male">3 ♂♂</specimenCount>
, 
<specimenCount box="[459,524,151,177]" pageId="90" pageNumber="91" type="female">3 ♀♀</specimenCount>
“China 
<date box="[620,713,151,177]" pageId="90" pageNumber="91" value="1990-06">VI.1990</date>
Lijiang leg. Bocak” (
<collectionCode box="[961,1000,151,177]" pageId="90" pageNumber="91">CP</collectionCode>
), 
<specimenCount box="[1022,1065,151,177]" pageId="90" pageNumber="91" type="male">1 ♂</specimenCount>
“China N. 
<collectingRegion box="[1197,1283,151,177]" country="China" name="Yunnan" pageId="90" pageNumber="91">Yunnan</collectingRegion>
Lijiang 
<quantity metricMagnitude="3" metricUnit="m" metricValue="2.6" pageId="90" pageNumber="91" unit="m" value="2600.0">2600 m</quantity>
30.6.- 
<date box="[242,345,187,213]" pageId="90" pageNumber="91" value="1990-07-02">2.7.1990</date>
L. &amp; M. Bocák” (
<collectionCode box="[556,640,187,213]" country="Germany" httpUri="http://biocol.org/urn:lsid:biocol.org:col:34613" lsid="urn:lsid:biocol.org:col:34613" name="Zoologisches Forschungsmuseum Alexander Koenig" pageId="90" pageNumber="91" type="Museum">ZFMK</collectionCode>
), 
<specimenCount box="[660,704,187,213]" pageId="90" pageNumber="91" type="male">1 ♂</specimenCount>
“China 
<date box="[799,892,187,213]" pageId="90" pageNumber="91" value="1990-06">VI.1990</date>
Lijiang leg. Bocák/ CS 38” (
<collectionCode box="[1227,1266,187,213]" pageId="90" pageNumber="91">CP</collectionCode>
), 
<specimenCount box="[1286,1330,187,213]" pageId="90" pageNumber="91" type="male">1 ♂</specimenCount>
“[China] 
<collectingRegion box="[151,237,223,249]" country="China" name="Yunnan" pageId="90" pageNumber="91">Yunnan</collectingRegion>
<quantity box="[246,389,223,249]" metricMagnitude="3" metricUnit="m" metricValue="2.5" metricValueMax="3.0" metricValueMin="2.0" pageId="90" pageNumber="91" unit="m" value="2500.0" valueMax="3000.0" valueMin="2000.0">2000-3000m</quantity>
<geoCoordinate box="[399,482,223,249]" degrees="27.20" direction="north" orientation="latitude" pageId="90" pageNumber="91" precision="555" value="27.2">27.20N</geoCoordinate>
<geoCoordinate box="[492,584,223,249]" degrees="100.11" direction="east" orientation="longitude" pageId="90" pageNumber="91" precision="555" value="100.11">100.11E</geoCoordinate>
Habashan mts. SE slope 10-13/7. Vit Kuban leg. 92” (
<collectionCode box="[1223,1262,223,249]" pageId="90" pageNumber="91">CP</collectionCode>
), 
<specimenCount box="[1284,1329,223,249]" pageId="90" pageNumber="91" type="male">1 ♂</specimenCount>
“ 
<collectingRegion box="[1348,1437,223,249]" country="China" name="Yunnan" pageId="90" pageNumber="91">Yunnan</collectingRegion>
<quantity box="[151,295,258,285]" metricMagnitude="3" metricUnit="m" metricValue="2.35" metricValueMax="3.2" metricValueMin="1.5" pageId="90" pageNumber="91" unit="m" value="2350.0" valueMax="3200.0" valueMin="1500.0">1500-3200m</quantity>
<geoCoordinate box="[302,385,259,285]" degrees="26.07" direction="north" orientation="latitude" pageId="90" pageNumber="91" precision="555" value="26.07">26.07N</geoCoordinate>
<geoCoordinate box="[393,486,259,285]" degrees="103.14" direction="east" orientation="longitude" pageId="90" pageNumber="91" precision="555" value="103.14">103.14E</geoCoordinate>
Dongchuan 28/6-3/7 Vit Kuban leg. 1994” (
<collectionCode box="[990,1029,259,285]" pageId="90" pageNumber="91">CP</collectionCode>
), 
<specimenCount box="[1049,1091,259,285]" pageId="90" pageNumber="91" type="male">1 ♂</specimenCount>
“China; 
<collectingRegion box="[1192,1281,259,285]" country="China" name="Yunnan" pageId="90" pageNumber="91">Yunnan</collectingRegion>
, 1.-19.7. Heishui 1992 
<geoCoordinate box="[271,354,295,321]" degrees="27.13" direction="north" orientation="latitude" pageId="90" pageNumber="91" precision="555" value="27.13">27.13N</geoCoordinate>
<geoCoordinate box="[363,457,295,321]" degrees="100.19" direction="east" orientation="longitude" pageId="90" pageNumber="91" precision="555" value="100.19">100.19E</geoCoordinate>
E. Jendek leg.” (
<collectionCode box="[656,695,295,321]" pageId="90" pageNumber="91">CP</collectionCode>
), 
<specimenCount box="[716,762,295,321]" pageId="90" pageNumber="91" type="male">1 ♂</specimenCount>
, 
<specimenCount box="[776,820,295,321]" pageId="90" pageNumber="91" type="female">1 ♀</specimenCount>
“China: 
<collectingRegion box="[923,1078,295,321]" country="China" name="Yunnan" pageId="90" pageNumber="91">Yunnan prov.</collectingRegion>
; Daju- 
<quantity box="[1155,1218,294,321]" metricMagnitude="4" metricUnit="m" metricValue="5.0" pageId="90" pageNumber="91" unit="km" value="50.0">50km</quantity>
N Lijiang; 
<geoCoordinate box="[1353,1437,295,321]" degrees="27.21" direction="north" orientation="latitude" pageId="90" pageNumber="91" precision="555" value="27.21">27.21N</geoCoordinate>
<geoCoordinate box="[151,249,331,357]" degrees="100.19" direction="east" orientation="longitude" pageId="90" pageNumber="91" precision="555" value="100.19">100.19E</geoCoordinate>
; S. Becvar leg.; 
<date box="[447,613,331,357]" pageId="90" pageNumber="91" value="1993-06-21" valueMax="1993-06-27" valueMin="1993-06-21">21.-27.vi.1993</date>
” (
<collectionCode box="[643,682,331,357]" pageId="90" pageNumber="91">CP</collectionCode>
), 
<specimenCount box="[705,751,331,357]" pageId="90" pageNumber="91" type="male">1 ♂</specimenCount>
“China, 
<collectingRegion box="[858,944,331,357]" country="China" name="Yunnan" pageId="90" pageNumber="91">Yunnan</collectingRegion>
Lijiang 
<date box="[1046,1211,330,357]" pageId="90" pageNumber="91" value="1994-06-25" valueMax="1994-06-27" valueMin="1994-06-25">25-27.VI.1994</date>
leg. B. Siska &amp; T. Spevar” (
<collectionCode box="[256,295,367,393]" pageId="90" pageNumber="91">CP</collectionCode>
), 
<specimenCount box="[315,377,367,393]" pageId="90" pageNumber="91" type="male">2 ♂♂</specimenCount>
“China, 
<collectingRegion box="[476,626,367,393]" country="China" name="Yunnan" pageId="90" pageNumber="91">Yunnan prov.</collectingRegion>
Daju- 
<quantity box="[696,759,366,393]" metricMagnitude="4" metricUnit="m" metricValue="5.0" pageId="90" pageNumber="91" unit="km" value="50.0">50km</quantity>
N of Lijiang 
<geoCoordinate box="[910,997,367,393]" degrees="27,21" direction="north" orientation="latitude" pageId="90" pageNumber="91" precision="555" value="27.21">27,21N</geoCoordinate>
; 
<geoCoordinate box="[1008,1102,367,393]" degrees="100,19" direction="east" orientation="longitude" pageId="90" pageNumber="91" precision="555" value="100.19">100,19E</geoCoordinate>
21.- 
<date box="[1146,1265,367,393]" pageId="90" pageNumber="91" value="1993-06-27">27.6.1993</date>
lgt. S. Becvar” (
<collectionCode box="[160,199,403,429]" pageId="90" pageNumber="91">CP</collectionCode>
), 
<specimenCount box="[220,285,403,429]" pageId="90" pageNumber="91" type="male">2 ♂♂</specimenCount>
“China, 
<collectingRegion box="[388,474,403,429]" country="China" name="Yunnan" pageId="90" pageNumber="91">Yunnan</collectingRegion>
Dali 
<date box="[540,677,403,429]" pageId="90" pageNumber="91" value="1994-06-01" valueMax="1994-06-07" valueMin="1994-06-01">1-7.VI.1994</date>
leg. B. Siska &amp; T. Spevar” (
<collectionCode box="[1009,1048,403,429]" pageId="90" pageNumber="91">CP</collectionCode>
), 
<specimenCount box="[1069,1134,403,429]" pageId="90" pageNumber="91" type="male">4 ♂♂</specimenCount>
“China 
<collectingRegion box="[1230,1319,403,429]" country="China" name="Yunnan" pageId="90" pageNumber="91">Yunnan</collectingRegion>
, 6-10.VII. Ninglang env. 
<geoCoordinate box="[312,395,439,465]" degrees="27.19" direction="north" orientation="latitude" pageId="90" pageNumber="91" precision="555" value="27.19">27.19N</geoCoordinate>
<geoCoordinate box="[401,495,438,465]" degrees="100.55" direction="east" orientation="longitude" pageId="90" pageNumber="91" precision="555" value="100.55">100.55E</geoCoordinate>
lgt. S. Becvar 1992” (
<collectionCode box="[739,778,439,465]" pageId="90" pageNumber="91">CP</collectionCode>
), 
<specimenCount box="[796,836,439,465]" pageId="90" pageNumber="91" type="male">1 ♂</specimenCount>
“Yunnan-North 
<quantity box="[1020,1084,439,465]" metricMagnitude="4" metricUnit="m" metricValue="3.0" pageId="90" pageNumber="91" unit="km" value="30.0">30km</quantity>
E Lijiang, N26°50[‘]-E100°24’ 
<quantity box="[151,232,474,501]" metricMagnitude="3" metricUnit="m" metricValue="2.5" pageId="90" pageNumber="91" unit="m" value="2500.0">2500m</quantity>
, 
<date box="[243,341,475,501]" pageId="90" pageNumber="91" value="2006-06-04">4.6.2006</date>
V. Major leg.” (
<collectionCode box="[525,564,475,501]" pageId="90" pageNumber="91">CP</collectionCode>
), 
<specimenCount box="[584,649,475,501]" pageId="90" pageNumber="91" type="male">7 ♂♂</specimenCount>
, 
<specimenCount box="[662,704,475,501]" pageId="90" pageNumber="91" type="female">1 ♀</specimenCount>
“China, NW 
<collectingRegion box="[858,1011,475,501]" country="China" name="Yunnan" pageId="90" pageNumber="91">Yunnan prov.</collectingRegion>
, Baishuitai, (San Ba terasses) 
<quantity box="[1351,1432,475,501]" metricMagnitude="3" metricUnit="m" metricValue="2.6" pageId="90" pageNumber="91" unit="m" value="2600.0">2600m</quantity>
, 
<date box="[151,290,511,537]" pageId="90" pageNumber="91" value="2006-06-04" valueMax="2006-06-06" valueMin="2006-06-04">4.-6.vi.2006</date>
, S. Murzin &amp; I, Shokhin leg.” (
<collectionCode box="[637,676,511,537]" pageId="90" pageNumber="91">CP</collectionCode>
), 
<specimenCount box="[694,738,511,537]" pageId="90" pageNumber="91" type="male">1 ♂</specimenCount>
, 
<specimenCount box="[749,790,511,537]" pageId="90" pageNumber="91" type="female">1 ♀</specimenCount>
“China-W. Sechuan Jinliang (Tcho-nin) 15- 
<date box="[1276,1393,510,537]" pageId="90" pageNumber="91" value="2002-06-20">20.6.2002</date>
lgt. E. Kucera” (
<collectionCode box="[292,331,547,573]" pageId="90" pageNumber="91">CP</collectionCode>
), 
<specimenCount box="[352,394,547,573]" pageId="90" pageNumber="91" type="female">1 ♀</specimenCount>
“China-W 
<collectingRegion box="[523,609,547,573]" country="China" name="Yunnan" pageId="90" pageNumber="91">Yunnan</collectingRegion>
Sabe 28.6.- 
<date box="[740,842,547,573]" pageId="90" pageNumber="91" value="2002-07-01">1.7.2002</date>
lgt. E. Kucera” (
<collectionCode box="[1035,1074,547,573]" pageId="90" pageNumber="91">CP</collectionCode>
), 
<specimenCount box="[1094,1137,547,573]" pageId="90" pageNumber="91" type="female">1 ♀</specimenCount>
“Ch-S 
<collectingRegion box="[1222,1315,547,573]" country="China" name="Sichuan" pageId="90" pageNumber="91">Sichuan</collectingRegion>
, 26-27.VI. road Xichang-Yanyuan, 1998 pass 
<quantity box="[543,607,582,609]" metricMagnitude="4" metricUnit="m" metricValue="1.5" pageId="90" pageNumber="91" unit="km" value="15.0">15km</quantity>
SW Pingchuan 
<geoCoordinate box="[788,874,583,609]" degrees="27.33" direction="north" orientation="latitude" pageId="90" pageNumber="91" precision="555" value="27.33">27.33N</geoCoordinate>
, 
<geoCoordinate box="[885,983,583,609]" degrees="101.49" direction="east" orientation="longitude" pageId="90" pageNumber="91" precision="555" value="101.49">101.49E</geoCoordinate>
, cca 
<quantity box="[1038,1116,583,609]" metricMagnitude="3" metricUnit="m" metricValue="3.2" pageId="90" pageNumber="91" unit="m" value="3200.0">3200m</quantity>
Jaroslav Turna leg.” (
<collectionCode box="[1364,1403,583,609]" pageId="90" pageNumber="91">CP</collectionCode>
), 
<specimenCount pageId="90" pageNumber="91" type="male">2 ♂♂</specimenCount>
, 
<specimenCount box="[207,248,619,645]" pageId="90" pageNumber="91" type="female">1 ♀</specimenCount>
“ 
<collectingRegion box="[264,355,619,645]" country="China" name="Yunnan" pageId="90" pageNumber="91">Yunnan</collectingRegion>
, 
<quantity box="[366,509,619,645]" metricMagnitude="3" metricUnit="m" metricValue="2.5" metricValueMax="3.0" metricValueMin="2.0" pageId="90" pageNumber="91" unit="m" value="2500.0" valueMax="3000.0" valueMin="2000.0">2000-3000m</quantity>
<geoCoordinate box="[515,612,619,645]" degrees="27" direction="north" minutes="20" orientation="latitude" pageId="90" pageNumber="91" precision="925" value="27.333334">27°20’N</geoCoordinate>
<geoCoordinate box="[618,727,619,645]" degrees="100" direction="east" minutes="11" orientation="longitude" pageId="90" pageNumber="91" precision="925" value="100.183334">100°11’E</geoCoordinate>
, Habashan Mts., SE slope, 10- 
<date box="[1064,1180,619,645]" pageId="90" pageNumber="91" value="1992-07-13">13.7.1992</date>
D. Kral lgt.” (
<collectionCode box="[1339,1424,619,645]" country="Czech Republic" httpUri="http://grbio.org/cool/hj12-2xm7" name="National Museum Prague" pageId="90" pageNumber="91">NMPC</collectionCode>
), 
<specimenCount box="[151,218,655,681]" pageId="90" pageNumber="91" type="male">4 ♂♂</specimenCount>
“China-W Sechuan Jintiang (Tcho-nin) 15- 
<date box="[720,837,654,681]" pageId="90" pageNumber="91" value="2002-06-20">20.6.2002</date>
lgt. E. Kucera” (
<collectionCode box="[1041,1125,655,681]" country="Germany" httpUri="http://biocol.org/urn:lsid:biocol.org:col:34613" lsid="urn:lsid:biocol.org:col:34613" name="Zoologisches Forschungsmuseum Alexander Koenig" pageId="90" pageNumber="91" type="Museum">ZFMK</collectionCode>
), 
<specimenCount box="[1147,1193,655,681]" pageId="90" pageNumber="91" type="female">1 ♀</specimenCount>
“China—W. 
<collectingRegion box="[1351,1437,655,681]" country="China" name="Yunnan" pageId="90" pageNumber="91">Yunnan</collectingRegion>
Baishuitai 9- 
<date box="[294,409,691,717]" pageId="90" pageNumber="91" value="2002-10-07">10.7.2002</date>
lgt. E. Kucera” (
<collectionCode box="[607,691,691,717]" country="Germany" httpUri="http://biocol.org/urn:lsid:biocol.org:col:34613" lsid="urn:lsid:biocol.org:col:34613" name="Zoologisches Forschungsmuseum Alexander Koenig" pageId="90" pageNumber="91" type="Museum">ZFMK</collectionCode>
), 
<specimenCount box="[711,755,691,717]" pageId="90" pageNumber="91" type="male">1 ♂</specimenCount>
“Luguhu Lake, Ninglang County, 
<collectingRegion box="[1153,1242,691,717]" country="China" name="Yunnan" pageId="90" pageNumber="91">Yunnan</collectingRegion>
, 
<date box="[1255,1432,690,717]" pageId="90" pageNumber="91" value="2004-07-13" valueMax="2004-07-15" valueMin="2004-07-13">13-15.VII.2004</date>
, leg. Yuan Caixia, Li Jing” (
<collectionCode box="[459,549,727,753]" country="China" httpUri="http://grbio.org/cool/6ww3-041h" name="College of Life Sciences Hebei Univesity, Baoding" pageId="90" pageNumber="91">HBUM</collectionCode>
), 
<specimenCount box="[568,610,727,753]" pageId="90" pageNumber="91" type="male">1 ♂</specimenCount>
“Menghai, Xishuangbanna, 
<collectingRegion box="[932,1021,727,753]" country="China" name="Yunnan" pageId="90" pageNumber="91">Yunnan</collectingRegion>
, 
<date box="[1032,1159,727,753]" pageId="90" pageNumber="91" value="1982-04-17">17.IV.1982</date>
, leg. Wang Sumei, Zhou Jingruo” (
<collectionCode box="[265,372,763,789]" pageId="90" pageNumber="91">MNAFU</collectionCode>
), 
<specimenCount box="[394,439,763,789]" pageId="90" pageNumber="91" type="male">1 ♂</specimenCount>
“Wengshui, Zhongdian, 
<collectingRegion box="[727,816,763,789]" country="China" name="Yunnan" pageId="90" pageNumber="91">Yunnan</collectingRegion>
, 
<date box="[829,969,763,789]" pageId="90" pageNumber="91" value="1982-07-10">10.VII.1982</date>
, 
<quantity box="[983,1064,763,789]" metricMagnitude="3" metricUnit="m" metricValue="3.0" pageId="90" pageNumber="91" unit="m" value="3000.0">3000m</quantity>
, leg. Wang Shuyong” (
<collectionCode box="[1333,1400,763,789]" country="0" httpUri="http://grbio.org/cool/043p-ts4f" name="Institut Zoologii Akademii Nauk Ukraini - Institute of Zoology of the Academy of Sciences of Ukraine" pageId="90" pageNumber="91">IZAS</collectionCode>
), 
<specimenCount pageId="90" pageNumber="91" type="male">1 ♂</specimenCount>
“Chuxiong, 
<collectingRegion box="[323,412,799,825]" country="China" name="Yunnan" pageId="90" pageNumber="91">Yunnan</collectingRegion>
, 
<date box="[427,530,799,825]" pageId="90" pageNumber="91" value="1982-05-07">7.V.1982</date>
, 
<quantity box="[545,626,799,825]" metricMagnitude="3" metricUnit="m" metricValue="2.4" pageId="90" pageNumber="91" unit="m" value="2400.0">2400m</quantity>
, leg. Liao Subai” (
<collectionCode box="[851,918,799,825]" country="0" httpUri="http://grbio.org/cool/043p-ts4f" name="Institut Zoologii Akademii Nauk Ukraini - Institute of Zoology of the Academy of Sciences of Ukraine" pageId="90" pageNumber="91">IZAS</collectionCode>
), 
<specimenCount box="[942,988,799,825]" pageId="90" pageNumber="91" type="male">1 ♂</specimenCount>
“Moxi, Luding, 
<collectingRegion box="[1189,1282,799,825]" country="China" name="Sichuan" pageId="90" pageNumber="91">Sichuan</collectingRegion>
, 
<date box="[1297,1432,799,825]" pageId="90" pageNumber="91" value="2004-08-06">6.VIII.2004</date>
, 
<quantity box="[151,231,835,861]" metricMagnitude="3" metricUnit="m" metricValue="1.6" pageId="90" pageNumber="91" unit="m" value="1600.0">1600m</quantity>
, leg. Bai Ming, Xue Huaijun” (
<collectionCode box="[585,652,835,861]" country="0" httpUri="http://grbio.org/cool/043p-ts4f" name="Institut Zoologii Akademii Nauk Ukraini - Institute of Zoology of the Academy of Sciences of Ukraine" pageId="90" pageNumber="91">IZAS</collectionCode>
), 
<specimenCount box="[672,717,835,861]" pageId="90" pageNumber="91" type="male">1 ♂</specimenCount>
, 
<specimenCount box="[729,772,835,861]" pageId="90" pageNumber="91" type="female">1 ♀</specimenCount>
“Wengshui, Zhongdian, 
<collectingRegion box="[1052,1141,835,861]" country="China" name="Yunnan" pageId="90" pageNumber="91">Yunnan</collectingRegion>
, 
<date box="[1152,1291,835,861]" pageId="90" pageNumber="91" value="1982-07-10">10.VII.1982</date>
, 
<quantity box="[1303,1384,835,861]" metricMagnitude="3" metricUnit="m" metricValue="3.0" pageId="90" pageNumber="91" unit="m" value="3000.0">3000m</quantity>
, leg. Zhang Xuezhong” (
<collectionCode box="[372,439,871,897]" country="0" httpUri="http://grbio.org/cool/043p-ts4f" name="Institut Zoologii Akademii Nauk Ukraini - Institute of Zoology of the Academy of Sciences of Ukraine" pageId="90" pageNumber="91">IZAS</collectionCode>
), 
<specimenCount box="[459,501,871,897]" pageId="90" pageNumber="91" type="male">1 ♂</specimenCount>
“Dongjiafen, Jingdong, 
<collectingRegion box="[776,865,871,897]" country="China" name="Yunnan" pageId="90" pageNumber="91">Yunnan</collectingRegion>
, 
<date box="[875,993,870,897]" pageId="90" pageNumber="91" value="1956-05-21">21.V.1956</date>
, leg. Kryschanowski” (
<collectionCode box="[1254,1321,871,897]" country="0" httpUri="http://grbio.org/cool/043p-ts4f" name="Institut Zoologii Akademii Nauk Ukraini - Institute of Zoology of the Academy of Sciences of Ukraine" pageId="90" pageNumber="91">IZAS</collectionCode>
), 
<specimenCount box="[1341,1383,871,897]" pageId="90" pageNumber="91" type="male">1 ♂</specimenCount>
“Lijiang (
<collectingRegion box="[223,315,907,933]" country="China" name="Yunnan" pageId="90" pageNumber="91">Yunnan</collectingRegion>
), 1989, No.304” (
<collectionCode box="[516,583,907,933]" country="0" httpUri="http://grbio.org/cool/043p-ts4f" name="Institut Zoologii Akademii Nauk Ukraini - Institute of Zoology of the Academy of Sciences of Ukraine" pageId="90" pageNumber="91">IZAS</collectionCode>
), 
<specimenCount box="[604,646,907,933]" pageId="90" pageNumber="91" type="male">1 ♂</specimenCount>
“Derong, 
<collectingRegion box="[765,858,907,933]" country="China" name="Sichuan" pageId="90" pageNumber="91">Sichuan</collectingRegion>
, 
<date box="[870,1056,907,933]" pageId="90" pageNumber="91" value="2008-08-13" valueMax="2008-08-14" valueMin="2008-08-13">13-14.VIII.2008</date>
, 2309m, leg. Gao Zhenhua, Zhou Yong” (
<collectionCode box="[239,329,943,969]" country="China" httpUri="http://grbio.org/cool/6ww3-041h" name="College of Life Sciences Hebei Univesity, Baoding" pageId="90" pageNumber="91">HBUM</collectionCode>
), 
<specimenCount box="[349,392,943,969]" pageId="90" pageNumber="91" type="male">1 ♂</specimenCount>
“China: 
<collectingRegion box="[495,690,943,969]" country="China" name="Yunnan" pageId="90" pageNumber="91">Yunnan province</collectingRegion>
, 
<quantity box="[702,773,942,969]" metricMagnitude="3" metricUnit="m" metricValue="2.5" pageId="90" pageNumber="91" unit="km" value="2.5">2.5km</quantity>
SW of Haba, 
<date box="[936,1066,943,969]" pageId="90" pageNumber="91" value="2007-06-19">19.VI.2007</date>
, Haba Xueshan Mts., 
<geoCoordinate box="[1319,1436,943,969]" degrees="27" direction="north" minutes="22.4" orientation="latitude" pageId="90" pageNumber="91" precision="92" value="27.373333">27°22.4’N</geoCoordinate>
<geoCoordinate box="[151,282,979,1005]" degrees="100" direction="east" minutes="06.7" orientation="longitude" pageId="90" pageNumber="91" precision="92" value="100.111664">100°06.7’E</geoCoordinate>
, 
<quantity box="[294,375,979,1005]" metricMagnitude="3" metricUnit="m" metricValue="3.1" pageId="90" pageNumber="91" unit="m" value="3100.0">3100m</quantity>
, J. Hajek &amp; J. Ruzicka leg. [Ch37]/X-DA1636” (
<collectionCode box="[931,1015,979,1005]" country="Germany" httpUri="http://biocol.org/urn:lsid:biocol.org:col:34613" lsid="urn:lsid:biocol.org:col:34613" name="Zoologisches Forschungsmuseum Alexander Koenig" pageId="90" pageNumber="91" type="Museum">ZFMK</collectionCode>
), 
<specimenCount box="[1034,1103,979,1005]" pageId="90" pageNumber="91" type="generic">14 ex.</specimenCount>
“China: 
<collectingRegion box="[1205,1364,979,1005]" country="China" name="Sichuan" pageId="90" pageNumber="91">Sichuan Prov.</collectingRegion>
, Moxi env. Hailuogou valley, Gonghe vill., 
<quantity box="[562,643,1014,1041]" metricMagnitude="3" metricUnit="m" metricValue="1.7149999999999999" pageId="90" pageNumber="91" unit="m" value="1715.0">1715m</quantity>
, 
<geoCoordinate box="[654,795,1015,1041]" degrees="29" direction="north" minutes="37" orientation="latitude" pageId="90" pageNumber="91" precision="15" seconds="27" value="29.624166">29°37‘27‘‘N</geoCoordinate>
<geoCoordinate box="[802,957,1015,1041]" degrees="102" direction="east" minutes="06" orientation="longitude" pageId="90" pageNumber="91" precision="15" seconds="28" value="102.10777">102°06‘28‘‘E</geoCoordinate>
, / 
<date box="[983,1155,1015,1041]" pageId="90" pageNumber="91" value="2014-06-17" valueMax="2014-06-21" valueMin="2014-06-17">17.-21.VI.2014</date>
at light, in front of hotel, ruderals close to margin of mixed forest, J. Hajek, J. Ruzicka &amp; M. Thoc leg.” (
<collectionCode box="[1075,1161,1051,1077]" country="Czech Republic" httpUri="http://grbio.org/cool/hj12-2xm7" name="National Museum Prague" pageId="90" pageNumber="91">NMPC</collectionCode>
). 
<emphasis bold="true" box="[1181,1248,1051,1077]" pageId="90" pageNumber="91">
<collectingCountry box="[1181,1243,1051,1077]" name="Laos" pageId="90" pageNumber="91">Laos</collectingCountry>
:
</emphasis>
<specimenCount box="[1257,1314,1051,1077]" pageId="90" pageNumber="91" type="generic">1 ex.</specimenCount>
“Laos-NE 
<collectingRegion box="[151,330,1087,1113]" country="Laos" name="Houaphan" pageId="90" pageNumber="91">Hua Phan prov.</collectingRegion>
, 
<geoCoordinate box="[342,440,1087,1113]" degrees="20" direction="north" minutes="12" orientation="latitude" pageId="90" pageNumber="91" precision="925" value="20.2">20°12’N</geoCoordinate>
, 
<geoCoordinate box="[453,563,1087,1113]" degrees="104" direction="east" minutes="01" orientation="longitude" pageId="90" pageNumber="91" precision="925" value="104.01667">
<geoCoordinate box="[453,538,1087,1113]" pageId="90" pageNumber="91">104°01</geoCoordinate>
’E
</geoCoordinate>
, Phu Phan Mt., 
<quantity box="[746,892,1086,1113]" metricMagnitude="3" metricUnit="m" metricValue="1.7" metricValueMax="1.9" metricValueMin="1.5" pageId="90" pageNumber="91" unit="m" value="1700.0" valueMax="1900.0" valueMin="1500.0">1500-1900m</quantity>
, 17.5.- 
<date box="[965,1071,1086,1113]" pageId="90" pageNumber="91" value="2007-06-03">3.6.2007</date>
, leg. Vit Kuban” (
<collectionCode box="[1277,1361,1087,1113]" country="Germany" httpUri="http://biocol.org/urn:lsid:biocol.org:col:34613" lsid="urn:lsid:biocol.org:col:34613" name="Zoologisches Forschungsmuseum Alexander Koenig" pageId="90" pageNumber="91" type="Museum">ZFMK</collectionCode>
), 
<specimenCount box="[1381,1436,1087,1113]" pageId="90" pageNumber="91" type="generic">2 ex.</specimenCount>
“NE-Laos: 
<collectingRegion box="[281,460,1123,1149]" country="Laos" name="Houaphan" pageId="90" pageNumber="91">Hua Phan prov.</collectingRegion>
, Ban Saleui, Phou Pan (Mt.) - 
<geoCoordinate box="[802,903,1123,1149]" degrees="20" direction="north" minutes="12" orientation="latitude" pageId="90" pageNumber="91" precision="925" value="20.2">20°12’N</geoCoordinate>
, 
<geoCoordinate box="[915,1026,1123,1149]" degrees="104" direction="east" minutes="01" orientation="longitude" pageId="90" pageNumber="91" precision="925" value="104.01667">
<geoCoordinate box="[915,1002,1123,1149]" pageId="90" pageNumber="91">104°01</geoCoordinate>
’E
</geoCoordinate>
; 
<date box="[1039,1223,1122,1149]" pageId="90" pageNumber="91" value="2012-04-11" valueMax="2012-05-15" valueMin="2012-04-11">11.iv.-15.v.2012</date>
; 
<quantity box="[1236,1382,1123,1149]" metricMagnitude="3" metricUnit="m" metricValue="1.6" metricValueMax="1.9" metricValueMin="1.3" pageId="90" pageNumber="91" unit="m" value="1600.0" valueMax="1900.0" valueMin="1300.0">1300-1900m</quantity>
; leg. C. Holzschuh Ankauf ZFMK Bonn 2012” (
<collectionCode box="[640,724,1159,1185]" country="Germany" httpUri="http://biocol.org/urn:lsid:biocol.org:col:34613" lsid="urn:lsid:biocol.org:col:34613" name="Zoologisches Forschungsmuseum Alexander Koenig" pageId="90" pageNumber="91" type="Museum">ZFMK</collectionCode>
), 
<specimenCount box="[744,799,1159,1185]" pageId="90" pageNumber="91" type="generic">2 ex.</specimenCount>
“NE-Laos: 
<collectingRegion box="[936,1114,1159,1185]" country="Laos" name="Houaphan" pageId="90" pageNumber="91">Hua Phan prov.</collectingRegion>
, Ban Saleui, Phou Pan (Mt.) - 
<geoCoordinate box="[160,260,1195,1221]" degrees="20" direction="north" minutes="12" orientation="latitude" pageId="90" pageNumber="91" precision="925" value="20.2">20°12’N</geoCoordinate>
, 
<geoCoordinate box="[273,384,1195,1221]" degrees="104" direction="east" minutes="01" orientation="longitude" pageId="90" pageNumber="91" precision="925" value="104.01667">
<geoCoordinate box="[273,360,1195,1221]" pageId="90" pageNumber="91">104°01</geoCoordinate>
’E
</geoCoordinate>
; 
<date box="[398,582,1194,1221]" pageId="90" pageNumber="91" value="2012-04-14" valueMax="2012-05-15" valueMin="2012-04-14">14.iv.-15.v.2012</date>
; 
<quantity box="[597,743,1195,1221]" metricMagnitude="3" metricUnit="m" metricValue="1.6" metricValueMax="1.9" metricValueMin="1.3" pageId="90" pageNumber="91" unit="m" value="1600.0" valueMax="1900.0" valueMin="1300.0">1300-1900m</quantity>
; leg. C. Holzschuh Ankauf ZFMK Bonn 2012/13” (
<collectionCode box="[1341,1425,1195,1221]" country="Germany" httpUri="http://biocol.org/urn:lsid:biocol.org:col:34613" lsid="urn:lsid:biocol.org:col:34613" name="Zoologisches Forschungsmuseum Alexander Koenig" pageId="90" pageNumber="91" type="Museum">ZFMK</collectionCode>
), 
<specimenCount box="[151,194,1231,1257]" pageId="90" pageNumber="91" type="male">1 ♂</specimenCount>
“X-DA5064 Laos 
<collectingRegion box="[411,591,1231,1257]" country="Laos" name="Houaphan" pageId="90" pageNumber="91">Hua Phan prov.</collectingRegion>
; Ban Saleui, Phou Pan (Mt.) 
<geoCoordinate box="[923,1022,1231,1257]" degrees="20" direction="north" minutes="12" orientation="latitude" pageId="90" pageNumber="91" precision="925" value="20.2">20°12’N</geoCoordinate>
, 
<geoCoordinate box="[1035,1119,1231,1257]" pageId="90" pageNumber="91">104°01</geoCoordinate>
’ 
<date box="[1131,1294,1230,1257]" pageId="90" pageNumber="91" value="2014-04-15" valueMax="2014-04-30" valueMin="2014-04-15">15.-30.iv.2014</date>
leg. C. Holzschuh—ZFMK Ankauf 2014 
<taxonomicName authorityName="Mulsant &amp; Rey" authorityYear="1871" box="[505,611,1267,1293]" class="Insecta" family="Melolonthidae" genus="Maladera" kingdom="Animalia" order="Coleoptera" pageId="90" pageNumber="91" phylum="Arthropoda" rank="genus">Maladera</taxonomicName>
spLaos_Phupane24” (
<collectionCode box="[871,955,1267,1293]" country="Germany" httpUri="http://biocol.org/urn:lsid:biocol.org:col:34613" lsid="urn:lsid:biocol.org:col:34613" name="Zoologisches Forschungsmuseum Alexander Koenig" pageId="90" pageNumber="91" type="Museum">ZFMK</collectionCode>
), 
<specimenCount box="[977,1023,1267,1293]" pageId="90" pageNumber="91" type="male">1 ♂</specimenCount>
“X-DA4730 Laos 
<collectingRegion box="[1248,1432,1267,1293]" country="Laos" name="Houaphan" pageId="90" pageNumber="91">Hua Phan prov.</collectingRegion>
; Ban Saleui, Phou Pan (Mt.) 
<geoCoordinate box="[475,574,1303,1329]" degrees="20" direction="north" minutes="12" orientation="latitude" pageId="90" pageNumber="91" precision="925" value="20.2">20°12’N</geoCoordinate>
, 
<geoCoordinate box="[588,671,1303,1329]" pageId="90" pageNumber="91">104°01</geoCoordinate>
’ 
<date box="[685,847,1302,1329]" pageId="90" pageNumber="91" value="2014-04-15" valueMax="2014-04-30" valueMin="2014-04-15">15.-30.iv.2014</date>
leg. C. Holzschuh—ZFMK Ankauf 2014 
<taxonomicName authorityName=": Ahrens" authorityYear="2006" class="Insecta" family="Melolonthidae" genus="Maladera" kingdom="Animalia" order="Coleoptera" pageId="90" pageNumber="91" phylum="Arthropoda" rank="species" species="obscurata">Maladera obscurata</taxonomicName>
cf” (
<collectionCode box="[316,400,1339,1365]" country="Germany" httpUri="http://biocol.org/urn:lsid:biocol.org:col:34613" lsid="urn:lsid:biocol.org:col:34613" name="Zoologisches Forschungsmuseum Alexander Koenig" pageId="90" pageNumber="91" type="Museum">ZFMK</collectionCode>
), 
<specimenCount box="[419,461,1339,1365]" pageId="90" pageNumber="91" type="male">1 ♂</specimenCount>
“X-DA4839 Laos 
<collectingRegion box="[677,855,1339,1365]" country="Laos" name="Houaphan" pageId="90" pageNumber="91">Hua Phan prov.</collectingRegion>
; Ban Saleui, Phou Pan (Mt.) 
<geoCoordinate box="[1185,1283,1339,1365]" degrees="20" direction="north" minutes="12" orientation="latitude" pageId="90" pageNumber="91" precision="925" value="20.2">20°12’N</geoCoordinate>
, 
<geoCoordinate box="[1296,1380,1339,1365]" pageId="90" pageNumber="91">104°01</geoCoordinate>
’ 
<date pageId="90" pageNumber="91" value="2014-04-15" valueMax="2014-04-30" valueMin="2014-04-15">15.- 30.iv.2014</date>
leg. C. Holzschuh—ZFMK Ankauf 2014 
<taxonomicName authorityName="Mulsant &amp; Rey" authorityYear="1871" box="[734,840,1375,1401]" class="Insecta" family="Melolonthidae" genus="Maladera" kingdom="Animalia" order="Coleoptera" pageId="90" pageNumber="91" phylum="Arthropoda" rank="genus">Maladera</taxonomicName>
spLaos_Phupane24” (
<collectionCode box="[1090,1174,1375,1401]" country="Germany" httpUri="http://biocol.org/urn:lsid:biocol.org:col:34613" lsid="urn:lsid:biocol.org:col:34613" name="Zoologisches Forschungsmuseum Alexander Koenig" pageId="90" pageNumber="91" type="Museum">ZFMK</collectionCode>
), 
<specimenCount box="[1191,1232,1375,1401]" pageId="90" pageNumber="91" type="male">1 ♂</specimenCount>
“X-DA4837 Laos 
<collectingRegion box="[151,330,1411,1437]" country="Laos" name="Houaphan" pageId="90" pageNumber="91">Hua Phan prov.</collectingRegion>
; Ban Saleui, Phou Pan (Mt.) 
<geoCoordinate box="[660,759,1411,1437]" degrees="20" direction="north" minutes="12" orientation="latitude" pageId="90" pageNumber="91" precision="925" value="20.2">20°12’N</geoCoordinate>
, 
<geoCoordinate box="[772,856,1411,1437]" pageId="90" pageNumber="91">104°01</geoCoordinate>
’ 
<date box="[868,1030,1410,1437]" pageId="90" pageNumber="91" value="2014-04-15" valueMax="2014-04-30" valueMin="2014-04-15">15.-30.iv.2014</date>
leg. C. Holzschuh—ZFMK Ankauf 2014 
<taxonomicName authorityName="Mulsant &amp; Rey" authorityYear="1871" box="[215,321,1447,1473]" class="Insecta" family="Melolonthidae" genus="Maladera" kingdom="Animalia" order="Coleoptera" pageId="90" pageNumber="91" phylum="Arthropoda" rank="genus">Maladera</taxonomicName>
spLaos_Phupane24” (
<collectionCode box="[574,658,1447,1473]" country="Germany" httpUri="http://biocol.org/urn:lsid:biocol.org:col:34613" lsid="urn:lsid:biocol.org:col:34613" name="Zoologisches Forschungsmuseum Alexander Koenig" pageId="90" pageNumber="91" type="Museum">ZFMK</collectionCode>
), 
<specimenCount box="[677,720,1447,1473]" pageId="90" pageNumber="91" type="male">1 ♂</specimenCount>
“X-DA4838 Laos 
<collectingRegion box="[936,1114,1447,1473]" country="Laos" name="Houaphan" pageId="90" pageNumber="91">Hua Phan prov.</collectingRegion>
; Ban Saleui, Phou Pan (Mt.) 
<geoCoordinate box="[151,250,1483,1509]" degrees="20" direction="north" minutes="12" orientation="latitude" pageId="90" pageNumber="91" precision="925" value="20.2">20°12’N</geoCoordinate>
, 
<geoCoordinate box="[261,345,1483,1509]" pageId="90" pageNumber="91">104°01</geoCoordinate>
’ 
<date box="[355,518,1482,1509]" pageId="90" pageNumber="91" value="2014-04-15" valueMax="2014-04-30" valueMin="2014-04-15">15.-30.iv.2014</date>
leg. C. Holzschuh—ZFMK Ankauf 2014 
<taxonomicName authorityName="Mulsant &amp; Rey" authorityYear="1871" box="[985,1091,1483,1509]" class="Insecta" family="Melolonthidae" genus="Maladera" kingdom="Animalia" order="Coleoptera" pageId="90" pageNumber="91" phylum="Arthropoda" rank="genus">Maladera</taxonomicName>
spLaos_Phupane24” (
<collectionCode box="[1341,1425,1483,1509]" country="Germany" httpUri="http://biocol.org/urn:lsid:biocol.org:col:34613" lsid="urn:lsid:biocol.org:col:34613" name="Zoologisches Forschungsmuseum Alexander Koenig" pageId="90" pageNumber="91" type="Museum">ZFMK</collectionCode>
), 
<specimenCount box="[151,194,1519,1545]" pageId="90" pageNumber="91" type="male">1 ♂</specimenCount>
“X-DA4979 Laos 
<collectingRegion box="[411,591,1519,1545]" country="Laos" name="Houaphan" pageId="90" pageNumber="91">Hua Phan prov.</collectingRegion>
; Ban Saleui, Phou Pan (Mt.) 
<geoCoordinate box="[923,1022,1519,1545]" degrees="20" direction="north" minutes="12" orientation="latitude" pageId="90" pageNumber="91" precision="925" value="20.2">20°12’N</geoCoordinate>
, 
<geoCoordinate box="[1035,1119,1519,1545]" pageId="90" pageNumber="91">104°01</geoCoordinate>
’ 
<date box="[1131,1294,1518,1545]" pageId="90" pageNumber="91" value="2014-04-15" valueMax="2014-04-30" valueMin="2014-04-15">15.-30.iv.2014</date>
leg. C. Holzschuh—ZFMK Ankauf 2014 
<taxonomicName authorityName="Mulsant &amp; Rey" authorityYear="1871" box="[506,612,1555,1581]" class="Insecta" family="Melolonthidae" genus="Maladera" kingdom="Animalia" order="Coleoptera" pageId="90" pageNumber="91" phylum="Arthropoda" rank="genus">Maladera</taxonomicName>
spLaos_Phupane24” (
<collectionCode box="[871,955,1555,1581]" country="Germany" httpUri="http://biocol.org/urn:lsid:biocol.org:col:34613" lsid="urn:lsid:biocol.org:col:34613" name="Zoologisches Forschungsmuseum Alexander Koenig" pageId="90" pageNumber="91" type="Museum">ZFMK</collectionCode>
). 
<emphasis bold="true" box="[978,1096,1554,1580]" pageId="90" pageNumber="91">
<collectingCountry box="[978,1091,1554,1580]" name="Thailand" pageId="90" pageNumber="91">Thailand</collectingCountry>
:
</emphasis>
<specimenCount box="[1107,1152,1555,1581]" pageId="90" pageNumber="91" type="male">1 ♂</specimenCount>
“Thailand, 
<quantity box="[1293,1436,1555,1581]" metricMagnitude="3" metricUnit="m" metricValue="1.3" metricValueMax="1.6" metricValueMin="1.0" pageId="90" pageNumber="91" unit="m" value="1300.0" valueMax="1600.0" valueMin="1000.0">1000-1600m</quantity>
<collectingRegion box="[151,348,1591,1617]" country="Thailand" name="Chiang Mai" pageId="90" pageNumber="91">Chiang Mai prov.</collectingRegion>
20Km NW of Fang, 
<date box="[585,712,1590,1617]" pageId="90" pageNumber="91" value="1996-05-02" valueMax="1996-05-05" valueMin="1996-05-02">2.-5.v.1996</date>
lgt. S. &amp; E. Becvar” (
<collectionCode box="[959,998,1591,1617]" pageId="90" pageNumber="91">CP</collectionCode>
).
</paragraph>
<paragraph blockId="90.[151,1437,151,2013]" pageId="90" pageNumber="91">
Specimens without basal lobe: 
<materialsCitation collectingDate="1998-06-14" collectingDateMax="1998-06-22" collectingDateMin="1998-06-14" collectionCode="ZFMK" collectorName="S. Murzin" country="China" elevation="3650" location="Yulongshan Mt." pageId="90" pageNumber="91" specimenCount="1" specimenCount-male="1" stateProvince="Yunnan">
<specimenCount box="[566,612,1627,1653]" pageId="90" pageNumber="91" type="male">1 ♂</specimenCount>
“ 
<collectingCountry box="[634,707,1627,1653]" name="China" pageId="90" pageNumber="91">China</collectingCountry>
: 
<collectingRegion box="[722,808,1627,1653]" country="China" name="Yunnan" pageId="90" pageNumber="91">Yunnan</collectingRegion>
NW, 
<quantity box="[881,1024,1627,1653]" metricMagnitude="3" metricUnit="m" metricValue="3.65" metricValueMax="3.7" metricValueMin="3.6" pageId="90" pageNumber="91" unit="m" value="3650.0" valueMax="3700.0" valueMin="3600.0">
<elevation box="[881,1024,1627,1653]" metricMagnitude="3" metricUnit="m" metricValue="3.65" metricValueMax="3.7" metricValueMin="3.6" pageId="90" pageNumber="91" unit="m" value="3650.0" valueMax="3700.0" valueMin="3600.0">3600-3700m</elevation>
</quantity>
<location LSID="urn:lsid:plazi:treatment:03BD87E66B38FF9EAF89FDB3FD1E3B61:8ECB602B6B3BFF9FAB15FE31FB1D3B39" box="[1035,1219,1627,1653]" country="China" name="Yulongshan Mt." pageId="90" pageNumber="91" stateProvince="Yunnan">Yulongshan Mt.</location>
<date box="[1230,1402,1627,1653]" pageId="90" pageNumber="91" value="1998-06-14" valueMax="1998-06-22" valueMin="1998-06-14">
<collectingDate box="[1230,1402,1627,1653]" pageId="90" pageNumber="91" value="1998-06-14" valueMax="1998-06-22" valueMin="1998-06-14">14.-22.VI.1998</collectingDate>
</date>
<collectorName pageId="90" pageNumber="91">S. Murzin</collectorName>
leg.” (
<collectionCode box="[315,399,1663,1689]" country="Germany" httpUri="http://biocol.org/urn:lsid:biocol.org:col:34613" lsid="urn:lsid:biocol.org:col:34613" name="Zoologisches Forschungsmuseum Alexander Koenig" pageId="90" pageNumber="91" type="Museum">ZFMK</collectionCode>
)
</materialsCitation>
, 
<materialsCitation collectingDate="1998-06-10" collectingDateMax="1998-06-12" collectingDateMin="1998-06-10" collectionCode="ZFMK" collectorName="S. Murzin" country="China" elevation="2550" location="Tiger Leaping Gorge" pageId="90" pageNumber="91" specimenCount="1" specimenCount-male="1" stateProvince="Yunnan">
<specimenCount box="[420,465,1663,1689]" pageId="90" pageNumber="91" type="male">1 ♂</specimenCount>
“ 
<collectingCountry box="[485,558,1663,1689]" name="China" pageId="90" pageNumber="91">China</collectingCountry>
: 
<collectingRegion box="[571,660,1663,1689]" country="China" name="Yunnan" pageId="90" pageNumber="91">Yunnan</collectingRegion>
, 
<location LSID="urn:lsid:plazi:treatment:03BD87E66B38FF9EAF89FDB3FD1E3B61:8ECB602B6B3BFF9FADBFFE15FC4F3BD5" box="[673,913,1663,1689]" country="China" name="Tiger Leaping Gorge" pageId="90" pageNumber="91" stateProvince="Yunnan">Tiger Leaping Gorge</location>
<quantity box="[923,1069,1663,1689]" metricMagnitude="3" metricUnit="m" metricValue="2.55" metricValueMax="3.1" metricValueMin="2.0" pageId="90" pageNumber="91" unit="m" value="2550.0" valueMax="3100.0" valueMin="2000.0">
<elevation box="[923,1069,1663,1689]" metricMagnitude="3" metricUnit="m" metricValue="2.55" metricValueMax="3.1" metricValueMin="2.0" pageId="90" pageNumber="91" unit="m" value="2550.0" valueMax="3100.0" valueMin="2000.0">2000-3100m</elevation>
</quantity>
, 
<date box="[1083,1248,1663,1689]" pageId="90" pageNumber="91" value="1998-06-10" valueMax="1998-06-12" valueMin="1998-06-10">
<collectingDate box="[1083,1248,1663,1689]" pageId="90" pageNumber="91" value="1998-06-10" valueMax="1998-06-12" valueMin="1998-06-10">10-12.VI.1998</collectingDate>
</date>
leg. 
<collectorName box="[1309,1426,1663,1689]" pageId="90" pageNumber="91">S. Murzin</collectorName>
” (
<collectionCode box="[159,243,1699,1725]" country="Germany" httpUri="http://biocol.org/urn:lsid:biocol.org:col:34613" lsid="urn:lsid:biocol.org:col:34613" name="Zoologisches Forschungsmuseum Alexander Koenig" pageId="90" pageNumber="91" type="Museum">ZFMK</collectionCode>
)
</materialsCitation>
, 
<materialsCitation box="[262,1023,1698,1725]" collectingDate="2000-07-15" collectionCode="ZFMK" country="China" elevation="2000" location="Baoshan" pageId="90" pageNumber="91" specimenCount="1" specimenCount-male="1" stateProvince="Yunnan">
<specimenCount box="[262,304,1699,1725]" pageId="90" pageNumber="91" type="male">1 ♂</specimenCount>
“ 
<collectingCountry box="[322,395,1699,1725]" name="China" pageId="90" pageNumber="91">China</collectingCountry>
: 
<collectingRegion box="[405,494,1699,1725]" country="China" name="Yunnan" pageId="90" pageNumber="91">Yunnan</collectingRegion>
, 
<location LSID="urn:lsid:plazi:treatment:03BD87E66B38FF9EAF89FDB3FD1E3B61:8ECB602B6B3BFF9FAEE7FEC9FD873BF1" box="[505,601,1699,1725]" country="China" name="Baoshan" pageId="90" pageNumber="91" stateProvince="Yunnan">Baoshan</location>
env. h= 
<quantity box="[690,769,1699,1725]" metricMagnitude="3" metricUnit="m" metricValue="2.0" pageId="90" pageNumber="91" unit="m" value="2000.0">
<elevation box="[690,769,1699,1725]" metricMagnitude="3" metricUnit="m" metricValue="2.0" pageId="90" pageNumber="91" unit="m" value="2000.0">2000m</elevation>
</quantity>
<date box="[776,906,1698,1725]" pageId="90" pageNumber="91" value="2000-07-15">
<collectingDate box="[776,906,1698,1725]" pageId="90" pageNumber="91" value="2000-07-15">15.vii.2000</collectingDate>
</date>
” (
<collectionCode box="[931,1015,1699,1725]" country="Germany" httpUri="http://biocol.org/urn:lsid:biocol.org:col:34613" lsid="urn:lsid:biocol.org:col:34613" name="Zoologisches Forschungsmuseum Alexander Koenig" pageId="90" pageNumber="91" type="Museum">ZFMK</collectionCode>
)
</materialsCitation>
, 
<materialsCitation collectingDate="1996-06-27" collectingDateMax="1996-06-28" collectingDateMin="1996-06-27" collectionCode="ZFMK" country="China" location="Lijiang" pageId="90" pageNumber="91" specimenCount="1" specimenCount-female="1" stateProvince="Yunnan">
<specimenCount box="[1034,1076,1699,1725]" pageId="90" pageNumber="91" type="female">1 ♀</specimenCount>
“ 
<collectingCountry box="[1094,1166,1699,1725]" name="China" pageId="90" pageNumber="91">China</collectingCountry>
, N. 
<collectingRegion box="[1211,1297,1699,1725]" country="China" name="Yunnan" pageId="90" pageNumber="91">Yunnan</collectingRegion>
<location LSID="urn:lsid:plazi:treatment:03BD87E66B38FF9EAF89FDB3FD1E3B61:8ECB602B6B3BFF9FAA06FEC9FAB73BF1" box="[1304,1385,1699,1725]" country="China" name="Lijiang" pageId="90" pageNumber="91" stateProvince="Yunnan">Lijiang</location>
<date pageId="90" pageNumber="91" value="1996-06-27" valueMax="1996-06-28" valueMin="1996-06-27">
<collectingDate pageId="90" pageNumber="91" value="1996-06-27" valueMax="1996-06-28" valueMin="1996-06-27">27.- 28.vi.1996</collectingDate>
</date>
local collector” (
<collectionCode box="[465,549,1735,1761]" country="Germany" httpUri="http://biocol.org/urn:lsid:biocol.org:col:34613" lsid="urn:lsid:biocol.org:col:34613" name="Zoologisches Forschungsmuseum Alexander Koenig" pageId="90" pageNumber="91" type="Museum">ZFMK</collectionCode>
)
</materialsCitation>
.
</paragraph>
</subSubSection>
<subSubSection lastPageId="91" lastPageNumber="92" pageId="90" pageNumber="91" type="description">
<paragraph blockId="90.[151,1437,151,2013]" pageId="90" pageNumber="91">
<emphasis bold="true" box="[199,373,1770,1796]" pageId="90" pageNumber="91">Redescription.</emphasis>
Length: 
<quantity box="[476,565,1771,1797]" metricMagnitude="-3" metricUnit="m" metricValue="6.6" pageId="90" pageNumber="91" unit="mm" value="6.6">6.6 mm</quantity>
, length of elytra: 
<quantity box="[768,857,1771,1797]" metricMagnitude="-3" metricUnit="m" metricValue="4.2" pageId="90" pageNumber="91" unit="mm" value="4.2">4.2 mm</quantity>
, width: 
<quantity box="[949,1040,1771,1797]" metricMagnitude="-3" metricUnit="m" metricValue="3.8" pageId="90" pageNumber="91" unit="mm" value="3.8">3.8 mm</quantity>
. Body oval, black, antenna yellow, club brown, dorsal surface dull and weak iridescent shine, except some single setae on head dorsal surface nearly glabrous.
</paragraph>
<paragraph blockId="90.[151,1437,151,2013]" lastBlockId="91.[151,1437,151,1582]" lastPageId="91" lastPageNumber="92" pageId="90" pageNumber="91">
Labroclypeus moderately wide and trapezoidal, shiny, widest at base, lateral margins weakly convex and strongly convergent anteriorly, anterior angles blunt and slightly reflexed, anterior margin moderately emarginate, margins moderately reflexed; lateral margin and ocular canthus produce a blunt angle; surface flat, finely and densely punctate, with numerous erect setae anteriorly; frontoclypeal suture indistinctly incised, curved; smooth area anterior to eye flat, as wide as long; ocular canthus long and moderately wide (nearly 1/2 of ocular diameter), finely and sparsely punctate, with a terminal seta. Frons dull, with fine, dense punctures and a few single erect setae beside eyes. Eyes small, ratio diameter/ interocular width: 0.4. Antenna with ten antennomeres; club with three antennomeres and weakly reflexed, as long as remaining antennomeres combined. 
<collectingRegion box="[1097,1192,259,285]" country="Myanmar" name="Chin" pageId="91" pageNumber="92">Mentum</collectingRegion>
elevated and slightly flattened anteriorly.
</paragraph>
<paragraph blockId="91.[151,1437,151,1582]" pageId="91" pageNumber="92">Pronotum moderately transverse, widest at base, lateral margins in basal half nearly straight and subparallel, in anterior half evenly convex and moderately convergent anteriorly, anterior angles moderately produced and rightangled, posterior angles blunt, weakly rounded at tip; anterior margin weakly convex, with fine and complete marginal line, base without marginal line; surface finely and densely punctate, with minute setae in punctures, otherwise glabrous; lateral and anterior margin finely setose; hypomeron carinate, not produced ventrally. Scutellum wide, triangular, dull, with fine, sparse punctures.</paragraph>
<paragraph blockId="91.[151,1437,151,1582]" pageId="91" pageNumber="92">Elytra widest shortly behind middle, striae distinctly impressed, finely and sparsely punctate, intervals weakly convex, with fine and sparse punctures concentrated along striae, with minute setae in punctures, odd intervals with a few single short setae; epipleural margin robust, ending at strongly curved external apical angle of elytra, epipleura densely setose; apical border of elytra not membraneous, without visible rim of microtrichomes (at ca 100x magnification).</paragraph>
<paragraph blockId="91.[151,1437,151,1582]" pageId="91" pageNumber="92">Ventral surface dull, coarsely and moderately densely punctate, metasternum sparsely covered with sparse fine setae; metacoxa with a few longer setae laterally, otherwise glabrous. Abdominal sternites finely and irregularly densely punctate, glabrous, each sternite with a transverse row of coarse punctures each bearing a robust long seta. Mesosternum between mesocoxae as wide as mesofemur. Ratio of length of metepisternum/metacoxa: 1/1.6. Pygidium moderately convex and dull, coarsely and densely punctate, without smooth midline, with short setae throughout and a few longer setae on apical half.</paragraph>
<paragraph blockId="91.[151,1437,151,1582]" pageId="91" pageNumber="92">Legs moderately wide and short, weakly shiny; femora with two longitudinal rows of setae, finely and sparsely punctate. Metafemur dull, with anterior margin acute, with continuous serrated line behind anterior margin, setae of anterior row very short; posterior margin smooth and moderately widened at apex ventrally, not serrate dorsally, with just a few short setae basally. Metatibia short, widest at apex, ratio of width/length: 1/3.3, sharply carinate dorsally, with two groups of spines, basal group shortly before middle, apical group at three quarters of metatibial length, with a few short robust setae basally and a short serrated line beside dorsal margin in basal quarter; lateral face weakly longitudinally convex, sparsely punctate on base and ventral portion, with minute setae in punctures; ventral margin finely serrate, with four robust setae of which the apical one is more distant; medial face smooth and glabrous; apex finely serrate, moderately truncate interiorly near tarsal articulation. Tarsomeres dorsally smooth and glabrous, neither laterally nor dorsally carinate, sparsely setose ventrally; metatarsomeres with a strongly serrated ridge ventrally and a smooth subventral longitudinal carina; first metatarsomere slightly shorter than following two tarsomeres combined and slightly longer than dorsal tibial spur. Protibia short, bidentate; anterior claws symmetrical, basal tooth of both claws bluntly truncate at apex.</paragraph>
<paragraph blockId="91.[151,1437,151,1582]" box="[199,679,1411,1437]" pageId="91" pageNumber="92">
Aedeagus: 
<figureCitation box="[324,403,1411,1437]" captionStart="FIGURE 19" captionStartId="93.[151,250,1823,1847]" captionTargetBox="[236,1365,192,1786]" captionTargetId="figure-20@93.[220,1368,181,1798]" captionTargetPageId="93" captionText="FIGURE 19. A–D: Maladera obscurata (Moser, 1915) (China: Yunnan: Haba Xueshan Mts.); E–H: M. paraobscurata Ahrens, Fabrizi &amp; Liu, sp. n. (holotype); I–L: M. piceola (Moser, 1915) (China: Yunnan). A, E, I: aedeagus, left side lateral view; C, G, K: aedeagus, right side lateral view; B, F, J: parameres, dorsal view; D, H, L: habitus. Scale: 0.5 mm. Habitus not to scale." figureDoi="http://doi.org/10.5281/zenodo.4496354" httpUri="https://zenodo.org/record/4496354/files/figure.png" pageId="91" pageNumber="92">Fig. 19</figureCitation>
A–C. Habitus: 
<figureCitation box="[573,676,1411,1437]" captionStart="FIGURE 19" captionStartId="93.[151,250,1823,1847]" captionTargetBox="[236,1365,192,1786]" captionTargetId="figure-20@93.[220,1368,181,1798]" captionTargetPageId="93" captionText="FIGURE 19. A–D: Maladera obscurata (Moser, 1915) (China: Yunnan: Haba Xueshan Mts.); E–H: M. paraobscurata Ahrens, Fabrizi &amp; Liu, sp. n. (holotype); I–L: M. piceola (Moser, 1915) (China: Yunnan). A, E, I: aedeagus, left side lateral view; C, G, K: aedeagus, right side lateral view; B, F, J: parameres, dorsal view; D, H, L: habitus. Scale: 0.5 mm. Habitus not to scale." figureDoi="http://doi.org/10.5281/zenodo.4496354" httpUri="https://zenodo.org/record/4496354/files/figure.png" pageId="91" pageNumber="92">Fig. 19D</figureCitation>
.
</paragraph>
</subSubSection>
<subSubSection pageId="91" pageNumber="92" type="discussion">
<paragraph blockId="91.[151,1437,151,1582]" pageId="91" pageNumber="92">
<emphasis bold="true" box="[199,308,1447,1473]" pageId="91" pageNumber="92">Remarks</emphasis>
. The extension of the basal lobes of the parameres exhibit considerable variation within local populations, but the shape of the rest of the paramere remains uniform.. It is very likely that all these forms belong to a single species.
</paragraph>
</subSubSection>
<subSubSection box="[199,704,1554,1582]" pageId="91" pageNumber="92" type="distribution">
<paragraph blockId="91.[151,1437,151,1582]" box="[199,704,1554,1582]" pageId="91" pageNumber="92">
<emphasis bold="true" box="[199,353,1554,1580]" pageId="91" pageNumber="92">Distribution.</emphasis>
See map (
<figureCitation box="[470,552,1555,1582]" captionStart="FIGURE 96" captionStartId="349.[151,250,1968,1992]" captionTargetBox="[208,1378,1122,1938]" captionTargetId="figure-59@349.[202,1386,1116,1945]" captionTargetPageId="349" captionText="FIGURE 96. Distribution of the Maladera teizoana group: Maladera longruiensis sp. n., M. obscurata (Moser, 1915), M. parobscurata sp. n., M. saitoi (Niijima &amp; Kinoshita, 1927), M. shengqiaoae sp. n.." figureDoi="http://doi.org/10.5281/zenodo.4496574" httpUri="https://zenodo.org/record/4496574/files/figure.png" pageId="91" pageNumber="92">Fig. 96</figureCitation>
) and 
<tableCitation box="[614,698,1555,1581]" captionStart="TABLE 1" captionStartId="368.[151,239,544,570]" captionText="TABLE 1. Overview on the distribuition of the Chinese mainland species of Maladera Mulsant &amp; Rey, 1871 (x – records from material examined herein, o – records from literature, with no material of this study)." pageId="91" pageNumber="92">Table 1</tableCitation>
.
</paragraph>
</subSubSection>
</treatment>
</document>