<document ID-DOI="http://doi.org/10.5281/zenodo.4537544" ID-GBIF-Dataset="188411de-569c-4408-a016-1a04b858c142" ID-ISSN="1175-5326" ID-Zenodo-Dep="4537544" ID-ZooBank="D7F9C6A3-9C28-4F4C-8E81-BF24849FDD8C" _generate="added" approvalRequired="33" approvalRequired_for_illustrations="17" approvalRequired_for_treatments="16" checkinTime="1612331093960" checkinUser="plazi" docAuthor="Fabrizi, Silvia, Liu, Wan-Gang, Bai, Ming, Yang, Xing-Ke &amp; Ahrens, Dirk" docDate="2021" docId="03BD87E66BDAFF7EAF89F999FD103FB3" docLanguage="en" docName="zootaxa.4922.1.1.pdf" docOrigin="Zootaxa 4922 (1)" docStyle="DocumentStyle:5EBBA59367AD13919D70D935FA04F6A3.7:Zootaxa.2013-.monograph" docStyleId="5EBBA59367AD13919D70D935FA04F6A3" docStyleName="Zootaxa.2013-.monograph" docStyleVersion="7" docTitle="Maladera siniaevi Ahrens 2004" docType="treatment" docVersion="6" lastPageNumber="188" masterDocId="FF84FF9E6B61FFC5AF1EF86AFFDE3D4C" masterDocTitle="A monograph of the genus Maladera Mulsant &amp; Rey, 1871 of China (Coleoptera: Scarabaeidae: Melolonthinae: Sericini)" masterLastPageNumber="400" masterPageNumber="1" pageId="187" pageNumber="188" updateTime="1615983897969" updateUser="diego">
<mods:mods xmlns:mods="http://www.loc.gov/mods/v3">
<mods:titleInfo>
<mods:title>A monograph of the genus Maladera Mulsant &amp; Rey, 1871 of China (Coleoptera: Scarabaeidae: Melolonthinae: Sericini)</mods:title>
</mods:titleInfo>
<mods:name type="personal">
<mods:role>
<mods:roleTerm>Author</mods:roleTerm>
</mods:role>
<mods:namePart>Fabrizi, Silvia</mods:namePart>
<mods:nameIdentifier type="ORCID">0000-0003-3524-7153</mods:nameIdentifier>
<mods:nameIdentifier type="email">ahrens.dirk_col@gmx.de</mods:nameIdentifier>
</mods:name>
<mods:name type="personal">
<mods:role>
<mods:roleTerm>Author</mods:roleTerm>
</mods:role>
<mods:namePart>Liu, Wan-Gang</mods:namePart>
<mods:nameIdentifier type="ORCID">0000-0003-4788-7967</mods:nameIdentifier>
<mods:nameIdentifier type="email">liuwangang@ieecas.cn</mods:nameIdentifier>
</mods:name>
<mods:name type="personal">
<mods:role>
<mods:roleTerm>Author</mods:roleTerm>
</mods:role>
<mods:namePart>Bai, Ming</mods:namePart>
<mods:nameIdentifier type="ORCID">0000-0003-3676-6828</mods:nameIdentifier>
<mods:nameIdentifier type="email">liuwangang@ieecas.cn</mods:nameIdentifier>
</mods:name>
<mods:name type="personal">
<mods:role>
<mods:roleTerm>Author</mods:roleTerm>
</mods:role>
<mods:namePart>Yang, Xing-Ke</mods:namePart>
<mods:nameIdentifier type="ORCID">0000-0003-3676-6828</mods:nameIdentifier>
<mods:nameIdentifier type="email">liuwangang@ieecas.cn</mods:nameIdentifier>
</mods:name>
<mods:name type="personal">
<mods:role>
<mods:roleTerm>Author</mods:roleTerm>
</mods:role>
<mods:namePart>Ahrens, Dirk</mods:namePart>
<mods:nameIdentifier type="ORCID">0000-0003-3524-7153</mods:nameIdentifier>
<mods:nameIdentifier type="email">ahrens.dirk_col@gmx.de</mods:nameIdentifier>
</mods:name>
<mods:typeOfResource>text</mods:typeOfResource>
<mods:relatedItem type="host">
<mods:titleInfo>
<mods:title>Zootaxa</mods:title>
</mods:titleInfo>
<mods:part>
<mods:date>2021</mods:date>
<mods:detail type="pubDate">
<mods:number>2021-02-03</mods:number>
</mods:detail>
<mods:detail type="volume">
<mods:number>4922</mods:number>
</mods:detail>
<mods:detail type="issue">
<mods:number>1</mods:number>
</mods:detail>
<mods:extent unit="page">
<mods:start>1</mods:start>
<mods:end>400</mods:end>
</mods:extent>
</mods:part>
</mods:relatedItem>
<mods:classification>journal article</mods:classification>
<mods:identifier type="DOI">https://doi.org/10.11646/zootaxa.4922.1.1</mods:identifier>
<mods:identifier type="GBIF-Dataset">188411de-569c-4408-a016-1a04b858c142</mods:identifier>
<mods:identifier type="ISSN">1175-5326</mods:identifier>
<mods:identifier type="Zenodo-Dep">4496316</mods:identifier>
<mods:identifier type="ZooBank">D7F9C6A3-9C28-4F4C-8E81-BF24849FDD8C</mods:identifier>
</mods:mods>
<treatment ID-DOI="http://doi.org/10.5281/zenodo.4537544" ID-Zenodo-Dep="4537544" LSID="urn:lsid:plazi:treatment:03BD87E66BDAFF7EAF89F999FD103FB3" httpUri="http://treatment.plazi.org/id/03BD87E66BDAFF7EAF89F999FD103FB3" lastPageNumber="188" pageId="187" pageNumber="188">
<subSubSection box="[151,540,499,526]" pageId="187" pageNumber="188" type="nomenclature">
<paragraph blockId="187.[151,540,499,562]" box="[151,540,499,526]" pageId="187" pageNumber="188">
<heading bold="true" box="[151,540,499,526]" fontSize="11" level="2" pageId="187" pageNumber="188" reason="3">
<taxonomicName authority="Ahrens, 2004" authorityName="Ahrens" authorityYear="2004" box="[151,540,499,526]" class="Insecta" family="Melolonthidae" genus="Maladera" kingdom="Animalia" order="Coleoptera" pageId="187" pageNumber="188" phylum="Arthropoda" rank="species" species="siniaevi">
<emphasis bold="true" box="[151,540,499,526]" pageId="187" pageNumber="188">
<emphasis bold="true" box="[151,369,499,526]" italics="true" pageId="187" pageNumber="188">Maladera siniaevi</emphasis>
Ahrens, 2004
</emphasis>
</taxonomicName>
</heading>
</paragraph>
</subSubSection>
<subSubSection box="[151,378,536,562]" pageId="187" pageNumber="188" type="description">
<paragraph blockId="187.[151,540,499,562]" box="[151,378,536,562]" pageId="187" pageNumber="188">
<figureCitation box="[151,271,536,562]" captionStart="FIGURE 42" captionStartId="186.[151,250,1861,1885]" captionTargetBox="[161,1425,573,1828]" captionTargetId="figure-179@186.[151,1436,561,1838]" captionTargetPageId="186" captionText="FIGURE 42. A–D: Maladera baoxingensis Ahrens, Fabrizi &amp; Liu, sp. n. (holotype); E–H: M. siniaevi Ahrens, 2004 (China: Xizang Beibeng, Motuo). A, E: aedeagus, left side lateral view; C, G: aedeagus, right side lateral view; B, F: parameres, dorsal view; D, H: habitus. Scale: 0.5 mm. Habitus not to scale." figureDoi="http://doi.org/10.5281/zenodo.4496420" httpUri="https://zenodo.org/record/4496420/files/figure.png" pageId="187" pageNumber="188">Figures 42</figureCitation>
E–H, 109
</paragraph>
</subSubSection>
<subSubSection pageId="187" pageNumber="188" type="reference_group">
<paragraph blockId="187.[151,1342,604,659]" box="[151,535,604,629]" pageId="187" pageNumber="188">
<treatmentCitationGroup box="[151,535,604,629]" pageId="187" pageNumber="188">
<treatmentCitation author="Ahrens, D." box="[151,531,604,629]" page="284" pageId="187" pageNumber="188" year="2004">
<taxonomicName authority="Ahrens 2004 b: 284" authorityName="Ahrens" authorityPageNumber="284" authorityYear="2004" box="[151,531,604,629]" class="Insecta" family="Melolonthidae" genus="Maladera" kingdom="Animalia" order="Coleoptera" pageId="187" pageNumber="188" phylum="Arthropoda" rank="species" species="sinaevi">
<emphasis box="[151,329,604,628]" italics="true" pageId="187" pageNumber="188">Maladera sinaevi</emphasis>
<bibRefCitation author="Ahrens, D." box="[334,531,604,629]" pageId="187" pageNumber="188" pagination="31 - 35" refId="ref329765" refString="Ahrens, D. (2004 b) Revisional notes on Sericini: The taxonomic status of the &quot; Neotropical &quot; genus Rhynchosymmela Frey, 1974. Beitrage zur Entomologie, 53, 31 - 35." type="journal article" year="2004">Ahrens 2004b: 284</bibRefCitation>
</taxonomicName>
</treatmentCitation>
.
</treatmentCitationGroup>
</paragraph>
<paragraph blockId="187.[151,1342,604,659]" box="[151,1342,635,659]" pageId="187" pageNumber="188">
<treatmentCitationGroup box="[151,1342,635,659]" pageId="187" pageNumber="188">
<treatmentCitation author="Ahrens, D." box="[151,541,635,659]" page="414" pageId="187" pageNumber="188" year="2006">
<taxonomicName authority=": Ahrens 2006 c: 414" authorityName="Ahrens" authorityPageNumber="414" authorityYear="2006" box="[151,541,635,659]" class="Insecta" family="Melolonthidae" genus="Maladera" kingdom="Animalia" order="Coleoptera" pageId="187" pageNumber="188" phylum="Arthropoda" rank="species" species="siniaevi">
<emphasis box="[151,336,635,659]" italics="true" pageId="187" pageNumber="188">Maladera siniaevi</emphasis>
: 
<bibRefCitation author="Ahrens, D." box="[348,541,635,659]" pageId="187" pageNumber="188" pagination="409 - 418" refId="ref329993" refString="Ahrens, D. (2006 c) Additional data on taxonomy and distribution on Sericini of the Himalayas, with description a further new species of Maladera (Coleoptera, Scarabaeidae). In: Hartmann, M. &amp; Baumbach, H. (Eds.), Biodiversitat und Naturausstattung im Himalaya. Verein der Freunde und Forderer des Naturkundemuseums Erfurt e. V., Erfurt, pp. 409 - 418." type="book chapter" year="2006">Ahrens 2006c: 414</bibRefCitation>
</taxonomicName>
</treatmentCitation>
(name emended); 
<treatmentCitation author="Ahrens, D." box="[729,913,635,659]" page="24" pageId="187" pageNumber="188" year="2007">
<bibRefCitation author="Ahrens, D." box="[729,913,635,659]" pageId="187" pageNumber="188" pagination="1 - 51" refId="ref330155" refString="Ahrens, D. (2007 b) Taxonomic changes and an updated Catalogue of Palearctic Sericini (Coleoptera: Scarabaeidae: Melolonthinae). Zootaxa, 1504 (1), 1 - 51. https: // doi. org / 10.11646 / zootaxa. 1504.1.1" type="journal article" year="2007">Ahrens 2007b: 24</bibRefCitation>
</treatmentCitation>
; 
<treatmentCitation author="Ahrens, D. &amp; Fabrizi, S." box="[922,1223,635,659]" page="275" pageId="187" pageNumber="188" year="2009">
<bibRefCitation author="Ahrens, D. &amp; Fabrizi, S." box="[922,1223,635,659]" pageId="187" pageNumber="188" pagination="249 - 284" refId="ref330407" refString="Ahrens, D. &amp; Fabrizi, S. (2009 b) New species of Sericini from the Eastern Himalaya and Tibet (Coleoptera, Scarabaeidae). In: Hartmann, M. &amp; Weipert, M. (Eds.), Biodiversitat und Naturausstattung im Himalaya III. Verein der Freunde und Forderer des Naturkundemuseums Erfurt e. V., Erfurt, pp. 249 - 284." type="book chapter" year="2009">Ahrens &amp; Fabrizi 2009b: 275</bibRefCitation>
</treatmentCitation>
, 2016: 151.
</treatmentCitationGroup>
</paragraph>
</subSubSection>
<subSubSection pageId="187" pageNumber="188" type="materials_examined">
<paragraph blockId="187.[151,1436,705,768]" box="[151,1436,705,732]" pageId="187" pageNumber="188">
<emphasis bold="true" box="[151,516,705,731]" pageId="187" pageNumber="188">Additional material examined.</emphasis>
<specimenCount box="[523,565,705,732]" pageId="187" pageNumber="188" type="male">1 ♂</specimenCount>
“ 
<collectingMunicipality box="[582,681,705,731]" pageId="187" pageNumber="188">Beibeng</collectingMunicipality>
, 
<location LSID="urn:lsid:plazi:treatment:03BD87E66BDAFF7EAF89F999FD103FB3:8ECB602B6BDAFF7EADAAFAA8FCDC3F90" box="[692,770,706,732]" municipality="Beibeng" name="Motuo" pageId="187" pageNumber="188" stateProvince="Xizang">Motuo</location>
, 
<collectingRegion box="[780,864,705,731]" country="China" name="Xizang" pageId="187" pageNumber="188">Xizang</collectingRegion>
, 
<date box="[875,992,705,731]" pageId="187" pageNumber="188" value="1983-05-29">
<collectingDate box="[875,992,705,731]" pageId="187" pageNumber="188" value="1983-05-29">29.V.1983</collectingDate>
</date>
, 800- 
<quantity box="[1055,1122,705,731]" metricMagnitude="2" metricUnit="m" metricValue="9.0" pageId="187" pageNumber="188" unit="m" value="900.0">
<elevation box="[1055,1122,705,731]" metricMagnitude="2" metricUnit="m" metricValue="9.0" pageId="187" pageNumber="188" unit="m" value="900.0">900m</elevation>
</quantity>
, leg. 
<collectorName box="[1181,1332,705,732]" pageId="187" pageNumber="188">Han Yinheng</collectorName>
” (
<collectionCode box="[1356,1424,705,731]" country="0" httpUri="http://grbio.org/cool/043p-ts4f" name="Institut Zoologii Akademii Nauk Ukraini - Institute of Zoology of the Academy of Sciences of Ukraine" pageId="187" pageNumber="188">IZAS</collectionCode>
).
</paragraph>
<paragraph blockId="187.[151,1436,705,768]" box="[199,718,741,768]" pageId="187" pageNumber="188">
<collectorName box="[199,399,741,767]" pageId="187" pageNumber="188">
<emphasis bold="true" box="[199,353,741,767]" pageId="187" pageNumber="188">Distribution.</emphasis>
See
</collectorName>
map (
<figureCitation box="[470,566,741,767]" captionStart="FIGURE 109" captionStartId="356.[151,250,1044,1068]" captionTargetBox="[203,1383,189,1012]" captionTargetId="figure-19@356.[196,1391,181,1020]" captionTargetPageId="356" captionText="FIGURE 109. Distribution of the Maladera granuligera group: Maladera maguanensis sp. n., M. mupingensis sp. n., M. shiruguanensis sp. n., M. siniaevi Ahrens, 2004." figureDoi="http://doi.org/10.5281/zenodo.4496614" httpUri="https://zenodo.org/record/4496614/files/figure.png" pageId="187" pageNumber="188">Fig. 109</figureCitation>
) and 
<tableCitation box="[628,712,741,767]" captionStart="TABLE 1" captionStartId="368.[151,239,544,570]" captionText="TABLE 1. Overview on the distribuition of the Chinese mainland species of Maladera Mulsant &amp; Rey, 1871 (x – records from material examined herein, o – records from literature, with no material of this study)." pageId="187" pageNumber="188">Table 1</tableCitation>
.
</paragraph>
</subSubSection>
</treatment>
</document>