<document ID-DOI="http://doi.org/10.5281/zenodo.4534509" ID-GBIF-Dataset="188411de-569c-4408-a016-1a04b858c142" ID-ISSN="1175-5326" ID-Zenodo-Dep="4534509" ID-ZooBank="D7F9C6A3-9C28-4F4C-8E81-BF24849FDD8C" _generate="added" approvalRequired="33" approvalRequired_for_illustrations="17" approvalRequired_for_treatments="16" checkinTime="1612331093960" checkinUser="plazi" docAuthor="Fabrizi, Silvia, Liu, Wan-Gang, Bai, Ming, Yang, Xing-Ke &amp; Ahrens, Dirk" docDate="2021" docId="03BD87E66B27FF8DAF89FD84FD1E3F55" docLanguage="en" docName="zootaxa.4922.1.1.pdf" docOrigin="Zootaxa 4922 (1)" docStyle="DocumentStyle:5EBBA59367AD13919D70D935FA04F6A3.7:Zootaxa.2013-.monograph" docStyleId="5EBBA59367AD13919D70D935FA04F6A3" docStyleName="Zootaxa.2013-.monograph" docStyleVersion="7" docTitle="Maladera sontica" docType="treatment" docVersion="7" lastPageId="72" lastPageNumber="73" masterDocId="FF84FF9E6B61FFC5AF1EF86AFFDE3D4C" masterDocTitle="A monograph of the genus Maladera Mulsant &amp; Rey, 1871 of China (Coleoptera: Scarabaeidae: Melolonthinae: Sericini)" masterLastPageNumber="400" masterPageNumber="1" pageId="70" pageNumber="71" updateTime="1615983897969" updateUser="diego">
<mods:mods xmlns:mods="http://www.loc.gov/mods/v3">
<mods:titleInfo>
<mods:title>A monograph of the genus Maladera Mulsant &amp; Rey, 1871 of China (Coleoptera: Scarabaeidae: Melolonthinae: Sericini)</mods:title>
</mods:titleInfo>
<mods:name type="personal">
<mods:role>
<mods:roleTerm>Author</mods:roleTerm>
</mods:role>
<mods:namePart>Fabrizi, Silvia</mods:namePart>
<mods:nameIdentifier type="ORCID">0000-0003-3524-7153</mods:nameIdentifier>
<mods:nameIdentifier type="email">ahrens.dirk_col@gmx.de</mods:nameIdentifier>
</mods:name>
<mods:name type="personal">
<mods:role>
<mods:roleTerm>Author</mods:roleTerm>
</mods:role>
<mods:namePart>Liu, Wan-Gang</mods:namePart>
<mods:nameIdentifier type="ORCID">0000-0003-4788-7967</mods:nameIdentifier>
<mods:nameIdentifier type="email">liuwangang@ieecas.cn</mods:nameIdentifier>
</mods:name>
<mods:name type="personal">
<mods:role>
<mods:roleTerm>Author</mods:roleTerm>
</mods:role>
<mods:namePart>Bai, Ming</mods:namePart>
<mods:nameIdentifier type="ORCID">0000-0003-3676-6828</mods:nameIdentifier>
<mods:nameIdentifier type="email">liuwangang@ieecas.cn</mods:nameIdentifier>
</mods:name>
<mods:name type="personal">
<mods:role>
<mods:roleTerm>Author</mods:roleTerm>
</mods:role>
<mods:namePart>Yang, Xing-Ke</mods:namePart>
<mods:nameIdentifier type="ORCID">0000-0003-3676-6828</mods:nameIdentifier>
<mods:nameIdentifier type="email">liuwangang@ieecas.cn</mods:nameIdentifier>
</mods:name>
<mods:name type="personal">
<mods:role>
<mods:roleTerm>Author</mods:roleTerm>
</mods:role>
<mods:namePart>Ahrens, Dirk</mods:namePart>
<mods:nameIdentifier type="ORCID">0000-0003-3524-7153</mods:nameIdentifier>
<mods:nameIdentifier type="email">ahrens.dirk_col@gmx.de</mods:nameIdentifier>
</mods:name>
<mods:typeOfResource>text</mods:typeOfResource>
<mods:relatedItem type="host">
<mods:titleInfo>
<mods:title>Zootaxa</mods:title>
</mods:titleInfo>
<mods:part>
<mods:date>2021</mods:date>
<mods:detail type="pubDate">
<mods:number>2021-02-03</mods:number>
</mods:detail>
<mods:detail type="volume">
<mods:number>4922</mods:number>
</mods:detail>
<mods:detail type="issue">
<mods:number>1</mods:number>
</mods:detail>
<mods:extent unit="page">
<mods:start>1</mods:start>
<mods:end>400</mods:end>
</mods:extent>
</mods:part>
</mods:relatedItem>
<mods:classification>journal article</mods:classification>
<mods:identifier type="DOI">https://doi.org/10.11646/zootaxa.4922.1.1</mods:identifier>
<mods:identifier type="GBIF-Dataset">188411de-569c-4408-a016-1a04b858c142</mods:identifier>
<mods:identifier type="ISSN">1175-5326</mods:identifier>
<mods:identifier type="Zenodo-Dep">4496316</mods:identifier>
<mods:identifier type="ZooBank">D7F9C6A3-9C28-4F4C-8E81-BF24849FDD8C</mods:identifier>
</mods:mods>
<treatment ID-DOI="http://doi.org/10.5281/zenodo.4534509" ID-Zenodo-Dep="4534509" LSID="urn:lsid:plazi:treatment:03BD87E66B27FF8DAF89FD84FD1E3F55" httpUri="http://treatment.plazi.org/id/03BD87E66B27FF8DAF89FD84FD1E3F55" lastPageId="72" lastPageNumber="73" pageId="70" pageNumber="71">
<subSubSection box="[151,564,1518,1545]" pageId="70" pageNumber="71" type="nomenclature">
<paragraph blockId="70.[151,564,1518,1581]" box="[151,564,1518,1545]" pageId="70" pageNumber="71">
<heading bold="true" box="[151,564,1518,1545]" fontSize="11" level="2" pageId="70" pageNumber="71" reason="4">
<taxonomicName authority="(Brenske, 1898)" baseAuthorityName="Brenske" baseAuthorityYear="1898" box="[151,564,1518,1545]" class="Insecta" family="Melolonthidae" genus="Maladera" kingdom="Animalia" order="Coleoptera" pageId="70" pageNumber="71" phylum="Arthropoda" rank="species" species="sontica">
<emphasis bold="true" box="[151,564,1518,1545]" pageId="70" pageNumber="71">
<emphasis bold="true" box="[151,362,1518,1545]" italics="true" pageId="70" pageNumber="71">Maladera sontica</emphasis>
(
<bibRefCitation author="Brenske, E." box="[379,556,1518,1545]" pageId="70" pageNumber="71" pagination="205 - 403" refId="ref331459" refString="Brenske, E. (1898) Die Serica - Arten der Erde. Berliner Entomologische Zeitschrift, 43, 205 - 403. https: // doi. org / 10.1002 / mmnd. 47918980303" type="journal article" year="1898">Brenske, 1898</bibRefCitation>
)
</emphasis>
</taxonomicName>
</heading>
</paragraph>
</subSubSection>
<subSubSection box="[151,348,1555,1581]" pageId="70" pageNumber="71" type="description">
<paragraph blockId="70.[151,564,1518,1581]" box="[151,348,1555,1581]" pageId="70" pageNumber="71">
<figureCitation box="[151,269,1555,1581]" captionStart="FIGURE 14" captionStartId="69.[151,250,1910,1934]" captionTargetBox="[236,1348,192,1877]" captionTargetId="figure-20@69.[226,1361,181,1886]" captionTargetPageId="69" captionText="FIGURE 14. A–E: Maladera perniciosa (Brenske, 1898) (Vietnam: Lao Cai: Sa Pa); F–J: M. sontica (Brenske, 1898) (Laos: Louangnamtha: Namtha); K–O: M. verticalis (Fairmaire, 1888b) (China: Shaanxi: Houzhenzi). A, F, K: aedeagus, left side lateral view; D, I, N: aedeagus, right side lateral view; B, G, L: aedeagus, dorsal view; C, H, M: left parameres, ventral view; E, J, O: habitus. Scale: 0.5 mm. Habitus not to scale." figureDoi="http://doi.org/10.5281/zenodo.4496344" httpUri="https://zenodo.org/record/4496344/files/figure.png" pageId="70" pageNumber="71">Figures 14</figureCitation>
F-J, 94
</paragraph>
</subSubSection>
<subSubSection pageId="70" pageNumber="71" type="reference_group">
<paragraph blockId="70.[151,552,1623,1678]" box="[151,552,1623,1647]" pageId="70" pageNumber="71">
<treatmentCitationGroup box="[151,552,1623,1647]" pageId="70" pageNumber="71">
<treatmentCitation author="Brenske, E." box="[151,548,1623,1647]" page="336" pageId="70" pageNumber="71" year="1898">
<taxonomicName authority="Brenske, 1898: 336" authorityName="Brenske" authorityPageNumber="336" authorityYear="1898" box="[151,548,1623,1647]" class="Insecta" family="Melolonthidae" genus="Autoserica" kingdom="Animalia" order="Coleoptera" pageId="70" pageNumber="71" phylum="Arthropoda" rank="species" species="sontica">
<emphasis box="[151,340,1623,1647]" italics="true" pageId="70" pageNumber="71">Autoserica sontica</emphasis>
<bibRefCitation author="Brenske, E." box="[347,548,1623,1647]" pageId="70" pageNumber="71" pagination="205 - 403" refId="ref331459" refString="Brenske, E. (1898) Die Serica - Arten der Erde. Berliner Entomologische Zeitschrift, 43, 205 - 403. https: // doi. org / 10.1002 / mmnd. 47918980303" type="journal article" year="1898">Brenske, 1898: 336</bibRefCitation>
</taxonomicName>
</treatmentCitation>
.
</treatmentCitationGroup>
</paragraph>
<paragraph blockId="70.[151,552,1623,1678]" box="[151,542,1654,1678]" pageId="70" pageNumber="71">
<treatmentCitationGroup box="[151,542,1654,1678]" pageId="70" pageNumber="71">
<treatmentCitation author="Ahrens, D." box="[151,538,1654,1678]" page="287" pageId="70" pageNumber="71" year="2004">
<taxonomicName authority=": Ahrens 2004 a: 287" authorityName="Ahrens" authorityPageNumber="287" authorityYear="2004" box="[151,538,1654,1678]" class="Insecta" family="Melolonthidae" genus="Maladera" kingdom="Animalia" order="Coleoptera" pageId="70" pageNumber="71" phylum="Arthropoda" rank="species" species="sontica">
<emphasis box="[151,330,1654,1678]" italics="true" pageId="70" pageNumber="71">Maladera sontica</emphasis>
: 
<bibRefCitation author="Ahrens, D." box="[343,538,1654,1678]" pageId="70" pageNumber="71" refId="ref329734" refString="Ahrens, D. (2004 a) Monographie der Sericini des Himalaya (Coleoptera, Scarabaeidae). Dissertation. de-Verlag im Internet GmbH, Berlin, 534 pp." type="book" year="2004">Ahrens 2004a: 287</bibRefCitation>
</taxonomicName>
</treatmentCitation>
.
</treatmentCitationGroup>
</paragraph>
</subSubSection>
<subSubSection lastPageId="71" lastPageNumber="72" pageId="70" pageNumber="71" type="materials_examined">
<paragraph blockId="70.[151,1436,1724,2039]" pageId="70" pageNumber="71">
<emphasis bold="true" box="[151,445,1724,1750]" pageId="70" pageNumber="71">Type material examined.</emphasis>
<materialsCitation collectionCode="MNHN" collectorName="Coll. Oberth" country="Myanmar" county="Doherty" elevation="2300" location="Hte" municipality="Mines des Rubies" pageId="70" pageNumber="71" specimenCount="3" specimenCount-male="3" typeStatus="syntype">
<typeStatus box="[451,558,1724,1750]" pageId="70" pageNumber="71">Syntypes</typeStatus>
: 
<specimenCount box="[567,629,1724,1751]" pageId="70" pageNumber="71" type="male">3 ♂♂</specimenCount>
“ 
<location LSID="urn:lsid:plazi:treatment:03BD87E66B27FF8DAF89FD84FD1E3F55:8ECB602B6B27FF83AD9BFED6FD6E3B9A" box="[645,688,1724,1750]" country="Myanmar" county="Doherty" municipality="Mines des Rubies" name="Hte" pageId="70" pageNumber="71">Hte</location>
<collectingCountry box="[694,798,1724,1750]" name="Myanmar" pageId="70" pageNumber="71">Birmanie</collectingCountry>
<collectingMunicipality box="[804,1001,1724,1750]" pageId="70" pageNumber="71">Mines des Rubies</collectingMunicipality>
1200 m- 
<quantity box="[1099,1184,1724,1751]" metricMagnitude="3" metricUnit="m" metricValue="2.3" pageId="70" pageNumber="71" unit="m" value="2300.0">
<elevation box="[1099,1184,1724,1751]" metricMagnitude="3" metricUnit="m" metricValue="2.3" pageId="70" pageNumber="71" unit="m" value="2300.0">2300 m</elevation>
</quantity>
<collectingCounty box="[1190,1282,1724,1750]" pageId="70" pageNumber="71">Doherty</collectingCounty>
1890/ sontica type Brsk./ Mus. Paris ex. 
<collectorName box="[448,597,1760,1786]" pageId="70" pageNumber="71">Coll. Oberth</collectorName>
̹r/ Type” (
<collectionCode box="[709,801,1760,1786]" country="France" httpUri="http://biocol.org/urn:lsid:biocol.org:col:34988" lsid="urn:lsid:biocol.org:col:34988" name="Museum National d'Histoire Naturelle" pageId="70" pageNumber="71">MNHN</collectionCode>
)
</materialsCitation>
.
</paragraph>
<paragraph blockId="70.[151,1436,1724,2039]" lastBlockId="71.[151,1437,150,2013]" lastPageId="71" lastPageNumber="72" pageId="70" pageNumber="71">
<emphasis bold="true" box="[199,565,1796,1822]" pageId="70" pageNumber="71">Additional material examined.</emphasis>
<materialsCitation collectionCode="BMNH" collectorName="A. K. W. Downing." country="Myanmar" location="Maymyo" pageId="70" pageNumber="71" specimenCount="1">
<emphasis bold="true" box="[573,697,1796,1822]" pageId="70" pageNumber="71">
<collectingCountry box="[573,692,1796,1822]" name="Myanmar" pageId="70" pageNumber="71">Myanmar</collectingCountry>
.
</emphasis>
<specimenCount box="[704,760,1796,1823]" pageId="70" pageNumber="71" type="generic">1 ex.</specimenCount>
“ 
<location LSID="urn:lsid:plazi:treatment:03BD87E66B27FF8DAF89FD84FD1E3F55:8ECB602B6B27FF83AC17FF6EFCAD3A52" box="[777,883,1796,1822]" country="Myanmar" name="Maymyo" pageId="70" pageNumber="71">Maymyo</location>
, Burma. 
<collectorName box="[984,1189,1796,1822]" pageId="70" pageNumber="71">A.K.W. Downing.</collectorName>
B.M. 1923-324/ A.K. Weld Downing 
<collectingCountry box="[333,409,1832,1858]" name="Myanmar" pageId="70" pageNumber="71">Burma</collectingCountry>
/ 
<taxonomicName authority="Brsk. Determined" authorityName="Brsk. Determined" box="[425,882,1832,1858]" class="Insecta" family="Melolonthidae" genus="Autoserica" kingdom="Animalia" order="Coleoptera" pageId="70" pageNumber="71" phylum="Arthropoda" rank="species" species="perniciosa">Autoserica perniciosa Brsk. Determined</taxonomicName>
from description G.J.A.” (
<collectionCode box="[1193,1283,1832,1858]" pageId="70" pageNumber="71">BMNH</collectionCode>
)
</materialsCitation>
. 
<materialsCitation collectingDate="1999-05-23" collectingDateMax="1999-05-27" collectingDateMin="1999-05-23" collectionCode="ZFMK" collectorName="Ahrens &amp; Jager &amp; Fabrizi" country="Vietnam" elevation="1650" location="Sa Pa" municipality="Prov." pageId="70" pageNumber="71" specimenCount="5" stateProvince="Lao Cai">
<emphasis bold="true" box="[1304,1413,1832,1858]" pageId="70" pageNumber="71">
<collectingCountry box="[1304,1408,1832,1858]" name="Vietnam" pageId="70" pageNumber="71">Vietnam</collectingCountry>
.
</emphasis>
<specimenCount pageId="70" pageNumber="71" type="generic">5 ex.</specimenCount>
“N-Vietnam, 
<collectingMunicipality box="[345,404,1869,1895]" pageId="70" pageNumber="71">Prov.</collectingMunicipality>
<collectingRegion box="[412,503,1868,1895]" country="Vietnam" name="Lao Cai" pageId="70" pageNumber="71">Lao Cai</collectingRegion>
<location LSID="urn:lsid:plazi:treatment:03BD87E66B27FF8DAF89FD84FD1E3F55:8ECB602B6B27FF83AD1EFF26FD9D3A2B" box="[512,579,1868,1895]" country="Vietnam" municipality="Prov." name="Sa Pa" pageId="70" pageNumber="71" stateProvince="Lao Cai">Sa Pa</location>
, 
<quantity box="[592,746,1868,1895]" metricMagnitude="3" metricUnit="m" metricValue="1.65" metricValueMax="1.7" metricValueMin="1.6" pageId="70" pageNumber="71" unit="m" value="1650.0" valueMax="1700.0" valueMin="1600.0">
<elevation box="[592,746,1868,1895]" metricMagnitude="3" metricUnit="m" metricValue="1.65" metricValueMax="1.7" metricValueMin="1.6" pageId="70" pageNumber="71" unit="m" value="1650.0" valueMax="1700.0" valueMin="1600.0">1600-1700 m</elevation>
</quantity>
, N22°19’52; E103°50’35; 
<date box="[1052,1213,1868,1894]" pageId="70" pageNumber="71" value="1999-05-23" valueMax="1999-05-27" valueMin="1999-05-23">
<collectingDate box="[1052,1213,1868,1894]" pageId="70" pageNumber="71" value="1999-05-23" valueMax="1999-05-27" valueMin="1999-05-23">23.-27.V.1999</collectingDate>
</date>
, leg. 
<collectorName box="[1275,1359,1868,1894]" pageId="70" pageNumber="71">Ahrens</collectorName>
, 
<collectorName box="[1371,1432,1869,1895]" pageId="70" pageNumber="71">Jäger</collectorName>
, 
<collectorName box="[151,233,1904,1930]" pageId="70" pageNumber="71">Fabrizi</collectorName>
” (
<collectionCode box="[262,346,1904,1930]" country="Germany" httpUri="http://biocol.org/urn:lsid:biocol.org:col:34613" lsid="urn:lsid:biocol.org:col:34613" name="Zoologisches Forschungsmuseum Alexander Koenig" pageId="70" pageNumber="71" type="Museum">ZFMK</collectionCode>
)
</materialsCitation>
, 
<materialsCitation collectingDate="1999-05-26" collectingDateMax="1999-06-06" collectingDateMin="1999-05-26" collectionCode="ZIN" collectorName="N. L. Orlov" country="Vietnam" elevation="1450" location="Sa Pa Distr." pageId="70" pageNumber="71" specimenCount="3" stateProvince="Lao Cai">
<specimenCount box="[368,427,1904,1931]" pageId="70" pageNumber="71" type="generic">3 ex.</specimenCount>
“ 
<collectingCountry box="[447,548,1904,1930]" name="Vietnam" pageId="70" pageNumber="71">Vietnam</collectingCountry>
, 
<collectingRegion box="[562,728,1904,1931]" country="Vietnam" name="Lao Cai" pageId="70" pageNumber="71">Lao Cai Prov.</collectingRegion>
, 
<location LSID="urn:lsid:plazi:treatment:03BD87E66B27FF8DAF89FD84FD1E3F55:8ECB602B6B27FF83ADF8FF1AFCAC3AC6" box="[742,882,1904,1931]" country="Vietnam" name="Sa Pa Distr." pageId="70" pageNumber="71" stateProvince="Lao Cai">Sa Pa Distr.</location>
Fan Si Pan Mt., 
<quantity box="[1090,1244,1904,1931]" metricMagnitude="3" metricUnit="m" metricValue="1.45" metricValueMax="1.5" metricValueMin="1.4" pageId="70" pageNumber="71" unit="m" value="1450.0" valueMax="1500.0" valueMin="1400.0">
<elevation box="[1090,1244,1904,1931]" metricMagnitude="3" metricUnit="m" metricValue="1.45" metricValueMax="1.5" metricValueMin="1.4" pageId="70" pageNumber="71" unit="m" value="1450.0" valueMax="1500.0" valueMin="1400.0">1400-1500 m</elevation>
</quantity>
<date box="[1255,1436,1904,1930]" pageId="70" pageNumber="71" value="1999-05-26" valueMax="1999-06-06" valueMin="1999-05-26">
<collectingDate box="[1255,1436,1904,1930]" pageId="70" pageNumber="71" value="1999-05-26" valueMax="1999-06-06" valueMin="1999-05-26">26.V.-6.VI.1999</collectingDate>
</date>
<collectorName box="[151,281,1940,1967]" pageId="70" pageNumber="71">N.L. Orlov</collectorName>
” (
<collectionCode box="[310,362,1940,1966]" country="Russia" name="Russian Academy of Sciences, Zoological Institute, Zoological Museum" pageId="70" pageNumber="71" type="Museum">ZIN</collectionCode>
)
</materialsCitation>
, 
<materialsCitation collectingDate="2015-05-16" collectionCode="CASH" collectorName="A. Skale" country="Vietnam" elevation="1925" location="Tram Ton" longitude="22.353283" pageId="70" pageNumber="71" specimenCount="2" stateProvince="Lao Cai">
<specimenCount box="[385,443,1940,1967]" pageId="70" pageNumber="71" type="generic">2 ex.</specimenCount>
“N-Vietnam, 
<collectingRegion box="[608,773,1940,1967]" country="Vietnam" name="Lao Cai" pageId="70" pageNumber="71">Lao Cai Prov.</collectingRegion>
, Hoang Lien NP, 
<location LSID="urn:lsid:plazi:treatment:03BD87E66B27FF8DAF89FD84FD1E3F55:8ECB602B6B27FF83ACC7FFFFFB933AE3" box="[985,1101,1941,1967]" country="Vietnam" longitude="22.353283" name="Tram Ton" pageId="70" pageNumber="71" stateProvince="Lao Cai">Tram Ton</location>
, 
<geoCoordinate box="[1116,1262,1940,1966]" pageId="70" pageNumber="71">N22°21.197‘</geoCoordinate>
<geoCoordinate box="[1273,1431,1940,1967]" pageId="70" pageNumber="71">E103°46.513‘</geoCoordinate>
, 
<quantity box="[151,295,1976,2003]" metricMagnitude="3" metricUnit="m" metricValue="1.925" metricValueMax="2.05" metricValueMin="1.8" pageId="70" pageNumber="71" unit="m" value="1925.0" valueMax="2050.0" valueMin="1800.0">
<elevation box="[151,295,1976,2003]" metricMagnitude="3" metricUnit="m" metricValue="1.925" metricValueMax="2.05" metricValueMin="1.8" pageId="70" pageNumber="71" unit="m" value="1925.0" valueMax="2050.0" valueMin="1800.0">1800-2050m</elevation>
</quantity>
13.- 
<date box="[340,461,1976,2003]" pageId="70" pageNumber="71" value="2015-05-16">
<collectingDate box="[340,461,1976,2003]" pageId="70" pageNumber="71" value="2015-05-16">16.5.2015</collectingDate>
</date>
, leg. 
<collectorName box="[522,623,1976,2002]" pageId="70" pageNumber="71">A. Skale</collectorName>
” (
<collectionCode box="[649,730,1976,2002]" pageId="70" pageNumber="71">CASH</collectionCode>
)
</materialsCitation>
. 
<materialsCitation collectionCode="MZF" collectorName="H. Bomans" country="Thailand" location="Regione di Umphang" pageId="70" pageNumber="71" specimenCount="15" stateProvince="Tak">
<emphasis bold="true" box="[749,865,1976,2002]" pageId="70" pageNumber="71">
<collectingCountry box="[749,860,1976,2002]" name="Thailand" pageId="70" pageNumber="71">Thailand</collectingCountry>
.
</emphasis>
<specimenCount box="[874,944,1976,2003]" pageId="70" pageNumber="71" type="generic">15 ex.</specimenCount>
“ 
<collectingCountry box="[962,1068,1976,2002]" name="Thailand" pageId="70" pageNumber="71">Thailand</collectingCountry>
: prov. 
<collectingRegion box="[1144,1186,1976,2002]" country="Thailand" name="Tak" pageId="70" pageNumber="71">Tak</collectingRegion>
<location LSID="urn:lsid:plazi:treatment:03BD87E66B27FF8DAF89FD84FD1E3F55:8ECB602B6B27FF83ABB4FFD2FA423A9E" box="[1194,1436,1976,2002]" country="Thailand" name="Regione di Umphang" pageId="70" pageNumber="71" stateProvince="Tak">Regione di Umphang</location>
IV-VI.1991 
<collectorName box="[289,418,2013,2039]" pageId="70" pageNumber="71">H. Bomans</collectorName>
legit (Mag. n. 1375)” (
<collectionCode box="[688,751,2012,2038]" pageId="70" pageNumber="71">MZF</collectionCode>
)
</materialsCitation>
, 
<materialsCitation collectingDate="1995-05-28" collectingDateMax="1995-05-31" collectingDateMin="1995-05-28" collectionCode="CP" country="Thailand" elevation="1500" lastPageId="71" lastPageNumber="72" latitude="19.27" longLatPrecision="763" longitude="98.2" pageId="70" pageNumber="71" specimenCount="1">
<specimenCount box="[773,830,2012,2039]" pageId="70" pageNumber="71" type="generic">1 ex.</specimenCount>
“THAI 
<date box="[928,1080,2012,2039]" pageId="70" pageNumber="71" value="1995-05-28" valueMax="1995-05-31" valueMin="1995-05-28">
<collectingDate box="[928,1080,2012,2039]" pageId="70" pageNumber="71" value="1995-05-28" valueMax="1995-05-31" valueMin="1995-05-28">28-31/5 1995</collectingDate>
</date>
<geoCoordinate box="[1089,1173,2012,2038]" degrees="19.27" direction="north" orientation="latitude" pageId="70" pageNumber="71" precision="555" value="19.27">19.27N</geoCoordinate>
<geoCoordinate box="[1182,1262,2012,2038]" degrees="98.20" direction="east" orientation="longitude" pageId="70" pageNumber="71" precision="555" value="98.2">98.20E</geoCoordinate>
Soppong 
<quantity lastPageId="71" lastPageNumber="72" metricMagnitude="3" metricUnit="m" metricValue="1.5" pageId="70" pageNumber="71" unit="m" value="1500.0">
<elevation lastPageId="71" lastPageNumber="72" metricMagnitude="3" metricUnit="m" metricValue="1.5" pageId="70" pageNumber="71" unit="m" value="1500.0">1500 m</elevation>
</quantity>
Vit Kubán leg.” (
<collectionCode box="[377,416,151,177]" pageId="71" pageNumber="72">CP</collectionCode>
)
</materialsCitation>
, 
<materialsCitation collectingDate="1998-05-01" collectingDateMax="1998-05-15" collectingDateMin="1998-05-01" collectionCode="CP" country="Thailand" elevation="1400" latitude="19.19" location="San Pakia" longLatPrecision="763" longitude="98.5" pageId="71" pageNumber="72" specimenCount="1" stateProvince="Chiang Mai">
<specimenCount box="[437,493,151,177]" pageId="71" pageNumber="72" type="generic">1 ex.</specimenCount>
“Thai-N, 
<date box="[610,746,150,177]" pageId="71" pageNumber="72" value="1998-05-01" valueMax="1998-05-15" valueMin="1998-05-01">
<collectingDate box="[610,746,150,177]" pageId="71" pageNumber="72" value="1998-05-01" valueMax="1998-05-15" valueMin="1998-05-01">1-15.v.1998</collectingDate>
</date>
, 
<collectingRegion box="[760,962,151,177]" country="Thailand" name="Chiang Mai" pageId="71" pageNumber="72">Chiang Mai prov.</collectingRegion>
, 
<location LSID="urn:lsid:plazi:treatment:03BD87E66B27FF8DAF89FD84FD1E3F55:8ECB602B6B26FF82ACD1F8FDFBE13DFD" box="[975,1087,151,177]" country="Thailand" latitude="19.19" longLatPrecision="763" longitude="98.5" name="San Pakia" pageId="71" pageNumber="72" stateProvince="Chiang Mai">San Pakia</location>
vill., 
<geoCoordinate box="[1156,1239,151,177]" degrees="19.19" direction="north" orientation="latitude" pageId="71" pageNumber="72" precision="555" value="19.19">19.19N</geoCoordinate>
<geoCoordinate box="[1247,1330,150,177]" degrees="98.50" direction="east" orientation="longitude" pageId="71" pageNumber="72" precision="555" value="98.5">98.50E</geoCoordinate>
, 
<quantity box="[1343,1431,151,177]" metricMagnitude="3" metricUnit="m" metricValue="1.4" pageId="71" pageNumber="72" unit="m" value="1400.0">
<elevation box="[1343,1431,151,177]" metricMagnitude="3" metricUnit="m" metricValue="1.4" pageId="71" pageNumber="72" unit="m" value="1400.0">1400 m</elevation>
</quantity>
, Vit Kubán leg.” (
<collectionCode box="[347,386,187,213]" pageId="71" pageNumber="72">CP</collectionCode>
)
</materialsCitation>
, 
<materialsCitation box="[407,1175,187,213]" collectingDate="1990-07-17" collectionCode="ZSM" collectorName="Malicky" country="Thailand" pageId="71" pageNumber="72" specimenCount="1">
<specimenCount box="[407,463,187,213]" pageId="71" pageNumber="72" type="generic">1 ex.</specimenCount>
“N-Thailand 
<date box="[621,758,187,213]" pageId="71" pageNumber="72" value="1990-07-17">
<collectingDate box="[621,758,187,213]" pageId="71" pageNumber="72" value="1990-07-17">17.VII.1990</collectingDate>
</date>
Doi Inthanon, leg. 
<collectorName box="[981,1077,187,213]" pageId="71" pageNumber="72">Malicky</collectorName>
” (
<collectionCode box="[1104,1167,187,213]" country="Germany" httpUri="http://grbio.org/cool/4b7r-7sec" name="Bavarian State Collection of Zoology" pageId="71" pageNumber="72" type="Museum">ZSM</collectionCode>
)
</materialsCitation>
. 
<materialsCitation collectingDate="2005-06-16" collectionCode="ZFMK" collectorName="Coll. Sabatinelli" country="Laos" location="La" pageId="71" pageNumber="72" specimenCount="2" stateProvince="Oudomxai">
<emphasis bold="true" box="[1187,1252,187,213]" pageId="71" pageNumber="72">
<collectingCountry box="[1187,1247,187,213]" name="Laos" pageId="71" pageNumber="72">Laos</collectingCountry>
.
</emphasis>
<specimenCount box="[1260,1316,187,213]" pageId="71" pageNumber="72" type="generic">2 ex.</specimenCount>
“ 
<collectingCountry box="[1335,1394,187,213]" name="Laos" pageId="71" pageNumber="72">Laos</collectingCountry>
, 
<location LSID="urn:lsid:plazi:treatment:03BD87E66B27FF8DAF89FD84FD1E3F55:8ECB602B6B26FF82AA61F8D1FA433D99" box="[1407,1437,187,213]" country="Laos" name="La" pageId="71" pageNumber="72" stateProvince="Oudomxai">La</location>
<collectingRegion box="[151,275,223,249]" country="Laos" name="Oudomxai" pageId="71" pageNumber="72">Oudomxay</collectingRegion>
<date box="[283,397,222,249]" pageId="71" pageNumber="72" value="2005-06-16">
<collectingDate box="[283,397,222,249]" pageId="71" pageNumber="72" value="2005-06-16">16.6.2005</collectingDate>
</date>
, ex. 
<collectorName box="[449,634,223,249]" pageId="71" pageNumber="72">Coll. Sabatinelli</collectorName>
” (
<collectionCode box="[658,742,223,249]" country="Germany" httpUri="http://biocol.org/urn:lsid:biocol.org:col:34613" lsid="urn:lsid:biocol.org:col:34613" name="Zoologisches Forschungsmuseum Alexander Koenig" pageId="71" pageNumber="72" type="Museum">ZFMK</collectionCode>
)
</materialsCitation>
, 
<materialsCitation collectingDate="1997-05-05" collectingDateMax="1997-05-31" collectingDateMin="1997-05-05" collectionCode="CP" country="Laos" elevation="1200" latitude="21.15" location="MuangSing" longLatPrecision="1265" longitude="101.316666" pageId="71" pageNumber="72" specimenCount="1" stateProvince="Louangnamtha">
<specimenCount box="[760,815,223,249]" pageId="71" pageNumber="72" type="generic">1 ex.</specimenCount>
“ 
<collectingCountry box="[832,891,223,249]" name="Laos" pageId="71" pageNumber="72">Laos</collectingCountry>
, 
<geoCoordinate box="[902,999,223,249]" degrees="21" direction="north" minutes="09" orientation="latitude" pageId="71" pageNumber="72" precision="925" value="21.15">21°09’N</geoCoordinate>
<geoCoordinate box="[1006,1115,223,249]" degrees="101" direction="east" minutes="19" orientation="longitude" pageId="71" pageNumber="72" precision="925" value="101.316666">101°19’E</geoCoordinate>
, 
<collectingRegion box="[1128,1296,223,249]" country="Laos" name="Louangnamtha" pageId="71" pageNumber="72">Louangnamtha</collectingRegion>
pr. 
<location LSID="urn:lsid:plazi:treatment:03BD87E66B27FF8DAF89FD84FD1E3F55:8ECB602B6B26FF82AF89F969FEC33C51" box="[151,285,259,285]" country="Laos" latitude="21.15" longLatPrecision="1265" longitude="101.316666" name="MuangSing" pageId="71" pageNumber="72" stateProvince="Louangnamtha">Namtha-MuangSing</location>
, 
<date box="[296,432,258,285]" pageId="71" pageNumber="72" value="1997-05-05" valueMax="1997-05-31" valueMin="1997-05-05">
<collectingDate box="[296,432,258,285]" pageId="71" pageNumber="72" value="1997-05-05" valueMax="1997-05-31" valueMin="1997-05-05">5-31.v.1997</collectingDate>
</date>
, 900- 
<quantity box="[496,583,259,285]" metricMagnitude="3" metricUnit="m" metricValue="1.2" pageId="71" pageNumber="72" unit="m" value="1200.0">
<elevation box="[496,583,259,285]" metricMagnitude="3" metricUnit="m" metricValue="1.2" pageId="71" pageNumber="72" unit="m" value="1200.0">1200 m</elevation>
</quantity>
, Vit Kubán leg.” (
<collectionCode box="[789,828,259,285]" pageId="71" pageNumber="72">CP</collectionCode>
)
</materialsCitation>
, 
<materialsCitation collectingDate="1997-05-13" collectingDateMax="1997-05-24" collectingDateMin="1997-05-13" collectionCode="CP" collectorName="E. Jendek &amp; O. Sausa" country="Laos" elevation="100" location="Louang Namtha" pageId="71" pageNumber="72" specimenCount="1" stateProvince="Louangnamtha">
<specimenCount box="[848,903,259,285]" pageId="71" pageNumber="72" type="generic">1 ex.</specimenCount>
“ 
<collectingCountry box="[920,977,259,285]" name="Laos" pageId="71" pageNumber="72">Laos</collectingCountry>
north, 
<date box="[1058,1211,259,285]" pageId="71" pageNumber="72" value="1997-05-13" valueMax="1997-05-24" valueMin="1997-05-13">
<collectingDate box="[1058,1211,259,285]" pageId="71" pageNumber="72" value="1997-05-13" valueMax="1997-05-24" valueMin="1997-05-13">13-24.V.1997</collectingDate>
</date>
<quantity box="[1218,1290,258,285]" metricMagnitude="4" metricUnit="m" metricValue="1.5" pageId="71" pageNumber="72" unit="km" value="15.0">15 km</quantity>
NW 
<collectingRegion country="Laos" name="Louangnamtha" pageId="71" pageNumber="72">Louang Namtha</collectingRegion>
N 21°07.5, E 101°21.0 alt. 750+ 
<quantity box="[614,684,294,321]" metricMagnitude="2" metricUnit="m" metricValue="1.0" pageId="71" pageNumber="72" unit="m" value="100.0">
<elevation box="[614,684,294,321]" metricMagnitude="2" metricUnit="m" metricValue="1.0" pageId="71" pageNumber="72" unit="m" value="100.0">100 m</elevation>
</quantity>
<collectorName box="[691,801,295,321]" pageId="71" pageNumber="72">E. Jendek</collectorName>
&amp; 
<collectorName box="[838,937,295,323]" pageId="71" pageNumber="72">O. Šauša</collectorName>
leg.” (
<collectionCode box="[1015,1054,295,321]" pageId="71" pageNumber="72">CP</collectionCode>
)
</materialsCitation>
, 
<materialsCitation collectingDate="1997-05-13" collectingDateMax="1997-05-24" collectingDateMin="1997-05-13" collectionCode="CP" collectorName="M. Strba &amp; R. Hergovits" country="Laos" elevation="100" location="Louang Namtha" pageId="71" pageNumber="72" specimenCount="2" stateProvince="Louangnamtha">
<specimenCount box="[1074,1129,295,321]" pageId="71" pageNumber="72" type="generic">2 ex.</specimenCount>
“ 
<collectingCountry box="[1146,1203,295,321]" name="Laos" pageId="71" pageNumber="72">Laos</collectingCountry>
north, 
<date box="[1284,1436,295,321]" pageId="71" pageNumber="72" value="1997-05-13" valueMax="1997-05-24" valueMin="1997-05-13">
<collectingDate box="[1284,1436,295,321]" pageId="71" pageNumber="72" value="1997-05-13" valueMax="1997-05-24" valueMin="1997-05-13">13-24.V.1997</collectingDate>
</date>
<quantity box="[151,222,330,357]" metricMagnitude="4" metricUnit="m" metricValue="1.5" pageId="71" pageNumber="72" unit="km" value="15.0">15 km</quantity>
NW 
<collectingRegion box="[281,462,331,357]" country="Laos" name="Louangnamtha" pageId="71" pageNumber="72">Louang Namtha</collectingRegion>
N 21°07.5, E 101°21.0 alt 750+ 
<quantity box="[824,893,330,357]" metricMagnitude="2" metricUnit="m" metricValue="1.0" pageId="71" pageNumber="72" unit="m" value="100.0">
<elevation box="[824,893,330,357]" metricMagnitude="2" metricUnit="m" metricValue="1.0" pageId="71" pageNumber="72" unit="m" value="100.0">100 m</elevation>
</quantity>
<collectorName box="[900,997,331,357]" pageId="71" pageNumber="72">M. Strba</collectorName>
&amp; 
<collectorName box="[1033,1175,331,357]" pageId="71" pageNumber="72">R. Hergovits</collectorName>
leg.” (
<collectionCode box="[1250,1289,331,357]" pageId="71" pageNumber="72">CP</collectionCode>
)
</materialsCitation>
, 
<materialsCitation collectingDate="1997-05-24" collectingDateMax="1997-05-30" collectingDateMin="1997-05-24" collectionCode="CP" collectorName="E. Jendek &amp; O. Sausa" country="Laos" elevation="100" location="Louang Namtha" pageId="71" pageNumber="72" specimenCount="4" stateProvince="Louangnamtha">
<specimenCount box="[1309,1363,331,357]" pageId="71" pageNumber="72" type="generic">4 ex.</specimenCount>
“ 
<collectingCountry box="[1379,1436,331,357]" name="Laos" pageId="71" pageNumber="72">Laos</collectingCountry>
north, 
<date box="[227,379,367,393]" pageId="71" pageNumber="72" value="1997-05-24" valueMax="1997-05-30" valueMin="1997-05-24">
<collectingDate box="[227,379,367,393]" pageId="71" pageNumber="72" value="1997-05-24" valueMax="1997-05-30" valueMin="1997-05-24">24-30.V.1997</collectingDate>
</date>
<quantity box="[389,462,367,393]" metricMagnitude="4" metricUnit="m" metricValue="2.0" pageId="71" pageNumber="72" unit="km" value="20.0">20 km</quantity>
NW 
<collectingRegion box="[528,712,367,393]" country="Laos" name="Louangnamtha" pageId="71" pageNumber="72">Louang Namtha</collectingRegion>
N 21°09.2, E 101°18.7 alt. 900+ 
<quantity box="[1099,1172,367,393]" metricMagnitude="2" metricUnit="m" metricValue="1.0" pageId="71" pageNumber="72" unit="m" value="100.0">
<elevation box="[1099,1172,367,393]" metricMagnitude="2" metricUnit="m" metricValue="1.0" pageId="71" pageNumber="72" unit="m" value="100.0">100 m</elevation>
</quantity>
<collectorName box="[1181,1293,367,393]" pageId="71" pageNumber="72">E. Jendek</collectorName>
&amp; 
<collectorName box="[1334,1436,367,395]" pageId="71" pageNumber="72">O. Šauša</collectorName>
leg.” (
<collectionCode box="[221,260,403,429]" pageId="71" pageNumber="72">CP</collectionCode>
)
</materialsCitation>
, 
<materialsCitation collectingDate="1997-05-05" collectingDateMax="1997-05-11" collectingDateMin="1997-05-05" collectionCode="CP" collectorName="E. Jendek &amp; O. Sausa" country="Laos" elevation="100" location="Louang Namtha" pageId="71" pageNumber="72" specimenCount="2" stateProvince="Louangnamtha">
<specimenCount box="[281,337,403,429]" pageId="71" pageNumber="72" type="generic">2 ex.</specimenCount>
“ 
<collectingCountry box="[355,412,403,429]" name="Laos" pageId="71" pageNumber="72">Laos</collectingCountry>
north, 
<date box="[494,631,402,429]" pageId="71" pageNumber="72" value="1997-05-05" valueMax="1997-05-11" valueMin="1997-05-05">
<collectingDate box="[494,631,402,429]" pageId="71" pageNumber="72" value="1997-05-05" valueMax="1997-05-11" valueMin="1997-05-05">5-11.V.1997</collectingDate>
</date>
<quantity box="[639,711,403,429]" metricMagnitude="4" metricUnit="m" metricValue="2.0" pageId="71" pageNumber="72" unit="km" value="20.0">20 km</quantity>
NW 
<collectingRegion box="[773,956,403,429]" country="Laos" name="Louangnamtha" pageId="71" pageNumber="72">Louang Namtha</collectingRegion>
N 21°09.2, E 101°18.7 alt. 900+ 
<quantity box="[1333,1404,403,429]" metricMagnitude="2" metricUnit="m" metricValue="1.0" pageId="71" pageNumber="72" unit="m" value="100.0">
<elevation box="[1333,1404,403,429]" metricMagnitude="2" metricUnit="m" metricValue="1.0" pageId="71" pageNumber="72" unit="m" value="100.0">100 m</elevation>
</quantity>
<collectorName pageId="71" pageNumber="72">E. Jendek</collectorName>
&amp; 
<collectorName box="[266,366,439,467]" pageId="71" pageNumber="72">O. Šauša</collectorName>
leg.” (
<collectionCode box="[443,482,439,465]" pageId="71" pageNumber="72">CP</collectionCode>
)
</materialsCitation>
, 
<materialsCitation collectingDate="1997-05-05" collectingDateMax="1997-05-11" collectingDateMin="1997-05-05" collectionCode="CP" collectorName="M. Strba &amp; R. Hergovits" country="Laos" elevation="100" location="Louang Namtha" pageId="71" pageNumber="72" specimenCount="4" stateProvince="Louangnamtha">
<specimenCount box="[502,557,439,465]" pageId="71" pageNumber="72" type="generic">4 ex.</specimenCount>
“ 
<collectingCountry box="[574,631,439,465]" name="Laos" pageId="71" pageNumber="72">Laos</collectingCountry>
north, 
<date box="[713,849,438,465]" pageId="71" pageNumber="72" value="1997-05-05" valueMax="1997-05-11" valueMin="1997-05-05">
<collectingDate box="[713,849,438,465]" pageId="71" pageNumber="72" value="1997-05-05" valueMax="1997-05-11" valueMin="1997-05-05">5-11.V.1997</collectingDate>
</date>
<quantity box="[857,929,439,465]" metricMagnitude="4" metricUnit="m" metricValue="2.0" pageId="71" pageNumber="72" unit="km" value="20.0">20 km</quantity>
NW 
<collectingRegion box="[990,1172,439,465]" country="Laos" name="Louangnamtha" pageId="71" pageNumber="72">Louang Namtha</collectingRegion>
N 21°09.2, E 101°18.7 alt. 900+ 
<quantity box="[254,326,475,501]" metricMagnitude="2" metricUnit="m" metricValue="1.0" pageId="71" pageNumber="72" unit="m" value="100.0">
<elevation box="[254,326,475,501]" metricMagnitude="2" metricUnit="m" metricValue="1.0" pageId="71" pageNumber="72" unit="m" value="100.0">100 m</elevation>
</quantity>
<collectorName box="[335,435,475,501]" pageId="71" pageNumber="72">M. Strba</collectorName>
&amp; 
<collectorName box="[475,620,475,501]" pageId="71" pageNumber="72">R. Hergovits</collectorName>
leg.” (
<collectionCode box="[700,739,475,501]" pageId="71" pageNumber="72">CP</collectionCode>
)
</materialsCitation>
, 
<materialsCitation collectingDate="1997-05-30" collectionCode="ZFMK" country="Laos" elevation="900" location="Louang Namtha" pageId="71" pageNumber="72" specimenCount="1" stateProvince="Louangnamtha">
<specimenCount box="[761,818,475,501]" pageId="71" pageNumber="72" type="generic">1 ex.</specimenCount>
“ 
<collectingCountry box="[836,893,475,501]" name="Laos" pageId="71" pageNumber="72">Laos</collectingCountry>
bor., 
<quantity box="[961,1034,475,501]" metricMagnitude="2" metricUnit="m" metricValue="9.0" pageId="71" pageNumber="72" unit="m" value="900.0">
<elevation box="[961,1034,475,501]" metricMagnitude="2" metricUnit="m" metricValue="9.0" pageId="71" pageNumber="72" unit="m" value="900.0">900 m</elevation>
</quantity>
<collectingRegion box="[1043,1227,475,501]" country="Laos" name="Louangnamtha" pageId="71" pageNumber="72">Louang Namtha</collectingRegion>
5- 
<date box="[1255,1371,474,501]" pageId="71" pageNumber="72" value="1997-05-30">
<collectingDate box="[1255,1371,474,501]" pageId="71" pageNumber="72" value="1997-05-30">30.5.1997</collectingDate>
</date>
<quantity metricMagnitude="3" metricUnit="m" metricValue="1.0" pageId="71" pageNumber="72" unit="m" value="1000.0">
<elevation metricMagnitude="3" metricUnit="m" metricValue="1.0" pageId="71" pageNumber="72" unit="m" value="1000.0">1000 m</elevation>
</quantity>
[sic], N21.09.2 E101.18.7” (
<collectionCode box="[494,578,511,537]" country="Germany" httpUri="http://biocol.org/urn:lsid:biocol.org:col:34613" lsid="urn:lsid:biocol.org:col:34613" name="Zoologisches Forschungsmuseum Alexander Koenig" pageId="71" pageNumber="72" type="Museum">ZFMK</collectionCode>
)
</materialsCitation>
, 
<materialsCitation collectingDate="1999-05-01" collectingDateMax="1999-05-16" collectingDateMin="1999-05-01" collectionCode="CP" country="Laos" elevation="1200" location="Louangphrabang" longitude="102.23333" pageId="71" pageNumber="72" specimenCount="7" stateProvince="Louangphabang">
<specimenCount box="[597,653,511,537]" pageId="71" pageNumber="72" type="generic">7 ex.</specimenCount>
“ 
<collectingCountry box="[671,730,511,537]" name="Laos" pageId="71" pageNumber="72">Laos</collectingCountry>
, 
<date box="[743,885,511,537]" pageId="71" pageNumber="72" value="1999-05-01" valueMax="1999-05-16" valueMin="1999-05-01">
<collectingDate box="[743,885,511,537]" pageId="71" pageNumber="72" value="1999-05-01" valueMax="1999-05-16" valueMin="1999-05-01">1.-16.v.1999</collectingDate>
</date>
, 
<collectingRegion box="[899,1089,511,537]" country="Laos" name="Louangphabang" pageId="71" pageNumber="72">Louangphrabang</collectingRegion>
pr., 
<geoCoordinate box="[1140,1260,511,537]" pageId="71" pageNumber="72">20°33-4’N</geoCoordinate>
<geoCoordinate box="[1268,1378,511,537]" degrees="102" direction="east" minutes="14" orientation="longitude" pageId="71" pageNumber="72" precision="925" value="102.23333">102°14’E</geoCoordinate>
, Ban Song Cha (
<quantity box="[277,328,546,573]" metricMagnitude="3" metricUnit="m" metricValue="5.0" pageId="71" pageNumber="72" unit="km" value="5.0">5km</quantity>
W), 
<quantity box="[385,473,547,573]" metricMagnitude="3" metricUnit="m" metricValue="1.2" pageId="71" pageNumber="72" unit="m" value="1200.0">
<elevation box="[385,473,547,573]" metricMagnitude="3" metricUnit="m" metricValue="1.2" pageId="71" pageNumber="72" unit="m" value="1200.0">1200 m</elevation>
</quantity>
, Vit Kubán leg.” (
<collectionCode box="[678,717,547,573]" pageId="71" pageNumber="72">CP</collectionCode>
)
</materialsCitation>
. 
<materialsCitation collectingDate="2001-06-12" collectionCode="MNHN" collectorName="Tian" country="China" elevation="2080" latitude="24.816668" location="Museum Paris" longLatPrecision="1249" longitude="97.73333" municipality="Xima" pageId="71" pageNumber="72" specimenCount="2" specimenCount-male="1">
<emphasis bold="true" box="[737,817,546,572]" pageId="71" pageNumber="72">
<collectingCountry box="[737,812,546,572]" name="China" pageId="71" pageNumber="72">China</collectingCountry>
.
</emphasis>
<specimenCount box="[825,880,547,573]" pageId="71" pageNumber="72" type="generic">1 ex.</specimenCount>
(
<specimenCount box="[896,918,547,573]" pageId="71" pageNumber="72" type="male">♂</specimenCount>
) “Chine-Yunnan PK 12 après 
<collectingMunicipality box="[1262,1324,547,573]" pageId="71" pageNumber="72">Xima</collectingMunicipality>
<geoCoordinate box="[1332,1432,547,573]" degrees="24" direction="north" minutes="49" orientation="latitude" pageId="71" pageNumber="72" precision="925" value="24.816668">24°49’N</geoCoordinate>
; 
<geoCoordinate box="[151,245,583,609]" degrees="97" direction="east" minutes="44" orientation="longitude" pageId="71" pageNumber="72" precision="925" value="97.73333">97°44’E</geoCoordinate>
alt. 
<quantity box="[294,379,583,609]" metricMagnitude="3" metricUnit="m" metricValue="2.08" pageId="71" pageNumber="72" unit="m" value="2080.0">
<elevation box="[294,379,583,609]" metricMagnitude="3" metricUnit="m" metricValue="2.08" pageId="71" pageNumber="72" unit="m" value="2080.0">2080 m</elevation>
</quantity>
/ 
<location LSID="urn:lsid:plazi:treatment:03BD87E66B27FF8DAF89FD84FD1E3F55:8ECB602B6B26FF82AE95FA2DFDF23F2D" box="[395,556,583,609]" country="China" latitude="24.816668" longLatPrecision="1249" longitude="97.73333" municipality="Xima" name="Museum Paris" pageId="71" pageNumber="72">Muséum Paris</location>
<date box="[563,691,583,609]" pageId="71" pageNumber="72" value="2001-06-12">
<collectingDate box="[563,691,583,609]" pageId="71" pageNumber="72" value="2001-06-12">12.VI.2001</collectingDate>
</date>
Deuve, Mantilleri, Rougerie &amp; 
<collectorName box="[1051,1101,583,609]" pageId="71" pageNumber="72">Tian</collectorName>
leg.” (
<collectionCode box="[1177,1268,583,609]" country="France" httpUri="http://biocol.org/urn:lsid:biocol.org:col:34988" lsid="urn:lsid:biocol.org:col:34988" name="Museum National d'Histoire Naturelle" pageId="71" pageNumber="72">MNHN</collectionCode>
)
</materialsCitation>
, 
<materialsCitation collectingDate="1993-06-14" collectingDateMax="1993-06-21" collectingDateMin="1993-06-14" collectionCode="CP" collectorName="E. Jendek &amp; O. Sausa" country="China" location="100 km W of Baoshan Gaoligongshan" pageId="71" pageNumber="72" specimenCount="1" stateProvince="Yunnan">
<specimenCount box="[1288,1343,583,609]" pageId="71" pageNumber="72" type="generic">1 ex.</specimenCount>
“ 
<collectingCountry box="[1360,1432,583,609]" name="China" pageId="71" pageNumber="72">China</collectingCountry>
, 
<collectingRegion box="[151,237,619,645]" country="China" name="Yunnan" pageId="71" pageNumber="72">Yunnan</collectingRegion>
<date box="[244,409,619,645]" pageId="71" pageNumber="72" value="1993-06-14" valueMax="1993-06-21" valueMin="1993-06-14">
<collectingDate box="[244,409,619,645]" pageId="71" pageNumber="72" value="1993-06-14" valueMax="1993-06-21" valueMin="1993-06-14">14-21.VI.1993</collectingDate>
</date>
<location LSID="urn:lsid:plazi:treatment:03BD87E66B27FF8DAF89FD84FD1E3F55:8ECB602B6B26FF82AEBFFA01FC8E3FC9" box="[417,848,619,645]" country="China" name="100 km W of Baoshan Gaoligongshan" pageId="71" pageNumber="72" stateProvince="Yunnan">
<quantity box="[417,502,619,645]" metricMagnitude="5" metricUnit="m" metricValue="1.0" pageId="71" pageNumber="72" unit="km" value="100.0">100 km</quantity>
W of Baoshan Gaoligongshan
</location>
nat. res. 
<collectorName box="[951,1061,619,645]" pageId="71" pageNumber="72">E. Jendek</collectorName>
&amp; 
<collectorName box="[1097,1197,619,647]" pageId="71" pageNumber="72">O. Šauša</collectorName>
leg.” (
<collectionCode box="[1275,1314,619,645]" pageId="71" pageNumber="72">CP</collectionCode>
)
</materialsCitation>
, 
<materialsCitation collectingDate="1997-06-13" collectionCode="ZFMK" collectorName="A. Wrzecianka" country="China" elevation="2000" location="Tangmai" municipality="Tome" pageId="71" pageNumber="72" specimenCount="2" specimenCount-male="1" stateProvince="Xizang">
<specimenCount box="[1334,1389,619,645]" pageId="71" pageNumber="72" type="generic">1 ex.</specimenCount>
(
<specimenCount box="[1406,1428,619,645]" pageId="71" pageNumber="72" type="male">♂</specimenCount>
) “ 
<collectingCountry box="[161,234,655,681]" name="China" pageId="71" pageNumber="72">China</collectingCountry>
: E. 
<collectingRegion box="[280,341,655,681]" country="China" name="Xizang" pageId="71" pageNumber="72">Tibet</collectingRegion>
, 
<collectingMunicipality box="[354,420,655,681]" pageId="71" pageNumber="72">Tome</collectingMunicipality>
, 
<location LSID="urn:lsid:plazi:treatment:03BD87E66B27FF8DAF89FD84FD1E3F55:8ECB602B6B26FF82AEAFFAE5FDC83FE5" box="[433,534,655,681]" country="China" municipality="Tome" name="Tangmai" pageId="71" pageNumber="72" stateProvince="Xizang">Tangmai</location>
, 
<quantity box="[546,636,655,681]" metricMagnitude="3" metricUnit="m" metricValue="2.0" pageId="71" pageNumber="72" unit="m" value="2000.0">
<elevation box="[546,636,655,681]" metricMagnitude="3" metricUnit="m" metricValue="2.0" pageId="71" pageNumber="72" unit="m" value="2000.0">2000 m</elevation>
</quantity>
, 
<locationDeviation box="[649,896,655,681]" location="Donjung" pageId="71" pageNumber="72">
<quantity box="[649,723,655,681]" metricMagnitude="4" metricUnit="m" metricValue="3.0" pageId="71" pageNumber="72" unit="km" value="30.0">30 km</quantity>
W of Donjung
</locationDeviation>
12.- 
<date box="[943,1062,655,681]" pageId="71" pageNumber="72" value="1997-06-13">
<collectingDate box="[943,1062,655,681]" pageId="71" pageNumber="72" value="1997-06-13">13.6.1997</collectingDate>
</date>
leg. 
<collectorName box="[1120,1292,655,681]" pageId="71" pageNumber="72">A. Wrzecianka</collectorName>
” (
<collectionCode box="[1317,1401,655,681]" country="Germany" httpUri="http://biocol.org/urn:lsid:biocol.org:col:34613" lsid="urn:lsid:biocol.org:col:34613" name="Zoologisches Forschungsmuseum Alexander Koenig" pageId="71" pageNumber="72" type="Museum">ZFMK</collectionCode>
)
</materialsCitation>
, 
<materialsCitation collectingDate="1995-05-26" collectingDateMax="1995-05-29" collectingDateMin="1995-05-26" collectionCode="CP" collectorName="S. Becvar" country="China" location="Gaoligongshan mts." pageId="71" pageNumber="72" specimenCount="3" stateProvince="Yunnan">
<specimenCount pageId="71" pageNumber="72" type="generic">3 ex.</specimenCount>
“ 
<collectingCountry box="[203,276,691,717]" name="China" pageId="71" pageNumber="72">China</collectingCountry>
; 
<collectingRegion box="[288,443,691,717]" country="China" name="Yunnan" pageId="71" pageNumber="72">Yunnan prov.</collectingRegion>
; 
<location LSID="urn:lsid:plazi:treatment:03BD87E66B27FF8DAF89FD84FD1E3F55:8ECB602B6B26FF82AED6FAD9FD733F81" box="[456,685,691,717]" country="China" name="Gaoligongshan mts." pageId="71" pageNumber="72" stateProvince="Yunnan">Gaoligongshan mts.</location>
; 
<locationDeviation box="[698,945,691,717]" location="Baoshan" pageId="71" pageNumber="72">
<quantity box="[698,771,691,717]" metricMagnitude="4" metricUnit="m" metricValue="9.0" pageId="71" pageNumber="72" unit="km" value="90.0">90 km</quantity>
W of Baoshan
</locationDeviation>
; 
<collectorName box="[958,1069,691,717]" pageId="71" pageNumber="72">S. Becvar</collectorName>
leg.; 
<date box="[1136,1292,690,717]" pageId="71" pageNumber="72" value="1995-05-26" valueMax="1995-05-29" valueMin="1995-05-26">
<collectingDate box="[1136,1292,690,717]" pageId="71" pageNumber="72" value="1995-05-26" valueMax="1995-05-29" valueMin="1995-05-26">26.-29.v.1995</collectingDate>
</date>
” (
<collectionCode box="[1320,1359,691,717]" pageId="71" pageNumber="72">CP</collectionCode>
)
</materialsCitation>
, 
<materialsCitation collectingDate="1999-07-14" collectionCode="CAPE" country="China" county="Aba Tibetan Aut. Pref. Weizhou Co." elevation="1100" location="Qionglai Shan Wolong Valley" pageId="71" pageNumber="72" specimenCount="1">
<specimenCount box="[1380,1436,691,717]" pageId="71" pageNumber="72" type="generic">1 ex.</specimenCount>
“ 
<collectingCountry box="[161,234,727,753]" name="China" pageId="71" pageNumber="72">China</collectingCountry>
: W-Sichuan, 
<collectingCounty box="[388,812,727,753]" pageId="71" pageNumber="72">Aba Tibetan Aut. Pref. Weizhou Co.</collectingCounty>
, 
<location LSID="urn:lsid:plazi:treatment:03BD87E66B27FF8DAF89FD84FD1E3F55:8ECB602B6B26FF82AC25FABDFB4A3FBD" box="[827,1172,727,753]" country="China" county="Aba Tibetan Aut. Pref. Weizhou Co." name="Qionglai Shan Wolong Valley" pageId="71" pageNumber="72">Qionglai Shan Wolong Valley</location>
, 
<locationDeviation box="[1186,1432,727,753]" location="Guanxiang" pageId="71" pageNumber="72">
<quantity box="[1186,1260,727,753]" metricMagnitude="4" metricUnit="m" metricValue="2.0" pageId="71" pageNumber="72" unit="km" value="20.0">20 km</quantity>
W Guanxiang
</locationDeviation>
, 
<quantity box="[151,237,763,789]" metricMagnitude="3" metricUnit="m" metricValue="1.1" pageId="71" pageNumber="72" unit="m" value="1100.0">
<elevation box="[151,237,763,789]" metricMagnitude="3" metricUnit="m" metricValue="1.1" pageId="71" pageNumber="72" unit="m" value="1100.0">1100 m</elevation>
</quantity>
, 31.04,55N, 103.26,38E, 
<date box="[523,659,763,789]" pageId="71" pageNumber="72" value="1999-07-14">
<collectingDate box="[523,659,763,789]" pageId="71" pageNumber="72" value="1999-07-14">14.VII.1999</collectingDate>
</date>
leg. A. P̹tz” (
<collectionCode box="[823,900,763,789]" pageId="71" pageNumber="72">CAPE</collectionCode>
)
</materialsCitation>
, 
<materialsCitation collectingDate="1999-07-08" collectionCode="CAPE" country="China" county="Shimian Co." elevation="1850" latitude="29.05" location="Rd. Shimian-Ganluo" longLatPrecision="737" longitude="102.29" municipality="Ya'an Pref." pageId="71" pageNumber="72" specimenCount="1">
<specimenCount box="[919,974,763,789]" pageId="71" pageNumber="72" type="generic">1 ex.</specimenCount>
“ 
<collectingCountry box="[990,1063,763,789]" name="China" pageId="71" pageNumber="72">China</collectingCountry>
: W-Sichuan 
<collectingMunicipality box="[1203,1333,763,789]" pageId="71" pageNumber="72">Ya’an Pref.</collectingMunicipality>
, 
<collectingCounty pageId="71" pageNumber="72">Shimian Co.</collectingCounty>
Xiaoxiang Ling, 
<location LSID="urn:lsid:plazi:treatment:03BD87E66B27FF8DAF89FD84FD1E3F55:8ECB602B6B26FF82AE98FB75FDAF3E75" box="[390,625,799,825]" country="China" county="Shimian Co." latitude="29.05" longLatPrecision="737" longitude="102.29" municipality="Ya'an Pref." name="Rd. Shimian-Ganluo" pageId="71" pageNumber="72">Rd. Shimian-Ganluo</location>
, 
<locationDeviation box="[636,848,799,825]" location="Shimian" pageId="71" pageNumber="72">
<quantity box="[636,708,799,825]" metricMagnitude="4" metricUnit="m" metricValue="2.0" pageId="71" pageNumber="72" unit="km" value="20.0">20 km</quantity>
SE Shimian
</locationDeviation>
<geoCoordinate box="[856,942,798,825]" degrees="29.05" direction="north" orientation="latitude" pageId="71" pageNumber="72" precision="555" value="29.05">29.05N</geoCoordinate>
, 
<geoCoordinate box="[954,1051,799,825]" degrees="102.29" direction="east" orientation="longitude" pageId="71" pageNumber="72" precision="555" value="102.29">102.29E</geoCoordinate>
, 
<quantity box="[1062,1148,798,825]" metricMagnitude="3" metricUnit="m" metricValue="1.85" pageId="71" pageNumber="72" unit="m" value="1850.0">
<elevation box="[1062,1148,798,825]" metricMagnitude="3" metricUnit="m" metricValue="1.85" pageId="71" pageNumber="72" unit="m" value="1850.0">1850 m</elevation>
</quantity>
<date box="[1155,1280,799,825]" pageId="71" pageNumber="72" value="1999-07-08">
<collectingDate box="[1155,1280,799,825]" pageId="71" pageNumber="72" value="1999-07-08">8.VII.1999</collectingDate>
</date>
, leg. A. P̹tz” (
<collectionCode box="[159,236,835,861]" pageId="71" pageNumber="72">CAPE</collectionCode>
)
</materialsCitation>
, 
<materialsCitation collectingDate="2008-05-26" collectionCode="NNNR, NME" collectorName="A. Weigel" country="China" elevation="720" latitude="22.13" location="Xinshuangbanna" longLatPrecision="12" longitude="100.6675" pageId="71" pageNumber="72" specimenCount="1" specimenCount-male="1" stateProvince="Yunnan">
<specimenCount box="[255,296,835,861]" pageId="71" pageNumber="72" type="male">1 ♂</specimenCount>
“ 
<collectingCountry box="[312,384,835,861]" name="China" pageId="71" pageNumber="72">China</collectingCountry>
, S. 
<collectingRegion box="[423,573,835,861]" country="China" name="Yunnan" pageId="71" pageNumber="72">Yunnan Prov.</collectingRegion>
<location LSID="urn:lsid:plazi:treatment:03BD87E66B27FF8DAF89FD84FD1E3F55:8ECB602B6B26FF82AD5DFB29FD213E11" box="[579,767,835,861]" country="China" latitude="22.13" longLatPrecision="12" longitude="100.6675" name="Xinshuangbanna" pageId="71" pageNumber="72" stateProvince="Yunnan">Xinshuangbanna</location>
<locationDeviation box="[773,1116,835,861]" location="Jinghong Man Diao" pageId="71" pageNumber="72">
<quantity box="[773,838,835,861]" metricMagnitude="4" metricUnit="m" metricValue="2.0" pageId="71" pageNumber="72" unit="km" value="20.0">20km</quantity>
NW Jinghong Man Diao
</locationDeviation>
(
<collectionCode box="[1131,1214,835,861]" pageId="71" pageNumber="72">NNNR</collectionCode>
) 
<quantity box="[1227,1294,835,861]" metricMagnitude="2" metricUnit="m" metricValue="7.2" pageId="71" pageNumber="72" unit="m" value="720.0">
<elevation box="[1227,1294,835,861]" metricMagnitude="2" metricUnit="m" metricValue="7.2" pageId="71" pageNumber="72" unit="m" value="720.0">720m</elevation>
</quantity>
, 
<geoCoordinate box="[1304,1436,835,861]" degrees="22" direction="north" minutes="07.80" orientation="latitude" pageId="71" pageNumber="72" precision="9" value="22.13">22°07.80’N</geoCoordinate>
<geoCoordinate box="[151,297,870,897]" degrees="100" direction="east" minutes="40.05" orientation="longitude" pageId="71" pageNumber="72" precision="9" value="100.6675">100°40.05’E</geoCoordinate>
, 
<date box="[308,420,871,897]" pageId="71" pageNumber="72" value="2008-05-26">
<collectingDate box="[308,420,871,897]" pageId="71" pageNumber="72" value="2008-05-26">26.v.2008</collectingDate>
</date>
, 
<collectingMethod box="[432,536,871,897]" pageId="71" pageNumber="72">light trap</collectingMethod>
, leg. 
<collectorName box="[594,710,871,897]" pageId="71" pageNumber="72">A. Weigel</collectorName>
” (
<collectionCode box="[734,802,871,897]" country="Germany" httpUri="http://grbio.org/cool/87iw-xebj" name="Sammlung des Naturkundemseum Erfurt" pageId="71" pageNumber="72">NME</collectionCode>
)
</materialsCitation>
, 
<materialsCitation box="[821,1278,870,897]" collectingDate="1981-03" collectionCode="IZAS" country="China" location="Hansha" pageId="71" pageNumber="72" specimenCount="1" specimenCount-male="1">
<specimenCount box="[821,863,871,897]" pageId="71" pageNumber="72" type="male">1 ♂</specimenCount>
“ 
<location LSID="urn:lsid:plazi:treatment:03BD87E66B27FF8DAF89FD84FD1E3F55:8ECB602B6B26FF82AC71FB0DFC163ECD" box="[879,968,871,897]" country="China" name="Hansha" pageId="71" pageNumber="72">Hansha</location>
, 
<date box="[980,1074,871,897]" pageId="71" pageNumber="72" value="1981-03">
<collectingDate box="[980,1074,871,897]" pageId="71" pageNumber="72" value="1981-03">III.1981</collectingDate>
</date>
, No. 315” (
<collectionCode box="[1203,1270,871,897]" country="0" httpUri="http://grbio.org/cool/043p-ts4f" name="Institut Zoologii Akademii Nauk Ukraini - Institute of Zoology of the Academy of Sciences of Ukraine" pageId="71" pageNumber="72">IZAS</collectionCode>
)
</materialsCitation>
, 
<materialsCitation collectingDate="2007-08-04" collectingDateMax="2007-08-05" collectingDateMin="2007-08-04" collectionCode="LSSYU" collectorName="Li Jiahui" country="China" location="Mengla Nature Researve" pageId="71" pageNumber="72" specimenCount="1" specimenCount-male="1" stateProvince="Yunnan">
<specimenCount box="[1289,1331,871,897]" pageId="71" pageNumber="72" type="male">1 ♂</specimenCount>
“ 
<location LSID="urn:lsid:plazi:treatment:03BD87E66B27FF8DAF89FD84FD1E3F55:8ECB602B6B26FF82AA5AFB0DFE8A3EE9" country="China" name="Mengla Nature Researve" pageId="71" pageNumber="72" stateProvince="Yunnan">Mengla Nature Researve</location>
, 
<collectingRegion box="[350,439,907,933]" country="China" name="Yunnan" pageId="71" pageNumber="72">Yunnan</collectingRegion>
, 
<date box="[449,608,906,933]" pageId="71" pageNumber="72" value="2007-08-04" valueMax="2007-08-05" valueMin="2007-08-04">
<collectingDate box="[449,608,906,933]" pageId="71" pageNumber="72" value="2007-08-04" valueMax="2007-08-05" valueMin="2007-08-04">4-5.VIII.2007</collectingDate>
</date>
, leg. 
<collectorName box="[667,769,907,933]" pageId="71" pageNumber="72">Li Jiahui</collectorName>
” (
<collectionCode box="[793,888,907,933]" pageId="71" pageNumber="72">LSSYU</collectionCode>
)
</materialsCitation>
.
</paragraph>
</subSubSection>
<subSubSection lastPageId="72" lastPageNumber="73" pageId="71" pageNumber="72" type="description">
<paragraph blockId="71.[151,1437,150,2013]" pageId="71" pageNumber="72">
<emphasis bold="true" box="[199,373,942,968]" pageId="71" pageNumber="72">Redescription.</emphasis>
Length: 
<quantity box="[476,565,943,969]" metricMagnitude="-3" metricUnit="m" metricValue="7.8" pageId="71" pageNumber="72" unit="mm" value="7.8">7.8 mm</quantity>
, length of elytra: 
<quantity box="[766,855,942,969]" metricMagnitude="-3" metricUnit="m" metricValue="5.5" pageId="71" pageNumber="72" unit="mm" value="5.5">5.5 mm</quantity>
, width: 
<quantity box="[947,1037,942,969]" metricMagnitude="-3" metricUnit="m" metricValue="4.5" pageId="71" pageNumber="72" unit="mm" value="4.5">4.5 mm</quantity>
. Body oblong-oval, reddish brown, antenna yellowish, surface dull, labroclypeus shiny, except a few short setae on sides of elytra, glabrous.
</paragraph>
<paragraph blockId="71.[151,1437,150,2013]" pageId="71" pageNumber="72">
Labroclypeus wide and subtrapezoidal, widest at base, lateral margins nearly straight and convergent anteriorly, anterior angles strongly rounded, anterior margin weakly emarginate medially; margins moderately reflexed; lateral margin and ocular canthus produce an indistinct angle; surface flat, with an indistinct longitudinal elevation behind anterior margin, finely, densely punctate, glabrous; frontoclypeal suture distinctly incised, angled medially; smooth area anterior to eye convex, twice as wide as long; ocular canthus short and narrow (1/3 of ocular diameter), finely densely punctate, with a long terminal seta. Frons dull, with moderately dense, fine punctures, with a few single setae beside eyes. Eyes small, ratio diameter/ interocular width: 0.53. Antenna with ten antennomeres; club with three antennomeres and straight, as long as remaining antennomeres combined. 
<collectingRegion box="[1048,1143,1267,1293]" country="Myanmar" name="Chin" pageId="71" pageNumber="72">Mentum</collectingRegion>
elevated and slightly flattened anteriorly.
</paragraph>
<paragraph blockId="71.[151,1437,150,2013]" pageId="71" pageNumber="72">Pronotum transverse, widest at base, lateral margins moderately evenly convex, moderately convergent anteriorly and posteriorly, anterior angles distinctly produced and sharp, posterior angles blunt, moderately rounded at tip; anterior margin weakly convex, with fine complete marginal line, base without marginal line; surface moderately finely and densely punctate, with minute setae in punctures; anterior and lateral margin finely setose; hypomeron carinate, not produced ventrally. Scutellum wide, triangular, with fine, moderately dense punctures.</paragraph>
<paragraph blockId="71.[151,1437,150,2013]" pageId="71" pageNumber="72">Elytra widest at posterior third, striae finely impressed, finely and densely punctate, intervals slightly convex, with fine, moderately dense punctures being except on second interval partly concentrated along striae, with minute setae in punctures and penultimate interval with a few short setae, otherwise glabrous; epipleural margin robust, ending at nearly blunt external apical angle of elytra, epipleura sparsely setose; apical border of elytra membraneous, with a fine rim of microtrichomes (visible at ca 100x magnification).</paragraph>
<paragraph blockId="71.[151,1437,150,2013]" pageId="71" pageNumber="72">Ventral surface dull, finely and densely punctate, with dense and fine, adpressed setae, metasternal disc sparsely covered with longer setae; metacoxa with a few longer setae laterally. Abdominal sternites finely and densely punctate, glabrous, each sternite with a transverse row of punctures each bearing a fine seta. Mesosternum between mesocoxae as wide as mesofemur. Ratio of length of metepisternum/metacoxa: 1/1.6. Pygidium strongly convex, dull, finely and sparsely punctate, without smooth midline, with a few setae along apical margin.</paragraph>
<paragraph blockId="71.[151,1437,150,2013]" lastBlockId="72.[151,1437,151,537]" lastPageId="72" lastPageNumber="73" pageId="71" pageNumber="72">Legs short and wide; femora dull, with two longitudinal rows of setae, finely and sparsely punctate. Anterior margin of metafemur acute, without adjacent serrated line, anterior row of setae completely reduced; posterior ventral margin smooth, moderately widened at ventral apex, dorsal posterior margin smooth, neither serrate, glabrous. Metatibia short and wide, widest at middle, ratio of width/length: 1/2.67, sharply carinate dorsally, with two groups of spines, basal group at middle, apical group at three quarters of metatibial length, in basal half with a few short single spines close to dorsal margin; lateral face longitudinally convex, nearly entirely impunctate, only a few fine punctures beside dorsal and ventral margin, glabrous; ventral margin finely serrate, with four equidistant robust setae; medial face smooth and glabrous; apex finely serrate, shallowly emarginate interiorly near tarsal articulation. Tarsomeres dorsally impunctate, glabrous, neither laterally nor dorsally carinate, moderately setose ventrally; metatarsomeres with a strongly serrated ridge ventrally and a smooth subventral longitudinal carina; first metatarsomere as long as following two tarsomeres combined and as long as dorsal tibial spur. Protibia moderately long, bidentate; anterior claws symmetrical, basal tooth of both claws bluntly truncate at apex.</paragraph>
<paragraph blockId="72.[151,1437,151,537]" box="[199,656,439,465]" pageId="72" pageNumber="73">
Aedeagus: 
<figureCitation box="[324,403,439,465]" captionStart="FIGURE 14" captionStartId="69.[151,250,1910,1934]" captionTargetBox="[236,1348,192,1877]" captionTargetId="figure-20@69.[226,1361,181,1886]" captionTargetPageId="69" captionText="FIGURE 14. A–E: Maladera perniciosa (Brenske, 1898) (Vietnam: Lao Cai: Sa Pa); F–J: M. sontica (Brenske, 1898) (Laos: Louangnamtha: Namtha); K–O: M. verticalis (Fairmaire, 1888b) (China: Shaanxi: Houzhenzi). A, F, K: aedeagus, left side lateral view; D, I, N: aedeagus, right side lateral view; B, G, L: aedeagus, dorsal view; C, H, M: left parameres, ventral view; E, J, O: habitus. Scale: 0.5 mm. Habitus not to scale." figureDoi="http://doi.org/10.5281/zenodo.4496344" httpUri="https://zenodo.org/record/4496344/files/figure.png" pageId="72" pageNumber="73">Fig. 14</figureCitation>
F–I. Habitus: 
<figureCitation box="[559,652,439,465]" captionStart="FIGURE 14" captionStartId="69.[151,250,1910,1934]" captionTargetBox="[236,1348,192,1877]" captionTargetId="figure-20@69.[226,1361,181,1886]" captionTargetPageId="69" captionText="FIGURE 14. A–E: Maladera perniciosa (Brenske, 1898) (Vietnam: Lao Cai: Sa Pa); F–J: M. sontica (Brenske, 1898) (Laos: Louangnamtha: Namtha); K–O: M. verticalis (Fairmaire, 1888b) (China: Shaanxi: Houzhenzi). A, F, K: aedeagus, left side lateral view; D, I, N: aedeagus, right side lateral view; B, G, L: aedeagus, dorsal view; C, H, M: left parameres, ventral view; E, J, O: habitus. Scale: 0.5 mm. Habitus not to scale." figureDoi="http://doi.org/10.5281/zenodo.4496344" httpUri="https://zenodo.org/record/4496344/files/figure.png" pageId="72" pageNumber="73">Fig. 14J</figureCitation>
.
</paragraph>
</subSubSection>
<subSubSection box="[199,575,475,501]" pageId="72" pageNumber="73" type="discussion">
<paragraph blockId="72.[151,1437,151,537]" box="[199,575,475,501]" pageId="72" pageNumber="73">
<emphasis bold="true" box="[199,315,475,501]" pageId="72" pageNumber="73">Remarks.</emphasis>
New record for 
<collectingCountry box="[500,571,475,501]" name="China" pageId="72" pageNumber="73">China</collectingCountry>
.
</paragraph>
</subSubSection>
<subSubSection box="[199,704,510,537]" pageId="72" pageNumber="73" type="distribution">
<paragraph blockId="72.[151,1437,151,537]" box="[199,704,510,537]" pageId="72" pageNumber="73">
<emphasis bold="true" box="[199,353,510,536]" pageId="72" pageNumber="73">Distribution.</emphasis>
See map (
<figureCitation box="[470,552,511,537]" captionStart="FIGURE 94" captionStartId="348.[151,250,1976,2000]" captionTargetBox="[209,1379,1129,1945]" captionTargetId="figure-51@348.[202,1386,1122,1953]" captionTargetPageId="348" captionText="FIGURE 94. Distribution of the subgenus Omaladera: Maladera sontica (Brenske, 1898), M. verticalis (Fairmaire, 1888), M. weni sp. n., M. wuliangshanensis sp. n., M. xingkei sp. n., M. yibini sp. n.." figureDoi="http://doi.org/10.5281/zenodo.4496570" httpUri="https://zenodo.org/record/4496570/files/figure.png" pageId="72" pageNumber="73">Fig. 94</figureCitation>
) and 
<tableCitation box="[614,698,511,537]" captionStart="TABLE 1" captionStartId="368.[151,239,544,570]" captionText="TABLE 1. Overview on the distribuition of the Chinese mainland species of Maladera Mulsant &amp; Rey, 1871 (x – records from material examined herein, o – records from literature, with no material of this study)." pageId="72" pageNumber="73">Table 1</tableCitation>
.
</paragraph>
</subSubSection>
</treatment>
</document>