<document ID-DOI="http://doi.org/10.5281/zenodo.4534607" ID-GBIF-Dataset="188411de-569c-4408-a016-1a04b858c142" ID-ISSN="1175-5326" ID-Zenodo-Dep="4534607" ID-ZooBank="D7F9C6A3-9C28-4F4C-8E81-BF24849FDD8C" _generate="added" approvalRequired="33" approvalRequired_for_illustrations="17" approvalRequired_for_treatments="16" checkinTime="1612331093960" checkinUser="plazi" docAuthor="Fabrizi, Silvia, Liu, Wan-Gang, Bai, Ming, Yang, Xing-Ke &amp; Ahrens, Dirk" docDate="2021" docId="03BD87E66BFCFF5AAF89FF41FD103CE1" docLanguage="en" docName="zootaxa.4922.1.1.pdf" docOrigin="Zootaxa 4922 (1)" docStyle="DocumentStyle:5EBBA59367AD13919D70D935FA04F6A3.7:Zootaxa.2013-.monograph" docStyleId="5EBBA59367AD13919D70D935FA04F6A3" docStyleName="Zootaxa.2013-.monograph" docStyleVersion="7" docTitle="Maladera taiwana Nomura 1974" docType="treatment" docVersion="7" lastPageId="159" lastPageNumber="160" masterDocId="FF84FF9E6B61FFC5AF1EF86AFFDE3D4C" masterDocTitle="A monograph of the genus Maladera Mulsant &amp; Rey, 1871 of China (Coleoptera: Scarabaeidae: Melolonthinae: Sericini)" masterLastPageNumber="400" masterPageNumber="1" pageId="157" pageNumber="158" updateTime="1615983897969" updateUser="diego">
<mods:mods xmlns:mods="http://www.loc.gov/mods/v3">
<mods:titleInfo>
<mods:title>A monograph of the genus Maladera Mulsant &amp; Rey, 1871 of China (Coleoptera: Scarabaeidae: Melolonthinae: Sericini)</mods:title>
</mods:titleInfo>
<mods:name type="personal">
<mods:role>
<mods:roleTerm>Author</mods:roleTerm>
</mods:role>
<mods:namePart>Fabrizi, Silvia</mods:namePart>
<mods:nameIdentifier type="ORCID">0000-0003-3524-7153</mods:nameIdentifier>
<mods:nameIdentifier type="email">ahrens.dirk_col@gmx.de</mods:nameIdentifier>
</mods:name>
<mods:name type="personal">
<mods:role>
<mods:roleTerm>Author</mods:roleTerm>
</mods:role>
<mods:namePart>Liu, Wan-Gang</mods:namePart>
<mods:nameIdentifier type="ORCID">0000-0003-4788-7967</mods:nameIdentifier>
<mods:nameIdentifier type="email">liuwangang@ieecas.cn</mods:nameIdentifier>
</mods:name>
<mods:name type="personal">
<mods:role>
<mods:roleTerm>Author</mods:roleTerm>
</mods:role>
<mods:namePart>Bai, Ming</mods:namePart>
<mods:nameIdentifier type="ORCID">0000-0003-3676-6828</mods:nameIdentifier>
<mods:nameIdentifier type="email">liuwangang@ieecas.cn</mods:nameIdentifier>
</mods:name>
<mods:name type="personal">
<mods:role>
<mods:roleTerm>Author</mods:roleTerm>
</mods:role>
<mods:namePart>Yang, Xing-Ke</mods:namePart>
<mods:nameIdentifier type="ORCID">0000-0003-3676-6828</mods:nameIdentifier>
<mods:nameIdentifier type="email">liuwangang@ieecas.cn</mods:nameIdentifier>
</mods:name>
<mods:name type="personal">
<mods:role>
<mods:roleTerm>Author</mods:roleTerm>
</mods:role>
<mods:namePart>Ahrens, Dirk</mods:namePart>
<mods:nameIdentifier type="ORCID">0000-0003-3524-7153</mods:nameIdentifier>
<mods:nameIdentifier type="email">ahrens.dirk_col@gmx.de</mods:nameIdentifier>
</mods:name>
<mods:typeOfResource>text</mods:typeOfResource>
<mods:relatedItem type="host">
<mods:titleInfo>
<mods:title>Zootaxa</mods:title>
</mods:titleInfo>
<mods:part>
<mods:date>2021</mods:date>
<mods:detail type="pubDate">
<mods:number>2021-02-03</mods:number>
</mods:detail>
<mods:detail type="volume">
<mods:number>4922</mods:number>
</mods:detail>
<mods:detail type="issue">
<mods:number>1</mods:number>
</mods:detail>
<mods:extent unit="page">
<mods:start>1</mods:start>
<mods:end>400</mods:end>
</mods:extent>
</mods:part>
</mods:relatedItem>
<mods:classification>journal article</mods:classification>
<mods:identifier type="DOI">https://doi.org/10.11646/zootaxa.4922.1.1</mods:identifier>
<mods:identifier type="GBIF-Dataset">188411de-569c-4408-a016-1a04b858c142</mods:identifier>
<mods:identifier type="ISSN">1175-5326</mods:identifier>
<mods:identifier type="Zenodo-Dep">4496316</mods:identifier>
<mods:identifier type="ZooBank">D7F9C6A3-9C28-4F4C-8E81-BF24849FDD8C</mods:identifier>
</mods:mods>
<treatment ID-DOI="http://doi.org/10.5281/zenodo.4534607" ID-Zenodo-Dep="4534607" LSID="urn:lsid:plazi:treatment:03BD87E66BFCFF5AAF89FF41FD103CE1" httpUri="http://treatment.plazi.org/id/03BD87E66BFCFF5AAF89FF41FD103CE1" lastPageId="159" lastPageNumber="160" pageId="157" pageNumber="158">
<subSubSection box="[151,557,1835,1862]" pageId="157" pageNumber="158" type="nomenclature">
<paragraph blockId="157.[151,557,1835,1898]" box="[151,557,1835,1862]" pageId="157" pageNumber="158">
<heading bold="true" box="[151,557,1835,1862]" fontSize="11" level="2" pageId="157" pageNumber="158" reason="4">
<taxonomicName authority="Nomura, 1974" authorityName="Nomura" authorityYear="1974" box="[151,557,1835,1862]" class="Insecta" family="Melolonthidae" genus="Maladera" kingdom="Animalia" order="Coleoptera" pageId="157" pageNumber="158" phylum="Arthropoda" rank="species" species="taiwana">
<emphasis bold="true" box="[151,557,1835,1862]" pageId="157" pageNumber="158">
<emphasis bold="true" box="[151,372,1835,1862]" italics="true" pageId="157" pageNumber="158">Maladera taiwana</emphasis>
<bibRefCitation author="Nomura, S." box="[379,557,1835,1862]" pageId="157" pageNumber="158" pagination="81 - 115" refId="ref335003" refString="Nomura, S. (1974) On the Sericini of Taiwan. Toho-Gakuho, 24, 81 - 115." type="journal article" year="1974">Nomura, 1974</bibRefCitation>
</emphasis>
</taxonomicName>
</heading>
</paragraph>
</subSubSection>
<subSubSection box="[151,381,1871,1898]" pageId="157" pageNumber="158" type="description">
<paragraph blockId="157.[151,557,1835,1898]" box="[151,381,1871,1898]" pageId="157" pageNumber="158">
<figureCitation box="[151,269,1871,1898]" captionStart="FIGURE 35" captionStartId="157.[151,250,1657,1681]" captionTargetBox="[158,1424,280,1624]" captionTargetId="figure-58@157.[151,1436,273,1634]" captionTargetPageId="157" captionText="FIGURE 35. A–D: Maladera taiwana Nomura, 1974 (China: Guangxi: Pingxiang); E–H: M. jinghongensis Ahrens, Fabrizi &amp; Liu, sp. n. (holotype). A, E: aedeagus, left side lateral view; C, G: aedeagus, right side lateral view; B, F: parameres, dorsal view; D, H: habitus. Scale: 0.5 mm. Habitus not to scale." figureDoi="http://doi.org/10.5281/zenodo.4496400" httpUri="https://zenodo.org/record/4496400/files/figure.png" pageId="157" pageNumber="158">Figures 35</figureCitation>
A–D, 104
</paragraph>
</subSubSection>
<subSubSection box="[151,974,1940,1964]" pageId="157" pageNumber="158" type="reference_group">
<paragraph blockId="157.[151,974,1940,1964]" box="[151,974,1940,1964]" pageId="157" pageNumber="158">
<treatmentCitationGroup box="[151,974,1940,1964]" pageId="157" pageNumber="158">
<treatmentCitation author="Nomura, S." box="[151,546,1940,1964]" page="104" pageId="157" pageNumber="158" year="1974">
<taxonomicName authority="Nomura, 1974: 104" authorityName="Nomura" authorityPageNumber="104" authorityYear="1974" box="[151,546,1940,1964]" class="Insecta" family="Melolonthidae" genus="Maladera" kingdom="Animalia" order="Coleoptera" pageId="157" pageNumber="158" phylum="Arthropoda" rank="species" species="taiwana">
<emphasis box="[151,339,1940,1964]" italics="true" pageId="157" pageNumber="158">Maladera taiwana</emphasis>
<bibRefCitation author="Nomura, S." box="[345,546,1940,1964]" pageId="157" pageNumber="158" pagination="81 - 115" refId="ref335003" refString="Nomura, S. (1974) On the Sericini of Taiwan. Toho-Gakuho, 24, 81 - 115." type="journal article" year="1974">Nomura, 1974: 104</bibRefCitation>
</taxonomicName>
</treatmentCitation>
; 
<treatmentCitation author="Ahrens, D." box="[555,727,1940,1964]" page="83" pageId="157" pageNumber="158" year="2002">
<bibRefCitation author="Ahrens, D." box="[555,727,1940,1964]" pageId="157" pageNumber="158" pagination="53 - 91" refId="ref329519" refString="Ahrens, D. (2002) Notes on distribution and synonymy of sericid beetles from Taiwan, with descriptions of new species (Coleoptera, Scarabaeoidea, Sericini). Annales Historico-Naturales Musei Nationalis Hungarici, 94, 53 - 91." type="journal article" year="2002">Ahrens 2002: 83</bibRefCitation>
</treatmentCitation>
; 
<treatmentCitation author="Ahrens, D." box="[737,855,1940,1964]" page="238" pageId="157" pageNumber="158" year="2006">
<bibRefCitation author="Ahrens, D." box="[737,855,1940,1964]" pageId="157" pageNumber="158" refId="ref329946" refString="Ahrens, D. (2006 b) Sericinae. In: Lobl, I. &amp; Smetana, A. (Eds.), Catalogue of Palaearctic Coleoptera. Volume 3. Scarabaeoidea-Scirtoidea-Dascilloidea-Buprestoidea-Byrrhoidea. Apollo Books, Stenstrup, pp. 229 - 248." type="book" year="2006">2006b: 238</bibRefCitation>
</treatmentCitation>
; 
<treatmentCitation author="Ahrens, D." box="[865,970,1940,1964]" page="25" pageId="157" pageNumber="158" year="2007">
<bibRefCitation author="Ahrens, D." box="[865,970,1940,1964]" pageId="157" pageNumber="158" pagination="1 - 51" refId="ref330155" refString="Ahrens, D. (2007 b) Taxonomic changes and an updated Catalogue of Palearctic Sericini (Coleoptera: Scarabaeidae: Melolonthinae). Zootaxa, 1504 (1), 1 - 51. https: // doi. org / 10.11646 / zootaxa. 1504.1.1" type="journal article" year="2007">2007b: 25</bibRefCitation>
</treatmentCitation>
.
</treatmentCitationGroup>
</paragraph>
</subSubSection>
<subSubSection lastPageId="158" lastPageNumber="159" pageId="157" pageNumber="158" type="materials_examined">
<paragraph blockId="157.[151,1436,2010,2037]" lastBlockId="158.[151,1437,150,2013]" lastPageId="158" lastPageNumber="159" pageId="157" pageNumber="158">
<emphasis bold="true" box="[151,516,2010,2036]" pageId="157" pageNumber="158">Additional material examined.</emphasis>
<materialsCitation box="[522,1309,2010,2037]" collectingDate="1984-05-16" collectionCode="IZAS" collectorName="Song Shimei" country="China" location="Guangxi" pageId="157" pageNumber="158" specimenCount="1" specimenCount-male="1" stateProvince="Guangxi">
<emphasis bold="true" box="[522,605,2010,2036]" pageId="157" pageNumber="158">
<collectingCountry box="[522,599,2010,2036]" name="China" pageId="157" pageNumber="158">China</collectingCountry>
:
</emphasis>
<specimenCount box="[612,653,2010,2037]" pageId="157" pageNumber="158" type="male">1 ♂</specimenCount>
“Longrui, 
<collectingRegion box="[777,876,2010,2036]" country="China" name="Guangxi" pageId="157" pageNumber="158">Guangxi</collectingRegion>
, 
<date box="[887,1004,2010,2036]" pageId="157" pageNumber="158" value="1984-05-16">
<collectingDate box="[887,1004,2010,2036]" pageId="157" pageNumber="158" value="1984-05-16">16.V.1984</collectingDate>
</date>
, leg. 
<collectorName box="[1063,1210,2010,2036]" pageId="157" pageNumber="158">Song Shimei</collectorName>
” (
<collectionCode box="[1234,1301,2010,2036]" country="0" httpUri="http://grbio.org/cool/043p-ts4f" name="Institut Zoologii Akademii Nauk Ukraini - Institute of Zoology of the Academy of Sciences of Ukraine" pageId="157" pageNumber="158">IZAS</collectionCode>
)
</materialsCitation>
, 
<materialsCitation collectingDate="1957-06-20" collectingDateMax="2017-05-16" collectingDateMin="1957-06-20" collectionCode="IZAS, CAU, HBUM, BMNH, ZFMK, CASH, NME" collectorName="Wang Ji" country="Vietnam" county="Nui Pia Oac Nature Reserve" elevation="990" lastPageId="158" lastPageNumber="159" latitude="21.384167" location="Borikhamai" longLatPrecision="21" longitude="105.71222" municipality="Laos" pageId="157" pageNumber="158" specimenCount="488" specimenCount-female="5" specimenCount-male="6" stateProvince="Loei">
<specimenCount box="[1321,1363,2010,2037]" pageId="157" pageNumber="158" type="male">1 ♂</specimenCount>
“Longrui, Ningming, Guangxi, 
<date box="[452,569,151,177]" pageId="158" pageNumber="159" value="1984-05-17">
<collectingDate box="[452,569,151,177]" pageId="158" pageNumber="159" value="1984-05-17">17.V.1984</collectingDate>
</date>
, leg. 
<collectorName box="[632,726,151,177]" pageId="158" pageNumber="159">Wang Ji</collectorName>
” (
<collectionCode box="[752,819,151,177]" country="0" httpUri="http://grbio.org/cool/043p-ts4f" name="Institut Zoologii Akademii Nauk Ukraini - Institute of Zoology of the Academy of Sciences of Ukraine" pageId="158" pageNumber="159">IZAS</collectionCode>
),
</materialsCitation>
<materialsCitation pageId="158" pageNumber="159">
<specimenCount box="[840,884,151,177]" pageId="158" pageNumber="159" type="male">1 ♂</specimenCount>
“Xiangshui, Boluo, Guangdong, 
<date box="[1265,1382,150,177]" pageId="158" pageNumber="159" value="1965-05-28">
<collectingDate box="[1265,1382,150,177]" pageId="158" pageNumber="159" value="1965-05-28">28.V.1965</collectingDate>
</date>
, leg. 
<collectorName box="[151,322,187,213]" pageId="158" pageNumber="159">Zhang Youwei</collectorName>
” (
<collectionCode box="[350,417,187,213]" country="0" httpUri="http://grbio.org/cool/043p-ts4f" name="Institut Zoologii Akademii Nauk Ukraini - Institute of Zoology of the Academy of Sciences of Ukraine" pageId="158" pageNumber="159">IZAS</collectionCode>
),
</materialsCitation>
<materialsCitation pageId="158" pageNumber="159">
<specimenCount box="[441,487,187,213]" pageId="158" pageNumber="159" type="female">2 ♀</specimenCount>
“Banbaxiang, Fangcheng, Guangxi, 
<date box="[918,1034,187,213]" pageId="158" pageNumber="159" value="2000-06-04">
<collectingDate box="[918,1034,187,213]" pageId="158" pageNumber="159" value="2000-06-04">
4.VI. 
<quantity box="[972,1034,187,213]" metricMagnitude="6" metricUnit="m" metricValue="2.00055" pageId="158" pageNumber="159" unit="m" value="2000550.0">2000</quantity>
</collectingDate>
</date>
, 550m, leg. 
<collectorName box="[1183,1286,187,213]" pageId="158" pageNumber="159">Yao Jian</collectorName>
, Zhang Yanzhou” (
<collectionCode box="[235,302,223,249]" country="0" httpUri="http://grbio.org/cool/043p-ts4f" name="Institut Zoologii Akademii Nauk Ukraini - Institute of Zoology of the Academy of Sciences of Ukraine" pageId="158" pageNumber="159">IZAS</collectionCode>
),
</materialsCitation>
<materialsCitation box="[324,1240,222,249]" pageId="158" pageNumber="159">
<specimenCount box="[324,368,223,249]" pageId="158" pageNumber="159" type="female">1 ♀</specimenCount>
“Sanlian, Longzhou, Guangxi, 
<date box="[733,862,223,249]" pageId="158" pageNumber="159" value="2000-06-13">
<collectingDate box="[733,862,223,249]" pageId="158" pageNumber="159" value="2000-06-13">
13.VI. 
<quantity box="[799,862,223,249]" metricMagnitude="6" metricUnit="m" metricValue="2.00035" pageId="158" pageNumber="159" unit="m" value="2000350.0">2000</quantity>
</collectingDate>
</date>
, 350m, leg. 
<collectorName box="[1007,1134,223,249]" pageId="158" pageNumber="159">Li Wenzhu</collectorName>
” (
<collectionCode box="[1161,1228,223,249]" country="0" httpUri="http://grbio.org/cool/043p-ts4f" name="Institut Zoologii Akademii Nauk Ukraini - Institute of Zoology of the Academy of Sciences of Ukraine" pageId="158" pageNumber="159">IZAS</collectionCode>
),
</materialsCitation>
<materialsCitation pageId="158" pageNumber="159">
<specimenCount box="[1250,1294,223,249]" pageId="158" pageNumber="159" type="male">1 ♂</specimenCount>
“Pingxiang, Guangxi, 
<date box="[263,380,259,285]" pageId="158" pageNumber="159" value="1963-05-17">
<collectingDate box="[263,380,259,285]" pageId="158" pageNumber="159" value="1963-05-17">17.V.1963</collectingDate>
</date>
, leg. 
<collectorName box="[440,570,259,285]" pageId="158" pageNumber="159">Yang Jikun</collectorName>
” (
<collectionCode box="[595,659,259,285]" country="China" lsid="urn:lsid:biocol.org:col:33074" name="China Agricultural University" pageId="158" pageNumber="159">CAU</collectionCode>
),
</materialsCitation>
<materialsCitation box="[680,1436,259,285]" pageId="158" pageNumber="159">
<specimenCount box="[680,725,259,285]" pageId="158" pageNumber="159" type="male">1 ♂</specimenCount>
, 
<specimenCount box="[738,781,259,285]" pageId="158" pageNumber="159" type="female">1 ♀</specimenCount>
“Pingxiang, Guangxi, 
<date box="[1041,1144,259,285]" pageId="158" pageNumber="159" value="1963-05-08">
<collectingDate box="[1041,1144,259,285]" pageId="158" pageNumber="159" value="1963-05-08">8.V.1963</collectingDate>
</date>
, leg. 
<collectorName box="[1205,1334,259,285]" pageId="158" pageNumber="159">Yang Jikun</collectorName>
” (
<collectionCode box="[1359,1423,259,285]" country="China" lsid="urn:lsid:biocol.org:col:33074" name="China Agricultural University" pageId="158" pageNumber="159">CAU</collectionCode>
),
</materialsCitation>
<materialsCitation box="[151,1010,294,321]" pageId="158" pageNumber="159">
<specimenCount box="[151,196,295,321]" pageId="158" pageNumber="159" type="male">1 ♂</specimenCount>
“Xiangshui, Boluo, Guangxi, 
<date box="[550,667,294,321]" pageId="158" pageNumber="159" value="1965-05-31">
<collectingDate box="[550,667,294,321]" pageId="158" pageNumber="159" value="1965-05-31">31.V.1965</collectingDate>
</date>
, leg. 
<collectorName box="[733,903,295,321]" pageId="158" pageNumber="159">Zhang Youwei</collectorName>
” (
<collectionCode box="[930,997,295,321]" country="0" httpUri="http://grbio.org/cool/043p-ts4f" name="Institut Zoologii Akademii Nauk Ukraini - Institute of Zoology of the Academy of Sciences of Ukraine" pageId="158" pageNumber="159">IZAS</collectionCode>
),
</materialsCitation>
<materialsCitation pageId="158" pageNumber="159">
<specimenCount box="[1020,1065,295,321]" pageId="158" pageNumber="159" type="male">1 ♂</specimenCount>
“Yexianggu, Jinghong, Yunnan, 
<date box="[151,309,331,357]" pageId="158" pageNumber="159" value="2006-08-03" valueMax="2006-08-04" valueMin="2006-08-03">
<collectingDate box="[151,309,331,357]" pageId="158" pageNumber="159" value="2006-08-03" valueMax="2006-08-04" valueMin="2006-08-03">
3-4.VIII. 
<quantity box="[247,309,331,357]" metricMagnitude="6" metricUnit="m" metricValue="2.00685" pageId="158" pageNumber="159" unit="m" value="2006850.0">2006</quantity>
</collectingDate>
</date>
, 850m, leg. 
<collectorName box="[445,607,331,357]" pageId="158" pageNumber="159">Mao Benyong</collectorName>
, etc.” (
<collectionCode box="[684,774,331,357]" country="China" httpUri="http://grbio.org/cool/6ww3-041h" name="College of Life Sciences Hebei Univesity, Baoding" pageId="158" pageNumber="159">HBUM</collectionCode>
),
</materialsCitation>
<materialsCitation pageId="158" pageNumber="159">
<specimenCount box="[792,833,331,357]" pageId="158" pageNumber="159" type="male">1 ♂</specimenCount>
“Heilongtan, Kunming, 
<date box="[1109,1239,330,357]" pageId="158" pageNumber="159" value="1957-06-20">
<collectingDate box="[1109,1239,330,357]" pageId="158" pageNumber="159" value="1957-06-20">20.VI.1957</collectingDate>
</date>
, leg. 
<collectorName box="[1298,1360,331,357]" pageId="158" pageNumber="159">Hong</collectorName>
Chunpei” (
<collectionCode box="[212,279,367,393]" country="0" httpUri="http://grbio.org/cool/043p-ts4f" name="Institut Zoologii Akademii Nauk Ukraini - Institute of Zoology of the Academy of Sciences of Ukraine" pageId="158" pageNumber="159">IZAS</collectionCode>
),
</materialsCitation>
<materialsCitation box="[298,885,366,393]" pageId="158" pageNumber="159">
<specimenCount box="[298,352,367,393]" pageId="158" pageNumber="159" type="generic">4 ex.</specimenCount>
“China Foochow 1935- 
<specimenCount box="[619,673,366,393]" pageId="158" pageNumber="159" type="generic">6 M.</specimenCount>
<collectorName box="[673,759,367,393]" pageId="158" pageNumber="159">S. Yang</collectorName>
” (
<collectionCode box="[782,872,367,393]" pageId="158" pageNumber="159">BMNH</collectionCode>
).
</materialsCitation>
<materialsCitation pageId="158" pageNumber="159">
<emphasis bold="true" box="[890,1001,366,392]" pageId="158" pageNumber="159">
<collectingCountry box="[890,996,366,392]" name="Vietnam" pageId="158" pageNumber="159">Vietnam</collectingCountry>
:
</emphasis>
<specimenCount box="[1007,1089,367,393]" pageId="158" pageNumber="159" type="generic">446 ex.</specimenCount>
“N-Vietnam: Bac Ha env., Lao Cai Prov., 
<geoCoordinate box="[271,414,402,429]" degrees="22" direction="north" minutes="32" orientation="latitude" pageId="158" pageNumber="159" precision="15" seconds="05" value="22.534721">22°32’05’’N</geoCoordinate>
, 
<geoCoordinate box="[427,581,403,429]" degrees="104" direction="east" minutes="17" orientation="longitude" pageId="158" pageNumber="159" precision="15" seconds="32" value="104.29222">104°17’32’’E</geoCoordinate>
, 
<quantity box="[594,726,403,429]" metricMagnitude="2" metricUnit="m" metricValue="9.9" metricValueMax="10.0" metricValueMin="9.8" pageId="158" pageNumber="159" unit="m" value="990.0" valueMax="1000.0" valueMin="980.0">
<elevation box="[594,726,403,429]" metricMagnitude="2" metricUnit="m" metricValue="9.9" metricValueMax="10.0" metricValueMin="9.8" pageId="158" pageNumber="159" unit="m" value="990.0" valueMax="1000.0" valueMin="980.0">980-1000m</elevation>
</quantity>
, 
<date box="[738,894,403,429]" pageId="158" pageNumber="159" value="1999-05-28" valueMax="1999-05-30" valueMin="1999-05-28">
<collectingDate box="[738,894,403,429]" pageId="158" pageNumber="159" value="1999-05-28" valueMax="1999-05-30" valueMin="1999-05-28">28.-30.v.1999</collectingDate>
</date>
, leg. 
<collectorName box="[956,1035,403,429]" pageId="158" pageNumber="159">Fabrizi</collectorName>
&amp; Ahrens” (
<collectionCode box="[1180,1264,403,429]" country="Germany" httpUri="http://biocol.org/urn:lsid:biocol.org:col:34613" lsid="urn:lsid:biocol.org:col:34613" name="Zoologisches Forschungsmuseum Alexander Koenig" pageId="158" pageNumber="159" type="Museum">ZFMK</collectionCode>
),
</materialsCitation>
<materialsCitation pageId="158" pageNumber="159">
<specimenCount box="[1284,1339,403,429]" pageId="158" pageNumber="159" type="generic">1 ex.</specimenCount>
(
<specimenCount box="[1358,1376,403,429]" pageId="158" pageNumber="159" type="female">♀</specimenCount>
) “N-Vietnam Bac Kan Prov., Ba Bè NP. (entry), 
<date box="[655,814,439,465]" pageId="158" pageNumber="159" value="2014-05-16" valueMax="2014-05-20" valueMin="2014-05-16">
<collectingDate box="[655,814,439,465]" pageId="158" pageNumber="159" value="2014-05-16" valueMax="2014-05-20" valueMin="2014-05-16">16.-20.V.2014</collectingDate>
</date>
<geoCoordinate box="[822,966,438,465]" degrees="22" direction="north" minutes="25" orientation="latitude" pageId="158" pageNumber="159" precision="15" seconds="07" value="22.41861">22°25’07’’N</geoCoordinate>
, 
<geoCoordinate box="[979,1134,438,465]" degrees="105" direction="east" minutes="38" orientation="longitude" pageId="158" pageNumber="159" precision="15" seconds="09" value="105.63583">105°38’09’’E</geoCoordinate>
, 
<quantity box="[1147,1264,439,465]" metricMagnitude="2" metricUnit="m" metricValue="2.0" metricValueMax="2.2" metricValueMin="1.8" pageId="158" pageNumber="159" unit="m" value="200.0" valueMax="220.0" valueMin="180.0">
<elevation box="[1147,1264,439,465]" metricMagnitude="2" metricUnit="m" metricValue="2.0" metricValueMax="2.2" metricValueMin="1.8" pageId="158" pageNumber="159" unit="m" value="200.0" valueMax="220.0" valueMin="180.0">180-220m</elevation>
</quantity>
, leg. 
<collectorName box="[1326,1427,439,465]" pageId="158" pageNumber="159">A. Skale</collectorName>
” (
<collectionCode box="[159,239,475,501]" pageId="158" pageNumber="159">CASH</collectionCode>
),
</materialsCitation>
<materialsCitation pageId="158" pageNumber="159">
<specimenCount box="[260,316,475,501]" pageId="158" pageNumber="159" type="generic">4 ex.</specimenCount>
“N-Vietnam Cao Bang Prov., vic Tinh Tuc, Son Dong, 
<collectingCounty box="[953,1279,475,501]" pageId="158" pageNumber="159">Nui Pia Oac Nature Reserve</collectingCounty>
, 
<date box="[1291,1436,474,501]" pageId="158" pageNumber="159" value="2014-05-09" valueMax="2014-05-15" valueMin="2014-05-09">
<collectingDate box="[1291,1436,474,501]" pageId="158" pageNumber="159" value="2014-05-09" valueMax="2014-05-15" valueMin="2014-05-09">9.-15.V.2014</collectingDate>
</date>
<geoCoordinate box="[151,295,510,537]" degrees="22" direction="north" minutes="37" orientation="latitude" pageId="158" pageNumber="159" precision="15" seconds="55" value="22.631945">22°37’55’’N</geoCoordinate>
, 
<geoCoordinate box="[308,460,510,537]" pageId="158" pageNumber="159">105°52’98’’E</geoCoordinate>
<quantity box="[468,598,510,537]" metricMagnitude="3" metricUnit="m" metricValue="1.075" metricValueMax="1.3" metricValueMin="0.85" pageId="158" pageNumber="159" unit="m" value="1075.0" valueMax="1300.0" valueMin="850.0">
<elevation box="[468,598,510,537]" metricMagnitude="3" metricUnit="m" metricValue="1.075" metricValueMax="1.3" metricValueMin="0.85" pageId="158" pageNumber="159" unit="m" value="1075.0" valueMax="1300.0" valueMin="850.0">850-1300m</elevation>
</quantity>
leg. 
<collectorName box="[654,755,511,537]" pageId="158" pageNumber="159">A. Skale</collectorName>
” (
<collectionCode box="[780,860,511,537]" pageId="158" pageNumber="159">CASH</collectionCode>
),
</materialsCitation>
<materialsCitation pageId="158" pageNumber="159">
<specimenCount box="[881,937,511,537]" pageId="158" pageNumber="159" type="generic">1 ex.</specimenCount>
“N-Vietnam Cao Bang Prov., vic. Vin Den, Nui Pia Oac Nat. Res. 
<date box="[415,577,547,573]" pageId="158" pageNumber="159" value="2013-05-06" valueMax="2013-05-10" valueMin="2013-05-06">
<collectingDate box="[415,577,547,573]" pageId="158" pageNumber="159" value="2013-05-06" valueMax="2013-05-10" valueMin="2013-05-06">06.-10.V.2013</collectingDate>
</date>
, 
<geoCoordinate box="[590,733,546,573]" degrees="22" direction="north" minutes="33" orientation="latitude" pageId="158" pageNumber="159" precision="15" seconds="53" value="22.564722">22°33’53’’N</geoCoordinate>
, 
<geoCoordinate box="[747,899,546,573]" degrees="105" direction="east" minutes="52" orientation="longitude" pageId="158" pageNumber="159" precision="15" seconds="53" value="105.88139">105°52’53’’E</geoCoordinate>
<quantity box="[908,1037,547,573]" metricMagnitude="3" metricUnit="m" metricValue="1.1" metricValueMax="1.3" metricValueMin="0.9" pageId="158" pageNumber="159" unit="m" value="1100.0" valueMax="1300.0" valueMin="900.0">
<elevation box="[908,1037,547,573]" metricMagnitude="3" metricUnit="m" metricValue="1.1" metricValueMax="1.3" metricValueMin="0.9" pageId="158" pageNumber="159" unit="m" value="1100.0" valueMax="1300.0" valueMin="900.0">900-1300m</elevation>
</quantity>
<collectorName box="[1044,1145,547,573]" pageId="158" pageNumber="159">A. Skale</collectorName>
” (
<collectionCode box="[1172,1252,547,573]" pageId="158" pageNumber="159">CASH</collectionCode>
),
</materialsCitation>
<materialsCitation pageId="158" pageNumber="159">
<specimenCount box="[1273,1330,547,573]" pageId="158" pageNumber="159" type="generic">3 ex.</specimenCount>
“N-Vietnam Thai Nguyen Prov., vic Ngoc Thanh, Me Linh (IEBR station), 
<date box="[906,1023,583,609]" pageId="158" pageNumber="159" value="2012-05-12">
<collectingDate box="[906,1023,583,609]" pageId="158" pageNumber="159" value="2012-05-12">12.V.2012</collectingDate>
</date>
, 
<geoCoordinate box="[1035,1164,583,609]" degrees="21" direction="north" minutes="23" orientation="latitude" pageId="158" pageNumber="159" precision="15" seconds="3" value="21.384167">21°23’3’’N</geoCoordinate>
, 
<geoCoordinate box="[1176,1331,582,609]" degrees="105" direction="east" minutes="42" orientation="longitude" pageId="158" pageNumber="159" precision="15" seconds="44" value="105.71222">105°42’44’’E</geoCoordinate>
, 
<quantity box="[1342,1432,583,609]" metricMagnitude="1" metricUnit="m" metricValue="7.0" metricValueMax="8.0" metricValueMin="6.0" pageId="158" pageNumber="159" unit="m" value="70.0" valueMax="80.0" valueMin="60.0">
<elevation box="[1342,1432,583,609]" metricMagnitude="1" metricUnit="m" metricValue="7.0" metricValueMax="8.0" metricValueMin="6.0" pageId="158" pageNumber="159" unit="m" value="70.0" valueMax="80.0" valueMin="60.0">60-80m</elevation>
</quantity>
, leg. 
<collectorName box="[199,300,619,645]" pageId="158" pageNumber="159">A. Skale</collectorName>
” (
<collectionCode box="[325,405,619,645]" pageId="158" pageNumber="159">CASH</collectionCode>
),
</materialsCitation>
<materialsCitation pageId="158" pageNumber="159">
<specimenCount box="[426,482,619,645]" pageId="158" pageNumber="159" type="generic">1 ex.</specimenCount>
“N-Vietnam, P: Thai Nguyen, vic. Ngoc Than, Me Linh (IEBR station), 
<date box="[1315,1432,619,645]" pageId="158" pageNumber="159" value="2017-05-16">
<collectingDate box="[1315,1432,619,645]" pageId="158" pageNumber="159" value="2017-05-16">16.V.2017</collectingDate>
</date>
, 
<geoCoordinate box="[151,281,655,681]" degrees="21" direction="north" minutes="23" orientation="latitude" pageId="158" pageNumber="159" precision="15" seconds="3" value="21.384167">21°23’3’’N</geoCoordinate>
, 
<geoCoordinate box="[293,448,654,681]" degrees="105" direction="east" minutes="42" orientation="longitude" pageId="158" pageNumber="159" precision="15" seconds="44" value="105.71222">105°42’44’’E</geoCoordinate>
, 
<quantity box="[459,509,655,681]" metricMagnitude="1" metricUnit="m" metricValue="7.0" pageId="158" pageNumber="159" unit="m" value="70.0">
<elevation box="[459,509,655,681]" metricMagnitude="1" metricUnit="m" metricValue="7.0" pageId="158" pageNumber="159" unit="m" value="70.0">70m</elevation>
</quantity>
NN, leg. 
<collectorName box="[618,734,655,681]" pageId="158" pageNumber="159">A. Weigel</collectorName>
, LFF” (
<collectionCode box="[821,889,655,681]" country="Germany" httpUri="http://grbio.org/cool/87iw-xebj" name="Sammlung des Naturkundemseum Erfurt" pageId="158" pageNumber="159">NME</collectionCode>
).
</materialsCitation>
<materialsCitation pageId="158" pageNumber="159">
<emphasis bold="true" box="[908,975,655,681]" pageId="158" pageNumber="159">
<collectingCountry box="[908,970,655,681]" name="Laos" pageId="158" pageNumber="159">Laos</collectingCountry>
:
</emphasis>
<specimenCount box="[983,1038,655,681]" pageId="158" pageNumber="159" type="generic">1 ex.</specimenCount>
“ 
<collectingMunicipality box="[1055,1114,655,681]" pageId="158" pageNumber="159">Laos</collectingMunicipality>
, 
<location LSID="urn:lsid:plazi:treatment:03BD87E66BFCFF5AAF89FF41FD103CE1:8ECB602B6BFFFF5BAB78FAE5FB343FE5" box="[1126,1258,655,681]" country="Vietnam" county="Nui Pia Oac Nature Reserve" latitude="21.384167" longLatPrecision="21" longitude="105.71222" municipality="Laos" name="Borikhamai" pageId="158" pageNumber="159" stateProvince="Loei">Borikhamai</location>
<date box="[1265,1383,655,681]" pageId="158" pageNumber="159" value="1994-05-07">
<collectingDate box="[1265,1383,655,681]" pageId="158" pageNumber="159" value="1994-05-07">07.V.1994</collectingDate>
</date>
; leg. 
<collectorName box="[151,266,691,717]" pageId="158" pageNumber="159">Wakahara</collectorName>
” (
<collectionCode box="[291,375,691,717]" country="Germany" httpUri="http://biocol.org/urn:lsid:biocol.org:col:34613" lsid="urn:lsid:biocol.org:col:34613" name="Zoologisches Forschungsmuseum Alexander Koenig" pageId="158" pageNumber="159" type="Museum">ZFMK</collectionCode>
),
</materialsCitation>
<materialsCitation box="[394,1253,690,717]" pageId="158" pageNumber="159">
<specimenCount box="[394,450,691,717]" pageId="158" pageNumber="159" type="generic">1 ex.</specimenCount>
“Laos-N, Louang Namtha circ., 
<date box="[823,952,690,717]" pageId="158" pageNumber="159" value="1996-04-05">
<collectingDate box="[823,952,690,717]" pageId="158" pageNumber="159" value="1996-04-05">04.05.1996</collectingDate>
</date>
, 
<collectorName box="[964,1093,691,717]" pageId="158" pageNumber="159">I. Pljushtch</collectorName>
lg.” (
<collectionCode box="[1158,1242,691,717]" country="Germany" httpUri="http://biocol.org/urn:lsid:biocol.org:col:34613" lsid="urn:lsid:biocol.org:col:34613" name="Zoologisches Forschungsmuseum Alexander Koenig" pageId="158" pageNumber="159" type="Museum">ZFMK</collectionCode>
),
</materialsCitation>
<materialsCitation pageId="158" pageNumber="159">
<specimenCount box="[1261,1317,691,717]" pageId="158" pageNumber="159" type="generic">1 ex.</specimenCount>
“ 
<location LSID="urn:lsid:plazi:treatment:03BD87E66BFCFF5AAF89FF41FD103CE1:8ECB602B6BFFFF5BAA29FAD9FAAC3F81" box="[1335,1394,691,717]" country="Vietnam" county="Nui Pia Oac Nature Reserve" latitude="21.384167" longLatPrecision="21" longitude="105.71222" municipality="Laos" name="Laos" pageId="158" pageNumber="159" stateProvince="Loei">Laos</location>
, 
<location LSID="urn:lsid:plazi:treatment:03BD87E66BFCFF5AAF89FF41FD103CE1:8ECB602B6BFFFF5BAA61FAD9FA433F81" box="[1407,1437,691,717]" country="Vietnam" county="Nui Pia Oac Nature Reserve" latitude="21.384167" longLatPrecision="21" longitude="105.71222" municipality="Laos" name="La" pageId="158" pageNumber="159" stateProvince="Loei">La</location>
Oudomxay 
<date box="[285,399,726,753]" pageId="158" pageNumber="159" value="2005-06-16">
<collectingDate box="[285,399,726,753]" pageId="158" pageNumber="159" value="2005-06-16">16.6.2005</collectingDate>
</date>
, ex. 
<collectorName box="[455,643,727,753]" pageId="158" pageNumber="159">Coll. Sabatinelli</collectorName>
” (
<collectionCode box="[669,753,727,753]" country="Germany" httpUri="http://biocol.org/urn:lsid:biocol.org:col:34613" lsid="urn:lsid:biocol.org:col:34613" name="Zoologisches Forschungsmuseum Alexander Koenig" pageId="158" pageNumber="159" type="Museum">ZFMK</collectionCode>
).
</materialsCitation>
<materialsCitation pageId="158" pageNumber="159">
<emphasis bold="true" box="[773,892,726,752]" pageId="158" pageNumber="159">
<collectingCountry box="[773,886,726,752]" name="Thailand" pageId="158" pageNumber="159">Thailand</collectingCountry>
:
</emphasis>
<specimenCount box="[901,958,727,753]" pageId="158" pageNumber="159" type="generic">8 ex.</specimenCount>
“ 
<location LSID="urn:lsid:plazi:treatment:03BD87E66BFCFF5AAF89FF41FD103CE1:8ECB602B6BFFFF5BACCEFABDFB833FBD" box="[976,1117,727,753]" country="Vietnam" county="Nui Pia Oac Nature Reserve" latitude="21.384167" longLatPrecision="21" longitude="105.71222" municipality="Laos" name="Khak Ngam" pageId="158" pageNumber="159" stateProvince="Loei">Khak Ngam</location>
(
<quantity box="[1134,1200,727,753]" metricMagnitude="2" metricUnit="m" metricValue="8.2" pageId="158" pageNumber="159" unit="m" value="820.0">
<elevation box="[1134,1200,727,753]" metricMagnitude="2" metricUnit="m" metricValue="8.2" pageId="158" pageNumber="159" unit="m" value="820.0">820m</elevation>
</quantity>
) 
<location LSID="urn:lsid:plazi:treatment:03BD87E66BFCFF5AAF89FF41FD103CE1:8ECB602B6BFFFF5BABDCFABDFAF83FBD" box="[1218,1318,727,753]" country="Vietnam" county="Nui Pia Oac Nature Reserve" latitude="21.384167" longLatPrecision="21" longitude="105.71222" municipality="Laos" name="Phu Rua" pageId="158" pageNumber="159" stateProvince="Loei">Phu Rua</location>
, 
<collectingRegion box="[1332,1386,727,753]" country="Thailand" name="Loei" pageId="158" pageNumber="159">Loei</collectingRegion>
, NE Thai, 
<date box="[217,369,763,789]" pageId="158" pageNumber="159" value="2004-05-21" valueMax="2004-05-23" valueMin="2004-05-21">
<collectingDate box="[217,369,763,789]" pageId="158" pageNumber="159" value="2004-05-21" valueMax="2004-05-23" valueMin="2004-05-21">21-23.V.2004</collectingDate>
</date>
<collectorName box="[375,536,763,789]" pageId="158" pageNumber="159">Takakuwa, M.</collectorName>
leg.” (
<collectionCode box="[611,695,763,789]" country="Germany" httpUri="http://biocol.org/urn:lsid:biocol.org:col:34613" lsid="urn:lsid:biocol.org:col:34613" name="Zoologisches Forschungsmuseum Alexander Koenig" pageId="158" pageNumber="159" type="Museum">ZFMK</collectionCode>
).
</materialsCitation>
</paragraph>
</subSubSection>
<subSubSection lastPageId="159" lastPageNumber="160" pageId="158" pageNumber="159" type="description">
<paragraph blockId="158.[151,1437,150,2013]" pageId="158" pageNumber="159">
<emphasis bold="true" box="[199,373,798,824]" pageId="158" pageNumber="159">Redescription.</emphasis>
Length: 
<quantity box="[473,561,799,825]" metricMagnitude="-3" metricUnit="m" metricValue="6.8" pageId="158" pageNumber="159" unit="mm" value="6.8">6.8 mm</quantity>
, length of elytra: 
<quantity box="[758,845,799,825]" metricMagnitude="-3" metricUnit="m" metricValue="4.6" pageId="158" pageNumber="159" unit="mm" value="4.6">4.6 mm</quantity>
, width: 4.0 mm. Body oblong, reddish brown, dorsal surface dull, except setae of lateral margins of pronotum and elytra nearly glabrous, labroclypeus, tarsi, and tibiae shiny.
</paragraph>
<paragraph blockId="158.[151,1437,150,2013]" pageId="158" pageNumber="159">
Labroclypeus wide and subtrapezoidal, widest at base; anterior angles strongly convex, anterior margin nearly straight medially; lateral margins slightly convex and convergent anteriorly, producing with ocular canthus a blunt angle, not incised at transition to labrum; margins weakly reflexed; surface shiny and flat, finely and moderately densely punctate, with a few single erect seta; frontoclypeal suture finely incised, weakly curved; smooth area in front of eyes twice as wide as long; ocular canthus moderately long and wide, finely and densely punctate, with a single terminal seta. Frons dull, finely and sparsely punctate, beside eyes with a few single long setae. Eyes moderately large, ratio diameter/ interocular width: 0.63. Antenna with ten antennomeres, club with three antennomeres, as long as remaining antennomeres combined. 
<collectingRegion box="[676,771,1159,1185]" country="Myanmar" name="Chin" pageId="158" pageNumber="159">Mentum</collectingRegion>
convexly elevated, flattened anteriorly.
</paragraph>
<paragraph blockId="158.[151,1437,150,2013]" pageId="158" pageNumber="159">Pronotum widest at base, lateral margins moderately convex and convergent anteriorly, anterior angles moderately sharp and distinctly produced, posterior angles blunt; anterior margin with fine marginal line and convexly produced medially, basal margin without marginal line; surface finely and densely punctate, with microscopic setae in punctures, otherwise glabrous. Scutellum triangular, finely and moderately densely punctate, with microscopic setae in punctures.</paragraph>
<paragraph blockId="158.[151,1437,150,2013]" pageId="158" pageNumber="159">Elytra elongate, widest at middle; striae finely impressed and sparsely punctate, intervals weakly convex, finely and sparsely punctate, punctures concentrated along striae and with a few single, short setae on penultimate lateral interval, otherwise glabrous; epipleural margin robust, ending at moderately rounded external apical angle of elytra; epipleura with long and dense setae; apex of elytra membraneous, with a wide rim of microtrichomes.</paragraph>
<paragraph blockId="158.[151,1437,150,2013]" pageId="158" pageNumber="159">Ventral surface dull, with moderately dense and coarse punctures, sparsely setose, with a dense erect setae on meso-and metasternum, otherwise only with microscopic setae in punctures. Mesosternum between mesocoxae slightly wider than mesofemur. Ratio of length of metepisternum/ metacoxa: 1/1.87. Metacoxa with a few robust setae laterally. Abdominal sternites dull, with sparse and very fine punctation and a row of coarse punctures each bearing a robust seta; penultimate sternite with a wide shiny and chitinous rim. Pygidium dull, moderately convex, coarsely and densely punctate, without impunctate midline, apically with a few longer setae, otherwise only with microscopic setae.</paragraph>
<paragraph blockId="158.[151,1437,150,2013]" lastBlockId="159.[151,1437,151,429]" lastPageId="159" lastPageNumber="160" pageId="158" pageNumber="159">Legs moderately long and moderately wide; femora nearly impunctate, with two longitudinal rows of setae. Metafemur dull, very finely and superficially punctate, anterior margin acute, without adjacent serrated line; posterior ventral margin almost straight, moderately widened in apical half, posterior margin not serrated ventrally nor dorsally. Metatibia moderately wide and long, widest at middle, weakly narrowed basally, ratio width/ length: 1/2.4, sharply carinate dorsally, with two groups of spines, basal one at middle, apical one at three quarters of metatibial length; lateral face longitudinally convex, with moderately dense and fine punctures basally and dorsally, otherwise nearly impunctate, punctures with microscopic setae only; ventral margin with four equidistant strong spines; medial face smooth and glabrous, apex very shallowly emarginate interiorly near tarsal articulation. Tarsomeres impunctate dorsally, with dense, fine setae ventrally, circular in cross-section; metatarsomeres impunctate dorsally, with a strongly serrated ventral carina, subventrally with a second, smooth longitudinal carina; metatarsomeres glabrous ventrally, first metatarsomere a little shorter than following two tarsomeres combined and slightly longer than dorsal tibial spur. Protibia moderately long, bidentate, external margin weakly convex. All claws symmetrical, feebly curved and long, with normally developed basal tooth.</paragraph>
<paragraph blockId="159.[151,1437,151,429]" box="[199,679,366,393]" pageId="159" pageNumber="160">
Aedeagus. 
<figureCitation box="[324,403,366,393]" captionStart="FIGURE 35" captionStartId="157.[151,250,1657,1681]" captionTargetBox="[158,1424,280,1624]" captionTargetId="figure-58@157.[151,1436,273,1634]" captionTargetPageId="157" captionText="FIGURE 35. A–D: Maladera taiwana Nomura, 1974 (China: Guangxi: Pingxiang); E–H: M. jinghongensis Ahrens, Fabrizi &amp; Liu, sp. n. (holotype). A, E: aedeagus, left side lateral view; C, G: aedeagus, right side lateral view; B, F: parameres, dorsal view; D, H: habitus. Scale: 0.5 mm. Habitus not to scale." figureDoi="http://doi.org/10.5281/zenodo.4496400" httpUri="https://zenodo.org/record/4496400/files/figure.png" pageId="159" pageNumber="160">Fig. 35</figureCitation>
A–C. Habitus: 
<figureCitation box="[572,675,366,393]" captionStart="FIGURE 35" captionStartId="157.[151,250,1657,1681]" captionTargetBox="[158,1424,280,1624]" captionTargetId="figure-58@157.[151,1436,273,1634]" captionTargetPageId="157" captionText="FIGURE 35. A–D: Maladera taiwana Nomura, 1974 (China: Guangxi: Pingxiang); E–H: M. jinghongensis Ahrens, Fabrizi &amp; Liu, sp. n. (holotype). A, E: aedeagus, left side lateral view; C, G: aedeagus, right side lateral view; B, F: parameres, dorsal view; D, H: habitus. Scale: 0.5 mm. Habitus not to scale." figureDoi="http://doi.org/10.5281/zenodo.4496400" httpUri="https://zenodo.org/record/4496400/files/figure.png" pageId="159" pageNumber="160">Fig. 35D</figureCitation>
.
</paragraph>
</subSubSection>
<subSubSection box="[199,718,402,429]" pageId="159" pageNumber="160" type="distribution">
<paragraph blockId="159.[151,1437,151,429]" box="[199,718,402,429]" pageId="159" pageNumber="160">
<emphasis bold="true" box="[199,353,402,428]" pageId="159" pageNumber="160">Distribution.</emphasis>
See map (
<figureCitation box="[470,566,403,429]" captionStart="FIGURE 104" captionStartId="353.[151,250,1974,1998]" captionTargetBox="[220,1366,1143,1944]" captionTargetId="figure-63@353.[214,1374,1139,1950]" captionTargetPageId="353" captionText="FIGURE 104. Distribution of the Maladera modestula group: Maladera jinghongensis sp. n., M. modestula (Brenske, 1902), M. rufotestacea (Moser, 1915), M. taiwana Nomura, 1974, M. vethi (Moser, 1916)." figureDoi="http://doi.org/10.5281/zenodo.4496600" httpUri="https://zenodo.org/record/4496600/files/figure.png" pageId="159" pageNumber="160">Fig. 104</figureCitation>
) and 
<tableCitation box="[628,712,403,429]" captionStart="TABLE 1" captionStartId="368.[151,239,544,570]" captionText="TABLE 1. Overview on the distribuition of the Chinese mainland species of Maladera Mulsant &amp; Rey, 1871 (x – records from material examined herein, o – records from literature, with no material of this study)." pageId="159" pageNumber="160">Table 1</tableCitation>
.
</paragraph>
</subSubSection>
</treatment>
</document>