<document ID-DOI="http://doi.org/10.5281/zenodo.4534534" ID-GBIF-Dataset="188411de-569c-4408-a016-1a04b858c142" ID-ISSN="1175-5326" ID-Zenodo-Dep="4534534" ID-ZooBank="D7F9C6A3-9C28-4F4C-8E81-BF24849FDD8C" _generate="added" approvalRequired="33" approvalRequired_for_illustrations="17" approvalRequired_for_treatments="16" checkinTime="1612331093960" checkinUser="plazi" docAuthor="Fabrizi, Silvia, Liu, Wan-Gang, Bai, Ming, Yang, Xing-Ke &amp; Ahrens, Dirk" docDate="2021" docId="03BD87E66B03FFA6AF89FAD8FD1E3979" docLanguage="en" docName="zootaxa.4922.1.1.pdf" docOrigin="Zootaxa 4922 (1)" docStyle="DocumentStyle:5EBBA59367AD13919D70D935FA04F6A3.7:Zootaxa.2013-.monograph" docStyleId="5EBBA59367AD13919D70D935FA04F6A3" docStyleName="Zootaxa.2013-.monograph" docStyleVersion="7" docTitle="Maladera saitoi" docType="treatment" docVersion="7" lastPageId="99" lastPageNumber="100" masterDocId="FF84FF9E6B61FFC5AF1EF86AFFDE3D4C" masterDocTitle="A monograph of the genus Maladera Mulsant &amp; Rey, 1871 of China (Coleoptera: Scarabaeidae: Melolonthinae: Sericini)" masterLastPageNumber="400" masterPageNumber="1" pageId="98" pageNumber="99" updateTime="1615983897969" updateUser="diego">
<mods:mods xmlns:mods="http://www.loc.gov/mods/v3">
<mods:titleInfo>
<mods:title>A monograph of the genus Maladera Mulsant &amp; Rey, 1871 of China (Coleoptera: Scarabaeidae: Melolonthinae: Sericini)</mods:title>
</mods:titleInfo>
<mods:name type="personal">
<mods:role>
<mods:roleTerm>Author</mods:roleTerm>
</mods:role>
<mods:namePart>Fabrizi, Silvia</mods:namePart>
<mods:nameIdentifier type="ORCID">0000-0003-3524-7153</mods:nameIdentifier>
<mods:nameIdentifier type="email">ahrens.dirk_col@gmx.de</mods:nameIdentifier>
</mods:name>
<mods:name type="personal">
<mods:role>
<mods:roleTerm>Author</mods:roleTerm>
</mods:role>
<mods:namePart>Liu, Wan-Gang</mods:namePart>
<mods:nameIdentifier type="ORCID">0000-0003-4788-7967</mods:nameIdentifier>
<mods:nameIdentifier type="email">liuwangang@ieecas.cn</mods:nameIdentifier>
</mods:name>
<mods:name type="personal">
<mods:role>
<mods:roleTerm>Author</mods:roleTerm>
</mods:role>
<mods:namePart>Bai, Ming</mods:namePart>
<mods:nameIdentifier type="ORCID">0000-0003-3676-6828</mods:nameIdentifier>
<mods:nameIdentifier type="email">liuwangang@ieecas.cn</mods:nameIdentifier>
</mods:name>
<mods:name type="personal">
<mods:role>
<mods:roleTerm>Author</mods:roleTerm>
</mods:role>
<mods:namePart>Yang, Xing-Ke</mods:namePart>
<mods:nameIdentifier type="ORCID">0000-0003-3676-6828</mods:nameIdentifier>
<mods:nameIdentifier type="email">liuwangang@ieecas.cn</mods:nameIdentifier>
</mods:name>
<mods:name type="personal">
<mods:role>
<mods:roleTerm>Author</mods:roleTerm>
</mods:role>
<mods:namePart>Ahrens, Dirk</mods:namePart>
<mods:nameIdentifier type="ORCID">0000-0003-3524-7153</mods:nameIdentifier>
<mods:nameIdentifier type="email">ahrens.dirk_col@gmx.de</mods:nameIdentifier>
</mods:name>
<mods:typeOfResource>text</mods:typeOfResource>
<mods:relatedItem type="host">
<mods:titleInfo>
<mods:title>Zootaxa</mods:title>
</mods:titleInfo>
<mods:part>
<mods:date>2021</mods:date>
<mods:detail type="pubDate">
<mods:number>2021-02-03</mods:number>
</mods:detail>
<mods:detail type="volume">
<mods:number>4922</mods:number>
</mods:detail>
<mods:detail type="issue">
<mods:number>1</mods:number>
</mods:detail>
<mods:extent unit="page">
<mods:start>1</mods:start>
<mods:end>400</mods:end>
</mods:extent>
</mods:part>
</mods:relatedItem>
<mods:classification>journal article</mods:classification>
<mods:identifier type="DOI">https://doi.org/10.11646/zootaxa.4922.1.1</mods:identifier>
<mods:identifier type="GBIF-Dataset">188411de-569c-4408-a016-1a04b858c142</mods:identifier>
<mods:identifier type="ISSN">1175-5326</mods:identifier>
<mods:identifier type="Zenodo-Dep">4496316</mods:identifier>
<mods:identifier type="ZooBank">D7F9C6A3-9C28-4F4C-8E81-BF24849FDD8C</mods:identifier>
</mods:mods>
<treatment ID-DOI="http://doi.org/10.5281/zenodo.4534534" ID-Zenodo-Dep="4534534" LSID="urn:lsid:plazi:treatment:03BD87E66B03FFA6AF89FAD8FD1E3979" httpUri="http://treatment.plazi.org/id/03BD87E66B03FFA6AF89FAD8FD1E3979" lastPageId="99" lastPageNumber="100" pageId="98" pageNumber="99">
<subSubSection box="[151,697,690,717]" pageId="98" pageNumber="99" type="nomenclature">
<paragraph blockId="98.[151,697,690,753]" box="[151,697,690,717]" pageId="98" pageNumber="99">
<heading bold="true" box="[151,697,690,717]" fontSize="11" level="2" pageId="98" pageNumber="99" reason="4">
<taxonomicName authority="(Niijima &amp; Kinoshita, 1927)" baseAuthorityName="Niijima &amp; Kinoshita" baseAuthorityYear="1927" box="[151,697,690,717]" class="Insecta" family="Melolonthidae" genus="Maladera" kingdom="Animalia" order="Coleoptera" pageId="98" pageNumber="99" phylum="Arthropoda" rank="species" species="saitoi">
<emphasis bold="true" box="[151,697,690,717]" pageId="98" pageNumber="99">
<emphasis bold="true" box="[151,341,690,717]" italics="true" pageId="98" pageNumber="99">Maladera saitoi</emphasis>
(
<bibRefCitation author="Niijima, Y. &amp; Kinoshita, E." box="[358,689,690,716]" pageId="98" pageNumber="99" pagination="1 - 97" refId="ref334784" refString="Niijima, Y. &amp; Kinoshita, E. (1927) Revision of Japanese Melolonthids and allied families. III. Research Bulletin of the College Expermental Forestry Hokkaido Imperial University, 4, 1 - 97." type="journal article" year="1927">Niijima &amp; Kinoshita, 1927</bibRefCitation>
)
</emphasis>
</taxonomicName>
</heading>
</paragraph>
</subSubSection>
<subSubSection box="[151,353,727,753]" pageId="98" pageNumber="99" type="description">
<paragraph blockId="98.[151,697,690,753]" box="[151,353,727,753]" pageId="98" pageNumber="99">
<figureCitation box="[151,271,727,753]" captionStart="FIGURE 20" captionStartId="95.[151,250,1890,1914]" captionTargetBox="[222,1366,195,1857]" captionTargetId="figure-20@95.[211,1377,181,1865]" captionTargetPageId="95" captionText="FIGURE 20. A–D: Maladera shengqiaoae Ahrens, Fabrizi &amp; Liu, sp. n. (holotype); E–H: M. fereobscurata Ahrens, Fabrizi &amp; Liu, sp. n. (holotype); I–L: M. saitoi (Niijima &amp; Kinoshita, 1927) (Laos: Borikhamai). A, E, I: aedeagus, left side lateral view; C, G, K: aedeagus, right side lateral view; B, F, J: parameres, dorsal view; D, H, L: habitus. Scale: 0.5 mm. Habitus not to scale." figureDoi="http://doi.org/10.5281/zenodo.4496358" httpUri="https://zenodo.org/record/4496358/files/figure.png" pageId="98" pageNumber="99">Figures 20</figureCitation>
I–L, 96
</paragraph>
</subSubSection>
<subSubSection pageId="98" pageNumber="99" type="reference_group">
<paragraph blockId="98.[151,1063,795,850]" box="[151,647,795,819]" pageId="98" pageNumber="99">
<treatmentCitationGroup box="[151,647,795,819]" pageId="98" pageNumber="99">
<treatmentCitation author="Niijima, Y. &amp; Kinoshita, E." box="[151,643,795,819]" page="10" pageId="98" pageNumber="99" year="1927">
<taxonomicName authority="Niijima &amp; Kinoshita, 1927: 10" authorityName="Niijima &amp; Kinoshita" authorityPageNumber="10" authorityYear="1927" box="[151,643,795,819]" class="Insecta" family="Melolonthidae" genus="Autoserica" kingdom="Animalia" order="Coleoptera" pageId="98" pageNumber="99" phylum="Arthropoda" rank="species" species="saitoi">
<emphasis box="[151,323,795,819]" italics="true" pageId="98" pageNumber="99">Autoserica saitoi</emphasis>
<bibRefCitation author="Niijima, Y. &amp; Kinoshita, E." box="[330,643,795,819]" pageId="98" pageNumber="99" pagination="1 - 97" refId="ref334784" refString="Niijima, Y. &amp; Kinoshita, E. (1927) Revision of Japanese Melolonthids and allied families. III. Research Bulletin of the College Expermental Forestry Hokkaido Imperial University, 4, 1 - 97." type="journal article" year="1927">Niijima &amp; Kinoshita, 1927: 10</bibRefCitation>
</taxonomicName>
</treatmentCitation>
.
</treatmentCitationGroup>
</paragraph>
<paragraph blockId="98.[151,1063,795,850]" box="[151,1063,826,850]" pageId="98" pageNumber="99">
<treatmentCitationGroup box="[151,1063,826,850]" pageId="98" pageNumber="99">
<treatmentCitation author="Nomura, S." box="[151,521,826,850]" page="124" pageId="98" pageNumber="99" year="1963">
<taxonomicName authority=": Nomura 1963: 124" authorityName="Nomura" authorityPageNumber="124" authorityYear="1963" box="[151,521,826,850]" class="Insecta" family="Melolonthidae" genus="Maladera" kingdom="Animalia" order="Coleoptera" pageId="98" pageNumber="99" phylum="Arthropoda" rank="species" species="saitoi">
<emphasis box="[151,313,826,850]" italics="true" pageId="98" pageNumber="99">Maladera saitoi</emphasis>
: 
<bibRefCitation author="Nomura, S." box="[327,521,826,850]" pageId="98" pageNumber="99" pagination="37 - 42" refId="ref334912" refString="Nomura, S. (1963) Some new species of the Coleoptera from Loochoo Is. and its adjacent regions. Entomological Review of Japan, 15, 37 - 42." type="journal article" year="1963">Nomura 1963: 124</bibRefCitation>
</taxonomicName>
</treatmentCitation>
, 
<treatmentCitation author="Nomura, S." box="[531,636,826,850]" page="136" pageId="98" pageNumber="99" year="1973">
<bibRefCitation author="Nomura, S." box="[531,636,826,850]" pageId="98" pageNumber="99" pagination="119 - 152" refId="ref334980" refString="Nomura, S. (1973) On the Sericini of Japan. I. Toho-Gakuho, 23, 119 - 152." type="journal article" year="1973">1973: 136</bibRefCitation>
</treatmentCitation>
; 
<treatmentCitation author="Ahrens, D." box="[645,816,826,850]" page="85" pageId="98" pageNumber="99" year="2002">
<bibRefCitation author="Ahrens, D." box="[645,816,826,850]" pageId="98" pageNumber="99" pagination="53 - 91" refId="ref329519" refString="Ahrens, D. (2002) Notes on distribution and synonymy of sericid beetles from Taiwan, with descriptions of new species (Coleoptera, Scarabaeoidea, Sericini). Annales Historico-Naturales Musei Nationalis Hungarici, 94, 53 - 91." type="journal article" year="2002">Ahrens 2002: 85</bibRefCitation>
</treatmentCitation>
, 
<treatmentCitation author="Ahrens, D." box="[827,943,826,850]" page="238" pageId="98" pageNumber="99" year="2006">
<bibRefCitation author="Ahrens, D." box="[827,943,826,850]" pageId="98" pageNumber="99" refId="ref329946" refString="Ahrens, D. (2006 b) Sericinae. In: Lobl, I. &amp; Smetana, A. (Eds.), Catalogue of Palaearctic Coleoptera. Volume 3. Scarabaeoidea-Scirtoidea-Dascilloidea-Buprestoidea-Byrrhoidea. Apollo Books, Stenstrup, pp. 229 - 248." type="book" year="2006">2006b: 238</bibRefCitation>
</treatmentCitation>
, 
<treatmentCitation author="Ahrens, D." box="[954,1059,826,850]" page="24" pageId="98" pageNumber="99" year="2007">
<bibRefCitation author="Ahrens, D." box="[954,1059,826,850]" pageId="98" pageNumber="99" pagination="1 - 51" refId="ref330155" refString="Ahrens, D. (2007 b) Taxonomic changes and an updated Catalogue of Palearctic Sericini (Coleoptera: Scarabaeidae: Melolonthinae). Zootaxa, 1504 (1), 1 - 51. https: // doi. org / 10.11646 / zootaxa. 1504.1.1" type="journal article" year="2007">2007b: 24</bibRefCitation>
</treatmentCitation>
.
</treatmentCitationGroup>
</paragraph>
</subSubSection>
<subSubSection pageId="98" pageNumber="99" type="materials_examined">
<paragraph blockId="98.[151,1437,896,2039]" pageId="98" pageNumber="99">
<emphasis bold="true" box="[151,525,896,922]" pageId="98" pageNumber="99">Additional material examined.</emphasis>
<materialsCitation collectingDate="1965-05-30" collectionCode="IZAS" collectorName="Zhang Youwei" country="China" location="Boluo" municipality="Xiangshui" pageId="98" pageNumber="99" specimenCount="1" specimenCount-male="1" stateProvince="Guangdong">
<emphasis bold="true" box="[536,619,896,922]" pageId="98" pageNumber="99">
<collectingCountry box="[536,613,896,922]" name="China" pageId="98" pageNumber="99">China</collectingCountry>
:
</emphasis>
<specimenCount box="[630,677,896,923]" pageId="98" pageNumber="99" type="male">1 ♂</specimenCount>
“ 
<collectingMunicipality box="[698,819,896,922]" pageId="98" pageNumber="99">Xiangshui</collectingMunicipality>
, 
<location LSID="urn:lsid:plazi:treatment:03BD87E66B03FFA6AF89FAD8FD1E3979:8ECB602B6B03FFA7AC5CFBEAFC573ED6" box="[834,905,896,922]" country="China" municipality="Xiangshui" name="Boluo" pageId="98" pageNumber="99" stateProvince="Guangdong">Boluo</location>
, 
<collectingRegion box="[921,1055,896,922]" country="China" name="Guangdong" pageId="98" pageNumber="99">Guangdong</collectingRegion>
, 
<date box="[1070,1187,896,923]" pageId="98" pageNumber="99" value="1965-05-30">
<collectingDate box="[1070,1187,896,923]" pageId="98" pageNumber="99" value="1965-05-30">30.V.1965</collectingDate>
</date>
, leg. 
<collectorName box="[1256,1427,896,922]" pageId="98" pageNumber="99">Zhang Youwei</collectorName>
” (
<collectionCode box="[159,226,932,958]" country="0" httpUri="http://grbio.org/cool/043p-ts4f" name="Institut Zoologii Akademii Nauk Ukraini - Institute of Zoology of the Academy of Sciences of Ukraine" pageId="98" pageNumber="99">IZAS</collectionCode>
)
</materialsCitation>
, 
<materialsCitation box="[248,1165,932,959]" collectingDate="1965-05" collectionCode="IZAS" collectorName="Zhang Youwei" country="China" location="Boluo" municipality="Xiangshui" pageId="98" pageNumber="99" specimenCount="1" specimenCount-male="1" stateProvince="Guangdong">
<specimenCount box="[248,293,932,959]" pageId="98" pageNumber="99" type="male">1 ♂</specimenCount>
“ 
<collectingMunicipality box="[312,433,932,958]" pageId="98" pageNumber="99">Xiangshui</collectingMunicipality>
, 
<location LSID="urn:lsid:plazi:treatment:03BD87E66B03FFA6AF89FAD8FD1E3979:8ECB602B6B03FFA7AEA0FBCEFDDB3EF2" box="[446,517,932,958]" country="China" municipality="Xiangshui" name="Boluo" pageId="98" pageNumber="99" stateProvince="Guangdong">Boluo</location>
, 
<collectingRegion box="[531,665,932,958]" country="China" name="Guangdong" pageId="98" pageNumber="99">Guangdong</collectingRegion>
, 28,30. 
<date box="[749,829,932,959]" pageId="98" pageNumber="99" value="1965-05">
<collectingDate box="[749,829,932,959]" pageId="98" pageNumber="99" value="1965-05">V.1965</collectingDate>
</date>
, leg. 
<collectorName box="[894,1063,932,958]" pageId="98" pageNumber="99">Zhang Youwei</collectorName>
” (
<collectionCode box="[1090,1157,932,958]" country="0" httpUri="http://grbio.org/cool/043p-ts4f" name="Institut Zoologii Akademii Nauk Ukraini - Institute of Zoology of the Academy of Sciences of Ukraine" pageId="98" pageNumber="99">IZAS</collectionCode>
)
</materialsCitation>
, 
<materialsCitation collectingDate="1956-04-15" collectionCode="IZAS" collectorName="Huang Keren" country="China" location="Jinping" municipality="Mengla" pageId="98" pageNumber="99" specimenCount="1" specimenCount-male="1" stateProvince="Yunnan">
<specimenCount box="[1179,1223,932,959]" pageId="98" pageNumber="99" type="male">1 ♂</specimenCount>
“ 
<collectingMunicipality box="[1242,1333,932,958]" pageId="98" pageNumber="99">Mengla</collectingMunicipality>
, 
<location LSID="urn:lsid:plazi:treatment:03BD87E66B03FFA6AF89FAD8FD1E3979:8ECB602B6B03FFA7AA5DFBCEFA463EF2" box="[1347,1432,932,958]" country="China" municipality="Mengla" name="Jinping" pageId="98" pageNumber="99" stateProvince="Yunnan">Jinping</location>
, 
<collectingRegion box="[151,240,969,995]" country="China" name="Yunnan" pageId="98" pageNumber="99">Yunnan</collectingRegion>
, 
<date box="[251,377,968,995]" pageId="98" pageNumber="99" value="1956-04-15">
<collectingDate box="[251,377,968,995]" pageId="98" pageNumber="99" value="1956-04-15">
15.IV. 
<quantity box="[317,377,968,995]" metricMagnitude="6" metricUnit="m" metricValue="1.95637" pageId="98" pageNumber="99" unit="m" value="1956370.0">1956</quantity>
</collectingDate>
</date>
, 370m, leg. 
<collectorName box="[516,665,969,995]" pageId="98" pageNumber="99">Huang Keren</collectorName>
etc.” (
<collectionCode box="[741,808,968,994]" country="0" httpUri="http://grbio.org/cool/043p-ts4f" name="Institut Zoologii Akademii Nauk Ukraini - Institute of Zoology of the Academy of Sciences of Ukraine" pageId="98" pageNumber="99">IZAS</collectionCode>
)
</materialsCitation>
, 
<materialsCitation box="[828,1432,968,995]" collectingDate="1952-06-03" collectionCode="IZAS" country="China" location="Guilin" municipality="Liangfeng" pageId="98" pageNumber="99" specimenCount="1" specimenCount-male="1" stateProvince="Guangxi">
<specimenCount box="[828,870,968,995]" pageId="98" pageNumber="99" type="male">1 ♂</specimenCount>
“ 
<collectingMunicipality box="[887,1008,968,994]" pageId="98" pageNumber="99">Liangfeng</collectingMunicipality>
, 
<location LSID="urn:lsid:plazi:treatment:03BD87E66B03FFA6AF89FAD8FD1E3979:8ECB602B6B03FFA7ACE5FBA2FB9B3EAE" box="[1019,1093,968,994]" country="China" municipality="Liangfeng" name="Guilin" pageId="98" pageNumber="99" stateProvince="Guangxi">Guilin</location>
, 
<collectingRegion box="[1104,1203,968,994]" country="China" name="Guangxi" pageId="98" pageNumber="99">Guangxi</collectingRegion>
, 
<date box="[1215,1331,968,995]" pageId="98" pageNumber="99" value="1952-06-03">
<collectingDate box="[1215,1331,968,995]" pageId="98" pageNumber="99" value="1952-06-03">3.VI.1952</collectingDate>
</date>
” (
<collectionCode box="[1356,1423,968,994]" country="0" httpUri="http://grbio.org/cool/043p-ts4f" name="Institut Zoologii Akademii Nauk Ukraini - Institute of Zoology of the Academy of Sciences of Ukraine" pageId="98" pageNumber="99">IZAS</collectionCode>
)
</materialsCitation>
, 
<materialsCitation box="[151,829,1004,1031]" collectingDate="1954-04-30" collectionCode="IZAS" collectorName="Huang Keren" country="China" location="Nada" pageId="98" pageNumber="99" specimenCount="1" specimenCount-male="1" stateProvince="Hainan">
<specimenCount box="[151,194,1004,1031]" pageId="98" pageNumber="99" type="male">1 ♂</specimenCount>
“ 
<location LSID="urn:lsid:plazi:treatment:03BD87E66B03FFA6AF89FAD8FD1E3979:8ECB602B6B03FFA7AFCAFB86FECA394A" box="[212,276,1004,1030]" country="China" name="Nada" pageId="98" pageNumber="99" stateProvince="Hainan">Nada</location>
, 
<collectingRegion box="[289,373,1004,1030]" country="China" name="Hainan" pageId="98" pageNumber="99">Hainan</collectingRegion>
, 
<date box="[385,512,1004,1031]" pageId="98" pageNumber="99" value="1954-04-30">
<collectingDate box="[385,512,1004,1031]" pageId="98" pageNumber="99" value="1954-04-30">30.IV.1954</collectingDate>
</date>
, leg. 
<collectorName box="[574,728,1004,1031]" pageId="98" pageNumber="99">Huang Keren</collectorName>
” (
<collectionCode box="[754,821,1004,1030]" country="0" httpUri="http://grbio.org/cool/043p-ts4f" name="Institut Zoologii Akademii Nauk Ukraini - Institute of Zoology of the Academy of Sciences of Ukraine" pageId="98" pageNumber="99">IZAS</collectionCode>
)
</materialsCitation>
, 
<materialsCitation collectingDate="1965-05-31" collectionCode="IZAS" collectorName="Zhang Youwei" country="China" location="Boluo" municipality="Xiangshui" pageId="98" pageNumber="99" specimenCount="1" specimenCount-male="1" stateProvince="Guangdong">
<specimenCount box="[842,885,1004,1031]" pageId="98" pageNumber="99" type="male">1 ♂</specimenCount>
“ 
<collectingMunicipality box="[903,1024,1004,1030]" pageId="98" pageNumber="99">Xiangshui</collectingMunicipality>
, 
<location LSID="urn:lsid:plazi:treatment:03BD87E66B03FFA6AF89FAD8FD1E3979:8ECB602B6B03FFA7AB12FB86FB8D394A" box="[1036,1107,1004,1030]" country="China" municipality="Xiangshui" name="Boluo" pageId="98" pageNumber="99" stateProvince="Guangdong">Boluo</location>
, 
<collectingRegion box="[1119,1253,1004,1030]" country="China" name="Guangdong" pageId="98" pageNumber="99">Guangdong</collectingRegion>
, 
<date box="[1265,1382,1004,1031]" pageId="98" pageNumber="99" value="1965-05-31">
<collectingDate box="[1265,1382,1004,1031]" pageId="98" pageNumber="99" value="1965-05-31">31.V.1965</collectingDate>
</date>
, leg. 
<collectorName box="[151,321,1040,1066]" pageId="98" pageNumber="99">Zhang Youwei</collectorName>
” (
<collectionCode box="[348,415,1040,1066]" country="0" httpUri="http://grbio.org/cool/043p-ts4f" name="Institut Zoologii Akademii Nauk Ukraini - Institute of Zoology of the Academy of Sciences of Ukraine" pageId="98" pageNumber="99">IZAS</collectionCode>
)
</materialsCitation>
, 
<materialsCitation box="[438,1377,1040,1067]" collectingDate="1958-06-07" collectionCode="IZAS" collectorName="Hueng Keren" country="China" location="Hekou" pageId="98" pageNumber="99" specimenCount="1" specimenCount-male="1" stateProvince="Yunnan">
<specimenCount box="[438,483,1040,1067]" pageId="98" pageNumber="99" type="male">1 ♂</specimenCount>
“ 
<location LSID="urn:lsid:plazi:treatment:03BD87E66B03FFA6AF89FAD8FD1E3979:8ECB602B6B03FFA7AEE8FC7AFD983966" box="[502,582,1040,1066]" country="China" name="Hekou" pageId="98" pageNumber="99" stateProvince="Yunnan">Hekou</location>
, 
<collectingRegion box="[596,685,1041,1067]" country="China" name="Yunnan" pageId="98" pageNumber="99">Yunnan</collectingRegion>
, 
<date box="[698,814,1040,1067]" pageId="98" pageNumber="99" value="1958-06-07">
<collectingDate box="[698,814,1040,1067]" pageId="98" pageNumber="99" value="1958-06-07">7.VI.1958</collectingDate>
</date>
, 80m, 
<collectingMethod box="[895,1003,1040,1067]" pageId="98" pageNumber="99">light trap</collectingMethod>
, leg. 
<collectorName box="[1068,1221,1041,1067]" pageId="98" pageNumber="99">Hueng Keren</collectorName>
<emphasis box="[1231,1264,1041,1066]" italics="true" pageId="98" pageNumber="99">etc</emphasis>
.” (
<collectionCode box="[1302,1369,1040,1066]" country="0" httpUri="http://grbio.org/cool/043p-ts4f" name="Institut Zoologii Akademii Nauk Ukraini - Institute of Zoology of the Academy of Sciences of Ukraine" pageId="98" pageNumber="99">IZAS</collectionCode>
)
</materialsCitation>
, 
<materialsCitation collectingDate="2008-06-05" collectingDateMax="2008-06-07" collectingDateMin="2008-06-05" collectionCode="HBUM" collectorName="Ba Yibin &amp; Lang Juntong" country="China" location="Changjiang" municipality="Bawangzhen" pageId="98" pageNumber="99" specimenCount="1" specimenCount-male="1" stateProvince="Hainan">
<specimenCount box="[1391,1436,1040,1067]" pageId="98" pageNumber="99" type="male">1 ♂</specimenCount>
“ 
<collectingMunicipality box="[161,311,1076,1102]" pageId="98" pageNumber="99">Bawangzhen</collectingMunicipality>
, 
<location LSID="urn:lsid:plazi:treatment:03BD87E66B03FFA6AF89FAD8FD1E3979:8ECB602B6B03FFA7AE5AFC5EFE163902" box="[324,456,1076,1102]" country="China" municipality="Bawangzhen" name="Changjiang" pageId="98" pageNumber="99" stateProvince="Hainan">Changjiang</location>
, 
<collectingRegion box="[469,553,1076,1102]" country="China" name="Hainan" pageId="98" pageNumber="99">Hainan</collectingRegion>
, 
<date box="[565,704,1076,1103]" pageId="98" pageNumber="99" value="2008-06-05" valueMax="2008-06-07" valueMin="2008-06-05">
<collectingDate box="[565,704,1076,1103]" pageId="98" pageNumber="99" value="2008-06-05" valueMax="2008-06-07" valueMin="2008-06-05">5-7.VI.2008</collectingDate>
</date>
, leg. 
<collectorName box="[768,872,1076,1103]" pageId="98" pageNumber="99">Ba Yibin</collectorName>
, 
<collectorName box="[885,1043,1076,1103]" pageId="98" pageNumber="99">Lang Juntong</collectorName>
” (
<collectionCode box="[1068,1158,1076,1102]" country="China" httpUri="http://grbio.org/cool/6ww3-041h" name="College of Life Sciences Hebei Univesity, Baoding" pageId="98" pageNumber="99">HBUM</collectionCode>
)
</materialsCitation>
, 
<materialsCitation collectingDate="1940-05-24" collectionCode="BMH" collectorName="S. China" country="China" location="Fukien" pageId="98" pageNumber="99" specimenCount="1" specimenCount-male="1">
<specimenCount box="[1179,1223,1076,1103]" pageId="98" pageNumber="99" type="male">1 ♂</specimenCount>
“ 
<location LSID="urn:lsid:plazi:treatment:03BD87E66B03FFA6AF89FAD8FD1E3979:8ECB602B6B03FFA7ABC7FC5EFAF33902" box="[1241,1325,1076,1102]" country="China" name="Fukien" pageId="98" pageNumber="99">Fukien</location>
; 
<collectorName box="[1338,1436,1076,1102]" pageId="98" pageNumber="99">S. China</collectorName>
<date box="[151,266,1112,1138]" pageId="98" pageNumber="99" value="1940-05-24">
<collectingDate box="[151,266,1112,1138]" pageId="98" pageNumber="99" value="1940-05-24">24.V.1940</collectingDate>
</date>
T. Maa” (
<collectionCode box="[381,450,1112,1138]" country="United Kingdom" lsid="urn:lsid:biocol.org:col:13650" name="Museum" pageId="98" pageNumber="99" type="Herbarium">BMH</collectionCode>
)
</materialsCitation>
, 
<materialsCitation box="[470,1283,1112,1139]" collectingDate="1940-05-30" collectionCode="BMH" country="China" county="Fukien" location="Siying" municipality="China Yungan" pageId="98" pageNumber="99" specimenCount="1" specimenCount-male="1">
<specimenCount box="[470,513,1112,1139]" pageId="98" pageNumber="99" type="male">1 ♂</specimenCount>
“ 
<collectingCounty box="[530,611,1112,1138]" pageId="98" pageNumber="99">Fukien</collectingCounty>
S. 
<collectingMunicipality box="[648,810,1112,1139]" pageId="98" pageNumber="99">China Yungan</collectingMunicipality>
, 
<location LSID="urn:lsid:plazi:treatment:03BD87E66B03FFA6AF89FAD8FD1E3979:8ECB602B6B03FFA7AC28FC32FCA1393E" box="[822,895,1112,1138]" country="China" county="Fukien" municipality="China Yungan" name="Siying" pageId="98" pageNumber="99">Siying</location>
pan 
<date box="[951,1066,1112,1138]" pageId="98" pageNumber="99" value="1940-05-30">
<collectingDate box="[951,1066,1112,1138]" pageId="98" pageNumber="99" value="1940-05-30">30.V.1940</collectingDate>
</date>
T.C. Maa” (
<collectionCode box="[1206,1275,1112,1138]" country="United Kingdom" lsid="urn:lsid:biocol.org:col:13650" name="Museum" pageId="98" pageNumber="99" type="Herbarium">BMH</collectionCode>
)
</materialsCitation>
, 
<materialsCitation collectingDate="1941-05-17" collectionCode="BMH" country="China" county="Fukien" location="Siying" municipality="China Yungan" pageId="98" pageNumber="99" specimenCount="1" specimenCount-female="1">
<specimenCount box="[1296,1338,1112,1139]" pageId="98" pageNumber="99" type="female">1 ♀</specimenCount>
“ 
<collectingCounty box="[1355,1436,1112,1138]" pageId="98" pageNumber="99">Fukien</collectingCounty>
S. 
<collectingMunicipality box="[183,346,1148,1175]" pageId="98" pageNumber="99">China Yungan</collectingMunicipality>
, 
<location LSID="urn:lsid:plazi:treatment:03BD87E66B03FFA6AF89FAD8FD1E3979:8ECB602B6B03FFA7AE76FC16FE6F39DA" box="[360,433,1148,1174]" country="China" county="Fukien" municipality="China Yungan" name="Siying" pageId="98" pageNumber="99">Siying</location>
pan 
<date box="[492,606,1148,1174]" pageId="98" pageNumber="99" value="1941-05-17">
<collectingDate box="[492,606,1148,1174]" pageId="98" pageNumber="99" value="1941-05-17">17.V.1941</collectingDate>
</date>
T.C. Maa” (
<collectionCode box="[751,820,1148,1174]" country="United Kingdom" lsid="urn:lsid:biocol.org:col:13650" name="Museum" pageId="98" pageNumber="99" type="Herbarium">BMH</collectionCode>
)
</materialsCitation>
, 
<materialsCitation collectingDate="1940-09-06" collectingDateMax="1944-05-12" collectingDateMin="1940-09-06" collectionCode="BMH, BMNH" collectorName="T. C. Maa" country="China" location="Siying" pageId="98" pageNumber="99" specimenCount="5" specimenCount-female="3" specimenCount-male="2" stateProvince="Hainan">
<specimenCount box="[842,886,1148,1175]" pageId="98" pageNumber="99" type="female">1 ♀</specimenCount>
<collectorName box="[895,1177,1148,1175]" pageId="98" pageNumber="99">Fukien S. China Yungan</collectorName>
, 
<location LSID="urn:lsid:plazi:treatment:03BD87E66B03FFA6AF89FAD8FD1E3979:8ECB602B6B03FFA7ABB9FC16FB2E39DA" box="[1191,1264,1148,1174]" country="China" name="Siying" pageId="98" pageNumber="99" stateProvince="Hainan">Siying</location>
pan 
<date box="[1323,1436,1148,1174]" pageId="98" pageNumber="99" value="1940-09-06">
<collectingDate box="[1323,1436,1148,1174]" pageId="98" pageNumber="99" value="1940-09-06">6.IX.1940</collectingDate>
</date>
<collectorName box="[151,258,1184,1210]" pageId="98" pageNumber="99">T.C. Maa</collectorName>
” (
<collectionCode box="[283,352,1184,1210]" country="United Kingdom" lsid="urn:lsid:biocol.org:col:13650" name="Museum" pageId="98" pageNumber="99" type="Herbarium">BMH</collectionCode>
),
</materialsCitation>
<materialsCitation box="[371,1096,1184,1211]" collectingDate="1940-09-06" collectingDateMax="1944-05-12" collectingDateMin="1940-09-06" collectionCode="BMH, BMNH" collectorName="V. C. Maa" country="China" location="Siying" pageId="98" pageNumber="99" specimenCount="5" specimenCount-female="3" specimenCount-male="2" stateProvince="Hainan">
<specimenCount box="[371,413,1184,1211]" pageId="98" pageNumber="99" type="female">1 ♀</specimenCount>
“ 
<collectorName box="[430,543,1184,1210]" pageId="98" pageNumber="99">Fukein, S</collectorName>
. China Shaowu City 
<date box="[781,902,1184,1210]" pageId="98" pageNumber="99" value="1944-05-12">
<collectingDate box="[781,902,1184,1210]" pageId="98" pageNumber="99" value="1944-05-12">1944 12.V.</collectingDate>
</date>
<collectorName box="[909,990,1184,1211]" pageId="98" pageNumber="99">T. Maa</collectorName>
” (
<collectionCode box="[1015,1084,1184,1210]" country="United Kingdom" lsid="urn:lsid:biocol.org:col:13650" name="Museum" pageId="98" pageNumber="99" type="Herbarium">BMH</collectionCode>
),
</materialsCitation>
<materialsCitation collectingDate="1940-09-06" collectingDateMax="1944-05-12" collectingDateMin="1940-09-06" collectionCode="BMH, BMNH" country="China" location="Siying" pageId="98" pageNumber="99" specimenCount="5" specimenCount-female="3" specimenCount-male="2" stateProvince="Hainan">
<specimenCount box="[1103,1166,1184,1211]" pageId="98" pageNumber="99" type="male">2 ♂♂</specimenCount>
“ 
<collectingRegion box="[1183,1267,1184,1210]" country="China" name="Hainan" pageId="98" pageNumber="99">Hainan</collectingRegion>
<collectorName box="[1274,1436,1184,1211]" pageId="98" pageNumber="99">I. J. Whitelead</collectorName>
99.315” (
<collectionCode box="[256,346,1220,1246]" pageId="98" pageNumber="99">BMNH</collectionCode>
),
</materialsCitation>
<materialsCitation box="[366,1100,1220,1247]" collectingDate="1940-09-06" collectingDateMax="1944-05-12" collectingDateMin="1940-09-06" collectionCode="BMH, BMNH" collectorName="T. C. Maa" country="China" location="Siying" pageId="98" pageNumber="99" specimenCount="5" specimenCount-female="3" specimenCount-male="2" stateProvince="Hainan">
<specimenCount box="[366,409,1220,1247]" pageId="98" pageNumber="99" type="female">1 ♀</specimenCount>
“ 
<collectorName box="[426,544,1220,1246]" pageId="98" pageNumber="99">Fukien, S.</collectorName>
China Chungah: 
<collectorName box="[744,992,1220,1246]" pageId="98" pageNumber="99">Bohea Hills T.C. Maa</collectorName>
” (
<collectionCode box="[1018,1088,1220,1246]" country="United Kingdom" lsid="urn:lsid:biocol.org:col:13650" name="Museum" pageId="98" pageNumber="99" type="Herbarium">BMH</collectionCode>
).
</materialsCitation>
<materialsCitation collectingDate="1994-05-07" collectingDateMax="2005-06-16" collectingDateMin="1994-05-07" collectionCode="ZFMK, MNHN" collectorName="Sabatinelli" country="Laos" county="Laos" location="Laos" municipality="La" pageId="98" pageNumber="99" specimenCount="8" specimenCount-male="1" stateProvince="Oudomxai">
<emphasis bold="true" box="[1108,1174,1220,1246]" pageId="98" pageNumber="99">
<collectingCountry box="[1108,1170,1220,1246]" name="Laos" pageId="98" pageNumber="99">Laos</collectingCountry>
:
</emphasis>
<specimenCount box="[1182,1238,1220,1247]" pageId="98" pageNumber="99" type="generic">4 ex.</specimenCount>
“ 
<collectingCounty box="[1256,1315,1220,1246]" pageId="98" pageNumber="99">Laos</collectingCounty>
, 
<collectingMunicipality box="[1327,1357,1221,1247]" pageId="98" pageNumber="99">La</collectingMunicipality>
<collectingRegion country="Laos" name="Oudomxai" pageId="98" pageNumber="99">Oudomxay</collectingRegion>
<date box="[220,334,1256,1283]" pageId="98" pageNumber="99" value="2005-06-16">
<collectingDate box="[220,334,1256,1283]" pageId="98" pageNumber="99" value="2005-06-16">16.6.2005</collectingDate>
</date>
, ex. 
<collectorName box="[386,571,1256,1282]" pageId="98" pageNumber="99">Coll. Sabatinelli</collectorName>
” (
<collectionCode box="[595,679,1256,1282]" country="Germany" httpUri="http://biocol.org/urn:lsid:biocol.org:col:34613" lsid="urn:lsid:biocol.org:col:34613" name="Zoologisches Forschungsmuseum Alexander Koenig" pageId="98" pageNumber="99" type="Museum">ZFMK</collectionCode>
),
</materialsCitation>
<materialsCitation collectingDate="1994-05-07" collectingDateMax="2005-06-16" collectingDateMin="1994-05-07" collectionCode="ZFMK, MNHN" collectorName="A. Grouvelle" country="Laos" county="Laos" location="Laos" municipality="La" pageId="98" pageNumber="99" specimenCount="8" specimenCount-male="1" stateProvince="Oudomxai">
<specimenCount box="[697,751,1256,1283]" pageId="98" pageNumber="99" type="generic">3 ex.</specimenCount>
“ 
<location LSID="urn:lsid:plazi:treatment:03BD87E66B03FFA6AF89FAD8FD1E3979:8ECB602B6B03FFA7AC1EFC82FCE5384E" box="[768,827,1256,1282]" country="Laos" county="Laos" municipality="La" name="Laos" pageId="98" pageNumber="99" stateProvince="Oudomxai">Laos</location>
, 
<location LSID="urn:lsid:plazi:treatment:03BD87E66B03FFA6AF89FAD8FD1E3979:8ECB602B6B03FFA7AC58FC82FC14384E" box="[838,970,1256,1282]" country="Laos" county="Laos" municipality="La" name="Borikhamai" pageId="98" pageNumber="99" stateProvince="Oudomxai">Borikhamai</location>
<date box="[977,1095,1256,1282]" pageId="98" pageNumber="99" value="1994-05-07">
<collectingDate box="[977,1095,1256,1282]" pageId="98" pageNumber="99" value="1994-05-07">07.V.1994</collectingDate>
</date>
; leg. 
<collectorName box="[1154,1269,1256,1282]" pageId="98" pageNumber="99">Wakahara</collectorName>
” (
<collectionCode box="[1292,1376,1256,1282]" country="Germany" httpUri="http://biocol.org/urn:lsid:biocol.org:col:34613" lsid="urn:lsid:biocol.org:col:34613" name="Zoologisches Forschungsmuseum Alexander Koenig" pageId="98" pageNumber="99" type="Museum">ZFMK</collectionCode>
), 
<specimenCount box="[1394,1436,1256,1283]" pageId="98" pageNumber="99" type="male">1 ♂</specimenCount>
“ 
<collectorName box="[161,384,1292,1319]" pageId="98" pageNumber="99">Museum Paris Laos</collectorName>
<collectingRegion box="[391,569,1292,1318]" country="Laos" name="Xiangkhouang" pageId="98" pageNumber="99">Xieng Khouang</collectingRegion>
(
<location LSID="urn:lsid:plazi:treatment:03BD87E66B03FFA6AF89FAD8FD1E3979:8ECB602B6B03FFA7AD59FD66FCCE386B" box="[583,784,1292,1319]" country="Laos" county="Laos" municipality="La" name="Vitalis de Salvasa" pageId="98" pageNumber="99" stateProvince="Oudomxai">Vitalis de Salvasa</location>
) 
<collectorName box="[798,1004,1292,1318]" pageId="98" pageNumber="99">Coll. A. Grouvelle</collectorName>
1917” (
<collectionCode box="[1093,1185,1292,1318]" country="France" httpUri="http://biocol.org/urn:lsid:biocol.org:col:34988" lsid="urn:lsid:biocol.org:col:34988" name="Museum National d'Histoire Naturelle" pageId="98" pageNumber="99">MNHN</collectionCode>
).
</materialsCitation>
<materialsCitation collectingDate="2012-05-12" collectingDateMax="2017-05-16" collectingDateMin="2012-05-12" collectionCode="CASH, NME" collectorName="A. Skale &amp; A. Weigel" country="Vietnam" county="Vietnam" elevation="70" latitude="21.384167" location="Me Linh" longLatPrecision="21" longitude="105.71222" municipality="Ngoc Thanh" pageId="98" pageNumber="99" specimenCount="43" stateProvince="Thai Nguyen">
<emphasis bold="true" box="[1203,1314,1292,1318]" pageId="98" pageNumber="99">
<collectingCountry box="[1203,1309,1292,1318]" name="Vietnam" pageId="98" pageNumber="99">Vietnam</collectingCountry>
:
</emphasis>
<specimenCount box="[1320,1388,1292,1319]" pageId="98" pageNumber="99" type="generic">15 ex.</specimenCount>
“N- 
<collectingCounty box="[151,246,1328,1354]" pageId="98" pageNumber="99">Vietnam</collectingCounty>
<collectingRegion box="[253,469,1328,1355]" country="Vietnam" name="Thai Nguyen" pageId="98" pageNumber="99">Thai Nguyen Prov.</collectingRegion>
, vic 
<collectingMunicipality box="[523,664,1328,1355]" pageId="98" pageNumber="99">Ngoc Thanh</collectingMunicipality>
, 
<location LSID="urn:lsid:plazi:treatment:03BD87E66B03FFA6AF89FAD8FD1E3979:8ECB602B6B03FFA7ADBAFD5BFCD83806" box="[676,774,1328,1355]" country="Vietnam" county="Vietnam" latitude="21.384167" longLatPrecision="21" longitude="105.71222" municipality="Ngoc Thanh" name="Me Linh" pageId="98" pageNumber="99" stateProvince="Thai Nguyen">Me Linh</location>
(IEBR station), 
<date box="[961,1078,1328,1354]" pageId="98" pageNumber="99" value="2012-05-12">
<collectingDate box="[961,1078,1328,1354]" pageId="98" pageNumber="99" value="2012-05-12">12.V.2012</collectingDate>
</date>
, 
<geoCoordinate box="[1090,1220,1328,1354]" degrees="21" direction="north" minutes="23" orientation="latitude" pageId="98" pageNumber="99" precision="15" seconds="3" value="21.384167">21°23’3’’N</geoCoordinate>
, 
<geoCoordinate box="[1232,1387,1328,1355]" degrees="105" direction="east" minutes="42" orientation="longitude" pageId="98" pageNumber="99" precision="15" seconds="44" value="105.71222">105°42’44’’E</geoCoordinate>
, 
<quantity metricMagnitude="1" metricUnit="m" metricValue="7.0" metricValueMax="8.0" metricValueMin="6.0" pageId="98" pageNumber="99" unit="m" value="70.0" valueMax="80.0" valueMin="60.0">
<elevation metricMagnitude="1" metricUnit="m" metricValue="7.0" metricValueMax="8.0" metricValueMin="6.0" pageId="98" pageNumber="99" unit="m" value="70.0" valueMax="80.0" valueMin="60.0">60- 80m</elevation>
</quantity>
, leg. 
<collectorName box="[258,355,1364,1390]" pageId="98" pageNumber="99">A. Skale</collectorName>
” (
<collectionCode box="[378,458,1364,1390]" pageId="98" pageNumber="99">CASH</collectionCode>
),
</materialsCitation>
<materialsCitation collectingDate="2012-05-12" collectingDateMax="2017-05-16" collectingDateMin="2012-05-12" collectionCode="CASH, NME" collectorName="A. Skale &amp; A. Weigel" country="Vietnam" county="Vietnam" elevation="70" latitude="21.384167" location="Me Linh" longLatPrecision="21" longitude="105.71222" municipality="Ngoc Thanh" pageId="98" pageNumber="99" specimenCount="43" stateProvince="Thai Nguyen">
<specimenCount box="[476,543,1364,1391]" pageId="98" pageNumber="99" type="generic">27 ex.</specimenCount>
“N-Vietnam 
<collectingRegion box="[690,866,1364,1391]" country="Vietnam" name="Cao Bang" pageId="98" pageNumber="99">Cao Bang Prov.</collectingRegion>
, vic. Vin Den, Nui Pia Oac Nat. Res. 
<date box="[1270,1432,1364,1390]" pageId="98" pageNumber="99" value="2013-05-06" valueMax="2013-05-10" valueMin="2013-05-06">
<collectingDate box="[1270,1432,1364,1390]" pageId="98" pageNumber="99" value="2013-05-06" valueMax="2013-05-10" valueMin="2013-05-06">06.-10.V.2013</collectingDate>
</date>
, 
<geoCoordinate box="[151,295,1400,1427]" degrees="22" direction="north" minutes="33" orientation="latitude" pageId="98" pageNumber="99" precision="15" seconds="53" value="22.564722">22°33’53’’N</geoCoordinate>
, 
<geoCoordinate box="[306,458,1400,1427]" degrees="105" direction="east" minutes="52" orientation="longitude" pageId="98" pageNumber="99" precision="15" seconds="53" value="105.88139">105°52’53’’E</geoCoordinate>
<quantity box="[464,593,1400,1426]" metricMagnitude="3" metricUnit="m" metricValue="1.1" metricValueMax="1.3" metricValueMin="0.9" pageId="98" pageNumber="99" unit="m" value="1100.0" valueMax="1300.0" valueMin="900.0">
<elevation box="[464,593,1400,1426]" metricMagnitude="3" metricUnit="m" metricValue="1.1" metricValueMax="1.3" metricValueMin="0.9" pageId="98" pageNumber="99" unit="m" value="1100.0" valueMax="1300.0" valueMin="900.0">900-1300m</elevation>
</quantity>
<collectorName box="[597,696,1400,1426]" pageId="98" pageNumber="99">A. Skale</collectorName>
” (
<collectionCode box="[719,799,1400,1426]" pageId="98" pageNumber="99">CASH</collectionCode>
),
</materialsCitation>
<materialsCitation collectingDate="2012-05-12" collectingDateMax="2017-05-16" collectingDateMin="2012-05-12" collectionCode="CASH, NME" collectorName="A. Skale &amp; A. Weigel" country="Vietnam" county="Vietnam" elevation="70" latitude="21.384167" location="Me Linh" longLatPrecision="21" longitude="105.71222" municipality="Ngoc Thanh" pageId="98" pageNumber="99" specimenCount="43" stateProvince="Thai Nguyen">
<specimenCount box="[818,871,1400,1427]" pageId="98" pageNumber="99" type="generic">1 ex.</specimenCount>
“N-Vietnam, P: 
<collectingRegion box="[1056,1204,1400,1427]" country="Vietnam" name="Thai Nguyen" pageId="98" pageNumber="99">Thai Nguyen</collectingRegion>
, vic. 
<location LSID="urn:lsid:plazi:treatment:03BD87E66B03FFA6AF89FAD8FD1E3979:8ECB602B6B03FFA7ABF0FD13FAB238DE" box="[1262,1388,1400,1427]" country="Vietnam" county="Vietnam" latitude="21.384167" longLatPrecision="21" longitude="105.71222" municipality="Ngoc Thanh" name="Ngoc Than" pageId="98" pageNumber="99" stateProvince="Thai Nguyen">Ngoc Than</location>
, 
<location LSID="urn:lsid:plazi:treatment:03BD87E66B03FFA6AF89FAD8FD1E3979:8ECB602B6B03FFA7AA69FD13FF1238FA" country="Vietnam" county="Vietnam" latitude="21.384167" longLatPrecision="21" longitude="105.71222" municipality="Ngoc Thanh" name="Me Linh" pageId="98" pageNumber="99" stateProvince="Thai Nguyen">Me Linh</location>
(IEBR station), 
<date box="[389,506,1436,1462]" pageId="98" pageNumber="99" value="2017-05-16">
<collectingDate box="[389,506,1436,1462]" pageId="98" pageNumber="99" value="2017-05-16">16.V.2017</collectingDate>
</date>
, 
<geoCoordinate box="[518,647,1436,1462]" degrees="21" direction="north" minutes="23" orientation="latitude" pageId="98" pageNumber="99" precision="15" seconds="3" value="21.384167">21°23’3’’N</geoCoordinate>
, 
<geoCoordinate box="[659,814,1436,1463]" degrees="105" direction="east" minutes="42" orientation="longitude" pageId="98" pageNumber="99" precision="15" seconds="44" value="105.71222">105°42’44’’E</geoCoordinate>
, 
<quantity box="[825,875,1436,1462]" metricMagnitude="1" metricUnit="m" metricValue="7.0" pageId="98" pageNumber="99" unit="m" value="70.0">
<elevation box="[825,875,1436,1462]" metricMagnitude="1" metricUnit="m" metricValue="7.0" pageId="98" pageNumber="99" unit="m" value="70.0">70m</elevation>
</quantity>
NN, leg. 
<collectorName box="[983,1099,1436,1462]" pageId="98" pageNumber="99">A. Weigel</collectorName>
, LFF” (
<collectionCode box="[1185,1253,1436,1462]" country="Germany" httpUri="http://grbio.org/cool/87iw-xebj" name="Sammlung des Naturkundemseum Erfurt" pageId="98" pageNumber="99">NME</collectionCode>
)
</materialsCitation>
.
</paragraph>
</subSubSection>
<subSubSection lastPageId="99" lastPageNumber="100" pageId="98" pageNumber="99" type="description">
<paragraph blockId="98.[151,1437,896,2039]" pageId="98" pageNumber="99">
<emphasis bold="true" box="[199,373,1472,1498]" pageId="98" pageNumber="99">Redescription.</emphasis>
Length: 
<quantity box="[474,563,1472,1499]" metricMagnitude="-3" metricUnit="m" metricValue="6.5" pageId="98" pageNumber="99" unit="mm" value="6.5">6.5 mm</quantity>
, length of elytra: 
<quantity box="[761,850,1472,1499]" metricMagnitude="-3" metricUnit="m" metricValue="4.9" pageId="98" pageNumber="99" unit="mm" value="4.9">4.9 mm</quantity>
, width: 
<quantity box="[940,1030,1472,1499]" metricMagnitude="-3" metricUnit="m" metricValue="4.4" pageId="98" pageNumber="99" unit="mm" value="4.4">4.4 mm</quantity>
. Body oval, dark brown to blackish, antenna yellow, club brown, dorsal surface dull, except some single setae on head dorsal surface nearly glabrous.
</paragraph>
<paragraph blockId="98.[151,1437,896,2039]" pageId="98" pageNumber="99">
Labroclypeus moderately wide and trapezoidal, shiny, widest at base, lateral margins weakly convex and strongly convergent anteriorly, anterior angles blunt and slightly reflexed, anterior margin moderately emarginate, margins moderately reflexed; lateral margin and ocular canthus produce a blunt angle; surface flat, finely and densely punctate, with numerous erect setae anteriorly; frontoclypeal suture indistinctly incised, curved; smooth area anterior to eye flat, as wide as long; ocular canthus long and moderately wide (nearly 1/3 of ocular diameter), finely and sparsely punctate, with a terminal seta. Frons dull, with fine, dense punctures and a few single erect setae beside eyes. Eyes large, ratio diameter/ interocular width: 0.73. Antenna with ten antennomeres; club with three antennomeres and weakly reflexed, as long as remaining antennomeres combined. 
<collectingRegion box="[1097,1192,1797,1823]" country="Myanmar" name="Chin" pageId="98" pageNumber="99">Mentum</collectingRegion>
elevated and slightly flattened anteriorly.
</paragraph>
<paragraph blockId="98.[151,1437,896,2039]" pageId="98" pageNumber="99">Pronotum moderately transverse, widest at base, lateral margins evenly convex and moderately convergent anteriorly, anterior angles moderately produced and right-angled, posterior angles blunt, weakly rounded at tip; anterior margin weakly convex, with fine and complete marginal line, base without marginal line; surface finely and densely punctate, with minute setae in punctures, otherwise glabrous; lateral and anterior margin finely setose; hypomeron carinate, not produced ventrally. Scutellum wide, triangular, dull, with fine, sparse punctures.</paragraph>
<paragraph blockId="99.[151,1437,151,1078]" pageId="99" pageNumber="100">Elytra widest shortly behind middle, striae distinctly impressed, finely and sparsely punctate, intervals weakly convex, with fine and sparse punctures concentrated along striae, with minute setae in punctures, odd intervals with a few single short setae; epipleural margin robust, ending at strongly curved external apical angle of elytra, epipleura densely setose; apical border of elytra not membraneous, without visible rim of microtrichomes (at ca 100x magnification).</paragraph>
<paragraph blockId="99.[151,1437,151,1078]" pageId="99" pageNumber="100">Ventral surface dull, coarsely and moderately densely punctate, metasternum sparsely covered with sparse fine setae; metacoxa with a few longer setae laterally, otherwise glabrous. Abdominal sternites finely and irregularly densely punctate, glabrous, each sternite with a transverse row of coarse punctures each bearing a robust long seta. Mesosternum between mesocoxae as wide as mesofemur. Ratio of length of metepisternum/metacoxa: 1/1.6. Pygidium moderately convex and dull, coarsely and densely punctate, without smooth midline, with a few longer setae along apical margin.</paragraph>
<paragraph blockId="99.[151,1437,151,1078]" pageId="99" pageNumber="100">Legs moderately wide and short, weakly shiny; femora with two longitudinal rows of setae, finely and sparsely punctate. Metafemur dull, with anterior margin acute, with continuous serrated line behind anterior margin, setae of anterior row very short; posterior margin smooth and moderately widened at apex ventrally, not serrate dorsally, with just a few short setae basally. Metatibia short, widest at apex, ratio of width/length: 1/2.5, sharply carinate dorsally, with two groups of spines, basal group at three fifths, apical group at four fifths of metatibial length, with a few short robust setae basally and a continuously serrated line beside dorsal margin in basal half; lateral face weakly longitudinally convex, sparsely punctate on basal half, with minute setae in punctures; ventral margin finely serrate, with four robust setae of which the apical one is more distant; medial face smooth and glabrous; apex finely serrate, moderately truncate interiorly near tarsal articulation. Tarsomeres dorsally smooth and glabrous, neither laterally nor dorsally carinate, sparsely setose ventrally; metatarsomeres with a strongly serrated ridge ventrally and a smooth subventral longitudinal carina; first metatarsomere slightly shorter than following two tarsomeres combined and slightly longer than dorsal tibial spur. Protibia short, bidentate; anterior claws symmetrical, basal tooth of both claws bluntly truncate at apex.</paragraph>
<paragraph blockId="99.[151,1437,151,1078]" box="[199,667,1015,1041]" pageId="99" pageNumber="100">
Aedeagus: 
<figureCitation box="[324,405,1015,1041]" captionStart="FIGURE 20" captionStartId="95.[151,250,1890,1914]" captionTargetBox="[222,1366,195,1857]" captionTargetId="figure-20@95.[211,1377,181,1865]" captionTargetPageId="95" captionText="FIGURE 20. A–D: Maladera shengqiaoae Ahrens, Fabrizi &amp; Liu, sp. n. (holotype); E–H: M. fereobscurata Ahrens, Fabrizi &amp; Liu, sp. n. (holotype); I–L: M. saitoi (Niijima &amp; Kinoshita, 1927) (Laos: Borikhamai). A, E, I: aedeagus, left side lateral view; C, G, K: aedeagus, right side lateral view; B, F, J: parameres, dorsal view; D, H, L: habitus. Scale: 0.5 mm. Habitus not to scale." figureDoi="http://doi.org/10.5281/zenodo.4496358" httpUri="https://zenodo.org/record/4496358/files/figure.png" pageId="99" pageNumber="100">Fig. 20</figureCitation>
I–K. Habitus: 
<figureCitation box="[563,664,1015,1041]" captionStart="FIGURE 20" captionStartId="95.[151,250,1890,1914]" captionTargetBox="[222,1366,195,1857]" captionTargetId="figure-20@95.[211,1377,181,1865]" captionTargetPageId="95" captionText="FIGURE 20. A–D: Maladera shengqiaoae Ahrens, Fabrizi &amp; Liu, sp. n. (holotype); E–H: M. fereobscurata Ahrens, Fabrizi &amp; Liu, sp. n. (holotype); I–L: M. saitoi (Niijima &amp; Kinoshita, 1927) (Laos: Borikhamai). A, E, I: aedeagus, left side lateral view; C, G, K: aedeagus, right side lateral view; B, F, J: parameres, dorsal view; D, H, L: habitus. Scale: 0.5 mm. Habitus not to scale." figureDoi="http://doi.org/10.5281/zenodo.4496358" httpUri="https://zenodo.org/record/4496358/files/figure.png" pageId="99" pageNumber="100">
Fig. 
<specimenCount box="[615,664,1015,1041]" pageId="99" pageNumber="100" type="generic">20L</specimenCount>
</figureCitation>
.
</paragraph>
</subSubSection>
<subSubSection box="[199,704,1050,1078]" pageId="99" pageNumber="100" type="distribution">
<paragraph blockId="99.[151,1437,151,1078]" box="[199,704,1050,1078]" pageId="99" pageNumber="100">
<emphasis bold="true" box="[199,353,1050,1076]" pageId="99" pageNumber="100">Distribution.</emphasis>
See map (
<figureCitation box="[470,552,1051,1078]" captionStart="FIGURE 96" captionStartId="349.[151,250,1968,1992]" captionTargetBox="[208,1378,1122,1938]" captionTargetId="figure-59@349.[202,1386,1116,1945]" captionTargetPageId="349" captionText="FIGURE 96. Distribution of the Maladera teizoana group: Maladera longruiensis sp. n., M. obscurata (Moser, 1915), M. parobscurata sp. n., M. saitoi (Niijima &amp; Kinoshita, 1927), M. shengqiaoae sp. n.." figureDoi="http://doi.org/10.5281/zenodo.4496574" httpUri="https://zenodo.org/record/4496574/files/figure.png" pageId="99" pageNumber="100">Fig. 96</figureCitation>
) and 
<tableCitation box="[614,698,1051,1077]" captionStart="TABLE 1" captionStartId="368.[151,239,544,570]" captionText="TABLE 1. Overview on the distribuition of the Chinese mainland species of Maladera Mulsant &amp; Rey, 1871 (x – records from material examined herein, o – records from literature, with no material of this study)." pageId="99" pageNumber="100">Table 1</tableCitation>
.
</paragraph>
</subSubSection>
</treatment>
</document>