<document ID-DOI="http://doi.org/10.5281/zenodo.4560702" ID-GBIF-Dataset="188411de-569c-4408-a016-1a04b858c142" ID-ISSN="1175-5326" ID-Zenodo-Dep="4560702" ID-ZooBank="D7F9C6A3-9C28-4F4C-8E81-BF24849FDD8C" _generate="added" approvalRequired="33" approvalRequired_for_illustrations="17" approvalRequired_for_treatments="16" checkinTime="1612331093960" checkinUser="plazi" docAuthor="Fabrizi, Silvia, Liu, Wan-Gang, Bai, Ming, Yang, Xing-Ke &amp; Ahrens, Dirk" docDate="2021" docId="03BD87E66B5FFF85AF89FACDFD1E3EA1" docLanguage="en" docName="zootaxa.4922.1.1.pdf" docOrigin="Zootaxa 4922 (1)" docStyle="DocumentStyle:5EBBA59367AD13919D70D935FA04F6A3.7:Zootaxa.2013-.monograph" docStyleId="5EBBA59367AD13919D70D935FA04F6A3" docStyleName="Zootaxa.2013-.monograph" docStyleVersion="7" docTitle="Maladera infuscata" docType="treatment" docVersion="8" lastPageId="64" lastPageNumber="65" masterDocId="FF84FF9E6B61FFC5AF1EF86AFFDE3D4C" masterDocTitle="A monograph of the genus Maladera Mulsant &amp; Rey, 1871 of China (Coleoptera: Scarabaeidae: Melolonthinae: Sericini)" masterLastPageNumber="400" masterPageNumber="1" pageId="62" pageNumber="63" updateTime="1615983897969" updateUser="diego">
<mods:mods xmlns:mods="http://www.loc.gov/mods/v3">
<mods:titleInfo>
<mods:title>A monograph of the genus Maladera Mulsant &amp; Rey, 1871 of China (Coleoptera: Scarabaeidae: Melolonthinae: Sericini)</mods:title>
</mods:titleInfo>
<mods:name type="personal">
<mods:role>
<mods:roleTerm>Author</mods:roleTerm>
</mods:role>
<mods:namePart>Fabrizi, Silvia</mods:namePart>
<mods:nameIdentifier type="ORCID">0000-0003-3524-7153</mods:nameIdentifier>
<mods:nameIdentifier type="email">ahrens.dirk_col@gmx.de</mods:nameIdentifier>
</mods:name>
<mods:name type="personal">
<mods:role>
<mods:roleTerm>Author</mods:roleTerm>
</mods:role>
<mods:namePart>Liu, Wan-Gang</mods:namePart>
<mods:nameIdentifier type="ORCID">0000-0003-4788-7967</mods:nameIdentifier>
<mods:nameIdentifier type="email">liuwangang@ieecas.cn</mods:nameIdentifier>
</mods:name>
<mods:name type="personal">
<mods:role>
<mods:roleTerm>Author</mods:roleTerm>
</mods:role>
<mods:namePart>Bai, Ming</mods:namePart>
<mods:nameIdentifier type="ORCID">0000-0003-3676-6828</mods:nameIdentifier>
<mods:nameIdentifier type="email">liuwangang@ieecas.cn</mods:nameIdentifier>
</mods:name>
<mods:name type="personal">
<mods:role>
<mods:roleTerm>Author</mods:roleTerm>
</mods:role>
<mods:namePart>Yang, Xing-Ke</mods:namePart>
<mods:nameIdentifier type="ORCID">0000-0003-3676-6828</mods:nameIdentifier>
<mods:nameIdentifier type="email">liuwangang@ieecas.cn</mods:nameIdentifier>
</mods:name>
<mods:name type="personal">
<mods:role>
<mods:roleTerm>Author</mods:roleTerm>
</mods:role>
<mods:namePart>Ahrens, Dirk</mods:namePart>
<mods:nameIdentifier type="ORCID">0000-0003-3524-7153</mods:nameIdentifier>
<mods:nameIdentifier type="email">ahrens.dirk_col@gmx.de</mods:nameIdentifier>
</mods:name>
<mods:typeOfResource>text</mods:typeOfResource>
<mods:relatedItem type="host">
<mods:titleInfo>
<mods:title>Zootaxa</mods:title>
</mods:titleInfo>
<mods:part>
<mods:date>2021</mods:date>
<mods:detail type="pubDate">
<mods:number>2021-02-03</mods:number>
</mods:detail>
<mods:detail type="volume">
<mods:number>4922</mods:number>
</mods:detail>
<mods:detail type="issue">
<mods:number>1</mods:number>
</mods:detail>
<mods:extent unit="page">
<mods:start>1</mods:start>
<mods:end>400</mods:end>
</mods:extent>
</mods:part>
</mods:relatedItem>
<mods:classification>journal article</mods:classification>
<mods:identifier type="DOI">https://doi.org/10.11646/zootaxa.4922.1.1</mods:identifier>
<mods:identifier type="GBIF-Dataset">188411de-569c-4408-a016-1a04b858c142</mods:identifier>
<mods:identifier type="ISSN">1175-5326</mods:identifier>
<mods:identifier type="Zenodo-Dep">4496316</mods:identifier>
<mods:identifier type="ZooBank">D7F9C6A3-9C28-4F4C-8E81-BF24849FDD8C</mods:identifier>
</mods:mods>
<treatment ID-DOI="http://doi.org/10.5281/zenodo.4560702" ID-Zenodo-Dep="4560702" LSID="urn:lsid:plazi:treatment:03BD87E66B5FFF85AF89FACDFD1E3EA1" httpUri="http://treatment.plazi.org/id/03BD87E66B5FFF85AF89FACDFD1E3EA1" lastPageId="64" lastPageNumber="65" pageId="62" pageNumber="63">
<subSubSection box="[151,565,679,706]" pageId="62" pageNumber="63" type="nomenclature">
<paragraph blockId="62.[151,565,679,742]" box="[151,565,679,706]" pageId="62" pageNumber="63">
<heading bold="true" box="[151,565,679,706]" fontSize="11" level="2" pageId="62" pageNumber="63" reason="4">
<taxonomicName authority="(Moser, 1915)" baseAuthorityName="Moser" baseAuthorityYear="1915" box="[151,565,679,706]" class="Insecta" family="Melolonthidae" genus="Maladera" kingdom="Animalia" order="Coleoptera" pageId="62" pageNumber="63" phylum="Arthropoda" rank="species" species="infuscata">
<emphasis bold="true" box="[151,565,679,706]" pageId="62" pageNumber="63">
<emphasis bold="true" box="[151,388,679,706]" italics="true" pageId="62" pageNumber="63">Maladera infuscata</emphasis>
(Moser, 1915)
</emphasis>
</taxonomicName>
</heading>
</paragraph>
</subSubSection>
<subSubSection box="[151,364,716,742]" pageId="62" pageNumber="63" type="description">
<paragraph blockId="62.[151,565,679,742]" box="[151,364,716,742]" pageId="62" pageNumber="63">
<figureCitation box="[151,269,716,742]" captionStart="FIGURE 12" captionStartId="63.[151,250,1943,1967]" captionTargetBox="[194,1397,195,1907]" captionTargetId="figure-20@63.[182,1406,181,1920]" captionTargetPageId="63" captionText="FIGURE 12. A–D: Maladera anhuiensis Ahrens, Fabrizi &amp; Liu, sp. n. (holotype); E–H: M. infuscata (Moser, 1915) (China: Hubei: Jiugongshan); I–L: M. diversipes (Moser, 1915) (China: Hubei: Wujiashan). A, E, I: aedeagus, left side lateral view; C, G, K: aedeagus, right side lateral view; B, F, J: parameres, dorsal view; D, H, L: habitus. Scale: 0.5 mm. Habitus not to scale." figureDoi="http://doi.org/10.5281/zenodo.4496340" httpUri="https://zenodo.org/record/4496340/files/figure.png" pageId="62" pageNumber="63">Figures 12</figureCitation>
E–H, 92
</paragraph>
</subSubSection>
<subSubSection pageId="62" pageNumber="63" type="reference_group">
<paragraph blockId="62.[151,1436,779,1110]" box="[151,866,779,803]" pageId="62" pageNumber="63">
<taxonomicName authority="Moser, 1915: 340" authorityName="Moser" authorityPageNumber="340" authorityYear="1915" box="[151,548,779,803]" class="Insecta" family="Melolonthidae" genus="Autoserica" kingdom="Animalia" order="Coleoptera" pageId="62" pageNumber="63" phylum="Arthropoda" rank="species" species="infuscata">
<emphasis box="[151,360,779,803]" italics="true" pageId="62" pageNumber="63">Autoserica infuscata</emphasis>
Moser, 1915: 340
</taxonomicName>
; Nijima and Kinoshita 1927: 6.
</paragraph>
<paragraph blockId="62.[151,1436,779,1110]" box="[151,711,810,834]" pageId="62" pageNumber="63">
<treatmentCitationGroup box="[151,711,810,834]" pageId="62" pageNumber="63">
<taxonomicName authority=": Murayama 1938: 13" authorityName="Murayama" authorityPageNumber="13" authorityYear="1938" box="[151,546,810,834]" family="Melolonthidae" genus="Aserica" kingdom="Animalia" order="Coleoptera" pageId="62" pageNumber="63" rank="species" species="infuscata">
<emphasis box="[151,328,810,834]" italics="true" pageId="62" pageNumber="63">Aserica infuscata</emphasis>
: 
<treatmentCitation author="Murayama, J." box="[341,546,810,834]" page="13" pageId="62" pageNumber="63" year="1938">
<bibRefCitation author="Murayama, J." box="[341,546,810,834]" pageId="62" pageNumber="63" pagination="7 - 21" refId="ref334644" refString="Murayama, J. (1938) Revision des Sericines (Col., Scar.) de la Coree. Annotiones Zoologicae Japonenses, 17, 7 - 21." type="journal article" year="1938">Murayama 1938: 13</bibRefCitation>
</treatmentCitation>
</taxonomicName>
[misidentified].
</treatmentCitationGroup>
</paragraph>
<paragraph blockId="62.[151,1436,779,1110]" box="[151,698,840,865]" pageId="62" pageNumber="63">
<treatmentCitationGroup box="[151,698,840,865]" pageId="62" pageNumber="63">
<taxonomicName authority=": Murayama 1954: 41" authorityName="Murayama" authorityPageNumber="41" authorityYear="1954" box="[151,534,840,865]" class="Insecta" family="Melolonthidae" genus="Serica" kingdom="Animalia" order="Coleoptera" pageId="62" pageNumber="63" phylum="Arthropoda" rank="species" species="infuscata">
<emphasis box="[151,315,841,865]" italics="true" pageId="62" pageNumber="63">Serica infuscata</emphasis>
: 
<treatmentCitation author="Murayama, J." box="[328,534,840,865]" page="41" pageId="62" pageNumber="63" year="1954">
<bibRefCitation author="Murayama, J." box="[328,534,840,865]" pageId="62" pageNumber="63" refId="ref334675" refString="Murayama, J. (1954) Icones of the Scarabeid-Beetles from Manchuria and Korea. I. Nihon Gakujutu, Shinko-kai, 163 pp." type="book" year="1954">Murayama 1954: 41</bibRefCitation>
</treatmentCitation>
</taxonomicName>
[misidentified].
</treatmentCitationGroup>
</paragraph>
<paragraph blockId="62.[151,1436,779,1110]" pageId="62" pageNumber="63">
<treatmentCitationGroup pageId="62" pageNumber="63">
<taxonomicName authority=": Nomura 1959: 40" authorityName="Nomura" authorityPageNumber="40" authorityYear="1959" box="[151,542,871,895]" class="Insecta" family="Melolonthidae" genus="Maladera" kingdom="Animalia" order="Coleoptera" pageId="62" pageNumber="63" phylum="Arthropoda" rank="species" species="infuscata">
<emphasis box="[151,352,871,895]" italics="true" pageId="62" pageNumber="63">Maladera infuscata</emphasis>
: 
<treatmentCitation author="Nomura, S." box="[366,542,871,895]" page="40" pageId="62" pageNumber="63" year="1959">
<bibRefCitation author="Nomura, S." box="[366,542,871,895]" pageId="62" pageNumber="63" pagination="39 - 54" refId="ref334886" refString="Nomura, S. (1959) Notes on the Japanese Scarabaeidae with two subspecies from Formosa. Toho-Gakuho, 9, 39 - 54." type="journal article" year="1959">Nomura1959: 40</bibRefCitation>
</treatmentCitation>
</taxonomicName>
; 
<treatmentCitation author="Nomura, S." box="[554,750,871,895]" page="104" pageId="62" pageNumber="63" year="1974">
<bibRefCitation author="Nomura, S." box="[554,750,871,895]" pageId="62" pageNumber="63" pagination="81 - 115" refId="ref335003" refString="Nomura, S. (1974) On the Sericini of Taiwan. Toho-Gakuho, 24, 81 - 115." type="journal article" year="1974">Nomura 1974: 104</bibRefCitation>
</treatmentCitation>
, 109, fig. 48 [misidentified]; 
<treatmentCitation author="Sun, Y. &amp; Zhang, Z." box="[1054,1307,871,895]" page="324" pageId="62" pageNumber="63" year="1982">
<bibRefCitation author="Sun, Y. &amp; Zhang, Z." box="[1054,1307,871,895]" pageId="62" pageNumber="63" pagination="323 - 324" refId="ref335450" refString="Sun, Y. &amp; Zhang, Z. (1982) A study on three sibling white grubs. Entomotaxonomia, 4 (4), 323 - 324." type="journal article" year="1982">Sun &amp; Zhang 1982: 324</bibRefCitation>
</treatmentCitation>
; 
<treatmentCitation author="Kim, J. I. &amp; Lee, O. J." page="122" pageId="62" pageNumber="63" year="1997">
<bibRefCitation author="Kim, J. I. &amp; Lee, O. J." pageId="62" pageNumber="63" pagination="119 - 135" refId="ref332793" refString="Kim, J. I. &amp; Lee, O. J. (1997) Taxonomic study of Korean Sericinae (Melolonthidae, Coleoptera) II, Genus Maladera. Insecta Koreana, 14, 119 - 135." type="journal article" year="1997">Kim &amp; Lee 1997: 122</bibRefCitation>
</treatmentCitation>
; Kim &amp; Kim 2003: 89.
</treatmentCitationGroup>
</paragraph>
<paragraph blockId="62.[151,1436,779,1110]" pageId="62" pageNumber="63">
<treatmentCitationGroup pageId="62" pageNumber="63">
<treatmentCitation author="Moser, J." box="[151,542,932,957]" page="330" pageId="62" pageNumber="63" year="1919">
<taxonomicName authority="Moser, 1919: 330" authorityName="Moser" authorityPageNumber="330" authorityYear="1919" box="[151,542,932,957]" class="Insecta" family="Melolonthidae" genus="Autoserica" kingdom="Animalia" order="Coleoptera" pageId="62" pageNumber="63" phylum="Arthropoda" rank="species" species="koreana">
<emphasis box="[151,351,932,956]" italics="true" pageId="62" pageNumber="63">Autoserica koreana</emphasis>
<bibRefCitation author="Moser, J." box="[358,542,933,957]" pageId="62" pageNumber="63" pagination="330 - 364" refId="ref334429" refString="Moser, J. (1919) Beitrag zur Kenntnis der Melolonthiden. Stettiner Entomologische Zeitung, 80, 330 - 364." type="journal article" year="1919">Moser, 1919: 330</bibRefCitation>
</taxonomicName>
</treatmentCitation>
; 
<treatmentCitation author="Niijima, Y. &amp; Kinoshita, E." box="[554,866,932,957]" page="29" pageId="62" pageNumber="63" year="1923">
<bibRefCitation author="Niijima, Y. &amp; Kinoshita, E." box="[554,866,932,957]" pageId="62" pageNumber="63" pagination="1 - 253" refId="ref334745" refString="Niijima, Y. &amp; Kinoshita, E. (1923) Die Untersuchungen u ¨ ber japanische Melolonthiden. II. Research Bulletin of the College Experimental Forestry Hokkaido Imperial University, 2, 1 - 253." type="journal article" year="1923">Niijima &amp; Kinoshita 1923: 29</bibRefCitation>
</treatmentCitation>
; syn. by 
<treatmentCitation author="Ahrens, D." box="[959,1132,932,957]" page="2" pageId="62" pageNumber="63" year="2003">
<bibRefCitation author="Ahrens, D." box="[959,1132,932,957]" pageId="62" pageNumber="63" pagination="1 - 8" refId="ref329675" refString="Ahrens, D. (2003 d) On the Identity of Maladera infuscata (Moser, 1915), with description of a new species from Taiwan (Coleoptera, Scarabaeidae, Sericini). Zootaxa, 392 (1), 1 - 8. https: // doi. org / 10.11646 / zootaxa. 392.1.1" type="journal article" year="2003">Ahrens 2003d: 2</bibRefCitation>
</treatmentCitation>
; 
<taxonomicName authority=": Murayama 1938: 15" authorityName="Murayama" authorityPageNumber="15" authorityYear="1938" family="Melolonthidae" genus="Aserica" kingdom="Animalia" order="Coleoptera" pageId="62" pageNumber="63" rank="species" species="koreana">
<emphasis box="[1145,1312,932,956]" italics="true" pageId="62" pageNumber="63">Aserica koreana</emphasis>
: 
<treatmentCitation author="Murayama, J." page="15" pageId="62" pageNumber="63" year="1938">
<bibRefCitation author="Murayama, J." pageId="62" pageNumber="63" pagination="7 - 21" refId="ref334644" refString="Murayama, J. (1938) Revision des Sericines (Col., Scar.) de la Coree. Annotiones Zoologicae Japonenses, 17, 7 - 21." type="journal article" year="1938">Murayama 1938: 15</bibRefCitation>
</treatmentCitation>
</taxonomicName>
[misidentified]; 
<taxonomicName authority=": Murayama 1954: 65" authorityName="Murayama" authorityPageNumber="65" authorityYear="1954" box="[460,833,963,988]" class="Insecta" family="Melolonthidae" genus="Serica" kingdom="Animalia" order="Coleoptera" pageId="62" pageNumber="63" phylum="Arthropoda" rank="species" species="koreana">
<emphasis box="[460,622,963,987]" italics="true" pageId="62" pageNumber="63">Serica koreana:</emphasis>
<treatmentCitation author="Murayama, J." box="[628,833,963,988]" page="65" pageId="62" pageNumber="63" year="1954">
<bibRefCitation author="Murayama, J." box="[628,833,963,988]" pageId="62" pageNumber="63" refId="ref334675" refString="Murayama, J. (1954) Icones of the Scarabeid-Beetles from Manchuria and Korea. I. Nihon Gakujutu, Shinko-kai, 163 pp." type="book" year="1954">Murayama 1954: 65</bibRefCitation>
</treatmentCitation>
</taxonomicName>
[misidentified].
</treatmentCitationGroup>
</paragraph>
<paragraph blockId="62.[151,1436,779,1110]" box="[151,759,994,1018]" pageId="62" pageNumber="63">
<treatmentCitationGroup box="[151,759,994,1018]" pageId="62" pageNumber="63">
<taxonomicName authority=": Kim and Lee 1997: 129" authorityName="Kim and Lee" authorityPageNumber="129" authorityYear="1997" box="[151,595,994,1018]" class="Insecta" family="Melolonthidae" genus="Maladera" kingdom="Animalia" order="Coleoptera" pageId="62" pageNumber="63" phylum="Arthropoda" rank="species" species="koreana">
<emphasis box="[151,348,994,1018]" italics="true" pageId="62" pageNumber="63">Maladera koreana:</emphasis>
<treatmentCitation author="Kim, J. I. &amp; Lee, O. J." box="[354,595,994,1018]" page="129" pageId="62" pageNumber="63" year="1997">
<bibRefCitation author="Kim, J. I. &amp; Lee, O. J." box="[354,595,994,1018]" pageId="62" pageNumber="63" pagination="119 - 135" refId="ref332793" refString="Kim, J. I. &amp; Lee, O. J. (1997) Taxonomic study of Korean Sericinae (Melolonthidae, Coleoptera) II, Genus Maladera. Insecta Koreana, 14, 119 - 135." type="journal article" year="1997">Kim and Lee 1997: 129</bibRefCitation>
</treatmentCitation>
</taxonomicName>
[misidentified].
</treatmentCitationGroup>
</paragraph>
<paragraph blockId="62.[151,1436,779,1110]" box="[151,554,1024,1049]" pageId="62" pageNumber="63">
<treatmentCitationGroup box="[151,554,1024,1049]" pageId="62" pageNumber="63">
<treatmentCitation author="Murayama, J." box="[151,550,1024,1049]" page="18" pageId="62" pageNumber="63" year="1938">
<taxonomicName authority="Murayama, 1938: 18" authorityName="Murayama" authorityPageNumber="18" authorityYear="1938" box="[151,550,1024,1049]" family="Melolonthidae" genus="Aserica" kingdom="Animalia" order="Coleoptera" pageId="62" pageNumber="63" rank="species" species="okamotoi">
<emphasis box="[151,329,1024,1048]" italics="true" pageId="62" pageNumber="63">Aserica okamotoi</emphasis>
<bibRefCitation author="Murayama, J." box="[336,550,1025,1049]" pageId="62" pageNumber="63" pagination="7 - 21" refId="ref334644" refString="Murayama, J. (1938) Revision des Sericines (Col., Scar.) de la Coree. Annotiones Zoologicae Japonenses, 17, 7 - 21." type="journal article" year="1938">Murayama, 1938: 18</bibRefCitation>
</taxonomicName>
</treatmentCitation>
.
</treatmentCitationGroup>
</paragraph>
<paragraph blockId="62.[151,1436,779,1110]" box="[151,544,1055,1080]" pageId="62" pageNumber="63">
<treatmentCitationGroup box="[151,544,1055,1080]" pageId="62" pageNumber="63">
<taxonomicName authority=": Murayama 1954: 35" authorityName="Murayama" authorityPageNumber="35" authorityYear="1954" box="[151,539,1055,1080]" class="Insecta" family="Melolonthidae" genus="Serica" kingdom="Animalia" order="Coleoptera" pageId="62" pageNumber="63" phylum="Arthropoda" rank="species" species="okamotoi">
<emphasis box="[151,325,1055,1079]" italics="true" pageId="62" pageNumber="63">Serica okamotoi:</emphasis>
<treatmentCitation author="Murayama, J." box="[331,539,1055,1080]" page="35" pageId="62" pageNumber="63" year="1954">
<bibRefCitation author="Murayama, J." box="[331,539,1055,1080]" pageId="62" pageNumber="63" refId="ref334675" refString="Murayama, J. (1954) Icones of the Scarabeid-Beetles from Manchuria and Korea. I. Nihon Gakujutu, Shinko-kai, 163 pp." type="book" year="1954">Murayama 1954: 35</bibRefCitation>
</treatmentCitation>
</taxonomicName>
.
</treatmentCitationGroup>
</paragraph>
<paragraph blockId="62.[151,1436,779,1110]" box="[151,1126,1086,1110]" pageId="62" pageNumber="63">
<treatmentCitationGroup box="[151,1126,1086,1110]" pageId="62" pageNumber="63">
<taxonomicName authority=": Kim and Lee, 1997: 126" authorityName="Kim and Lee" authorityPageNumber="126" authorityYear="1997" box="[151,615,1086,1110]" class="Insecta" family="Melolonthidae" genus="Maladera" kingdom="Animalia" order="Coleoptera" pageId="62" pageNumber="63" phylum="Arthropoda" rank="species" species="okamotoi">
<emphasis box="[151,351,1086,1110]" italics="true" pageId="62" pageNumber="63">Maladera okamotoi</emphasis>
: 
<treatmentCitation author="Kim, J. I. &amp; Lee, O. J." box="[365,615,1086,1110]" page="126" pageId="62" pageNumber="63" year="1997">
<bibRefCitation author="Kim, J. I. &amp; Lee, O. J." box="[365,615,1086,1110]" pageId="62" pageNumber="63" pagination="119 - 135" refId="ref332793" refString="Kim, J. I. &amp; Lee, O. J. (1997) Taxonomic study of Korean Sericinae (Melolonthidae, Coleoptera) II, Genus Maladera. Insecta Koreana, 14, 119 - 135." type="journal article" year="1997">Kim and Lee, 1997: 126</bibRefCitation>
</treatmentCitation>
</taxonomicName>
; Kim and Kim 2003: 88, syn. by 
<treatmentCitation author="Ahrens, D." box="[951,1120,1086,1110]" page="2" pageId="62" pageNumber="63" year="2003">
<bibRefCitation author="Ahrens, D." box="[951,1120,1086,1110]" pageId="62" pageNumber="63" pagination="1 - 8" refId="ref329675" refString="Ahrens, D. (2003 d) On the Identity of Maladera infuscata (Moser, 1915), with description of a new species from Taiwan (Coleoptera, Scarabaeidae, Sericini). Zootaxa, 392 (1), 1 - 8. https: // doi. org / 10.11646 / zootaxa. 392.1.1" type="journal article" year="2003">Ahrens 2003d: 2</bibRefCitation>
</treatmentCitation>
.
</treatmentCitationGroup>
</paragraph>
</subSubSection>
<subSubSection pageId="62" pageNumber="63" type="materials_examined">
<paragraph blockId="62.[151,1437,1150,2041]" box="[151,684,1150,1178]" pageId="62" pageNumber="63">
<emphasis bold="true" box="[151,447,1150,1177]" pageId="62" pageNumber="63">
<typeStatus box="[151,210,1151,1177]" pageId="62" pageNumber="63">Type</typeStatus>
material examined.
</emphasis>
See 
<bibRefCitation author="Ahrens, D." box="[500,680,1151,1178]" pageId="62" pageNumber="63" pagination="1 - 8" refId="ref329675" refString="Ahrens, D. (2003 d) On the Identity of Maladera infuscata (Moser, 1915), with description of a new species from Taiwan (Coleoptera, Scarabaeidae, Sericini). Zootaxa, 392 (1), 1 - 8. https: // doi. org / 10.11646 / zootaxa. 392.1.1" type="journal article" year="2003">Ahrens (2003d)</bibRefCitation>
.
</paragraph>
<paragraph blockId="62.[151,1437,1150,2041]" pageId="62" pageNumber="63">
<emphasis bold="true" box="[199,572,1186,1212]" pageId="62" pageNumber="63">Additional material examined.</emphasis>
<materialsCitation pageId="62" pageNumber="63">
<specimenCount box="[582,628,1187,1213]" pageId="62" pageNumber="63" type="male">1 ♂</specimenCount>
“ 
<location LSID="urn:lsid:plazi:treatment:03BD87E66B5FFF85AF89FACDFD1E3EA1:8ECB602B6B5FFFFBAD96FCC9FCC239F1" box="[648,796,1187,1213]" country="South Korea" name="Panmundzoa" pageId="62" pageNumber="63">Panmundzoa</location>
<collectingCountry box="[807,878,1187,1213]" name="South Korea" pageId="62" pageNumber="63">Korea</collectingCountry>
” (
<collectionCode box="[907,946,1187,1213]" pageId="62" pageNumber="63">CP</collectionCode>
), 
<specimenCount box="[969,1036,1187,1213]" pageId="62" pageNumber="63" type="male">3 ♂♂</specimenCount>
“ 
<collectorName box="[1056,1321,1187,1213]" pageId="62" pageNumber="63">Jiugongshan Tongshan</collectorName>
, S-Hubei, 
<date box="[151,251,1223,1249]" pageId="62" pageNumber="63" value="2004-05-01">
<collectingDate box="[151,251,1223,1249]" pageId="62" pageNumber="63" value="2004-05-01">1.V.2004</collectingDate>
</date>
leg. 
<collectorName box="[309,363,1223,1249]" pageId="62" pageNumber="63">Wen</collectorName>
” (
<collectionCode box="[388,472,1223,1249]" country="Germany" httpUri="http://biocol.org/urn:lsid:biocol.org:col:34613" lsid="urn:lsid:biocol.org:col:34613" name="Zoologisches Forschungsmuseum Alexander Koenig" pageId="62" pageNumber="63" type="Museum">ZFMK</collectionCode>
),
</materialsCitation>
<materialsCitation box="[492,902,1222,1249]" pageId="62" pageNumber="63">
<specimenCount box="[492,536,1223,1249]" pageId="62" pageNumber="63" type="male">1 ♂</specimenCount>
“ 
<collectingCounty box="[554,655,1223,1249]" pageId="62" pageNumber="63">Linjiang</collectingCounty>
, 
<date box="[667,796,1222,1249]" pageId="62" pageNumber="63" value="1955-06-21">
<collectingDate box="[667,796,1222,1249]" pageId="62" pageNumber="63" value="1955-06-21">21.VI.1955</collectingDate>
</date>
” (
<collectionCode box="[823,890,1223,1249]" country="0" httpUri="http://grbio.org/cool/043p-ts4f" name="Institut Zoologii Akademii Nauk Ukraini - Institute of Zoology of the Academy of Sciences of Ukraine" pageId="62" pageNumber="63">IZAS</collectionCode>
),
</materialsCitation>
<materialsCitation pageId="62" pageNumber="63">
<specimenCount box="[911,955,1223,1249]" pageId="62" pageNumber="63" type="male">1 ♂</specimenCount>
[doubtful record] “ 
<collectingCountry box="[1175,1248,1223,1249]" name="China" pageId="62" pageNumber="63">China</collectingCountry>
: 
<collectingRegion box="[1260,1436,1223,1249]" country="China" name="Nei Mongol" pageId="62" pageNumber="63">Inner Mongolia</collectingRegion>
<collectingMunicipality box="[151,419,1259,1285]" pageId="62" pageNumber="63">Mt. Daquangdingzishan</collectingMunicipality>
(
<quantity box="[433,514,1259,1286]" metricMagnitude="3" metricUnit="m" metricValue="2.061" pageId="62" pageNumber="63" unit="m" value="2061.0">
<elevation box="[433,514,1259,1286]" metricMagnitude="3" metricUnit="m" metricValue="2.061" pageId="62" pageNumber="63" unit="m" value="2061.0">2061m</elevation>
</quantity>
) 
<location LSID="urn:lsid:plazi:treatment:03BD87E66B5FFF85AF89FACDFD1E3EA1:8ECB602B6B5FFFFBAD0EFC81FDB43849" box="[528,618,1259,1285]" country="China" county="Linjiang" municipality="Mt. Daquangdingzishan" name="Chifeng" pageId="62" pageNumber="63" stateProvince="Nei Mongol">Chifeng</location>
<date box="[624,775,1259,1285]" pageId="62" pageNumber="63" value="2009-07-02" valueMax="2009-07-12" valueMin="2009-07-02">
<collectingDate box="[624,775,1259,1285]" pageId="62" pageNumber="63" value="2009-07-02" valueMax="2009-07-12" valueMin="2009-07-02">2-12.vii.2009</collectingDate>
</date>
local coll. 
<collectorName box="[895,979,1259,1285]" pageId="62" pageNumber="63">Ankauf</collectorName>
via 
<location LSID="urn:lsid:plazi:treatment:03BD87E66B5FFF85AF89FACDFD1E3EA1:8ECB602B6B5FFFFBAB1CFC81FBB43849" box="[1026,1130,1259,1285]" country="China" county="Linjiang" municipality="Mt. Daquangdingzishan" name="Li Jingke" pageId="62" pageNumber="63" stateProvince="Nei Mongol">Li Jingke</location>
2010” (
<collectionCode box="[1218,1302,1259,1285]" country="Germany" httpUri="http://biocol.org/urn:lsid:biocol.org:col:34613" lsid="urn:lsid:biocol.org:col:34613" name="Zoologisches Forschungsmuseum Alexander Koenig" pageId="62" pageNumber="63" type="Museum">ZFMK</collectionCode>
),
</materialsCitation>
<materialsCitation pageId="62" pageNumber="63">
<specimenCount box="[1320,1363,1259,1285]" pageId="62" pageNumber="63" type="male">1 ♂</specimenCount>
, 
<specimenCount box="[1374,1436,1259,1285]" pageId="62" pageNumber="63" type="female">2 ♀♀</specimenCount>
“Tsingtau Prof. Hofmann/ 
<taxonomicName box="[445,566,1295,1321]" class="Insecta" family="Melolonthidae" genus="Autoserica" kingdom="Animalia" order="Coleoptera" pageId="62" pageNumber="63" phylum="Arthropoda" rank="genus">Autoserica</taxonomicName>
infuscate 
<determinerName box="[680,838,1295,1321]" pageId="62" pageNumber="63">Mos. J. Moser</determinerName>
det 1917” (
<collectionCode box="[967,1038,1295,1321]" pageId="62" pageNumber="63">DEIC</collectionCode>
),
</materialsCitation>
<materialsCitation pageId="62" pageNumber="63">
<specimenCount box="[1056,1097,1295,1321]" pageId="62" pageNumber="63" type="male">1 ♂</specimenCount>
“ 
<location LSID="urn:lsid:plazi:treatment:03BD87E66B5FFF85AF89FACDFD1E3EA1:8ECB602B6B5FFFFBAB47FD65FB703865" box="[1113,1198,1295,1321]" country="China" latitude="27.4" name="Kuatun" pageId="62" pageNumber="63" stateProvince="Nei Mongol">Kuatun</location>
(
<quantity box="[1212,1298,1295,1321]" metricMagnitude="3" metricUnit="m" metricValue="2.3" pageId="62" pageNumber="63" unit="m" value="2300.0">
<elevation box="[1212,1298,1295,1321]" metricMagnitude="3" metricUnit="m" metricValue="2.3" pageId="62" pageNumber="63" unit="m" value="2300.0">2300 m</elevation>
</quantity>
) 
<geoCoordinate box="[1313,1398,1295,1321]" degrees="27, 40" direction="north" orientation="latitude" pageId="62" pageNumber="63" precision="555" value="27.4">
27, 
<specimenCount box="[1346,1398,1295,1321]" pageId="62" pageNumber="63" type="generic">40 n</specimenCount>
</geoCoordinate>
.Br. 
<geoCoordinate box="[151,251,1331,1357]" degrees="117, 40" direction="west" orientation="longitude" pageId="62" pageNumber="63" precision="555" value="-117.4">117,40 ö</geoCoordinate>
. 
<collectorName box="[255,438,1331,1357]" pageId="62" pageNumber="63">L. J. Klapperich</collectorName>
<date box="[446,558,1331,1357]" pageId="62" pageNumber="63" value="1938-06-20">
<collectingDate box="[446,558,1331,1357]" pageId="62" pageNumber="63" value="1938-06-20">20.6.1938</collectingDate>
</date>
(
<collectorName box="[574,658,1331,1358]" pageId="62" pageNumber="63">Fukien</collectorName>
)” (
<collectionCode box="[691,730,1331,1357]" pageId="62" pageNumber="63">CF</collectionCode>
),
</materialsCitation>
<materialsCitation pageId="62" pageNumber="63">
<specimenCount box="[750,793,1331,1357]" pageId="62" pageNumber="63" type="female">1 ♀</specimenCount>
“ 
<location LSID="urn:lsid:plazi:treatment:03BD87E66B5FFF85AF89FACDFD1E3EA1:8ECB602B6B5FFFFBAC35FD59FC5E3801" box="[811,896,1331,1357]" country="China" latitude="27.4" name="Kuatun" pageId="62" pageNumber="63" stateProvince="Nei Mongol">Kuatun</location>
(
<quantity box="[911,1000,1331,1357]" metricMagnitude="3" metricUnit="m" metricValue="2.3" pageId="62" pageNumber="63" unit="m" value="2300.0">
<elevation box="[911,1000,1331,1357]" metricMagnitude="3" metricUnit="m" metricValue="2.3" pageId="62" pageNumber="63" unit="m" value="2300.0">2300 m</elevation>
</quantity>
) 
<geoCoordinate box="[1016,1103,1331,1357]" degrees="27, 40" direction="north" orientation="latitude" pageId="62" pageNumber="63" precision="555" value="27.4">
27, 
<specimenCount box="[1049,1103,1331,1357]" pageId="62" pageNumber="63" type="generic">40 n</specimenCount>
</geoCoordinate>
.Br. 
<geoCoordinate box="[1149,1249,1331,1357]" degrees="117, 40" direction="west" orientation="longitude" pageId="62" pageNumber="63" precision="555" value="-117.4">117,40 ö</geoCoordinate>
. 
<collectorName box="[1253,1436,1331,1357]" pageId="62" pageNumber="63">L. J. Klapperich</collectorName>
<date box="[151,263,1366,1393]" pageId="62" pageNumber="63" value="1938-05-30">
<collectingDate box="[151,263,1366,1393]" pageId="62" pageNumber="63" value="1938-05-30">30.5.1938</collectingDate>
</date>
(
<collectorName box="[278,362,1367,1394]" pageId="62" pageNumber="63">Fukien</collectorName>
)” (
<collectionCode box="[395,434,1367,1393]" pageId="62" pageNumber="63">CF</collectionCode>
),
</materialsCitation>
<materialsCitation box="[454,1437,1367,1394]" pageId="62" pageNumber="63">
<specimenCount box="[454,496,1367,1393]" pageId="62" pageNumber="63" type="female">1 ♀</specimenCount>
“ 
<location LSID="urn:lsid:plazi:treatment:03BD87E66B5FFF85AF89FACDFD1E3EA1:8ECB602B6B5FFFFBAD1FFD3DFD88383D" box="[513,598,1367,1393]" country="China" latitude="27.4" name="Kuatun" pageId="62" pageNumber="63" stateProvince="Nei Mongol">Kuatun</location>
(
<quantity box="[613,701,1367,1393]" metricMagnitude="3" metricUnit="m" metricValue="2.3" pageId="62" pageNumber="63" unit="m" value="2300.0">
<elevation box="[613,701,1367,1393]" metricMagnitude="3" metricUnit="m" metricValue="2.3" pageId="62" pageNumber="63" unit="m" value="2300.0">2300 m</elevation>
</quantity>
) 
<geoCoordinate box="[717,803,1367,1393]" degrees="27, 40" direction="north" orientation="latitude" pageId="62" pageNumber="63" precision="555" value="27.4">
27, 
<specimenCount box="[750,803,1367,1393]" pageId="62" pageNumber="63" type="generic">40 n</specimenCount>
</geoCoordinate>
.Br. 
<geoCoordinate box="[849,948,1367,1393]" degrees="117, 40" direction="west" orientation="longitude" pageId="62" pageNumber="63" precision="555" value="-117.4">117,40 ö</geoCoordinate>
. 
<collectorName box="[952,1134,1367,1393]" pageId="62" pageNumber="63">L. J. Klapperich</collectorName>
<date box="[1142,1252,1367,1393]" pageId="62" pageNumber="63" value="1938-11-06">
<collectingDate box="[1142,1252,1367,1393]" pageId="62" pageNumber="63" value="1938-11-06">11.6.1938</collectingDate>
</date>
(
<collectorName box="[1268,1352,1367,1394]" pageId="62" pageNumber="63">Fukien</collectorName>
)” (
<collectionCode box="[1385,1424,1367,1393]" pageId="62" pageNumber="63">CF</collectionCode>
),
</materialsCitation>
<materialsCitation box="[151,1130,1402,1430]" pageId="62" pageNumber="63">
<specimenCount box="[151,193,1403,1429]" pageId="62" pageNumber="63" type="female">1 ♀</specimenCount>
“ 
<location LSID="urn:lsid:plazi:treatment:03BD87E66B5FFF85AF89FACDFD1E3EA1:8ECB602B6B5FFFFBAFCCFD11FEF938D9" box="[210,295,1403,1429]" country="China" latitude="27.4" name="Kuatun" pageId="62" pageNumber="63" stateProvince="Nei Mongol">Kuatun</location>
(
<quantity box="[310,397,1403,1429]" metricMagnitude="3" metricUnit="m" metricValue="2.3" pageId="62" pageNumber="63" unit="m" value="2300.0">
<elevation box="[310,397,1403,1429]" metricMagnitude="3" metricUnit="m" metricValue="2.3" pageId="62" pageNumber="63" unit="m" value="2300.0">2300 m</elevation>
</quantity>
) 
<geoCoordinate box="[412,498,1403,1429]" degrees="27, 40" direction="north" orientation="latitude" pageId="62" pageNumber="63" precision="555" value="27.4">
27, 
<specimenCount box="[445,498,1403,1429]" pageId="62" pageNumber="63" type="generic">40 n</specimenCount>
</geoCoordinate>
.Br. 
<geoCoordinate box="[544,643,1403,1429]" degrees="117, 40" direction="west" orientation="longitude" pageId="62" pageNumber="63" precision="555" value="-117.4">117,40 ö</geoCoordinate>
. 
<collectorName box="[647,828,1403,1429]" pageId="62" pageNumber="63">L. J. Klapperich</collectorName>
<date box="[835,947,1402,1429]" pageId="62" pageNumber="63" value="1938-12-05">
<collectingDate box="[835,947,1402,1429]" pageId="62" pageNumber="63" value="1938-12-05">12.5.1938</collectingDate>
</date>
(
<location LSID="urn:lsid:plazi:treatment:03BD87E66B5FFF85AF89FACDFD1E3EA1:8ECB602B6B5FFFFBACDCFD11FBC838DA" box="[962,1046,1403,1430]" country="China" name="Fukien" pageId="62" pageNumber="63" stateProvince="Nei Mongol">Fukien</location>
)” (
<collectionCode box="[1079,1118,1403,1429]" pageId="62" pageNumber="63">CF</collectionCode>
).
</materialsCitation>
</paragraph>
</subSubSection>
<subSubSection lastPageId="64" lastPageNumber="65" pageId="62" pageNumber="63" type="description">
<paragraph blockId="62.[151,1437,1150,2041]" pageId="62" pageNumber="63">
<emphasis bold="true" box="[199,373,1438,1464]" pageId="62" pageNumber="63">Redescription.</emphasis>
Length: 
<quantity box="[475,563,1439,1465]" metricMagnitude="-3" metricUnit="m" metricValue="9.1" pageId="62" pageNumber="63" unit="mm" value="9.1">9.1 mm</quantity>
, length of elytra: 
<quantity box="[762,851,1438,1465]" metricMagnitude="-3" metricUnit="m" metricValue="6.5" pageId="62" pageNumber="63" unit="mm" value="6.5">6.5 mm</quantity>
, width: 
<quantity box="[942,1031,1438,1465]" metricMagnitude="-3" metricUnit="m" metricValue="5.2" pageId="62" pageNumber="63" unit="mm" value="5.2">5.2 mm</quantity>
. Body oval, reddish brown, antenna yellow, labroclypeus shiny, remainder of dorsal surface dull, glabrous, except for a few small setae on the head and elytra.
</paragraph>
<paragraph blockId="62.[151,1437,1150,2041]" pageId="62" pageNumber="63">
Labroclypeus subtrapezoidal, distinctly wider than long, widest at base, straight and strongly convergent to moderately rounded anterior angles, lateral border and ocular canthus producing a distinct blunt angle, margins weakly reflexed, anteriorly very shallowly emarginate medially; surface weakly convex medially, shiny, finely punctate, distance between punctures irregular sometimes less than their diameter, with a few short, erect setae anteriorly; frontoclypeal suture feebly impressed and weakly curved medially; smooth area in front of eye approximately twice as wide as long; ocular canthus short and moderately broad, finely punctate, with a single short terminal seta. Frons with fine, moderately dense punctures, glabrous except for a few setae beside eyes. Eyes small, ratio of diameter/ interocular width: 0.57. Antenna yellow, with ten antennomeres; club with three antennomeres, as long as remaining antennomeres together. 
<collectingRegion box="[625,720,1835,1861]" country="Myanmar" name="Chin" pageId="62" pageNumber="63">Mentum</collectingRegion>
anteriorly elevated and flattened.
</paragraph>
<paragraph blockId="62.[151,1437,1150,2041]" pageId="62" pageNumber="63">Pronotum widest at base, lateral margins weakly and evenly convex and convergent anteriorly, anterior angles distinctly produced and sharp, anterior marginal line widely interrupted medially, margin weakly and convexly produced medially; surface moderately densely and finely punctate, with very minute setae in punctures only; anterior and lateral borders setose. Scutellum broad, triangular, with fine and moderately dense punctures, each bearing a single very minute seta.</paragraph>
<caption ID-DOI="http://doi.org/10.5281/zenodo.4496340" ID-Zenodo-Dep="4496340" httpUri="https://zenodo.org/record/4496340/files/figure.png" pageId="63" pageNumber="64" startId="63.[151,250,1943,1967]" targetBox="[194,1397,195,1907]" targetPageId="63">
<paragraph blockId="63.[151,1437,1943,2040]" pageId="63" pageNumber="64">
<emphasis bold="true" box="[151,352,1943,1968]" pageId="63" pageNumber="64">FIGURE 12. A–D:</emphasis>
<taxonomicName authority="Ahrens, Fabrizi &amp; Liu" authorityName="Ahrens, Fabrizi &amp; Liu" authorityYear="2021" box="[360,813,1944,1968]" class="Insecta" family="Melolonthidae" genus="Maladera" kingdom="Animalia" order="Coleoptera" pageId="63" pageNumber="64" phylum="Arthropoda" rank="species" species="anhuiensis" status="sp. n.">
<emphasis box="[360,575,1944,1968]" italics="true" pageId="63" pageNumber="64">Maladera anhuiensis</emphasis>
Ahrens, Fabrizi &amp; Liu
</taxonomicName>
, 
<taxonomicNameLabel box="[824,880,1944,1967]" pageId="63" pageNumber="64" rank="species">sp. n.</taxonomicNameLabel>
(holotype); 
<emphasis bold="true" box="[1007,1064,1944,1968]" pageId="63" pageNumber="64">E–H:</emphasis>
<taxonomicName authority="(Moser, 1915)" baseAuthorityName="Moser" baseAuthorityYear="1915" box="[1072,1352,1943,1968]" class="Insecta" family="Melolonthidae" genus="Maladera" kingdom="Animalia" order="Coleoptera" pageId="63" pageNumber="64" phylum="Arthropoda" rank="species" species="infuscata">
<emphasis box="[1072,1200,1944,1968]" italics="true" pageId="63" pageNumber="64">M. infuscata</emphasis>
(Moser, 1915)
</taxonomicName>
(China: Hubei: Jiugongshan); 
<emphasis bold="true" box="[374,422,1980,2004]" pageId="63" pageNumber="64">I–L:</emphasis>
<taxonomicName authority="(Moser, 1915)" baseAuthorityName="Moser" baseAuthorityYear="1915" box="[428,713,1979,2004]" class="Insecta" family="Melolonthidae" genus="Maladera" kingdom="Animalia" order="Coleoptera" pageId="63" pageNumber="64" phylum="Arthropoda" rank="species" species="diversipes">
<emphasis box="[428,564,1980,2004]" italics="true" pageId="63" pageNumber="64">M. diversipes</emphasis>
(Moser, 1915)
</taxonomicName>
(China: Hubei: Wujiashan). 
<emphasis bold="true" box="[1004,1082,1979,2004]" pageId="63" pageNumber="64">A, E, I:</emphasis>
aedeagus, left side lateral view; 
<emphasis bold="true" pageId="63" pageNumber="64">C, G, K:</emphasis>
aedeagus, right side lateral view; 
<emphasis bold="true" box="[557,634,2016,2040]" pageId="63" pageNumber="64">B, F, J:</emphasis>
parameres, dorsal view; 
<emphasis bold="true" box="[888,976,2016,2040]" pageId="63" pageNumber="64">D, H, L:</emphasis>
habitus. Scale: 0.5 mm. Habitus not to scale.
</paragraph>
</caption>
<paragraph blockId="64.[151,1436,151,1005]" pageId="64" pageNumber="65">Elytra oblong, widest at middle, striae distinctly impressed, finely and densely punctate, intervals moderately convex, with fine, moderately dense punctures, penultimate lateral interval with a few fine, erect, short setae, some punctures with very minute setae; epipleural margin robust, ending at the weakly convex external apical angle of elytra, epipleura densely setose, apical border chitinous, with short microtrichomes.</paragraph>
<paragraph blockId="64.[151,1436,151,1005]" pageId="64" pageNumber="65">Ventral surface dull, thorax and metacoxa with large dense punctures, sparsely setose, metacoxa glabrous except for a few long setae laterally; each abdominal sternite, in addition to generally distributed fine and moderately dense punctures, with a distinct transverse row of coarse punctures each bearing a short and robust seta, some punctures with microscopic setae, penultimate sternite apically with a shiny smooth chitinous border, which is one third as long as sternite. Mesosternum between mesocoxae as wide as mesofemur. Ratio of length of metepisternum/ metacoxa: 1/ 1.7. Pygidium strongly convex, finely and densely punctate, without smooth midline, punctures with microscopic setae and with a few long setae along apical margin.</paragraph>
<paragraph blockId="64.[151,1436,151,1005]" pageId="64" pageNumber="65">Legs moderately broad; femora with two longitudinal rows of setae, finely and moderately densely punctate; metafemur dull, anterior margin acute, lacking an adjacent serrated line, posterior ventral margin medially straight, weakly widened in apical half and not serrate, dorsally not serrated, finely setose. Metatibia moderately broad and long, widest at apex, ratio width/ length: 1/ 3.4, dorsally sharply carinate, with two groups of spines, basal one at middle, apical one at three quarters of metatibial length, basally with a few punctures, each bearing short single spines; lateral face longitudinally convex, with sparse and fine punctures in basal half, glabrous; ventral margin serrate, with three strong spines equidistant from each other, medial face not punctate, apex interiorly near tarsal articulation shallowly concave. Tarsomeres very sparsely and finely punctate dorsally, ventrally with sparse, short setae; metatarsomeres ventrally with a strongly serrated ridge, beside which is a strong longitudinal carina, first metatarsomere a little shorter than the two following segments combined and a little longer than the upper tibial spur. Protibia short, bidentate. All claws symmetrical, feebly curved and long, with normally developed basal tooth.</paragraph>
<paragraph blockId="64.[151,1436,151,1005]" box="[199,626,943,969]" pageId="64" pageNumber="65">
Aedeagus: 
<figureCitation box="[324,403,943,969]" captionStart="FIGURE 12" captionStartId="63.[151,250,1943,1967]" captionTargetBox="[194,1397,195,1907]" captionTargetId="figure-20@63.[182,1406,181,1920]" captionTargetPageId="63" captionText="FIGURE 12. A–D: Maladera anhuiensis Ahrens, Fabrizi &amp; Liu, sp. n. (holotype); E–H: M. infuscata (Moser, 1915) (China: Hubei: Jiugongshan); I–L: M. diversipes (Moser, 1915) (China: Hubei: Wujiashan). A, E, I: aedeagus, left side lateral view; C, G, K: aedeagus, right side lateral view; B, F, J: parameres, dorsal view; D, H, L: habitus. Scale: 0.5 mm. Habitus not to scale." figureDoi="http://doi.org/10.5281/zenodo.4496340" httpUri="https://zenodo.org/record/4496340/files/figure.png" pageId="64" pageNumber="65">Fig. 12</figureCitation>
E–G. Habitus: 12H.
</paragraph>
</subSubSection>
<subSubSection box="[199,704,978,1005]" pageId="64" pageNumber="65" type="distribution">
<paragraph blockId="64.[151,1436,151,1005]" box="[199,704,978,1005]" pageId="64" pageNumber="65">
<emphasis bold="true" box="[199,353,978,1004]" pageId="64" pageNumber="65">Distribution.</emphasis>
See map (
<figureCitation box="[470,552,979,1005]" captionStart="FIGURE 92" captionStartId="347.[151,250,1939,1963]" captionTargetBox="[219,1367,1109,1909]" captionTargetId="figure-53@347.[213,1374,1103,1915]" captionTargetPageId="347" captionText="FIGURE 92. Distribution of the subgenus Omaladera: Maladera infuscata (Moser, 1915), M. johannesi Ahrens &amp; Fabrizi, 2016, M. juntongi sp. n., M. masumotoi Nomura, 1974 (not precisely localized collection site indicated by a “?”), M. ovatula (Fairmaire, 1891)." figureDoi="http://doi.org/10.5281/zenodo.4496564" httpUri="https://zenodo.org/record/4496564/files/figure.png" pageId="64" pageNumber="65">Fig. 92</figureCitation>
) and 
<tableCitation box="[614,698,979,1005]" captionStart="TABLE 1" captionStartId="368.[151,239,544,570]" captionText="TABLE 1. Overview on the distribuition of the Chinese mainland species of Maladera Mulsant &amp; Rey, 1871 (x – records from material examined herein, o – records from literature, with no material of this study)." pageId="64" pageNumber="65">Table 1</tableCitation>
.
</paragraph>
</subSubSection>
</treatment>
</document>