<document ID-DOI="http://doi.org/10.5281/zenodo.4534507" ID-GBIF-Dataset="188411de-569c-4408-a016-1a04b858c142" ID-ISSN="1175-5326" ID-Zenodo-Dep="4534507" ID-ZooBank="D7F9C6A3-9C28-4F4C-8E81-BF24849FDD8C" _generate="added" approvalRequired="33" approvalRequired_for_illustrations="17" approvalRequired_for_treatments="16" checkinTime="1612331093960" checkinUser="plazi" docAuthor="Fabrizi, Silvia, Liu, Wan-Gang, Bai, Ming, Yang, Xing-Ke &amp; Ahrens, Dirk" docDate="2021" docId="03BD87E66B25FF83AF89FD84FD1E38D1" docLanguage="en" docName="zootaxa.4922.1.1.pdf" docOrigin="Zootaxa 4922 (1)" docStyle="DocumentStyle:5EBBA59367AD13919D70D935FA04F6A3.7:Zootaxa.2013-.monograph" docStyleId="5EBBA59367AD13919D70D935FA04F6A3" docStyleName="Zootaxa.2013-.monograph" docStyleVersion="7" docTitle="Maladera perniciosa" docType="treatment" docVersion="7" lastPageId="70" lastPageNumber="71" masterDocId="FF84FF9E6B61FFC5AF1EF86AFFDE3D4C" masterDocTitle="A monograph of the genus Maladera Mulsant &amp; Rey, 1871 of China (Coleoptera: Scarabaeidae: Melolonthinae: Sericini)" masterLastPageNumber="400" masterPageNumber="1" pageId="68" pageNumber="69" updateTime="1615983897969" updateUser="diego">
<mods:mods xmlns:mods="http://www.loc.gov/mods/v3">
<mods:titleInfo>
<mods:title>A monograph of the genus Maladera Mulsant &amp; Rey, 1871 of China (Coleoptera: Scarabaeidae: Melolonthinae: Sericini)</mods:title>
</mods:titleInfo>
<mods:name type="personal">
<mods:role>
<mods:roleTerm>Author</mods:roleTerm>
</mods:role>
<mods:namePart>Fabrizi, Silvia</mods:namePart>
<mods:nameIdentifier type="ORCID">0000-0003-3524-7153</mods:nameIdentifier>
<mods:nameIdentifier type="email">ahrens.dirk_col@gmx.de</mods:nameIdentifier>
</mods:name>
<mods:name type="personal">
<mods:role>
<mods:roleTerm>Author</mods:roleTerm>
</mods:role>
<mods:namePart>Liu, Wan-Gang</mods:namePart>
<mods:nameIdentifier type="ORCID">0000-0003-4788-7967</mods:nameIdentifier>
<mods:nameIdentifier type="email">liuwangang@ieecas.cn</mods:nameIdentifier>
</mods:name>
<mods:name type="personal">
<mods:role>
<mods:roleTerm>Author</mods:roleTerm>
</mods:role>
<mods:namePart>Bai, Ming</mods:namePart>
<mods:nameIdentifier type="ORCID">0000-0003-3676-6828</mods:nameIdentifier>
<mods:nameIdentifier type="email">liuwangang@ieecas.cn</mods:nameIdentifier>
</mods:name>
<mods:name type="personal">
<mods:role>
<mods:roleTerm>Author</mods:roleTerm>
</mods:role>
<mods:namePart>Yang, Xing-Ke</mods:namePart>
<mods:nameIdentifier type="ORCID">0000-0003-3676-6828</mods:nameIdentifier>
<mods:nameIdentifier type="email">liuwangang@ieecas.cn</mods:nameIdentifier>
</mods:name>
<mods:name type="personal">
<mods:role>
<mods:roleTerm>Author</mods:roleTerm>
</mods:role>
<mods:namePart>Ahrens, Dirk</mods:namePart>
<mods:nameIdentifier type="ORCID">0000-0003-3524-7153</mods:nameIdentifier>
<mods:nameIdentifier type="email">ahrens.dirk_col@gmx.de</mods:nameIdentifier>
</mods:name>
<mods:typeOfResource>text</mods:typeOfResource>
<mods:relatedItem type="host">
<mods:titleInfo>
<mods:title>Zootaxa</mods:title>
</mods:titleInfo>
<mods:part>
<mods:date>2021</mods:date>
<mods:detail type="pubDate">
<mods:number>2021-02-03</mods:number>
</mods:detail>
<mods:detail type="volume">
<mods:number>4922</mods:number>
</mods:detail>
<mods:detail type="issue">
<mods:number>1</mods:number>
</mods:detail>
<mods:extent unit="page">
<mods:start>1</mods:start>
<mods:end>400</mods:end>
</mods:extent>
</mods:part>
</mods:relatedItem>
<mods:classification>journal article</mods:classification>
<mods:identifier type="DOI">https://doi.org/10.11646/zootaxa.4922.1.1</mods:identifier>
<mods:identifier type="GBIF-Dataset">188411de-569c-4408-a016-1a04b858c142</mods:identifier>
<mods:identifier type="ISSN">1175-5326</mods:identifier>
<mods:identifier type="Zenodo-Dep">4496316</mods:identifier>
<mods:identifier type="ZooBank">D7F9C6A3-9C28-4F4C-8E81-BF24849FDD8C</mods:identifier>
</mods:mods>
<treatment ID-DOI="http://doi.org/10.5281/zenodo.4534507" ID-Zenodo-Dep="4534507" LSID="urn:lsid:plazi:treatment:03BD87E66B25FF83AF89FD84FD1E38D1" httpUri="http://treatment.plazi.org/id/03BD87E66B25FF83AF89FD84FD1E38D1" lastPageId="70" lastPageNumber="71" pageId="68" pageNumber="69">
<subSubSection box="[151,603,1518,1545]" pageId="68" pageNumber="69" type="nomenclature">
<paragraph blockId="68.[151,603,1518,1581]" box="[151,603,1518,1545]" pageId="68" pageNumber="69">
<heading bold="true" box="[151,603,1518,1545]" fontSize="11" level="2" pageId="68" pageNumber="69" reason="4">
<taxonomicName authority="(Brenske, 1898)" baseAuthorityName="Brenske" baseAuthorityYear="1898" box="[151,603,1518,1545]" class="Insecta" family="Melolonthidae" genus="Maladera" kingdom="Animalia" order="Coleoptera" pageId="68" pageNumber="69" phylum="Arthropoda" rank="species" species="perniciosa">
<emphasis bold="true" box="[151,603,1518,1545]" pageId="68" pageNumber="69">
<emphasis bold="true" box="[151,401,1518,1545]" italics="true" pageId="68" pageNumber="69">Maladera perniciosa</emphasis>
(
<bibRefCitation author="Brenske, E." box="[418,595,1518,1545]" pageId="68" pageNumber="69" pagination="205 - 403" refId="ref331459" refString="Brenske, E. (1898) Die Serica - Arten der Erde. Berliner Entomologische Zeitschrift, 43, 205 - 403. https: // doi. org / 10.1002 / mmnd. 47918980303" type="journal article" year="1898">Brenske, 1898</bibRefCitation>
)
</emphasis>
</taxonomicName>
</heading>
</paragraph>
</subSubSection>
<subSubSection box="[151,364,1555,1581]" pageId="68" pageNumber="69" type="description">
<paragraph blockId="68.[151,603,1518,1581]" box="[151,364,1555,1581]" pageId="68" pageNumber="69">
<figureCitation box="[151,268,1555,1581]" captionStart="FIGURE 14" captionStartId="69.[151,250,1910,1934]" captionTargetBox="[236,1348,192,1877]" captionTargetId="figure-20@69.[226,1361,181,1886]" captionTargetPageId="69" captionText="FIGURE 14. A–E: Maladera perniciosa (Brenske, 1898) (Vietnam: Lao Cai: Sa Pa); F–J: M. sontica (Brenske, 1898) (Laos: Louangnamtha: Namtha); K–O: M. verticalis (Fairmaire, 1888b) (China: Shaanxi: Houzhenzi). A, F, K: aedeagus, left side lateral view; D, I, N: aedeagus, right side lateral view; B, G, L: aedeagus, dorsal view; C, H, M: left parameres, ventral view; E, J, O: habitus. Scale: 0.5 mm. Habitus not to scale." figureDoi="http://doi.org/10.5281/zenodo.4496344" httpUri="https://zenodo.org/record/4496344/files/figure.png" pageId="68" pageNumber="69">Figures 14</figureCitation>
A–E, 93
</paragraph>
</subSubSection>
<subSubSection pageId="68" pageNumber="69" type="reference_group">
<paragraph blockId="68.[151,1243,1623,1678]" box="[151,585,1623,1647]" pageId="68" pageNumber="69">
<treatmentCitationGroup box="[151,585,1623,1647]" pageId="68" pageNumber="69">
<treatmentCitation author="Brenske, E." box="[151,581,1623,1647]" page="336" pageId="68" pageNumber="69" year="1898">
<taxonomicName authority="Brenske, 1898: 336" authorityName="Brenske" authorityPageNumber="336" authorityYear="1898" box="[151,581,1623,1647]" class="Insecta" family="Melolonthidae" genus="Autoserica" kingdom="Animalia" order="Coleoptera" pageId="68" pageNumber="69" phylum="Arthropoda" rank="species" species="perniciosa">
<emphasis box="[151,374,1623,1647]" italics="true" pageId="68" pageNumber="69">Autoserica perniciosa</emphasis>
<bibRefCitation author="Brenske, E." box="[381,581,1623,1647]" pageId="68" pageNumber="69" pagination="205 - 403" refId="ref331459" refString="Brenske, E. (1898) Die Serica - Arten der Erde. Berliner Entomologische Zeitschrift, 43, 205 - 403. https: // doi. org / 10.1002 / mmnd. 47918980303" type="journal article" year="1898">Brenske, 1898: 336</bibRefCitation>
</taxonomicName>
</treatmentCitation>
.
</treatmentCitationGroup>
</paragraph>
<paragraph blockId="68.[151,1243,1623,1678]" box="[151,1243,1654,1678]" pageId="68" pageNumber="69">
<treatmentCitationGroup box="[151,1243,1654,1678]" pageId="68" pageNumber="69">
<treatmentCitation author="Ahrens, D." box="[151,743,1654,1678]" page="276" pageId="68" pageNumber="69" year="2004">
<taxonomicName authority=": Ahrens 2004 a: 276" authorityName=": Ahrens" authorityPageNumber="276" authorityYear="2004" box="[151,743,1654,1678]" class="Insecta" family="Melolonthidae" genus="Maladera" kingdom="Animalia" order="Coleoptera" pageId="68" pageNumber="69" phylum="Arthropoda" rank="species" species="perniciosa" subGenus="Cephaloserica">
<emphasis box="[151,251,1654,1678]" italics="true" pageId="68" pageNumber="69">Maladera</emphasis>
(
<emphasis box="[266,414,1654,1678]" italics="true" pageId="68" pageNumber="69">Cephaloserica</emphasis>
) 
<emphasis box="[428,535,1654,1677]" italics="true" pageId="68" pageNumber="69">perniciosa</emphasis>
: 
<bibRefCitation author="Ahrens, D." box="[547,743,1654,1678]" pageId="68" pageNumber="69" refId="ref329734" refString="Ahrens, D. (2004 a) Monographie der Sericini des Himalaya (Coleoptera, Scarabaeidae). Dissertation. de-Verlag im Internet GmbH, Berlin, 534 pp." type="book" year="2004">Ahrens 2004a: 276</bibRefCitation>
</taxonomicName>
</treatmentCitation>
; 
<treatmentCitation author="Krajcik, M." box="[753,941,1654,1678]" page="155" pageId="68" pageNumber="69" year="2012">
<bibRefCitation author="Krajcik, M." box="[753,941,1654,1678]" pageId="68" pageNumber="69" pagination="1 - 278" refId="ref332946" refString="Krajcik, M. (2012) Checklist of the World Scarabaeoidea. Animma. x, Supplement, 5, 1 - 278." type="journal article" year="2012">Krajcik 2012: 155</bibRefCitation>
</treatmentCitation>
; 
<treatmentCitation author="Ahrens, D. &amp; Fabrizi, S." box="[950,1238,1654,1678]" page="242" pageId="68" pageNumber="69" year="2016">
<bibRefCitation author="Ahrens, D. &amp; Fabrizi, S." box="[950,1238,1654,1678]" pageId="68" pageNumber="69" pagination="1 - 355" refId="ref330518" refString="Ahrens, D. &amp; Fabrizi, S. (2016) A Monograph of the Sericini of India (Coleoptera: Scarabaeidae). Bonn Zoological Bulletin, 65, 1 - 355." type="journal article" year="2016">Ahrens &amp; Fabrizi 2016: 242</bibRefCitation>
</treatmentCitation>
.
</treatmentCitationGroup>
</paragraph>
</subSubSection>
<subSubSection lastPageId="70" lastPageNumber="71" pageId="68" pageNumber="69" type="materials_examined">
<paragraph blockId="68.[151,1437,1724,2039]" box="[151,682,1724,1750]" pageId="68" pageNumber="69">
<emphasis bold="true" box="[151,447,1724,1750]" pageId="68" pageNumber="69">
<typeStatus box="[151,210,1724,1750]" pageId="68" pageNumber="69">Type</typeStatus>
material examined.
</emphasis>
See 
<bibRefCitation author="Ahrens, D." box="[500,678,1724,1750]" pageId="68" pageNumber="69" refId="ref329734" refString="Ahrens, D. (2004 a) Monographie der Sericini des Himalaya (Coleoptera, Scarabaeidae). Dissertation. de-Verlag im Internet GmbH, Berlin, 534 pp." type="book" year="2004">Ahrens (2004a)</bibRefCitation>
.
</paragraph>
<paragraph blockId="68.[151,1437,1724,2039]" lastBlockId="70.[151,1437,151,1437]" lastPageId="70" lastPageNumber="71" pageId="68" pageNumber="69">
<emphasis bold="true" box="[199,561,1760,1786]" pageId="68" pageNumber="69">Additional material examined.</emphasis>
<materialsCitation collectingDate="1981-07-29" collectionCode="IZAS" collectorName="Wang" country="China" elevation="2500" location="Weixi" municipality="Pantiange" pageId="68" pageNumber="69" specimenCount="1" specimenCount-male="1" stateProvince="Yunnan">
<emphasis bold="true" box="[567,649,1760,1786]" pageId="68" pageNumber="69">
<collectingCountry box="[567,644,1760,1786]" name="China" pageId="68" pageNumber="69">China</collectingCountry>
:
</emphasis>
<specimenCount box="[655,696,1760,1787]" pageId="68" pageNumber="69" type="male">1 ♂</specimenCount>
“ 
<collectingMunicipality box="[711,827,1760,1786]" pageId="68" pageNumber="69">Pantiange</collectingMunicipality>
, 
<location LSID="urn:lsid:plazi:treatment:03BD87E66B25FF83AF89FD84FD1E38D1:8ECB602B6B25FF81AC5BFE8AFC543BB6" box="[837,906,1760,1786]" country="China" municipality="Pantiange" name="Weixi" pageId="68" pageNumber="69" stateProvince="Yunnan">Weixi</location>
, 
<collectingRegion box="[914,1003,1761,1787]" country="China" name="Yunnan" pageId="68" pageNumber="69">Yunnan</collectingRegion>
, 
<date box="[1013,1152,1760,1786]" pageId="68" pageNumber="69" value="1981-07-29">
<collectingDate box="[1013,1152,1760,1786]" pageId="68" pageNumber="69" value="1981-07-29">29.VII.1981</collectingDate>
</date>
, 
<quantity box="[1162,1243,1760,1787]" metricMagnitude="3" metricUnit="m" metricValue="2.5" pageId="68" pageNumber="69" unit="m" value="2500.0">
<elevation box="[1162,1243,1760,1787]" metricMagnitude="3" metricUnit="m" metricValue="2.5" pageId="68" pageNumber="69" unit="m" value="2500.0">2500m</elevation>
</quantity>
, leg. 
<collectorName box="[1299,1364,1761,1787]" pageId="68" pageNumber="69">Wang</collectorName>
Shuyong” (
<collectionCode box="[220,287,1796,1822]" country="0" httpUri="http://grbio.org/cool/043p-ts4f" name="Institut Zoologii Akademii Nauk Ukraini - Institute of Zoology of the Academy of Sciences of Ukraine" pageId="68" pageNumber="69">IZAS</collectionCode>
)
</materialsCitation>
, 
<materialsCitation box="[306,1286,1796,1823]" collectingDate="1999-06-30" collectionCode="IZAS" collectorName="Yuan Decheng" country="China" location="Ningshan" municipality="Huoditang" pageId="68" pageNumber="69" specimenCount="2" specimenCount-male="2" stateProvince="Shaanxi">
<specimenCount box="[306,368,1796,1823]" pageId="68" pageNumber="69" type="male">2 ♂♂</specimenCount>
“ 
<collectingMunicipality box="[384,508,1796,1822]" pageId="68" pageNumber="69">Huoditang</collectingMunicipality>
, 
<location LSID="urn:lsid:plazi:treatment:03BD87E66B25FF83AF89FD84FD1E38D1:8ECB602B6B25FF81AD18FF6EFDAA3A52" box="[518,628,1796,1822]" country="China" municipality="Huoditang" name="Ningshan" pageId="68" pageNumber="69" stateProvince="Shaanxi">Ningshan</location>
, 
<collectingRegion box="[639,732,1796,1822]" country="China" name="Shaanxi" pageId="68" pageNumber="69">Shaanxi</collectingRegion>
, 
<date box="[743,873,1796,1822]" pageId="68" pageNumber="69" value="1999-06-30">
<collectingDate box="[743,873,1796,1822]" pageId="68" pageNumber="69" value="1999-06-30">30.VI.1999</collectingDate>
</date>
, 1580m, leg. 
<collectorName box="[1021,1187,1796,1823]" pageId="68" pageNumber="69">Yuan Decheng</collectorName>
” (
<collectionCode box="[1211,1278,1796,1822]" country="0" httpUri="http://grbio.org/cool/043p-ts4f" name="Institut Zoologii Akademii Nauk Ukraini - Institute of Zoology of the Academy of Sciences of Ukraine" pageId="68" pageNumber="69">IZAS</collectionCode>
)
</materialsCitation>
, 
<materialsCitation collectingDate="1992-06-16" collectionCode="SMNS" collectorName="M. Bok" country="China" elevation="2000" location="Jiuzhaigou" pageId="68" pageNumber="69" specimenCount="2" stateProvince="Sichuan">
<specimenCount box="[1297,1351,1796,1823]" pageId="68" pageNumber="69" type="generic">2 ex.</specimenCount>
“China N 
<collectingRegion box="[181,271,1832,1858]" country="China" name="Sichuan" pageId="68" pageNumber="69">Sichuan</collectingRegion>
<location LSID="urn:lsid:plazi:treatment:03BD87E66B25FF83AF89FD84FD1E38D1:8ECB602B6B25FF81AE06FF42FE4F3A0E" box="[280,401,1832,1858]" country="China" name="Jiuzhaigou" pageId="68" pageNumber="69" stateProvince="Sichuan">Jiuzhaigou</location>
<quantity box="[411,499,1832,1859]" metricMagnitude="3" metricUnit="m" metricValue="2.0" pageId="68" pageNumber="69" unit="m" value="2000.0">
<elevation box="[411,499,1832,1859]" metricMagnitude="3" metricUnit="m" metricValue="2.0" pageId="68" pageNumber="69" unit="m" value="2000.0">2000 m</elevation>
</quantity>
<date box="[508,656,1832,1859]" pageId="68" pageNumber="69" value="1992-06-16">
<collectingDate box="[508,656,1832,1859]" pageId="68" pageNumber="69" value="1992-06-16">16. Jun 1992</collectingDate>
</date>
<collectorName box="[666,754,1832,1859]" pageId="68" pageNumber="69">M. Bok</collectorName>
lgt.” (
<collectionCode box="[830,911,1832,1858]" country="Germany" httpUri="http://biocol.org/urn:lsid:biocol.org:col:34840" lsid="urn:lsid:biocol.org:col:34840" name="Staatliches Museum fuer Naturkund Stuttgart" pageId="68" pageNumber="69">SMNS</collectionCode>
)
</materialsCitation>
, 
<materialsCitation collectingDate="2007-06-03" collectingDateMax="2007-06-06" collectingDateMin="2007-06-03" collectionCode="NMPC" collectorName="J. Hajek &amp; J. Ruzicka" country="China" elevation="1625" latitude="25.005" location="Tengchong" longLatPrecision="124" longitude="98.488335" municipality="China" pageId="68" pageNumber="69" specimenCount="1" stateProvince="Yunnan">
<specimenCount box="[933,990,1832,1859]" pageId="68" pageNumber="69" type="generic">1 ex.</specimenCount>
“ 
<collectingMunicipality box="[1009,1082,1832,1858]" pageId="68" pageNumber="69">China</collectingMunicipality>
: 
<collectingRegion box="[1095,1292,1832,1859]" country="China" name="Yunnan" pageId="68" pageNumber="69">Yunnan Province</collectingRegion>
, 
<location LSID="urn:lsid:plazi:treatment:03BD87E66B25FF83AF89FD84FD1E38D1:8ECB602B6B25FF81AA07FF42FA463A0E" box="[1305,1432,1832,1858]" country="China" latitude="25.005" longLatPrecision="124" longitude="98.488335" municipality="China" name="Tengchong" pageId="68" pageNumber="69" stateProvince="Yunnan">Tengchong</location>
, 
<date box="[151,295,1868,1894]" pageId="68" pageNumber="69" value="2007-06-03" valueMax="2007-06-06" valueMin="2007-06-03">
<collectingDate box="[151,295,1868,1894]" pageId="68" pageNumber="69" value="2007-06-03" valueMax="2007-06-06" valueMin="2007-06-03">3.-6.VI.2007</collectingDate>
</date>
near long distance bus station, 
<geoCoordinate box="[644,762,1868,1895]" degrees="25" direction="north" minutes="00.3" orientation="latitude" pageId="68" pageNumber="69" precision="92" value="25.005">25°00.3’N</geoCoordinate>
<geoCoordinate box="[769,900,1868,1894]" degrees="098" direction="east" minutes="29.3" orientation="longitude" pageId="68" pageNumber="69" precision="92" value="98.488335">098°29.3’E</geoCoordinate>
, 
<quantity box="[911,991,1868,1895]" metricMagnitude="3" metricUnit="m" metricValue="1.625" pageId="68" pageNumber="69" unit="m" value="1625.0">
<elevation box="[911,991,1868,1895]" metricMagnitude="3" metricUnit="m" metricValue="1.625" pageId="68" pageNumber="69" unit="m" value="1625.0">1625m</elevation>
</quantity>
, 
<collectorName box="[1002,1093,1868,1895]" pageId="68" pageNumber="69">J. Hajek</collectorName>
&amp; 
<collectorName box="[1128,1244,1868,1895]" pageId="68" pageNumber="69">J. Ruzicka</collectorName>
leg.” (
<collectionCode box="[1318,1403,1868,1894]" country="Czech Republic" httpUri="http://grbio.org/cool/hj12-2xm7" name="National Museum Prague" pageId="68" pageNumber="69">NMPC</collectionCode>
)
</materialsCitation>
, 
<materialsCitation collectingDate="2007-06-22" collectingDateMax="2007-06-24" collectingDateMin="2007-06-22" collectionCode="NMPC" collectorName="J. Hajek &amp; J. Ruzicka" country="China" county="China" elevation="2180" latitude="25.961666" location="Jizu Shan Mt." longLatPrecision="124" longitude="100.39333" municipality="Shanzhi" pageId="68" pageNumber="69" specimenCount="1" stateProvince="Yunnan">
<specimenCount pageId="68" pageNumber="69" type="generic">1 ex.</specimenCount>
“ 
<collectingCounty box="[201,274,1904,1930]" pageId="68" pageNumber="69">China</collectingCounty>
: 
<collectingRegion box="[283,477,1904,1931]" country="China" name="Yunnan" pageId="68" pageNumber="69">Yunnan Province</collectingRegion>
, 
<collectingMunicipality box="[488,578,1904,1930]" pageId="68" pageNumber="69">Shanzhi</collectingMunicipality>
env., 
<date box="[643,815,1904,1930]" pageId="68" pageNumber="69" value="2007-06-22" valueMax="2007-06-24" valueMin="2007-06-22">
<collectingDate box="[643,815,1904,1930]" pageId="68" pageNumber="69" value="2007-06-22" valueMax="2007-06-24" valueMin="2007-06-22">22.-24.VI.2007</collectingDate>
</date>
<location LSID="urn:lsid:plazi:treatment:03BD87E66B25FF83AF89FD84FD1E38D1:8ECB602B6B25FF81AC2BFF1AFC0C3AC7" box="[821,978,1904,1931]" country="China" county="China" latitude="25.961666" longLatPrecision="124" longitude="100.39333" municipality="Shanzhi" name="Jizu Shan Mt." pageId="68" pageNumber="69" stateProvince="Yunnan">Jizu Shan Mt.</location>
, 
<geoCoordinate box="[988,1106,1904,1931]" degrees="25" direction="north" minutes="57.7" orientation="latitude" pageId="68" pageNumber="69" precision="92" value="25.961666">25°57.7’N</geoCoordinate>
<geoCoordinate box="[1112,1243,1904,1930]" degrees="100" direction="east" minutes="23.6" orientation="longitude" pageId="68" pageNumber="69" precision="92" value="100.39333">100°23.6’E</geoCoordinate>
, 
<quantity box="[1254,1335,1904,1930]" metricMagnitude="3" metricUnit="m" metricValue="2.18" pageId="68" pageNumber="69" unit="m" value="2180.0">
<elevation box="[1254,1335,1904,1930]" metricMagnitude="3" metricUnit="m" metricValue="2.18" pageId="68" pageNumber="69" unit="m" value="2180.0">2180m</elevation>
</quantity>
, 
<collectorName box="[1345,1436,1904,1931]" pageId="68" pageNumber="69">J. Hajek</collectorName>
&amp; 
<collectorName box="[179,296,1940,1967]" pageId="68" pageNumber="69">J. Ruzicka</collectorName>
leg.” (
<collectionCode box="[370,455,1940,1966]" country="Czech Republic" httpUri="http://grbio.org/cool/hj12-2xm7" name="National Museum Prague" pageId="68" pageNumber="69">NMPC</collectionCode>
)
</materialsCitation>
, 
<materialsCitation collectingDate="2007-05-31" collectingDateMax="2007-06-02" collectingDateMin="2007-05-31" collectionCode="NMPC" collectorName="J. Hajek &amp; J. Ruzicka" country="China" elevation="2030" latitude="25.69" location="Dali" longLatPrecision="124" longitude="100.16333" municipality="China" pageId="68" pageNumber="69" specimenCount="5" stateProvince="Yunnan">
<specimenCount box="[473,528,1940,1967]" pageId="68" pageNumber="69" type="generic">5 ex.</specimenCount>
“ 
<collectingMunicipality box="[544,617,1940,1966]" pageId="68" pageNumber="69">China</collectingMunicipality>
: 
<collectingRegion box="[626,820,1940,1967]" country="China" name="Yunnan" pageId="68" pageNumber="69">Yunnan Province</collectingRegion>
, 
<location LSID="urn:lsid:plazi:treatment:03BD87E66B25FF83AF89FD84FD1E38D1:8ECB602B6B25FF81AC21FFFEFCB13AE2" box="[831,879,1940,1966]" country="China" latitude="25.69" longLatPrecision="124" longitude="100.16333" municipality="China" name="Dali" pageId="68" pageNumber="69" stateProvince="Yunnan">Dali</location>
old city, 
<date box="[981,1165,1940,1966]" pageId="68" pageNumber="69" value="2007-05-31" valueMax="2007-06-02" valueMin="2007-05-31">
<collectingDate box="[981,1165,1940,1966]" pageId="68" pageNumber="69" value="2007-05-31" valueMax="2007-06-02" valueMin="2007-05-31">31.V.-2.VI.2007</collectingDate>
</date>
, 
<geoCoordinate box="[1176,1294,1940,1967]" degrees="25" direction="north" minutes="41.4" orientation="latitude" pageId="68" pageNumber="69" precision="92" value="25.69">25°41.4’N</geoCoordinate>
<geoCoordinate box="[1301,1432,1940,1966]" degrees="100" direction="east" minutes="09.8" orientation="longitude" pageId="68" pageNumber="69" precision="92" value="100.16333">100°09.8’E</geoCoordinate>
, 
<quantity box="[151,232,1976,2002]" metricMagnitude="3" metricUnit="m" metricValue="2.03" pageId="68" pageNumber="69" unit="m" value="2030.0">
<elevation box="[151,232,1976,2002]" metricMagnitude="3" metricUnit="m" metricValue="2.03" pageId="68" pageNumber="69" unit="m" value="2030.0">2030m</elevation>
</quantity>
, 
<collectorName box="[243,335,1976,2003]" pageId="68" pageNumber="69">J. Hajek</collectorName>
&amp; 
<collectorName box="[371,488,1976,2003]" pageId="68" pageNumber="69">J. Ruzicka</collectorName>
leg.” (
<collectionCode box="[564,649,1976,2002]" country="Czech Republic" httpUri="http://grbio.org/cool/hj12-2xm7" name="National Museum Prague" pageId="68" pageNumber="69">NMPC</collectionCode>
)
</materialsCitation>
, 
<materialsCitation collectingDate="2010-06-15" collectingDateMax="2010-06-26" collectingDateMin="2010-06-15" collectionCode="ZFMK" country="China" location="Zayu county" pageId="68" pageNumber="69" specimenCount="106" stateProvince="Xizang">
<specimenCount box="[668,751,1976,2003]" pageId="68" pageNumber="69" type="generic">106 ex.</specimenCount>
“ 
<collectingRegion box="[768,833,1976,2002]" country="China" name="Xizang" pageId="68" pageNumber="69">Tibet</collectingRegion>
: Ma-ma-luo, 
<location LSID="urn:lsid:plazi:treatment:03BD87E66B25FF83AF89FD84FD1E38D1:8ECB602B6B25FF81ACC6FFD3FBBB3A9F" box="[984,1125,1977,2003]" country="China" name="Zayu county" pageId="68" pageNumber="69" stateProvince="Xizang">Zayu county</location>
, 
<date box="[1137,1324,1976,2003]" pageId="68" pageNumber="69" value="2010-06-15" valueMax="2010-06-26" valueMin="2010-06-15">
<collectingDate box="[1137,1324,1976,2003]" pageId="68" pageNumber="69" value="2010-06-15" valueMax="2010-06-26" valueMin="2010-06-15">15-26 June 2010</collectingDate>
</date>
local collector of Li Jingke” (
<collectionCode box="[382,466,2012,2038]" country="Germany" httpUri="http://biocol.org/urn:lsid:biocol.org:col:34613" lsid="urn:lsid:biocol.org:col:34613" name="Zoologisches Forschungsmuseum Alexander Koenig" pageId="68" pageNumber="69" type="Museum">ZFMK</collectionCode>
)
</materialsCitation>
, 
<materialsCitation collectionCode="ZFMK, NMPC" collectorName="David Kral &amp; Milan Nikodym &amp; Praha" country="China" elevation="2500" lastPageId="70" lastPageNumber="71" latitude="27.2" location="Habashan mt." longLatPrecision="743" longitude="100.11" municipality="China" pageId="68" pageNumber="69" specimenCount="31" stateProvince="Yunnan">
<specimenCount box="[483,551,2012,2039]" pageId="68" pageNumber="69" type="generic">31 ex.</specimenCount>
“ 
<collectingMunicipality box="[567,637,2012,2038]" pageId="68" pageNumber="69">China</collectingMunicipality>
<collectingRegion box="[642,728,2013,2039]" country="China" name="Yunnan" pageId="68" pageNumber="69">Yunnan</collectingRegion>
<quantity box="[734,877,2012,2038]" metricMagnitude="3" metricUnit="m" metricValue="2.5" metricValueMax="3.0" metricValueMin="2.0" pageId="68" pageNumber="69" unit="m" value="2500.0" valueMax="3000.0" valueMin="2000.0">
<elevation box="[734,877,2012,2038]" metricMagnitude="3" metricUnit="m" metricValue="2.5" metricValueMax="3.0" metricValueMin="2.0" pageId="68" pageNumber="69" unit="m" value="2500.0" valueMax="3000.0" valueMin="2000.0">2000-3000m</elevation>
</quantity>
<geoCoordinate box="[883,966,2012,2038]" degrees="27.20" direction="north" orientation="latitude" pageId="68" pageNumber="69" precision="555" value="27.2">27.20N</geoCoordinate>
<geoCoordinate box="[973,1065,2012,2038]" degrees="100.11" direction="east" orientation="longitude" pageId="68" pageNumber="69" precision="555" value="100.11">100.11E</geoCoordinate>
<location LSID="urn:lsid:plazi:treatment:03BD87E66B25FF83AF89FD84FD1E38D1:8ECB602B6B25FF81AB2EFFB6FB143ABB" box="[1072,1226,2012,2039]" country="China" latitude="27.2" longLatPrecision="743" longitude="100.11" municipality="China" name="Habashan mt." pageId="68" pageNumber="69" stateProvince="Yunnan">Habashan mt.</location>
SE slope 10.-13.7. 
<collectorName box="[151,276,151,177]" pageId="70" pageNumber="71">David Kral</collectorName>
leg. 92/ coll. 
<collectorName box="[427,609,151,177]" pageId="70" pageNumber="71">Milan Nikodym</collectorName>
, 
<collectorName box="[619,686,151,177]" pageId="70" pageNumber="71">Praha</collectorName>
” (
<collectionCode box="[709,791,151,177]" country="Germany" httpUri="http://biocol.org/urn:lsid:biocol.org:col:34613" lsid="urn:lsid:biocol.org:col:34613" name="Zoologisches Forschungsmuseum Alexander Koenig" pageId="70" pageNumber="71" type="Museum">ZFMK</collectionCode>
, 
<collectionCode box="[802,886,151,177]" country="Czech Republic" httpUri="http://grbio.org/cool/hj12-2xm7" name="National Museum Prague" pageId="70" pageNumber="71">NMPC</collectionCode>
)
</materialsCitation>
, 
<materialsCitation collectionCode="ZFMK" collectorName="D. Kral" country="China" latitude="27.3" location="China" longLatPrecision="1237" longitude="100.21667" pageId="70" pageNumber="71" specimenCount="2">
<specimenCount box="[903,957,151,177]" pageId="70" pageNumber="71" type="generic">2 ex.</specimenCount>
“ 
<location LSID="urn:lsid:plazi:treatment:03BD87E66B25FF83AF89FD84FD1E38D1:8ECB602B6B27FF83ACD3F8FDFBCB3DFD" box="[973,1045,151,177]" country="China" latitude="27.3" longLatPrecision="1237" longitude="100.21667" name="China" pageId="70" pageNumber="71">China</location>
, N-Yunnan 
<geoCoordinate box="[1177,1274,151,177]" degrees="27" direction="north" minutes="18" orientation="latitude" pageId="70" pageNumber="71" precision="925" value="27.3">27°18’N</geoCoordinate>
<geoCoordinate box="[1280,1388,151,177]" degrees="100" direction="east" minutes="13" orientation="longitude" pageId="70" pageNumber="71" precision="925" value="100.21667">100°13’E</geoCoordinate>
Jinsha r. vall. 1900M Daju, Hutiao gorge lgt. 
<collectorName box="[623,706,187,213]" pageId="70" pageNumber="71">D. Kral</collectorName>
15-17/7’90” (
<collectionCode box="[864,948,187,213]" country="Germany" httpUri="http://biocol.org/urn:lsid:biocol.org:col:34613" lsid="urn:lsid:biocol.org:col:34613" name="Zoologisches Forschungsmuseum Alexander Koenig" pageId="70" pageNumber="71" type="Museum">ZFMK</collectionCode>
)
</materialsCitation>
, 
<materialsCitation collectionCode="ZFMK" collectorName="Vit Kuban" country="China" elevation="2500" latitude="27.2" location="Habashan mts." longLatPrecision="743" longitude="100.11" municipality="China" pageId="70" pageNumber="71" specimenCount="2" stateProvince="Yunnan">
<specimenCount box="[966,1020,187,213]" pageId="70" pageNumber="71" type="generic">2 ex.</specimenCount>
“ 
<collectingMunicipality box="[1036,1106,187,213]" pageId="70" pageNumber="71">China</collectingMunicipality>
<collectingRegion box="[1111,1197,187,213]" country="China" name="Yunnan" pageId="70" pageNumber="71">Yunnan</collectingRegion>
<quantity box="[1203,1346,187,213]" metricMagnitude="3" metricUnit="m" metricValue="2.5" metricValueMax="3.0" metricValueMin="2.0" pageId="70" pageNumber="71" unit="m" value="2500.0" valueMax="3000.0" valueMin="2000.0">
<elevation box="[1203,1346,187,213]" metricMagnitude="3" metricUnit="m" metricValue="2.5" metricValueMax="3.0" metricValueMin="2.0" pageId="70" pageNumber="71" unit="m" value="2500.0" valueMax="3000.0" valueMin="2000.0">2000-3000m</elevation>
</quantity>
<geoCoordinate box="[1353,1436,187,213]" degrees="27.20" direction="north" orientation="latitude" pageId="70" pageNumber="71" precision="555" value="27.2">27.20N</geoCoordinate>
<geoCoordinate box="[151,244,223,249]" degrees="100.11" direction="east" orientation="longitude" pageId="70" pageNumber="71" precision="555" value="100.11">100.11E</geoCoordinate>
<location LSID="urn:lsid:plazi:treatment:03BD87E66B25FF83AF89FD84FD1E38D1:8ECB602B6B27FF83AFE5F8B5FE7F3DB5" box="[251,417,223,249]" country="China" latitude="27.2" longLatPrecision="743" longitude="100.11" municipality="China" name="Habashan mts." pageId="70" pageNumber="71" stateProvince="Yunnan">Habashan mts.</location>
SE slope 10-13/7. 
<collectorName box="[630,747,223,249]" pageId="70" pageNumber="71">Vit Kuban</collectorName>
leg. 92” (
<collectionCode box="[857,941,223,249]" country="Germany" httpUri="http://biocol.org/urn:lsid:biocol.org:col:34613" lsid="urn:lsid:biocol.org:col:34613" name="Zoologisches Forschungsmuseum Alexander Koenig" pageId="70" pageNumber="71" type="Museum">ZFMK</collectionCode>
)
</materialsCitation>
, 
<materialsCitation collectingDate="2007-06-12" collectionCode="ZFMK" collectorName="D. W. Wrase" country="China" county="China" elevation="2050" latitude="25.703335" location="Diacang Shan" longLatPrecision="21" longitude="100.14056" municipality="Dali Bai Aut. Pref." pageId="70" pageNumber="71" specimenCount="6" stateProvince="Yunnan">
<specimenCount box="[960,1015,223,249]" pageId="70" pageNumber="71" type="generic">6 ex.</specimenCount>
“ 
<collectingCounty box="[1031,1101,223,249]" pageId="70" pageNumber="71">China</collectingCounty>
(
<collectingRegion box="[1116,1205,223,249]" country="China" name="Yunnan" pageId="70" pageNumber="71">Yunnan</collectingRegion>
) 
<collectingMunicipality box="[1219,1432,223,249]" pageId="70" pageNumber="71">Dali Bai Aut. Pref.</collectingMunicipality>
, foothills of 
<location LSID="urn:lsid:plazi:treatment:03BD87E66B25FF83AF89FD84FD1E38D1:8ECB602B6B27FF83AE00F969FE633C51" box="[286,445,259,285]" country="China" county="China" latitude="25.703335" longLatPrecision="21" longitude="100.14056" municipality="Dali Bai Aut. Pref." name="Diacang Shan" pageId="70" pageNumber="71" stateProvince="Yunnan">Diacang Shan</location>
<locationDeviation box="[454,570,259,285]" location="Dali" pageId="70" pageNumber="71">W of Dali</locationDeviation>
<quantity box="[579,657,258,285]" metricMagnitude="3" metricUnit="m" metricValue="2.05" pageId="70" pageNumber="71" unit="m" value="2050.0">
<elevation box="[579,657,258,285]" metricMagnitude="3" metricUnit="m" metricValue="2.05" pageId="70" pageNumber="71" unit="m" value="2050.0">2050m</elevation>
</quantity>
<geoCoordinate box="[666,806,258,285]" degrees="25" direction="north" minutes="42" orientation="latitude" pageId="70" pageNumber="71" precision="15" seconds="12" value="25.703335">25°42‘12‘‘N</geoCoordinate>
/ 
<geoCoordinate box="[825,977,259,285]" degrees="100" direction="east" minutes="08" orientation="longitude" pageId="70" pageNumber="71" precision="15" seconds="26" value="100.14056">100°08‘26‘‘E</geoCoordinate>
(stone and gravel pit) 
<date box="[1241,1369,259,285]" pageId="70" pageNumber="71" value="2007-06-12">
<collectingDate box="[1241,1369,259,285]" pageId="70" pageNumber="71" value="2007-06-12">12.VI.2007</collectingDate>
</date>
<collectorName pageId="70" pageNumber="71">D.W. Wrase</collectorName>
[34]” (
<collectionCode box="[305,389,295,321]" country="Germany" httpUri="http://biocol.org/urn:lsid:biocol.org:col:34613" lsid="urn:lsid:biocol.org:col:34613" name="Zoologisches Forschungsmuseum Alexander Koenig" pageId="70" pageNumber="71" type="Museum">ZFMK</collectionCode>
)
</materialsCitation>
, 
<materialsCitation collectingDate="2006-05" collectionCode="ZFMK" collectorName="V. Siniaev" country="China" county="China" elevation="1650" latitude="31.15" location="Sigulian Shan" longLatPrecision="1218" longitude="103.1" municipality="Wolong Reserve" pageId="70" pageNumber="71" specimenCount="12" stateProvince="Sichuan">
<specimenCount box="[409,479,295,321]" pageId="70" pageNumber="71" type="generic">12 ex.</specimenCount>
“ 
<collectingCounty box="[498,571,295,321]" pageId="70" pageNumber="71">China</collectingCounty>
: 
<collectingRegion box="[583,677,295,321]" country="China" name="Sichuan" pageId="70" pageNumber="71">Sichuan</collectingRegion>
; 
<collectingMunicipality box="[689,878,295,321]" pageId="70" pageNumber="71">Wolong Reserve</collectingMunicipality>
, 
<location LSID="urn:lsid:plazi:treatment:03BD87E66B25FF83AF89FD84FD1E38D1:8ECB602B6B27FF83AC65F94DFBC23C0D" box="[891,1052,295,321]" country="China" county="China" latitude="31.15" longLatPrecision="1218" longitude="103.1" municipality="Wolong Reserve" name="Sigulian Shan" pageId="70" pageNumber="71" stateProvince="Sichuan">Sigulian Shan</location>
, 
<geoCoordinate box="[1064,1158,295,321]" degrees="31" direction="north" minutes="09" orientation="latitude" pageId="70" pageNumber="71" precision="925" value="31.15">31º09‘N</geoCoordinate>
<geoCoordinate box="[1167,1272,295,321]" degrees="103" direction="east" minutes="06" orientation="longitude" pageId="70" pageNumber="71" precision="925" value="103.1">103º06‘E</geoCoordinate>
<date box="[1280,1358,295,321]" pageId="70" pageNumber="71" value="2006-05">
<collectingDate box="[1280,1358,295,321]" pageId="70" pageNumber="71" value="2006-05">v.2006</collectingDate>
</date>
, 
<quantity metricMagnitude="3" metricUnit="m" metricValue="1.65" metricValueMax="1.8" metricValueMin="1.5" pageId="70" pageNumber="71" unit="m" value="1650.0" valueMax="1800.0" valueMin="1500.0">
<elevation metricMagnitude="3" metricUnit="m" metricValue="1.65" metricValueMax="1.8" metricValueMin="1.5" pageId="70" pageNumber="71" unit="m" value="1650.0" valueMax="1800.0" valueMin="1500.0">1500- 1800m</elevation>
</quantity>
<collectorName box="[236,355,331,357]" pageId="70" pageNumber="71">V. Siniaev</collectorName>
” (
<collectionCode box="[380,464,331,357]" country="Germany" httpUri="http://biocol.org/urn:lsid:biocol.org:col:34613" lsid="urn:lsid:biocol.org:col:34613" name="Zoologisches Forschungsmuseum Alexander Koenig" pageId="70" pageNumber="71" type="Museum">ZFMK</collectionCode>
)
</materialsCitation>
, 
<materialsCitation collectionCode="NHMW" collectorName="E. Jendek" country="China" county="China" latitude="27.35" location="Lijiang" longLatPrecision="1237" longitude="100.316666" municipality="Daju" pageId="70" pageNumber="71" specimenCount="1" specimenCount-male="1" stateProvince="Yunnan">
<specimenCount box="[483,526,331,357]" pageId="70" pageNumber="71" type="male">1 ♂</specimenCount>
“ 
<collectingCounty box="[543,613,331,357]" pageId="70" pageNumber="71">China</collectingCounty>
<collectingRegion box="[620,706,331,357]" country="China" name="Yunnan" pageId="70" pageNumber="71">Yunnan</collectingRegion>
27.-28.VI. 
<collectingMunicipality box="[837,894,331,357]" pageId="70" pageNumber="71">Daju</collectingMunicipality>
, 
<quantity box="[906,978,330,357]" metricMagnitude="4" metricUnit="m" metricValue="5.0" pageId="70" pageNumber="71" unit="km" value="50.0">50 km</quantity>
M 
<location LSID="urn:lsid:plazi:treatment:03BD87E66B25FF83AF89FD84FD1E38D1:8ECB602B6B27FF83ACE4F921FB953C29" box="[1018,1099,331,357]" country="China" county="China" latitude="27.35" longLatPrecision="1237" longitude="100.316666" municipality="Daju" name="Lijiang" pageId="70" pageNumber="71" stateProvince="Yunnan">Lijiang</location>
<geoCoordinate box="[1107,1203,331,357]" degrees="27" direction="north" minutes="21" orientation="latitude" pageId="70" pageNumber="71" precision="925" value="27.35">27°21’N</geoCoordinate>
<geoCoordinate box="[1211,1319,331,357]" degrees="100" direction="east" minutes="19" orientation="longitude" pageId="70" pageNumber="71" precision="925" value="100.316666">100°19’E</geoCoordinate>
<collectorName box="[1327,1436,331,357]" pageId="70" pageNumber="71">E. Jendek</collectorName>
leg. 1992” (
<collectionCode box="[287,385,367,393]" country="Austria" httpUri="http://grbio.org/cool/91g3-0mnw" name="Naturhistorisches Museum, Wien" pageId="70" pageNumber="71" type="Museum">NHMW</collectionCode>
)
</materialsCitation>
, 
<materialsCitation collectingDate="2003-07" collectionCode="ZFMK" collectorName="Li" country="China" county="China" elevation="2500" location="Guangnan" municipality="Damaidi" pageId="70" pageNumber="71" specimenCount="1" specimenCount-male="1">
<specimenCount box="[406,450,367,393]" pageId="70" pageNumber="71" type="male">1 ♂</specimenCount>
“ 
<collectingCounty box="[469,542,367,393]" pageId="70" pageNumber="71">China</collectingCounty>
: E-Yunnan; 
<collectingMunicipality box="[684,780,367,393]" pageId="70" pageNumber="71">Damaidi</collectingMunicipality>
<quantity box="[790,871,366,393]" metricMagnitude="3" metricUnit="m" metricValue="2.5" pageId="70" pageNumber="71" unit="m" value="2500.0">
<elevation box="[790,871,366,393]" metricMagnitude="3" metricUnit="m" metricValue="2.5" pageId="70" pageNumber="71" unit="m" value="2500.0">2500m</elevation>
</quantity>
, 
<location LSID="urn:lsid:plazi:treatment:03BD87E66B25FF83AF89FD84FD1E38D1:8ECB602B6B27FF83AC6DF905FC383CC5" box="[883,998,367,393]" country="China" county="China" municipality="Damaidi" name="Guangnan" pageId="70" pageNumber="71">Guangnan</location>
near 
<location LSID="urn:lsid:plazi:treatment:03BD87E66B25FF83AF89FD84FD1E38D1:8ECB602B6B27FF83AB37F905FB563CC5" box="[1065,1160,367,393]" country="China" county="China" municipality="Damaidi" name="Vietnam" pageId="70" pageNumber="71">Vietnam</location>
<date box="[1168,1272,367,393]" pageId="70" pageNumber="71" value="2003-07">
<collectingDate box="[1168,1272,367,393]" pageId="70" pageNumber="71" value="2003-07">VII-2003</collectingDate>
</date>
leg. 
<collectorName box="[1332,1357,367,393]" pageId="70" pageNumber="71">Li</collectorName>
<emphasis box="[1366,1424,367,393]" italics="true" pageId="70" pageNumber="71">et al.</emphasis>
” (
<collectionCode box="[159,243,403,429]" country="Germany" httpUri="http://biocol.org/urn:lsid:biocol.org:col:34613" lsid="urn:lsid:biocol.org:col:34613" name="Zoologisches Forschungsmuseum Alexander Koenig" pageId="70" pageNumber="71" type="Museum">ZFMK</collectionCode>
)
</materialsCitation>
. 
<materialsCitation box="[261,1227,402,429]" collectionCode="ZMHB" collectorName="H. Fruhstorfer" country="Vietnam" location="Tonkin Montes Mauson April" pageId="70" pageNumber="71" specimenCount="1">
<emphasis bold="true" box="[261,373,402,428]" pageId="70" pageNumber="71">
<collectingCountry box="[261,367,402,428]" name="Vietnam" pageId="70" pageNumber="71">Vietnam</collectingCountry>
:
</emphasis>
<specimenCount box="[379,434,403,429]" pageId="70" pageNumber="71" type="generic">1 ex.</specimenCount>
“ 
<location LSID="urn:lsid:plazi:treatment:03BD87E66B25FF83AF89FD84FD1E38D1:8ECB602B6B27FF83AEDCF9F9FCCD3CE1" box="[450,787,403,429]" country="Vietnam" name="Tonkin Montes Mauson April" pageId="70" pageNumber="71">Tonkin Montes Mauson April</location>
, Mai 2-3000‘ 
<collectorName box="[946,1109,403,429]" pageId="70" pageNumber="71">H. Fruhstorfer</collectorName>
” (
<collectionCode box="[1133,1219,403,429]" pageId="70" pageNumber="71">ZMHB</collectionCode>
)
</materialsCitation>
, 
<materialsCitation collectingDate="2013-05-13" collectionCode="CASH" collectorName="A. Skale" country="Vietnam" elevation="907" latitude="22.61389" location="Nui Pia Oac Nat. Res." longLatPrecision="21" longitude="105.613884" municipality="Tinh Tuc" pageId="70" pageNumber="71" specimenCount="2" stateProvince="Cao Bang">
<specimenCount box="[1238,1293,403,429]" pageId="70" pageNumber="71" type="generic">2 ex.</specimenCount>
“N-Vietnam 
<collectingRegion box="[151,336,439,465]" country="Vietnam" name="Cao Bang" pageId="70" pageNumber="71">Cao Bang Prov.</collectingRegion>
, vic. 
<collectingMunicipality box="[399,505,439,465]" pageId="70" pageNumber="71">Tinh Tuc</collectingMunicipality>
, 
<location LSID="urn:lsid:plazi:treatment:03BD87E66B25FF83AF89FD84FD1E38D1:8ECB602B6B27FF83AD19F9DDFCD63C9D" box="[519,776,439,465]" country="Vietnam" latitude="22.61389" longLatPrecision="21" longitude="105.613884" municipality="Tinh Tuc" name="Nui Pia Oac Nat. Res." pageId="70" pageNumber="71" stateProvince="Cao Bang">Nui Pia Oac Nat. Res.</location>
<date box="[785,902,439,465]" pageId="70" pageNumber="71" value="2013-05-13">
<collectingDate box="[785,902,439,465]" pageId="70" pageNumber="71" value="2013-05-13">13.V.2013</collectingDate>
</date>
, 
<geoCoordinate box="[916,1059,438,465]" degrees="22" direction="north" minutes="36" orientation="latitude" pageId="70" pageNumber="71" precision="15" seconds="50" value="22.61389">22°36‘50‘‘N</geoCoordinate>
, 
<geoCoordinate box="[1074,1226,438,465]" degrees="105" direction="east" minutes="36" orientation="longitude" pageId="70" pageNumber="71" precision="15" seconds="50" value="105.613884">105°36‘50‘‘E</geoCoordinate>
<quantity box="[1235,1350,439,465]" metricMagnitude="2" metricUnit="m" metricValue="9.07" metricValueMax="18.0" metricValueMin="0.13999999999999999" pageId="70" pageNumber="71" unit="m" value="907.0" valueMax="1800.0" valueMin="14.0">
<elevation box="[1235,1350,439,465]" metricMagnitude="2" metricUnit="m" metricValue="9.07" metricValueMax="18.0" metricValueMin="0.13999999999999999" pageId="70" pageNumber="71" unit="m" value="907.0" valueMax="1800.0" valueMin="14.0">14-1800m</elevation>
</quantity>
leg. 
<collectorName pageId="70" pageNumber="71">A. Skale</collectorName>
” (
<collectionCode box="[243,323,475,501]" pageId="70" pageNumber="71">CASH</collectionCode>
)
</materialsCitation>
, 
<materialsCitation collectingDate="2013-05-02" collectingDateMax="2013-05-05" collectingDateMin="2013-05-02" collectionCode="CASH" collectorName="A. Skale" country="Vietnam" elevation="850" latitude="21.45" location="Tam Dao Town" longLatPrecision="1264" longitude="105.63333" pageId="70" pageNumber="71" specimenCount="2" stateProvince="Vinh Phuc">
<specimenCount box="[344,401,475,501]" pageId="70" pageNumber="71" type="generic">2 ex.</specimenCount>
“N-Vietnam 
<collectingRegion box="[556,743,475,501]" country="Vietnam" name="Vinh Phuc" pageId="70" pageNumber="71">Vinh Phuc Prov.</collectingRegion>
vic. 
<location LSID="urn:lsid:plazi:treatment:03BD87E66B25FF83AF89FD84FD1E38D1:8ECB602B6B27FF83AC3FF9B1FC0B3CB9" box="[801,981,475,501]" country="Vietnam" latitude="21.45" longLatPrecision="1264" longitude="105.63333" name="Tam Dao Town" pageId="70" pageNumber="71" stateProvince="Vinh Phuc">Tam Dao Town</location>
, Tam Dao NP, 
<date box="[1157,1319,474,501]" pageId="70" pageNumber="71" value="2013-05-02" valueMax="2013-05-05" valueMin="2013-05-02">
<collectingDate box="[1157,1319,474,501]" pageId="70" pageNumber="71" value="2013-05-02" valueMax="2013-05-05" valueMin="2013-05-02">02.-05.V.2013</collectingDate>
</date>
, 
<geoCoordinate box="[1332,1432,475,501]" degrees="21" direction="north" minutes="27" orientation="latitude" pageId="70" pageNumber="71" precision="925" value="21.45">21°27‘N</geoCoordinate>
, 
<geoCoordinate box="[151,258,510,537]" degrees="105" direction="east" minutes="38" orientation="longitude" pageId="70" pageNumber="71" precision="925" value="105.63333">105°38‘E</geoCoordinate>
<quantity box="[266,398,511,537]" metricMagnitude="2" metricUnit="m" metricValue="8.5" metricValueMax="10.0" metricValueMin="7.0" pageId="70" pageNumber="71" unit="m" value="850.0" valueMax="1000.0" valueMin="700.0">
<elevation box="[266,398,511,537]" metricMagnitude="2" metricUnit="m" metricValue="8.5" metricValueMax="10.0" metricValueMin="7.0" pageId="70" pageNumber="71" unit="m" value="850.0" valueMax="1000.0" valueMin="700.0">700-1000m</elevation>
</quantity>
, 
<collectorName box="[408,508,511,537]" pageId="70" pageNumber="71">A. Skale</collectorName>
” (
<collectionCode box="[533,613,511,537]" pageId="70" pageNumber="71">CASH</collectionCode>
)
</materialsCitation>
, 
<materialsCitation collectingDate="2013-05-06" collectingDateMax="2013-05-10" collectingDateMin="2013-05-06" collectionCode="CASH" collectorName="A. Skale" country="Vietnam" elevation="1100" latitude="22.564722" location="Nui Pia Oac Nat. Res." longLatPrecision="21" longitude="105.88139" municipality="Vin Den" pageId="70" pageNumber="71" specimenCount="1" stateProvince="Cao Bang">
<specimenCount box="[633,688,511,537]" pageId="70" pageNumber="71" type="generic">1 ex.</specimenCount>
“N-Vietnam 
<collectingRegion box="[839,1019,511,537]" country="Vietnam" name="Cao Bang" pageId="70" pageNumber="71">Cao Bang Prov.</collectingRegion>
, vic. 
<collectingMunicipality box="[1078,1175,511,537]" pageId="70" pageNumber="71">Vin Den</collectingMunicipality>
, 
<location LSID="urn:lsid:plazi:treatment:03BD87E66B25FF83AF89FD84FD1E38D1:8ECB602B6B27FF83ABBDF995FA433F55" box="[1187,1437,511,537]" country="Vietnam" latitude="22.564722" longLatPrecision="21" longitude="105.88139" municipality="Vin Den" name="Nui Pia Oac Nat. Res." pageId="70" pageNumber="71" stateProvince="Cao Bang">Nui Pia Oac Nat. Res.</location>
<date box="[151,313,547,573]" pageId="70" pageNumber="71" value="2013-05-06" valueMax="2013-05-10" valueMin="2013-05-06">
<collectingDate box="[151,313,547,573]" pageId="70" pageNumber="71" value="2013-05-06" valueMax="2013-05-10" valueMin="2013-05-06">06.-10.V.2013</collectingDate>
</date>
, 
<geoCoordinate box="[324,468,546,573]" degrees="22" direction="north" minutes="33" orientation="latitude" pageId="70" pageNumber="71" precision="15" seconds="53" value="22.564722">22°33‘53‘‘N</geoCoordinate>
, 
<geoCoordinate box="[480,632,546,573]" degrees="105" direction="east" minutes="52" orientation="longitude" pageId="70" pageNumber="71" precision="15" seconds="53" value="105.88139">105°52‘53‘‘E</geoCoordinate>
<quantity box="[639,769,547,573]" metricMagnitude="3" metricUnit="m" metricValue="1.1" metricValueMax="1.3" metricValueMin="0.9" pageId="70" pageNumber="71" unit="m" value="1100.0" valueMax="1300.0" valueMin="900.0">
<elevation box="[639,769,547,573]" metricMagnitude="3" metricUnit="m" metricValue="1.1" metricValueMax="1.3" metricValueMin="0.9" pageId="70" pageNumber="71" unit="m" value="1100.0" valueMax="1300.0" valueMin="900.0">900-1300m</elevation>
</quantity>
<collectorName box="[774,874,547,573]" pageId="70" pageNumber="71">A. Skale</collectorName>
” (
<collectionCode box="[898,978,547,573]" pageId="70" pageNumber="71">CASH</collectionCode>
)
</materialsCitation>
, 
<materialsCitation collectingDate="2013-05-10" collectingDateMax="2013-05-15" collectingDateMin="2013-05-10" collectionCode="CASH" collectorName="A. Skale" country="Vietnam" elevation="1100" latitude="22.564722" location="Nui Pia Oac Nat. Res." longLatPrecision="21" longitude="105.88139" municipality="Vin Den" pageId="70" pageNumber="71" specimenCount="2" stateProvince="Cao Bang">
<specimenCount box="[998,1053,547,573]" pageId="70" pageNumber="71" type="generic">2 ex.</specimenCount>
“N-Vietnam 
<collectingRegion box="[1204,1384,547,573]" country="Vietnam" name="Cao Bang" pageId="70" pageNumber="71">Cao Bang Prov.</collectingRegion>
, vic. 
<collectingMunicipality box="[151,250,583,609]" pageId="70" pageNumber="71">Vin Den</collectingMunicipality>
, 
<location LSID="urn:lsid:plazi:treatment:03BD87E66B25FF83AF89FD84FD1E38D1:8ECB602B6B27FF83AE16FA2DFDD73F2D" box="[264,521,583,609]" country="Vietnam" latitude="22.564722" longLatPrecision="21" longitude="105.88139" municipality="Vin Den" name="Nui Pia Oac Nat. Res." pageId="70" pageNumber="71" stateProvince="Cao Bang">Nui Pia Oac Nat. Res.</location>
<date box="[530,691,582,609]" pageId="70" pageNumber="71" value="2013-05-10" valueMax="2013-05-15" valueMin="2013-05-10">
<collectingDate box="[530,691,582,609]" pageId="70" pageNumber="71" value="2013-05-10" valueMax="2013-05-15" valueMin="2013-05-10">10.-15.V.2013</collectingDate>
</date>
, 
<geoCoordinate box="[705,849,582,609]" degrees="22" direction="north" minutes="33" orientation="latitude" pageId="70" pageNumber="71" precision="15" seconds="53" value="22.564722">22°33‘53‘‘N</geoCoordinate>
, 
<geoCoordinate box="[863,1016,582,609]" degrees="105" direction="east" minutes="52" orientation="longitude" pageId="70" pageNumber="71" precision="15" seconds="53" value="105.88139">105°52‘53‘‘E</geoCoordinate>
<quantity box="[1025,1154,583,609]" metricMagnitude="3" metricUnit="m" metricValue="1.1" metricValueMax="1.3" metricValueMin="0.9" pageId="70" pageNumber="71" unit="m" value="1100.0" valueMax="1300.0" valueMin="900.0">
<elevation box="[1025,1154,583,609]" metricMagnitude="3" metricUnit="m" metricValue="1.1" metricValueMax="1.3" metricValueMin="0.9" pageId="70" pageNumber="71" unit="m" value="1100.0" valueMax="1300.0" valueMin="900.0">900-1300m</elevation>
</quantity>
<collectorName box="[1162,1263,583,609]" pageId="70" pageNumber="71">A. Skale</collectorName>
” (
<collectionCode box="[1290,1370,583,609]" pageId="70" pageNumber="71">CASH</collectionCode>
)
</materialsCitation>
, 
<materialsCitation collectingDate="2010-05-01" collectingDateMax="2010-05-12" collectingDateMin="2010-05-01" collectionCode="ZFMK" collectorName="L. Dembicky" country="Vietnam" elevation="450" latitude="22.291666" location="Of Na Hang" pageId="70" pageNumber="71" specimenCount="1" specimenCount-male="1" stateProvince="Tuyen Quang">
<specimenCount box="[1392,1436,583,609]" pageId="70" pageNumber="71" type="male">1 ♂</specimenCount>
“Vietnam-N 
<collectingRegion box="[295,448,619,645]" country="Vietnam" name="Tuyen Quang" pageId="70" pageNumber="71">Tuyen Quang</collectingRegion>
pr. SE-E env. 
<location LSID="urn:lsid:plazi:treatment:03BD87E66B25FF83AF89FD84FD1E38D1:8ECB602B6B27FF83AD7DFA01FD313FC9" box="[611,751,619,645]" country="Vietnam" latitude="22.291666" name="Of Na Hang" pageId="70" pageNumber="71" stateProvince="Tuyen Quang">Of Na Hang</location>
, 
<geoCoordinate box="[763,905,619,645]" degrees="22" direction="north" minutes="17" orientation="latitude" pageId="70" pageNumber="71" precision="15" seconds="30" value="22.291666">22°17’30’’N</geoCoordinate>
<geoCoordinate box="[912,1059,618,645]" pageId="70" pageNumber="71">105°26-28’E</geoCoordinate>
, 
<quantity box="[1072,1186,619,645]" metricMagnitude="2" metricUnit="m" metricValue="4.5" metricValueMax="7.0" metricValueMin="2.0" pageId="70" pageNumber="71" unit="m" value="450.0" valueMax="700.0" valueMin="200.0">
<elevation box="[1072,1186,619,645]" metricMagnitude="2" metricUnit="m" metricValue="4.5" metricValueMax="7.0" metricValueMin="2.0" pageId="70" pageNumber="71" unit="m" value="450.0" valueMax="700.0" valueMin="200.0">200-700m</elevation>
</quantity>
<collectorName box="[1194,1343,619,645]" pageId="70" pageNumber="71">L. Dembicky</collectorName>
leg., 
<date pageId="70" pageNumber="71" value="2010-05-01" valueMax="2010-05-12" valueMin="2010-05-01">
<collectingDate pageId="70" pageNumber="71" value="2010-05-01" valueMax="2010-05-12" valueMin="2010-05-01">1.- 12.V.2010</collectingDate>
</date>
” (
<collectionCode box="[294,378,655,681]" country="Germany" httpUri="http://biocol.org/urn:lsid:biocol.org:col:34613" lsid="urn:lsid:biocol.org:col:34613" name="Zoologisches Forschungsmuseum Alexander Koenig" pageId="70" pageNumber="71" type="Museum">ZFMK</collectionCode>
)
</materialsCitation>
. 
<materialsCitation collectingDate="1999-04-28" collectingDateMax="1999-05-01" collectingDateMin="1999-04-28" collectionCode="CP" collectorName="D. Hauck" country="Thailand" elevation="700" latitude="19.133333" location="Bo Klua" longLatPrecision="1273" longitude="101.166664" pageId="70" pageNumber="71" specimenCount="1" stateProvince="Nan">
<emphasis bold="true" box="[397,515,654,680]" pageId="70" pageNumber="71">
<collectingCountry box="[397,510,654,680]" name="Thailand" pageId="70" pageNumber="71">Thailand</collectingCountry>
:
</emphasis>
<specimenCount box="[523,578,655,681]" pageId="70" pageNumber="71" type="generic">1 ex.</specimenCount>
“Thai-N, 
<collectingRegion box="[693,808,655,681]" country="Thailand" name="Nan" pageId="70" pageNumber="71">Nan Prov.</collectingRegion>
, 
<location LSID="urn:lsid:plazi:treatment:03BD87E66B25FF83AF89FD84FD1E38D1:8ECB602B6B27FF83AC2AFAE5FC4B3FE5" box="[820,917,655,681]" country="Thailand" latitude="19.133333" longLatPrecision="1273" longitude="101.166664" name="Bo Klua" pageId="70" pageNumber="71" stateProvince="Nan">Bo Klua</location>
, 
<quantity box="[929,1002,655,681]" metricMagnitude="2" metricUnit="m" metricValue="7.0" pageId="70" pageNumber="71" unit="m" value="700.0">
<elevation box="[929,1002,655,681]" metricMagnitude="2" metricUnit="m" metricValue="7.0" pageId="70" pageNumber="71" unit="m" value="700.0">700 m</elevation>
</quantity>
, 
<geoCoordinate box="[1015,1097,655,681]" degrees="19" direction="north" minutes="8" orientation="latitude" pageId="70" pageNumber="71" precision="925" value="19.133333">19°8’N</geoCoordinate>
<geoCoordinate box="[1105,1214,655,681]" degrees="101" direction="east" minutes="10" orientation="longitude" pageId="70" pageNumber="71" precision="925" value="101.166664">101°10’E</geoCoordinate>
, 
<date box="[1227,1397,655,681]" pageId="70" pageNumber="71" value="1999-04-28" valueMax="1999-05-01" valueMin="1999-04-28">
<collectingDate box="[1227,1397,655,681]" pageId="70" pageNumber="71" value="1999-04-28" valueMax="1999-05-01" valueMin="1999-04-28">28.iv.-1.v.1999</collectingDate>
</date>
, 
<collectorName pageId="70" pageNumber="71">D. Hauck</collectorName>
leg.” (
<collectionCode box="[303,342,691,717]" pageId="70" pageNumber="71">CP</collectionCode>
)
</materialsCitation>
, 
<materialsCitation box="[363,1130,691,717]" collectingDate="1990-07-17" collectionCode="ZSM" collectorName="Malicky" country="Thailand" pageId="70" pageNumber="71" specimenCount="2">
<specimenCount box="[363,419,691,717]" pageId="70" pageNumber="71" type="generic">2 ex.</specimenCount>
“N-Thailand 
<date box="[577,714,691,717]" pageId="70" pageNumber="71" value="1990-07-17">
<collectingDate box="[577,714,691,717]" pageId="70" pageNumber="71" value="1990-07-17">17.VII.1990</collectingDate>
</date>
Doi Inthanon, leg. 
<collectorName box="[937,1033,691,717]" pageId="70" pageNumber="71">Malicky</collectorName>
” (
<collectionCode box="[1059,1122,691,717]" country="Germany" httpUri="http://grbio.org/cool/4b7r-7sec" name="Bavarian State Collection of Zoology" pageId="70" pageNumber="71" type="Museum">ZSM</collectionCode>
)
</materialsCitation>
, 
<materialsCitation collectingDate="1990-05" collectionCode="ZSM" collectorName="Malicky" country="Thailand" pageId="70" pageNumber="71" specimenCount="4">
<specimenCount box="[1143,1199,691,717]" pageId="70" pageNumber="71" type="generic">4 ex.</specimenCount>
“N-Thailand 
<date box="[1357,1436,691,717]" pageId="70" pageNumber="71" value="1990-05">
<collectingDate box="[1357,1436,691,717]" pageId="70" pageNumber="71" value="1990-05">V.1990</collectingDate>
</date>
Doi Inthanon, leg. 
<collectorName box="[366,462,727,753]" pageId="70" pageNumber="71">Malicky</collectorName>
” (
<collectionCode box="[488,551,727,753]" country="Germany" httpUri="http://grbio.org/cool/4b7r-7sec" name="Bavarian State Collection of Zoology" pageId="70" pageNumber="71" type="Museum">ZSM</collectionCode>
)
</materialsCitation>
, 
<materialsCitation collectingDate="2002-06-23" collectingDateMax="2002-07-02" collectingDateMin="2002-06-23" collectionCode="NMPC" collectorName="H. Kozich" country="Thailand" county="Thailand" elevation="1400" latitude="19.433332" location="Soppong" longLatPrecision="1271" longitude="98.316666" municipality="Kiwlom" pageId="70" pageNumber="71" specimenCount="1" specimenCount-male="1" stateProvince="Mae Hong Son">
<specimenCount box="[571,615,727,753]" pageId="70" pageNumber="71" type="male">1 ♂</specimenCount>
“ 
<collectingCounty box="[633,738,727,753]" pageId="70" pageNumber="71">Thailand</collectingCounty>
, 
<collectingRegion box="[750,990,727,753]" country="Thailand" name="Mae Hong Son" pageId="70" pageNumber="71">Mae Hong Son prov.</collectingRegion>
, 
<collectingMunicipality box="[1002,1094,727,753]" pageId="70" pageNumber="71">Kiwlom</collectingMunicipality>
pass near 
<location LSID="urn:lsid:plazi:treatment:03BD87E66B25FF83AF89FD84FD1E38D1:8ECB602B6B27FF83ABA1FABDFAFB3FBD" box="[1215,1317,727,753]" country="Thailand" county="Thailand" latitude="19.433332" longLatPrecision="1271" longitude="98.316666" municipality="Kiwlom" name="Soppong" pageId="70" pageNumber="71" stateProvince="Mae Hong Son">Soppong</location>
, WGS 84; 
<geoCoordinate box="[151,248,763,789]" degrees="19" direction="north" minutes="26" orientation="latitude" pageId="70" pageNumber="71" precision="925" value="19.433332">19°26’N</geoCoordinate>
<geoCoordinate box="[256,352,763,789]" degrees="98" direction="east" minutes="19" orientation="longitude" pageId="70" pageNumber="71" precision="925" value="98.316666">98°19’E</geoCoordinate>
, 
<date box="[365,554,763,789]" pageId="70" pageNumber="71" value="2002-06-23" valueMax="2002-07-02" valueMin="2002-06-23">
<collectingDate box="[365,554,763,789]" pageId="70" pageNumber="71" value="2002-06-23" valueMax="2002-07-02" valueMin="2002-06-23">23.vi.-2.vii.2002</collectingDate>
</date>
, alt. 
<quantity box="[610,689,762,789]" metricMagnitude="3" metricUnit="m" metricValue="1.4" pageId="70" pageNumber="71" unit="m" value="1400.0">
<elevation box="[610,689,762,789]" metricMagnitude="3" metricUnit="m" metricValue="1.4" pageId="70" pageNumber="71" unit="m" value="1400.0">1400m</elevation>
</quantity>
+ 
<quantity box="[705,756,762,789]" metricMagnitude="1" metricUnit="m" metricValue="5.0" pageId="70" pageNumber="71" unit="m" value="50.0">
<elevation box="[705,756,762,789]" metricMagnitude="1" metricUnit="m" metricValue="5.0" pageId="70" pageNumber="71" unit="m" value="50.0">50m</elevation>
</quantity>
, lgt. Fouque R.+ 
<collectorName box="[948,1066,763,789]" pageId="70" pageNumber="71">H. Kozich</collectorName>
, J.” (
<collectionCode box="[1125,1210,763,789]" country="Czech Republic" httpUri="http://grbio.org/cool/hj12-2xm7" name="National Museum Prague" pageId="70" pageNumber="71">NMPC</collectionCode>
)
</materialsCitation>
, 
<materialsCitation collectingDate="1999-05-09" collectingDateMax="1999-05-11" collectingDateMin="1999-05-09" collectionCode="ZFMK" collectorName="K. Masumoto" country="Thailand" county="Thailand" location="Samoeng Dist." municipality="Angkhai village" pageId="70" pageNumber="71" specimenCount="1" specimenCount-male="1" stateProvince="Chiang Mai">
<specimenCount box="[1230,1273,763,789]" pageId="70" pageNumber="71" type="male">1 ♂</specimenCount>
“N. 
<collectingCounty box="[1329,1433,763,789]" pageId="70" pageNumber="71">Thailand</collectingCounty>
: 
<collectingMunicipality box="[151,335,799,825]" pageId="70" pageNumber="71">Angkhai village</collectingMunicipality>
, 
<location LSID="urn:lsid:plazi:treatment:03BD87E66B25FF83AF89FD84FD1E38D1:8ECB602B6B27FF83AE45FB75FDDC3E75" box="[347,514,799,825]" country="Thailand" county="Thailand" municipality="Angkhai village" name="Samoeng Dist." pageId="70" pageNumber="71" stateProvince="Chiang Mai">Samoeng Dist.</location>
<collectingRegion box="[522,726,799,825]" country="Thailand" name="Chiang Mai" pageId="70" pageNumber="71">Chiang Mai Prov.</collectingRegion>
, 
<date box="[738,877,799,825]" pageId="70" pageNumber="71" value="1999-05-09" valueMax="1999-05-11" valueMin="1999-05-09">
<collectingDate box="[738,877,799,825]" pageId="70" pageNumber="71" value="1999-05-09" valueMax="1999-05-11" valueMin="1999-05-09">9.-11.v.1999</collectingDate>
</date>
<collectorName box="[885,1041,799,825]" pageId="70" pageNumber="71">K. Masumoto</collectorName>
leg.” (
<collectionCode box="[1119,1203,799,825]" country="Germany" httpUri="http://biocol.org/urn:lsid:biocol.org:col:34613" lsid="urn:lsid:biocol.org:col:34613" name="Zoologisches Forschungsmuseum Alexander Koenig" pageId="70" pageNumber="71" type="Museum">ZFMK</collectionCode>
)
</materialsCitation>
. 
<materialsCitation collectingDate="1966-05-05" collectionCode="CF" collectorName="Collector Bishop Museum" country="Laos" determinerName="G. Frey" location="Sayaboury Prov." municipality="Laos" pageId="70" pageNumber="71" specimenCount="1">
<emphasis bold="true" box="[1222,1289,799,825]" pageId="70" pageNumber="71">
<collectingCountry box="[1222,1284,799,825]" name="Laos" pageId="70" pageNumber="71">Laos</collectingCountry>
:
</emphasis>
<specimenCount box="[1298,1354,799,825]" pageId="70" pageNumber="71" type="generic">1 ex.</specimenCount>
“ 
<collectingMunicipality box="[1372,1433,799,825]" pageId="70" pageNumber="71">Laos</collectingMunicipality>
: 
<location LSID="urn:lsid:plazi:treatment:03BD87E66B25FF83AF89FD84FD1E38D1:8ECB602B6B27FF83AF89FB29FE8C3E11" box="[151,338,835,861]" country="Laos" municipality="Laos" name="Sayaboury Prov." pageId="70" pageNumber="71">Sayaboury Prov.</location>
Sayaboury 
<date box="[474,573,834,861]" pageId="70" pageNumber="71" value="1966-05-05">
<collectingDate box="[474,573,834,861]" pageId="70" pageNumber="71" value="1966-05-05">5.V.1966</collectingDate>
</date>
/ Native 
<collectorName box="[673,971,835,861]" pageId="70" pageNumber="71">Collector Bishop Museum</collectorName>
/ 
<taxonomicName authority="Mos." authorityName="Mos." box="[986,1292,835,861]" class="Insecta" family="Melolonthidae" genus="Autoserica" kingdom="Animalia" order="Coleoptera" pageId="70" pageNumber="71" phylum="Arthropoda" rank="species" species="rubescens">Autoserica rubescens Mos.</taxonomicName>
det. 
<determinerName box="[1349,1436,835,861]" pageId="70" pageNumber="71">G. Frey</determinerName>
1971” (
<collectionCode box="[236,275,871,897]" pageId="70" pageNumber="71">CF</collectionCode>
)
</materialsCitation>
, 
<materialsCitation collectingDate="2012-04-14" collectingDateMax="2012-05-15" collectingDateMin="2012-04-14" collectionCode="ZFMK" collectorName="C. Holzschuh Ankauf" country="Laos" county="Ban Saleui" elevation="1600" latitude="20.2" location="Mt." longLatPrecision="1268" longitude="104.01667" municipality="Phou Pan" pageId="70" pageNumber="71" specimenCount="2" stateProvince="Houaphan">
<specimenCount box="[296,352,871,897]" pageId="70" pageNumber="71" type="generic">2 ex.</specimenCount>
“NE-Laos: 
<collectingRegion box="[490,669,871,897]" country="Laos" name="Houaphan" pageId="70" pageNumber="71">Hua Phan prov.</collectingRegion>
, 
<collectingCounty box="[681,807,871,897]" pageId="70" pageNumber="71">Ban Saleui</collectingCounty>
, 
<collectingMunicipality box="[819,927,871,897]" pageId="70" pageNumber="71">Phou Pan</collectingMunicipality>
(
<location LSID="urn:lsid:plazi:treatment:03BD87E66B25FF83AF89FD84FD1E38D1:8ECB602B6B27FF83ACAEFB0DFC043ECD" box="[944,986,871,897]" country="Laos" county="Ban Saleui" latitude="20.2" longLatPrecision="1268" longitude="104.01667" municipality="Phou Pan" name="Mt." pageId="70" pageNumber="71" stateProvince="Houaphan">Mt.</location>
) - 
<geoCoordinate box="[1010,1111,871,897]" degrees="20" direction="north" minutes="12" orientation="latitude" pageId="70" pageNumber="71" precision="925" value="20.2">20°12’N</geoCoordinate>
, 
<geoCoordinate box="[1123,1234,871,897]" degrees="104" direction="east" minutes="01" orientation="longitude" pageId="70" pageNumber="71" precision="925" value="104.01667">104°01’E</geoCoordinate>
; 
<date box="[1247,1431,870,897]" pageId="70" pageNumber="71" value="2012-04-14" valueMax="2012-05-15" valueMin="2012-04-14">
<collectingDate box="[1247,1431,870,897]" pageId="70" pageNumber="71" value="2012-04-14" valueMax="2012-05-15" valueMin="2012-04-14">14.iv.-15.v.2012</collectingDate>
</date>
; 
<quantity box="[151,297,907,933]" metricMagnitude="3" metricUnit="m" metricValue="1.6" metricValueMax="1.9" metricValueMin="1.3" pageId="70" pageNumber="71" unit="m" value="1600.0" valueMax="1900.0" valueMin="1300.0">
<elevation box="[151,297,907,933]" metricMagnitude="3" metricUnit="m" metricValue="1.6" metricValueMax="1.9" metricValueMin="1.3" pageId="70" pageNumber="71" unit="m" value="1600.0" valueMax="1900.0" valueMin="1300.0">1300-1900m</elevation>
</quantity>
; leg. 
<collectorName box="[355,595,907,933]" pageId="70" pageNumber="71">C. Holzschuh Ankauf</collectorName>
ZFMK Bonn 2012/13” (
<collectionCode box="[869,953,907,933]" country="Germany" httpUri="http://biocol.org/urn:lsid:biocol.org:col:34613" lsid="urn:lsid:biocol.org:col:34613" name="Zoologisches Forschungsmuseum Alexander Koenig" pageId="70" pageNumber="71" type="Museum">ZFMK</collectionCode>
)
</materialsCitation>
, 
<materialsCitation collectingDate="2007-06-03" collectionCode="ZFMK" collectorName="Vit Kuban" country="Laos" elevation="1700" latitude="20.2" location="Phu Phan Mt." longLatPrecision="1268" longitude="104.01667" pageId="70" pageNumber="71" specimenCount="2" stateProvince="Houaphan">
<specimenCount box="[970,1024,907,933]" pageId="70" pageNumber="71" type="generic">2 ex.</specimenCount>
“Laos-NE 
<collectingRegion box="[1149,1323,907,933]" country="Laos" name="Houaphan" pageId="70" pageNumber="71">Hua Phan prov.</collectingRegion>
, 
<geoCoordinate box="[1333,1431,907,933]" degrees="20" direction="north" minutes="12" orientation="latitude" pageId="70" pageNumber="71" precision="925" value="20.2">20°12’N</geoCoordinate>
, 
<geoCoordinate box="[151,261,943,969]" degrees="104" direction="east" minutes="01" orientation="longitude" pageId="70" pageNumber="71" precision="925" value="104.01667">104°01’E</geoCoordinate>
, 
<location LSID="urn:lsid:plazi:treatment:03BD87E66B25FF83AF89FD84FD1E38D1:8ECB602B6B27FF83AE0FFBC5FE723E85" box="[273,428,943,969]" country="Laos" latitude="20.2" longLatPrecision="1268" longitude="104.01667" name="Phu Phan Mt." pageId="70" pageNumber="71" stateProvince="Houaphan">Phu Phan Mt.</location>
, 
<quantity box="[440,585,942,969]" metricMagnitude="3" metricUnit="m" metricValue="1.7" metricValueMax="1.9" metricValueMin="1.5" pageId="70" pageNumber="71" unit="m" value="1700.0" valueMax="1900.0" valueMin="1500.0">
<elevation box="[440,585,942,969]" metricMagnitude="3" metricUnit="m" metricValue="1.7" metricValueMax="1.9" metricValueMin="1.5" pageId="70" pageNumber="71" unit="m" value="1700.0" valueMax="1900.0" valueMin="1500.0">1500-1900m</elevation>
</quantity>
, 17.5.- 
<date box="[657,763,942,969]" pageId="70" pageNumber="71" value="2007-06-03">
<collectingDate box="[657,763,942,969]" pageId="70" pageNumber="71" value="2007-06-03">3.6.2007</collectingDate>
</date>
, leg. 
<collectorName box="[822,939,943,969]" pageId="70" pageNumber="71">Vit Kuban</collectorName>
” (
<collectionCode box="[964,1048,943,969]" country="Germany" httpUri="http://biocol.org/urn:lsid:biocol.org:col:34613" lsid="urn:lsid:biocol.org:col:34613" name="Zoologisches Forschungsmuseum Alexander Koenig" pageId="70" pageNumber="71" type="Museum">ZFMK</collectionCode>
)
</materialsCitation>
, 
<materialsCitation collectingDate="2012-04-11" collectingDateMax="2012-05-15" collectingDateMin="2012-04-11" collectionCode="ZFMK" collectorName="C. Holzschuh Ankauf" country="Laos" county="Ban Saleui" elevation="1600" latitude="20.2" location="Mt." longLatPrecision="1268" longitude="104.01667" municipality="Phou Pan" pageId="70" pageNumber="71" specimenCount="3" stateProvince="Houaphan">
<specimenCount box="[1067,1121,943,969]" pageId="70" pageNumber="71" type="generic">3 ex.</specimenCount>
“NE-Laos: 
<collectingRegion box="[1256,1432,943,969]" country="Laos" name="Houaphan" pageId="70" pageNumber="71">Hua Phan prov.</collectingRegion>
, 
<collectingCounty box="[151,276,979,1005]" pageId="70" pageNumber="71">Ban Saleui</collectingCounty>
, 
<collectingMunicipality box="[287,394,979,1005]" pageId="70" pageNumber="71">Phou Pan</collectingMunicipality>
(
<location LSID="urn:lsid:plazi:treatment:03BD87E66B25FF83AF89FD84FD1E38D1:8ECB602B6B27FF83AE87FBB9FE1D3EA1" box="[409,451,979,1005]" country="Laos" county="Ban Saleui" latitude="20.2" longLatPrecision="1268" longitude="104.01667" municipality="Phou Pan" name="Mt." pageId="70" pageNumber="71" stateProvince="Houaphan">Mt.</location>
) - 
<geoCoordinate box="[474,575,979,1005]" degrees="20" direction="north" minutes="12" orientation="latitude" pageId="70" pageNumber="71" precision="925" value="20.2">20°12’N</geoCoordinate>
, 
<geoCoordinate box="[586,697,979,1005]" degrees="104" direction="east" minutes="01" orientation="longitude" pageId="70" pageNumber="71" precision="925" value="104.01667">104°01’E</geoCoordinate>
; 
<date box="[708,892,978,1005]" pageId="70" pageNumber="71" value="2012-04-11" valueMax="2012-05-15" valueMin="2012-04-11">
<collectingDate box="[708,892,978,1005]" pageId="70" pageNumber="71" value="2012-04-11" valueMax="2012-05-15" valueMin="2012-04-11">11.iv.-15.v.2012</collectingDate>
</date>
; 
<quantity box="[904,1050,979,1005]" metricMagnitude="3" metricUnit="m" metricValue="1.6" metricValueMax="1.9" metricValueMin="1.3" pageId="70" pageNumber="71" unit="m" value="1600.0" valueMax="1900.0" valueMin="1300.0">
<elevation box="[904,1050,979,1005]" metricMagnitude="3" metricUnit="m" metricValue="1.6" metricValueMax="1.9" metricValueMin="1.3" pageId="70" pageNumber="71" unit="m" value="1600.0" valueMax="1900.0" valueMin="1300.0">1300-1900m</elevation>
</quantity>
; leg. 
<collectorName box="[1110,1352,979,1005]" pageId="70" pageNumber="71">C. Holzschuh Ankauf</collectorName>
ZFMK Bonn 2012” (
<collectionCode box="[302,386,1015,1041]" country="Germany" httpUri="http://biocol.org/urn:lsid:biocol.org:col:34613" lsid="urn:lsid:biocol.org:col:34613" name="Zoologisches Forschungsmuseum Alexander Koenig" pageId="70" pageNumber="71" type="Museum">ZFMK</collectionCode>
)
</materialsCitation>
, 
<materialsCitation collectingDate="2008-04-22" collectingDateMax="2014-04-30" collectingDateMin="2008-04-22" collectionCode="NMPC, ZFMK" collectorName="Vit Kuban" country="Laos" county="Phou" elevation="1495" latitude="20.2" location="Phou" longLatPrecision="925" longitude="104.00083" municipality="Phou" pageId="70" pageNumber="71" specimenCount="6" specimenCount-male="5" stateProvince="Houaphan">
<specimenCount box="[405,460,1015,1041]" pageId="70" pageNumber="71" type="generic">1 ex.</specimenCount>
“Laos-NE, Houa Phan prov., 20°13’09- 
<geoCoordinate box="[911,976,1015,1041]" pageId="70" pageNumber="71">19’’N</geoCoordinate>
103°59’54’’- 
<geoCoordinate box="[1125,1281,1014,1041]" degrees="104" direction="east" minutes="00" orientation="longitude" pageId="70" pageNumber="71" precision="15" seconds="03" value="104.00083">104°00’03’’E</geoCoordinate>
, 
<quantity box="[1293,1436,1014,1041]" metricMagnitude="3" metricUnit="m" metricValue="1.4949999999999999" metricValueMax="1.51" metricValueMin="1.48" pageId="70" pageNumber="71" unit="m" value="1495.0" valueMax="1510.0" valueMin="1480.0">
<elevation box="[1293,1436,1014,1041]" metricMagnitude="3" metricUnit="m" metricValue="1.4949999999999999" metricValueMax="1.51" metricValueMin="1.48" pageId="70" pageNumber="71" unit="m" value="1495.0" valueMax="1510.0" valueMin="1480.0">1480-1510m</elevation>
</quantity>
Phou Pane Mt., 
<date box="[339,531,1051,1077]" pageId="70" pageNumber="71" value="2008-04-22" valueMax="2008-05-14" valueMin="2008-04-22">
<collectingDate box="[339,531,1051,1077]" pageId="70" pageNumber="71" value="2008-04-22" valueMax="2008-05-14" valueMin="2008-04-22">22.IV.-14.V.2008</collectingDate>
</date>
<collectorName box="[540,659,1051,1077]" pageId="70" pageNumber="71">Vit Kuban</collectorName>
leg. (
<collectionCode box="[727,811,1051,1077]" country="Czech Republic" httpUri="http://grbio.org/cool/hj12-2xm7" name="National Museum Prague" pageId="70" pageNumber="71">NMPC</collectionCode>
, 
<collectionCode box="[825,907,1051,1077]" country="Germany" httpUri="http://biocol.org/urn:lsid:biocol.org:col:34613" lsid="urn:lsid:biocol.org:col:34613" name="Zoologisches Forschungsmuseum Alexander Koenig" pageId="70" pageNumber="71" type="Museum">ZFMK</collectionCode>
),
</materialsCitation>
<materialsCitation collectingDate="2008-04-22" collectingDateMax="2014-04-30" collectingDateMin="2008-04-22" collectionCode="NMPC, ZFMK" collectorName="C. Holzschuh" country="Laos" county="Phou" elevation="1495" latitude="20.2" location="Phou" longLatPrecision="925" longitude="104.00083" municipality="Phou" pageId="70" pageNumber="71" specimenCount="6" specimenCount-male="5" stateProvince="Houaphan">
<specimenCount box="[928,973,1051,1077]" pageId="70" pageNumber="71" type="male">1 ♂</specimenCount>
“X-DA4702 
<collectorName box="[1131,1185,1051,1077]" pageId="70" pageNumber="71">Laos</collectorName>
<collectingRegion box="[1195,1378,1051,1077]" country="Laos" name="Houaphan" pageId="70" pageNumber="71">Hua Phan prov.</collectingRegion>
; 
<collectorName pageId="70" pageNumber="71">Ban Saleui</collectorName>
, 
<collectorName box="[235,342,1087,1113]" pageId="70" pageNumber="71">
<collectingCounty box="[235,293,1087,1113]" pageId="70" pageNumber="71">Phou</collectingCounty>
Pan
</collectorName>
(
<collectorName box="[357,399,1087,1113]" pageId="70" pageNumber="71">Mt.</collectorName>
) 
<geoCoordinate box="[414,513,1087,1113]" degrees="20" direction="north" minutes="12" orientation="latitude" pageId="70" pageNumber="71" precision="925" value="20.2">20°12’N</geoCoordinate>
, 
<geoCoordinate box="[525,609,1087,1113]" pageId="70" pageNumber="71">104°01</geoCoordinate>
’ 
<date box="[621,783,1086,1113]" pageId="70" pageNumber="71" value="2014-04-15" valueMax="2014-04-30" valueMin="2014-04-15">
<collectingDate box="[621,783,1086,1113]" pageId="70" pageNumber="71" value="2014-04-15" valueMax="2014-04-30" valueMin="2014-04-15">15.-30.iv.2014</collectingDate>
</date>
leg. C. Holzschuh—ZFMK 
<collectorName box="[1102,1186,1087,1113]" pageId="70" pageNumber="71">Ankauf</collectorName>
2014 
<taxonomicName authorityName="Mulsant &amp; Rey" authorityYear="1871" box="[1256,1362,1087,1113]" class="Insecta" family="Melolonthidae" genus="Maladera" kingdom="Animalia" order="Coleoptera" pageId="70" pageNumber="71" phylum="Arthropoda" rank="genus">Maladera</taxonomicName>
perniciosa” (
<collectionCode box="[234,318,1123,1149]" country="Germany" httpUri="http://biocol.org/urn:lsid:biocol.org:col:34613" lsid="urn:lsid:biocol.org:col:34613" name="Zoologisches Forschungsmuseum Alexander Koenig" pageId="70" pageNumber="71" type="Museum">ZFMK</collectionCode>
),
</materialsCitation>
<materialsCitation collectingDate="2008-04-22" collectingDateMax="2014-04-30" collectingDateMin="2008-04-22" collectionCode="NMPC, ZFMK" collectorName="C. Holzschuh" country="Laos" county="Phou" elevation="1495" latitude="20.2" location="Phou" longLatPrecision="925" longitude="104.00083" municipality="Phou" pageId="70" pageNumber="71" specimenCount="6" specimenCount-male="5" stateProvince="Houaphan">
<specimenCount box="[335,375,1123,1149]" pageId="70" pageNumber="71" type="male">1 ♂</specimenCount>
“X-DA4918 
<collectorName box="[524,578,1123,1149]" pageId="70" pageNumber="71">Laos</collectorName>
<collectingRegion box="[583,757,1123,1149]" country="Laos" name="Houaphan" pageId="70" pageNumber="71">Hua Phan prov.</collectingRegion>
; 
<collectorName box="[766,889,1123,1149]" pageId="70" pageNumber="71">Ban Saleui</collectorName>
, 
<collectorName box="[898,1003,1123,1149]" pageId="70" pageNumber="71">
<collectingMunicipality box="[898,956,1123,1149]" pageId="70" pageNumber="71">Phou</collectingMunicipality>
Pan
</collectorName>
(
<collectorName box="[1016,1058,1123,1149]" pageId="70" pageNumber="71">Mt.</collectorName>
) 
<geoCoordinate box="[1071,1170,1123,1149]" degrees="20" direction="north" minutes="12" orientation="latitude" pageId="70" pageNumber="71" precision="925" value="20.2">20°12’N</geoCoordinate>
, 
<geoCoordinate box="[1180,1264,1123,1149]" pageId="70" pageNumber="71">104°01</geoCoordinate>
’ 
<date box="[1274,1436,1122,1149]" pageId="70" pageNumber="71" value="2014-04-15" valueMax="2014-04-30" valueMin="2014-04-15">
<collectingDate box="[1274,1436,1122,1149]" pageId="70" pageNumber="71" value="2014-04-15" valueMax="2014-04-30" valueMin="2014-04-15">15.-30.iv.2014</collectingDate>
</date>
leg. C. Holzschuh—ZFMK 
<collectorName box="[468,552,1159,1185]" pageId="70" pageNumber="71">Ankauf</collectorName>
2014 
<taxonomicName authority="(ZFMK)" authorityName=": Ahrens" authorityYear="2004" baseAuthorityName="ZFMK" box="[626,858,1159,1185]" class="Insecta" family="Melolonthidae" genus="Maladera" kingdom="Animalia" order="Coleoptera" pageId="70" pageNumber="71" phylum="Arthropoda" rank="species" species="perniciosa">Maladera perniciosa</taxonomicName>
” (
<collectionCode box="[884,968,1159,1185]" country="Germany" httpUri="http://biocol.org/urn:lsid:biocol.org:col:34613" lsid="urn:lsid:biocol.org:col:34613" name="Zoologisches Forschungsmuseum Alexander Koenig" pageId="70" pageNumber="71" type="Museum">ZFMK</collectionCode>
),
</materialsCitation>
<materialsCitation collectingDate="2008-04-22" collectingDateMax="2014-04-30" collectingDateMin="2008-04-22" collectionCode="NMPC, ZFMK" collectorName="C. Holzschuh" country="Laos" county="Phou" elevation="1495" latitude="20.2" location="Phou" longLatPrecision="925" longitude="104.00083" municipality="Phou" pageId="70" pageNumber="71" specimenCount="6" specimenCount-male="5" stateProvince="Houaphan">
<specimenCount box="[989,1033,1159,1185]" pageId="70" pageNumber="71" type="male">1 ♂</specimenCount>
“X-DA4923 
<collectorName box="[1189,1243,1159,1185]" pageId="70" pageNumber="71">Laos</collectorName>
<collectingRegion box="[1252,1432,1159,1185]" country="Laos" name="Houaphan" pageId="70" pageNumber="71">Hua Phan prov.</collectingRegion>
; 
<collectorName box="[151,278,1195,1221]" pageId="70" pageNumber="71">Ban Saleui</collectorName>
, 
<collectorName box="[291,399,1195,1221]" pageId="70" pageNumber="71">
<location LSID="urn:lsid:plazi:treatment:03BD87E66B25FF83AF89FD84FD1E38D1:8ECB602B6B27FF83AE3DFCC1FE833989" box="[291,349,1195,1221]" country="Laos" county="Phou" latitude="20.2" longLatPrecision="925" longitude="104.00083" municipality="Phou" name="Phou" pageId="70" pageNumber="71" stateProvince="Houaphan">Phou</location>
Pan
</collectorName>
(
<collectorName box="[416,458,1195,1221]" pageId="70" pageNumber="71">Mt.</collectorName>
) 
<geoCoordinate box="[475,574,1195,1221]" degrees="20" direction="north" minutes="12" orientation="latitude" pageId="70" pageNumber="71" precision="925" value="20.2">20°12’N</geoCoordinate>
, 
<geoCoordinate box="[588,671,1195,1221]" pageId="70" pageNumber="71">104°01</geoCoordinate>
’ 
<date box="[685,847,1194,1221]" pageId="70" pageNumber="71" value="2014-04-15" valueMax="2014-04-30" valueMin="2014-04-15">
<collectingDate box="[685,847,1194,1221]" pageId="70" pageNumber="71" value="2014-04-15" valueMax="2014-04-30" valueMin="2014-04-15">15.-30.iv.2014</collectingDate>
</date>
leg. C. Holzschuh—ZFMK 
<collectorName box="[1173,1257,1195,1221]" pageId="70" pageNumber="71">Ankauf</collectorName>
2014 
<taxonomicName authority="(ZFMK)" authorityName=": Ahrens" authorityYear="2004" baseAuthorityName="ZFMK" class="Insecta" family="Melolonthidae" genus="Maladera" kingdom="Animalia" order="Coleoptera" pageId="70" pageNumber="71" phylum="Arthropoda" rank="species" species="perniciosa">Maladera perniciosa</taxonomicName>
” (
<collectionCode box="[295,379,1231,1257]" country="Germany" httpUri="http://biocol.org/urn:lsid:biocol.org:col:34613" lsid="urn:lsid:biocol.org:col:34613" name="Zoologisches Forschungsmuseum Alexander Koenig" pageId="70" pageNumber="71" type="Museum">ZFMK</collectionCode>
),
</materialsCitation>
<materialsCitation collectingDate="2008-04-22" collectingDateMax="2014-04-30" collectingDateMin="2008-04-22" collectionCode="NMPC, ZFMK" collectorName="C. Holzschuh" country="Laos" county="Phou" elevation="1495" latitude="20.2" location="Phou" longLatPrecision="925" longitude="104.00083" municipality="Phou" pageId="70" pageNumber="71" specimenCount="6" specimenCount-male="5" stateProvince="Houaphan">
<specimenCount box="[400,444,1231,1257]" pageId="70" pageNumber="71" type="male">1 ♂</specimenCount>
“X-DA4699 
<collectorName box="[600,654,1231,1257]" pageId="70" pageNumber="71">Laos</collectorName>
<collectingRegion box="[664,844,1231,1257]" country="Laos" name="Houaphan" pageId="70" pageNumber="71">Hua Phan prov.</collectingRegion>
; 
<collectorName box="[857,984,1231,1257]" pageId="70" pageNumber="71">Ban Saleui</collectorName>
, 
<collectorName box="[997,1106,1231,1257]" pageId="70" pageNumber="71">
<location LSID="urn:lsid:plazi:treatment:03BD87E66B25FF83AF89FD84FD1E38D1:8ECB602B6B27FF83ACFBFCA5FBC139A5" box="[997,1055,1231,1257]" country="Laos" county="Phou" latitude="20.2" longLatPrecision="925" longitude="104.00083" municipality="Phou" name="Phou" pageId="70" pageNumber="71" stateProvince="Houaphan">Phou</location>
Pan
</collectorName>
(
<collectorName box="[1123,1165,1231,1257]" pageId="70" pageNumber="71">Mt.</collectorName>
) 
<geoCoordinate box="[1182,1280,1231,1257]" degrees="20" direction="north" minutes="12" orientation="latitude" pageId="70" pageNumber="71" precision="925" value="20.2">20°12’N</geoCoordinate>
, 
<geoCoordinate box="[1295,1378,1231,1257]" pageId="70" pageNumber="71">104°01</geoCoordinate>
’ 
<date pageId="70" pageNumber="71" value="2014-04-15" valueMax="2014-04-30" valueMin="2014-04-15">
<collectingDate pageId="70" pageNumber="71" value="2014-04-15" valueMax="2014-04-30" valueMin="2014-04-15">15.- 30.iv.2014</collectingDate>
</date>
leg. C. Holzschuh—ZFMK 
<collectorName box="[599,683,1267,1293]" pageId="70" pageNumber="71">Ankauf</collectorName>
2014 
<taxonomicName authority="(ZFMK)" authorityName=": Ahrens" authorityYear="2004" baseAuthorityName="ZFMK" box="[758,991,1267,1293]" class="Insecta" family="Melolonthidae" genus="Maladera" kingdom="Animalia" order="Coleoptera" pageId="70" pageNumber="71" phylum="Arthropoda" rank="species" species="perniciosa">Maladera perniciosa</taxonomicName>
” (
<collectionCode box="[1018,1102,1267,1293]" country="Germany" httpUri="http://biocol.org/urn:lsid:biocol.org:col:34613" lsid="urn:lsid:biocol.org:col:34613" name="Zoologisches Forschungsmuseum Alexander Koenig" pageId="70" pageNumber="71" type="Museum">ZFMK</collectionCode>
),
</materialsCitation>
<materialsCitation collectingDate="2008-04-22" collectingDateMax="2014-04-30" collectingDateMin="2008-04-22" collectionCode="NMPC, ZFMK" collectorName="C. Holzschuh" country="Laos" county="Phou" elevation="1495" latitude="20.2" location="Phou" longLatPrecision="925" longitude="104.00083" municipality="Phou" pageId="70" pageNumber="71" specimenCount="6" specimenCount-male="5" stateProvince="Houaphan">
<specimenCount box="[1123,1168,1267,1293]" pageId="70" pageNumber="71" type="male">1 ♂</specimenCount>
“X-DA4830 
<collectorName box="[1326,1380,1267,1293]" pageId="70" pageNumber="71">Laos</collectorName>
<collectingRegion country="Laos" name="Houaphan" pageId="70" pageNumber="71">Hua Phan prov.</collectingRegion>
; 
<collectorName box="[286,411,1303,1329]" pageId="70" pageNumber="71">Ban Saleui</collectorName>
, 
<collectorName box="[422,529,1303,1329]" pageId="70" pageNumber="71">
<location LSID="urn:lsid:plazi:treatment:03BD87E66B25FF83AF89FD84FD1E38D1:8ECB602B6B27FF83AEB8FD7DFE3E387D" box="[422,480,1303,1329]" country="Laos" county="Phou" latitude="20.2" longLatPrecision="925" longitude="104.00083" municipality="Phou" name="Phou" pageId="70" pageNumber="71" stateProvince="Houaphan">Phou</location>
Pan
</collectorName>
(
<collectorName box="[544,586,1303,1329]" pageId="70" pageNumber="71">Mt.</collectorName>
) 
<geoCoordinate box="[601,700,1303,1329]" degrees="20" direction="north" minutes="12" orientation="latitude" pageId="70" pageNumber="71" precision="925" value="20.2">20°12’N</geoCoordinate>
, 
<geoCoordinate box="[712,796,1303,1329]" pageId="70" pageNumber="71">104°01</geoCoordinate>
’ 
<date box="[808,970,1302,1329]" pageId="70" pageNumber="71" value="2014-04-15" valueMax="2014-04-30" valueMin="2014-04-15">
<collectingDate box="[808,970,1302,1329]" pageId="70" pageNumber="71" value="2014-04-15" valueMax="2014-04-30" valueMin="2014-04-15">15.-30.iv.2014</collectingDate>
</date>
leg. C. Holzschuh—ZFMK 
<collectorName box="[1289,1373,1303,1329]" pageId="70" pageNumber="71">Ankauf</collectorName>
2014 
<taxonomicName authority="(ZFMK)" authorityName=": Ahrens" authorityYear="2004" baseAuthorityName="ZFMK" box="[151,382,1339,1365]" class="Insecta" family="Melolonthidae" genus="Maladera" kingdom="Animalia" order="Coleoptera" pageId="70" pageNumber="71" phylum="Arthropoda" rank="species" species="perniciosa">Maladera perniciosa</taxonomicName>
” (
<collectionCode box="[406,490,1339,1365]" country="Germany" httpUri="http://biocol.org/urn:lsid:biocol.org:col:34613" lsid="urn:lsid:biocol.org:col:34613" name="Zoologisches Forschungsmuseum Alexander Koenig" pageId="70" pageNumber="71" type="Museum">ZFMK</collectionCode>
)
</materialsCitation>
.
</paragraph>
</subSubSection>
<caption ID-DOI="http://doi.org/10.5281/zenodo.4496344" ID-Zenodo-Dep="4496344" httpUri="https://zenodo.org/record/4496344/files/figure.png" pageId="69" pageNumber="70" startId="69.[151,250,1910,1934]" targetBox="[236,1348,192,1877]" targetPageId="69">
<paragraph blockId="69.[151,1437,1910,2042]" pageId="69" pageNumber="70">
<emphasis bold="true" box="[151,349,1910,1934]" pageId="69" pageNumber="70">FIGURE 14. A–E:</emphasis>
<taxonomicName authority="(Brenske, 1898)" baseAuthorityName="Brenske" baseAuthorityYear="1898" box="[357,741,1910,1934]" class="Insecta" family="Melolonthidae" genus="Maladera" kingdom="Animalia" order="Coleoptera" pageId="69" pageNumber="70" phylum="Arthropoda" rank="species" species="perniciosa">
<emphasis box="[357,570,1910,1934]" italics="true" pageId="69" pageNumber="70">Maladera perniciosa</emphasis>
(
<bibRefCitation author="Brenske, E." box="[584,734,1910,1934]" pageId="69" pageNumber="70" pagination="205 - 403" refId="ref331459" refString="Brenske, E. (1898) Die Serica - Arten der Erde. Berliner Entomologische Zeitschrift, 43, 205 - 403. https: // doi. org / 10.1002 / mmnd. 47918980303" type="journal article" year="1898">Brenske, 1898</bibRefCitation>
)
</taxonomicName>
(Vietnam: Lao Cai: Sa Pa); 
<emphasis bold="true" box="[1031,1080,1910,1934]" pageId="69" pageNumber="70">F–J:</emphasis>
<taxonomicName authority="(Brenske, 1898)" baseAuthorityName="Brenske" baseAuthorityYear="1898" box="[1087,1364,1910,1934]" class="Insecta" family="Melolonthidae" genus="Maladera" kingdom="Animalia" order="Coleoptera" pageId="69" pageNumber="70" phylum="Arthropoda" rank="species" species="sontica">
<emphasis box="[1087,1194,1911,1934]" italics="true" pageId="69" pageNumber="70">M. sontica</emphasis>
(
<bibRefCitation author="Brenske, E." box="[1208,1358,1910,1934]" pageId="69" pageNumber="70" pagination="205 - 403" refId="ref331459" refString="Brenske, E. (1898) Die Serica - Arten der Erde. Berliner Entomologische Zeitschrift, 43, 205 - 403. https: // doi. org / 10.1002 / mmnd. 47918980303" type="journal article" year="1898">Brenske, 1898</bibRefCitation>
)
</taxonomicName>
(Laos: Louangnamtha: Namtha); 
<emphasis bold="true" box="[423,484,1946,1970]" pageId="69" pageNumber="70">K–O:</emphasis>
<taxonomicName authority="(Fairmaire, 1888 b)" baseAuthorityName="Fairmaire" baseAuthorityYear="1888" box="[492,824,1946,1970]" class="Insecta" family="Melolonthidae" genus="Maladera" kingdom="Animalia" order="Coleoptera" pageId="69" pageNumber="70" phylum="Arthropoda" rank="species" species="verticalis">
<emphasis box="[492,622,1946,1970]" italics="true" pageId="69" pageNumber="70">M. verticalis</emphasis>
(
<bibRefCitation author="Fairmaire, M. L." box="[638,804,1946,1970]" pageId="69" pageNumber="70" pagination="7 - 46" refId="ref332050" refString="Fairmaire, M. L. (1888) Coleopteres de l'Interieur de la Chine. Annales de la Societe Entomologique de Belgique, 32, 7 - 46." type="journal article" year="1888">Fairmaire, 1888</bibRefCitation>
b)
</taxonomicName>
(China: Shaanxi: Houzhenzi). 
<emphasis bold="true" box="[1148,1237,1946,1970]" pageId="69" pageNumber="70">A, F, K:</emphasis>
aedeagus, left side lateral view; 
<emphasis bold="true" box="[284,364,1982,2006]" pageId="69" pageNumber="70">D, I, N:</emphasis>
aedeagus, right side lateral view; 
<emphasis bold="true" box="[712,799,1982,2006]" pageId="69" pageNumber="70">B, G, L:</emphasis>
aedeagus, dorsal view; 
<emphasis bold="true" box="[1043,1139,1982,2006]" pageId="69" pageNumber="70">C, H, M:</emphasis>
left parameres, ventral view; 
<emphasis bold="true" box="[151,234,2018,2042]" pageId="69" pageNumber="70">E, J, O:</emphasis>
habitus. Scale: 0.5 mm. Habitus not to scale.
</paragraph>
</caption>
<subSubSection box="[199,1327,1375,1402]" pageId="70" pageNumber="71" type="discussion">
<paragraph blockId="70.[151,1437,151,1437]" box="[199,1327,1375,1402]" pageId="70" pageNumber="71">
<emphasis bold="true" box="[199,315,1375,1401]" pageId="70" pageNumber="71">Remarks.</emphasis>
The species was exhaustively treated (including redescription) by 
<bibRefCitation author="Ahrens, D." box="[1060,1229,1375,1401]" pageId="70" pageNumber="71" refId="ref329734" refString="Ahrens, D. (2004 a) Monographie der Sericini des Himalaya (Coleoptera, Scarabaeidae). Dissertation. de-Verlag im Internet GmbH, Berlin, 534 pp." type="book" year="2004">Ahrens (2004a</bibRefCitation>
, p. 276).
</paragraph>
</subSubSection>
<subSubSection box="[199,704,1410,1437]" pageId="70" pageNumber="71" type="distribution">
<paragraph blockId="70.[151,1437,151,1437]" box="[199,704,1410,1437]" pageId="70" pageNumber="71">
<emphasis bold="true" box="[199,353,1410,1436]" pageId="70" pageNumber="71">Distribution.</emphasis>
See map (
<figureCitation box="[470,552,1411,1437]" captionStart="FIGURE 93" captionStartId="348.[151,250,1037,1061]" captionTargetBox="[209,1378,190,1005]" captionTargetId="figure-19@348.[202,1386,181,1013]" captionTargetPageId="348" captionText="FIGURE 93. Distribution of the subgenus Omaladera: Maladera perniciosa (Brenske, 1898), M. pseudohongkongica Ahrens &amp; Fabrizi, 2016, M. riberai sp. n., M. shiniushanensis sp. n.." figureDoi="http://doi.org/10.5281/zenodo.4496566" httpUri="https://zenodo.org/record/4496566/files/figure.png" pageId="70" pageNumber="71">Fig. 93</figureCitation>
) and 
<tableCitation box="[614,698,1411,1437]" captionStart="TABLE 1" captionStartId="368.[151,239,544,570]" captionText="TABLE 1. Overview on the distribuition of the Chinese mainland species of Maladera Mulsant &amp; Rey, 1871 (x – records from material examined herein, o – records from literature, with no material of this study)." pageId="70" pageNumber="71">Table 1</tableCitation>
.
</paragraph>
</subSubSection>
</treatment>
</document>