<document ID-DOI="http://doi.org/10.5281/zenodo.4560720" ID-GBIF-Dataset="188411de-569c-4408-a016-1a04b858c142" ID-ISSN="1175-5326" ID-Zenodo-Dep="4560720" ID-ZooBank="D7F9C6A3-9C28-4F4C-8E81-BF24849FDD8C" _generate="added" approvalRequired="33" approvalRequired_for_illustrations="17" approvalRequired_for_treatments="16" checkinTime="1612331093960" checkinUser="plazi" docAuthor="Fabrizi, Silvia, Liu, Wan-Gang, Bai, Ming, Yang, Xing-Ke &amp; Ahrens, Dirk" docDate="2021" docId="03BD87E66A2EFE95AF89FCC0FD103835" docLanguage="en" docName="zootaxa.4922.1.1.pdf" docOrigin="Zootaxa 4922 (1)" docStyle="DocumentStyle:5EBBA59367AD13919D70D935FA04F6A3.7:Zootaxa.2013-.monograph" docStyleId="5EBBA59367AD13919D70D935FA04F6A3" docStyleName="Zootaxa.2013-.monograph" docStyleVersion="7" docTitle="Maladera rotunda Fabrizi &amp; Liu &amp; Bai &amp; Yang &amp; Ahrens 2021, comb.n." docType="treatment" docVersion="7" lastPageId="336" lastPageNumber="337" masterDocId="FF84FF9E6B61FFC5AF1EF86AFFDE3D4C" masterDocTitle="A monograph of the genus Maladera Mulsant &amp; Rey, 1871 of China (Coleoptera: Scarabaeidae: Melolonthinae: Sericini)" masterLastPageNumber="400" masterPageNumber="1" pageId="335" pageNumber="336" updateTime="1615983897969" updateUser="diego">
<mods:mods xmlns:mods="http://www.loc.gov/mods/v3">
<mods:titleInfo>
<mods:title>A monograph of the genus Maladera Mulsant &amp; Rey, 1871 of China (Coleoptera: Scarabaeidae: Melolonthinae: Sericini)</mods:title>
</mods:titleInfo>
<mods:name type="personal">
<mods:role>
<mods:roleTerm>Author</mods:roleTerm>
</mods:role>
<mods:namePart>Fabrizi, Silvia</mods:namePart>
<mods:nameIdentifier type="ORCID">0000-0003-3524-7153</mods:nameIdentifier>
<mods:nameIdentifier type="email">ahrens.dirk_col@gmx.de</mods:nameIdentifier>
</mods:name>
<mods:name type="personal">
<mods:role>
<mods:roleTerm>Author</mods:roleTerm>
</mods:role>
<mods:namePart>Liu, Wan-Gang</mods:namePart>
<mods:nameIdentifier type="ORCID">0000-0003-4788-7967</mods:nameIdentifier>
<mods:nameIdentifier type="email">liuwangang@ieecas.cn</mods:nameIdentifier>
</mods:name>
<mods:name type="personal">
<mods:role>
<mods:roleTerm>Author</mods:roleTerm>
</mods:role>
<mods:namePart>Bai, Ming</mods:namePart>
<mods:nameIdentifier type="ORCID">0000-0003-3676-6828</mods:nameIdentifier>
<mods:nameIdentifier type="email">liuwangang@ieecas.cn</mods:nameIdentifier>
</mods:name>
<mods:name type="personal">
<mods:role>
<mods:roleTerm>Author</mods:roleTerm>
</mods:role>
<mods:namePart>Yang, Xing-Ke</mods:namePart>
<mods:nameIdentifier type="ORCID">0000-0003-3676-6828</mods:nameIdentifier>
<mods:nameIdentifier type="email">liuwangang@ieecas.cn</mods:nameIdentifier>
</mods:name>
<mods:name type="personal">
<mods:role>
<mods:roleTerm>Author</mods:roleTerm>
</mods:role>
<mods:namePart>Ahrens, Dirk</mods:namePart>
<mods:nameIdentifier type="ORCID">0000-0003-3524-7153</mods:nameIdentifier>
<mods:nameIdentifier type="email">ahrens.dirk_col@gmx.de</mods:nameIdentifier>
</mods:name>
<mods:typeOfResource>text</mods:typeOfResource>
<mods:relatedItem type="host">
<mods:titleInfo>
<mods:title>Zootaxa</mods:title>
</mods:titleInfo>
<mods:part>
<mods:date>2021</mods:date>
<mods:detail type="pubDate">
<mods:number>2021-02-03</mods:number>
</mods:detail>
<mods:detail type="volume">
<mods:number>4922</mods:number>
</mods:detail>
<mods:detail type="issue">
<mods:number>1</mods:number>
</mods:detail>
<mods:extent unit="page">
<mods:start>1</mods:start>
<mods:end>400</mods:end>
</mods:extent>
</mods:part>
</mods:relatedItem>
<mods:classification>journal article</mods:classification>
<mods:identifier type="DOI">https://doi.org/10.11646/zootaxa.4922.1.1</mods:identifier>
<mods:identifier type="GBIF-Dataset">188411de-569c-4408-a016-1a04b858c142</mods:identifier>
<mods:identifier type="ISSN">1175-5326</mods:identifier>
<mods:identifier type="Zenodo-Dep">4496316</mods:identifier>
<mods:identifier type="ZooBank">D7F9C6A3-9C28-4F4C-8E81-BF24849FDD8C</mods:identifier>
</mods:mods>
<treatment ID-DOI="http://doi.org/10.5281/zenodo.4560720" ID-Zenodo-Dep="4560720" LSID="urn:lsid:plazi:treatment:03BD87E66A2EFE95AF89FCC0FD103835" httpUri="http://treatment.plazi.org/id/03BD87E66A2EFE95AF89FCC0FD103835" lastPageId="336" lastPageNumber="337" pageId="335" pageNumber="336">
<subSubSection box="[151,660,1194,1221]" pageId="335" pageNumber="336" type="nomenclature">
<paragraph blockId="335.[151,660,1194,1257]" box="[151,660,1194,1221]" pageId="335" pageNumber="336">
<heading bold="true" box="[151,660,1194,1221]" fontSize="11" level="2" pageId="335" pageNumber="336" reason="4">
<emphasis bold="true" box="[151,660,1194,1221]" pageId="335" pageNumber="336">
<taxonomicName authority="(Arrow, 1946)" authorityName="Fabrizi &amp; Liu &amp; Bai &amp; Yang &amp; Ahrens" authorityYear="2021" baseAuthorityName="Arrow" baseAuthorityYear="1946" box="[151,553,1194,1221]" class="Insecta" family="Melolonthidae" genus="Maladera" kingdom="Animalia" order="Coleoptera" pageId="335" pageNumber="336" phylum="Arthropoda" rank="species" species="rotunda" status="comb.n.">
<emphasis bold="true" box="[151,372,1194,1221]" italics="true" pageId="335" pageNumber="336">Maladera rotunda</emphasis>
(Arrow, 1946)
</taxonomicName>
<taxonomicNameLabel box="[561,660,1195,1221]" pageId="335" pageNumber="336" rank="species">comb.n.</taxonomicNameLabel>
</emphasis>
</heading>
</paragraph>
</subSubSection>
<subSubSection box="[151,378,1231,1257]" pageId="335" pageNumber="336" type="description">
<paragraph blockId="335.[151,660,1194,1257]" box="[151,378,1231,1257]" pageId="335" pageNumber="336">
<figureCitation box="[151,270,1231,1257]" captionStart="FIGURE 80" captionStartId="334.[151,250,1473,1497]" captionTargetBox="[162,1422,196,1438]" captionTargetId="figure-19@334.[151,1435,181,1449]" captionTargetPageId="334" captionText="FIGURE 80. A–D: Maladera tibialis (Brenske, 1898) (Cambodia: Tuoi Kruos); E–H: M. rotunda (Arrow, 1946) (China: Yunnan: Jinggu). A, E: aedeagus, left side lateral view; C, G: aedeagus, right side lateral view; B, F: parameres, dorsal view; D, H: habitus. Scale: 0.5 mm. Habitus not to scale." figureDoi="http://doi.org/10.5281/zenodo.4496530" httpUri="https://zenodo.org/record/4496530/files/figure.png" pageId="335" pageNumber="336">Figures 80</figureCitation>
E–H, 130
</paragraph>
</subSubSection>
<subSubSection box="[151,575,1299,1323]" pageId="335" pageNumber="336" type="reference_group">
<paragraph blockId="335.[151,575,1299,1323]" box="[151,575,1299,1323]" pageId="335" pageNumber="336">
<treatmentCitationGroup box="[151,575,1299,1323]" pageId="335" pageNumber="336">
<treatmentCitation author="Arrow, G. J." box="[151,571,1299,1323]" page="16" pageId="335" pageNumber="336" year="1946">
<taxonomicName authority="Arrow, 1946 b: 16" authorityName="Arrow" authorityPageNumber="16" authorityYear="1946" box="[151,571,1299,1323]" family="Melolonthidae" genus="Cephaloserica" kingdom="Animalia" order="Coleoptera" pageId="335" pageNumber="336" rank="species" species="rotunda">
<emphasis box="[151,384,1299,1323]" italics="true" pageId="335" pageNumber="336">Cephaloserica rotunda</emphasis>
<bibRefCitation author="Arrow, G. J." box="[390,571,1299,1323]" pageId="335" pageNumber="336" pagination="1 - 33" refId="ref331251" refString="Arrow, G. J. (1946 b) Entomological results from the Swedish Expedition 1934 to Burma and British India. Coleoptera: Melolonthidae. Arkiv for Zoologie, 38 A (9), 1 - 33." type="journal article" year="1946">Arrow, 1946b: 16</bibRefCitation>
</taxonomicName>
</treatmentCitation>
.
</treatmentCitationGroup>
</paragraph>
</subSubSection>
<subSubSection pageId="335" pageNumber="336" type="materials_examined">
<paragraph blockId="335.[151,1437,1369,2007]" pageId="335" pageNumber="336">
<emphasis bold="true" box="[151,449,1369,1395]" pageId="335" pageNumber="336">Type material examined.</emphasis>
<materialsCitation collectionCode="BMNH" country="Myanmar" elevation="200" location="Washaung" municipality="Cotype" pageId="335" pageNumber="336" specimenCount="2" specimenCount-male="2" typeStatus="syntype">
<typeStatus box="[457,564,1369,1395]" pageId="335" pageNumber="336">Syntypes</typeStatus>
: 
<specimenCount box="[575,618,1369,1396]" pageId="335" pageNumber="336" type="male">1 ♂</specimenCount>
“ 
<collectingCountry box="[636,715,1369,1395]" name="Myanmar" pageId="335" pageNumber="336">Burma</collectingCountry>
ca. 
<quantity box="[763,835,1369,1396]" metricMagnitude="2" metricUnit="m" metricValue="2.0" pageId="335" pageNumber="336" unit="m" value="200.0">
<elevation box="[763,835,1369,1396]" metricMagnitude="2" metricUnit="m" metricValue="2.0" pageId="335" pageNumber="336" unit="m" value="200.0">200 m</elevation>
</quantity>
<location LSID="urn:lsid:plazi:treatment:03BD87E66A2EFE95AF89FCC0FD103835:8ECB602B6A2EFE8AAC54FD33FC1F383F" box="[842,961,1369,1395]" country="Myanmar" municipality="Cotype" name="Washaung" pageId="335" pageNumber="336">Washaung</location>
, 
<locationDeviation box="[973,1257,1369,1396]" location="East of Myitkyina" pageId="335" pageNumber="336">
<quantity box="[973,1045,1369,1395]" metricMagnitude="4" metricUnit="m" metricValue="2.0" pageId="335" pageNumber="336" unit="km" value="20.0">20 km</quantity>
East of Myitkyina
</locationDeviation>
14.VII.34 Malaise/ N. E. 
<collectingCountry box="[271,347,1406,1432]" name="Myanmar" pageId="335" pageNumber="336">Burma</collectingCountry>
R Malaise B. M. 1945-71/ 
<specimenCount box="[647,667,1405,1431]" pageId="335" pageNumber="336" type="male">♂</specimenCount>
/ 
<collectingMunicipality box="[681,761,1405,1431]" pageId="335" pageNumber="336">Cotype</collectingMunicipality>
/ 
<taxonomicName authority="Arr." authorityName="Arrow" authorityYear="1946" box="[775,1074,1405,1432]" genus="Cephaloserica" kingdom="Animalia" pageId="335" pageNumber="336" rank="species" species="rotunda">Cephaloserica rotunda Arr.</taxonomicName>
co-type” (
<collectionCode box="[1189,1279,1405,1431]" pageId="335" pageNumber="336">BMNH</collectionCode>
)
</materialsCitation>
, 
<materialsCitation collectionCode="BMNH" country="Myanmar" county="Cotype" elevation="1200" location="East" municipality="Malaise" pageId="335" pageNumber="336" specimenCount="1" specimenCount-female="1" typeStatus="syntype">
<specimenCount box="[1296,1337,1405,1432]" pageId="335" pageNumber="336" type="female">1 ♀</specimenCount>
“N. 
<location LSID="urn:lsid:plazi:treatment:03BD87E66A2EFE95AF89FCC0FD103835:8ECB602B6A2EFE8AAA72FD14FA4238D4" box="[1388,1436,1406,1432]" country="Myanmar" county="Cotype" municipality="Malaise" name="East" pageId="335" pageNumber="336">East</location>
<collectingCountry box="[151,227,1442,1468]" name="Myanmar" pageId="335" pageNumber="336">Burma</collectingCountry>
<location LSID="urn:lsid:plazi:treatment:03BD87E66A2EFE95AF89FCC0FD103835:8ECB602B6A2EFE8AAFF2FDCBFEEC38F7" box="[236,306,1441,1467]" country="Myanmar" county="Cotype" municipality="Malaise" name="Sadon" pageId="335" pageNumber="336">Sadon</location>
<quantity box="[314,400,1441,1468]" metricMagnitude="3" metricUnit="m" metricValue="1.2" pageId="335" pageNumber="336" unit="m" value="1200.0">
<elevation box="[314,400,1441,1468]" metricMagnitude="3" metricUnit="m" metricValue="1.2" pageId="335" pageNumber="336" unit="m" value="1200.0">1200 m</elevation>
</quantity>
28.6.-5.7. 
<collectingMunicipality box="[523,611,1441,1467]" pageId="335" pageNumber="336">Malaise</collectingMunicipality>
/ N. E. 
<collectingCountry box="[696,772,1442,1468]" name="Myanmar" pageId="335" pageNumber="336">Burma</collectingCountry>
R Malaise B. M. 1945-71/ 
<collectingCounty box="[1087,1167,1441,1467]" pageId="335" pageNumber="336">Cotype</collectingCounty>
/ 
<taxonomicName authority="Arr." authorityName="Arrow" authorityYear="1946" genus="Cephaloserica" kingdom="Animalia" pageId="335" pageNumber="336" rank="species" species="rotunda">Cephaloserica rotunda Arr.</taxonomicName>
co-type” (
<collectionCode box="[318,408,1477,1503]" pageId="335" pageNumber="336">BMNH</collectionCode>
)
</materialsCitation>
, 
<materialsCitation collectionCode="NHRS" country="Myanmar" county="Typus" elevation="200" location="Washaung" municipality="Arrow" pageId="335" pageNumber="336" specimenCount="1" specimenCount-male="1" typeStatus="syntype">
<specimenCount box="[429,473,1477,1504]" pageId="335" pageNumber="336" type="male">1 ♂</specimenCount>
“ 
<collectingCountry box="[492,571,1477,1503]" name="Myanmar" pageId="335" pageNumber="336">Burma</collectingCountry>
ca. 
<quantity box="[621,694,1477,1504]" metricMagnitude="2" metricUnit="m" metricValue="2.0" pageId="335" pageNumber="336" unit="m" value="200.0">
<elevation box="[621,694,1477,1504]" metricMagnitude="2" metricUnit="m" metricValue="2.0" pageId="335" pageNumber="336" unit="m" value="200.0">200 m</elevation>
</quantity>
<location LSID="urn:lsid:plazi:treatment:03BD87E66A2EFE95AF89FCC0FD103835:8ECB602B6A2EFE8AADA0FDAFFCEB3893" box="[702,821,1477,1503]" country="Myanmar" county="Typus" municipality="Arrow" name="Washaung" pageId="335" pageNumber="336">Washaung</location>
, 
<locationDeviation box="[834,1123,1477,1504]" location="East of Myitkyina" pageId="335" pageNumber="336">
<quantity box="[834,907,1477,1503]" metricMagnitude="4" metricUnit="m" metricValue="2.0" pageId="335" pageNumber="336" unit="km" value="20.0">20 km</quantity>
East of Myitkyina
</locationDeviation>
14.VII.34 
<location LSID="urn:lsid:plazi:treatment:03BD87E66A2EFE95AF89FCC0FD103835:8ECB602B6A2EFE8AABFCFDAFFAE43893" box="[1250,1338,1477,1503]" country="Myanmar" county="Typus" municipality="Arrow" name="Malaise" pageId="335" pageNumber="336">Malaise</location>
/ Cephaloserica rotunda type 
<collectingMunicipality box="[396,469,1513,1539]" pageId="335" pageNumber="336">Arrow</collectingMunicipality>
/ 
<collectingCounty box="[485,552,1513,1539]" pageId="335" pageNumber="336">Typus</collectingCounty>
/ 3733 E91” (
<collectionCode box="[708,788,1513,1539]" country="Sweden" httpUri="http://grbio.org/cool/rsbi-vwmq" name="Swedish Museum of Natural History, Entomology Collections" pageId="335" pageNumber="336">NHRS</collectionCode>
)
</materialsCitation>
, 
<materialsCitation collectionCode="NHRS" collectorName="N. East" country="Myanmar" county="Arrow" elevation="1200" location="Sadon" municipality="Malaise" pageId="335" pageNumber="336" specimenCount="1" specimenCount-female="1" typeStatus="syntype">
<specimenCount box="[809,852,1513,1540]" pageId="335" pageNumber="336" type="female">1 ♀</specimenCount>
“ 
<collectorName box="[872,957,1513,1540]" pageId="335" pageNumber="336">N. East</collectorName>
<collectingCountry box="[966,1042,1514,1540]" name="Myanmar" pageId="335" pageNumber="336">Burma</collectingCountry>
<location LSID="urn:lsid:plazi:treatment:03BD87E66A2EFE95AF89FCC0FD103835:8ECB602B6A2EFE8AAB05FD83FBBF3B4F" box="[1051,1121,1513,1539]" country="Myanmar" county="Arrow" municipality="Malaise" name="Sadon" pageId="335" pageNumber="336">Sadon</location>
<quantity box="[1129,1216,1513,1540]" metricMagnitude="3" metricUnit="m" metricValue="1.2" pageId="335" pageNumber="336" unit="m" value="1200.0">
<elevation box="[1129,1216,1513,1540]" metricMagnitude="3" metricUnit="m" metricValue="1.2" pageId="335" pageNumber="336" unit="m" value="1200.0">1200 m</elevation>
</quantity>
28.6.-5.7. 
<collectingMunicipality box="[1340,1428,1513,1539]" pageId="335" pageNumber="336">Malaise</collectingMunicipality>
/ 
<taxonomicName authority="Fabrizi &amp; Liu &amp; Bai &amp; Yang &amp; Ahrens, 2021" authorityName="Fabrizi &amp; Liu &amp; Bai &amp; Yang &amp; Ahrens" authorityYear="2021" box="[151,403,1549,1575]" genus="Cephaloserica" kingdom="Animalia" pageId="335" pageNumber="336" rank="species" species="rotunda" status="n. sp.">Cephaloserica rotunda</taxonomicName>
<taxonomicNameLabel box="[410,471,1550,1576]" pageId="335" pageNumber="336" rank="species">n. sp.</taxonomicNameLabel>
<collectingCounty box="[476,549,1549,1575]" pageId="335" pageNumber="336">Arrow</collectingCounty>
/ 
<taxonomicName authority="Arrow" authorityName="Arrow" authorityYear="1946" box="[565,729,1549,1575]" genus="Cephaloserica" kingdom="Animalia" pageId="335" pageNumber="336" rank="species" species="rotunda">rotunda Arrow</taxonomicName>
/ 3735 E91” (
<collectionCode box="[881,961,1549,1575]" country="Sweden" httpUri="http://grbio.org/cool/rsbi-vwmq" name="Swedish Museum of Natural History, Entomology Collections" pageId="335" pageNumber="336">NHRS</collectionCode>
)
</materialsCitation>
, 
<materialsCitation collectionCode="NHRS" country="Myanmar" elevation="175" location="Myitkyina" municipality="Malaise" pageId="335" pageNumber="336" specimenCount="176" specimenCount-male="1" typeStatus="syntype">
<specimenCount box="[980,1023,1549,1576]" pageId="335" pageNumber="336" type="male">1 ♂</specimenCount>
“ 
<collectingCountry box="[1040,1119,1549,1575]" name="Myanmar" pageId="335" pageNumber="336">Burma</collectingCountry>
1934 
<location LSID="urn:lsid:plazi:treatment:03BD87E66A2EFE95AF89FCC0FD103835:8ECB602B6A2EFE8AABB8FE67FAC03B6B" box="[1190,1310,1549,1575]" country="Myanmar" municipality="Malaise" name="Myitkyina" pageId="335" pageNumber="336">Myitkyina</location>
, 
<specimenCount box="[1321,1392,1549,1576]" pageId="335" pageNumber="336" type="generic">
<quantity box="[1321,1387,1549,1576]" metricMagnitude="2" metricUnit="m" metricValue="1.75" pageId="335" pageNumber="336" unit="m" value="175.0">
<elevation box="[1321,1387,1549,1576]" metricMagnitude="2" metricUnit="m" metricValue="1.75" pageId="335" pageNumber="336" unit="m" value="175.0">175m</elevation>
</quantity>
.
</specimenCount>
15- 30/7 
<collectingMunicipality box="[208,296,1585,1611]" pageId="335" pageNumber="336">Malaise</collectingMunicipality>
/ 
<typeStatus box="[311,421,1585,1611]" pageId="335" pageNumber="336">Paratypus</typeStatus>
/ 3734 E91” (
<collectionCode box="[572,653,1585,1611]" country="Sweden" httpUri="http://grbio.org/cool/rsbi-vwmq" name="Swedish Museum of Natural History, Entomology Collections" pageId="335" pageNumber="336">NHRS</collectionCode>
)
</materialsCitation>
.
</paragraph>
<paragraph blockId="335.[151,1437,1369,2007]" pageId="335" pageNumber="336">
<emphasis bold="true" box="[199,566,1621,1647]" pageId="335" pageNumber="336">Additional material examined.</emphasis>
<materialsCitation box="[574,1380,1621,1648]" collectingDate="1955-04-24" collectionCode="IZAS" collectorName="Vuschik" country="China" location="Jinggu" pageId="335" pageNumber="336" specimenCount="1" specimenCount-male="1" stateProvince="Yunnan">
<emphasis bold="true" box="[574,657,1621,1647]" pageId="335" pageNumber="336">
<collectingCountry box="[574,651,1621,1647]" name="China" pageId="335" pageNumber="336">China</collectingCountry>
:
</emphasis>
<specimenCount box="[665,708,1621,1648]" pageId="335" pageNumber="336" type="male">1 ♂</specimenCount>
“ 
<location LSID="urn:lsid:plazi:treatment:03BD87E66A2EFE95AF89FCC0FD103835:8ECB602B6A2EFE8AADC8FE3FFCF83B23" box="[726,806,1621,1647]" country="China" name="Jinggu" pageId="335" pageNumber="336" stateProvince="Yunnan">Jinggu</location>
, 
<collectingRegion box="[817,906,1622,1648]" country="China" name="Yunnan" pageId="335" pageNumber="336">Yunnan</collectingRegion>
, 
<date box="[918,1045,1621,1648]" pageId="335" pageNumber="336" value="1955-04-24">
<collectingDate box="[918,1045,1621,1648]" pageId="335" pageNumber="336" value="1955-04-24">
24.IV. 
<quantity box="[987,1045,1621,1648]" metricMagnitude="6" metricUnit="m" metricValue="1.95593" pageId="335" pageNumber="336" unit="m" value="1955930.0">1955</quantity>
</collectingDate>
</date>
, 930m, leg. 
<collectorName box="[1185,1280,1621,1647]" pageId="335" pageNumber="336">Vuschik</collectorName>
” (
<collectionCode box="[1305,1372,1621,1647]" country="0" httpUri="http://grbio.org/cool/043p-ts4f" name="Institut Zoologii Akademii Nauk Ukraini - Institute of Zoology of the Academy of Sciences of Ukraine" pageId="335" pageNumber="336">IZAS</collectionCode>
)
</materialsCitation>
, 
<materialsCitation collectingDate="1981-06-13" collectionCode="IZAS" collectorName="Liao Subai" country="China" location="Liuku" pageId="335" pageNumber="336" specimenCount="1" specimenCount-male="1" stateProvince="Yunnan">
<specimenCount box="[1393,1436,1621,1648]" pageId="335" pageNumber="336" type="male">1 ♂</specimenCount>
“ 
<location LSID="urn:lsid:plazi:treatment:03BD87E66A2EFE95AF89FCC0FD103835:8ECB602B6A2EFE8AAFBFFE13FF373BDF" box="[161,233,1657,1683]" country="China" name="Liuku" pageId="335" pageNumber="336" stateProvince="Yunnan">Liuku</location>
, 
<collectingRegion box="[242,331,1658,1684]" country="China" name="Yunnan" pageId="335" pageNumber="336">Yunnan</collectingRegion>
, 
<date box="[340,470,1657,1683]" pageId="335" pageNumber="336" value="1981-06-13">
<collectingDate box="[340,470,1657,1683]" pageId="335" pageNumber="336" value="1981-06-13">
13.VI. 
<quantity box="[410,470,1657,1683]" metricMagnitude="6" metricUnit="m" metricValue="1.9819" pageId="335" pageNumber="336" unit="m" value="1981900.0">1981</quantity>
</collectingDate>
</date>
, 900m, leg. 
<collectorName box="[604,727,1657,1683]" pageId="335" pageNumber="336">Liao Subai</collectorName>
” (
<collectionCode box="[751,818,1657,1683]" country="0" httpUri="http://grbio.org/cool/043p-ts4f" name="Institut Zoologii Akademii Nauk Ukraini - Institute of Zoology of the Academy of Sciences of Ukraine" pageId="335" pageNumber="336">IZAS</collectionCode>
)
</materialsCitation>
, 
<materialsCitation collectingDate="1955-04-22" collectionCode="IZAS" country="China" location="Jinggu" pageId="335" pageNumber="336" specimenCount="1" specimenCount-male="1" stateProvince="Yunnan">
<specimenCount box="[836,877,1657,1684]" pageId="335" pageNumber="336" type="male">1 ♂</specimenCount>
“ 
<location LSID="urn:lsid:plazi:treatment:03BD87E66A2EFE95AF89FCC0FD103835:8ECB602B6A2EFE8AAC63FE13FC133BDF" box="[893,973,1657,1683]" country="China" name="Jinggu" pageId="335" pageNumber="336" stateProvince="Yunnan">Jinggu</location>
, 
<collectingRegion box="[982,1071,1658,1684]" country="China" name="Yunnan" pageId="335" pageNumber="336">Yunnan</collectingRegion>
, 
<date box="[1080,1206,1657,1684]" pageId="335" pageNumber="336" value="1955-04-22">
<collectingDate box="[1080,1206,1657,1684]" pageId="335" pageNumber="336" value="1955-04-22">
22.IV. 
<quantity box="[1148,1206,1657,1684]" metricMagnitude="6" metricUnit="m" metricValue="1.95593" pageId="335" pageNumber="336" unit="m" value="1955930.0">1955</quantity>
</collectingDate>
</date>
, 930m, leg. Krischnovsknja” (
<collectionCode box="[281,349,1693,1719]" country="0" httpUri="http://grbio.org/cool/043p-ts4f" name="Institut Zoologii Akademii Nauk Ukraini - Institute of Zoology of the Academy of Sciences of Ukraine" pageId="335" pageNumber="336">IZAS</collectionCode>
)
</materialsCitation>
. 
<materialsCitation box="[369,1410,1693,1720]" collectionCode="MSNM" collectorName="Birmania S. S. S. Monti Cariani Bihtan" country="Myanmar" location="Myanmar" pageId="335" pageNumber="336" specimenCount="2" specimenCount-male="1">
<emphasis bold="true" box="[369,498,1693,1719]" pageId="335" pageNumber="336">
<collectingCountry box="[369,493,1693,1719]" name="Myanmar" pageId="335" pageNumber="336">Myanmar</collectingCountry>
:
</emphasis>
<specimenCount box="[506,562,1693,1720]" pageId="335" pageNumber="336" type="generic">1 ex.</specimenCount>
(
<specimenCount box="[578,600,1693,1719]" pageId="335" pageNumber="336" type="male">♂</specimenCount>
) “ 
<collectorName box="[627,1076,1693,1719]" pageId="335" pageNumber="336">Birmania S. S. S. Monti Cariani Bihtan</collectorName>
5-1937 R. Perego” (
<collectionCode box="[1311,1402,1693,1719]" pageId="335" pageNumber="336">MSNM</collectionCode>
)
</materialsCitation>
, 
<materialsCitation collectionCode="ISNB" collectorName="Coll. R. I. Sc. N. B. Birmanie &amp; R. Ley" country="Myanmar" pageId="335" pageNumber="336" specimenCount="4" specimenCount-male="4">
<specimenCount pageId="335" pageNumber="336" type="male">4 ♂♂</specimenCount>
“ 
<collectorName box="[210,533,1729,1756]" pageId="335" pageNumber="336">Coll. R.I. Sc. N. B. Birmanie</collectorName>
/ Birmanie 1911/ 
<collectorName box="[733,809,1730,1756]" pageId="335" pageNumber="336">R. Ley</collectorName>
coll. Le Moult vendit” (
<collectionCode box="[1078,1147,1729,1755]" pageId="335" pageNumber="336">ISNB</collectionCode>
)
</materialsCitation>
, 
<materialsCitation collectingDate="1997-06-18" collectionCode="ZFMK" country="Myanmar" county="Burma" location="Taunggyi" municipality="Myanmar" pageId="335" pageNumber="336" specimenCount="1" specimenCount-male="1" stateProvince="Shan">
<specimenCount box="[1166,1207,1729,1756]" pageId="335" pageNumber="336" type="male">1 ♂</specimenCount>
“ 
<collectingCounty box="[1223,1302,1729,1755]" pageId="335" pageNumber="336">Burma</collectingCounty>
(
<collectingMunicipality box="[1316,1428,1729,1755]" pageId="335" pageNumber="336">Myanmar</collectingMunicipality>
) SW 
<collectingRegion box="[200,319,1765,1791]" country="Myanmar" name="Shan" pageId="335" pageNumber="336">Shan State</collectingRegion>
<location LSID="urn:lsid:plazi:treatment:03BD87E66A2EFE95AF89FCC0FD103835:8ECB602B6A2EFE8AAE5BFE8FFE703BB3" box="[325,430,1765,1791]" country="Myanmar" county="Burma" municipality="Myanmar" name="Taunggyi" pageId="335" pageNumber="336" stateProvince="Shan">Taunggyi</location>
J. 
<location LSID="urn:lsid:plazi:treatment:03BD87E66A2EFE95AF89FCC0FD103835:8ECB602B6A2EFE8AAED0FE8FFDC43BB3" box="[462,538,1765,1791]" country="Myanmar" county="Burma" municipality="Myanmar" name="Rejsek" pageId="335" pageNumber="336" stateProvince="Shan">Rejsek</location>
1.- 
<date box="[566,690,1765,1791]" pageId="335" pageNumber="336" value="1997-06-18">
<collectingDate box="[566,690,1765,1791]" pageId="335" pageNumber="336" value="1997-06-18">18.6.1997</collectingDate>
</date>
” (
<collectionCode box="[715,799,1765,1791]" country="Germany" httpUri="http://biocol.org/urn:lsid:biocol.org:col:34613" lsid="urn:lsid:biocol.org:col:34613" name="Zoologisches Forschungsmuseum Alexander Koenig" pageId="335" pageNumber="336" type="Museum">ZFMK</collectionCode>
)
</materialsCitation>
. 
<materialsCitation collectionCode="NHMB" country="Laos" location="Vientiane" pageId="335" pageNumber="336" specimenCount="1" specimenCount-male="1" stateProvince="Viangchan">
<emphasis bold="true" box="[818,884,1765,1791]" pageId="335" pageNumber="336">
<collectingCountry box="[818,880,1765,1791]" name="Laos" pageId="335" pageNumber="336">Laos</collectingCountry>
:
</emphasis>
<specimenCount box="[891,933,1765,1792]" pageId="335" pageNumber="336" type="male">1 ♂</specimenCount>
“ 
<collectingRegion box="[950,1060,1765,1791]" country="Laos" name="Viangchan" pageId="335" pageNumber="336">Vientiane</collectingRegion>
I.60 Laos (Baudon)/ 416 
<taxonomicName box="[1349,1436,1765,1791]" class="Insecta" family="Scarabaeidae" kingdom="Animalia" order="Coleoptera" pageId="335" pageNumber="380" phylum="Arthropoda" rank="tribe" tribe="Sericini">Sericini</taxonomicName>
Asia spec.” (
<collectionCode box="[294,384,1801,1827]" country="0" httpUri="http://grbio.org/cool/1d5a-4efs" name="Natural History Museum Bucharest" pageId="335" pageNumber="336">NHMB</collectionCode>
)
</materialsCitation>
. 
<materialsCitation collectingDate="1932-02-24" collectionCode="ISNB" collectorName="Coll. R. I. Sc. N. B. Thailand &amp; Siam N. Xieng-Sen" country="Thailand" location="Thailand" pageId="335" pageNumber="336" specimenCount="1" specimenCount-male="1">
<emphasis bold="true" box="[403,521,1801,1827]" pageId="335" pageNumber="336">
<collectingCountry box="[403,516,1801,1827]" name="Thailand" pageId="335" pageNumber="336">Thailand</collectingCountry>
:
</emphasis>
<specimenCount box="[528,570,1801,1828]" pageId="335" pageNumber="336" type="male">1 ♂</specimenCount>
“ 
<collectorName box="[587,887,1801,1827]" pageId="335" pageNumber="336">Coll. R.I.Sc.N.B. Thailand</collectorName>
/ 
<collectorName box="[902,1121,1801,1828]" pageId="335" pageNumber="336">Siam N. Xieng-Sen</collectorName>
<date box="[1128,1245,1801,1827]" pageId="335" pageNumber="336" value="1932-02-24">
<collectingDate box="[1128,1245,1801,1827]" pageId="335" pageNumber="336" value="1932-02-24">24.II.1932</collectingDate>
</date>
Prince Leopold” (
<collectionCode box="[159,228,1837,1863]" pageId="335" pageNumber="336">ISNB</collectionCode>
)
</materialsCitation>
, 
<materialsCitation box="[248,975,1837,1864]" collectingDate="1985-05" collectionCode="ZFMK" collectorName="N. Koyama" country="Thailand" location="Thailand" pageId="335" pageNumber="336" specimenCount="1" specimenCount-male="1" stateProvince="Chiang Mai">
<specimenCount box="[248,290,1837,1864]" pageId="335" pageNumber="336" type="male">1 ♂</specimenCount>
“ 
<collectingRegion box="[306,442,1837,1863]" country="Thailand" name="Chiang Mai" pageId="335" pageNumber="336">Chiang Mai</collectingRegion>
N. 
<location LSID="urn:lsid:plazi:treatment:03BD87E66A2EFE95AF89FCC0FD103835:8ECB602B6A2EFE8AAEFDFF47FD993A0B" box="[483,583,1837,1863]" country="Thailand" name="Thailand" pageId="335" pageNumber="336" stateProvince="Chiang Mai">Thailand</location>
<date box="[589,671,1837,1864]" pageId="335" pageNumber="336" value="1985-05">
<collectingDate box="[589,671,1837,1864]" pageId="335" pageNumber="336" value="1985-05">V 1985</collectingDate>
</date>
<collectorName box="[678,808,1838,1864]" pageId="335" pageNumber="336">N. Koyama</collectorName>
leg.” (
<collectionCode box="[883,967,1837,1863]" country="Germany" httpUri="http://biocol.org/urn:lsid:biocol.org:col:34613" lsid="urn:lsid:biocol.org:col:34613" name="Zoologisches Forschungsmuseum Alexander Koenig" pageId="335" pageNumber="336" type="Museum">ZFMK</collectionCode>
)
</materialsCitation>
.
</paragraph>
</subSubSection>
<subSubSection lastPageId="336" lastPageNumber="337" pageId="335" pageNumber="336" type="description">
<paragraph blockId="335.[151,1437,1369,2007]" pageId="335" pageNumber="336">
<emphasis bold="true" box="[199,373,1873,1899]" pageId="335" pageNumber="336">Redescription.</emphasis>
Length: 
<quantity box="[472,560,1873,1900]" metricMagnitude="-3" metricUnit="m" metricValue="8.8" pageId="335" pageNumber="336" unit="mm" value="8.8">8.8 mm</quantity>
, length of elytra: 
<quantity box="[755,842,1873,1900]" metricMagnitude="-3" metricUnit="m" metricValue="6.4" pageId="335" pageNumber="336" unit="mm" value="6.4">6.4 mm</quantity>
, width: 
<quantity box="[931,1020,1873,1900]" metricMagnitude="-3" metricUnit="m" metricValue="5.8" pageId="335" pageNumber="336" unit="mm" value="5.8">5.8 mm</quantity>
. Body oval, dark brown, antenna yellowish, surface dull, labroclypeus shiny, except a few short setae on head and sides of elytra, glabrous.
</paragraph>
<paragraph blockId="335.[151,1437,1369,2007]" lastBlockId="336.[151,1437,151,1401]" lastPageId="336" lastPageNumber="337" pageId="335" pageNumber="336">
Labroclypeus wide and subtrapezoidal, widest at base, lateral margins weakly convex and strongly convergent anteriorly, anterior angles blunt; anterior margin weakly emarginate medially; margins moderately but angled and midpoint of median anterior emargination tooth-like reflexed; lateral margin and ocular canthus produce an indistinct angle; surface flat, coarsely, densely punctate, with a transverse row of erect setae behind anterior margin; frontoclypeal suture finely incised, angled medially; smooth area anterior to eye convex, three times as wide as long; ocular canthus short and narrow (1/3 of ocular diameter), finely densely punctate, terminal setae absent. Frons dull, with dense, fine punctures, with a few single short setae beside eyes. Eyes moderately large, ratio diameter/ interocular width: 0.69. Antenna with ten antennomeres; club with three antennomeres and straight, little longer than remaining antennomeres combined. 
<collectingRegion box="[614,709,367,393]" country="Myanmar" name="Chin" pageId="336" pageNumber="337">Mentum</collectingRegion>
elevated and slightly flattened anteriorly.
</paragraph>
<paragraph blockId="336.[151,1437,151,1401]" pageId="336" pageNumber="337">Pronotum trapezoidal, widest at base, lateral margins evenly convex, strongly convergent anteriorly, anterior angles distinctly produced and sharp, posterior angles moderately convex; anterior margin weakly convex, with fine complete marginal line, base without marginal line; surface finely and densely punctate, with minute setae in punctures; anterior and lateral margin finely sparsely setose; hypomeron carinate, not produced ventrally. Scutellum wide, triangular, with fine and dense punctures.</paragraph>
<paragraph blockId="336.[151,1437,151,1401]" pageId="336" pageNumber="337">Elytra convex, widest at posterior third, striae finely impressed, finely and densely punctate, intervals flat, with fine, moderately dense punctures, odd intervals with a few single short setae, otherwise with minute setae in punctures only; epipleural margin robust, ending at convex external apical angle of elytra, epipleura sparsely setose; apical border of elytra membraneous, with a fine rim of microtrichomes (visible at ca 100x magnification).</paragraph>
<paragraph blockId="336.[151,1437,151,1401]" pageId="336" pageNumber="337">Ventral surface dull, finely and densely punctate, with dense and fine, adpressed setae, metasternal disc sparsely covered with longer setae; metacoxa with a few longer setae laterally. Abdominal sternites finely and densely punctate, glabrous, each sternite with a transverse row of punctures each bearing a fine seta. Mesosternum between mesocoxae 1.5 times as wide as mesofemur. Ratio of length of metepisternum/metacoxa: 1/1.38. Pygidium weakly convex, dull, finely and densely punctate, without smooth midline, with a few setae along apical margin.</paragraph>
<paragraph blockId="336.[151,1437,151,1401]" pageId="336" pageNumber="337">Legs moderately short and wide; femora shiny, with two longitudinal rows of setae, finely and sparsely punctate. Anterior margin of metafemur acute, with adjacent continuously serrated line; posterior ventral margin smooth, strongly widened at apex, dorsal posterior margin smooth, neither serrate, finely setose. Metatibia long and moderately wide, widest at middle, ratio of width/length: 1/2.2, sharply carinate dorsally, with two groups of spines, basal group at middle, apical group at three quarters of metatibial length, in basal half a few short single spines; lateral face longitudinally convex, finely densely punctate on sides, impunctate along midline, punctures with minute setae; ventral margin finely serrate, with six robust equidistant setae; medial face smooth and glabrous; apex finely serrate, shallowly emarginate interiorly near tarsal articulation. Tarsomeres dorsally impunctate, glabrous, neither laterally nor dorsally carinate, moderately setose ventrally; metatarsomeres glabrous and with a strongly serrated ridge ventrally and a smooth subventral longitudinal carina; first metatarsomere slightly longer than following tarsomere and as long as dorsal tibial spur. Protibia moderately long, bidentate; anterior claws symmetrical, basal tooth of both claws bluntly truncate at apex.</paragraph>
<paragraph blockId="336.[151,1437,151,1401]" box="[199,678,1339,1365]" pageId="336" pageNumber="337">
Aedeagus: 
<figureCitation box="[324,404,1339,1365]" captionStart="FIGURE 80" captionStartId="334.[151,250,1473,1497]" captionTargetBox="[162,1422,196,1438]" captionTargetId="figure-19@334.[151,1435,181,1449]" captionTargetPageId="334" captionText="FIGURE 80. A–D: Maladera tibialis (Brenske, 1898) (Cambodia: Tuoi Kruos); E–H: M. rotunda (Arrow, 1946) (China: Yunnan: Jinggu). A, E: aedeagus, left side lateral view; C, G: aedeagus, right side lateral view; B, F: parameres, dorsal view; D, H: habitus. Scale: 0.5 mm. Habitus not to scale." figureDoi="http://doi.org/10.5281/zenodo.4496530" httpUri="https://zenodo.org/record/4496530/files/figure.png" pageId="336" pageNumber="337">Fig. 80</figureCitation>
E–G. Habitus: 
<figureCitation box="[571,674,1339,1365]" captionStart="FIGURE 80" captionStartId="334.[151,250,1473,1497]" captionTargetBox="[162,1422,196,1438]" captionTargetId="figure-19@334.[151,1435,181,1449]" captionTargetPageId="334" captionText="FIGURE 80. A–D: Maladera tibialis (Brenske, 1898) (Cambodia: Tuoi Kruos); E–H: M. rotunda (Arrow, 1946) (China: Yunnan: Jinggu). A, E: aedeagus, left side lateral view; C, G: aedeagus, right side lateral view; B, F: parameres, dorsal view; D, H: habitus. Scale: 0.5 mm. Habitus not to scale." figureDoi="http://doi.org/10.5281/zenodo.4496530" httpUri="https://zenodo.org/record/4496530/files/figure.png" pageId="336" pageNumber="337">Fig. 80H</figureCitation>
.
</paragraph>
</subSubSection>
<subSubSection box="[199,718,1374,1401]" pageId="336" pageNumber="337" type="distribution">
<paragraph blockId="336.[151,1437,151,1401]" box="[199,718,1374,1401]" pageId="336" pageNumber="337">
<emphasis bold="true" box="[199,353,1374,1400]" pageId="336" pageNumber="337">Distribution.</emphasis>
See map (
<figureCitation box="[470,566,1375,1401]" captionStart="FIGURE 130" captionStartId="366.[151,250,1942,1966]" captionTargetBox="[232,1356,1126,1912]" captionTargetId="figure-64@366.[226,1362,1122,1918]" captionTargetPageId="366" captionText="FIGURE 130. Distribution of Maladera species with uncertain systematic status: Maladera panyuensis sp. n., M. parva (Moser, 1908), Maladera punctulata (Frey, 1972), M. rotunda (Arrow, 1946), M. tibialis (Brenske, 1898), M. trifidiforceps sp. n., M. wandingana sp. n." figureDoi="http://doi.org/10.5281/zenodo.4496670" httpUri="https://zenodo.org/record/4496670/files/figure.png" pageId="336" pageNumber="337">Fig. 130</figureCitation>
) and 
<tableCitation box="[628,712,1375,1401]" captionStart="TABLE 1" captionStartId="368.[151,239,544,570]" captionText="TABLE 1. Overview on the distribuition of the Chinese mainland species of Maladera Mulsant &amp; Rey, 1871 (x – records from material examined herein, o – records from literature, with no material of this study)." pageId="336" pageNumber="337">Table 1</tableCitation>
.
</paragraph>
</subSubSection>
</treatment>
</document>