<document ID-DOI="http://doi.org/10.5281/zenodo.4534583" ID-GBIF-Dataset="188411de-569c-4408-a016-1a04b858c142" ID-ISSN="1175-5326" ID-Zenodo-Dep="4534583" ID-ZooBank="D7F9C6A3-9C28-4F4C-8E81-BF24849FDD8C" _generate="added" approvalRequired="33" approvalRequired_for_illustrations="17" approvalRequired_for_treatments="16" checkinTime="1612331093960" checkinUser="plazi" docAuthor="Fabrizi, Silvia, Liu, Wan-Gang, Bai, Ming, Yang, Xing-Ke &amp; Ahrens, Dirk" docDate="2021" docId="03BD87E66BEBFF49AF89FB29FD103835" docLanguage="en" docName="zootaxa.4922.1.1.pdf" docOrigin="Zootaxa 4922 (1)" docStyle="DocumentStyle:5EBBA59367AD13919D70D935FA04F6A3.7:Zootaxa.2013-.monograph" docStyleId="5EBBA59367AD13919D70D935FA04F6A3" docStyleName="Zootaxa.2013-.monograph" docStyleVersion="7" docTitle="Autoserica straminea Moser 1915" docType="treatment" docVersion="6" lastPageId="140" lastPageNumber="141" masterDocId="FF84FF9E6B61FFC5AF1EF86AFFDE3D4C" masterDocTitle="A monograph of the genus Maladera Mulsant &amp; Rey, 1871 of China (Coleoptera: Scarabaeidae: Melolonthinae: Sericini)" masterLastPageNumber="400" masterPageNumber="1" pageId="138" pageNumber="139" updateTime="1615983897969" updateUser="diego">
<mods:mods xmlns:mods="http://www.loc.gov/mods/v3">
<mods:titleInfo>
<mods:title>A monograph of the genus Maladera Mulsant &amp; Rey, 1871 of China (Coleoptera: Scarabaeidae: Melolonthinae: Sericini)</mods:title>
</mods:titleInfo>
<mods:name type="personal">
<mods:role>
<mods:roleTerm>Author</mods:roleTerm>
</mods:role>
<mods:namePart>Fabrizi, Silvia</mods:namePart>
<mods:nameIdentifier type="ORCID">0000-0003-3524-7153</mods:nameIdentifier>
<mods:nameIdentifier type="email">ahrens.dirk_col@gmx.de</mods:nameIdentifier>
</mods:name>
<mods:name type="personal">
<mods:role>
<mods:roleTerm>Author</mods:roleTerm>
</mods:role>
<mods:namePart>Liu, Wan-Gang</mods:namePart>
<mods:nameIdentifier type="ORCID">0000-0003-4788-7967</mods:nameIdentifier>
<mods:nameIdentifier type="email">liuwangang@ieecas.cn</mods:nameIdentifier>
</mods:name>
<mods:name type="personal">
<mods:role>
<mods:roleTerm>Author</mods:roleTerm>
</mods:role>
<mods:namePart>Bai, Ming</mods:namePart>
<mods:nameIdentifier type="ORCID">0000-0003-3676-6828</mods:nameIdentifier>
<mods:nameIdentifier type="email">liuwangang@ieecas.cn</mods:nameIdentifier>
</mods:name>
<mods:name type="personal">
<mods:role>
<mods:roleTerm>Author</mods:roleTerm>
</mods:role>
<mods:namePart>Yang, Xing-Ke</mods:namePart>
<mods:nameIdentifier type="ORCID">0000-0003-3676-6828</mods:nameIdentifier>
<mods:nameIdentifier type="email">liuwangang@ieecas.cn</mods:nameIdentifier>
</mods:name>
<mods:name type="personal">
<mods:role>
<mods:roleTerm>Author</mods:roleTerm>
</mods:role>
<mods:namePart>Ahrens, Dirk</mods:namePart>
<mods:nameIdentifier type="ORCID">0000-0003-3524-7153</mods:nameIdentifier>
<mods:nameIdentifier type="email">ahrens.dirk_col@gmx.de</mods:nameIdentifier>
</mods:name>
<mods:typeOfResource>text</mods:typeOfResource>
<mods:relatedItem type="host">
<mods:titleInfo>
<mods:title>Zootaxa</mods:title>
</mods:titleInfo>
<mods:part>
<mods:date>2021</mods:date>
<mods:detail type="pubDate">
<mods:number>2021-02-03</mods:number>
</mods:detail>
<mods:detail type="volume">
<mods:number>4922</mods:number>
</mods:detail>
<mods:detail type="issue">
<mods:number>1</mods:number>
</mods:detail>
<mods:extent unit="page">
<mods:start>1</mods:start>
<mods:end>400</mods:end>
</mods:extent>
</mods:part>
</mods:relatedItem>
<mods:classification>journal article</mods:classification>
<mods:identifier type="DOI">https://doi.org/10.11646/zootaxa.4922.1.1</mods:identifier>
<mods:identifier type="GBIF-Dataset">188411de-569c-4408-a016-1a04b858c142</mods:identifier>
<mods:identifier type="ISSN">1175-5326</mods:identifier>
<mods:identifier type="Zenodo-Dep">4496316</mods:identifier>
<mods:identifier type="ZooBank">D7F9C6A3-9C28-4F4C-8E81-BF24849FDD8C</mods:identifier>
</mods:mods>
<treatment ID-DOI="http://doi.org/10.5281/zenodo.4534583" ID-Zenodo-Dep="4534583" LSID="urn:lsid:plazi:treatment:03BD87E66BEBFF49AF89FB29FD103835" httpUri="http://treatment.plazi.org/id/03BD87E66BEBFF49AF89FB29FD103835" lastPageId="140" lastPageNumber="141" pageId="138" pageNumber="139">
<subSubSection box="[151,615,834,861]" pageId="138" pageNumber="139" type="nomenclature">
<paragraph blockId="138.[151,743,834,897]" box="[151,615,834,861]" pageId="138" pageNumber="139">
<heading box="[151,615,834,861]" fontSize="11" level="2" pageId="138" pageNumber="139" reason="5">
<treatmentCitationGroup box="[151,615,834,861]" pageId="138" pageNumber="139">
<treatmentCitation author="Moser, J." box="[151,611,834,861]" page="156" pageId="138" pageNumber="139" year="1915">
<taxonomicName authority="Moser, 1915 c: 156" authorityName="Moser" authorityPageNumber="156" authorityYear="1915" box="[151,611,834,861]" class="Insecta" family="Melolonthidae" genus="Autoserica" kingdom="Animalia" order="Coleoptera" pageId="138" pageNumber="139" phylum="Arthropoda" rank="species" species="straminea">
<emphasis box="[151,392,835,861]" italics="true" pageId="138" pageNumber="139">Autoserica straminea</emphasis>
<bibRefCitation author="Moser, J." box="[398,611,834,861]" pageId="138" pageNumber="139" pagination="113 - 151" refId="ref334320" refString="Moser, J. (1915 c) Beitrag zur Kenntnis der Melolonthiden. VI. Deutsche Entomologische Zeitschrift, 1915, 113 - 151. https: // doi. org / 10.1002 / mmnd. 48019150204" type="journal article" year="1915">Moser, 1915c: 156</bibRefCitation>
</taxonomicName>
</treatmentCitation>
.
</treatmentCitationGroup>
</heading>
</paragraph>
</subSubSection>
<subSubSection box="[151,743,871,897]" pageId="138" pageNumber="139" type="reference_group">
<paragraph blockId="138.[151,743,834,897]" box="[151,743,871,897]" pageId="138" pageNumber="139">
<treatmentCitationGroup box="[151,743,871,897]" pageId="138" pageNumber="139">
<treatmentCitation author="Ahrens, D." box="[151,612,871,897]" page="238" pageId="138" pageNumber="139" year="2006">
<taxonomicName authority=": Ahrens 2006 b: 238" authorityName="Ahrens" authorityPageNumber="238" authorityYear="2006" box="[151,612,871,897]" class="Insecta" family="Melolonthidae" genus="Maladera" kingdom="Animalia" order="Coleoptera" pageId="138" pageNumber="139" phylum="Arthropoda" rank="species" species="straminea">
<emphasis box="[151,381,871,897]" italics="true" pageId="138" pageNumber="139">Maladera straminea</emphasis>
: 
<bibRefCitation author="Ahrens, D." box="[394,612,871,897]" pageId="138" pageNumber="139" refId="ref329946" refString="Ahrens, D. (2006 b) Sericinae. In: Lobl, I. &amp; Smetana, A. (Eds.), Catalogue of Palaearctic Coleoptera. Volume 3. Scarabaeoidea-Scirtoidea-Dascilloidea-Buprestoidea-Byrrhoidea. Apollo Books, Stenstrup, pp. 229 - 248." type="book" year="2006">Ahrens 2006b: 238</bibRefCitation>
</taxonomicName>
</treatmentCitation>
, 
<treatmentCitation author="Ahrens, D." box="[623,738,871,897]" page="24" pageId="138" pageNumber="139" year="2007">
<bibRefCitation author="Ahrens, D." box="[623,738,871,897]" pageId="138" pageNumber="139" pagination="1 - 51" refId="ref330155" refString="Ahrens, D. (2007 b) Taxonomic changes and an updated Catalogue of Palearctic Sericini (Coleoptera: Scarabaeidae: Melolonthinae). Zootaxa, 1504 (1), 1 - 51. https: // doi. org / 10.11646 / zootaxa. 1504.1.1" type="journal article" year="2007">2007b: 24</bibRefCitation>
</treatmentCitation>
.
</treatmentCitationGroup>
</paragraph>
</subSubSection>
<subSubSection pageId="138" pageNumber="139" type="materials_examined">
<paragraph blockId="138.[151,1437,942,2013]" pageId="138" pageNumber="139">
<emphasis bold="true" box="[151,449,942,969]" pageId="138" pageNumber="139">Type material examined.</emphasis>
<materialsCitation collectionCode="ZMHB" country="China" location="Kiukiang" pageId="138" pageNumber="139" specimenCount="1" specimenCount-male="1" typeStatus="syntype">
<typeStatus box="[456,552,943,969]" pageId="138" pageNumber="139">Syntype</typeStatus>
: 
<specimenCount box="[563,606,943,969]" pageId="138" pageNumber="139" type="male">1 ♂</specimenCount>
“ 
<location LSID="urn:lsid:plazi:treatment:03BD87E66BEBFF49AF89FB29FD103835:8ECB602B6BEBFF4FAD71FBC5FD043E85" box="[623,730,943,969]" country="China" name="Kiukiang" pageId="138" pageNumber="139">Kiukiang</location>
<collectingCountry box="[738,804,943,969]" name="China" pageId="138" pageNumber="139">China</collectingCountry>
/ 
<taxonomicName authorityName="Moser" authorityYear="1915" box="[821,1062,943,969]" class="Insecta" family="Melolonthidae" genus="Autoserica" kingdom="Animalia" order="Coleoptera" pageId="138" pageNumber="139" phylum="Arthropoda" rank="species" species="straminea">
<emphasis box="[821,1062,943,969]" italics="true" pageId="138" pageNumber="139">Autoserica straminea</emphasis>
</taxonomicName>
Type Mos./ 
<taxonomicName authority="(ZMHB)" authorityName="Moser" authorityYear="1915" baseAuthorityName="ZMHB" box="[1205,1317,943,968]" class="Insecta" family="Melolonthidae" genus="Autoserica" kingdom="Animalia" order="Coleoptera" pageId="138" pageNumber="139" phylum="Arthropoda" rank="species" species="straminea">
<emphasis box="[1205,1317,943,968]" italics="true" pageId="138" pageNumber="139">straminea</emphasis>
</taxonomicName>
” (
<collectionCode box="[1344,1428,943,969]" pageId="138" pageNumber="139">ZMHB</collectionCode>
) (head and prothorax missing in only available 
<typeStatus box="[671,763,979,1005]" pageId="138" pageNumber="139">syntype</typeStatus>
)
</materialsCitation>
.
</paragraph>
<paragraph blockId="138.[151,1437,942,2013]" pageId="138" pageNumber="139">
<emphasis bold="true" box="[199,646,1014,1040]" pageId="138" pageNumber="139">
Additional material examined. 
<collectingCountry box="[566,641,1014,1040]" name="China" pageId="138" pageNumber="139">China</collectingCountry>
.
</emphasis>
<specimenCount box="[651,704,1015,1041]" pageId="138" pageNumber="139" type="generic">4 ex.</specimenCount>
“ 
<collectingRegion box="[719,808,1015,1041]" country="China" name="Yunnan" pageId="138" pageNumber="139">Yunnan</collectingRegion>
<quantity box="[813,961,1014,1041]" metricMagnitude="3" metricUnit="m" metricValue="2.15" metricValueMax="2.5" metricValueMin="1.8" pageId="138" pageNumber="139" unit="m" value="2150.0" valueMax="2500.0" valueMin="1800.0">1800-2500 m</quantity>
<geoCoordinate box="[967,1050,1014,1041]" degrees="25.10" direction="north" orientation="latitude" pageId="138" pageNumber="139" precision="555" value="25.1">25.10N</geoCoordinate>
<geoCoordinate box="[1055,1150,1015,1041]" degrees="100.21" direction="east" orientation="longitude" pageId="138" pageNumber="139" precision="555" value="100.21">100.21E</geoCoordinate>
Weishan mts. 22.-25.6.92 David Kral lgt.” (
<collectionCode box="[347,390,1051,1077]" pageId="138" pageNumber="139">CK</collectionCode>
), 
<specimenCount box="[410,464,1051,1077]" pageId="138" pageNumber="139" type="generic">2 ex.</specimenCount>
“China: 
<collectingRegion box="[563,652,1051,1077]" country="China" name="Yunnan" pageId="138" pageNumber="139">Yunnan</collectingRegion>
; 
<quantity box="[663,815,1050,1077]" metricMagnitude="3" metricUnit="m" metricValue="2.15" metricValueMax="2.5" metricValueMin="1.8" pageId="138" pageNumber="139" unit="m" value="2150.0" valueMax="2500.0" valueMin="1800.0">1800-2500 m</quantity>
, 
<geoCoordinate box="[827,910,1050,1077]" degrees="25.10" direction="north" orientation="latitude" pageId="138" pageNumber="139" precision="555" value="25.1">25.10N</geoCoordinate>
<geoCoordinate box="[917,1011,1051,1077]" degrees="100.21" direction="east" orientation="longitude" pageId="138" pageNumber="139" precision="555" value="100.21">100.21E</geoCoordinate>
Weishan Mt. D. Král lgt.” (
<collectionCode box="[1320,1404,1051,1077]" country="Germany" httpUri="http://biocol.org/urn:lsid:biocol.org:col:34613" lsid="urn:lsid:biocol.org:col:34613" name="Zoologisches Forschungsmuseum Alexander Koenig" pageId="138" pageNumber="139" type="Museum">ZFMK</collectionCode>
), 
<specimenCount pageId="138" pageNumber="139" type="generic">1 ex.</specimenCount>
“ 
<collectingRegion box="[202,291,1087,1113]" country="China" name="Yunnan" pageId="138" pageNumber="139">Yunnan</collectingRegion>
<quantity box="[298,449,1087,1113]" metricMagnitude="3" metricUnit="m" metricValue="2.4" metricValueMax="2.8" metricValueMin="2.0" pageId="138" pageNumber="139" unit="m" value="2400.0" valueMax="2800.0" valueMin="2000.0">2000-2800 m</quantity>
<geoCoordinate box="[456,538,1086,1113]" degrees="25.11" direction="north" orientation="latitude" pageId="138" pageNumber="139" precision="555" value="25.11">25.11N</geoCoordinate>
<geoCoordinate box="[546,640,1087,1113]" degrees="100.24" direction="east" orientation="longitude" pageId="138" pageNumber="139" precision="555" value="100.24">100.24E</geoCoordinate>
Weibaoshan mts. W slope 25-28/6.92 Vit Kuban leg.” (
<collectionCode box="[1270,1313,1087,1113]" country="United Kingdom" name="Wellcome Collection of Bacteria, Burroughs Wellcome Research Laboratories" pageId="138" pageNumber="139">CN</collectionCode>
), 
<specimenCount box="[1334,1389,1087,1113]" pageId="138" pageNumber="139" type="generic">3 ex.</specimenCount>
(
<specimenCount box="[1407,1425,1087,1113]" pageId="138" pageNumber="139" type="female">♀</specimenCount>
) “ 
<collectingRegion box="[160,249,1123,1149]" country="China" name="Yunnan" pageId="138" pageNumber="139">Yunnan</collectingRegion>
<quantity box="[256,406,1122,1149]" metricMagnitude="3" metricUnit="m" metricValue="2.25" metricValueMax="2.5" metricValueMin="2.0" pageId="138" pageNumber="139" unit="m" value="2250.0" valueMax="2500.0" valueMin="2000.0">2000-2500 m</quantity>
<geoCoordinate box="[412,496,1122,1149]" degrees="25.42" direction="north" orientation="latitude" pageId="138" pageNumber="139" precision="555" value="25.42">25.42N</geoCoordinate>
<geoCoordinate box="[502,596,1123,1149]" degrees="100.08" direction="east" orientation="longitude" pageId="138" pageNumber="139" precision="555" value="100.08">100.08E</geoCoordinate>
Cangshan mts. E slope 21/6.92 Vit Kuban leg.” (
<collectionCode box="[1145,1188,1123,1149]" country="United Kingdom" name="Wellcome Collection of Bacteria, Burroughs Wellcome Research Laboratories" pageId="138" pageNumber="139">CN</collectionCode>
, 
<collectionCode box="[1199,1242,1123,1149]" country="USA" name="Chicago Academy of Sciences" pageId="138" pageNumber="139" type="Museum">CA</collectionCode>
), 
<specimenCount box="[1261,1303,1123,1149]" pageId="138" pageNumber="139" type="male">1 ♂</specimenCount>
“Luoxiang, Jinxiu, 
<collectingRegion box="[232,331,1159,1185]" country="China" name="Guangxi" pageId="138" pageNumber="139">Guangxi</collectingRegion>
, 
<date box="[342,459,1159,1185]" pageId="138" pageNumber="139" value="1999-05-23">
23.V. 
<quantity box="[400,459,1159,1185]" metricMagnitude="6" metricUnit="m" metricValue="1.9992" pageId="138" pageNumber="139" unit="m" value="1999200.0">1999</quantity>
</date>
, 200m, leg. Zhang Xuezhong“ (
<collectionCode box="[812,879,1159,1185]" country="0" httpUri="http://grbio.org/cool/043p-ts4f" name="Institut Zoologii Akademii Nauk Ukraini - Institute of Zoology of the Academy of Sciences of Ukraine" pageId="138" pageNumber="139">IZAS</collectionCode>
), 
<specimenCount box="[897,938,1159,1185]" pageId="138" pageNumber="139" type="male">1 ♂</specimenCount>
“China, SE—Yunnan 
<quantity box="[1188,1334,1159,1185]" metricMagnitude="3" metricUnit="m" metricValue="1.45" metricValueMax="1.6" metricValueMin="1.3" pageId="138" pageNumber="139" unit="m" value="1450.0" valueMax="1600.0" valueMin="1300.0">1300-1600m</quantity>
, Maguan Wenshan karst region 23°11-15‘/ 104°18-25‘/ 18.-19.5.95 L.+R. Businsky lgt.“ (
<collectionCode box="[1042,1081,1195,1221]" pageId="138" pageNumber="139">CP</collectionCode>
). 
<emphasis bold="true" box="[1099,1208,1194,1220]" pageId="138" pageNumber="139">
<collectingCountry box="[1099,1203,1194,1220]" name="Vietnam" pageId="138" pageNumber="139">Vietnam</collectingCountry>
.
</emphasis>
<specimenCount box="[1214,1254,1195,1221]" pageId="138" pageNumber="139" type="male">1 ♂</specimenCount>
“Vietnam N (Sa Pa) 
<collectingRegion box="[196,356,1231,1257]" country="Vietnam" name="Lao Cai" pageId="138" pageNumber="139">Lao Cai Prov.</collectingRegion>
, 
<quantity box="[368,454,1230,1257]" metricMagnitude="5" metricUnit="m" metricValue="2.5" pageId="138" pageNumber="139" unit="km" value="250.0">250 km</quantity>
from 
<collectingRegion box="[524,592,1231,1257]" country="Vietnam" name="Ha Noi" pageId="138" pageNumber="139">Hanoi</collectingRegion>
bearing 31° Sa Pa vill. env. Hoang Lien Son Nat. Res., 9.- 
<date box="[1254,1372,1230,1257]" pageId="138" pageNumber="139" value="1998-06-15">15.6.1998</date>
<quantity metricMagnitude="3" metricUnit="m" metricValue="1.25" pageId="138" pageNumber="139" unit="m" value="1250.0">1250 m</quantity>
leg. A. Napolov“ (
<collectionCode box="[388,452,1267,1293]" pageId="138" pageNumber="139">CNA</collectionCode>
), 
<specimenCount box="[472,515,1267,1293]" pageId="138" pageNumber="139" type="male">1 ♂</specimenCount>
“Vietnam N 1990 Sa-Pa 
<date box="[803,974,1266,1293]" pageId="138" pageNumber="139" value="2500-06-11" valueMax="2500-06-19" valueMin="2500-06-11">
11-19.VI. 
<quantity box="[918,974,1266,1293]" metricMagnitude="3" metricUnit="m" metricValue="2.5" pageId="138" pageNumber="139" unit="m" value="2500.0">2500</quantity>
</date>
m Hoang Lien Son prov. Strnad Jan lgt.” (
<collectionCode box="[160,199,1303,1329]" pageId="138" pageNumber="139">CP</collectionCode>
), 
<specimenCount box="[218,273,1303,1329]" pageId="138" pageNumber="139" type="generic">1 ex.</specimenCount>
“Vietnam-N (Ben En) 
<quantity box="[532,617,1303,1329]" metricMagnitude="5" metricUnit="m" metricValue="1.8" pageId="138" pageNumber="139" unit="km" value="180.0">180 km</quantity>
SSW 
<collectingRegion box="[688,759,1303,1329]" country="Vietnam" name="Ha Noi" pageId="138" pageNumber="139">Hanoi</collectingRegion>
, 
<quantity box="[770,841,1303,1329]" metricMagnitude="4" metricUnit="m" metricValue="4.0" pageId="138" pageNumber="139" unit="km" value="40.0">40 km</quantity>
SW Than Hoa, Ben En Nat. Park 23.7.- 
<date box="[1284,1401,1303,1329]" pageId="138" pageNumber="139" value="1997-08-20">20.8.1997</date>
<quantity metricMagnitude="1" metricUnit="m" metricValue="5.0" pageId="138" pageNumber="139" unit="m" value="50.0">50 m</quantity>
lg. A. Napolov“ (
<collectionCode box="[367,451,1339,1365]" country="Germany" httpUri="http://biocol.org/urn:lsid:biocol.org:col:34613" lsid="urn:lsid:biocol.org:col:34613" name="Zoologisches Forschungsmuseum Alexander Koenig" pageId="138" pageNumber="139" type="Museum">ZFMK</collectionCode>
), 
<specimenCount box="[468,521,1339,1365]" pageId="138" pageNumber="139" type="generic">1 ex.</specimenCount>
“Vietnam N (Sa Pa) 
<collectingRegion box="[751,906,1339,1365]" country="Vietnam" name="Lao Cai" pageId="138" pageNumber="139">Lao Cai Prov.</collectingRegion>
, 
<quantity box="[916,999,1338,1365]" metricMagnitude="5" metricUnit="m" metricValue="2.5" pageId="138" pageNumber="139" unit="km" value="250.0">250 km</quantity>
from 
<collectingRegion box="[1065,1133,1339,1365]" country="Vietnam" name="Ha Noi" pageId="138" pageNumber="139">Hanoi</collectingRegion>
bearing 31° Sa Pa vill. env. Hoang Lien Son Nat. Res., 21.- 
<date box="[491,610,1375,1401]" pageId="138" pageNumber="139" value="1998-06-23">23.6.1998</date>
<quantity box="[617,701,1374,1401]" metricMagnitude="3" metricUnit="m" metricValue="1.25" pageId="138" pageNumber="139" unit="m" value="1250.0">1250 m</quantity>
leg. A. Napolov“ (
<collectionCode box="[908,972,1375,1401]" pageId="138" pageNumber="139">CNA</collectionCode>
), 
<specimenCount box="[991,1045,1375,1401]" pageId="138" pageNumber="139" type="generic">3 ex.</specimenCount>
“Vietnam N (Sa Pa) 
<collectingRegion box="[1277,1432,1375,1401]" country="Vietnam" name="Lao Cai" pageId="138" pageNumber="139">Lao Cai Prov.</collectingRegion>
, 
<quantity box="[151,236,1410,1437]" metricMagnitude="5" metricUnit="m" metricValue="2.5" pageId="138" pageNumber="139" unit="km" value="250.0">250 km</quantity>
from 
<collectingRegion box="[303,371,1411,1437]" country="Vietnam" name="Ha Noi" pageId="138" pageNumber="139">Hanoi</collectingRegion>
bearing 31° Sa Pa vill. env. Hoang Lien Son Nat. Res., 16.- 
<date box="[1030,1149,1411,1437]" pageId="138" pageNumber="139" value="1998-06-20">20.6.1998</date>
<quantity box="[1156,1241,1410,1437]" metricMagnitude="3" metricUnit="m" metricValue="1.25" pageId="138" pageNumber="139" unit="m" value="1250.0">1250 m</quantity>
leg. A. Napolov“ (
<collectionCode box="[159,223,1447,1473]" pageId="138" pageNumber="139">CNA</collectionCode>
), 
<specimenCount box="[243,299,1447,1473]" pageId="138" pageNumber="139" type="generic">1 ex.</specimenCount>
“Vietnam N (Sa Pa) 
<collectingRegion box="[538,696,1447,1473]" country="Vietnam" name="Lao Cai" pageId="138" pageNumber="139">Lao Cai Prov.</collectingRegion>
, 
<quantity box="[707,793,1446,1473]" metricMagnitude="5" metricUnit="m" metricValue="2.5" pageId="138" pageNumber="139" unit="km" value="250.0">250 km</quantity>
from 
<collectingRegion box="[862,930,1447,1473]" country="Vietnam" name="Ha Noi" pageId="138" pageNumber="139">Hanoi</collectingRegion>
bearing 31° Sa Pa vill. env. Hoang Lien Son Nat. Res., 
<date box="[266,462,1482,1509]" pageId="138" pageNumber="139" value="1995-05-27" valueMax="1995-06-15" valueMin="1995-05-27">27.V.-15.VI.1995</date>
<quantity box="[467,551,1482,1509]" metricMagnitude="3" metricUnit="m" metricValue="1.25" pageId="138" pageNumber="139" unit="m" value="1250.0">1250 m</quantity>
leg. A. Napolov“ (
<collectionCode box="[757,821,1483,1509]" pageId="138" pageNumber="139">CNA</collectionCode>
), 
<specimenCount box="[840,893,1483,1509]" pageId="138" pageNumber="139" type="generic">2 ex.</specimenCount>
“Vietnam-N (Na Hang) 
<quantity box="[1165,1248,1483,1509]" metricMagnitude="5" metricUnit="m" metricValue="1.6" pageId="138" pageNumber="139" unit="km" value="160.0">160 km</quantity>
NW 
<collectingRegion box="[1306,1389,1483,1509]" country="Vietnam" name="Ha Noi" pageId="138" pageNumber="139">Ha Noi</collectingRegion>
, NE env. of Na Hang 3.6.- 
<date box="[386,503,1519,1545]" pageId="138" pageNumber="139" value="1996-06-14">14.6.1996</date>
<quantity box="[509,631,1518,1545]" metricMagnitude="2" metricUnit="m" metricValue="1.75" metricValueMax="2.0" metricValueMin="1.5" pageId="138" pageNumber="139" unit="m" value="175.0" valueMax="200.0" valueMin="150.0">150-200 m</quantity>
lg. A. Napolov &amp; I. Roma“ (
<collectionCode box="[952,1016,1519,1545]" pageId="138" pageNumber="139">CNA</collectionCode>
), 
<specimenCount box="[1036,1090,1519,1545]" pageId="138" pageNumber="139" type="generic">6 ex.</specimenCount>
“N-Vietnam, 
<collectingRegion box="[1246,1432,1519,1545]" country="Vietnam" name="Bac Giang" pageId="138" pageNumber="139">Bac Giang Prov.</collectingRegion>
, Tay Yen Tu Nat. Res., Thanh So‘n, N 
<geoCoordinate box="[570,725,1555,1581]" degrees="21" direction="east" minutes="12.812" orientation="longitude" pageId="138" pageNumber="139" precision="1" value="21.213533">21° 12.812‘ E</geoCoordinate>
106° 45.846‘, 
<quantity box="[884,934,1555,1581]" metricMagnitude="1" metricUnit="m" metricValue="8.6" pageId="138" pageNumber="139" unit="m" value="86.0">86m</quantity>
18.5.-21.5.5.2015, leg. A. Skale“ (
<collectionCode box="[1323,1403,1555,1581]" pageId="138" pageNumber="139">CASH</collectionCode>
), 
<specimenCount pageId="138" pageNumber="139" type="generic">2 ex.</specimenCount>
“N. Vietnam 
<collectingRegion box="[342,510,1591,1617]" country="Vietnam" name="Bac Kan" pageId="138" pageNumber="139">Bac Kan Prov.</collectingRegion>
, Ba Bè NP (entry), 
<date box="[734,896,1591,1617]" pageId="138" pageNumber="139" value="2014-05-16" valueMax="2014-05-20" valueMin="2014-05-16">16.-20.V.2014</date>
, 
<geoCoordinate box="[908,1052,1590,1617]" degrees="22" direction="north" minutes="25" orientation="latitude" pageId="138" pageNumber="139" precision="15" seconds="07" value="22.41861">22°25‘07‘‘N</geoCoordinate>
, 
<geoCoordinate box="[1064,1218,1590,1617]" degrees="105" direction="east" minutes="38" orientation="longitude" pageId="138" pageNumber="139" precision="15" seconds="09" value="105.63583">105°38‘09‘‘E</geoCoordinate>
, 
<quantity box="[1231,1349,1591,1617]" metricMagnitude="2" metricUnit="m" metricValue="1.9" metricValueMax="2.0" metricValueMin="1.8" pageId="138" pageNumber="139" unit="m" value="190.0" valueMax="200.0" valueMin="180.0">180-200m</quantity>
, leg. A. Skale “ (
<collectionCode box="[244,324,1627,1653]" pageId="138" pageNumber="139">CASH</collectionCode>
), 
<specimenCount box="[341,394,1627,1653]" pageId="138" pageNumber="139" type="generic">2 ex.</specimenCount>
“N-Vietnam 
<collectingRegion box="[540,715,1627,1653]" country="Vietnam" name="Cao Bang" pageId="138" pageNumber="139">Cao Bang Prov.</collectingRegion>
, vic. Vin Den, Nui Pia Oac Nat. Res. 
<date box="[1117,1279,1627,1653]" pageId="138" pageNumber="139" value="2013-05-06" valueMax="2013-05-10" valueMin="2013-05-06">06.-10.V.2013</date>
, 
<geoCoordinate box="[1288,1431,1626,1653]" degrees="22" direction="north" minutes="33" orientation="latitude" pageId="138" pageNumber="139" precision="15" seconds="53" value="22.564722">22°33‘53‘‘N</geoCoordinate>
, 
<geoCoordinate box="[151,304,1662,1689]" degrees="105" direction="east" minutes="52" orientation="longitude" pageId="138" pageNumber="139" precision="15" seconds="53" value="105.88139">105°52‘53‘‘E</geoCoordinate>
<quantity box="[310,440,1663,1689]" metricMagnitude="3" metricUnit="m" metricValue="1.1" metricValueMax="1.3" metricValueMin="0.9" pageId="138" pageNumber="139" unit="m" value="1100.0" valueMax="1300.0" valueMin="900.0">900-1300m</quantity>
A. Skale“ (
<collectionCode box="[569,649,1663,1689]" pageId="138" pageNumber="139">CASH</collectionCode>
), 
<specimenCount box="[669,723,1663,1689]" pageId="138" pageNumber="139" type="generic">1 ex.</specimenCount>
(
<specimenCount box="[741,759,1663,1689]" pageId="138" pageNumber="139" type="female">♀</specimenCount>
) “N-Vietnam 
<collectingRegion box="[921,1100,1663,1689]" country="Vietnam" name="Cao Bang" pageId="138" pageNumber="139">Cao Bang Prov.</collectingRegion>
, vic Tinh Tuc, Son Dong, Nui Pia Oac Nature Reserve, 
<date box="[441,586,1698,1725]" pageId="138" pageNumber="139" value="2014-05-09" valueMax="2014-05-15" valueMin="2014-05-09">9.-15.V.2014</date>
<geoCoordinate box="[595,739,1698,1725]" degrees="22" direction="north" minutes="37" orientation="latitude" pageId="138" pageNumber="139" precision="15" seconds="55" value="22.631945">22°37‘55‘‘N</geoCoordinate>
, 105°52‘98‘‘E 
<quantity box="[913,1043,1698,1725]" metricMagnitude="3" metricUnit="m" metricValue="1.075" metricValueMax="1.3" metricValueMin="0.85" pageId="138" pageNumber="139" unit="m" value="1075.0" valueMax="1300.0" valueMin="850.0">850-1300m</quantity>
leg. A. Skale“ (
<collectionCode box="[1228,1308,1699,1725]" pageId="138" pageNumber="139">CASH</collectionCode>
), 
<specimenCount box="[1329,1386,1699,1725]" pageId="138" pageNumber="139" type="generic">1 ex.</specimenCount>
“N-Vietnam, P: 
<collectingRegion box="[294,446,1735,1761]" country="Vietnam" name="Thai Nguyen" pageId="138" pageNumber="139">Thai Nguyen</collectingRegion>
, vic. Ngoc Than, Me Linh (IEBR station), 
<date box="[944,1061,1735,1761]" pageId="138" pageNumber="139" value="2017-05-13">13.V.2017</date>
, 
<geoCoordinate box="[1075,1204,1735,1761]" degrees="21" direction="north" minutes="23" orientation="latitude" pageId="138" pageNumber="139" precision="15" seconds="3" value="21.384167">21°23‘3‘‘N</geoCoordinate>
, 
<geoCoordinate box="[1218,1373,1734,1761]" degrees="105" direction="east" minutes="42" orientation="longitude" pageId="138" pageNumber="139" precision="15" seconds="44" value="105.71222">105°42‘44‘‘E</geoCoordinate>
, 
<quantity box="[1386,1437,1734,1761]" metricMagnitude="1" metricUnit="m" metricValue="6.5" pageId="138" pageNumber="139" unit="m" value="65.0">65m</quantity>
NN, leg. A. Weigel, LFF“ (
<collectionCode box="[454,522,1771,1797]" country="Germany" httpUri="http://grbio.org/cool/87iw-xebj" name="Sammlung des Naturkundemseum Erfurt" pageId="138" pageNumber="139">NME</collectionCode>
).
</paragraph>
</subSubSection>
<subSubSection lastPageId="140" lastPageNumber="141" pageId="138" pageNumber="139" type="description">
<paragraph blockId="138.[151,1437,942,2013]" pageId="138" pageNumber="139">
<emphasis bold="true" box="[199,373,1806,1832]" pageId="138" pageNumber="139">Redescription.</emphasis>
Length: 
<quantity box="[476,565,1807,1833]" metricMagnitude="-3" metricUnit="m" metricValue="8.1" pageId="138" pageNumber="139" unit="mm" value="8.1">8.1 mm</quantity>
, length of elytra: 
<quantity box="[767,856,1807,1833]" metricMagnitude="-3" metricUnit="m" metricValue="6.4" pageId="138" pageNumber="139" unit="mm" value="6.4">6.4 mm</quantity>
, width: 5.0 mm. Body oblong-oval, dark yellowish brown, dull, labroclypeus shiny, dorsal face nearly glabrous, only with a few erect long setae on pronotum, head and elytra.
</paragraph>
<paragraph blockId="138.[151,1437,942,2013]" lastBlockId="140.[151,1437,151,1401]" lastPageId="140" lastPageNumber="141" pageId="138" pageNumber="139">
Labroclypeus wide and subtrapezoidal, widest at base, lateral margins weakly convex and convergent anteriorly, anterior angles moderately rounded, anterior margin shallowly emarginate and distinctly reflexed medially, margins moderately reflexed; lateral margin and ocular canthus produce an indistinct angle; surface convexly elevated along middle, finely, densely punctate, with a few erect, long setae; frontoclypeal suture distinctly incised, bluntly angled medially; smooth area anterior to eye very small and flat, 3 times as wide as long; ocular canthus short and wide (1/3 of ocular diameter), finely densely punctate, with a terminal seta. Frons dull, with very sparse and superficial punctures, with a few single setae beside eyes and behind frontoclypeal suture. Eyes moderately large, ratio diameter/ interocular width: 0.58. Antenna with ten antennomeres; club with three antennomeres and straight, as long as remaining antennomeres combined. 
<collectingRegion box="[559,654,331,357]" country="Myanmar" name="Chin" pageId="140" pageNumber="141">Mentum</collectingRegion>
elevated and slightly flattened anteriorly.
</paragraph>
<caption ID-DOI="http://doi.org/10.5281/zenodo.4496384" ID-Zenodo-Dep="4496384" httpUri="https://zenodo.org/record/4496384/files/figure.png" pageId="139" pageNumber="140" startId="139.[151,249,1943,1967]" targetBox="[212,1372,181,1906]" targetPageId="139">
<paragraph blockId="139.[151,1436,1943,2040]" pageId="139" pageNumber="140">
<emphasis bold="true" box="[151,350,1943,1968]" pageId="139" pageNumber="140">FIGURE 30. A–D:</emphasis>
<taxonomicName authority="(Moser, 1915)" baseAuthorityName="Moser" baseAuthorityYear="1915" box="[357,711,1943,1968]" class="Insecta" family="Melolonthidae" genus="Maladera" kingdom="Animalia" order="Coleoptera" pageId="139" pageNumber="140" phylum="Arthropoda" rank="species" species="straminea">
<emphasis box="[357,562,1944,1968]" italics="true" pageId="139" pageNumber="140">Maladera straminea</emphasis>
(Moser, 1915)
</taxonomicName>
(China: Guangxi: Luoxiang); 
<emphasis bold="true" box="[1018,1075,1944,1968]" pageId="139" pageNumber="140">E–H:</emphasis>
<taxonomicName authority="Nomura, 1974" authorityName="Nomura" authorityYear="1974" box="[1082,1367,1944,1968]" class="Insecta" family="Melolonthidae" genus="Maladera" kingdom="Animalia" order="Coleoptera" pageId="139" pageNumber="140" phylum="Arthropoda" rank="species" species="botrytibia">
<emphasis box="[1082,1215,1944,1968]" italics="true" pageId="139" pageNumber="140">M. botrytibia</emphasis>
<bibRefCitation author="Nomura, S." box="[1222,1367,1944,1968]" pageId="139" pageNumber="140" pagination="81 - 115" refId="ref335003" refString="Nomura, S. (1974) On the Sericini of Taiwan. Toho-Gakuho, 24, 81 - 115." type="journal article" year="1974">Nomura, 1974</bibRefCitation>
</taxonomicName>
(Thailand: Mae Hong Son); 
<emphasis bold="true" box="[377,424,1980,2004]" pageId="139" pageNumber="140">I–L:</emphasis>
<taxonomicName authority="(Fairmaire, 1887)" authorityName="Fabrizi &amp; Liu &amp; Bai &amp; Yang &amp; Ahrens" authorityYear="2021" baseAuthorityName="Fairmaire" baseAuthorityYear="1887" box="[430,761,1980,2004]" class="Insecta" family="Melolonthidae" genus="Maladera" kingdom="Animalia" order="Coleoptera" pageId="139" pageNumber="140" phylum="Arthropoda" rank="species" species="subtruncata">
<emphasis box="[430,582,1980,2004]" italics="true" pageId="139" pageNumber="140">M. subtruncata</emphasis>
(
<bibRefCitation author="Fairmaire, M. L." box="[594,755,1980,2004]" pageId="139" pageNumber="140" pagination="87 - 136" refId="ref332020" refString="Fairmaire, M. L. (1887) Coleopteres de l'Interieur de la Chine. Annales de la Societe Entomologique de Belgique, 31, 87 - 136." type="journal article" year="1887">Fairmaire, 1887</bibRefCitation>
)
</taxonomicName>
(China: Yunnan: Nabanhe). 
<emphasis bold="true" box="[1044,1120,1979,2004]" pageId="139" pageNumber="140">A, E, I:</emphasis>
aedeagus, left side lateral view; 
<emphasis bold="true" box="[151,240,2015,2040]" pageId="139" pageNumber="140">C, G, K:</emphasis>
aedeagus, right side lateral view; 
<emphasis bold="true" box="[577,651,2016,2040]" pageId="139" pageNumber="140">B, F, J:</emphasis>
parameres, dorsal view; 
<emphasis bold="true" box="[899,985,2016,2040]" pageId="139" pageNumber="140">D, H, L:</emphasis>
habitus. Scale: 0.5 mm. Habitus not to scale.
</paragraph>
</caption>
<paragraph blockId="140.[151,1437,151,1401]" pageId="140" pageNumber="141">Pronotum moderately transverse, widest at middle, lateral margins evenly convex and convergent towards angles, anterior angles moderately produced and blunt, posterior angles blunt, rounded at tip; anterior margin straight, with fine marginal line, base without marginal line; surface moderately finely and densely punctate, with minute setae in punctures and a very few long setae on lateral disc; anterior and lateral margin finely setose; hypomeron carinate, not produced ventrally. Scutellum wide, triangular, with fine, sparse punctures.</paragraph>
<paragraph blockId="140.[151,1437,151,1401]" pageId="140" pageNumber="141">Elytra widest in posterior third, striae finely impressed, finely and densely punctate, intervals flat, with fine, sparse punctures and with minute setae in punctures, odd intervals with a very few long single setae (often abraded); epipleural margin fine, ending behind middle of elytra, epipleura sparsely setose; apical border of elytra membraneous, with a very fine rim of microtrichomes (visible at ca 100x magnification).</paragraph>
<paragraph blockId="140.[151,1437,151,1401]" pageId="140" pageNumber="141">Ventral surface dull, finely and densely punctate, nearly glabrous, metasternal disc sparsely covered with fine, short setae; metacoxa with a few longer setae laterally. Abdominal sternites finely and densely punctate, punctures with minute setae, each sternite with a transverse row of punctures each bearing a fine seta. Mesosternum between mesocoxae as wide as mesofemur. Ratio of length of metepisternum/metacoxa: 1/2.0. Pygidium moderately convex, dull, coarsely and moderately densely punctate, without smooth midline, with a few long setae beside apical margin.</paragraph>
<paragraph blockId="140.[151,1437,151,1401]" pageId="140" pageNumber="141">Legs short and wide, dull; femora with two longitudinal rows of setae, finely and sparsely punctate. Anterior margin of metafemur acute, without adjacent serrated line, anterior row of setae completely reduced; posterior ventral margin smooth, moderately widened at ventral apex, dorsal posterior margin smooth, neither serrate, glabrous. Metatibia short and wide, widest at middle, ratio of width/length: 1/2.3, sharply carinate dorsally, with two groups of spines, basal group at middle, apical group at three quarters of metatibial length, in basal half with a few short and robust single setae; lateral face longitudinally convex, superficially and sparsely punctate, along midline widely smooth, glabrous; ventral margin finely serrate, with four equidistant robust setae; medial face smooth and glabrous; apex finely serrate, shallowly emarginate interiorly near tarsal articulation. Tarsomeres dorsally impunctate, glabrous, neither laterally nor dorsally carinate, moderately setose ventrally; metatarsomeres with a strongly serrated ridge ventrally and a smooth subventral longitudinal carina, glabrous; first metatarsomere distinctly shorter than following two tarsomeres combined and slightly longer than dorsal tibial spur. Protibia moderately long, bidentate; anterior claws symmetrical, basal tooth of both claws bluntly truncate at apex.</paragraph>
<paragraph blockId="140.[151,1437,151,1401]" box="[199,680,1339,1365]" pageId="140" pageNumber="141">
Aedeagus: 
<figureCitation box="[324,404,1339,1365]" captionStart="FIGURE 30" captionStartId="139.[151,249,1943,1967]" captionTargetBox="[212,1372,181,1906]" captionTargetId="figure-20@139.[200,1388,181,1920]" captionTargetPageId="139" captionText="FIGURE 30. A–D: Maladera straminea (Moser, 1915) (China: Guangxi: Luoxiang); E–H: M. botrytibia Nomura, 1974 (Thailand: Mae Hong Son); I–L: M. subtruncata (Fairmaire, 1887) (China: Yunnan: Nabanhe). A, E, I: aedeagus, left side lateral view; C, G, K: aedeagus, right side lateral view; B, F, J: parameres, dorsal view; D, H, L: habitus. Scale: 0.5 mm. Habitus not to scale." figureDoi="http://doi.org/10.5281/zenodo.4496384" httpUri="https://zenodo.org/record/4496384/files/figure.png" pageId="140" pageNumber="141">Fig. 30</figureCitation>
A–C. Habitus: 
<figureCitation box="[573,676,1339,1365]" captionStart="FIGURE 30" captionStartId="139.[151,249,1943,1967]" captionTargetBox="[212,1372,181,1906]" captionTargetId="figure-20@139.[200,1388,181,1920]" captionTargetPageId="139" captionText="FIGURE 30. A–D: Maladera straminea (Moser, 1915) (China: Guangxi: Luoxiang); E–H: M. botrytibia Nomura, 1974 (Thailand: Mae Hong Son); I–L: M. subtruncata (Fairmaire, 1887) (China: Yunnan: Nabanhe). A, E, I: aedeagus, left side lateral view; C, G, K: aedeagus, right side lateral view; B, F, J: parameres, dorsal view; D, H, L: habitus. Scale: 0.5 mm. Habitus not to scale." figureDoi="http://doi.org/10.5281/zenodo.4496384" httpUri="https://zenodo.org/record/4496384/files/figure.png" pageId="140" pageNumber="141">Fig. 30D</figureCitation>
.
</paragraph>
</subSubSection>
<subSubSection box="[199,718,1374,1401]" pageId="140" pageNumber="141" type="distribution">
<paragraph blockId="140.[151,1437,151,1401]" box="[199,718,1374,1401]" pageId="140" pageNumber="141">
<emphasis bold="true" box="[199,353,1374,1400]" pageId="140" pageNumber="141">Distribution.</emphasis>
See map (
<figureCitation box="[470,566,1375,1401]" captionStart="FIGURE 103" captionStartId="353.[151,250,1019,1043]" captionTargetBox="[218,1368,187,989]" captionTargetId="figure-20@353.[213,1374,181,995]" captionTargetPageId="353" captionText="FIGURE 103. Distribution of the Maladera thomsoni group: Maladera jaintiaensis Ahrens &amp; Fabrizi 2016, M. juxianensis sp. n., M. kubeceki sp. n., M. pseudosenta sp. n., M. senta (Brenske, 1897), M. straminea (Moser, 1915), M. subtruncata (Fairmaire, 1887)." figureDoi="http://doi.org/10.5281/zenodo.4496596" httpUri="https://zenodo.org/record/4496596/files/figure.png" pageId="140" pageNumber="141">Fig. 103</figureCitation>
) and 
<tableCitation box="[628,712,1375,1401]" captionStart="TABLE 1" captionStartId="368.[151,239,544,570]" captionText="TABLE 1. Overview on the distribuition of the Chinese mainland species of Maladera Mulsant &amp; Rey, 1871 (x – records from material examined herein, o – records from literature, with no material of this study)." pageId="140" pageNumber="141">Table 1</tableCitation>
.
</paragraph>
</subSubSection>
</treatment>
</document>