<document ID-DOI="http://doi.org/10.5281/zenodo.4537697" ID-GBIF-Dataset="188411de-569c-4408-a016-1a04b858c142" ID-ISSN="1175-5326" ID-Zenodo-Dep="4537697" ID-ZooBank="D7F9C6A3-9C28-4F4C-8E81-BF24849FDD8C" _generate="added" approvalRequired="33" approvalRequired_for_illustrations="17" approvalRequired_for_treatments="16" checkinTime="1612331093960" checkinUser="plazi" docAuthor="Fabrizi, Silvia, Liu, Wan-Gang, Bai, Ming, Yang, Xing-Ke &amp; Ahrens, Dirk" docDate="2021" docId="03BD87E66B54FFF2AF89FC08FD1E3A91" docLanguage="en" docName="zootaxa.4922.1.1.pdf" docOrigin="Zootaxa 4922 (1)" docStyle="DocumentStyle:5EBBA59367AD13919D70D935FA04F6A3.7:Zootaxa.2013-.monograph" docStyleId="5EBBA59367AD13919D70D935FA04F6A3" docStyleName="Zootaxa.2013-.monograph" docStyleVersion="7" docTitle="Maladera orientalis Nikolaev" docType="treatment" docVersion="6" lastPageId="55" lastPageNumber="56" masterDocId="FF84FF9E6B61FFC5AF1EF86AFFDE3D4C" masterDocTitle="A monograph of the genus Maladera Mulsant &amp; Rey, 1871 of China (Coleoptera: Scarabaeidae: Melolonthinae: Sericini)" masterLastPageNumber="400" masterPageNumber="1" pageId="53" pageNumber="54" updateTime="1615983897969" updateUser="diego">
<mods:mods xmlns:mods="http://www.loc.gov/mods/v3">
<mods:titleInfo>
<mods:title>A monograph of the genus Maladera Mulsant &amp; Rey, 1871 of China (Coleoptera: Scarabaeidae: Melolonthinae: Sericini)</mods:title>
</mods:titleInfo>
<mods:name type="personal">
<mods:role>
<mods:roleTerm>Author</mods:roleTerm>
</mods:role>
<mods:namePart>Fabrizi, Silvia</mods:namePart>
<mods:nameIdentifier type="ORCID">0000-0003-3524-7153</mods:nameIdentifier>
<mods:nameIdentifier type="email">ahrens.dirk_col@gmx.de</mods:nameIdentifier>
</mods:name>
<mods:name type="personal">
<mods:role>
<mods:roleTerm>Author</mods:roleTerm>
</mods:role>
<mods:namePart>Liu, Wan-Gang</mods:namePart>
<mods:nameIdentifier type="ORCID">0000-0003-4788-7967</mods:nameIdentifier>
<mods:nameIdentifier type="email">liuwangang@ieecas.cn</mods:nameIdentifier>
</mods:name>
<mods:name type="personal">
<mods:role>
<mods:roleTerm>Author</mods:roleTerm>
</mods:role>
<mods:namePart>Bai, Ming</mods:namePart>
<mods:nameIdentifier type="ORCID">0000-0003-3676-6828</mods:nameIdentifier>
<mods:nameIdentifier type="email">liuwangang@ieecas.cn</mods:nameIdentifier>
</mods:name>
<mods:name type="personal">
<mods:role>
<mods:roleTerm>Author</mods:roleTerm>
</mods:role>
<mods:namePart>Yang, Xing-Ke</mods:namePart>
<mods:nameIdentifier type="ORCID">0000-0003-3676-6828</mods:nameIdentifier>
<mods:nameIdentifier type="email">liuwangang@ieecas.cn</mods:nameIdentifier>
</mods:name>
<mods:name type="personal">
<mods:role>
<mods:roleTerm>Author</mods:roleTerm>
</mods:role>
<mods:namePart>Ahrens, Dirk</mods:namePart>
<mods:nameIdentifier type="ORCID">0000-0003-3524-7153</mods:nameIdentifier>
<mods:nameIdentifier type="email">ahrens.dirk_col@gmx.de</mods:nameIdentifier>
</mods:name>
<mods:typeOfResource>text</mods:typeOfResource>
<mods:relatedItem type="host">
<mods:titleInfo>
<mods:title>Zootaxa</mods:title>
</mods:titleInfo>
<mods:part>
<mods:date>2021</mods:date>
<mods:detail type="pubDate">
<mods:number>2021-02-03</mods:number>
</mods:detail>
<mods:detail type="volume">
<mods:number>4922</mods:number>
</mods:detail>
<mods:detail type="issue">
<mods:number>1</mods:number>
</mods:detail>
<mods:extent unit="page">
<mods:start>1</mods:start>
<mods:end>400</mods:end>
</mods:extent>
</mods:part>
</mods:relatedItem>
<mods:classification>journal article</mods:classification>
<mods:identifier type="DOI">https://doi.org/10.11646/zootaxa.4922.1.1</mods:identifier>
<mods:identifier type="GBIF-Dataset">188411de-569c-4408-a016-1a04b858c142</mods:identifier>
<mods:identifier type="ISSN">1175-5326</mods:identifier>
<mods:identifier type="Zenodo-Dep">4496316</mods:identifier>
<mods:identifier type="ZooBank">D7F9C6A3-9C28-4F4C-8E81-BF24849FDD8C</mods:identifier>
</mods:mods>
<treatment ID-DOI="http://doi.org/10.5281/zenodo.4537697" ID-Zenodo-Dep="4537697" LSID="urn:lsid:plazi:treatment:03BD87E66B54FFF2AF89FC08FD1E3A91" httpUri="http://treatment.plazi.org/id/03BD87E66B54FFF2AF89FC08FD1E3A91" lastPageId="55" lastPageNumber="56" pageId="53" pageNumber="54">
<subSubSection box="[151,648,1122,1149]" pageId="53" pageNumber="54" type="nomenclature">
<paragraph blockId="53.[151,648,1122,1185]" box="[151,648,1122,1149]" pageId="53" pageNumber="54">
<heading bold="true" box="[151,648,1122,1149]" fontSize="11" level="2" pageId="53" pageNumber="54" reason="4">
<taxonomicName authority="(Motschulsky, 1858)" authorityName="Nikolaev" baseAuthorityName="Motschulsky" baseAuthorityYear="1858" box="[151,648,1122,1149]" class="Insecta" family="Melolonthidae" genus="Maladera" kingdom="Animalia" order="Coleoptera" pageId="53" pageNumber="54" phylum="Arthropoda" rank="species" species="orientalis">
<emphasis bold="true" box="[151,648,1122,1149]" pageId="53" pageNumber="54">
<emphasis bold="true" box="[151,390,1122,1149]" italics="true" pageId="53" pageNumber="54">Maladera orientalis</emphasis>
(
<bibRefCitation author="Motschulsky, V." box="[405,640,1122,1148]" pageId="53" pageNumber="54" pagination="25 - 41" refId="ref334477" refString="Motschulsky, V. (1858) Entomologie speciale. Insectes du Japon. Etudes Entomologiques, 6, 25 - 41. [1857]" type="journal article" year="1858">Motschulsky, 1858</bibRefCitation>
)
</emphasis>
</taxonomicName>
</heading>
</paragraph>
</subSubSection>
<subSubSection box="[151,364,1159,1185]" pageId="53" pageNumber="54" type="description">
<paragraph blockId="53.[151,648,1122,1185]" box="[151,364,1159,1185]" pageId="53" pageNumber="54">
<figureCitation box="[151,269,1159,1185]" captionStart="FIGURE 10" captionStartId="52.[151,250,1909,1933]" captionTargetBox="[207,1379,195,1873]" captionTargetId="figure-19@52.[195,1393,181,1885]" captionTargetPageId="52" captionText="FIGURE 10. A–D: Maladera lignicolor (Fairmaire, 1887) (holotype Autoserica tenebrosa Frey, 1972); E–H: M. orientalis (Motschulsky, 1858) (lectotype); I–L: M. enigma Ahrens, Fabrizi &amp; Liu, sp. n. (holotype). A, E, I: aedeagus, left side lateral view; C, G, K: aedeagus, right side lateral view; B, F, J: parameres, dorsal view; D, H, L: habitus. Scale: 0.5 mm. Habitus not to scale." figureDoi="http://doi.org/10.5281/zenodo.4496336" httpUri="https://zenodo.org/record/4496336/files/figure.png" pageId="53" pageNumber="54">Figures 10</figureCitation>
E–H, 89
</paragraph>
</subSubSection>
<subSubSection pageId="53" pageNumber="54" type="reference_group">
<paragraph blockId="53.[151,1437,1227,1558]" box="[151,1407,1227,1252]" pageId="53" pageNumber="54">
<treatmentCitationGroup box="[151,1407,1227,1252]" pageId="53" pageNumber="54">
<treatmentCitation author="Motschulsky, V." box="[151,560,1227,1251]" page="33" pageId="53" pageNumber="54" year="1858">
<taxonomicName authority="Motschulsky, 1858: 33" authorityName="Motschulsky" authorityPageNumber="33" authorityYear="1858" box="[151,560,1227,1251]" class="Insecta" family="Melolonthidae" genus="Serica" kingdom="Animalia" order="Coleoptera" pageId="53" pageNumber="54" phylum="Arthropoda" rank="species" species="orientalis">
<emphasis box="[151,319,1227,1251]" italics="true" pageId="53" pageNumber="54">Serica orientalis</emphasis>
<bibRefCitation author="Motschulsky, V." box="[326,560,1227,1251]" pageId="53" pageNumber="54" pagination="25 - 41" refId="ref334477" refString="Motschulsky, V. (1858) Entomologie speciale. Insectes du Japon. Etudes Entomologiques, 6, 25 - 41. [1857]" type="journal article" year="1858">Motschulsky, 1858: 33</bibRefCitation>
</taxonomicName>
</treatmentCitation>
; 
<treatmentCitation author="Brenske, E." box="[570,765,1227,1251]" page="429" pageId="53" pageNumber="54" year="1897">
<bibRefCitation author="Brenske, E." box="[570,765,1227,1251]" pageId="53" pageNumber="54" pagination="345 - 468" refId="ref331423" refString="Brenske, E. (1897) Die Serica - Arten der Erde. Berliner Entomologische Zeitschrift, 42, 345 - 468. https: // doi. org / 10.1002 / mmnd. 18970420310" type="journal article" year="1897">Brenske 1897: 429</bibRefCitation>
</treatmentCitation>
; 
<treatmentCitation author="Niijima, Y. &amp; Kinoshita, E." box="[775,1082,1227,1251]" page="21" pageId="53" pageNumber="54" year="1923">
<bibRefCitation author="Niijima, Y. &amp; Kinoshita, E." box="[775,1082,1227,1251]" pageId="53" pageNumber="54" pagination="1 - 253" refId="ref334745" refString="Niijima, Y. &amp; Kinoshita, E. (1923) Die Untersuchungen u ¨ ber japanische Melolonthiden. II. Research Bulletin of the College Experimental Forestry Hokkaido Imperial University, 2, 1 - 253." type="journal article" year="1923">Niijima &amp; Kinoshita 1923: 21</bibRefCitation>
</treatmentCitation>
; 
<treatmentCitation author="Murayama, J." box="[1093,1300,1227,1252]" page="10" pageId="53" pageNumber="54" year="1938">
<bibRefCitation author="Murayama, J." box="[1093,1300,1227,1252]" pageId="53" pageNumber="54" pagination="7 - 21" refId="ref334644" refString="Murayama, J. (1938) Revision des Sericines (Col., Scar.) de la Coree. Annotiones Zoologicae Japonenses, 17, 7 - 21." type="journal article" year="1938">Murayama 1938: 10</bibRefCitation>
</treatmentCitation>
, 
<treatmentCitation author="Murayama, J." box="[1311,1403,1227,1251]" page="48" pageId="53" pageNumber="54" year="1954">
<bibRefCitation author="Murayama, J." box="[1311,1403,1227,1251]" pageId="53" pageNumber="54" refId="ref334675" refString="Murayama, J. (1954) Icones of the Scarabeid-Beetles from Manchuria and Korea. I. Nihon Gakujutu, Shinko-kai, 163 pp." type="book" year="1954">1954: 48</bibRefCitation>
</treatmentCitation>
.
</treatmentCitationGroup>
</paragraph>
<paragraph blockId="53.[151,1437,1227,1558]" pageId="53" pageNumber="54">
<treatmentCitationGroup pageId="53" pageNumber="54">
<treatmentCitation author="Reitter, E." box="[151,549,1258,1282]" page="187" pageId="53" pageNumber="54" year="1896">
<taxonomicName authority=": Reitter 1896: 187" authorityName=": Reitter" authorityPageNumber="187" authorityYear="1896" box="[151,549,1258,1282]" class="Insecta" family="Melolonthidae" genus="Maladera" kingdom="Animalia" order="Coleoptera" pageId="53" pageNumber="54" phylum="Arthropoda" rank="species" species="orientalis">
<emphasis box="[151,355,1258,1282]" italics="true" pageId="53" pageNumber="54">Maladera orientalis</emphasis>
: 
<bibRefCitation author="Reitter, E." box="[368,549,1258,1282]" pageId="53" pageNumber="54" pagination="180 - 188" refId="ref335090" refString="Reitter, E. (1896) Uebersicht der mir bekannten palaearktischen, mit der Coleopteren-Gattung Serica verwandten Gattungen und Arten. Wiener Entomologische Zeitung, 15, 180 - 188. https: // doi. org / 10.1002 / mmnd. 48018960133" type="journal article" year="1896">Reitter 1896: 187</bibRefCitation>
</taxonomicName>
</treatmentCitation>
; 
<treatmentCitation author="Nakane, T. &amp; Baba, K." box="[560,808,1258,1282]" page="5" pageId="53" pageNumber="54" year="1960">
<bibRefCitation author="Nakane, T. &amp; Baba, K." box="[560,808,1258,1282]" pageId="53" pageNumber="54" pagination="1 - 9" refId="ref334701" refString="Nakane, T. &amp; Baba, K. (1960) Scarabaeidae of Niigata Pref., Japan. In: Insects of the Niigata Prefecture 4. Bulletin of the Nagaoka Science Museum, 1960, pp. 1 - 9." type="journal article" year="1960">
Nakane &amp; 
<collectingRegion box="[670,722,1258,1282]" country="Myanmar" name="Chin" pageId="53" pageNumber="54">Baba</collectingRegion>
1960: 5
</bibRefCitation>
</treatmentCitation>
; 
<treatmentCitation author="Nomura, S." box="[819,1013,1258,1282]" page="124" pageId="53" pageNumber="54" year="1963">
<bibRefCitation author="Nomura, S." box="[819,1013,1258,1282]" pageId="53" pageNumber="54" pagination="37 - 42" refId="ref334912" refString="Nomura, S. (1963) Some new species of the Coleoptera from Loochoo Is. and its adjacent regions. Entomological Review of Japan, 15, 37 - 42." type="journal article" year="1963">Nomura 1963: 124</bibRefCitation>
</treatmentCitation>
, 1969: 79; 
<treatmentCitation author="Kim, J. I. &amp; Lee, O. J." box="[1127,1354,1258,1282]" page="124" pageId="53" pageNumber="54" year="1997">
<bibRefCitation author="Kim, J. I. &amp; Lee, O. J." box="[1127,1354,1258,1282]" pageId="53" pageNumber="54" pagination="119 - 135" refId="ref332793" refString="Kim, J. I. &amp; Lee, O. J. (1997) Taxonomic study of Korean Sericinae (Melolonthidae, Coleoptera) II, Genus Maladera. Insecta Koreana, 14, 119 - 135." type="journal article" year="1997">Kim &amp; Lee 1997: 124</bibRefCitation>
</treatmentCitation>
; Kim &amp; Kim 2003: 88.
</treatmentCitationGroup>
</paragraph>
<paragraph blockId="53.[151,1437,1227,1558]" pageId="53" pageNumber="54">
<treatmentCitationGroup pageId="53" pageNumber="54">
<treatmentCitation author="Reitter, E." box="[151,565,1319,1343]" page="188" pageId="53" pageNumber="54" year="1896">
<taxonomicName authority="Reitter, 1896: 188" authorityName="Reitter" authorityPageNumber="188" authorityYear="1896" box="[151,565,1319,1343]" class="Insecta" family="Melolonthidae" genus="Amaladera" kingdom="Animalia" order="Coleoptera" pageId="53" pageNumber="54" phylum="Arthropoda" rank="species" species="cavifrons">
<emphasis box="[151,365,1319,1343]" italics="true" pageId="53" pageNumber="54">Amaladera cavifrons</emphasis>
<bibRefCitation author="Reitter, E." box="[375,565,1319,1343]" pageId="53" pageNumber="54" pagination="180 - 188" refId="ref335090" refString="Reitter, E. (1896) Uebersicht der mir bekannten palaearktischen, mit der Coleopteren-Gattung Serica verwandten Gattungen und Arten. Wiener Entomologische Zeitung, 15, 180 - 188. https: // doi. org / 10.1002 / mmnd. 48018960133" type="journal article" year="1896">Reitter, 1896: 188</bibRefCitation>
</taxonomicName>
</treatmentCitation>
; 
<treatmentCitation author="Dalla Torre, K. W." box="[578,798,1319,1343]" page="19" pageId="53" pageNumber="54" year="1912">
<bibRefCitation author="Dalla Torre, K. W." box="[578,798,1319,1343]" pageId="53" pageNumber="54" pagination="1 - 84" refId="ref331602" refString="Dalla Torre, K. W. (1912) Scarabaeidae: Melolonthinae I. In: Junk, W. &amp; Schenkling, S. (Eds.), Coleopterorum Catalogus, 45, pp. 1 - 84." type="journal article" year="1912">Dalla Torre 1912: 19</bibRefCitation>
</treatmentCitation>
; 
<treatmentCitation author="Brenske, E." box="[812,1190,1319,1343]" page="391" pageId="53" pageNumber="54" year="1897">
<taxonomicName authority=": Brenske 1897: 391" authorityName="Brenske" authorityPageNumber="391" authorityYear="1897" box="[812,1190,1319,1343]" class="Insecta" family="Melolonthidae" genus="Serica" kingdom="Animalia" order="Coleoptera" pageId="53" pageNumber="54" phylum="Arthropoda" rank="species" species="cavifrons">
<emphasis box="[812,978,1319,1343]" italics="true" pageId="53" pageNumber="54">Serica cavifrons</emphasis>
: 
<bibRefCitation author="Brenske, E." box="[994,1190,1319,1343]" pageId="53" pageNumber="54" pagination="345 - 468" refId="ref331423" refString="Brenske, E. (1897) Die Serica - Arten der Erde. Berliner Entomologische Zeitschrift, 42, 345 - 468. https: // doi. org / 10.1002 / mmnd. 18970420310" type="journal article" year="1897">Brenske 1897: 391</bibRefCitation>
</taxonomicName>
</treatmentCitation>
(syn by 
<treatmentCitation author="Ahrens, D." page="22" pageId="53" pageNumber="54" year="2006">
<bibRefCitation author="Ahrens, D." pageId="53" pageNumber="54" refId="ref329946" refString="Ahrens, D. (2006 b) Sericinae. In: Lobl, I. &amp; Smetana, A. (Eds.), Catalogue of Palaearctic Coleoptera. Volume 3. Scarabaeoidea-Scirtoidea-Dascilloidea-Buprestoidea-Byrrhoidea. Apollo Books, Stenstrup, pp. 229 - 248." type="book" year="2006">Ahrens 2006b: 22</bibRefCitation>
</treatmentCitation>
).
</treatmentCitationGroup>
</paragraph>
<paragraph blockId="53.[151,1437,1227,1558]" box="[151,1049,1380,1405]" pageId="53" pageNumber="54">
<treatmentCitationGroup box="[151,1049,1380,1405]" pageId="53" pageNumber="54">
<treatmentCitation author="Reitter, E." box="[151,532,1380,1405]" page="188" pageId="53" pageNumber="54" year="1896">
<taxonomicName authority="Reitter, 1896: 188" authorityName="Reitter" authorityPageNumber="188" authorityYear="1896" box="[151,532,1380,1405]" class="Insecta" family="Melolonthidae" genus="Amaladera" kingdom="Animalia" order="Coleoptera" pageId="53" pageNumber="54" phylum="Arthropoda" rank="species" species="diffinis">
<emphasis box="[151,340,1380,1404]" italics="true" pageId="53" pageNumber="54">Amaladera diffinis</emphasis>
<bibRefCitation author="Reitter, E." box="[347,532,1380,1405]" pageId="53" pageNumber="54" pagination="180 - 188" refId="ref335090" refString="Reitter, E. (1896) Uebersicht der mir bekannten palaearktischen, mit der Coleopteren-Gattung Serica verwandten Gattungen und Arten. Wiener Entomologische Zeitung, 15, 180 - 188. https: // doi. org / 10.1002 / mmnd. 48018960133" type="journal article" year="1896">Reitter, 1896: 188</bibRefCitation>
</taxonomicName>
</treatmentCitation>
; 
<treatmentCitation author="Dalla Torre, K. W." box="[543,756,1380,1405]" page="19" pageId="53" pageNumber="54" year="1912">
<bibRefCitation author="Dalla Torre, K. W." box="[543,756,1380,1405]" pageId="53" pageNumber="54" pagination="1 - 84" refId="ref331602" refString="Dalla Torre, K. W. (1912) Scarabaeidae: Melolonthinae I. In: Junk, W. &amp; Schenkling, S. (Eds.), Coleopterorum Catalogus, 45, pp. 1 - 84." type="journal article" year="1912">Dalla Torre 1912: 19</bibRefCitation>
</treatmentCitation>
; syn by 
<treatmentCitation author="Nikolaev, G. V." box="[840,1045,1380,1405]" page="269" pageId="53" pageNumber="54" year="1977">
<bibRefCitation author="Nikolaev, G. V." box="[840,1045,1380,1405]" pageId="53" pageNumber="54" pagination="268 - 271" refId="ref334823" refString="Nikolaev, G. V. (1977) Zametki po sinonimii plastinchatousych zhukov Mongolii i sopredelnych territorii. Nasekomye Mongolii, 5, 268 - 271." type="journal article" year="1977">Nikolaev 1977: 269</bibRefCitation>
</treatmentCitation>
.
</treatmentCitationGroup>
</paragraph>
<paragraph blockId="53.[151,1437,1227,1558]" box="[151,838,1411,1435]" pageId="53" pageNumber="54">
<treatmentCitationGroup box="[151,838,1411,1435]" pageId="53" pageNumber="54">
<treatmentCitation author="Brenske, E." box="[151,517,1411,1435]" page="391" pageId="53" pageNumber="54" year="1897">
<taxonomicName authority="Brenske, 1897: 391" authorityName="Brenske" authorityPageNumber="391" authorityYear="1897" box="[151,517,1411,1435]" class="Insecta" family="Melolonthidae" genus="Serica" kingdom="Animalia" order="Coleoptera" pageId="53" pageNumber="54" phylum="Arthropoda" rank="species" species="famelica">
<emphasis box="[151,309,1411,1435]" italics="true" pageId="53" pageNumber="54">Serica famelica</emphasis>
<bibRefCitation author="Brenske, E." box="[316,517,1411,1435]" pageId="53" pageNumber="54" pagination="345 - 468" refId="ref331423" refString="Brenske, E. (1897) Die Serica - Arten der Erde. Berliner Entomologische Zeitschrift, 42, 345 - 468. https: // doi. org / 10.1002 / mmnd. 18970420310" type="journal article" year="1897">Brenske, 1897: 391</bibRefCitation>
</taxonomicName>
</treatmentCitation>
; 
<treatmentCitation author="Niijima, Y. &amp; Kinoshita, E." box="[527,834,1411,1435]" page="24" pageId="53" pageNumber="54" year="1923">
<bibRefCitation author="Niijima, Y. &amp; Kinoshita, E." box="[527,834,1411,1435]" pageId="53" pageNumber="54" pagination="1 - 253" refId="ref334745" refString="Niijima, Y. &amp; Kinoshita, E. (1923) Die Untersuchungen u ¨ ber japanische Melolonthiden. II. Research Bulletin of the College Experimental Forestry Hokkaido Imperial University, 2, 1 - 253." type="journal article" year="1923">Niijima &amp; Kinoshita 1923: 24</bibRefCitation>
</treatmentCitation>
.
</treatmentCitationGroup>
</paragraph>
<paragraph blockId="53.[151,1437,1227,1558]" box="[151,552,1442,1466]" pageId="53" pageNumber="54">
<treatmentCitationGroup box="[151,552,1442,1466]" pageId="53" pageNumber="54">
<treatmentCitation author="Brenske, E." box="[151,547,1442,1466]" page="366" pageId="53" pageNumber="54" year="1897">
<taxonomicName authority="Brenske, 1897: 366" authorityName="Brenske" authorityPageNumber="366" authorityYear="1897" box="[151,547,1442,1466]" class="Insecta" family="Melolonthidae" genus="Serica" kingdom="Animalia" order="Coleoptera" pageId="53" pageNumber="54" phylum="Arthropoda" rank="species" species="pekingensis">
<emphasis box="[151,340,1442,1466]" italics="true" pageId="53" pageNumber="54">Serica pekingensis</emphasis>
<bibRefCitation author="Brenske, E." box="[347,547,1442,1466]" pageId="53" pageNumber="54" pagination="345 - 468" refId="ref331423" refString="Brenske, E. (1897) Die Serica - Arten der Erde. Berliner Entomologische Zeitschrift, 42, 345 - 468. https: // doi. org / 10.1002 / mmnd. 18970420310" type="journal article" year="1897">Brenske, 1897: 366</bibRefCitation>
</taxonomicName>
</treatmentCitation>
.
</treatmentCitationGroup>
</paragraph>
<paragraph blockId="53.[151,1437,1227,1558]" box="[151,606,1472,1497]" pageId="53" pageNumber="54">
<treatmentCitationGroup box="[151,606,1472,1497]" pageId="53" pageNumber="54">
<treatmentCitation author="Brenske, E." box="[151,526,1472,1497]" page="428" pageId="53" pageNumber="54" year="1897">
<taxonomicName authority="Brenske, 1897: 428" authorityName="Brenske" authorityPageNumber="428" authorityYear="1897" box="[151,526,1472,1497]" class="Insecta" family="Melolonthidae" genus="Serica" kingdom="Animalia" order="Coleoptera" pageId="53" pageNumber="54" phylum="Arthropoda" rank="species" species="salebrosa" status="syn. n.">
<emphasis box="[151,320,1472,1496]" italics="true" pageId="53" pageNumber="54">Serica salebrosa</emphasis>
<bibRefCitation author="Brenske, E." box="[326,526,1472,1497]" pageId="53" pageNumber="54" pagination="345 - 468" refId="ref331423" refString="Brenske, E. (1897) Die Serica - Arten der Erde. Berliner Entomologische Zeitschrift, 42, 345 - 468. https: // doi. org / 10.1002 / mmnd. 18970420310" type="journal article" year="1897">Brenske, 1897: 428</bibRefCitation>
</taxonomicName>
</treatmentCitation>
, 
<emphasis bold="true" box="[537,606,1473,1497]" pageId="53" pageNumber="54">
<taxonomicNameLabel box="[537,606,1473,1497]" pageId="53" pageNumber="54">syn. n.</taxonomicNameLabel>
</emphasis>
</treatmentCitationGroup>
</paragraph>
<paragraph blockId="53.[151,1437,1227,1558]" box="[151,627,1503,1527]" pageId="53" pageNumber="54">
<treatmentCitationGroup box="[151,627,1503,1527]" pageId="53" pageNumber="54">
<treatmentCitation author="Brenske, E." box="[151,547,1503,1527]" page="213" pageId="53" pageNumber="54" year="1898">
<taxonomicName authority="Brenske, 1898: 213" authorityName="Brenske" authorityPageNumber="213" authorityYear="1898" box="[151,547,1503,1527]" class="Insecta" family="Melolonthidae" genus="Autoserica" kingdom="Animalia" order="Coleoptera" pageId="53" pageNumber="54" phylum="Arthropoda" rank="species" species="davidis" status="syn. n.">
<emphasis box="[151,340,1503,1527]" italics="true" pageId="53" pageNumber="54">Autoserica davidis</emphasis>
<bibRefCitation author="Brenske, E." box="[347,547,1503,1527]" pageId="53" pageNumber="54" pagination="205 - 403" refId="ref331459" refString="Brenske, E. (1898) Die Serica - Arten der Erde. Berliner Entomologische Zeitschrift, 43, 205 - 403. https: // doi. org / 10.1002 / mmnd. 47918980303" type="journal article" year="1898">Brenske, 1898: 213</bibRefCitation>
</taxonomicName>
</treatmentCitation>
, 
<emphasis bold="true" box="[557,627,1503,1527]" pageId="53" pageNumber="54">
<taxonomicNameLabel box="[557,627,1503,1527]" pageId="53" pageNumber="54">syn. n.</taxonomicNameLabel>
</emphasis>
</treatmentCitationGroup>
</paragraph>
<paragraph blockId="53.[151,1437,1227,1558]" box="[151,1436,1534,1558]" pageId="53" pageNumber="54">
<treatmentCitationGroup box="[151,1436,1534,1558]" pageId="53" pageNumber="54">
<treatmentCitation author="Brenske, E." box="[151,494,1534,1558]" page="9" pageId="53" pageNumber="54" year="1894">
<taxonomicName authority="Brenske, 1894: 9" authorityName="Brenske" authorityPageNumber="9" authorityYear="1894" box="[151,494,1534,1558]" class="Insecta" family="Melolonthidae" genus="Serica" kingdom="Animalia" order="Coleoptera" pageId="53" pageNumber="54" phylum="Arthropoda" rank="species" species="mirabilis">
<emphasis box="[151,314,1534,1558]" italics="true" pageId="53" pageNumber="54">Serica mirabilis</emphasis>
<bibRefCitation author="Brenske, E." box="[320,494,1534,1558]" pageId="53" pageNumber="54" pagination="3 - 87" refId="ref331378" refString="Brenske, E. (1894) Die Melolonthiden der palaearktischen und orientalischen Region im Koniglichen naturhistorischen Museum zu Br ʾ ssel. Beschreibung neuer Arten und Bemerkung zu bekannten. Memoire de la Societe Entomologique de Belgique, 2, 3 - 87." type="journal article" year="1894">Brenske, 1894: 9</bibRefCitation>
</taxonomicName>
</treatmentCitation>
, 41; 
<treatmentCitation author="Brenske, E." box="[544,952,1534,1558]" page="40" pageId="53" pageNumber="54" year="1897">
<taxonomicName authority=": Brenske, 1897: 40" authorityName="Brenske" authorityPageNumber="40" authorityYear="1897" box="[544,952,1534,1558]" class="Insecta" family="Melolonthidae" genus="Autoserica" kingdom="Animalia" order="Coleoptera" pageId="53" pageNumber="54" phylum="Arthropoda" rank="species" species="mirabilis">
<emphasis box="[544,752,1534,1558]" italics="true" pageId="53" pageNumber="54">Autoserica mirabilis</emphasis>
: 
<bibRefCitation author="Brenske, E." box="[764,952,1534,1558]" pageId="53" pageNumber="54" pagination="345 - 468" refId="ref331423" refString="Brenske, E. (1897) Die Serica - Arten der Erde. Berliner Entomologische Zeitschrift, 42, 345 - 468. https: // doi. org / 10.1002 / mmnd. 18970420310" type="journal article" year="1897">Brenske, 1897: 40</bibRefCitation>
</taxonomicName>
</treatmentCitation>
; 
<treatmentCitation author="Ahrens, D." box="[963,1357,1534,1558]" page="24" pageId="53" pageNumber="54" year="2007">
<taxonomicName authority="Ahrens 2007b: 24" authorityName=": Ahrens" authorityPageNumber="24" authorityYear="2007" box="[963,1357,1534,1558]" class="Insecta" family="Melolonthidae" genus="Maladera" kingdom="Animalia" order="Coleoptera" pageId="53" pageNumber="54" phylum="Arthropoda" rank="species" species="mirabilis" status="syn. n.">
<emphasis box="[963,1161,1534,1558]" italics="true" pageId="53" pageNumber="54">Maladera mirabilis</emphasis>
: 
<bibRefCitation author="Ahrens, D." box="[1172,1357,1534,1558]" pageId="53" pageNumber="54" pagination="1 - 51" refId="ref330155" refString="Ahrens, D. (2007 b) Taxonomic changes and an updated Catalogue of Palearctic Sericini (Coleoptera: Scarabaeidae: Melolonthinae). Zootaxa, 1504 (1), 1 - 51. https: // doi. org / 10.11646 / zootaxa. 1504.1.1" type="journal article" year="2007">Ahrens 2007b: 24</bibRefCitation>
</taxonomicName>
</treatmentCitation>
, 
<emphasis bold="true" box="[1367,1436,1534,1558]" pageId="53" pageNumber="54">
<taxonomicNameLabel box="[1367,1436,1534,1558]" pageId="53" pageNumber="54">syn. n.</taxonomicNameLabel>
</emphasis>
</treatmentCitationGroup>
</paragraph>
</subSubSection>
<subSubSection lastPageId="55" lastPageNumber="56" pageId="53" pageNumber="54" type="materials_examined">
<paragraph blockId="53.[151,1437,1604,2027]" lastBlockId="54.[151,1437,151,2013]" lastPageId="54" lastPageNumber="55" pageId="53" pageNumber="54">
<emphasis bold="true" box="[151,449,1604,1630]" pageId="53" pageNumber="54">Type material examined.</emphasis>
<typeStatus box="[456,568,1605,1631]" pageId="53" pageNumber="54">Lectotype</typeStatus>
(
<taxonomicName authorityName=": Reitter" authorityYear="1896" box="[586,693,1604,1630]" class="Insecta" family="Melolonthidae" genus="Maladera" kingdom="Animalia" order="Coleoptera" pageId="53" pageNumber="54" phylum="Arthropoda" rank="species" species="orientalis">
<emphasis box="[586,693,1604,1630]" italics="true" pageId="53" pageNumber="54">orientalis</emphasis>
</taxonomicName>
, here designated): 
<specimenCount box="[909,930,1605,1631]" pageId="53" pageNumber="54" type="male">♂</specimenCount>
“ 
<typeStatus box="[947,1095,1604,1630]" pageId="53" pageNumber="54">SYNTYPUS</typeStatus>
<specimenCount box="[1102,1123,1605,1631]" pageId="53" pageNumber="54" type="male">♂</specimenCount>
<taxonomicName authorityName="Motschulsky" authorityYear="1858" box="[1131,1313,1604,1630]" class="Insecta" family="Melolonthidae" genus="Serica" kingdom="Animalia" order="Coleoptera" pageId="53" pageNumber="54" phylum="Arthropoda" rank="species" species="orientalis">Serica orientalis</taxonomicName>
Motschulsky, 1858 A.A. Gusakov des. 2013/ Zoomuzeij MGU (Moskva, ROSSIA) N° ZMMU Col 03052 Zool. Mus. Mosq. Univ. (Mosquae, ROSSIA) ex coll. V. I. Motschulsky” (
<collectionCode box="[797,891,1676,1702]" country="Russia" httpUri="http://grbio.org/cool/k3qp-615s" name="Zoological Museum, Moscow Lomonosov State University" pageId="53" pageNumber="54" type="Museum">ZMMU</collectionCode>
). 
<typeStatus box="[912,1075,1676,1702]" pageId="53" pageNumber="54">Paralectotypes</typeStatus>
(
<taxonomicName authorityName="Motschulsky" authorityYear="1858" box="[1094,1201,1676,1702]" class="Insecta" family="Melolonthidae" genus="Serica" kingdom="Animalia" order="Coleoptera" pageId="53" pageNumber="54" phylum="Arthropoda" rank="species" species="orientalis">
<emphasis box="[1094,1201,1676,1702]" italics="true" pageId="53" pageNumber="54">orientalis</emphasis>
</taxonomicName>
, here designated): 
<specimenCount pageId="53" pageNumber="54" type="generic">1 ex.</specimenCount>
(not sexable) “ 
<typeStatus box="[362,510,1712,1738]" pageId="53" pageNumber="54">SYNTYPUS</typeStatus>
<taxonomicName authority="Motschulsky, 1858 A. A. Gusakov" authorityName="Motschulsky" authorityYear="1858" box="[520,1102,1712,1739]" class="Insecta" family="Melolonthidae" genus="Serica" kingdom="Animalia" order="Coleoptera" pageId="53" pageNumber="54" phylum="Arthropoda" rank="species" species="orientalis">
Serica orientalis 
<bibRefCitation author="Motschulsky, V." box="[714,930,1712,1739]" pageId="53" pageNumber="54" pagination="25 - 41" refId="ref334477" refString="Motschulsky, V. (1858) Entomologie speciale. Insectes du Japon. Etudes Entomologiques, 6, 25 - 41. [1857]" type="journal article" year="1858">Motschulsky, 1858</bibRefCitation>
A.A. Gusakov
</taxonomicName>
des. 2013/ Zoomuzeij MGU (Moskva, ROSSIA) N° ZMMU Col 03051 Zool. Mus. Mosq. Univ. (Mosquae, ROSSIA) ex coll. V. I. Motschulsky” (
<collectionCode box="[159,252,1784,1810]" country="Russia" httpUri="http://grbio.org/cool/k3qp-615s" name="Zoological Museum, Moscow Lomonosov State University" pageId="53" pageNumber="54" type="Museum">ZMMU</collectionCode>
), 
<specimenCount box="[271,326,1784,1811]" pageId="53" pageNumber="54" type="generic">1 ex.</specimenCount>
(not sexable) “ 
<taxonomicName authority="Motsch. Japonia" authorityName="Motsch. Japonia" box="[494,868,1784,1810]" class="Insecta" family="Melolonthidae" genus="Serica" kingdom="Animalia" order="Coleoptera" pageId="53" pageNumber="54" phylum="Arthropoda" rank="species" species="orientalis">Serica orientalis Motsch. Japonia</taxonomicName>
/ 
<typeStatus box="[884,1029,1784,1810]" pageId="53" pageNumber="54">SYNTYPUS</typeStatus>
<taxonomicName authority="Motschulsky, 1858 A. A. Gusakov" authorityName="Motschulsky" authorityYear="1858" class="Insecta" family="Melolonthidae" genus="Serica" kingdom="Animalia" order="Coleoptera" pageId="53" pageNumber="54" phylum="Arthropoda" rank="species" species="orientalis">
Serica orientalis 
<bibRefCitation author="Motschulsky, V." box="[1223,1436,1784,1811]" pageId="53" pageNumber="54" pagination="25 - 41" refId="ref334477" refString="Motschulsky, V. (1858) Entomologie speciale. Insectes du Japon. Etudes Entomologiques, 6, 25 - 41. [1857]" type="journal article" year="1858">Motschulsky, 1858</bibRefCitation>
A.A. Gusakov
</taxonomicName>
des. 2013/ Zoomuzeij MGU (Moskva, ROSSIA) N° ZMMU Col 03050 Zool. Mus. Mosq. Univ. (Mosquae, ROSSIA) ex coll. V. I. Motschulsky” (
<collectionCode box="[711,805,1856,1882]" country="Russia" httpUri="http://grbio.org/cool/k3qp-615s" name="Zoological Museum, Moscow Lomonosov State University" pageId="53" pageNumber="54" type="Museum">ZMMU</collectionCode>
). 
<typeStatus box="[823,927,1856,1882]" pageId="53" pageNumber="54">Holotype</typeStatus>
(
<taxonomicName authorityName="Reitter" authorityYear="1896" box="[944,1022,1856,1882]" class="Insecta" family="Melolonthidae" genus="Amaladera" kingdom="Animalia" order="Coleoptera" pageId="53" pageNumber="54" phylum="Arthropoda" rank="species" species="diffinis">
<emphasis box="[944,1022,1856,1882]" italics="true" pageId="53" pageNumber="54">diffinis</emphasis>
</taxonomicName>
): 
<specimenCount box="[1047,1068,1857,1883]" pageId="53" pageNumber="54" type="male">♂</specimenCount>
“Shan-Si 1884 G. Patanin/ Coll. Reitter/ 
<typeStatus box="[242,359,1892,1918]" pageId="53" pageNumber="54">Holotypus</typeStatus>
1896 
<taxonomicName authority="Reitter" authorityName="Reitter" authorityYear="1896" box="[426,870,1892,1919]" class="Insecta" family="Melolonthidae" genus="Amaladera" kingdom="Animalia" order="Coleoptera" pageId="53" pageNumber="54" phylum="Arthropoda" rank="species" species="diffinis" subGenus="Omaladera">Amaladera (Omaladera) diffinis Reitter</taxonomicName>
” (
<collectionCode box="[894,986,1892,1918]" country="Hungary" httpUri="http://biocol.org/urn:lsid:biocol.org:col:34991" lsid="urn:lsid:biocol.org:col:34991" name="Hungarian Natural History Museum (Termeszettudomanyi Muzeum)" pageId="53" pageNumber="54">HNHM</collectionCode>
). 
<typeStatus box="[1004,1107,1892,1918]" pageId="53" pageNumber="54">Syntypes</typeStatus>
(
<taxonomicName authorityName="Brenske" authorityYear="1897" box="[1122,1253,1892,1918]" class="Insecta" family="Melolonthidae" genus="Serica" kingdom="Animalia" order="Coleoptera" pageId="53" pageNumber="54" phylum="Arthropoda" rank="species" species="pekingensis">
<emphasis box="[1122,1253,1892,1918]" italics="true" pageId="53" pageNumber="54">pekingensis</emphasis>
</taxonomicName>
): 
<specimenCount box="[1277,1339,1892,1919]" pageId="53" pageNumber="54" type="female">2 ♀♀</specimenCount>
“ 
<collectingRegion box="[1355,1436,1892,1918]" country="China" name="Beijing" pageId="53" pageNumber="54">Peking</collectingRegion>
1879 D. Kraatz/ Typus/ 
<taxonomicName authority="Brsk." authorityName="Brenske" authorityYear="1897" box="[427,627,1928,1954]" class="Insecta" family="Melolonthidae" genus="Serica" kingdom="Animalia" order="Coleoptera" pageId="53" pageNumber="54" phylum="Arthropoda" rank="species" species="pekingensis">pekingensis Brsk.</taxonomicName>
/ pekingensis Type Brsk.” (
<collectionCode box="[937,1024,1928,1954]" country="Italy" httpUri="http://grbio.org/cool/1trn-7b59" name="Museo Civico di Storia Naturale di Genova 'Giacomo Doria'" pageId="53" pageNumber="54">MSNG</collectionCode>
), 
<specimenCount box="[1045,1088,1928,1955]" pageId="53" pageNumber="54" type="male">1 ♂</specimenCount>
“ 
<collectingRegion box="[1106,1187,1928,1954]" country="China" name="Beijing" pageId="53" pageNumber="54">Peking</collectingRegion>
1879 D. Kraatz/ 198. Brsk.” (
<collectionCode box="[239,326,1964,1990]" country="Italy" httpUri="http://grbio.org/cool/1trn-7b59" name="Museo Civico di Storia Naturale di Genova 'Giacomo Doria'" pageId="53" pageNumber="54">MSNG</collectionCode>
). 
<typeStatus box="[346,449,1964,1990]" pageId="53" pageNumber="54">Syntypes</typeStatus>
(
<taxonomicName authorityName="Brenske" authorityYear="1897" box="[465,561,1964,1990]" class="Insecta" family="Melolonthidae" genus="Serica" kingdom="Animalia" order="Coleoptera" pageId="53" pageNumber="54" phylum="Arthropoda" rank="species" species="famelica">
<emphasis box="[465,561,1964,1990]" italics="true" pageId="53" pageNumber="54">famelica</emphasis>
</taxonomicName>
): 
<specimenCount box="[587,629,1964,1991]" pageId="53" pageNumber="54" type="male">1 ♂</specimenCount>
“ 
<collectingCountry box="[647,717,1964,1990]" name="China" pageId="53" pageNumber="54">China</collectingCountry>
Chang Yang/ 
<taxonomicName authorityName="Brenske" authorityYear="1897" box="[877,1051,1964,1990]" class="Insecta" family="Melolonthidae" genus="Serica" kingdom="Animalia" order="Coleoptera" pageId="53" pageNumber="54" phylum="Arthropoda" rank="species" species="famelica">Serica famelica</taxonomicName>
type Brsk./ Coll. Brenske/ Typus/ 
<taxonomicName authority="(Motsch.) Nikolaev" authorityName="Nikolaev" baseAuthorityName="Motschulsky" baseAuthorityYear="1858" box="[151,589,2000,2027]" class="Insecta" family="Melolonthidae" genus="Maladera" kingdom="Animalia" order="Coleoptera" pageId="53" pageNumber="54" phylum="Arthropoda" rank="species" species="orientalis">Maladera orientalis (Motsch.) Nikolaev</taxonomicName>
det.” (
<collectionCode box="[660,746,2000,2026]" pageId="53" pageNumber="54">ZMHB</collectionCode>
), 
<specimenCount box="[764,804,2000,2027]" pageId="53" pageNumber="54" type="male">1 ♂</specimenCount>
“ 
<collectingRegion box="[819,935,2000,2026]" country="China" name="Shanghai" pageId="53" pageNumber="54">Shang-hai</collectingRegion>
/ Brenske vidit/ 
<taxonomicName authorityName="Brenske" authorityYear="1897" box="[1109,1280,2000,2026]" class="Insecta" family="Melolonthidae" genus="Serica" kingdom="Animalia" order="Coleoptera" pageId="53" pageNumber="54" phylum="Arthropoda" rank="species" species="famelica">Serica famelica</taxonomicName>
m” (
<collectionCode box="[1333,1424,2000,2026]" country="France" httpUri="http://biocol.org/urn:lsid:biocol.org:col:34988" lsid="urn:lsid:biocol.org:col:34988" name="Museum National d'Histoire Naturelle" pageId="53" pageNumber="54">MNHN</collectionCode>
), 
<specimenCount box="[151,193,151,177]" pageId="54" pageNumber="55" type="female">1 ♀</specimenCount>
“ 
<collectingCountry box="[209,279,151,177]" name="China" pageId="54" pageNumber="55">China</collectingCountry>
Donck. v./ 
<taxonomicName authority="Brsk." authorityName="Brenske" authorityYear="1897" box="[407,646,151,177]" class="Insecta" family="Melolonthidae" genus="Serica" kingdom="Animalia" order="Coleoptera" pageId="54" pageNumber="55" phylum="Arthropoda" rank="species" species="famelica">Serica famelica Brsk.</taxonomicName>
/ Coll. Brenske/ Typus” (
<collectionCode box="[924,1010,151,177]" pageId="54" pageNumber="55">ZMHB</collectionCode>
), 
<specimenCount box="[1029,1071,151,177]" pageId="54" pageNumber="55" type="female">1 ♀</specimenCount>
“ 
<collectingCountry box="[1087,1157,151,177]" name="China" pageId="54" pageNumber="55">China</collectingCountry>
Tche-fou/ famelica Type Brsk./ Coll. Brenske/ Typus” (
<collectionCode box="[489,575,187,213]" pageId="54" pageNumber="55">ZMHB</collectionCode>
), 
<specimenCount box="[595,636,187,213]" pageId="54" pageNumber="55" type="male">1 ♂</specimenCount>
“Nord 
<collectingCountry box="[720,787,187,213]" name="China" pageId="54" pageNumber="55">China</collectingCountry>
Chefoo/ tschefuana Type Brsk./ Typus/ 
<taxonomicName authorityName="Mulsant &amp; Rey" authorityYear="1871" box="[1236,1342,187,213]" class="Insecta" family="Melolonthidae" genus="Maladera" kingdom="Animalia" order="Coleoptera" pageId="54" pageNumber="55" phylum="Arthropoda" rank="genus">Maladera</taxonomicName>
orientalis (Motsch.) Nikolaev det.” (
<collectionCode box="[481,568,223,249]" pageId="54" pageNumber="55">ZMHB</collectionCode>
). 
<typeStatus box="[587,699,223,249]" pageId="54" pageNumber="55">Lectotype</typeStatus>
(
<taxonomicName authorityName="Brenske" authorityYear="1897" box="[715,823,223,249]" class="Insecta" family="Melolonthidae" genus="Serica" kingdom="Animalia" order="Coleoptera" pageId="54" pageNumber="55" phylum="Arthropoda" rank="species" species="salebrosa">
<emphasis box="[715,823,223,249]" italics="true" pageId="54" pageNumber="55">salebrosa</emphasis>
</taxonomicName>
, here des.): 
<specimenCount box="[962,983,223,249]" pageId="54" pageNumber="55" type="male">♂</specimenCount>
“ 
<collectingCountry box="[1000,1070,223,249]" name="Japan" pageId="54" pageNumber="55">Japan</collectingCountry>
. (Heyne)/ salebrosa Type. Brsk./ Coll. Brenske” (
<collectionCode box="[332,419,259,285]" pageId="54" pageNumber="55">ZMHB</collectionCode>
). 
<typeStatus box="[437,600,259,285]" pageId="54" pageNumber="55">Paralectotypes</typeStatus>
(
<taxonomicName authorityName="Brenske" authorityYear="1897" box="[617,725,259,285]" class="Insecta" family="Melolonthidae" genus="Serica" kingdom="Animalia" order="Coleoptera" pageId="54" pageNumber="55" phylum="Arthropoda" rank="species" species="salebrosa">
<emphasis box="[617,725,259,285]" italics="true" pageId="54" pageNumber="55">salebrosa</emphasis>
</taxonomicName>
, here des.): 
<specimenCount box="[861,924,259,285]" pageId="54" pageNumber="55" type="male">2 ♂♂</specimenCount>
“ 
<collectingCountry box="[941,1011,259,285]" name="Japan" pageId="54" pageNumber="55">Japan</collectingCountry>
. (Heyne)/ salebrosa Type. Brsk./ Coll. Brenske” (
<collectionCode box="[271,357,295,321]" pageId="54" pageNumber="55">ZMHB</collectionCode>
), 
<specimenCount box="[378,421,295,321]" pageId="54" pageNumber="55" type="female">3 ♀</specimenCount>
“Hakane Schönfeldt/ salebrosa type Brsk./ Coll. Brenske” (
<collectionCode box="[1100,1187,295,321]" pageId="54" pageNumber="55">ZMHB</collectionCode>
). 
<typeStatus box="[1207,1299,295,321]" pageId="54" pageNumber="55">Syntype</typeStatus>
(
<taxonomicName authorityName="Brenske" authorityYear="1898" box="[1316,1397,295,321]" class="Insecta" family="Melolonthidae" genus="Autoserica" kingdom="Animalia" order="Coleoptera" pageId="54" pageNumber="55" phylum="Arthropoda" rank="species" species="davidis">
<emphasis box="[1316,1397,295,321]" italics="true" pageId="54" pageNumber="55">davidis</emphasis>
</taxonomicName>
): 
<specimenCount pageId="54" pageNumber="55" type="female">1 ♀</specimenCount>
“Mou-Pin Thib. or. David/ davidis type. Brsk./ Davidis Brs” (
<collectionCode box="[862,949,331,357]" pageId="54" pageNumber="55">ZMHB</collectionCode>
). 
<typeStatus box="[967,1071,331,357]" pageId="54" pageNumber="55">Holotype</typeStatus>
(
<taxonomicName authorityName=": Ahrens" authorityYear="2007" box="[1087,1188,331,357]" class="Insecta" family="Melolonthidae" genus="Maladera" kingdom="Animalia" order="Coleoptera" pageId="54" pageNumber="55" phylum="Arthropoda" rank="species" species="mirabilis">
<emphasis box="[1087,1188,331,357]" italics="true" pageId="54" pageNumber="55">mirabilis</emphasis>
</taxonomicName>
): 
<specimenCount box="[1212,1233,331,357]" pageId="54" pageNumber="55" type="female">♀</specimenCount>
“Coll. R. I. Sc. N. B. 
<collectingCountry box="[184,250,367,393]" name="China" pageId="54" pageNumber="55">Chine</collectingCountry>
/ Schang-hai/ 8968/ Coll. J. Thomson/ 
<taxonomicName authorityName=": Ahrens" authorityYear="2007" box="[684,814,367,393]" class="Insecta" family="Melolonthidae" genus="Maladera" kingdom="Animalia" order="Coleoptera" pageId="54" pageNumber="55" phylum="Arthropoda" rank="species" species="mirabilis">S. mirabilis</taxonomicName>
type. Brsk./ Type” (
<collectionCode box="[1040,1109,367,393]" pageId="54" pageNumber="55">ISNB</collectionCode>
).
</paragraph>
<paragraph blockId="54.[151,1437,151,2013]" lastBlockId="55.[151,1437,151,2013]" lastPageId="55" lastPageNumber="56" pageId="54" pageNumber="55">
<emphasis bold="true" box="[199,651,402,429]" pageId="54" pageNumber="55">
Additional material examined. 
<collectingCountry box="[568,645,403,429]" name="Japan" pageId="54" pageNumber="55">Japan</collectingCountry>
:
</emphasis>
<specimenCount box="[657,698,403,429]" pageId="54" pageNumber="55" type="male">1 ♂</specimenCount>
“Near 
<collectingRegion box="[777,848,403,429]" country="Japan" name="Tokyo" pageId="54" pageNumber="55">Tokyo</collectingRegion>
Japan/ 
<taxonomicName authority="Motsch." authorityName="Motschulsky" authorityYear="1858" box="[932,1213,403,429]" class="Insecta" family="Melolonthidae" genus="Serica" kingdom="Animalia" order="Coleoptera" pageId="54" pageNumber="55" phylum="Arthropoda" rank="species" species="orientalis">Serica orientalis Motsch.</taxonomicName>
” (
<collectionCode box="[1236,1321,403,429]" country="Czech Republic" httpUri="http://grbio.org/cool/hj12-2xm7" name="National Museum Prague" pageId="54" pageNumber="55">NMPC</collectionCode>
), 
<specimenCount box="[1339,1380,403,429]" pageId="54" pageNumber="55" type="male">1 ♂</specimenCount>
“Peking Westberge Exp. Stötzner” (
<collectionCode box="[512,597,439,465]" country="Czech Republic" httpUri="http://grbio.org/cool/hj12-2xm7" name="National Museum Prague" pageId="54" pageNumber="55">NMPC</collectionCode>
), 
<specimenCount box="[617,659,439,465]" pageId="54" pageNumber="55" type="male">1 ♂</specimenCount>
“Japan/ coll. Kraatz/ 
<taxonomicName authority="Brsk. J. Moser" box="[903,1256,439,465]" class="Insecta" family="Melolonthidae" genus="Serica" kingdom="Animalia" order="Coleoptera" pageId="54" pageNumber="55" phylum="Arthropoda" rank="species" species="salebrosa">Serica salebrosa Brsk. J. Moser</taxonomicName>
det.” (
<collectionCode box="[1332,1403,439,465]" pageId="54" pageNumber="55">DEIC</collectionCode>
), 
<specimenCount pageId="54" pageNumber="55" type="male">1 ♂</specimenCount>
“Kuzukawa, 
<collectingRegion box="[322,469,475,501]" country="Japan" name="Aomori" pageId="54" pageNumber="55">Aomori Pref.</collectingRegion>
Honshu, Japan 
<date box="[644,743,474,501]" pageId="54" pageNumber="55" value="1951-05-01">1.5.1951</date>
leg. K. Shimoyama” (
<collectionCode box="[989,1060,475,501]" pageId="54" pageNumber="55">DEIC</collectionCode>
), 
<specimenCount box="[1078,1140,475,501]" pageId="54" pageNumber="55" type="male">2 ♂♂</specimenCount>
“Kuzukawa, 
<collectingRegion box="[1289,1437,475,501]" country="Japan" name="Aomori" pageId="54" pageNumber="55">Aomori Pref.</collectingRegion>
Honshu, Japan 25.6.56 leg. K. Shimoyama” (
<collectionCode box="[658,729,511,537]" pageId="54" pageNumber="55">DEIC</collectionCode>
), 
<specimenCount box="[748,791,511,537]" pageId="54" pageNumber="55" type="male">1 ♂</specimenCount>
“Kuzukawa, 
<collectingRegion box="[942,1091,511,537]" country="Japan" name="Aomori" pageId="54" pageNumber="55">Aomori Pref.</collectingRegion>
Honshu, Japan 30.5.56 leg. K. Shimoyama” (
<collectionCode box="[314,385,547,573]" pageId="54" pageNumber="55">DEIC</collectionCode>
), 
<specimenCount box="[405,448,547,573]" pageId="54" pageNumber="55" type="male">1 ♂</specimenCount>
“Kuzukawa, 
<collectingRegion box="[602,752,547,573]" country="Japan" name="Aomori" pageId="54" pageNumber="55">Aomori Pref.</collectingRegion>
Honshu, Japan 
<date box="[934,1046,546,573]" pageId="54" pageNumber="55" value="1945-05-30">30.5.1945</date>
leg. K. Shimoyama” (
<collectionCode box="[1302,1373,547,573]" pageId="54" pageNumber="55">DEIC</collectionCode>
), 
<specimenCount box="[1393,1436,547,573]" pageId="54" pageNumber="55" type="male">1 ♂</specimenCount>
“Kuzukawa, 
<collectingRegion box="[298,448,583,609]" country="Japan" name="Aomori" pageId="54" pageNumber="55">Aomori Pref.</collectingRegion>
Honshu, Japan 31.5.49 leg. K. Shimoyama” (
<collectionCode box="[974,1045,583,609]" pageId="54" pageNumber="55">DEIC</collectionCode>
), 
<specimenCount box="[1066,1131,583,609]" pageId="54" pageNumber="55" type="male">4 ♂♂</specimenCount>
“Kuzukawa, 
<collectingRegion box="[1286,1437,583,609]" country="Japan" name="Aomori" pageId="54" pageNumber="55">Aomori Pref.</collectingRegion>
Honshu, Japan 
<date box="[321,419,618,645]" pageId="54" pageNumber="55" value="1951-06-01">1.6.1951</date>
leg. K. Shimoyama” (
<collectionCode box="[666,737,619,645]" pageId="54" pageNumber="55">DEIC</collectionCode>
), 
<specimenCount box="[756,818,619,645]" pageId="54" pageNumber="55" type="male">2 ♂♂</specimenCount>
“Kuzukawa, 
<collectingRegion box="[968,1115,619,645]" country="Japan" name="Aomori" pageId="54" pageNumber="55">Aomori Pref.</collectingRegion>
Honshu, Japan 
<date box="[1291,1389,618,645]" pageId="54" pageNumber="55" value="1955-06-03">3.6.1955</date>
leg. K. Shimoyama” (
<collectionCode box="[348,419,655,681]" pageId="54" pageNumber="55">DEIC</collectionCode>
). 
<specimenCount box="[439,482,655,681]" pageId="54" pageNumber="55" type="male">1 ♂</specimenCount>
“Kuzukawa, 
<collectingRegion box="[635,785,655,681]" country="Japan" name="Aomori" pageId="54" pageNumber="55">Aomori Pref.</collectingRegion>
Honshu, Japan 
<date box="[965,1077,654,681]" pageId="54" pageNumber="55" value="1951-06-16">16.6.1951</date>
leg. K. Shimoyama” (
<collectionCode box="[1331,1402,655,681]" pageId="54" pageNumber="55">DEIC</collectionCode>
), 
<specimenCount pageId="54" pageNumber="55" type="male">1 ♂</specimenCount>
“Kuzukawa, 
<collectingRegion box="[326,475,691,717]" country="Japan" name="Aomori" pageId="54" pageNumber="55">Aomori Pref.</collectingRegion>
Honshu, Japan 20.6.56 leg. K. Shimoyama” (
<collectionCode box="[995,1066,691,717]" pageId="54" pageNumber="55">DEIC</collectionCode>
). 
<emphasis bold="true" box="[1086,1175,690,716]" pageId="54" pageNumber="55">
<collectingCountry box="[1086,1170,690,716]" name="Russia" pageId="54" pageNumber="55">Russia</collectingCountry>
:
</emphasis>
<specimenCount box="[1183,1226,691,717]" pageId="54" pageNumber="55" type="female">1 ♀</specimenCount>
“Sutschan Ussuri/ Collectio Coleopterorum Johan Albert Hultgren” (
<collectionCode box="[717,802,727,753]" country="Sweden" httpUri="http://biocol.org/urn:lsid:biocol.org:col:34994" lsid="urn:lsid:biocol.org:col:34994" name="Lund University" pageId="54" pageNumber="55">MZLU</collectionCode>
), 
<specimenCount box="[822,865,727,753]" pageId="54" pageNumber="55" type="male">1 ♂</specimenCount>
“SU, Far East (Primor’e) 
<quantity box="[1163,1227,727,753]" metricMagnitude="4" metricUnit="m" metricValue="8.0" pageId="54" pageNumber="55" unit="km" value="80.0">80km</quantity>
E Vladivostok Tigroviy vill. env. 
<date box="[339,469,762,789]" pageId="54" pageNumber="55" value="1989-05-07">05.07.1989</date>
, Lg. A. Napolov” (
<collectionCode box="[687,752,763,789]" pageId="54" pageNumber="55">CNA</collectionCode>
). 
<emphasis bold="true" box="[772,854,762,788]" pageId="54" pageNumber="55">
<collectingCountry box="[772,849,762,788]" name="China" pageId="54" pageNumber="55">China</collectingCountry>
:
</emphasis>
<specimenCount box="[863,906,763,789]" pageId="54" pageNumber="55" type="male">1 ♂</specimenCount>
“ 
<collectingRegion box="[924,1004,763,789]" country="China" name="Beijing" pageId="54" pageNumber="55">Peking</collectingRegion>
/ ex. Irig. Samlg. J. Breit Wien” (
<collectionCode box="[1385,1424,763,789]" pageId="54" pageNumber="55">CF</collectionCode>
), 
<specimenCount box="[151,195,799,825]" pageId="54" pageNumber="55" type="male">1 ♂</specimenCount>
“Shohchow 34 Shansi China” (
<collectionCode box="[563,602,799,825]" pageId="54" pageNumber="55">CF</collectionCode>
), 
<specimenCount box="[623,694,799,825]" pageId="54" pageNumber="55" type="generic">38 ex.</specimenCount>
“ 
<collectingRegion box="[713,810,799,825]" country="China" name="Tianjin" pageId="54" pageNumber="55">Tientsin</collectingRegion>
. 
<date box="[823,939,798,825]" pageId="54" pageNumber="55" value="1905-05">May 1905</date>
F.M. Thomson 1907-272.” (
<collectionCode box="[1268,1358,799,825]" pageId="54" pageNumber="55">BMNH</collectionCode>
), 
<specimenCount box="[1379,1436,799,825]" pageId="54" pageNumber="55" type="generic">1 ex.</specimenCount>
“ 
<collectingRegion box="[161,242,835,861]" country="China" name="Beijing" pageId="54" pageNumber="55">Peking</collectingRegion>
China/ Collectio Coleopterorum Johan Albert Hultgren” (
<collectionCode box="[885,970,835,861]" country="Sweden" httpUri="http://biocol.org/urn:lsid:biocol.org:col:34994" lsid="urn:lsid:biocol.org:col:34994" name="Lund University" pageId="54" pageNumber="55">MZLU</collectionCode>
), 
<specimenCount box="[988,1042,835,861]" pageId="54" pageNumber="55" type="generic">1 ex.</specimenCount>
“China 
<collectingRegion box="[1132,1210,835,861]" country="China" name="Beijing" pageId="54" pageNumber="55">Peking</collectingRegion>
V.19 Schoede S.G.” (
<collectionCode box="[159,245,871,897]" pageId="54" pageNumber="55">ZMHB</collectionCode>
), 
<specimenCount box="[266,335,871,897]" pageId="54" pageNumber="55" type="generic">26 ex.</specimenCount>
“China: 
<collectingRegion box="[438,510,871,897]" country="China" name="Hubei" pageId="54" pageNumber="55">Hubei</collectingRegion>
; Dahongshan 
<quantity box="[670,758,871,897]" metricMagnitude="3" metricUnit="m" metricValue="1.7" pageId="54" pageNumber="55" unit="m" value="1700.0">1700 m</quantity>
, Shuizhou 
<date box="[884,979,871,897]" pageId="54" pageNumber="55" value="2003-06">VI-2003</date>
leg. Ying 
<emphasis box="[1098,1155,871,897]" italics="true" pageId="54" pageNumber="55">et al.</emphasis>
” (
<collectionCode box="[1183,1267,871,897]" country="Germany" httpUri="http://biocol.org/urn:lsid:biocol.org:col:34613" lsid="urn:lsid:biocol.org:col:34613" name="Zoologisches Forschungsmuseum Alexander Koenig" pageId="54" pageNumber="55" type="Museum">ZFMK</collectionCode>
), 
<specimenCount box="[1287,1342,871,897]" pageId="54" pageNumber="55" type="generic">7 ex.</specimenCount>
“China, 
<collectingRegion box="[151,226,907,933]" country="China" name="Beijing" pageId="54" pageNumber="55">Bejing</collectingRegion>
Shi, 27.IV. Songshan 
<geoCoordinate box="[477,560,906,933]" degrees="40.55" direction="north" orientation="latitude" pageId="54" pageNumber="55" precision="555" value="40.55">40.55N</geoCoordinate>
<geoCoordinate box="[568,660,906,933]" degrees="115.85" direction="east" orientation="longitude" pageId="54" pageNumber="55" precision="555" value="115.85">115.85E</geoCoordinate>
Jaroslav Turna leg., 2005” (
<collectionCode box="[980,1064,907,933]" country="Germany" httpUri="http://biocol.org/urn:lsid:biocol.org:col:34613" lsid="urn:lsid:biocol.org:col:34613" name="Zoologisches Forschungsmuseum Alexander Koenig" pageId="54" pageNumber="55" type="Museum">ZFMK</collectionCode>
), 
<specimenCount box="[1083,1138,907,933]" pageId="54" pageNumber="55" type="generic">1 ex.</specimenCount>
(
<specimenCount box="[1154,1176,907,933]" pageId="54" pageNumber="55" type="male">♂</specimenCount>
) “Tokio P. Savolainen/ 25.4.54/ japonica” (
<collectionCode box="[370,454,943,969]" pageId="54" pageNumber="55">MZHF</collectionCode>
), 
<specimenCount box="[471,525,943,969]" pageId="54" pageNumber="55" type="generic">1 ex.</specimenCount>
(
<specimenCount box="[539,561,943,969]" pageId="54" pageNumber="55" type="male">♂</specimenCount>
) “Taiynanfu/ 
<taxonomicName authorityName="McLeay" authorityYear="1819" box="[715,785,943,969]" class="Insecta" family="Melolonthidae" genus="Serica" kingdom="Animalia" order="Coleoptera" pageId="54" pageNumber="55" phylum="Arthropoda" rank="genus">Serica</taxonomicName>
spec.” (
<collectionCode box="[874,937,943,969]" country="Germany" httpUri="http://grbio.org/cool/4b7r-7sec" name="Bavarian State Collection of Zoology" pageId="54" pageNumber="55" type="Museum">ZSM</collectionCode>
), 
<specimenCount box="[955,1009,943,969]" pageId="54" pageNumber="55" type="generic">4 ex.</specimenCount>
“Shansi N. China” (
<collectionCode box="[1234,1297,943,969]" country="Germany" httpUri="http://grbio.org/cool/4b7r-7sec" name="Bavarian State Collection of Zoology" pageId="54" pageNumber="55" type="Museum">ZSM</collectionCode>
), 
<specimenCount box="[1315,1368,943,969]" pageId="54" pageNumber="55" type="generic">1 ex.</specimenCount>
“China: S-Shaanxi (Qinling Shan) river bank at rd. Zhouzhi-Foping. 
<quantity box="[885,958,978,1005]" metricMagnitude="4" metricUnit="m" metricValue="9.5" pageId="54" pageNumber="55" unit="km" value="95.0">95 km</quantity>
WSW Xi’an, 
<quantity box="[1121,1210,979,1005]" metricMagnitude="3" metricUnit="m" metricValue="1.0" pageId="54" pageNumber="55" unit="m" value="1000.0">1000 m</quantity>
, 
<geoCoordinate box="[1223,1320,978,1005]" degrees="33" direction="north" minutes="53" orientation="latitude" pageId="54" pageNumber="55" precision="925" value="33.883335">33°53’N</geoCoordinate>
<geoCoordinate box="[1329,1437,979,1005]" degrees="108" direction="east" minutes="01" orientation="longitude" pageId="54" pageNumber="55" precision="925" value="108.01667">108°01’E</geoCoordinate>
leg. M. Sch̹lke [C01-04]” (
<collectionCode box="[467,602,1015,1041]" pageId="54" pageNumber="55">CA-MSNG</collectionCode>
), 
<specimenCount box="[622,677,1015,1041]" pageId="54" pageNumber="55" type="generic">1 ex.</specimenCount>
“China-N. Sechuan Shangliang 24- 
<date box="[1078,1193,1014,1041]" pageId="54" pageNumber="55" value="2002-05-29">29.5.2002</date>
lgt. E. Kucera” (
<collectionCode box="[1385,1424,1015,1041]" pageId="54" pageNumber="55">CP</collectionCode>
), 
<specimenCount box="[151,207,1051,1077]" pageId="54" pageNumber="55" type="generic">1 ex.</specimenCount>
“China, 
<quantity box="[310,455,1051,1077]" metricMagnitude="3" metricUnit="m" metricValue="1.15" metricValueMax="1.3" metricValueMin="1.0" pageId="54" pageNumber="55" unit="m" value="1150.0" valueMax="1300.0" valueMin="1000.0">1000-1300m</quantity>
, 
<collectingRegion box="[469,562,1051,1077]" country="China" name="Shaanxi" pageId="54" pageNumber="55">Shaanxi</collectingRegion>
, Qinling mts., Xunyangba (
<quantity box="[876,927,1051,1077]" metricMagnitude="3" metricUnit="m" metricValue="6.0" pageId="54" pageNumber="55" unit="km" value="6.0">6km</quantity>
E) 
<date box="[971,1154,1051,1077]" pageId="54" pageNumber="55" value="1998-05-23" valueMax="1998-06-13" valueMin="1998-05-23">23.v.-13.vi.1998</date>
I.H. Marshal leg.” (
<collectionCode box="[1385,1424,1051,1077]" pageId="54" pageNumber="55">CP</collectionCode>
), 
<specimenCount box="[151,208,1087,1113]" pageId="54" pageNumber="55" type="generic">1 ex.</specimenCount>
“C-China, 
<collectingRegion box="[341,500,1087,1113]" country="China" name="Shaanxi" pageId="54" pageNumber="55">Shaanxi prov.</collectingRegion>
, Qinling Shan 
<quantity box="[673,740,1086,1113]" metricMagnitude="2" metricUnit="m" metricValue="5.0" pageId="54" pageNumber="55" unit="m" value="500.0">500m</quantity>
, Lianghekou, 
<date box="[903,1061,1087,1113]" pageId="54" pageNumber="55" value="2000-06-18" valueMax="2000-06-19" valueMin="2000-06-18">18-19.vi.2000</date>
leg. C. Holzschuh” (
<collectionCode box="[1305,1344,1087,1113]" pageId="54" pageNumber="55">CP</collectionCode>
), 
<specimenCount box="[1366,1437,1087,1113]" pageId="54" pageNumber="55" type="generic">10 ex.</specimenCount>
“China: E 
<collectingRegion box="[269,336,1123,1149]" country="China" name="Hebei" pageId="54" pageNumber="55">Hebei</collectingRegion>
<date box="[343,471,1123,1149]" pageId="54" pageNumber="55" value="2001-06-17">17.VI.2001</date>
Qinglong env. 
<geoCoordinate box="[643,724,1123,1149]" degrees="40,4" direction="north" orientation="latitude" pageId="54" pageNumber="55" precision="5555" value="40.4">40,4°N</geoCoordinate>
<geoCoordinate box="[731,821,1123,1149]" degrees="118,9" direction="east" orientation="longitude" pageId="54" pageNumber="55" precision="5555" value="118.9">118,9°E</geoCoordinate>
O. Safranek lgt.” (
<collectionCode box="[1033,1072,1123,1149]" pageId="54" pageNumber="55">CP</collectionCode>
), 
<specimenCount box="[1092,1160,1123,1149]" pageId="54" pageNumber="55" type="generic">11 ex.</specimenCount>
“China, E 
<collectingRegion box="[1284,1354,1123,1149]" country="China" name="Hebei" pageId="54" pageNumber="55">Hebei</collectingRegion>
, 17.VI. 
<geoCoordinate box="[151,220,1159,1185]" degrees="40.4" direction="north" orientation="latitude" pageId="54" pageNumber="55" precision="5555" value="40.4">40.4N</geoCoordinate>
<geoCoordinate box="[230,309,1159,1185]" degrees="118.9" direction="east" orientation="longitude" pageId="54" pageNumber="55" precision="5555" value="118.9">118.9E</geoCoordinate>
2001 Qinglong S env. Jaroslav Turna leg.” (
<collectionCode box="[832,871,1159,1185]" pageId="54" pageNumber="55">CP</collectionCode>
), 
<specimenCount box="[894,951,1159,1185]" pageId="54" pageNumber="55" type="generic">1 ex.</specimenCount>
(
<specimenCount box="[969,983,1159,1186]" pageId="54" pageNumber="55" type="female">♀</specimenCount>
)”C-China, 
<collectingRegion box="[1125,1285,1159,1185]" country="China" name="Shaanxi" pageId="54" pageNumber="55">Shaanxi prov.</collectingRegion>
, 
<quantity box="[1299,1376,1159,1185]" metricMagnitude="5" metricUnit="m" metricValue="1.1" pageId="54" pageNumber="55" unit="km" value="110.0">110km</quantity>
E of Xi’an, 
<quantity box="[230,293,1194,1221]" metricMagnitude="2" metricUnit="m" metricValue="5.0" pageId="54" pageNumber="55" unit="m" value="500.0">500m</quantity>
Huashan env. 
<date box="[460,625,1195,1221]" pageId="54" pageNumber="55" value="2000-06-23" valueMax="2000-06-24" valueMin="2000-06-23">23-24.VI.2000</date>
leg. C. Holzschuh” (
<collectionCode box="[863,902,1195,1221]" pageId="54" pageNumber="55">CP</collectionCode>
), 
<specimenCount box="[922,978,1195,1221]" pageId="54" pageNumber="55" type="generic">2 ex.</specimenCount>
(
<specimenCount box="[994,1016,1195,1221]" pageId="54" pageNumber="55" type="male">♂</specimenCount>
) “Kiautschou China” (
<collectionCode box="[1275,1361,1195,1221]" pageId="54" pageNumber="55">ZMHB</collectionCode>
), 
<specimenCount box="[1381,1437,1195,1221]" pageId="54" pageNumber="55" type="generic">2 ex.</specimenCount>
(
<specimenCount box="[160,182,1231,1257]" pageId="54" pageNumber="55" type="male">♂</specimenCount>
) “Inn Shan Mongol.” (
<collectionCode box="[450,536,1231,1257]" pageId="54" pageNumber="55">ZMHB</collectionCode>
), 
<specimenCount box="[558,615,1231,1257]" pageId="54" pageNumber="55" type="generic">1 ex.</specimenCount>
“Mongolei Inn Shan” (
<collectionCode box="[887,973,1231,1257]" pageId="54" pageNumber="55">ZMHB</collectionCode>
), 
<specimenCount box="[995,1052,1231,1257]" pageId="54" pageNumber="55" type="generic">1 ex.</specimenCount>
(
<specimenCount box="[1070,1092,1231,1257]" pageId="54" pageNumber="55" type="male">♂</specimenCount>
) “Thibet Kuku-Nor 
<quantity box="[1329,1407,1231,1257]" metricMagnitude="3" metricUnit="m" metricValue="3.2" pageId="54" pageNumber="55" unit="m" value="3200.0">3200m</quantity>
F. Hauser 1898.” (
<collectionCode box="[331,417,1267,1293]" pageId="54" pageNumber="55">ZMHB</collectionCode>
), 1 ex “China Tche-fou” (
<collectionCode box="[714,800,1267,1293]" pageId="54" pageNumber="55">ZMHB</collectionCode>
), 
<specimenCount box="[821,865,1267,1293]" pageId="54" pageNumber="55" type="male">1 ♂</specimenCount>
“China n. IV-VII.1992 Mongol Ziziqu pr. Baotou env./ ex coll. Milan Nikodym, Praha” (
<collectionCode box="[581,665,1303,1329]" country="Germany" httpUri="http://biocol.org/urn:lsid:biocol.org:col:34613" lsid="urn:lsid:biocol.org:col:34613" name="Zoologisches Forschungsmuseum Alexander Koenig" pageId="54" pageNumber="55" type="Museum">ZFMK</collectionCode>
), 
<specimenCount box="[683,725,1303,1329]" pageId="54" pageNumber="55" type="male">1 ♂</specimenCount>
“China bor.occ. 9.5. 
<collectingRegion box="[960,1038,1303,1329]" country="China" name="Shanxi" pageId="54" pageNumber="55">Shanxi</collectingRegion>
reg. 1990 Shen Tou env. Z. Dolezal lgt.” (
<collectionCode box="[217,301,1339,1365]" country="Germany" httpUri="http://biocol.org/urn:lsid:biocol.org:col:34613" lsid="urn:lsid:biocol.org:col:34613" name="Zoologisches Forschungsmuseum Alexander Koenig" pageId="54" pageNumber="55" type="Museum">ZFMK</collectionCode>
), 
<specimenCount box="[321,391,1339,1365]" pageId="54" pageNumber="55" type="generic">32 ex.</specimenCount>
“China: 
<collectingRegion box="[496,672,1339,1365]" country="China" name="Nei Mongol" pageId="54" pageNumber="55">Inner Mongolia</collectingRegion>
Mt. Daquangdingzishan (
<quantity box="[968,1049,1339,1366]" metricMagnitude="3" metricUnit="m" metricValue="2.061" pageId="54" pageNumber="55" unit="m" value="2061.0">2061m</quantity>
) Chifeng 
<date box="[1165,1315,1339,1365]" pageId="54" pageNumber="55" value="2009-07-02" valueMax="2009-07-12" valueMin="2009-07-02">2-12.vii.2009</date>
local coll. Ankauf via Li Jingke 2010” (
<collectionCode box="[475,559,1375,1401]" country="Germany" httpUri="http://biocol.org/urn:lsid:biocol.org:col:34613" lsid="urn:lsid:biocol.org:col:34613" name="Zoologisches Forschungsmuseum Alexander Koenig" pageId="54" pageNumber="55" type="Museum">ZFMK</collectionCode>
), 
<specimenCount box="[577,645,1375,1401]" pageId="54" pageNumber="55" type="generic">10 ex.</specimenCount>
“China, 
<date box="[744,892,1375,1401]" pageId="54" pageNumber="55" value="2000-05-28">28 May 2000</date>
Badaling env., 
<quantity box="[1065,1129,1375,1401]" metricMagnitude="4" metricUnit="m" metricValue="6.0" pageId="54" pageNumber="55" unit="km" value="60.0">60km</quantity>
NW 
<collectingRegion box="[1187,1262,1375,1401]" country="China" name="Beijing" pageId="54" pageNumber="55">Bejing</collectingRegion>
Zd. Jindra lgt.” (
<collectionCode box="[159,243,1411,1437]" country="Germany" httpUri="http://biocol.org/urn:lsid:biocol.org:col:34613" lsid="urn:lsid:biocol.org:col:34613" name="Zoologisches Forschungsmuseum Alexander Koenig" pageId="54" pageNumber="55" type="Museum">ZFMK</collectionCode>
), 
<specimenCount box="[261,315,1411,1437]" pageId="54" pageNumber="55" type="generic">1 ex.</specimenCount>
“China, 
<date box="[413,547,1411,1437]" pageId="54" pageNumber="55" value="2000-06-04">4 June 2000</date>
Yunmeng Shan Forest Park 
<quantity box="[862,932,1411,1437]" metricMagnitude="4" metricUnit="m" metricValue="3.0" pageId="54" pageNumber="55" unit="km" value="30.0">30 km</quantity>
N of Huairou (
<quantity box="[1100,1171,1411,1437]" metricMagnitude="4" metricUnit="m" metricValue="8.0" pageId="54" pageNumber="55" unit="km" value="80.0">80 km</quantity>
N of 
<collectingRegion box="[1233,1310,1411,1438]" country="China" name="Beijing" pageId="54" pageNumber="55">Bejing</collectingRegion>
) Zd. Jindra lgt.” (
<collectionCode box="[214,298,1447,1473]" country="Germany" httpUri="http://biocol.org/urn:lsid:biocol.org:col:34613" lsid="urn:lsid:biocol.org:col:34613" name="Zoologisches Forschungsmuseum Alexander Koenig" pageId="54" pageNumber="55" type="Museum">ZFMK</collectionCode>
), 
<specimenCount box="[317,371,1447,1473]" pageId="54" pageNumber="55" type="generic">6 ex.</specimenCount>
“China, 
<date box="[470,604,1447,1473]" pageId="54" pageNumber="55" value="2000-06-03">3 June 2000</date>
Fengning env. 1200M NW slope of Yunwu Shan Zd. Jindra lgt.” (
<collectionCode box="[1341,1425,1447,1473]" country="Germany" httpUri="http://biocol.org/urn:lsid:biocol.org:col:34613" lsid="urn:lsid:biocol.org:col:34613" name="Zoologisches Forschungsmuseum Alexander Koenig" pageId="54" pageNumber="55" type="Museum">ZFMK</collectionCode>
), 
<specimenCount box="[151,208,1483,1509]" pageId="54" pageNumber="55" type="generic">2 ex.</specimenCount>
“Chekiang China/ OL Cartwright Collection 1959” (
<collectionCode box="[814,901,1483,1509]" country="USA" httpUri="http://biocol.org/urn:lsid:biocol.org:col:34871" lsid="urn:lsid:biocol.org:col:34871" name="Smithsonian Institution, National Museum of Natural History" pageId="54" pageNumber="55" type="Museum">USNM</collectionCode>
), 
<specimenCount box="[921,978,1483,1509]" pageId="54" pageNumber="55" type="generic">1 ex.</specimenCount>
“Chin-ling Mts. Shensi, E.B. Apr.-May, 1904” (
<collectionCode box="[235,322,1519,1545]" country="USA" httpUri="http://biocol.org/urn:lsid:biocol.org:col:34871" lsid="urn:lsid:biocol.org:col:34871" name="Smithsonian Institution, National Museum of Natural History" pageId="54" pageNumber="55" type="Museum">USNM</collectionCode>
), 
<specimenCount box="[342,398,1519,1545]" pageId="54" pageNumber="55" type="generic">1 ex.</specimenCount>
“China” (
<collectionCode box="[513,600,1519,1545]" country="USA" httpUri="http://biocol.org/urn:lsid:biocol.org:col:34871" lsid="urn:lsid:biocol.org:col:34871" name="Smithsonian Institution, National Museum of Natural History" pageId="54" pageNumber="55" type="Museum">USNM</collectionCode>
), 
<specimenCount box="[619,675,1519,1545]" pageId="54" pageNumber="55" type="generic">2 ex.</specimenCount>
“ 
<collectingRegion box="[692,773,1519,1545]" country="China" name="Beijing" pageId="54" pageNumber="55">Peking</collectingRegion>
China Summer ‘13/ F.N. Meyer collector” (
<collectionCode box="[1274,1361,1519,1545]" country="USA" httpUri="http://biocol.org/urn:lsid:biocol.org:col:34871" lsid="urn:lsid:biocol.org:col:34871" name="Smithsonian Institution, National Museum of Natural History" pageId="54" pageNumber="55" type="Museum">USNM</collectionCode>
), 
<specimenCount box="[1381,1436,1519,1545]" pageId="54" pageNumber="55" type="generic">3 ex.</specimenCount>
“ 
<collectingRegion box="[161,242,1555,1581]" country="China" name="Beijing" pageId="54" pageNumber="55">Peking</collectingRegion>
Chili, China/ A.P. Jacot 
<date box="[521,674,1555,1581]" pageId="54" pageNumber="55" value="1921-05-24">May 24 1921</date>
” (
<collectionCode box="[700,787,1555,1581]" country="USA" httpUri="http://biocol.org/urn:lsid:biocol.org:col:34871" lsid="urn:lsid:biocol.org:col:34871" name="Smithsonian Institution, National Museum of Natural History" pageId="54" pageNumber="55" type="Museum">USNM</collectionCode>
), 
<specimenCount box="[806,849,1555,1581]" pageId="54" pageNumber="55" type="male">1 ♂</specimenCount>
“Longmenhe, Xingshan, 
<collectingRegion box="[1140,1211,1555,1581]" country="China" name="Hubei" pageId="54" pageNumber="55">Hubei</collectingRegion>
, 
<date box="[1223,1338,1554,1581]" pageId="54" pageNumber="55" value="1995-06-08">8.VI.1995</date>
, 
<quantity box="[1351,1432,1555,1581]" metricMagnitude="3" metricUnit="m" metricValue="1.2" pageId="54" pageNumber="55" unit="m" value="1200.0">1200m</quantity>
, leg. Wang Shuyong” (
<collectionCode box="[396,463,1591,1617]" country="0" httpUri="http://grbio.org/cool/043p-ts4f" name="Institut Zoologii Akademii Nauk Ukraini - Institute of Zoology of the Academy of Sciences of Ukraine" pageId="54" pageNumber="55">IZAS</collectionCode>
), 
<specimenCount box="[483,545,1591,1617]" pageId="54" pageNumber="55" type="male">2 ♂♂</specimenCount>
“Chine A. Davis” (Mus. Paris), 
<specimenCount box="[906,948,1591,1617]" pageId="54" pageNumber="55" type="male">1 ♂</specimenCount>
“Museum Paris Nord 
<collectingRegion box="[1198,1262,1591,1617]" country="China" name="Beijing" pageId="54" pageNumber="55">Pekin</collectingRegion>
A. Davis 1865/ Jehol” (
<collectionCode box="[237,328,1627,1653]" country="France" httpUri="http://biocol.org/urn:lsid:biocol.org:col:34988" lsid="urn:lsid:biocol.org:col:34988" name="Museum National d'Histoire Naturelle" pageId="54" pageNumber="55">MNHN</collectionCode>
), 
<specimenCount box="[346,387,1627,1653]" pageId="54" pageNumber="55" type="male">1 ♂</specimenCount>
“Museum Paris 1906 Coll. Leon Fairmaire/ 
<taxonomicName authority="Mot." authorityName="Motschulsky" authorityYear="1858" box="[882,1123,1627,1653]" class="Insecta" family="Melolonthidae" genus="Serica" kingdom="Animalia" order="Coleoptera" pageId="54" pageNumber="55" phylum="Arthropoda" rank="species" species="orientalis">Serica orientalis Mot.</taxonomicName>
<collectingRegion box="[1129,1196,1627,1653]" country="China" name="Beijing" pageId="54" pageNumber="55">Pekin</collectingRegion>
” (
<collectionCode box="[1219,1310,1627,1653]" country="France" httpUri="http://biocol.org/urn:lsid:biocol.org:col:34988" lsid="urn:lsid:biocol.org:col:34988" name="Museum National d'Histoire Naturelle" pageId="54" pageNumber="55">MNHN</collectionCode>
), 
<specimenCount box="[1328,1369,1627,1653]" pageId="54" pageNumber="55" type="female">1 ♀</specimenCount>
“Museum Paris 1906 Coll. Leon Fairmaire/ 
<typeStatus box="[604,659,1663,1689]" pageId="54" pageNumber="55">Type</typeStatus>
/ 
<taxonomicName authority="Mot." authorityName="Motschulsky" authorityYear="1858" box="[676,923,1663,1689]" class="Insecta" family="Melolonthidae" genus="Serica" kingdom="Animalia" order="Coleoptera" pageId="54" pageNumber="55" phylum="Arthropoda" rank="species" species="orientalis">Serica orientalis Mot.</taxonomicName>
<collectingRegion box="[931,998,1663,1689]" country="China" name="Beijing" pageId="54" pageNumber="55">Pekin</collectingRegion>
” (
<collectionCode box="[1024,1115,1663,1689]" country="France" httpUri="http://biocol.org/urn:lsid:biocol.org:col:34988" lsid="urn:lsid:biocol.org:col:34988" name="Museum National d'Histoire Naturelle" pageId="54" pageNumber="55">MNHN</collectionCode>
), 
<specimenCount box="[1136,1180,1663,1689]" pageId="54" pageNumber="55" type="female">1 ♀</specimenCount>
“ 
<typeStatus box="[1198,1256,1663,1689]" pageId="54" pageNumber="55">Type</typeStatus>
/ Museum Paris 1906 Coll. Leon Fairmaire/ 
<taxonomicName authority="Frm." authorityName="Frm." box="[459,675,1699,1725]" class="Insecta" family="Melolonthidae" genus="Serica" kingdom="Animalia" order="Coleoptera" pageId="54" pageNumber="55" phylum="Arthropoda" rank="species" species="diffinis">Serica diffinis Frm.</taxonomicName>
<collectingRegion box="[681,748,1699,1725]" country="China" name="Beijing" pageId="54" pageNumber="55">Pekin</collectingRegion>
” (
<collectionCode box="[770,861,1699,1725]" country="France" httpUri="http://biocol.org/urn:lsid:biocol.org:col:34988" lsid="urn:lsid:biocol.org:col:34988" name="Museum National d'Histoire Naturelle" pageId="54" pageNumber="55">MNHN</collectionCode>
), 
<specimenCount box="[879,941,1699,1725]" pageId="54" pageNumber="55" type="male">4 ♂♂</specimenCount>
“China Yunnang” (
<collectionCode box="[1156,1242,1699,1725]" pageId="54" pageNumber="55">ZMHB</collectionCode>
), 
<specimenCount box="[1261,1322,1699,1725]" pageId="54" pageNumber="55" type="male">3 ♂♂</specimenCount>
“Mongol. Or-Chan-heou” (
<collectionCode box="[340,426,1735,1761]" pageId="54" pageNumber="55">ZMHB</collectionCode>
), 
<specimenCount box="[446,512,1735,1761]" pageId="54" pageNumber="55" type="male">3 ♂♂</specimenCount>
, 
<specimenCount box="[524,588,1735,1761]" pageId="54" pageNumber="55" type="female">2 ♀♀</specimenCount>
“Kansou or. K’ing-iang-fou” (
<collectionCode box="[934,1020,1735,1761]" pageId="54" pageNumber="55">ZMHB</collectionCode>
), 
<specimenCount box="[1040,1083,1735,1761]" pageId="54" pageNumber="55" type="male">1 ♂</specimenCount>
“Shi-wan-tsze Hiu-mou kiangkeou” (
<collectionCode box="[233,319,1771,1797]" pageId="54" pageNumber="55">ZMHB</collectionCode>
), 
<specimenCount box="[339,404,1771,1797]" pageId="54" pageNumber="55" type="male">3 ♂♂</specimenCount>
, 
<specimenCount box="[416,479,1771,1797]" pageId="54" pageNumber="55" type="female">3 ♀♀</specimenCount>
“Kiautschougebiet Tsingtau Hass S.G.” (
<collectionCode box="[943,1029,1771,1797]" pageId="54" pageNumber="55">ZMHB</collectionCode>
), 
<specimenCount box="[1049,1091,1771,1797]" pageId="54" pageNumber="55" type="male">1 ♂</specimenCount>
“ 
<collectingRegion box="[1107,1196,1771,1797]" country="China" name="Yunnan" pageId="54" pageNumber="55">Yunnan</collectingRegion>
<quantity box="[1203,1346,1771,1797]" metricMagnitude="3" metricUnit="m" metricValue="2.5" metricValueMax="3.0" metricValueMin="2.0" pageId="54" pageNumber="55" unit="m" value="2500.0" valueMax="3000.0" valueMin="2000.0">2000-3000m</quantity>
<geoCoordinate box="[1353,1436,1771,1797]" degrees="27.20" direction="north" orientation="latitude" pageId="54" pageNumber="55" precision="555" value="27.2">27.20N</geoCoordinate>
<geoCoordinate box="[151,244,1807,1833]" degrees="100.11" direction="east" orientation="longitude" pageId="54" pageNumber="55" precision="555" value="100.11">100.11E</geoCoordinate>
Habashan mts. SE slope 10-13/7. Vit Kuban leg. 92” (
<collectionCode box="[882,921,1807,1833]" pageId="54" pageNumber="55">CP</collectionCode>
), 
<specimenCount box="[944,1001,1807,1833]" pageId="54" pageNumber="55" type="generic">2 ex.</specimenCount>
“China—Shaanxi Lueang env. 15Km NW 26.5.- 
<date box="[265,381,1842,1869]" pageId="54" pageNumber="55" value="2001-05-31">31.5.2001</date>
leg. E. Kucera” (
<collectionCode box="[577,616,1843,1869]" pageId="54" pageNumber="55">CP</collectionCode>
), 
<specimenCount box="[636,691,1843,1869]" pageId="54" pageNumber="55" type="generic">1 ex.</specimenCount>
“China, N-Sichuan 
<quantity box="[918,982,1843,1869]" metricMagnitude="4" metricUnit="m" metricValue="3.0" pageId="54" pageNumber="55" unit="km" value="30.0">30km</quantity>
W Nanping 11., 
<date box="[1173,1301,1843,1869]" pageId="54" pageNumber="55" value="1992-06-16">16.VI.1992</date>
Jiuzhaigou, 
<quantity box="[151,232,1879,1905]" metricMagnitude="3" metricUnit="m" metricValue="2.1" pageId="54" pageNumber="55" unit="m" value="2100.0">2100m</quantity>
, Jaroslav Turna leg.” (
<collectionCode box="[479,518,1879,1905]" pageId="54" pageNumber="55">CP</collectionCode>
), 
<specimenCount box="[536,604,1879,1905]" pageId="54" pageNumber="55" type="generic">46 ex.</specimenCount>
“China, 
<collectingRegion box="[702,784,1879,1905]" country="China" name="Beijing" pageId="54" pageNumber="55">Beijing</collectingRegion>
Shi, 28.V. 60Km NE 
<collectingRegion box="[1025,1107,1879,1905]" country="China" name="Beijing" pageId="54" pageNumber="55">Beijing</collectingRegion>
2000 Badaling 
<geoCoordinate box="[1282,1351,1879,1905]" degrees="40.3" direction="north" orientation="latitude" pageId="54" pageNumber="55" precision="5555" value="40.3">40.3N</geoCoordinate>
<geoCoordinate box="[1357,1436,1879,1905]" degrees="116.0" direction="east" orientation="longitude" pageId="54" pageNumber="55" precision="5555" value="116.0">116.0E</geoCoordinate>
Jaroslav Turna leg.” (
<collectionCode box="[391,430,1915,1941]" pageId="54" pageNumber="55">CP</collectionCode>
), 
<specimenCount box="[450,504,1915,1941]" pageId="54" pageNumber="55" type="generic">1 ex.</specimenCount>
“China, 
<collectingRegion box="[603,692,1915,1941]" country="China" name="Yunnan" pageId="54" pageNumber="55">Yunnan</collectingRegion>
; Haba Mts., Bailakou pass; h= 
<quantity box="[1035,1116,1915,1941]" metricMagnitude="3" metricUnit="m" metricValue="3.3" pageId="54" pageNumber="55" unit="m" value="3300.0">3300m</quantity>
, 
<date box="[1127,1241,1915,1941]" pageId="54" pageNumber="55" value="2002-07-09">9.vii.2002</date>
leg. S. Murzin &amp; I. Shokin” (
<collectionCode box="[283,322,1951,1977]" pageId="54" pageNumber="55">CP</collectionCode>
), 
<specimenCount box="[342,398,1951,1977]" pageId="54" pageNumber="55" type="generic">1 ex.</specimenCount>
“China 
<collectingRegion box="[491,577,1951,1977]" country="China" name="Yunnan" pageId="54" pageNumber="55">Yunnan</collectingRegion>
Liujang, 
<date box="[686,837,1951,1977]" pageId="54" pageNumber="55" value="1994-06-08" valueMax="1994-06-24" valueMin="1994-06-08">8-24.VI.1994</date>
leg. B. Siska &amp; T. Spevar” (
<collectionCode box="[1161,1200,1951,1977]" pageId="54" pageNumber="55">CP</collectionCode>
), 
<specimenCount box="[1220,1265,1951,1977]" pageId="54" pageNumber="55" type="male">1 ♂</specimenCount>
, 
<specimenCount box="[1278,1341,1951,1977]" pageId="54" pageNumber="55" type="female">6 ♀♀</specimenCount>
“ 
<collectingRegion box="[1359,1436,1951,1977]" country="China" name="Hunan" pageId="54" pageNumber="55">Hunan</collectingRegion>
SC. China Luki: Pushih 
<date box="[424,533,1986,2013]" pageId="54" pageNumber="55" value="1939-04-05">5.IV.1939</date>
T.C. Maa” (
<collectionCode box="[672,741,1987,2013]" country="United Kingdom" lsid="urn:lsid:biocol.org:col:13650" name="Museum" pageId="54" pageNumber="55" type="Herbarium">BMH</collectionCode>
), 
<specimenCount box="[760,802,1987,2013]" pageId="54" pageNumber="55" type="male">1 ♂</specimenCount>
“Kiagsi, China Shangjao 
<date box="[1093,1216,1987,2013]" pageId="54" pageNumber="55" value="1939-04-27">27.IV.1939</date>
T.C. Maa” (
<collectionCode box="[1355,1424,1987,2013]" country="United Kingdom" lsid="urn:lsid:biocol.org:col:13650" name="Museum" pageId="54" pageNumber="55" type="Herbarium">BMH</collectionCode>
), 
<specimenCount box="[151,195,151,177]" pageId="55" pageNumber="56" type="female">1 ♀</specimenCount>
“China, 
<collectingRegion box="[298,380,151,177]" country="China" name="Beijing" pageId="55" pageNumber="56">Beijing</collectingRegion>
Olympic Forest Park, 
<geoCoordinate box="[640,754,151,177]" degrees="40.0131" direction="north" orientation="latitude" pageId="55" pageNumber="56" precision="5" value="40.0131">40.0131N</geoCoordinate>
, 
<geoCoordinate box="[767,888,151,177]" degrees="116.3914" direction="east" orientation="longitude" pageId="55" pageNumber="56" precision="5" value="116.3914">116.3914E</geoCoordinate>
J. Prena 
<date box="[995,1097,151,177]" pageId="55" pageNumber="56" value="2013-05-07">7.V.2013</date>
” (
<collectionCode box="[1124,1208,151,177]" country="Germany" httpUri="http://biocol.org/urn:lsid:biocol.org:col:34613" lsid="urn:lsid:biocol.org:col:34613" name="Zoologisches Forschungsmuseum Alexander Koenig" pageId="55" pageNumber="56" type="Museum">ZFMK</collectionCode>
), 
<specimenCount box="[1228,1271,151,177]" pageId="55" pageNumber="56" type="male">1 ♂</specimenCount>
“Ta-tsien-Lou Chasseurs Thibetains 1896” (
<collectionCode box="[484,576,187,213]" country="France" httpUri="http://biocol.org/urn:lsid:biocol.org:col:34988" lsid="urn:lsid:biocol.org:col:34988" name="Museum National d'Histoire Naturelle" pageId="55" pageNumber="56">MNHN</collectionCode>
). 
<emphasis bold="true" box="[595,710,186,213]" pageId="55" pageNumber="56">
S. 
<collectingCountry box="[626,704,187,213]" name="South Korea" pageId="55" pageNumber="56">Korea</collectingCountry>
:
</emphasis>
<specimenCount box="[718,762,187,213]" pageId="55" pageNumber="56" type="male">1 ♂</specimenCount>
“Korea Gonsan” (
<collectionCode box="[973,1059,187,213]" pageId="55" pageNumber="56">ZMHB</collectionCode>
), 
<specimenCount box="[1080,1136,187,213]" pageId="55" pageNumber="56" type="generic">1 ex.</specimenCount>
(
<specimenCount box="[1153,1175,187,213]" pageId="55" pageNumber="56" type="male">♂</specimenCount>
) “Korea” (
<collectionCode box="[1302,1389,187,213]" pageId="55" pageNumber="56">ZMHB</collectionCode>
). 
<emphasis bold="true" pageId="55" pageNumber="56">
N. 
<collectingCountry box="[151,229,223,249]" name="South Korea" pageId="55" pageNumber="56">Korea</collectingCountry>
:
</emphasis>
<specimenCount box="[242,284,223,249]" pageId="55" pageNumber="56" type="male">1 ♂</specimenCount>
“N. Korea 
<date box="[413,525,223,249]" pageId="55" pageNumber="56" value="1990-07-18">18.7.1990</date>
Ondouri 
<quantity box="[632,703,223,249]" metricMagnitude="4" metricUnit="m" metricValue="2.0" pageId="55" pageNumber="56" unit="km" value="20.0">20 km</quantity>
W of Pu-Tshou lgt. S. Murzin” (
<collectionCode box="[1069,1153,223,249]" country="Germany" httpUri="http://biocol.org/urn:lsid:biocol.org:col:34613" lsid="urn:lsid:biocol.org:col:34613" name="Zoologisches Forschungsmuseum Alexander Koenig" pageId="55" pageNumber="56" type="Museum">ZFMK</collectionCode>
).
</paragraph>
</subSubSection>
<subSubSection pageId="55" pageNumber="56" type="description">
<paragraph blockId="55.[151,1437,151,2013]" pageId="55" pageNumber="56">
<emphasis bold="true" box="[199,373,258,284]" pageId="55" pageNumber="56">Redescription.</emphasis>
Length: 
<quantity box="[472,559,259,285]" metricMagnitude="-3" metricUnit="m" metricValue="7.6" pageId="55" pageNumber="56" unit="mm" value="7.6">7.6 mm</quantity>
, length of elytra: 
<quantity box="[752,839,258,285]" metricMagnitude="-3" metricUnit="m" metricValue="5.4" pageId="55" pageNumber="56" unit="mm" value="5.4">5.4 mm</quantity>
, width: 
<quantity box="[927,1015,259,285]" metricMagnitude="-3" metricUnit="m" metricValue="4.7" pageId="55" pageNumber="56" unit="mm" value="4.7">4.7 mm</quantity>
. Body oval, dark brown, dull, antenna yellow, labroclypeus moderately shiny, glabrous except for a few short setae on head and lateral margins of pronotum and elytra.
</paragraph>
<paragraph blockId="55.[151,1437,151,2013]" pageId="55" pageNumber="56">
Labroclypeus trapezoidal, distinctly wider than long, widest at base, lateral margins weakly convex and strongly convergent to moderately rounded anterior angles, lateral margin and ocular canthus producing an indistinct angle; margins weakly reflexed; anterior margin moderately emarginate medially; surface moderately convex medially, shiny, coarsely and densely punctate, partly rugose, with numerous erect setae; frontoclypeal suture feebly incised and weakly bent medially; smooth area anterior to eye twice as wide as long; ocular canthus short and wide (1/4 of ocular diameter), finely scarcely punctate, with one to four setae. Frons dull, with fine, dense punctures, with a few short setae beside eyes, behind frontoclypeal suture and along a transverse line on posterior part. Eyes small, ratio of diameter/ interocular width: 0.4. Antenna with ten antennomeres; club with three antennomeres, 0.9 times as long as remaining antennomeres combined. 
<collectingRegion box="[589,684,655,681]" country="Myanmar" name="Chin" pageId="55" pageNumber="56">Mentum</collectingRegion>
elevated and flattened anteriorly.
</paragraph>
<paragraph blockId="55.[151,1437,151,2013]" pageId="55" pageNumber="56">Pronotum trapezoidal, widest at base, lateral margins weakly evenly convex and narrowed towards strongly produced and sharp anterior angles; posterior angles blunt; anterior margin nearly straight, with complete and fine marginal line; basal margin without marginal line; surface finely and densely punctate, punctures with microscopic setae only; anterior and lateral margins sparsely setose; hypomeron carinate but not produced ventrally. Scutellum wide, triangular, with fine and dense punctures.</paragraph>
<paragraph blockId="55.[151,1437,151,2013]" pageId="55" pageNumber="56">Elytra oblong, widest in posterior third, striae weakly impressed, finely and sparsely punctate, intervals weakly convex, with fine, sparse and evenly distributed punctures; odd intervals with a few single adjacent short setae, otherwise punctures with minute setae only; epipleural margin robust, ending at widely rounded external apical angle of elytra, epipleura sparsely setose; apical border membraneous, with a rim of short microtrichomes.</paragraph>
<paragraph blockId="55.[151,1437,151,2013]" pageId="55" pageNumber="56">Ventral surface dull, metasternum and metacoxa with large and dense punctures, sparsely setose; metacoxa glabrous except for numerous long setae laterally; abdominal sternites finely and densely punctate, some punctures with very short or minute setae, each sternite with a distinct transverse row of coarse punctures each bearing a short seta, penultimate sternite apically with a wide shiny smooth chitinous border of half sternite length. Mesosternum between mesocoxae as wide as mesofemur. Ratio of length of metepisternum/metacoxa: 1/1.56. Pygidium moderately convex, dull, finely and moderately densely punctate, glabrous except a few longer and shorter setae apically.</paragraph>
<paragraph blockId="55.[151,1437,151,2013]" pageId="55" pageNumber="56">Legs moderately wide; femora finely and moderately densely punctate, with two longitudinal rows of setae. Metafemur wide, moderately shiny, anterior margin acute, without adjacent, continuously serrated line, surface sparsely and superficially punctate, anterior row of setae complete; posterior ventral margin moderately widened in apical half and not serrate apically, posterior margin dorsally not serrated, glabrous. Metatibia moderately wide and short, widest at middle, ratio width/length: 1/3.1, dorsal margin sharply carinate, with two groups of spines, basal one shortly before middle, apical one at three quarters of metatibial length, beside dorsal margin basally with a few single fine setae; lateral face weakly longitudinally convex, finely sparsely punctate, along middle impunctate; ventral margin finely serrate, with three strong spines of which the distal one is more distant; medial face impunctate, apex shallowly concave interiorly near tarsal articulation. Tarsomeres impunctate dorsally, with sparse, short setae ventrally; metatarsomeres glabrous ventrally and with a strongly serrated longitudinal ridge as well as a strong, smooth carina beside it, first metatarsomere distinctly shorter than following two tarsomeres combined and little shorter than dorsal tibial spur. Protibia short, bidentate. All claws symmetrical, feebly curved and long, with normally developed basal tooth.</paragraph>
<paragraph blockId="55.[151,1437,151,2013]" box="[199,678,1735,1761]" pageId="55" pageNumber="56">
Aedeagus: 
<figureCitation box="[324,403,1735,1761]" captionStart="FIGURE 10" captionStartId="52.[151,250,1909,1933]" captionTargetBox="[207,1379,195,1873]" captionTargetId="figure-19@52.[195,1393,181,1885]" captionTargetPageId="52" captionText="FIGURE 10. A–D: Maladera lignicolor (Fairmaire, 1887) (holotype Autoserica tenebrosa Frey, 1972); E–H: M. orientalis (Motschulsky, 1858) (lectotype); I–L: M. enigma Ahrens, Fabrizi &amp; Liu, sp. n. (holotype). A, E, I: aedeagus, left side lateral view; C, G, K: aedeagus, right side lateral view; B, F, J: parameres, dorsal view; D, H, L: habitus. Scale: 0.5 mm. Habitus not to scale." figureDoi="http://doi.org/10.5281/zenodo.4496336" httpUri="https://zenodo.org/record/4496336/files/figure.png" pageId="55" pageNumber="56">Fig. 10</figureCitation>
E–G. Habitus: 
<figureCitation box="[571,674,1735,1761]" captionStart="FIGURE 10" captionStartId="52.[151,250,1909,1933]" captionTargetBox="[207,1379,195,1873]" captionTargetId="figure-19@52.[195,1393,181,1885]" captionTargetPageId="52" captionText="FIGURE 10. A–D: Maladera lignicolor (Fairmaire, 1887) (holotype Autoserica tenebrosa Frey, 1972); E–H: M. orientalis (Motschulsky, 1858) (lectotype); I–L: M. enigma Ahrens, Fabrizi &amp; Liu, sp. n. (holotype). A, E, I: aedeagus, left side lateral view; C, G, K: aedeagus, right side lateral view; B, F, J: parameres, dorsal view; D, H, L: habitus. Scale: 0.5 mm. Habitus not to scale." figureDoi="http://doi.org/10.5281/zenodo.4496336" httpUri="https://zenodo.org/record/4496336/files/figure.png" pageId="55" pageNumber="56">Fig. 10H</figureCitation>
.
</paragraph>
</subSubSection>
<subSubSection pageId="55" pageNumber="56" type="discussion">
<paragraph blockId="55.[151,1437,151,2013]" pageId="55" pageNumber="56">
<emphasis bold="true" box="[199,315,1771,1797]" pageId="55" pageNumber="56">Remarks.</emphasis>
Unfortunately, the 
<typeStatus box="[545,707,1771,1797]" pageId="55" pageNumber="56">paralectotypes</typeStatus>
of 
<taxonomicName authorityName="Motschulsky" authorityYear="1858" box="[752,942,1771,1797]" class="Insecta" family="Melolonthidae" genus="Serica" kingdom="Animalia" order="Coleoptera" pageId="55" pageNumber="56" phylum="Arthropoda" rank="species" species="orientalis">
<emphasis box="[752,942,1771,1797]" italics="true" pageId="55" pageNumber="56">Serica orientalis</emphasis>
</taxonomicName>
are severly damaged, with both head and pronotum lacking, and the abdomen mostly destroyed; consequently, the most intact male specimen possessing an aedeagus was chosen as 
<typeStatus box="[471,577,1843,1869]" pageId="55" pageNumber="56">lectotype</typeStatus>
. Both 
<taxonomicName authorityName="Brenske" authorityYear="1894" box="[654,836,1843,1869]" class="Insecta" family="Melolonthidae" genus="Serica" kingdom="Animalia" order="Coleoptera" pageId="55" pageNumber="56" phylum="Arthropoda" rank="species" species="mirabilis">
<emphasis box="[654,836,1843,1869]" italics="true" pageId="55" pageNumber="56">Serica mirabilis</emphasis>
</taxonomicName>
and 
<taxonomicName authorityName="Brenske" authorityYear="1898" box="[895,1107,1843,1869]" class="Insecta" family="Melolonthidae" genus="Autoserica" kingdom="Animalia" order="Coleoptera" pageId="55" pageNumber="56" phylum="Arthropoda" rank="species" species="davidis">
<emphasis box="[895,1107,1843,1869]" italics="true" pageId="55" pageNumber="56">Autoserica davidis</emphasis>
</taxonomicName>
were described from female specimens and they are virtually identical externally to females of 
<taxonomicName authorityName="Nikolaev" baseAuthorityName="Motschulsky" baseAuthorityYear="1858" box="[897,1122,1879,1905]" class="Insecta" family="Melolonthidae" genus="Maladera" kingdom="Animalia" order="Coleoptera" pageId="55" pageNumber="56" phylum="Arthropoda" rank="species" species="orientalis">
<emphasis box="[897,1122,1879,1905]" italics="true" pageId="55" pageNumber="56">Maladera orientalis</emphasis>
</taxonomicName>
. 
<typeStatus box="[1136,1239,1879,1905]" pageId="55" pageNumber="56">Syntypes</typeStatus>
of 
<taxonomicName box="[1277,1392,1879,1905]" class="Insecta" family="Melolonthidae" genus="Serica" kingdom="Animalia" order="Coleoptera" pageId="55" pageNumber="56" phylum="Arthropoda" rank="species" species="diffinis">
<emphasis box="[1277,1392,1879,1905]" italics="true" pageId="55" pageNumber="56">M. diffinis</emphasis>
</taxonomicName>
, 
<taxonomicName class="Insecta" family="Melolonthidae" genus="Serica" kingdom="Animalia" order="Coleoptera" pageId="55" pageNumber="56" phylum="Arthropoda" rank="species" species="salebrosa">
<emphasis italics="true" pageId="55" pageNumber="56">M. salebrosa</emphasis>
</taxonomicName>
, 
<taxonomicName authorityName="Brenske" authorityYear="1897" box="[273,406,1915,1941]" class="Insecta" family="Melolonthidae" genus="Serica" kingdom="Animalia" order="Coleoptera" pageId="55" pageNumber="56" phylum="Arthropoda" rank="species" species="famelica">
<emphasis box="[273,406,1915,1941]" italics="true" pageId="55" pageNumber="56">M. famelica</emphasis>
</taxonomicName>
and 
<taxonomicName authorityName="Brenske" authorityYear="1897" box="[461,630,1915,1941]" class="Insecta" family="Melolonthidae" genus="Serica" kingdom="Animalia" order="Coleoptera" pageId="55" pageNumber="56" phylum="Arthropoda" rank="species" species="pekingensis">
<emphasis box="[461,630,1915,1941]" italics="true" pageId="55" pageNumber="56">M. pekingensis</emphasis>
</taxonomicName>
all fit with in the range of morphological variation of 
<taxonomicName authorityName="Nikolaev" baseAuthorityName="Motschulsky" baseAuthorityYear="1858" box="[1237,1381,1915,1941]" class="Insecta" family="Melolonthidae" genus="Maladera" kingdom="Animalia" order="Coleoptera" pageId="55" pageNumber="56" phylum="Arthropoda" rank="species" species="orientalis">
<emphasis box="[1237,1381,1915,1941]" italics="true" pageId="55" pageNumber="56">M. orientalis</emphasis>
</taxonomicName>
, and are thus confirmed as synonyms.
</paragraph>
</subSubSection>
<subSubSection box="[199,704,1986,2013]" pageId="55" pageNumber="56" type="distribution">
<paragraph blockId="55.[151,1437,151,2013]" box="[199,704,1986,2013]" pageId="55" pageNumber="56">
<emphasis bold="true" box="[199,353,1986,2012]" pageId="55" pageNumber="56">Distribution.</emphasis>
See map (
<figureCitation box="[470,552,1987,2013]" captionStart="FIGURE 89" captionStartId="346.[151,250,1037,1061]" captionTargetBox="[209,1380,191,1008]" captionTargetId="figure-19@346.[201,1386,181,1014]" captionTargetPageId="346" captionText="FIGURE 89. Distribution of the subgenus Omaladera: Maladera lignicolor (Fairmaire, 1887), M. orientalis (Motschulsky, 1858)." figureDoi="http://doi.org/10.5281/zenodo.4496552" httpUri="https://zenodo.org/record/4496552/files/figure.png" pageId="55" pageNumber="56">Fig. 89</figureCitation>
) and 
<tableCitation box="[614,698,1987,2013]" captionStart="TABLE 1" captionStartId="368.[151,239,544,570]" captionText="TABLE 1. Overview on the distribuition of the Chinese mainland species of Maladera Mulsant &amp; Rey, 1871 (x – records from material examined herein, o – records from literature, with no material of this study)." pageId="55" pageNumber="56">Table 1</tableCitation>
.
</paragraph>
</subSubSection>
</treatment>
</document>