<document ID-DOI="http://doi.org/10.5281/zenodo.4534914" ID-GBIF-Dataset="188411de-569c-4408-a016-1a04b858c142" ID-ISSN="1175-5326" ID-Zenodo-Dep="4534914" ID-ZooBank="D7F9C6A3-9C28-4F4C-8E81-BF24849FDD8C" _generate="added" approvalRequired="33" approvalRequired_for_illustrations="17" approvalRequired_for_treatments="16" checkinTime="1612331093960" checkinUser="plazi" docAuthor="Fabrizi, Silvia, Liu, Wan-Gang, Bai, Ming, Yang, Xing-Ke &amp; Ahrens, Dirk" docDate="2021" docId="03BD87E66A5AFEF8AF89FB28FD103E11" docLanguage="en" docName="zootaxa.4922.1.1.pdf" docOrigin="Zootaxa 4922 (1)" docStyle="DocumentStyle:5EBBA59367AD13919D70D935FA04F6A3.7:Zootaxa.2013-.monograph" docStyleId="5EBBA59367AD13919D70D935FA04F6A3" docStyleName="Zootaxa.2013-.monograph" docStyleVersion="7" docTitle="Maladera kreyenbergi" docType="treatment" docVersion="7" lastPageId="317" lastPageNumber="318" masterDocId="FF84FF9E6B61FFC5AF1EF86AFFDE3D4C" masterDocTitle="A monograph of the genus Maladera Mulsant &amp; Rey, 1871 of China (Coleoptera: Scarabaeidae: Melolonthinae: Sericini)" masterLastPageNumber="400" masterPageNumber="1" pageId="315" pageNumber="316" updateTime="1615983897969" updateUser="diego">
<mods:mods xmlns:mods="http://www.loc.gov/mods/v3">
<mods:titleInfo>
<mods:title>A monograph of the genus Maladera Mulsant &amp; Rey, 1871 of China (Coleoptera: Scarabaeidae: Melolonthinae: Sericini)</mods:title>
</mods:titleInfo>
<mods:name type="personal">
<mods:role>
<mods:roleTerm>Author</mods:roleTerm>
</mods:role>
<mods:namePart>Fabrizi, Silvia</mods:namePart>
<mods:nameIdentifier type="ORCID">0000-0003-3524-7153</mods:nameIdentifier>
<mods:nameIdentifier type="email">ahrens.dirk_col@gmx.de</mods:nameIdentifier>
</mods:name>
<mods:name type="personal">
<mods:role>
<mods:roleTerm>Author</mods:roleTerm>
</mods:role>
<mods:namePart>Liu, Wan-Gang</mods:namePart>
<mods:nameIdentifier type="ORCID">0000-0003-4788-7967</mods:nameIdentifier>
<mods:nameIdentifier type="email">liuwangang@ieecas.cn</mods:nameIdentifier>
</mods:name>
<mods:name type="personal">
<mods:role>
<mods:roleTerm>Author</mods:roleTerm>
</mods:role>
<mods:namePart>Bai, Ming</mods:namePart>
<mods:nameIdentifier type="ORCID">0000-0003-3676-6828</mods:nameIdentifier>
<mods:nameIdentifier type="email">liuwangang@ieecas.cn</mods:nameIdentifier>
</mods:name>
<mods:name type="personal">
<mods:role>
<mods:roleTerm>Author</mods:roleTerm>
</mods:role>
<mods:namePart>Yang, Xing-Ke</mods:namePart>
<mods:nameIdentifier type="ORCID">0000-0003-3676-6828</mods:nameIdentifier>
<mods:nameIdentifier type="email">liuwangang@ieecas.cn</mods:nameIdentifier>
</mods:name>
<mods:name type="personal">
<mods:role>
<mods:roleTerm>Author</mods:roleTerm>
</mods:role>
<mods:namePart>Ahrens, Dirk</mods:namePart>
<mods:nameIdentifier type="ORCID">0000-0003-3524-7153</mods:nameIdentifier>
<mods:nameIdentifier type="email">ahrens.dirk_col@gmx.de</mods:nameIdentifier>
</mods:name>
<mods:typeOfResource>text</mods:typeOfResource>
<mods:relatedItem type="host">
<mods:titleInfo>
<mods:title>Zootaxa</mods:title>
</mods:titleInfo>
<mods:part>
<mods:date>2021</mods:date>
<mods:detail type="pubDate">
<mods:number>2021-02-03</mods:number>
</mods:detail>
<mods:detail type="volume">
<mods:number>4922</mods:number>
</mods:detail>
<mods:detail type="issue">
<mods:number>1</mods:number>
</mods:detail>
<mods:extent unit="page">
<mods:start>1</mods:start>
<mods:end>400</mods:end>
</mods:extent>
</mods:part>
</mods:relatedItem>
<mods:classification>journal article</mods:classification>
<mods:identifier type="DOI">https://doi.org/10.11646/zootaxa.4922.1.1</mods:identifier>
<mods:identifier type="GBIF-Dataset">188411de-569c-4408-a016-1a04b858c142</mods:identifier>
<mods:identifier type="ISSN">1175-5326</mods:identifier>
<mods:identifier type="Zenodo-Dep">4496316</mods:identifier>
<mods:identifier type="ZooBank">D7F9C6A3-9C28-4F4C-8E81-BF24849FDD8C</mods:identifier>
</mods:mods>
<treatment ID-DOI="http://doi.org/10.5281/zenodo.4534914" ID-Zenodo-Dep="4534914" LSID="urn:lsid:plazi:treatment:03BD87E66A5AFEF8AF89FB28FD103E11" httpUri="http://treatment.plazi.org/id/03BD87E66A5AFEF8AF89FB28FD103E11" lastPageId="317" lastPageNumber="318" pageId="315" pageNumber="316">
<subSubSection box="[151,596,834,861]" pageId="315" pageNumber="316" type="nomenclature">
<paragraph blockId="315.[151,596,834,897]" box="[151,596,834,861]" pageId="315" pageNumber="316">
<heading bold="true" box="[151,596,834,861]" fontSize="11" level="2" pageId="315" pageNumber="316" reason="4">
<taxonomicName authority="(Moser, 1918)" baseAuthorityName="Moser" baseAuthorityYear="1918" box="[151,596,834,861]" class="Insecta" family="Melolonthidae" genus="Maladera" kingdom="Animalia" order="Coleoptera" pageId="315" pageNumber="316" phylum="Arthropoda" rank="species" species="kreyenbergi">
<emphasis bold="true" box="[151,596,834,861]" pageId="315" pageNumber="316">
<emphasis bold="true" box="[151,419,834,861]" italics="true" pageId="315" pageNumber="316">Maladera kreyenbergi</emphasis>
(
<bibRefCitation author="Moser, J." box="[434,588,834,860]" pageId="315" pageNumber="316" pagination="209 - 247" refId="ref334395" refString="Moser, J. (1918) Neue Melolonthiden aus der Sammlung des Deutschen Entomologischen Museums zu Berlin Dahlem (Col.). Stettiner Entomologische Zeitung, 79, 209 - 247." type="journal article" year="1918">Moser, 1918</bibRefCitation>
)
</emphasis>
</taxonomicName>
</heading>
</paragraph>
</subSubSection>
<subSubSection box="[151,381,870,897]" pageId="315" pageNumber="316" type="description">
<paragraph blockId="315.[151,596,834,897]" box="[151,381,870,897]" pageId="315" pageNumber="316">
<figureCitation box="[151,270,870,897]" captionStart="FIGURE 75" captionStartId="316.[151,250,1943,1967]" captionTargetBox="[197,1387,185,1908]" captionTargetId="figure-19@316.[187,1401,181,1920]" captionTargetPageId="316" captionText="FIGURE 75. A–D: Maladera kreyenbergi (Moser, 1918) (lectotype); E–H: M. nigrobrunnea (Moser, 1926) (lectotype); I–L: M. opacifrons (Fairmaire, 1891) (syntype: China: Chang Yang near Ichang). A, E, I: aedeagus, left side lateral view; C, G, K: aedeagus, right side lateral view; B, F, J: parameres, dorsal view; D, H, L: habitus. Scale: 0.5 mm. Habitus not to scale." figureDoi="http://doi.org/10.5281/zenodo.4496516" httpUri="https://zenodo.org/record/4496516/files/figure.png" pageId="315" pageNumber="316">Figures 75</figureCitation>
A–D, 128
</paragraph>
</subSubSection>
<subSubSection pageId="315" pageNumber="316" type="reference_group">
<paragraph blockId="315.[151,1013,939,994]" box="[151,577,939,963]" pageId="315" pageNumber="316">
<treatmentCitationGroup box="[151,577,939,963]" pageId="315" pageNumber="316">
<treatmentCitation author="Moser, J." box="[151,573,939,963]" page="211" pageId="315" pageNumber="316" year="1918">
<taxonomicName authority="Moser, 1918: 211" authorityName="Moser" authorityPageNumber="211" authorityYear="1918" box="[151,573,939,963]" class="Insecta" family="Melolonthidae" genus="Autoserica" kingdom="Animalia" order="Coleoptera" pageId="315" pageNumber="316" phylum="Arthropoda" rank="species" species="kreyenbergi">
<emphasis box="[151,386,939,963]" italics="true" pageId="315" pageNumber="316">Autoserica kreyenbergi</emphasis>
<bibRefCitation author="Moser, J." box="[393,573,939,963]" pageId="315" pageNumber="316" pagination="209 - 247" refId="ref334395" refString="Moser, J. (1918) Neue Melolonthiden aus der Sammlung des Deutschen Entomologischen Museums zu Berlin Dahlem (Col.). Stettiner Entomologische Zeitung, 79, 209 - 247." type="journal article" year="1918">Moser, 1918: 211</bibRefCitation>
</taxonomicName>
</treatmentCitation>
.
</treatmentCitationGroup>
</paragraph>
<paragraph blockId="315.[151,1013,939,994]" box="[151,1013,970,994]" pageId="315" pageNumber="316">
<treatmentCitationGroup box="[151,1013,970,994]" pageId="315" pageNumber="316">
<treatmentCitation author="Nomura, S." box="[151,586,970,994]" page="108" pageId="315" pageNumber="316" year="1974">
<taxonomicName authority=": Nomura 1974: 108" authorityName="Nomura" authorityPageNumber="108" authorityYear="1974" box="[151,586,970,994]" class="Insecta" family="Melolonthidae" genus="Maladera" kingdom="Animalia" order="Coleoptera" pageId="315" pageNumber="316" phylum="Arthropoda" rank="species" species="kreyenbergi">
<emphasis box="[151,385,970,994]" italics="true" pageId="315" pageNumber="316">Maladera kreyenbergi:</emphasis>
<bibRefCitation author="Nomura, S." box="[391,586,970,994]" pageId="315" pageNumber="316" pagination="81 - 115" refId="ref335003" refString="Nomura, S. (1974) On the Sericini of Taiwan. Toho-Gakuho, 24, 81 - 115." type="journal article" year="1974">Nomura 1974: 108</bibRefCitation>
</taxonomicName>
</treatmentCitation>
; 
<treatmentCitation author="Ahrens, D." box="[595,766,970,994]" page="87" pageId="315" pageNumber="316" year="2002">
<bibRefCitation author="Ahrens, D." box="[595,766,970,994]" pageId="315" pageNumber="316" pagination="53 - 91" refId="ref329519" refString="Ahrens, D. (2002) Notes on distribution and synonymy of sericid beetles from Taiwan, with descriptions of new species (Coleoptera, Scarabaeoidea, Sericini). Annales Historico-Naturales Musei Nationalis Hungarici, 94, 53 - 91." type="journal article" year="2002">Ahrens 2002: 87</bibRefCitation>
</treatmentCitation>
; 
<treatmentCitation author="Ahrens, D." box="[777,894,970,994]" page="237" pageId="315" pageNumber="316" year="2006">
<bibRefCitation author="Ahrens, D." box="[777,894,970,994]" pageId="315" pageNumber="316" refId="ref329946" refString="Ahrens, D. (2006 b) Sericinae. In: Lobl, I. &amp; Smetana, A. (Eds.), Catalogue of Palaearctic Coleoptera. Volume 3. Scarabaeoidea-Scirtoidea-Dascilloidea-Buprestoidea-Byrrhoidea. Apollo Books, Stenstrup, pp. 229 - 248." type="book" year="2006">2006b: 237</bibRefCitation>
</treatmentCitation>
, 
<treatmentCitation author="Ahrens, D." box="[904,1009,970,994]" page="23" pageId="315" pageNumber="316" year="2007">
<bibRefCitation author="Ahrens, D." box="[904,1009,970,994]" pageId="315" pageNumber="316" pagination="1 - 51" refId="ref330155" refString="Ahrens, D. (2007 b) Taxonomic changes and an updated Catalogue of Palearctic Sericini (Coleoptera: Scarabaeidae: Melolonthinae). Zootaxa, 1504 (1), 1 - 51. https: // doi. org / 10.11646 / zootaxa. 1504.1.1" type="journal article" year="2007">2007b: 23</bibRefCitation>
</treatmentCitation>
.
</treatmentCitationGroup>
</paragraph>
</subSubSection>
<subSubSection pageId="315" pageNumber="316" type="materials_examined">
<paragraph blockId="315.[151,1437,1040,2039]" pageId="315" pageNumber="316">
<materialsCitation collectionCode="ZMHB" collectorName="Pingshiang Sud-China Dr. Kreyenberg" pageId="315" pageNumber="316" specimenCount="1" specimenCount-male="1" typeStatus="holotype">
<emphasis bold="true" box="[151,445,1040,1066]" pageId="315" pageNumber="316">
<typeStatus box="[151,210,1040,1066]" pageId="315" pageNumber="316">Type</typeStatus>
material examined.
</emphasis>
Lectoype (here designated): 
<specimenCount box="[768,789,1040,1066]" pageId="315" pageNumber="316" type="male">♂</specimenCount>
“ 
<collectorName box="[805,1237,1040,1066]" pageId="315" pageNumber="316">Pingshiang Süd-China Dr. Kreyenberg</collectorName>
/ 
<taxonomicName box="[1250,1371,1040,1066]" class="Insecta" family="Melolonthidae" genus="Autoserica" kingdom="Animalia" order="Coleoptera" pageId="315" pageNumber="316" phylum="Arthropoda" rank="genus">Autoserica</taxonomicName>
kreyenbergi 
<typeStatus box="[241,297,1076,1102]" pageId="315" pageNumber="316">Type</typeStatus>
Mos./ 
<taxonomicName authority="Mos." authorityName="Mos." box="[375,575,1076,1102]" class="Insecta" family="Melolonthidae" genus="Maladera" kingdom="Animalia" order="Coleoptera" pageId="315" pageNumber="316" phylum="Arthropoda" rank="species" species="kreyenbergi">kreyenbergi Mos.</taxonomicName>
” (
<collectionCode box="[600,687,1076,1102]" pageId="315" pageNumber="316">ZMHB</collectionCode>
)
</materialsCitation>
.
</paragraph>
<paragraph blockId="315.[151,1437,1040,2039]" pageId="315" pageNumber="316">
<emphasis bold="true" box="[199,570,1112,1138]" pageId="315" pageNumber="316">Additional material examined.</emphasis>
<materialsCitation collectingDate="2009-07-02" collectingDateMax="2009-07-13" collectingDateMin="2009-07-02" collectionCode="ZFMK" collectorName="Ankauf" country="China" location="Wuping county" municipality="Mt." pageId="315" pageNumber="316" specimenCount="2" stateProvince="Fujian">
<specimenCount box="[580,638,1112,1138]" pageId="315" pageNumber="316" type="generic">2 ex.</specimenCount>
“ 
<collectingCountry box="[664,735,1112,1138]" name="China" pageId="315" pageNumber="316">China</collectingCountry>
: 
<collectingRegion box="[748,934,1112,1138]" country="China" name="Fujian" pageId="315" pageNumber="316">Fujian Province</collectingRegion>
: 
<collectingMunicipality box="[947,988,1112,1138]" pageId="315" pageNumber="316">Mt.</collectingMunicipality>
Liang-shan-ding, 
<location LSID="urn:lsid:plazi:treatment:03BD87E66A5AFEF8AF89FB28FD103E11:8ECB602B6A5AFEFEABB1FC32FA81393E" box="[1199,1375,1112,1138]" country="China" municipality="Mt." name="Wuping county" pageId="315" pageNumber="316" stateProvince="Fujian">Wuping county</location>
, 
<date pageId="315" pageNumber="316" value="2009-07-02" valueMax="2009-07-13" valueMin="2009-07-02">
<collectingDate pageId="315" pageNumber="316" value="2009-07-02" valueMax="2009-07-13" valueMin="2009-07-02">July 2-13 2009</collectingDate>
</date>
local collectors 
<collectorName box="[460,544,1148,1174]" pageId="315" pageNumber="316">Ankauf</collectorName>
via Li Jingke 2010” (
<collectionCode box="[802,886,1148,1174]" country="Germany" httpUri="http://biocol.org/urn:lsid:biocol.org:col:34613" lsid="urn:lsid:biocol.org:col:34613" name="Zoologisches Forschungsmuseum Alexander Koenig" pageId="315" pageNumber="316" type="Museum">ZFMK</collectionCode>
)
</materialsCitation>
, 
<materialsCitation collectionCode="CP" collectorName="P. Pacholatko" country="China" location="20 km NW of Jiangkou" pageId="315" pageNumber="316" specimenCount="1" specimenCount-male="1" stateProvince="Fujian">
<specimenCount box="[908,953,1148,1174]" pageId="315" pageNumber="316" type="male">1 ♂</specimenCount>
“ CH-Guizhou NE 27.V.-3.VI. 
<location LSID="urn:lsid:plazi:treatment:03BD87E66A5AFEF8AF89FB28FD103E11:8ECB602B6A5AFEFEAA3AFC16FEC139F6" country="China" name="20 km NW of Jiangkou" pageId="315" pageNumber="316" stateProvince="Fujian">
<quantity box="[1316,1381,1148,1174]" metricMagnitude="4" metricUnit="m" metricValue="2.0" pageId="315" pageNumber="316" unit="km" value="20.0">20km</quantity>
NW of Jiangkou
</location>
, 1995 
<collectorName box="[365,765,1184,1210]" pageId="315" pageNumber="316">Fanjing Shan-Kuaichang E. Jendek</collectorName>
&amp; 
<collectorName box="[804,905,1184,1212]" pageId="315" pageNumber="316">O. Šauša</collectorName>
leg./ 
<collectorName box="[972,1298,1184,1210]" pageId="315" pageNumber="316">Coll. P. Pacholatko Invt. No.</collectorName>
/ CS47/ 570 
<taxonomicName box="[151,238,1220,1246]" class="Insecta" family="Scarabaeidae" kingdom="Animalia" order="Coleoptera" pageId="315" pageNumber="380" phylum="Arthropoda" rank="tribe" tribe="Sericini">Sericini</taxonomicName>
Asia spec.” (
<collectionCode box="[388,427,1220,1246]" pageId="315" pageNumber="316">CP</collectionCode>
)
</materialsCitation>
, 
<materialsCitation box="[447,1269,1220,1246]" collectingDate="1988-08-13" collectionCode="IZAS" country="China" location="Sangzhi" municipality="Mt. Tianpingshan" pageId="315" pageNumber="316" specimenCount="1" specimenCount-male="1" stateProvince="Hunan">
<specimenCount box="[447,489,1220,1246]" pageId="315" pageNumber="316" type="male">1 ♂</specimenCount>
“ 
<collectingMunicipality box="[512,713,1220,1246]" pageId="315" pageNumber="316">Mt. Tianpingshan</collectingMunicipality>
, 
<location LSID="urn:lsid:plazi:treatment:03BD87E66A5AFEF8AF89FB28FD103E11:8ECB602B6A5AFEFEADCBFCAEFCEC3992" box="[725,818,1220,1246]" country="China" municipality="Mt. Tianpingshan" name="Sangzhi" pageId="315" pageNumber="316" stateProvince="Hunan">Sangzhi</location>
, 
<collectingRegion box="[829,906,1220,1246]" country="China" name="Hunan" pageId="315" pageNumber="316">Hunan</collectingRegion>
, 
<date box="[918,1067,1220,1246]" pageId="315" pageNumber="316" value="1988-08-13">
<collectingDate box="[918,1067,1220,1246]" pageId="315" pageNumber="316" value="1988-08-13">13.VIII.1988</collectingDate>
</date>
, 1640mŊ (
<collectionCode box="[1194,1261,1220,1246]" country="0" httpUri="http://grbio.org/cool/043p-ts4f" name="Institut Zoologii Akademii Nauk Ukraini - Institute of Zoology of the Academy of Sciences of Ukraine" pageId="315" pageNumber="316">IZAS</collectionCode>
)
</materialsCitation>
, 
<materialsCitation collectingDate="1993-06" collectionCode="IZAS" collectorName="Li Wenzhu" country="China" location="Xingshan" municipality="Longmenhe" pageId="315" pageNumber="316" specimenCount="2" specimenCount-male="2" stateProvince="Hubei">
<specimenCount box="[1281,1345,1220,1246]" pageId="315" pageNumber="316" type="male">2 ♂♂</specimenCount>
“ 
<collectingMunicipality pageId="315" pageNumber="316">Longmenhe</collectingMunicipality>
, 
<location LSID="urn:lsid:plazi:treatment:03BD87E66A5AFEF8AF89FB28FD103E11:8ECB602B6A5AFEFEAFEFFC82FE81384E" box="[241,351,1256,1282]" country="China" municipality="Longmenhe" name="Xingshan" pageId="315" pageNumber="316" stateProvince="Hubei">Xingshan</location>
, 
<collectingRegion box="[364,435,1256,1282]" country="China" name="Hubei" pageId="315" pageNumber="316">Hubei</collectingRegion>
, 20,21. 
<date box="[519,612,1256,1282]" pageId="315" pageNumber="316" value="1993-06">
<collectingDate box="[519,612,1256,1282]" pageId="315" pageNumber="316" value="1993-06">VI.1993</collectingDate>
</date>
, 1350m, leg. 
<collectorName box="[768,892,1256,1282]" pageId="315" pageNumber="316">Li Wenzhu</collectorName>
” (
<collectionCode box="[921,988,1256,1282]" country="0" httpUri="http://grbio.org/cool/043p-ts4f" name="Institut Zoologii Akademii Nauk Ukraini - Institute of Zoology of the Academy of Sciences of Ukraine" pageId="315" pageNumber="316">IZAS</collectionCode>
)
</materialsCitation>
, 
<materialsCitation collectionCode="USNM" collectorName="L. R. Thompson Collr" country="China" location="Hunan prov." pageId="315" pageNumber="316" specimenCount="1" specimenCount-male="1" stateProvince="Hunan">
<specimenCount box="[1009,1052,1256,1282]" pageId="315" pageNumber="316" type="male">1 ♂</specimenCount>
“ S.W.part of 
<collectingRegion box="[1214,1354,1256,1282]" country="China" name="Hunan" pageId="315" pageNumber="316">Hunan prov.</collectingRegion>
<collectingCountry box="[1362,1428,1256,1282]" name="China" pageId="315" pageNumber="316">China</collectingCountry>
/ 
<collectorName box="[151,392,1292,1318]" pageId="315" pageNumber="316">L.R. Thompson Collr</collectorName>
1919” (
<collectionCode box="[482,569,1292,1318]" country="USA" httpUri="http://biocol.org/urn:lsid:biocol.org:col:34871" lsid="urn:lsid:biocol.org:col:34871" name="Smithsonian Institution, National Museum of Natural History" pageId="315" pageNumber="316" type="Museum">USNM</collectionCode>
)
</materialsCitation>
.
</paragraph>
</subSubSection>
<subSubSection lastPageId="317" lastPageNumber="318" pageId="315" pageNumber="316" type="description">
<paragraph blockId="315.[151,1437,1040,2039]" pageId="315" pageNumber="316">
<emphasis bold="true" box="[199,373,1328,1354]" pageId="315" pageNumber="316">Redescription.</emphasis>
Length: 
<quantity box="[479,570,1328,1354]" metricMagnitude="-3" metricUnit="m" metricValue="8.2" pageId="315" pageNumber="316" unit="mm" value="8.2">8.2 mm</quantity>
, length of elytra: 
<quantity box="[779,870,1328,1355]" metricMagnitude="-3" metricUnit="m" metricValue="6.5" pageId="315" pageNumber="316" unit="mm" value="6.5">6.5 mm</quantity>
, width: 5.0 mm. Body oblong-oval, dark reddish brown, antenna yellow, shiny, labroclypeus shiny, dorsal face nearly glabrous.
</paragraph>
<paragraph blockId="315.[151,1437,1040,2039]" pageId="315" pageNumber="316">
Labroclypeus wide and subtrapezoidal, widest at base, lateral margins weakly convex and strongly convergent anteriorly, anterior angles moderately rounded, anterior margin weakly emarginate, margins weakly reflexed; lateral margin and ocular canthus produce an indistinct angle; surface weakly convex medially, finely, densely punctate, glabrous; frontoclypeal suture indistinctly incised, weakly curved; smooth area anterior to eye convex, twice as wide as long; ocular canthus short and narrow (1/4 of ocular diameter), finely densely punctate, without terminal seta. Frons with dense and fine punctures, with a few single setae beside eyes. Eyes moderately large, ratio diameter/ interocular width: 0.64. Antenna with ten antennomeres, club composed of three antennomeres and straight, as long as remaining antennomeres combined. 
<collectingRegion box="[589,684,1652,1678]" country="Myanmar" name="Chin" pageId="315" pageNumber="316">Mentum</collectingRegion>
elevated and slightly flattened anteriorly.
</paragraph>
<paragraph blockId="315.[151,1437,1040,2039]" pageId="315" pageNumber="316">Pronotum transverse, widest shortly before base, lateral margins evenly convex and convergent anteriorly, anterior angles distinctly produced and sharp, posterior angles blunt; anterior margin straight, with fine, rather indistinct marginal line, base without marginal line; surface finely and densely punctate, with minute setae in punctures being as long as puncture diameter, otherwise glabrous; anterior and lateral margin sparsely setose; hypomeron carinate, not produced ventrally. Scutellum wide, triangular, with fine, dense punctures.</paragraph>
<paragraph blockId="315.[151,1437,1040,2039]" pageId="315" pageNumber="316">Elytra widest at posterior third, striae finely impressed, finely and densely punctate, intervals moderately convex, with fine, moderately dense punctures concentrated along striae and with minute setae in punctures, penultimate interval with a few single erect setae; epipleural margin robust, ending at apical external angle of elytra, epipleura densely setose; apical border of elytra membraneous, with a very fine rim of microtrichomes (visible at ca 100x magnification).</paragraph>
<caption ID-DOI="http://doi.org/10.5281/zenodo.4496516" ID-Zenodo-Dep="4496516" httpUri="https://zenodo.org/record/4496516/files/figure.png" pageId="316" pageNumber="317" startId="316.[151,250,1943,1967]" targetBox="[197,1387,185,1908]" targetPageId="316">
<paragraph blockId="316.[151,1436,1943,2040]" pageId="316" pageNumber="317">
<emphasis bold="true" box="[151,351,1943,1968]" pageId="316" pageNumber="317">FIGURE 75. A–D:</emphasis>
<taxonomicName authority="(Moser, 1918)" baseAuthorityName="Moser" baseAuthorityYear="1918" box="[359,737,1944,1968]" class="Insecta" family="Melolonthidae" genus="Maladera" kingdom="Animalia" order="Coleoptera" pageId="316" pageNumber="317" phylum="Arthropoda" rank="species" species="kreyenbergi">
<emphasis box="[359,585,1944,1968]" italics="true" pageId="316" pageNumber="317">Maladera kreyenbergi</emphasis>
(
<bibRefCitation author="Moser, J." box="[599,730,1944,1968]" pageId="316" pageNumber="317" pagination="209 - 247" refId="ref334395" refString="Moser, J. (1918) Neue Melolonthiden aus der Sammlung des Deutschen Entomologischen Museums zu Berlin Dahlem (Col.). Stettiner Entomologische Zeitung, 79, 209 - 247." type="journal article" year="1918">Moser, 1918</bibRefCitation>
)
</taxonomicName>
(lectotype); 
<emphasis bold="true" box="[868,925,1944,1968]" pageId="316" pageNumber="317">E–H:</emphasis>
<taxonomicName authority="(Moser, 1926)" authorityName="Fabrizi &amp; Liu &amp; Bai &amp; Yang &amp; Ahrens" authorityYear="2021" baseAuthorityName="Moser" baseAuthorityYear="1926" box="[933,1257,1943,1968]" class="Insecta" family="Melolonthidae" genus="Maladera" kingdom="Animalia" order="Coleoptera" pageId="316" pageNumber="317" phylum="Arthropoda" rank="species" species="nigrobrunnea">
<emphasis box="[933,1105,1944,1968]" italics="true" pageId="316" pageNumber="317">M. nigrobrunnea</emphasis>
(
<bibRefCitation author="Moser, J." box="[1120,1250,1943,1968]" pageId="316" pageNumber="317" pagination="198 - 208" refId="ref334452" refString="Moser, J. (1926) Beitrag zur Kenntnis der Melolonthiden. XIV. Stettiner Entomologische Zeitung, 87, 198 - 208." type="journal article" year="1926">Moser, 1926</bibRefCitation>
)
</taxonomicName>
(lectotype); 
<emphasis bold="true" box="[1388,1436,1944,1968]" pageId="316" pageNumber="317">I–L:</emphasis>
<taxonomicName authority="(Fairmaire, 1891)" baseAuthorityName="Fairmaire" baseAuthorityYear="1891" box="[151,478,1980,2004]" class="Insecta" family="Melolonthidae" genus="Maladera" kingdom="Animalia" order="Coleoptera" pageId="316" pageNumber="317" phylum="Arthropoda" rank="species" species="opacifrons">
<emphasis box="[151,292,1980,2004]" italics="true" pageId="316" pageNumber="317">M. opacifrons</emphasis>
(
<bibRefCitation author="Fairmaire, M. L." box="[306,471,1980,2004]" pageId="316" pageNumber="317" pagination="187 - 219" refId="ref332080" refString="Fairmaire, M. L. (1891) Coleopteres de l'Interieur de la Chine (7). Annales de la Societe Entomologique de Belgique, 35, 187 - 219." type="journal article" year="1891">Fairmaire, 1891</bibRefCitation>
)
</taxonomicName>
(syntype: China: Chang Yang near Ichang). 
<emphasis bold="true" box="[931,1010,1979,2004]" pageId="316" pageNumber="317">A, E, I:</emphasis>
aedeagus, left side lateral view; 
<emphasis bold="true" box="[1344,1436,1979,2004]" pageId="316" pageNumber="317">C, G, K:</emphasis>
aedeagus, right side lateral view; 
<emphasis bold="true" box="[490,567,2016,2040]" pageId="316" pageNumber="317">B, F, J:</emphasis>
parameres, dorsal view; 
<emphasis bold="true" box="[821,909,2016,2040]" pageId="316" pageNumber="317">D, H, L:</emphasis>
habitus. Scale: 0.5 mm. Habitus not to scale.
</paragraph>
</caption>
<paragraph blockId="317.[151,1437,151,861]" pageId="317" pageNumber="318">Ventral surface shiny, finely and densely punctate, metasternum including disc sparsely setose; metacoxa glabrous, with a few longer setae laterally. Abdominal sternites finely and densely punctate, punctures with minute setae, each sternite with a transverse row of punctures each bearing a fine seta. Mesosternum between mesocoxae as wide as mesofemur. Ratio of length of metepisternum/metacoxa: 1/1.4. Pygidium moderately convex, dull, finely and densely punctate, without smooth midline, with numerous long setae on apical half.</paragraph>
<paragraph blockId="317.[151,1437,151,861]" pageId="317" pageNumber="318">Legs moderately long and wide, shiny; femora with two longitudinal rows of setae, finely and sparsely punctate. Metafemur in widest part shiny, anterior margin acute, without adjacent continuous serrated line, anterior row of setae complete; posterior ventral margin smooth, weakly widened at ventral apex, dorsal posterior margin smooth, neither serrate, with a few single long setae. Metatibia short and moderately wide, widest at middle, ratio of width/length: 1/3.0, sharply carinate dorsally, with two groups of spines, basal group at one third, apical group at two thirds of metatibial length, in basal half with a few fine single setae and a serrate line beside dorsal margin over basal third; lateral face longitudinally convex, except a few sparse punctures on base smooth and glabrous; ventral margin finely serrate, with three equidistant robust setae; medial face smooth and glabrous; apex finely serrate, concavely emarginate interiorly near tarsal articulation. Tarsomeres dorsally impunctate, glabrous, neither laterally nor dorsally carinate, moderately setose ventrally; metatarsomeres with a strongly serrated ridge ventrally and a smooth subventral longitudinal carina, glabrous; first metatarsomere little shorter than following two tarsomeres combined and slightly longer than dorsal tibial spur. Protibia short, tridentate, basal tooth blunt and indistinct; anterior claws symmetrical, basal tooth of both claws bluntly truncate at apex.</paragraph>
<paragraph blockId="317.[151,1437,151,861]" box="[199,679,798,825]" pageId="317" pageNumber="318">
Aedeagus: 
<figureCitation box="[324,404,798,825]" captionStart="FIGURE 75" captionStartId="316.[151,250,1943,1967]" captionTargetBox="[197,1387,185,1908]" captionTargetId="figure-19@316.[187,1401,181,1920]" captionTargetPageId="316" captionText="FIGURE 75. A–D: Maladera kreyenbergi (Moser, 1918) (lectotype); E–H: M. nigrobrunnea (Moser, 1926) (lectotype); I–L: M. opacifrons (Fairmaire, 1891) (syntype: China: Chang Yang near Ichang). A, E, I: aedeagus, left side lateral view; C, G, K: aedeagus, right side lateral view; B, F, J: parameres, dorsal view; D, H, L: habitus. Scale: 0.5 mm. Habitus not to scale." figureDoi="http://doi.org/10.5281/zenodo.4496516" httpUri="https://zenodo.org/record/4496516/files/figure.png" pageId="317" pageNumber="318">Fig. 75</figureCitation>
A–C. Habitus: 
<figureCitation box="[573,676,798,825]" captionStart="FIGURE 75" captionStartId="316.[151,250,1943,1967]" captionTargetBox="[197,1387,185,1908]" captionTargetId="figure-19@316.[187,1401,181,1920]" captionTargetPageId="316" captionText="FIGURE 75. A–D: Maladera kreyenbergi (Moser, 1918) (lectotype); E–H: M. nigrobrunnea (Moser, 1926) (lectotype); I–L: M. opacifrons (Fairmaire, 1891) (syntype: China: Chang Yang near Ichang). A, E, I: aedeagus, left side lateral view; C, G, K: aedeagus, right side lateral view; B, F, J: parameres, dorsal view; D, H, L: habitus. Scale: 0.5 mm. Habitus not to scale." figureDoi="http://doi.org/10.5281/zenodo.4496516" httpUri="https://zenodo.org/record/4496516/files/figure.png" pageId="317" pageNumber="318">Fig. 75D</figureCitation>
.
</paragraph>
</subSubSection>
<subSubSection box="[199,718,834,861]" pageId="317" pageNumber="318" type="distribution">
<paragraph blockId="317.[151,1437,151,861]" box="[199,718,834,861]" pageId="317" pageNumber="318">
<emphasis bold="true" box="[199,353,834,860]" pageId="317" pageNumber="318">Distribution.</emphasis>
See map (
<figureCitation box="[470,566,835,861]" captionStart="FIGURE 128" captionStartId="365.[151,250,1977,2001]" captionTargetBox="[202,1384,1124,1948]" captionTargetId="figure-61@365.[196,1391,1120,1954]" captionTargetPageId="365" captionText="FIGURE 128. Distribution of the Maladera sinica group: Maladera danfengensis sp. n., M. kreyenbergi (Moser, 1918), M. nigrobrunnea (Moser, 1926), M. opacifrons (Fairmaire, 1891), M. sinica (Hope, 1845)." figureDoi="http://doi.org/10.5281/zenodo.4496664" httpUri="https://zenodo.org/record/4496664/files/figure.png" pageId="317" pageNumber="318">Fig. 128</figureCitation>
) and 
<tableCitation box="[628,712,835,861]" captionStart="TABLE 1" captionStartId="368.[151,239,544,570]" captionText="TABLE 1. Overview on the distribuition of the Chinese mainland species of Maladera Mulsant &amp; Rey, 1871 (x – records from material examined herein, o – records from literature, with no material of this study)." pageId="317" pageNumber="318">Table 1</tableCitation>
.
</paragraph>
</subSubSection>
</treatment>
</document>