<document ID-DOI="http://doi.org/10.5281/zenodo.4534585" ID-GBIF-Dataset="188411de-569c-4408-a016-1a04b858c142" ID-ISSN="1175-5326" ID-Zenodo-Dep="4534585" ID-ZooBank="D7F9C6A3-9C28-4F4C-8E81-BF24849FDD8C" _generate="added" approvalRequired="33" approvalRequired_for_illustrations="17" approvalRequired_for_treatments="16" checkinTime="1612331093960" checkinUser="plazi" docAuthor="Fabrizi, Silvia, Liu, Wan-Gang, Bai, Ming, Yang, Xing-Ke &amp; Ahrens, Dirk" docDate="2021" docId="03BD87E66BEDFF48AF89FDA0FD103BD5" docLanguage="en" docName="zootaxa.4922.1.1.pdf" docOrigin="Zootaxa 4922 (1)" docStyle="DocumentStyle:5EBBA59367AD13919D70D935FA04F6A3.7:Zootaxa.2013-.monograph" docStyleId="5EBBA59367AD13919D70D935FA04F6A3" docStyleName="Zootaxa.2013-.monograph" docStyleVersion="7" docTitle="Maladera botrytibia Nomura 1974" docType="treatment" docVersion="7" lastPageId="141" lastPageNumber="142" masterDocId="FF84FF9E6B61FFC5AF1EF86AFFDE3D4C" masterDocTitle="A monograph of the genus Maladera Mulsant &amp; Rey, 1871 of China (Coleoptera: Scarabaeidae: Melolonthinae: Sericini)" masterLastPageNumber="400" masterPageNumber="1" pageId="140" pageNumber="141" updateTime="1615983897969" updateUser="diego">
<mods:mods xmlns:mods="http://www.loc.gov/mods/v3">
<mods:titleInfo>
<mods:title>A monograph of the genus Maladera Mulsant &amp; Rey, 1871 of China (Coleoptera: Scarabaeidae: Melolonthinae: Sericini)</mods:title>
</mods:titleInfo>
<mods:name type="personal">
<mods:role>
<mods:roleTerm>Author</mods:roleTerm>
</mods:role>
<mods:namePart>Fabrizi, Silvia</mods:namePart>
<mods:nameIdentifier type="ORCID">0000-0003-3524-7153</mods:nameIdentifier>
<mods:nameIdentifier type="email">ahrens.dirk_col@gmx.de</mods:nameIdentifier>
</mods:name>
<mods:name type="personal">
<mods:role>
<mods:roleTerm>Author</mods:roleTerm>
</mods:role>
<mods:namePart>Liu, Wan-Gang</mods:namePart>
<mods:nameIdentifier type="ORCID">0000-0003-4788-7967</mods:nameIdentifier>
<mods:nameIdentifier type="email">liuwangang@ieecas.cn</mods:nameIdentifier>
</mods:name>
<mods:name type="personal">
<mods:role>
<mods:roleTerm>Author</mods:roleTerm>
</mods:role>
<mods:namePart>Bai, Ming</mods:namePart>
<mods:nameIdentifier type="ORCID">0000-0003-3676-6828</mods:nameIdentifier>
<mods:nameIdentifier type="email">liuwangang@ieecas.cn</mods:nameIdentifier>
</mods:name>
<mods:name type="personal">
<mods:role>
<mods:roleTerm>Author</mods:roleTerm>
</mods:role>
<mods:namePart>Yang, Xing-Ke</mods:namePart>
<mods:nameIdentifier type="ORCID">0000-0003-3676-6828</mods:nameIdentifier>
<mods:nameIdentifier type="email">liuwangang@ieecas.cn</mods:nameIdentifier>
</mods:name>
<mods:name type="personal">
<mods:role>
<mods:roleTerm>Author</mods:roleTerm>
</mods:role>
<mods:namePart>Ahrens, Dirk</mods:namePart>
<mods:nameIdentifier type="ORCID">0000-0003-3524-7153</mods:nameIdentifier>
<mods:nameIdentifier type="email">ahrens.dirk_col@gmx.de</mods:nameIdentifier>
</mods:name>
<mods:typeOfResource>text</mods:typeOfResource>
<mods:relatedItem type="host">
<mods:titleInfo>
<mods:title>Zootaxa</mods:title>
</mods:titleInfo>
<mods:part>
<mods:date>2021</mods:date>
<mods:detail type="pubDate">
<mods:number>2021-02-03</mods:number>
</mods:detail>
<mods:detail type="volume">
<mods:number>4922</mods:number>
</mods:detail>
<mods:detail type="issue">
<mods:number>1</mods:number>
</mods:detail>
<mods:extent unit="page">
<mods:start>1</mods:start>
<mods:end>400</mods:end>
</mods:extent>
</mods:part>
</mods:relatedItem>
<mods:classification>journal article</mods:classification>
<mods:identifier type="DOI">https://doi.org/10.11646/zootaxa.4922.1.1</mods:identifier>
<mods:identifier type="GBIF-Dataset">188411de-569c-4408-a016-1a04b858c142</mods:identifier>
<mods:identifier type="ISSN">1175-5326</mods:identifier>
<mods:identifier type="Zenodo-Dep">4496316</mods:identifier>
<mods:identifier type="ZooBank">D7F9C6A3-9C28-4F4C-8E81-BF24849FDD8C</mods:identifier>
</mods:mods>
<treatment ID-DOI="http://doi.org/10.5281/zenodo.4534585" ID-Zenodo-Dep="4534585" LSID="urn:lsid:plazi:treatment:03BD87E66BEDFF48AF89FDA0FD103BD5" httpUri="http://treatment.plazi.org/id/03BD87E66BEDFF48AF89FDA0FD103BD5" lastPageId="141" lastPageNumber="142" pageId="140" pageNumber="141">
<subSubSection box="[151,577,1482,1509]" pageId="140" pageNumber="141" type="nomenclature">
<paragraph blockId="140.[151,577,1482,1545]" box="[151,577,1482,1509]" pageId="140" pageNumber="141">
<heading bold="true" box="[151,577,1482,1509]" fontSize="11" level="2" pageId="140" pageNumber="141" reason="4">
<taxonomicName authority="Nomura, 1974" authorityName="Nomura" authorityYear="1974" box="[151,577,1482,1509]" class="Insecta" family="Melolonthidae" genus="Maladera" kingdom="Animalia" order="Coleoptera" pageId="140" pageNumber="141" phylum="Arthropoda" rank="species" species="botrytibia">
<emphasis bold="true" box="[151,577,1482,1509]" pageId="140" pageNumber="141">
<emphasis bold="true" box="[151,392,1482,1509]" italics="true" pageId="140" pageNumber="141">Maladera botrytibia</emphasis>
<bibRefCitation author="Nomura, S." box="[399,577,1482,1509]" pageId="140" pageNumber="141" pagination="81 - 115" refId="ref335003" refString="Nomura, S. (1974) On the Sericini of Taiwan. Toho-Gakuho, 24, 81 - 115." type="journal article" year="1974">Nomura, 1974</bibRefCitation>
</emphasis>
</taxonomicName>
</heading>
</paragraph>
</subSubSection>
<subSubSection box="[151,378,1519,1545]" pageId="140" pageNumber="141" type="description">
<paragraph blockId="140.[151,577,1482,1545]" box="[151,378,1519,1545]" pageId="140" pageNumber="141">
<figureCitation box="[151,270,1519,1545]" captionStart="FIGURE 30" captionStartId="139.[151,249,1943,1967]" captionTargetBox="[212,1372,181,1906]" captionTargetId="figure-20@139.[200,1388,181,1920]" captionTargetPageId="139" captionText="FIGURE 30. A–D: Maladera straminea (Moser, 1915) (China: Guangxi: Luoxiang); E–H: M. botrytibia Nomura, 1974 (Thailand: Mae Hong Son); I–L: M. subtruncata (Fairmaire, 1887) (China: Yunnan: Nabanhe). A, E, I: aedeagus, left side lateral view; C, G, K: aedeagus, right side lateral view; B, F, J: parameres, dorsal view; D, H, L: habitus. Scale: 0.5 mm. Habitus not to scale." figureDoi="http://doi.org/10.5281/zenodo.4496384" httpUri="https://zenodo.org/record/4496384/files/figure.png" pageId="140" pageNumber="141">Figures 30</figureCitation>
E–H, 102
</paragraph>
</subSubSection>
<subSubSection box="[151,617,1587,1611]" pageId="140" pageNumber="141" type="reference_group">
<paragraph blockId="140.[151,617,1587,1611]" box="[151,617,1587,1611]" pageId="140" pageNumber="141">
<treatmentCitationGroup box="[151,617,1587,1611]" pageId="140" pageNumber="141">
<treatmentCitation author="Nomura, S." box="[151,563,1587,1611]" page="104" pageId="140" pageNumber="141" year="1974">
<taxonomicName authority="Nomura, 1974: 104" authorityName="Nomura" authorityPageNumber="104" authorityYear="1974" box="[151,563,1587,1611]" class="Insecta" family="Melolonthidae" genus="Maladera" kingdom="Animalia" order="Coleoptera" pageId="140" pageNumber="141" phylum="Arthropoda" rank="species" species="botrytibia">
<emphasis box="[151,357,1587,1611]" italics="true" pageId="140" pageNumber="141">Maladera botrytibia</emphasis>
<bibRefCitation author="Nomura, S." box="[364,563,1587,1611]" pageId="140" pageNumber="141" pagination="81 - 115" refId="ref335003" refString="Nomura, S. (1974) On the Sericini of Taiwan. Toho-Gakuho, 24, 81 - 115." type="journal article" year="1974">Nomura, 1974: 104</bibRefCitation>
</taxonomicName>
</treatmentCitation>
, 111.
</treatmentCitationGroup>
</paragraph>
</subSubSection>
<subSubSection lastPageId="141" lastPageNumber="142" pageId="140" pageNumber="141" type="materials_examined">
<paragraph blockId="140.[151,1437,1657,2008]" lastBlockId="141.[151,1437,151,1689]" lastPageId="141" lastPageNumber="142" pageId="140" pageNumber="141">
<emphasis bold="true" box="[151,513,1657,1683]" pageId="140" pageNumber="141">Additional material examined.</emphasis>
<materialsCitation box="[519,1432,1657,1684]" collectingDate="1992-04-30" collectionCode="NHMB" country="Thailand" elevation="350" location="Bily" pageId="140" pageNumber="141" specimenCount="1" specimenCount-male="1" stateProvince="Mae Hong Son">
<emphasis bold="true" box="[519,637,1657,1683]" pageId="140" pageNumber="141">
<collectingCountry box="[519,632,1657,1683]" name="Thailand" pageId="140" pageNumber="141">Thailand</collectingCountry>
:
</emphasis>
<specimenCount box="[643,684,1657,1684]" pageId="140" pageNumber="141" type="male">1 ♂</specimenCount>
“NW 
<collectingCountry box="[753,855,1657,1683]" name="Thailand" pageId="140" pageNumber="141">Thailand</collectingCountry>
, 
<date box="[865,977,1657,1683]" pageId="140" pageNumber="141" value="1992-04-30">
<collectingDate box="[865,977,1657,1683]" pageId="140" pageNumber="141" value="1992-04-30">30.4.1992</collectingDate>
</date>
<collectingRegion box="[983,1150,1657,1684]" country="Thailand" name="Mae Hong Son" pageId="140" pageNumber="141">Mae Hong Son</collectingRegion>
<quantity box="[1156,1222,1657,1684]" metricMagnitude="2" metricUnit="m" metricValue="3.5" pageId="140" pageNumber="141" unit="m" value="350.0">
<elevation box="[1156,1222,1657,1684]" metricMagnitude="2" metricUnit="m" metricValue="3.5" pageId="140" pageNumber="141" unit="m" value="350.0">350m</elevation>
</quantity>
, S. 
<location LSID="urn:lsid:plazi:treatment:03BD87E66BEDFF48AF89FDA0FD103BD5:8ECB602B6BEDFF49ABF2FE13FAC13BDF" box="[1260,1311,1657,1683]" country="Thailand" name="Bily" pageId="140" pageNumber="141" stateProvince="Mae Hong Son">Bily</location>
” (
<collectionCode box="[1335,1425,1657,1683]" country="0" httpUri="http://grbio.org/cool/1d5a-4efs" name="Natural History Museum Bucharest" pageId="140" pageNumber="141">NHMB</collectionCode>
)
</materialsCitation>
, 
<materialsCitation box="[151,1083,1693,1720]" collectingDate="1990-09" collectingDateMax="1999-05-11" collectingDateMin="1990-09" collectionCode="CP, ZFMK, ZSM, ZMHB" collectorName="Pacholatko" country="Thailand" elevation="1800" location="Sampong Dist." municipality="Angkhai village" pageId="140" pageNumber="141" specimenCount="8" specimenCount-male="8" stateProvince="Chiang Mai">
<specimenCount box="[151,193,1693,1720]" pageId="140" pageNumber="141" type="male">1 ♂</specimenCount>
“NW 
<collectingCountry box="[265,365,1693,1719]" name="Thailand" pageId="140" pageNumber="141">Thailand</collectingCountry>
1.- 
<date box="[391,499,1693,1720]" pageId="140" pageNumber="141" value="1992-05-06">
<collectingDate box="[391,499,1693,1720]" pageId="140" pageNumber="141" value="1992-05-06">6.5.1992</collectingDate>
</date>
Soppong-Pai 
<quantity box="[658,738,1693,1719]" metricMagnitude="3" metricUnit="m" metricValue="1.8" pageId="140" pageNumber="141" unit="m" value="1800.0">
<elevation box="[658,738,1693,1719]" metricMagnitude="3" metricUnit="m" metricValue="1.8" pageId="140" pageNumber="141" unit="m" value="1800.0">1800m</elevation>
</quantity>
, leg. 
<collectorName box="[797,921,1693,1719]" pageId="140" pageNumber="141">Pacholatko</collectorName>
/ TS 87” (
<collectionCode box="[1031,1070,1693,1719]" pageId="140" pageNumber="141">CP</collectionCode>
),
</materialsCitation>
<materialsCitation collectingDate="1990-09" collectingDateMax="1999-05-11" collectingDateMin="1990-09" collectionCode="CP, ZFMK, ZSM, ZMHB" collectorName="Insomasy Somsy" country="Thailand" elevation="1800" location="Sampong Dist." municipality="Angkhai village" pageId="140" pageNumber="141" specimenCount="8" specimenCount-male="8" stateProvince="Chiang Mai">
<specimenCount box="[1089,1131,1693,1720]" pageId="140" pageNumber="141" type="male">1 ♂</specimenCount>
“N 
<collectingCountry box="[1177,1236,1694,1720]" name="Laos" pageId="140" pageNumber="141">Laos</collectingCountry>
: 
<locationDeviation location="Louang Prabang" pageId="140" pageNumber="141">
<quantity box="[1246,1317,1693,1719]" metricMagnitude="4" metricUnit="m" metricValue="1.0" pageId="140" pageNumber="141" unit="km" value="10.0">10 km</quantity>
N Louang Prabang
</locationDeviation>
, Mekong riv., 
<locationDeviation box="[404,628,1729,1756]" location="Vientiane" pageId="140" pageNumber="141">
<quantity box="[404,488,1729,1755]" metricMagnitude="5" metricUnit="m" metricValue="2.4" pageId="140" pageNumber="141" unit="km" value="240.0">240 km</quantity>
N Vientiane
</locationDeviation>
) 
<date box="[641,743,1729,1755]" pageId="140" pageNumber="141" value="1992-12">
<collectingDate box="[641,743,1729,1755]" pageId="140" pageNumber="141" value="1992-12">XII.1992</collectingDate>
</date>
hill country sparse settled primary vegetation, 
<collectorName pageId="140" pageNumber="141">Insomasy Somsy</collectorName>
leg.” (
<collectionCode box="[253,337,1765,1791]" country="Germany" httpUri="http://biocol.org/urn:lsid:biocol.org:col:34613" lsid="urn:lsid:biocol.org:col:34613" name="Zoologisches Forschungsmuseum Alexander Koenig" pageId="140" pageNumber="141" type="Museum">ZFMK</collectionCode>
),
</materialsCitation>
<materialsCitation box="[356,1436,1765,1792]" collectingDate="1990-09" collectingDateMax="1999-05-11" collectingDateMin="1990-09" collectionCode="CP, ZFMK, ZSM, ZMHB" collectorName="Malicky" country="Thailand" elevation="1800" location="Sampong Dist." municipality="Angkhai village" pageId="140" pageNumber="141" specimenCount="8" specimenCount-male="8" stateProvince="Chiang Mai">
<specimenCount box="[356,398,1765,1792]" pageId="140" pageNumber="141" type="male">1 ♂</specimenCount>
“N-Thailand 
<date box="[555,646,1765,1791]" pageId="140" pageNumber="141" value="1992-03">
<collectingDate box="[555,646,1765,1791]" pageId="140" pageNumber="141" value="1992-03">III.1992</collectingDate>
</date>
<locationDeviation box="[654,843,1765,1792]" location="Ban Rai" pageId="140" pageNumber="141">
<quantity box="[654,711,1765,1791]" metricMagnitude="3" metricUnit="m" metricValue="3.0" pageId="140" pageNumber="141" unit="km" value="3.0">3 km</quantity>
W Ban Rai
</locationDeviation>
170 kn 
<collectorName box="[936,1076,1765,1792]" pageId="140" pageNumber="141">NW Bankok</collectorName>
<quantity box="[1084,1148,1765,1792]" metricMagnitude="2" metricUnit="m" metricValue="1.5" pageId="140" pageNumber="141" unit="m" value="150.0">
<elevation box="[1084,1148,1765,1792]" metricMagnitude="2" metricUnit="m" metricValue="1.5" pageId="140" pageNumber="141" unit="m" value="150.0">150m</elevation>
</quantity>
NN lg. Malicky” (
<collectionCode box="[1361,1424,1765,1791]" country="Germany" httpUri="http://grbio.org/cool/4b7r-7sec" name="Bavarian State Collection of Zoology" pageId="140" pageNumber="141" type="Museum">ZSM</collectionCode>
),
</materialsCitation>
<materialsCitation box="[151,1386,1801,1828]" collectingDate="1990-09" collectingDateMax="1999-05-11" collectingDateMin="1990-09" collectionCode="CP, ZFMK, ZSM, ZMHB" collectorName="K. Masumoto" country="Thailand" elevation="1800" location="Sampong Dist." municipality="Angkhai village" pageId="140" pageNumber="141" specimenCount="8" specimenCount-male="8" stateProvince="Chiang Mai">
<specimenCount box="[151,214,1801,1828]" pageId="140" pageNumber="141" type="male">4 ♂♂</specimenCount>
“ 
<collectingCountry box="[231,333,1801,1827]" name="Thailand" pageId="140" pageNumber="141">Thailand</collectingCountry>
<collectingMunicipality box="[340,522,1801,1827]" pageId="140" pageNumber="141">Angkhai village</collectingMunicipality>
, 
<location LSID="urn:lsid:plazi:treatment:03BD87E66BEDFF48AF89FDA0FD103BD5:8ECB602B6BEDFF49AD08FF63FD633A6F" box="[534,701,1801,1827]" country="Thailand" municipality="Angkhai village" name="Sampong Dist." pageId="140" pageNumber="141" stateProvince="Chiang Mai">Sampong Dist.</location>
<collectingRegion box="[708,907,1801,1828]" country="Thailand" name="Chiang Mai" pageId="140" pageNumber="141">Chiang Mai Prov.</collectingRegion>
<date box="[914,1053,1801,1827]" pageId="140" pageNumber="141" value="1999-05-09" valueMax="1999-05-11" valueMin="1999-05-09">
<collectingDate box="[914,1053,1801,1827]" pageId="140" pageNumber="141" value="1999-05-09" valueMax="1999-05-11" valueMin="1999-05-09">9.-11.v.1999</collectingDate>
</date>
<collectorName box="[1061,1215,1802,1828]" pageId="140" pageNumber="141">K. Masumoto</collectorName>
leg.” (
<collectionCode box="[1291,1375,1801,1827]" country="Germany" httpUri="http://biocol.org/urn:lsid:biocol.org:col:34613" lsid="urn:lsid:biocol.org:col:34613" name="Zoologisches Forschungsmuseum Alexander Koenig" pageId="140" pageNumber="141" type="Museum">ZFMK</collectionCode>
),
</materialsCitation>
<materialsCitation collectingDate="1990-09" collectingDateMax="1999-05-11" collectingDateMin="1990-09" collectionCode="CP, ZFMK, ZSM, ZMHB" country="Thailand" elevation="1800" location="Sampong Dist." municipality="Angkhai village" pageId="140" pageNumber="141" specimenCount="8" specimenCount-male="8" stateProvince="Chiang Mai">
<specimenCount box="[1394,1436,1801,1828]" pageId="140" pageNumber="141" type="male">1 ♂</specimenCount>
“ 
<collectingCountry box="[161,263,1837,1863]" name="Thailand" pageId="140" pageNumber="141">Thailand</collectingCountry>
<quantity box="[269,339,1837,1864]" metricMagnitude="4" metricUnit="m" metricValue="2.5" pageId="140" pageNumber="141" unit="km" value="25.0">25 km</quantity>
<collectorName box="[345,517,1837,1864]" pageId="140" pageNumber="141">NW v. Lan-Sak</collectorName>
<locationDeviation box="[522,775,1837,1864]" location="Thai-Thani" pageId="140" pageNumber="141">
<quantity box="[522,592,1837,1864]" metricMagnitude="4" metricUnit="m" metricValue="6.5" pageId="140" pageNumber="141" unit="km" value="65.0">65 km</quantity>
NW Thai-Thani
</locationDeviation>
ca. 
<quantity box="[819,896,1837,1863]" metricMagnitude="5" metricUnit="m" metricValue="2.2" pageId="140" pageNumber="141" unit="km" value="220.0">220km</quantity>
NW 
<collectingRegion box="[955,1056,1837,1863]" country="Thailand" name="Krung Thep Mahanakhon" pageId="140" pageNumber="141">Bangkok</collectingRegion>
<quantity box="[1062,1124,1837,1863]" metricMagnitude="2" metricUnit="m" metricValue="1.1" pageId="140" pageNumber="141" unit="m" value="110.0">
<elevation box="[1062,1124,1837,1863]" metricMagnitude="2" metricUnit="m" metricValue="1.1" pageId="140" pageNumber="141" unit="m" value="110.0">110m</elevation>
</quantity>
<date box="[1130,1225,1837,1863]" pageId="140" pageNumber="141" value="1990-09">
<collectingDate box="[1130,1225,1837,1863]" pageId="140" pageNumber="141" value="1990-09">IX.1990</collectingDate>
</date>
” (
<collectionCode box="[1249,1336,1837,1863]" pageId="140" pageNumber="141">ZMHB</collectionCode>
).
</materialsCitation>
<materialsCitation collectingDate="1977-05-06" collectingDateMax="2008-04-04" collectingDateMin="1977-05-06" collectionCode="HBUM, IZAS, NKU" collectorName="Ba Yinbin &amp; Lang Juntong" country="China" county="Bawang Town" location="Mt. Jianfengling" municipality="Mt. Bawangling Nature Reserve" pageId="140" pageNumber="141" specimenCount="5" specimenCount-female="1" specimenCount-male="4" stateProvince="Hainan">
<emphasis bold="true" box="[1354,1436,1837,1863]" pageId="140" pageNumber="141">
<collectingCountry box="[1354,1431,1837,1863]" name="China" pageId="140" pageNumber="141">China</collectingCountry>
:
</emphasis>
<specimenCount box="[151,194,1873,1900]" pageId="140" pageNumber="141" type="male">1 ♂</specimenCount>
“ 
<collectingCounty box="[211,379,1873,1900]" pageId="140" pageNumber="141">Bawang Town</collectingCounty>
, 
<collectorName box="[391,523,1873,1899]" pageId="140" pageNumber="141">Changjiang</collectorName>
, 
<collectingRegion box="[535,619,1873,1899]" country="China" name="Hainan" pageId="140" pageNumber="141">Hainan</collectingRegion>
, 
<date box="[630,747,1873,1899]" pageId="140" pageNumber="141" value="2007-05-10">
<collectingDate box="[630,747,1873,1899]" pageId="140" pageNumber="141" value="2007-05-10">10.V.2007</collectingDate>
</date>
, leg. 
<collectorName box="[808,925,1873,1900]" pageId="140" pageNumber="141">Ba Yinbin</collectorName>
, 
<collectorName box="[937,1094,1873,1900]" pageId="140" pageNumber="141">Lang Juntong</collectorName>
” (
<collectionCode box="[1119,1209,1873,1899]" country="China" httpUri="http://grbio.org/cool/6ww3-041h" name="College of Life Sciences Hebei Univesity, Baoding" pageId="140" pageNumber="141">HBUM</collectionCode>
),
</materialsCitation>
<materialsCitation collectingDate="1977-05-06" collectingDateMax="2008-04-04" collectingDateMin="1977-05-06" collectionCode="HBUM, IZAS, NKU" collectorName="Ba Yinbin &amp; Lang Juntong" country="China" county="Bawang Town" location="Mt. Jianfengling" municipality="Mt. Bawangling Nature Reserve" pageId="140" pageNumber="141" specimenCount="5" specimenCount-female="1" specimenCount-male="4" stateProvince="Hainan">
<specimenCount box="[1228,1271,1873,1900]" pageId="140" pageNumber="141" type="female">1 ♀</specimenCount>
“Mts. Bawangling, Changjiang, 
<collectingRegion box="[367,451,1909,1935]" country="China" name="Hainan" pageId="140" pageNumber="141">Hainan</collectingRegion>
, 
<date box="[463,616,1909,1935]" pageId="140" pageNumber="141" value="2007-05-11" valueMax="2007-05-12" valueMin="2007-05-11">
<collectingDate box="[463,616,1909,1935]" pageId="140" pageNumber="141" value="2007-05-11" valueMax="2007-05-12" valueMin="2007-05-11">11-12.V.2007</collectingDate>
</date>
, leg. 
<collectorName box="[677,794,1909,1936]" pageId="140" pageNumber="141">Ba Yinbin</collectorName>
, 
<collectorName box="[806,964,1909,1936]" pageId="140" pageNumber="141">Lang Juntong</collectorName>
” (
<collectionCode box="[988,1078,1909,1935]" country="China" httpUri="http://grbio.org/cool/6ww3-041h" name="College of Life Sciences Hebei Univesity, Baoding" pageId="140" pageNumber="141">HBUM</collectionCode>
),
</materialsCitation>
<materialsCitation collectingDate="1977-05-06" collectingDateMax="2008-04-04" collectingDateMin="1977-05-06" collectionCode="HBUM, IZAS, NKU" collectorName="Huang Ju" country="China" county="Bawang Town" location="Mt. Jianfengling" municipality="Mt. Bawangling Nature Reserve" pageId="140" pageNumber="141" specimenCount="5" specimenCount-female="1" specimenCount-male="4" stateProvince="Hainan">
<specimenCount box="[1098,1140,1909,1936]" pageId="140" pageNumber="141" type="male">1 ♂</specimenCount>
“Laoda, 
<collectingRegion box="[1244,1317,1909,1935]" country="China" name="Anhui" pageId="140" pageNumber="141">Anhui</collectingRegion>
, 
<date box="[1329,1432,1909,1935]" pageId="140" pageNumber="141" value="1977-05-06">
<collectingDate box="[1329,1432,1909,1935]" pageId="140" pageNumber="141" value="1977-05-06">6.V.1977</collectingDate>
</date>
, 
<collectingMethod box="[151,258,1945,1972]" pageId="140" pageNumber="141">light trap</collectingMethod>
, leg. 
<collectorName box="[321,432,1945,1972]" pageId="140" pageNumber="141">Huang Ju</collectorName>
” (
<collectionCode box="[459,526,1945,1971]" country="0" httpUri="http://grbio.org/cool/043p-ts4f" name="Institut Zoologii Akademii Nauk Ukraini - Institute of Zoology of the Academy of Sciences of Ukraine" pageId="140" pageNumber="141">IZAS</collectionCode>
),
</materialsCitation>
<materialsCitation collectingDate="1977-05-06" collectingDateMax="2008-04-04" collectingDateMin="1977-05-06" collectionCode="HBUM, IZAS, NKU" collectorName="Zhu Gengping" country="China" county="Bawang Town" location="Mt. Jianfengling" municipality="Mt. Bawangling Nature Reserve" pageId="140" pageNumber="141" specimenCount="5" specimenCount-female="1" specimenCount-male="4" stateProvince="Hainan">
<specimenCount box="[548,592,1945,1972]" pageId="140" pageNumber="141" type="male">1 ♂</specimenCount>
“ 
<collectingMunicipality box="[612,985,1945,1972]" pageId="140" pageNumber="141">Mt. Bawangling Nature Reserve</collectingMunicipality>
, 
<collectingRegion box="[998,1082,1945,1971]" country="China" name="Hainan" pageId="140" pageNumber="141">Hainan</collectingRegion>
, 
<date box="[1095,1208,1945,1971]" pageId="140" pageNumber="141" value="2008-04-04">
<collectingDate box="[1095,1208,1945,1971]" pageId="140" pageNumber="141" value="2008-04-04">4.IV.2008</collectingDate>
</date>
, 
<collectingMethod box="[1221,1327,1945,1972]" pageId="140" pageNumber="141">light trap</collectingMethod>
, leg. 
<collectorName pageId="140" pageNumber="141">Zhu Gengping</collectorName>
” (
<collectionCode box="[292,358,1981,2007]" pageId="140" pageNumber="141">NKU</collectionCode>
),
</materialsCitation>
<materialsCitation box="[379,1193,1981,2008]" collectingDate="1977-05-06" collectingDateMax="2008-04-04" collectingDateMin="1977-05-06" collectionCode="HBUM, IZAS, NKU" collectorName="Song Shimei" country="China" county="Bawang Town" location="Mt. Jianfengling" municipality="Mt. Bawangling Nature Reserve" pageId="140" pageNumber="141" specimenCount="5" specimenCount-female="1" specimenCount-male="4" stateProvince="Hainan">
<specimenCount box="[379,424,1981,2008]" pageId="140" pageNumber="141" type="male">1 ♂</specimenCount>
“ 
<location LSID="urn:lsid:plazi:treatment:03BD87E66BEDFF48AF89FDA0FD103BD5:8ECB602B6BEDFF49AEA2FFD7FDA23A9B" box="[444,636,1981,2007]" country="China" county="Bawang Town" municipality="Mt. Bawangling Nature Reserve" name="Mt. Jianfengling" pageId="140" pageNumber="141" stateProvince="Hainan">Mt. Jianfengling</location>
, 
<collectingRegion box="[650,734,1981,2007]" country="China" name="Hainan" pageId="140" pageNumber="141">Hainan</collectingRegion>
, 
<date box="[748,876,1981,2007]" pageId="140" pageNumber="141" value="1984-03-24">
<collectingDate box="[748,876,1981,2007]" pageId="140" pageNumber="141" value="1984-03-24">24.III.1984</collectingDate>
</date>
, leg. 
<collectorName box="[941,1090,1981,2007]" pageId="140" pageNumber="141">Song Shimei</collectorName>
” (
<collectionCode box="[1118,1185,1981,2007]" country="0" httpUri="http://grbio.org/cool/043p-ts4f" name="Institut Zoologii Akademii Nauk Ukraini - Institute of Zoology of the Academy of Sciences of Ukraine" pageId="140" pageNumber="141">IZAS</collectionCode>
)
</materialsCitation>
, 
<materialsCitation collectingDate="1988-05-13" collectionCode="BMH" collectorName="Coll. Bishop Museum" country="Hong Kong" lastPageId="141" lastPageNumber="142" location="O'Connell" pageId="140" pageNumber="141" specimenCount="2" specimenCount-male="2">
<specimenCount box="[1207,1272,1981,2008]" pageId="140" pageNumber="141" type="male">2 ♂♂</specimenCount>
“ 
<collectingCountry box="[1292,1432,1981,2008]" name="Hong Kong" pageId="140" pageNumber="141">Hong Kong</collectingCountry>
; Lantau I: San Shek Wan; 
<date box="[434,542,151,177]" pageId="141" pageNumber="142" value="1988-05-13">
<collectingDate box="[434,542,151,177]" pageId="141" pageNumber="142" value="1988-05-13">13.v.1988</collectingDate>
</date>
/ C. 
<location LSID="urn:lsid:plazi:treatment:03BD87E66BEDFF48AF89FDA0FD103BD5:8ECB602B6BECFF48AD50F8FDFD193DFD" box="[590,711,151,177]" country="Hong Kong" name="O'Connell" pageId="141" pageNumber="142">O’Connell</location>
, 
<collectorName box="[722,970,151,177]" pageId="141" pageNumber="142">Coll. Bishop Museum</collectorName>
” (
<collectionCode box="[994,1063,151,177]" country="United Kingdom" lsid="urn:lsid:biocol.org:col:13650" name="Museum" pageId="141" pageNumber="142" type="Herbarium">BMH</collectionCode>
)
</materialsCitation>
, 
<materialsCitation collectingDate="1988-05" collectionCode="BMH" collectorName="C. O'Connell &amp; Coll. Bishop Museum" country="Hong Kong" location="Hong Kong" pageId="141" pageNumber="142" specimenCount="1" specimenCount-male="1">
<specimenCount box="[1082,1123,151,177]" pageId="141" pageNumber="142" type="male">1 ♂</specimenCount>
“ 
<collectingCountry box="[1139,1276,151,177]" name="Hong Kong" pageId="141" pageNumber="142">Hong Kong</collectingCountry>
; Lantau I: San Shek Wan; 
<date box="[279,353,187,213]" pageId="141" pageNumber="142" value="1988-05">
<collectingDate box="[279,353,187,213]" pageId="141" pageNumber="142" value="1988-05">v.1988</collectingDate>
</date>
/ 
<collectorName box="[369,523,187,213]" pageId="141" pageNumber="142">C. O’Connell</collectorName>
, 
<collectorName box="[534,784,187,213]" pageId="141" pageNumber="142">Coll. Bishop Museum</collectorName>
” (
<collectionCode box="[808,878,187,213]" country="United Kingdom" lsid="urn:lsid:biocol.org:col:13650" name="Museum" pageId="141" pageNumber="142" type="Herbarium">BMH</collectionCode>
)
</materialsCitation>
.
</paragraph>
</subSubSection>
<subSubSection pageId="141" pageNumber="142" type="description">
<paragraph blockId="141.[151,1437,151,1689]" pageId="141" pageNumber="142">
<emphasis bold="true" box="[199,373,222,248]" pageId="141" pageNumber="142">Redescription.</emphasis>
Length: 
<quantity box="[472,559,223,249]" metricMagnitude="-3" metricUnit="m" metricValue="8.3" pageId="141" pageNumber="142" unit="mm" value="8.3">8.3 mm</quantity>
, length of elytra: 
<quantity box="[754,841,222,249]" metricMagnitude="-3" metricUnit="m" metricValue="5.6" pageId="141" pageNumber="142" unit="mm" value="5.6">5.6 mm</quantity>
, width: 
<quantity box="[929,1017,223,249]" metricMagnitude="-3" metricUnit="m" metricValue="4.9" pageId="141" pageNumber="142" unit="mm" value="4.9">4.9 mm</quantity>
. Body oblong-oval, yellowish brown, dull, labroclypeus shiny, with a few long setae on head, pronotum and elytra.
</paragraph>
<paragraph blockId="141.[151,1437,151,1689]" pageId="141" pageNumber="142">
Labroclypeus wide and subtrapezoidal, widest at base, lateral margins nearly straight and convergent anteriorly, anterior angles weakly rounded and reflexed, anterior margin shallowly emarginate, strongly elevated and reflexed medially, other margins moderately reflexed; lateral margin and ocular canthus produce an indistinct angle; surface distinctly elevated along middle, finely, densely punctate, with a few erect, long setae; frontoclypeal suture distinctly incised, evely curved; smooth area anterior to eye convex, twice as wide as long; ocular canthus short and wide (1/3 of ocular diameter), finely densely punctate, with a terminal seta. Frons dull, with very sparse and superficial punctures, with a few single setae beside eyes and behind frontoclypeal suture. Eyes small, ratio diameter/ interocular width: 0.63. Antenna with ten antennomeres; club with three antennomeres and straight, slightly longer than remaining antennomeres combined. 
<collectingRegion box="[614,709,583,609]" country="Myanmar" name="Chin" pageId="141" pageNumber="142">Mentum</collectingRegion>
elevated and slightly flattened anteriorly.
</paragraph>
<paragraph blockId="141.[151,1437,151,1689]" pageId="141" pageNumber="142">Pronotum moderately transverse, widest shortly behind middle, lateral margins evenly convex and convergent towards angles, anterior angles distinctly produced and sharp, posterior angles blunt, rounded at tip; anterior margin straight, with fine marginal line, base without marginal line; surface moderately finely and densely punctate, with minute setae in punctures and a very few long, semi-erect setae on lateral disc; anterior and lateral margin finely densely setose; hypomeron carinate, not produced ventrally. Scutellum wide, triangular, with fine, moderately dense punctures, impunctate on midline.</paragraph>
<paragraph blockId="141.[151,1437,151,1689]" pageId="141" pageNumber="142">Elytra widest in posterior third, striae finely impressed, finely and densely punctate, intervals flat, with fine, sparse punctures and with minute setae in punctures, odd intervals with numerous single long setae; epipleural margin robust, ending at half of elytra, epipleura sparsely setose; apical border of elytra membraneous, with a very fine rim of microtrichomes (visible at ca 100x magnification).</paragraph>
<paragraph blockId="141.[151,1437,151,1689]" pageId="141" pageNumber="142">Ventral surface dull, finely and densely punctate, nearly glabrous, metasternal disc sparsely covered with fine, short setae; metacoxa with a few longer setae laterally. Abdominal sternites finely and densely punctate, punctures with minute setae, each sternite with a transverse row of punctures each bearing a fine seta. Mesosternum between mesocoxae as wide as mesofemur. Ratio of length of metepisternum/metacoxa: 1/2.0. Pygidium strongly convex, dull, coarsely and moderately densely punctate, with narrow smooth midline, with a few long setae on disc and along apical margin.</paragraph>
<paragraph blockId="141.[151,1437,151,1689]" pageId="141" pageNumber="142">Legs short and wide, dull; femora with two longitudinal rows of setae, finely and sparsely punctate. Anterior margin of metafemur acute, without adjacent serrated line, anterior row of setae completely reduced; posterior ventral margin smooth, strongly widened at ventral apex, dorsal posterior margin smooth, neither serrate, glabrous. Metatibia short and wide, widest at middle, ratio of width/length: 1/2.6, sharply carinate dorsally, with two groups of spines, basal group at middle, apical group at three quarters of metatibial length, in basal half with a few short and robust single setae; lateral face longitudinally convex, superficially and sparsely punctate, along midline widely smooth, glabrous; ventral margin finely serrate, with five equidistant robust setae; medial face smooth and glabrous; apex finely serrate, shallowly emarginate interiorly near tarsal articulation. Tarsomeres dorsally impunctate, glabrous, neither laterally nor dorsally carinate, moderately setose ventrally; metatarsomeres with a strongly serrated ridge ventrally and a smooth subventral longitudinal carina, glabrous; first metatarsomere distinctly shorter than following two tarsomeres combined and slightly longer than dorsal tibial spur. Protibia moderately long, bidentate; anterior claws symmetrical, basal tooth of both claws bluntly truncate at apex.</paragraph>
<paragraph blockId="141.[151,1437,151,1689]" box="[199,678,1627,1653]" pageId="141" pageNumber="142">
Aedeagus: 
<figureCitation box="[324,404,1627,1653]" captionStart="FIGURE 30" captionStartId="139.[151,249,1943,1967]" captionTargetBox="[212,1372,181,1906]" captionTargetId="figure-20@139.[200,1388,181,1920]" captionTargetPageId="139" captionText="FIGURE 30. A–D: Maladera straminea (Moser, 1915) (China: Guangxi: Luoxiang); E–H: M. botrytibia Nomura, 1974 (Thailand: Mae Hong Son); I–L: M. subtruncata (Fairmaire, 1887) (China: Yunnan: Nabanhe). A, E, I: aedeagus, left side lateral view; C, G, K: aedeagus, right side lateral view; B, F, J: parameres, dorsal view; D, H, L: habitus. Scale: 0.5 mm. Habitus not to scale." figureDoi="http://doi.org/10.5281/zenodo.4496384" httpUri="https://zenodo.org/record/4496384/files/figure.png" pageId="141" pageNumber="142">Fig. 30</figureCitation>
E–G. Habitus: 
<figureCitation box="[571,674,1627,1653]" captionStart="FIGURE 30" captionStartId="139.[151,249,1943,1967]" captionTargetBox="[212,1372,181,1906]" captionTargetId="figure-20@139.[200,1388,181,1920]" captionTargetPageId="139" captionText="FIGURE 30. A–D: Maladera straminea (Moser, 1915) (China: Guangxi: Luoxiang); E–H: M. botrytibia Nomura, 1974 (Thailand: Mae Hong Son); I–L: M. subtruncata (Fairmaire, 1887) (China: Yunnan: Nabanhe). A, E, I: aedeagus, left side lateral view; C, G, K: aedeagus, right side lateral view; B, F, J: parameres, dorsal view; D, H, L: habitus. Scale: 0.5 mm. Habitus not to scale." figureDoi="http://doi.org/10.5281/zenodo.4496384" httpUri="https://zenodo.org/record/4496384/files/figure.png" pageId="141" pageNumber="142">Fig. 30H</figureCitation>
.
</paragraph>
</subSubSection>
<subSubSection box="[199,718,1662,1689]" pageId="141" pageNumber="142" type="distribution">
<paragraph blockId="141.[151,1437,151,1689]" box="[199,718,1662,1689]" pageId="141" pageNumber="142">
<emphasis bold="true" box="[199,353,1662,1688]" pageId="141" pageNumber="142">Distribution.</emphasis>
See map (
<figureCitation box="[470,566,1663,1689]" captionStart="FIGURE 102" captionStartId="352.[151,250,1967,1991]" captionTargetBox="[213,1372,1129,1938]" captionTargetId="figure-44@352.[208,1380,1124,1944]" captionTargetPageId="352" captionText="FIGURE 102. Distribution of the Maladera thomsoni group: Maladera apicalis sp. n., M.aureola (Murayama, 1938), M. botrytibia Nomura, 1974, M. guomenshanica sp. n., M. hansmalickyi sp. n.." figureDoi="http://doi.org/10.5281/zenodo.4496592" httpUri="https://zenodo.org/record/4496592/files/figure.png" pageId="141" pageNumber="142">Fig. 102</figureCitation>
) and 
<tableCitation box="[628,712,1663,1689]" captionStart="TABLE 1" captionStartId="368.[151,239,544,570]" captionText="TABLE 1. Overview on the distribuition of the Chinese mainland species of Maladera Mulsant &amp; Rey, 1871 (x – records from material examined herein, o – records from literature, with no material of this study)." pageId="141" pageNumber="142">Table 1</tableCitation>
.
</paragraph>
</subSubSection>
</treatment>
</document>