<document ID-DOI="http://doi.org/10.5281/zenodo.4496440" ID-GBIF-Dataset="188411de-569c-4408-a016-1a04b858c142" ID-ISSN="1175-5326" ID-Zenodo-Dep="4496440" ID-ZooBank="D7F9C6A3-9C28-4F4C-8E81-BF24849FDD8C" _generate="added" approvalRequired="33" approvalRequired_for_illustrations="17" approvalRequired_for_treatments="16" checkinTime="1612331093960" checkinUser="plazi" docAuthor="Fabrizi, Silvia, Liu, Wan-Gang, Bai, Ming, Yang, Xing-Ke &amp; Ahrens, Dirk" docDate="2021" docId="03BD87E66B21FF84AF89FCC1FD1E3B45" docLanguage="en" docName="zootaxa.4922.1.1.pdf" docOrigin="Zootaxa 4922 (1)" docStyle="DocumentStyle:5EBBA59367AD13919D70D935FA04F6A3.7:Zootaxa.2013-.monograph" docStyleId="5EBBA59367AD13919D70D935FA04F6A3" docStyleName="Zootaxa.2013-.monograph" docStyleVersion="7" docTitle="Autoserica diversipes Moser 1915" docType="treatment" docVersion="6" lastPageId="65" lastPageNumber="66" masterDocId="FF84FF9E6B61FFC5AF1EF86AFFDE3D4C" masterDocTitle="A monograph of the genus Maladera Mulsant &amp; Rey, 1871 of China (Coleoptera: Scarabaeidae: Melolonthinae: Sericini)" masterLastPageNumber="400" masterPageNumber="1" pageId="64" pageNumber="65" updateTime="1615983897969" updateUser="diego">
<mods:mods xmlns:mods="http://www.loc.gov/mods/v3">
<mods:titleInfo>
<mods:title>A monograph of the genus Maladera Mulsant &amp; Rey, 1871 of China (Coleoptera: Scarabaeidae: Melolonthinae: Sericini)</mods:title>
</mods:titleInfo>
<mods:name type="personal">
<mods:role>
<mods:roleTerm>Author</mods:roleTerm>
</mods:role>
<mods:namePart>Fabrizi, Silvia</mods:namePart>
<mods:nameIdentifier type="ORCID">0000-0003-3524-7153</mods:nameIdentifier>
<mods:nameIdentifier type="email">ahrens.dirk_col@gmx.de</mods:nameIdentifier>
</mods:name>
<mods:name type="personal">
<mods:role>
<mods:roleTerm>Author</mods:roleTerm>
</mods:role>
<mods:namePart>Liu, Wan-Gang</mods:namePart>
<mods:nameIdentifier type="ORCID">0000-0003-4788-7967</mods:nameIdentifier>
<mods:nameIdentifier type="email">liuwangang@ieecas.cn</mods:nameIdentifier>
</mods:name>
<mods:name type="personal">
<mods:role>
<mods:roleTerm>Author</mods:roleTerm>
</mods:role>
<mods:namePart>Bai, Ming</mods:namePart>
<mods:nameIdentifier type="ORCID">0000-0003-3676-6828</mods:nameIdentifier>
<mods:nameIdentifier type="email">liuwangang@ieecas.cn</mods:nameIdentifier>
</mods:name>
<mods:name type="personal">
<mods:role>
<mods:roleTerm>Author</mods:roleTerm>
</mods:role>
<mods:namePart>Yang, Xing-Ke</mods:namePart>
<mods:nameIdentifier type="ORCID">0000-0003-3676-6828</mods:nameIdentifier>
<mods:nameIdentifier type="email">liuwangang@ieecas.cn</mods:nameIdentifier>
</mods:name>
<mods:name type="personal">
<mods:role>
<mods:roleTerm>Author</mods:roleTerm>
</mods:role>
<mods:namePart>Ahrens, Dirk</mods:namePart>
<mods:nameIdentifier type="ORCID">0000-0003-3524-7153</mods:nameIdentifier>
<mods:nameIdentifier type="email">ahrens.dirk_col@gmx.de</mods:nameIdentifier>
</mods:name>
<mods:typeOfResource>text</mods:typeOfResource>
<mods:relatedItem type="host">
<mods:titleInfo>
<mods:title>Zootaxa</mods:title>
</mods:titleInfo>
<mods:part>
<mods:date>2021</mods:date>
<mods:detail type="pubDate">
<mods:number>2021-02-03</mods:number>
</mods:detail>
<mods:detail type="volume">
<mods:number>4922</mods:number>
</mods:detail>
<mods:detail type="issue">
<mods:number>1</mods:number>
</mods:detail>
<mods:extent unit="page">
<mods:start>1</mods:start>
<mods:end>400</mods:end>
</mods:extent>
</mods:part>
</mods:relatedItem>
<mods:classification>journal article</mods:classification>
<mods:identifier type="DOI">https://doi.org/10.11646/zootaxa.4922.1.1</mods:identifier>
<mods:identifier type="GBIF-Dataset">188411de-569c-4408-a016-1a04b858c142</mods:identifier>
<mods:identifier type="ISSN">1175-5326</mods:identifier>
<mods:identifier type="Zenodo-Dep">4496316</mods:identifier>
<mods:identifier type="ZooBank">D7F9C6A3-9C28-4F4C-8E81-BF24849FDD8C</mods:identifier>
</mods:mods>
<treatment ID-DOI="http://doi.org/10.5281/zenodo.4496440" ID-Zenodo-Dep="4496440" LSID="urn:lsid:plazi:treatment:03BD87E66B21FF84AF89FCC1FD1E3B45" httpUri="http://treatment.plazi.org/id/03BD87E66B21FF84AF89FCC1FD1E3B45" lastPageId="65" lastPageNumber="66" pageId="64" pageNumber="65">
<subSubSection box="[151,618,1194,1221]" pageId="64" pageNumber="65" type="nomenclature">
<paragraph blockId="64.[151,744,1194,1257]" box="[151,618,1194,1221]" pageId="64" pageNumber="65">
<heading box="[151,618,1194,1221]" fontSize="11" level="2" pageId="64" pageNumber="65" reason="5">
<treatmentCitationGroup box="[151,618,1194,1221]" pageId="64" pageNumber="65">
<treatmentCitation author="Moser, J." box="[151,611,1194,1221]" page="346" pageId="64" pageNumber="65" year="1915">
<taxonomicName authority="Moser, 1915 b: 346" authorityName="Moser" authorityPageNumber="346" authorityYear="1915" box="[151,611,1194,1221]" class="Insecta" family="Melolonthidae" genus="Autoserica" kingdom="Animalia" order="Coleoptera" pageId="64" pageNumber="65" phylum="Arthropoda" rank="species" species="diversipes">
<emphasis box="[151,394,1195,1221]" italics="true" pageId="64" pageNumber="65">Autoserica diversipes</emphasis>
<bibRefCitation author="Moser, J." box="[400,611,1194,1221]" pageId="64" pageNumber="65" pagination="337 - 393" refId="ref334285" refString="Moser, J. (1915 b) Neue Serica - Arten. Deutsche Entomologische Zeitschrift, 1915, 337 - 393. https: // doi. org / 10.1002 / mmnd. 48019150402" type="journal article" year="1915">Moser, 1915b: 346</bibRefCitation>
</taxonomicName>
</treatmentCitation>
.
</treatmentCitationGroup>
</heading>
</paragraph>
</subSubSection>
<subSubSection box="[151,744,1231,1257]" pageId="64" pageNumber="65" type="reference_group">
<paragraph blockId="64.[151,744,1194,1257]" box="[151,744,1231,1257]" pageId="64" pageNumber="65">
<treatmentCitationGroup box="[151,744,1231,1257]" pageId="64" pageNumber="65">
<treatmentCitation author="Ahrens, D." box="[151,613,1231,1257]" page="236" pageId="64" pageNumber="65" year="2006">
<taxonomicName authority=": Ahrens 2006 b: 236" authorityName=": Ahrens" authorityPageNumber="236" authorityYear="2006" box="[151,613,1231,1257]" class="Insecta" family="Melolonthidae" genus="Maladera" kingdom="Animalia" order="Coleoptera" pageId="64" pageNumber="65" phylum="Arthropoda" rank="species" species="diversipes">
<emphasis box="[151,383,1231,1257]" italics="true" pageId="64" pageNumber="65">Maladera diversipes</emphasis>
: 
<bibRefCitation author="Ahrens, D." box="[395,613,1231,1257]" pageId="64" pageNumber="65" refId="ref329946" refString="Ahrens, D. (2006 b) Sericinae. In: Lobl, I. &amp; Smetana, A. (Eds.), Catalogue of Palaearctic Coleoptera. Volume 3. Scarabaeoidea-Scirtoidea-Dascilloidea-Buprestoidea-Byrrhoidea. Apollo Books, Stenstrup, pp. 229 - 248." type="book" year="2006">Ahrens 2006b: 236</bibRefCitation>
</taxonomicName>
</treatmentCitation>
, 
<treatmentCitation author="Ahrens, D." box="[624,740,1231,1257]" page="22" pageId="64" pageNumber="65" year="2007">
<bibRefCitation author="Ahrens, D." box="[624,740,1231,1257]" pageId="64" pageNumber="65" pagination="1 - 51" refId="ref330155" refString="Ahrens, D. (2007 b) Taxonomic changes and an updated Catalogue of Palearctic Sericini (Coleoptera: Scarabaeidae: Melolonthinae). Zootaxa, 1504 (1), 1 - 51. https: // doi. org / 10.11646 / zootaxa. 1504.1.1" type="journal article" year="2007">2007b: 22</bibRefCitation>
</treatmentCitation>
.
</treatmentCitationGroup>
</paragraph>
</subSubSection>
<subSubSection pageId="64" pageNumber="65" type="materials_examined">
<paragraph blockId="64.[151,1437,1302,2013]" pageId="64" pageNumber="65">
<emphasis bold="true" box="[151,451,1302,1329]" pageId="64" pageNumber="65">Type material examined.</emphasis>
<materialsCitation collectionCode="ZMHB" collectorName="Chevr. &amp; Brenske" country="China" location="China" pageId="64" pageNumber="65" specimenCount="1" specimenCount-male="1" typeStatus="lectotype">
<typeStatus box="[459,571,1303,1329]" pageId="64" pageNumber="65">Lectotype</typeStatus>
(
<taxonomicName authorityName=": Ahrens" authorityYear="2006" box="[589,703,1303,1329]" class="Insecta" family="Melolonthidae" genus="Maladera" kingdom="Animalia" order="Coleoptera" pageId="64" pageNumber="65" phylum="Arthropoda" rank="species" species="diversipes">
<emphasis box="[589,703,1303,1329]" italics="true" pageId="64" pageNumber="65">diversipes</emphasis>
</taxonomicName>
, here desiganted): 
<specimenCount box="[921,942,1303,1329]" pageId="64" pageNumber="65" type="male">♂</specimenCount>
“ 
<collectingCountry box="[960,1030,1303,1329]" name="China" pageId="64" pageNumber="65">China</collectingCountry>
coll. 
<collectorName box="[1097,1170,1303,1329]" pageId="64" pageNumber="65">Chevr.</collectorName>
/ Thery/ unicum B./ N° 250/ coll. 
<collectorName box="[270,361,1339,1365]" pageId="64" pageNumber="65">Brenske</collectorName>
/ 
<taxonomicName authorityName="Moser" authorityYear="1915" box="[378,624,1339,1365]" class="Insecta" family="Melolonthidae" genus="Autoserica" kingdom="Animalia" order="Coleoptera" pageId="64" pageNumber="65" phylum="Arthropoda" rank="species" species="diversipes">
Autoserica 
<emphasis box="[510,624,1339,1365]" italics="true" pageId="64" pageNumber="65">diversipes</emphasis>
</taxonomicName>
Type Moser/ 
<taxonomicName authority="(ZMHB)" authorityName="Moser" authorityYear="1915" baseAuthorityName="ZMHB" box="[788,902,1339,1365]" class="Insecta" family="Melolonthidae" genus="Autoserica" kingdom="Animalia" order="Coleoptera" pageId="64" pageNumber="65" phylum="Arthropoda" rank="species" species="diversipes">
<emphasis box="[788,902,1339,1365]" italics="true" pageId="64" pageNumber="65">diversipes</emphasis>
</taxonomicName>
” (
<collectionCode box="[932,1019,1339,1365]" pageId="64" pageNumber="65">ZMHB</collectionCode>
)
</materialsCitation>
. 
<materialsCitation collectingDate="1938-04-05" collectingDateMax="1938-12-06" collectingDateMin="1938-04-05" collectionCode="CF" collectorName="L. J. Klapperich" country="China" elevation="2300" latitude="27.4" longLatPrecision="742" longitude="-117.4" pageId="64" pageNumber="65" specimenCount="2" specimenCount-female="1" specimenCount-male="1" typeStatus="paratype">
<typeStatus box="[1041,1150,1339,1365]" pageId="64" pageNumber="65">Paratypes</typeStatus>
(
<taxonomicName authority="Frey" authorityName="G. Frey" authorityYear="1972" box="[1169,1369,1339,1365]" class="Insecta" family="Melolonthidae" genus="Serica" kingdom="Animalia" order="Coleoptera" pageId="64" pageNumber="65" phylum="Arthropoda" rank="species" species="levis">
<emphasis box="[1169,1302,1339,1365]" italics="true" pageId="64" pageNumber="65">Serica levis</emphasis>
Frey
</taxonomicName>
): 
<specimenCount box="[1391,1436,1339,1365]" pageId="64" pageNumber="65" type="male">1 ♂</specimenCount>
“Kuatun (
<quantity box="[263,352,1375,1401]" metricMagnitude="3" metricUnit="m" metricValue="2.3" pageId="64" pageNumber="65" unit="m" value="2300.0">
<elevation box="[263,352,1375,1401]" metricMagnitude="3" metricUnit="m" metricValue="2.3" pageId="64" pageNumber="65" unit="m" value="2300.0">2300 m</elevation>
</quantity>
) 
<geoCoordinate box="[369,457,1375,1401]" degrees="27, 40" direction="north" orientation="latitude" pageId="64" pageNumber="65" precision="555" value="27.4">27,40 n</geoCoordinate>
.Br. 
<geoCoordinate box="[505,605,1375,1401]" degrees="117, 40" direction="west" orientation="longitude" pageId="64" pageNumber="65" precision="555" value="-117.4">117,40 ö</geoCoordinate>
. 
<collectorName box="[609,794,1375,1401]" pageId="64" pageNumber="65">L. J. Klapperich</collectorName>
<date box="[804,901,1374,1401]" pageId="64" pageNumber="65" value="1938-04-05">
<collectingDate box="[804,901,1374,1401]" pageId="64" pageNumber="65" value="1938-04-05">5.4.1938</collectingDate>
</date>
(Fukien)/
</materialsCitation>
<materialsCitation collectingDate="1938-04-05" collectingDateMax="1938-12-06" collectingDateMin="1938-04-05" collectionCode="CF" collectorName="L. J. Klapperich" country="China" elevation="2300" latitude="27.4" longLatPrecision="742" longitude="-117.4" pageId="64" pageNumber="65" specimenCount="2" specimenCount-female="1" specimenCount-male="1" typeStatus="paratype">
<typeStatus box="[1024,1122,1375,1401]" pageId="64" pageNumber="65">Paratype</typeStatus>
<taxonomicName authority="G. Frey 1972" authorityName="G. Frey" authorityYear="1972" box="[1131,1426,1375,1401]" class="Insecta" family="Melolonthidae" genus="Serica" kingdom="Animalia" order="Coleoptera" pageId="64" pageNumber="65" phylum="Arthropoda" rank="species" species="levis">
<emphasis box="[1131,1262,1375,1401]" italics="true" pageId="64" pageNumber="65">Serica levis</emphasis>
G. Frey 1972
</taxonomicName>
” (
<collectionCode box="[160,199,1411,1437]" pageId="64" pageNumber="65">CF</collectionCode>
), 
<specimenCount box="[220,264,1411,1437]" pageId="64" pageNumber="65" type="female">1 ♀</specimenCount>
“Kuatun (
<quantity box="[385,474,1411,1437]" metricMagnitude="3" metricUnit="m" metricValue="2.3" pageId="64" pageNumber="65" unit="m" value="2300.0">
<elevation box="[385,474,1411,1437]" metricMagnitude="3" metricUnit="m" metricValue="2.3" pageId="64" pageNumber="65" unit="m" value="2300.0">2300 m</elevation>
</quantity>
) 
<geoCoordinate box="[492,580,1411,1437]" degrees="27, 40" direction="north" orientation="latitude" pageId="64" pageNumber="65" precision="555" value="27.4">27,40 n</geoCoordinate>
.Br. 
<geoCoordinate box="[627,728,1411,1437]" degrees="117, 40" direction="west" orientation="longitude" pageId="64" pageNumber="65" precision="555" value="-117.4">117,40 ö</geoCoordinate>
. 
<collectorName box="[732,917,1411,1437]" pageId="64" pageNumber="65">L. J. Klapperich</collectorName>
<date box="[927,1039,1411,1437]" pageId="64" pageNumber="65" value="1938-12-06">
<collectingDate box="[927,1039,1411,1437]" pageId="64" pageNumber="65" value="1938-12-06">12.6.1938</collectingDate>
</date>
(Fukien)/
</materialsCitation>
<materialsCitation collectingDate="1938-04-05" collectingDateMax="1938-12-06" collectingDateMin="1938-04-05" collectionCode="CF" collectorName="L. J. Klapperich" country="China" elevation="2300" latitude="27.4" longLatPrecision="742" longitude="-117.4" pageId="64" pageNumber="65" specimenCount="2" specimenCount-female="1" specimenCount-male="1" typeStatus="paratype">
<typeStatus box="[1161,1259,1411,1437]" pageId="64" pageNumber="65">Paratype</typeStatus>
<taxonomicName authority="G. Frey 1972" authorityName="G. Frey" authorityYear="1972" class="Insecta" family="Melolonthidae" genus="Serica" kingdom="Animalia" order="Coleoptera" pageId="64" pageNumber="65" phylum="Arthropoda" rank="species" species="levis">
<emphasis box="[1268,1400,1411,1437]" italics="true" pageId="64" pageNumber="65">Serica levis</emphasis>
G. Frey 1972
</taxonomicName>
” (
<collectionCode box="[293,332,1447,1473]" pageId="64" pageNumber="65">CF</collectionCode>
)
</materialsCitation>
.
</paragraph>
<paragraph blockId="64.[151,1437,1302,2013]" pageId="64" pageNumber="65">
<emphasis bold="true" box="[199,572,1482,1508]" pageId="64" pageNumber="65">Additional material examined.</emphasis>
<materialsCitation box="[583,1375,1483,1509]" collectingDate="1937-04-22" collectionCode="IZAS" collectorName="O. Piel &amp; Musee Heude" location="Ti'enmushan" pageId="64" pageNumber="65" specimenCount="1" specimenCount-male="1">
<specimenCount box="[583,628,1483,1509]" pageId="64" pageNumber="65" type="male">1 ♂</specimenCount>
“ 
<location LSID="urn:lsid:plazi:treatment:03BD87E66B21FF84AF89FCC1FD1E3B45:8ECB602B6B21FF85AD97FDA1FCFF38A9" box="[649,801,1483,1509]" name="Ti'enmushan" pageId="64" pageNumber="65">Ti’enmushan</location>
, 
<date box="[816,943,1483,1509]" pageId="64" pageNumber="65" value="1937-04-22">
<collectingDate box="[816,943,1483,1509]" pageId="64" pageNumber="65" value="1937-04-22">22.IV.1937</collectingDate>
</date>
, leg. 
<collectorName box="[1010,1094,1483,1509]" pageId="64" pageNumber="65">O. Piel</collectorName>
, 
<collectorName box="[1110,1271,1483,1509]" pageId="64" pageNumber="65">Musee Heude</collectorName>
” (
<collectionCode box="[1300,1367,1483,1509]" country="0" httpUri="http://grbio.org/cool/043p-ts4f" name="Institut Zoologii Akademii Nauk Ukraini - Institute of Zoology of the Academy of Sciences of Ukraine" pageId="64" pageNumber="65">IZAS</collectionCode>
)
</materialsCitation>
, 
<materialsCitation collectingDate="1960-05-02" collectionCode="IZAS" collectorName="Zhang Yiran" county="Aotou" location="Jianyang" municipality="Huangkeng" pageId="64" pageNumber="65" specimenCount="1" specimenCount-male="1" stateProvince="Fujian">
<specimenCount box="[1390,1436,1483,1509]" pageId="64" pageNumber="65" type="male">1 ♂</specimenCount>
“ 
<collectingCounty box="[161,236,1519,1545]" pageId="64" pageNumber="65">Aotou</collectingCounty>
, 
<collectingMunicipality box="[253,385,1519,1545]" pageId="64" pageNumber="65">Huangkeng</collectingMunicipality>
, 
<location LSID="urn:lsid:plazi:treatment:03BD87E66B21FF84AF89FCC1FD1E3B45:8ECB602B6B21FF85AE8CFD85FE263B45" box="[402,504,1519,1545]" county="Aotou" municipality="Huangkeng" name="Jianyang" pageId="64" pageNumber="65" stateProvince="Fujian">Jianyang</location>
, 
<collectingRegion box="[522,597,1519,1545]" country="China" name="Fujian" pageId="64" pageNumber="65">Fujian</collectingRegion>
, 
<date box="[613,716,1519,1545]" pageId="64" pageNumber="65" value="1960-05-02">
<collectingDate box="[613,716,1519,1545]" pageId="64" pageNumber="65" value="1960-05-02">
2.V. 
<quantity box="[656,716,1519,1545]" metricMagnitude="6" metricUnit="m" metricValue="1.96095" pageId="64" pageNumber="65" unit="m" value="1960950.0">1960</quantity>
</collectingDate>
</date>
, 950m, leg. 
<collectorName box="[871,1019,1519,1545]" pageId="64" pageNumber="65">Zhang Yiran</collectorName>
” (
<collectionCode box="[1050,1117,1519,1545]" country="0" httpUri="http://grbio.org/cool/043p-ts4f" name="Institut Zoologii Akademii Nauk Ukraini - Institute of Zoology of the Academy of Sciences of Ukraine" pageId="64" pageNumber="65">IZAS</collectionCode>
)
</materialsCitation>
, 
<materialsCitation collectingDate="1980-06-14" collectionCode="IZAS" collectorName="Tong Xuesong" location="Longquan" municipality="Mt. Fengyangshan" pageId="64" pageNumber="65" specimenCount="1" specimenCount-male="1" stateProvince="Fujian">
<specimenCount box="[1142,1190,1519,1545]" pageId="64" pageNumber="65" type="male">1 ♂</specimenCount>
“ 
<collectingMunicipality box="[1213,1433,1519,1545]" pageId="64" pageNumber="65">Mt. Fengyangshan</collectingMunicipality>
, 
<location LSID="urn:lsid:plazi:treatment:03BD87E66B21FF84AF89FCC1FD1E3B45:8ECB602B6B21FF85AF89FE79FED53B61" box="[151,267,1555,1581]" municipality="Mt. Fengyangshan" name="Longquan" pageId="64" pageNumber="65" stateProvince="Fujian">Longquan</location>
, 
<date box="[281,411,1555,1581]" pageId="64" pageNumber="65" value="1980-06-14">
<collectingDate box="[281,411,1555,1581]" pageId="64" pageNumber="65" value="1980-06-14">14.VI.1980</collectingDate>
</date>
, leg. 
<collectorName box="[476,645,1555,1581]" pageId="64" pageNumber="65">Tong Xuesong</collectorName>
” (
<collectionCode box="[673,740,1555,1581]" country="0" httpUri="http://grbio.org/cool/043p-ts4f" name="Institut Zoologii Akademii Nauk Ukraini - Institute of Zoology of the Academy of Sciences of Ukraine" pageId="64" pageNumber="65">IZAS</collectionCode>
)
</materialsCitation>
, 
<materialsCitation collectingDate="1977-05-10" collectionCode="IZAS" collectorName="Zhang Youwei" location="Mt. Lushan" pageId="64" pageNumber="65" specimenCount="1" specimenCount-male="1" stateProvince="Jiangxi">
<specimenCount box="[762,807,1555,1581]" pageId="64" pageNumber="65" type="male">1 ♂</specimenCount>
“ 
<location LSID="urn:lsid:plazi:treatment:03BD87E66B21FF84AF89FCC1FD1E3B45:8ECB602B6B21FF85AC25FE79FC1A3B61" box="[827,964,1555,1581]" name="Mt. Lushan" pageId="64" pageNumber="65" stateProvince="Jiangxi">Mt. Lushan</location>
, 
<collectingRegion box="[978,1062,1555,1581]" country="China" name="Jiangxi" pageId="64" pageNumber="65">Jiangxi</collectingRegion>
, 
<date box="[1075,1193,1555,1581]" pageId="64" pageNumber="65" value="1977-05-10">
<collectingDate box="[1075,1193,1555,1581]" pageId="64" pageNumber="65" value="1977-05-10">10.V.1977</collectingDate>
</date>
, leg. 
<collectorName box="[1258,1427,1555,1581]" pageId="64" pageNumber="65">Zhang Youwei</collectorName>
” (
<collectionCode box="[159,226,1591,1617]" country="0" httpUri="http://grbio.org/cool/043p-ts4f" name="Institut Zoologii Akademii Nauk Ukraini - Institute of Zoology of the Academy of Sciences of Ukraine" pageId="64" pageNumber="65">IZAS</collectionCode>
)
</materialsCitation>
, 
<materialsCitation box="[247,1110,1591,1617]" collectingDate="1974-05-26" collectionCode="LSSYU" collectorName="Zhang Wenlan" location="Ruyuan" municipality="Luoyang Gongshe" pageId="64" pageNumber="65" specimenCount="1" specimenCount-male="1" stateProvince="Jiangxi">
<specimenCount box="[247,290,1591,1617]" pageId="64" pageNumber="65" type="male">1 ♂</specimenCount>
“ 
<collectingMunicipality box="[308,521,1591,1617]" pageId="64" pageNumber="65">Luoyang Gongshe</collectingMunicipality>
, 
<location LSID="urn:lsid:plazi:treatment:03BD87E66B21FF84AF89FCC1FD1E3B45:8ECB602B6B21FF85AD0BFE5DFDB13B1D" box="[533,623,1591,1617]" municipality="Luoyang Gongshe" name="Ruyuan" pageId="64" pageNumber="65" stateProvince="Jiangxi">Ruyuan</location>
, 
<date box="[636,753,1591,1617]" pageId="64" pageNumber="65" value="1974-05-26">
<collectingDate box="[636,753,1591,1617]" pageId="64" pageNumber="65" value="1974-05-26">26.V.1974</collectingDate>
</date>
, leg. 
<collectorName box="[815,982,1591,1617]" pageId="64" pageNumber="65">Zhang Wenlan</collectorName>
” (
<collectionCode box="[1007,1101,1591,1617]" pageId="64" pageNumber="65">LSSYU</collectionCode>
)
</materialsCitation>
, 
<materialsCitation collectionCode="ZFMK" collectorName="Jaroslav Turna" country="China" elevation="1100" latitude="29.216667" location="Zheijang" longLatPrecision="1228" longitude="119.65" pageId="64" pageNumber="65" specimenCount="1" specimenCount-male="1">
<specimenCount box="[1122,1165,1591,1617]" pageId="64" pageNumber="65" type="male">1 ♂</specimenCount>
“ 
<collectingCountry box="[1183,1255,1591,1617]" name="China" pageId="64" pageNumber="65">China</collectingCountry>
, cent. 
<location LSID="urn:lsid:plazi:treatment:03BD87E66B21FF84AF89FCC1FD1E3B45:8ECB602B6B21FF85AA2CFE5DFA473B1D" box="[1330,1433,1591,1617]" country="China" latitude="29.216667" longLatPrecision="1228" longitude="119.65" name="Zheijang" pageId="64" pageNumber="65">Zheijang</location>
, 15.V.-21.VI. 
<locationDeviation box="[297,556,1627,1653]" location="Jinhua Dapanshan" pageId="64" pageNumber="65">N of Jinhua Dapanshan</locationDeviation>
<quantity box="[562,642,1627,1653]" metricMagnitude="3" metricUnit="m" metricValue="1.1" pageId="64" pageNumber="65" unit="m" value="1100.0">
<elevation box="[562,642,1627,1653]" metricMagnitude="3" metricUnit="m" metricValue="1.1" pageId="64" pageNumber="65" unit="m" value="1100.0">1100m</elevation>
</quantity>
, 
<geoCoordinate box="[652,749,1627,1653]" degrees="29" direction="north" minutes="13" orientation="latitude" pageId="64" pageNumber="65" precision="925" value="29.216667">29°13’N</geoCoordinate>
<geoCoordinate box="[755,862,1627,1653]" degrees="119" direction="east" minutes="39" orientation="longitude" pageId="64" pageNumber="65" precision="925" value="119.65">119°39’E</geoCoordinate>
<collectorName box="[868,1031,1627,1653]" pageId="64" pageNumber="65">Jaroslav Turna</collectorName>
leg., 2011” (
<collectionCode box="[1173,1257,1627,1653]" country="Germany" httpUri="http://biocol.org/urn:lsid:biocol.org:col:34613" lsid="urn:lsid:biocol.org:col:34613" name="Zoologisches Forschungsmuseum Alexander Koenig" pageId="64" pageNumber="65" type="Museum">ZFMK</collectionCode>
)
</materialsCitation>
, 
<materialsCitation collectionCode="CP" collectorName="C. Holzschuh" country="China" elevation="1150" location="Qinling Shan" pageId="64" pageNumber="65" specimenCount="1" specimenCount-male="1" stateProvince="Shaanxi">
<specimenCount box="[1275,1316,1627,1653]" pageId="64" pageNumber="65" type="male">1 ♂</specimenCount>
“C-China, 
<collectingRegion box="[151,244,1663,1689]" country="China" name="Shaanxi" pageId="64" pageNumber="65">Shaanxi</collectingRegion>
, 
<location LSID="urn:lsid:plazi:treatment:03BD87E66B21FF84AF89FCC1FD1E3B45:8ECB602B6B21FF85AFE0FE15FE4B3BD5" box="[254,405,1663,1689]" country="China" name="Qinling Shan" pageId="64" pageNumber="65" stateProvince="Shaanxi">Qinling Shan</location>
, 
<locationDeviation box="[414,651,1663,1689]" location="Xunyangba" pageId="64" pageNumber="65">
<quantity box="[414,464,1663,1689]" metricMagnitude="3" metricUnit="m" metricValue="6.0" pageId="64" pageNumber="65" unit="km" value="6.0">6km</quantity>
E of Xunyangba
</locationDeviation>
<quantity box="[657,802,1663,1689]" metricMagnitude="3" metricUnit="m" metricValue="1.15" metricValueMax="1.3" metricValueMin="1.0" pageId="64" pageNumber="65" unit="m" value="1150.0" valueMax="1300.0" valueMin="1000.0">
<elevation box="[657,802,1663,1689]" metricMagnitude="3" metricUnit="m" metricValue="1.15" metricValueMax="1.3" metricValueMin="1.0" pageId="64" pageNumber="65" unit="m" value="1150.0" valueMax="1300.0" valueMin="1000.0">1000-1300m</elevation>
</quantity>
, 23.V.-13.VI. leg. 
<collectorName box="[1005,1157,1663,1689]" pageId="64" pageNumber="65">C. Holzschuh</collectorName>
2000” (
<collectionCode box="[1245,1284,1663,1689]" pageId="64" pageNumber="65">CP</collectionCode>
)
</materialsCitation>
, 
<materialsCitation collectingDate="2012-05-21" collectionCode="SNUC" collectorName="Zhao" country="China" elevation="500" latitude="30.1" location="Qingliangfeng Mt." longLatPrecision="1223" longitude="118.88333" pageId="64" pageNumber="65" specimenCount="1" specimenCount-male="1" stateProvince="Zhejiang">
<specimenCount box="[1302,1343,1663,1689]" pageId="64" pageNumber="65" type="male">1 ♂</specimenCount>
“ 
<collectingCountry box="[1359,1432,1663,1689]" name="China" pageId="64" pageNumber="65">China</collectingCountry>
: 
<collectingRegion box="[151,316,1699,1725]" country="China" name="Zhejiang" pageId="64" pageNumber="65">Zhejiang Prov.</collectingRegion>
<location LSID="urn:lsid:plazi:treatment:03BD87E66B21FF84AF89FCC1FD1E3B45:8ECB602B6B21FF85AE5CFEC9FDCD3BF1" box="[322,531,1699,1725]" country="China" latitude="30.1" longLatPrecision="1223" longitude="118.88333" name="Qingliangfeng Mt." pageId="64" pageNumber="65" stateProvince="Zhejiang">Qingliangfeng Mt.</location>
Longtangshan 
<geoCoordinate box="[702,801,1699,1725]" degrees="30" direction="north" minutes="06" orientation="latitude" pageId="64" pageNumber="65" precision="925" value="30.1">30°06’N</geoCoordinate>
, 
<geoCoordinate box="[813,918,1698,1725]" degrees="118" direction="east" minutes="53" orientation="longitude" pageId="64" pageNumber="65" precision="925" value="118.88333">118°53’E</geoCoordinate>
/ alt. 
<quantity box="[976,1039,1698,1725]" metricMagnitude="2" metricUnit="m" metricValue="5.0" pageId="64" pageNumber="65" unit="m" value="500.0">
<elevation box="[976,1039,1698,1725]" metricMagnitude="2" metricUnit="m" metricValue="5.0" pageId="64" pageNumber="65" unit="m" value="500.0">500m</elevation>
</quantity>
<date box="[1046,1166,1699,1725]" pageId="64" pageNumber="65" value="2012-05-21">
<collectingDate box="[1046,1166,1699,1725]" pageId="64" pageNumber="65" value="2012-05-21">21-V-2012</collectingDate>
</date>
Chen, Ma &amp; 
<collectorName box="[1318,1376,1699,1725]" pageId="64" pageNumber="65">Zhao</collectorName>
leg.” (
<collectionCode box="[159,239,1735,1761]" pageId="64" pageNumber="65">SNUC</collectionCode>
)
</materialsCitation>
, 
<materialsCitation collectingDate="2013-05-15" collectionCode="SNUC" country="China" elevation="1050" latitude="30.407778" location="Anji City Longwang Shan" longLatPrecision="20" longitude="119.44361" pageId="64" pageNumber="65" specimenCount="1" specimenCount-male="1" stateProvince="Zhejiang">
<specimenCount box="[260,304,1735,1761]" pageId="64" pageNumber="65" type="male">1 ♂</specimenCount>
“ 
<collectingCountry box="[323,396,1735,1761]" name="China" pageId="64" pageNumber="65">China</collectingCountry>
: 
<collectingRegion box="[409,618,1735,1761]" country="China" name="Zhejiang" pageId="64" pageNumber="65">Zhejiang Province</collectingRegion>
<location LSID="urn:lsid:plazi:treatment:03BD87E66B21FF84AF89FCC1FD1E3B45:8ECB602B6B21FF85AD6FFEADFC433BAD" box="[625,925,1735,1761]" country="China" latitude="30.407778" longLatPrecision="20" longitude="119.44361" name="Anji City Longwang Shan" pageId="64" pageNumber="65" stateProvince="Zhejiang">Anji City Longwang Shan</location>
<geoCoordinate box="[934,1077,1735,1761]" degrees="30" direction="north" minutes="24" orientation="latitude" pageId="64" pageNumber="65" precision="15" seconds="28" value="30.407778">30°24’28’’N</geoCoordinate>
, 
<geoCoordinate box="[1091,1242,1735,1761]" degrees="119" direction="east" minutes="26" orientation="longitude" pageId="64" pageNumber="65" precision="15" seconds="37" value="119.44361">119°26’37’’E</geoCoordinate>
alt. 
<quantity box="[1295,1374,1734,1761]" metricMagnitude="3" metricUnit="m" metricValue="1.05" pageId="64" pageNumber="65" unit="m" value="1050.0">
<elevation box="[1295,1374,1734,1761]" metricMagnitude="3" metricUnit="m" metricValue="1.05" pageId="64" pageNumber="65" unit="m" value="1050.0">1050m</elevation>
</quantity>
<date pageId="64" pageNumber="65" value="2013-05-15">
<collectingDate pageId="64" pageNumber="65" value="2013-05-15">15.v. 2013</collectingDate>
</date>
Weng-Rong Li &amp; Dan-Lin Zheng” (
<collectionCode box="[628,708,1771,1797]" pageId="64" pageNumber="65">SNUC</collectionCode>
)
</materialsCitation>
, 
<materialsCitation collectingDate="2003-06" collectionCode="ZFMK" collectorName="Ying" country="China" elevation="1700" location="Shuizhou" municipality="Dahongshan" pageId="64" pageNumber="65" specimenCount="2" specimenCount-male="2" stateProvince="Hubei">
<specimenCount box="[730,794,1771,1797]" pageId="64" pageNumber="65" type="male">2 ♂♂</specimenCount>
“ 
<collectingCountry box="[814,887,1771,1797]" name="China" pageId="64" pageNumber="65">China</collectingCountry>
: 
<collectingRegion box="[899,971,1771,1797]" country="China" name="Hubei" pageId="64" pageNumber="65">Hubei</collectingRegion>
; 
<collectingMunicipality box="[985,1125,1771,1797]" pageId="64" pageNumber="65">Dahongshan</collectingMunicipality>
<quantity box="[1133,1214,1771,1797]" metricMagnitude="3" metricUnit="m" metricValue="1.7" pageId="64" pageNumber="65" unit="m" value="1700.0">
<elevation box="[1133,1214,1771,1797]" metricMagnitude="3" metricUnit="m" metricValue="1.7" pageId="64" pageNumber="65" unit="m" value="1700.0">1700m</elevation>
</quantity>
, 
<location LSID="urn:lsid:plazi:treatment:03BD87E66B21FF84AF89FCC1FD1E3B45:8ECB602B6B21FF85ABD5FE81FAEB3A49" box="[1227,1333,1771,1797]" country="China" municipality="Dahongshan" name="Shuizhou" pageId="64" pageNumber="65" stateProvince="Hubei">Shuizhou</location>
<date box="[1341,1436,1771,1797]" pageId="64" pageNumber="65" value="2003-06">
<collectingDate box="[1341,1436,1771,1797]" pageId="64" pageNumber="65" value="2003-06">VI-2003</collectingDate>
</date>
leg. 
<collectorName box="[198,252,1807,1833]" pageId="64" pageNumber="65">Ying</collectorName>
<emphasis box="[260,316,1807,1833]" italics="true" pageId="64" pageNumber="65">et al.</emphasis>
” (
<collectionCode box="[343,427,1807,1833]" country="Germany" httpUri="http://biocol.org/urn:lsid:biocol.org:col:34613" lsid="urn:lsid:biocol.org:col:34613" name="Zoologisches Forschungsmuseum Alexander Koenig" pageId="64" pageNumber="65" type="Museum">ZFMK</collectionCode>
)
</materialsCitation>
, 
<materialsCitation box="[446,1391,1807,1833]" collectingDate="2003-08" collectionCode="ZFMK" collectorName="Li" country="China" location="Pingjiang" municipality="Mupu Mt." pageId="64" pageNumber="65" specimenCount="1" specimenCount-male="1" stateProvince="Hunan">
<specimenCount box="[446,488,1807,1833]" pageId="64" pageNumber="65" type="male">1 ♂</specimenCount>
“ 
<collectingCountry box="[505,578,1807,1833]" name="China" pageId="64" pageNumber="65">China</collectingCountry>
: 
<collectingRegion box="[589,667,1807,1833]" country="China" name="Hunan" pageId="64" pageNumber="65">Hunan</collectingRegion>
; 
<collectingMunicipality box="[678,792,1807,1833]" pageId="64" pageNumber="65">Mupu Mt.</collectingMunicipality>
1600M, 
<location LSID="urn:lsid:plazi:treatment:03BD87E66B21FF84AF89FCC1FD1E3B45:8ECB602B6B21FF85AC60FF65FC373A65" box="[894,1001,1807,1833]" country="China" municipality="Mupu Mt." name="Pingjiang" pageId="64" pageNumber="65" stateProvince="Hunan">Pingjiang</location>
<date box="[1007,1123,1807,1833]" pageId="64" pageNumber="65" value="2003-08">
<collectingDate box="[1007,1123,1807,1833]" pageId="64" pageNumber="65" value="2003-08">VIII-2003</collectingDate>
</date>
, leg. 
<collectorName box="[1183,1208,1807,1833]" pageId="64" pageNumber="65">Li</collectorName>
<emphasis box="[1215,1271,1807,1833]" italics="true" pageId="64" pageNumber="65">et al.</emphasis>
” (
<collectionCode box="[1298,1382,1807,1833]" country="Germany" httpUri="http://biocol.org/urn:lsid:biocol.org:col:34613" lsid="urn:lsid:biocol.org:col:34613" name="Zoologisches Forschungsmuseum Alexander Koenig" pageId="64" pageNumber="65" type="Museum">ZFMK</collectionCode>
)
</materialsCitation>
.
</paragraph>
</subSubSection>
<subSubSection lastPageId="65" lastPageNumber="66" pageId="64" pageNumber="65" type="description">
<paragraph blockId="64.[151,1437,1302,2013]" pageId="64" pageNumber="65">
<emphasis bold="true" box="[199,373,1842,1868]" pageId="64" pageNumber="65">Redescription.</emphasis>
Length: 
<quantity box="[479,570,1842,1869]" metricMagnitude="-3" metricUnit="m" metricValue="9.5" pageId="64" pageNumber="65" unit="mm" value="9.5">9.5 mm</quantity>
, length of elytra: 
<quantity box="[778,868,1843,1869]" metricMagnitude="-3" metricUnit="m" metricValue="6.9" pageId="64" pageNumber="65" unit="mm" value="6.9">6.9 mm</quantity>
, width: 
<quantity box="[964,1055,1842,1869]" metricMagnitude="-3" metricUnit="m" metricValue="5.5" pageId="64" pageNumber="65" unit="mm" value="5.5">5.5 mm</quantity>
. Body oval, dark to dark reddish brown, antenna yellow, labroclypeus shiny, remainder of dorsal surface dull, glabrous, except for a few small setae on the head and elytra.
</paragraph>
<paragraph blockId="64.[151,1437,1302,2013]" lastBlockId="65.[151,1437,151,1545]" lastPageId="65" lastPageNumber="66" pageId="64" pageNumber="65">
Labroclypeus subtrapezoidal, distinctly wider than long, widest at base, lateral margins weakly convex and convergent to moderately rounded anterior angles, lateral border and ocular canthus producing a distinct blunt angle, margins weakly reflexed, anterior margin very shallowly emarginate medially; surface weakly convex medially, shiny, coarsely punctate, with a few short, erect setae anteriorly; frontoclypeal suture feebly impressed and weakly curved medially; smooth area in front of eye approximately twice as wide as long; ocular canthus short and moderately wide, finely punctate, with a single short terminal seta. Frons with fine, moderately dense punctures, glabrous except for a few setae beside eyes. Eyes small, ratio of diameter/ interocular width: 0.57. Antenna yellow, with ten antennomeres; club with three antennomeres, as long as remaining antennomeres together. 
<collectingRegion box="[1224,1319,331,357]" country="Myanmar" name="Chin" pageId="65" pageNumber="66">Mentum</collectingRegion>
anteriorly elevated and flattened.
</paragraph>
<paragraph blockId="65.[151,1437,151,1545]" pageId="65" pageNumber="66">Pronotum widest at base, lateral margins weakly and evenly convex and convergent anteriorly, anterior angles distinctly produced and sharp, anterior marginal line widely interrupted medially, margin weakly and convexly produced medially; surface moderately densely and finely punctate, with minute setae in punctures only; anterior and lateral borders setose. Scutellum wide, triangular, with fine and moderately dense punctures, each bearing a single very minute seta.</paragraph>
<paragraph blockId="65.[151,1437,151,1545]" pageId="65" pageNumber="66">Elytra oblong, widest at middle, striae distinctly impressed, finely and densely punctate, intervals moderately convex, with fine, moderately dense punctures, penultimate lateral interval with a few fine, erect, long setae, other punctures with minute setae only; epipleural margin robust, ending at the weakly convex external apical angle of elytra, epipleura densely setose, apical border membraneous, with a very narrow rim short microtrichomes.</paragraph>
<paragraph blockId="65.[151,1437,151,1545]" pageId="65" pageNumber="66">Ventral surface dull, thorax and metacoxa with large dense punctures, sparsely setose, metacoxa glabrous except for a few long setae laterally; each abdominal sternite, in addition to generally distributed fine and moderately dense punctures, with a distinct transverse row of coarse punctures each bearing a short and robust seta, some punctures with microscopic setae, penultimate sternite apically with a shiny smooth chitinous border, which is one third as long as sternite. Mesosternum between mesocoxae as wide as mesofemur. Ratio of length of metepisternum/ metacoxa: 1/ 1.53. Pygidium strongly convex, finely and densely punctate, without smooth midline, punctures with microscopic setae and with numerous long setae along apical margin.</paragraph>
<paragraph blockId="65.[151,1437,151,1545]" pageId="65" pageNumber="66">Legs moderately broad; femora with two longitudinal rows of setae, finely and moderately densely punctate; metafemur dull, anterior margin acute, lacking an adjacent serrated line, posterior ventral margin medially straight, weakly widened in apical half and not serrate, dorsally not serrated, finely setose. Metatibia moderately broad and long, widest at apex, ratio width/ length: 1/ 3.2, dorsally sharply carinate, with two groups of spines, basal shortly before middle, apical one at four fifths of metatibial length, basally with a few punctures, each bearing short robust single spines; lateral face longitudinally convex, with sparse and fine punctures in basal half ad on sides, glabrous; ventral margin serrate, with three strong spines equidistant from each other, medial face not punctate, apex interiorly near tarsal articulation shallowly concave. Tarsomeres very sparsely and finely punctate dorsally, ventrally with sparse, short setae; metatarsomeres ventrally with a strongly serrated ridge, beside which is a strong longitudinal carina, first metatarsomere a little shorter than the two following segments combined and a little longer than the upper tibial spur. Protibia short, bidentate. All claws symmetrical, feebly curved and long, with normally developed basal tooth.</paragraph>
<paragraph blockId="65.[151,1437,151,1545]" box="[199,667,1411,1437]" pageId="65" pageNumber="66">
Aedeagus: 
<figureCitation box="[324,403,1411,1437]" captionStart="FIGURE 12" captionStartId="63.[151,250,1943,1967]" captionTargetBox="[194,1397,195,1907]" captionTargetId="figure-20@63.[182,1406,181,1920]" captionTargetPageId="63" captionText="FIGURE 12. A–D: Maladera anhuiensis Ahrens, Fabrizi &amp; Liu, sp. n. (holotype); E–H: M. infuscata (Moser, 1915) (China: Hubei: Jiugongshan); I–L: M. diversipes (Moser, 1915) (China: Hubei: Wujiashan). A, E, I: aedeagus, left side lateral view; C, G, K: aedeagus, right side lateral view; B, F, J: parameres, dorsal view; D, H, L: habitus. Scale: 0.5 mm. Habitus not to scale." figureDoi="http://doi.org/10.5281/zenodo.4496340" httpUri="https://zenodo.org/record/4496340/files/figure.png" pageId="65" pageNumber="66">Fig. 12</figureCitation>
I–K. Habitus: 
<figureCitation box="[563,663,1411,1437]" captionStart="FIGURE 12" captionStartId="63.[151,250,1943,1967]" captionTargetBox="[194,1397,195,1907]" captionTargetId="figure-20@63.[182,1406,181,1920]" captionTargetPageId="63" captionText="FIGURE 12. A–D: Maladera anhuiensis Ahrens, Fabrizi &amp; Liu, sp. n. (holotype); E–H: M. infuscata (Moser, 1915) (China: Hubei: Jiugongshan); I–L: M. diversipes (Moser, 1915) (China: Hubei: Wujiashan). A, E, I: aedeagus, left side lateral view; C, G, K: aedeagus, right side lateral view; B, F, J: parameres, dorsal view; D, H, L: habitus. Scale: 0.5 mm. Habitus not to scale." figureDoi="http://doi.org/10.5281/zenodo.4496340" httpUri="https://zenodo.org/record/4496340/files/figure.png" pageId="65" pageNumber="66">
Fig. 
<specimenCount box="[615,663,1411,1437]" pageId="65" pageNumber="66" type="generic">12L</specimenCount>
</figureCitation>
.
</paragraph>
<paragraph blockId="65.[151,1437,151,1545]" pageId="65" pageNumber="66">
<emphasis bold="true" box="[199,319,1446,1472]" pageId="65" pageNumber="66">Variation.</emphasis>
Female: Eyes, ratio diameter/ interocular width: 0.54. Antennal club little shorter than remaining antennomeres combined.
</paragraph>
</subSubSection>
<subSubSection box="[199,704,1518,1545]" pageId="65" pageNumber="66" type="distribution">
<paragraph blockId="65.[151,1437,151,1545]" box="[199,704,1518,1545]" pageId="65" pageNumber="66">
<emphasis bold="true" box="[199,353,1518,1544]" pageId="65" pageNumber="66">Distribution.</emphasis>
See map (
<figureCitation box="[470,552,1519,1545]" captionStart="FIGURE 90" captionStartId="346.[151,250,1977,2001]" captionTargetBox="[207,1379,1128,1946]" captionTargetId="figure-40@346.[201,1386,1122,1954]" captionTargetPageId="346" captionText="FIGURE 90. Distribution of the subgenus Omaladera: Maladera anhuiensis sp. n., M. businskyorum sp. n., M. cardoni (Brenske, 1896), M. dahongshanica sp. n., M. diversipes (Moser, 1915)." figureDoi="http://doi.org/10.5281/zenodo.4496556" httpUri="https://zenodo.org/record/4496556/files/figure.png" pageId="65" pageNumber="66">Fig. 90</figureCitation>
) and 
<tableCitation box="[614,698,1519,1545]" captionStart="TABLE 1" captionStartId="368.[151,239,544,570]" captionText="TABLE 1. Overview on the distribuition of the Chinese mainland species of Maladera Mulsant &amp; Rey, 1871 (x – records from material examined herein, o – records from literature, with no material of this study)." pageId="65" pageNumber="66">Table 1</tableCitation>
.
</paragraph>
</subSubSection>
</treatment>
</document>