<document ID-DOI="http://doi.org/10.5281/zenodo.4534475" ID-GBIF-Dataset="188411de-569c-4408-a016-1a04b858c142" ID-ISSN="1175-5326" ID-Zenodo-Dep="4534475" ID-ZooBank="D7F9C6A3-9C28-4F4C-8E81-BF24849FDD8C" _generate="added" approvalRequired="33" approvalRequired_for_illustrations="17" approvalRequired_for_treatments="16" checkinTime="1612331093960" checkinUser="plazi" docAuthor="Fabrizi, Silvia, Liu, Wan-Gang, Bai, Ming, Yang, Xing-Ke &amp; Ahrens, Dirk" docDate="2021" docId="03BD87E66B7BFFD9AF89FDA4FD1E39ED" docLanguage="en" docName="zootaxa.4922.1.1.pdf" docOrigin="Zootaxa 4922 (1)" docStyle="DocumentStyle:5EBBA59367AD13919D70D935FA04F6A3.7:Zootaxa.2013-.monograph" docStyleId="5EBBA59367AD13919D70D935FA04F6A3" docStyleName="Zootaxa.2013-.monograph" docStyleVersion="7" docTitle="Maladera subrugata Fabrizi &amp; Liu &amp; Bai &amp; Yang &amp; Ahrens 2021, comb. n." docType="treatment" docVersion="6" lastPageId="28" lastPageNumber="29" masterDocId="FF84FF9E6B61FFC5AF1EF86AFFDE3D4C" masterDocTitle="A monograph of the genus Maladera Mulsant &amp; Rey, 1871 of China (Coleoptera: Scarabaeidae: Melolonthinae: Sericini)" masterLastPageNumber="400" masterPageNumber="1" pageId="26" pageNumber="27" updateTime="1615983897969" updateUser="diego">
<mods:mods xmlns:mods="http://www.loc.gov/mods/v3">
<mods:titleInfo>
<mods:title>A monograph of the genus Maladera Mulsant &amp; Rey, 1871 of China (Coleoptera: Scarabaeidae: Melolonthinae: Sericini)</mods:title>
</mods:titleInfo>
<mods:name type="personal">
<mods:role>
<mods:roleTerm>Author</mods:roleTerm>
</mods:role>
<mods:namePart>Fabrizi, Silvia</mods:namePart>
<mods:nameIdentifier type="ORCID">0000-0003-3524-7153</mods:nameIdentifier>
<mods:nameIdentifier type="email">ahrens.dirk_col@gmx.de</mods:nameIdentifier>
</mods:name>
<mods:name type="personal">
<mods:role>
<mods:roleTerm>Author</mods:roleTerm>
</mods:role>
<mods:namePart>Liu, Wan-Gang</mods:namePart>
<mods:nameIdentifier type="ORCID">0000-0003-4788-7967</mods:nameIdentifier>
<mods:nameIdentifier type="email">liuwangang@ieecas.cn</mods:nameIdentifier>
</mods:name>
<mods:name type="personal">
<mods:role>
<mods:roleTerm>Author</mods:roleTerm>
</mods:role>
<mods:namePart>Bai, Ming</mods:namePart>
<mods:nameIdentifier type="ORCID">0000-0003-3676-6828</mods:nameIdentifier>
<mods:nameIdentifier type="email">liuwangang@ieecas.cn</mods:nameIdentifier>
</mods:name>
<mods:name type="personal">
<mods:role>
<mods:roleTerm>Author</mods:roleTerm>
</mods:role>
<mods:namePart>Yang, Xing-Ke</mods:namePart>
<mods:nameIdentifier type="ORCID">0000-0003-3676-6828</mods:nameIdentifier>
<mods:nameIdentifier type="email">liuwangang@ieecas.cn</mods:nameIdentifier>
</mods:name>
<mods:name type="personal">
<mods:role>
<mods:roleTerm>Author</mods:roleTerm>
</mods:role>
<mods:namePart>Ahrens, Dirk</mods:namePart>
<mods:nameIdentifier type="ORCID">0000-0003-3524-7153</mods:nameIdentifier>
<mods:nameIdentifier type="email">ahrens.dirk_col@gmx.de</mods:nameIdentifier>
</mods:name>
<mods:typeOfResource>text</mods:typeOfResource>
<mods:relatedItem type="host">
<mods:titleInfo>
<mods:title>Zootaxa</mods:title>
</mods:titleInfo>
<mods:part>
<mods:date>2021</mods:date>
<mods:detail type="pubDate">
<mods:number>2021-02-03</mods:number>
</mods:detail>
<mods:detail type="volume">
<mods:number>4922</mods:number>
</mods:detail>
<mods:detail type="issue">
<mods:number>1</mods:number>
</mods:detail>
<mods:extent unit="page">
<mods:start>1</mods:start>
<mods:end>400</mods:end>
</mods:extent>
</mods:part>
</mods:relatedItem>
<mods:classification>journal article</mods:classification>
<mods:identifier type="DOI">https://doi.org/10.11646/zootaxa.4922.1.1</mods:identifier>
<mods:identifier type="GBIF-Dataset">188411de-569c-4408-a016-1a04b858c142</mods:identifier>
<mods:identifier type="ISSN">1175-5326</mods:identifier>
<mods:identifier type="Zenodo-Dep">4496316</mods:identifier>
<mods:identifier type="ZooBank">D7F9C6A3-9C28-4F4C-8E81-BF24849FDD8C</mods:identifier>
</mods:mods>
<treatment ID-DOI="http://doi.org/10.5281/zenodo.4534475" ID-Zenodo-Dep="4534475" LSID="urn:lsid:plazi:treatment:03BD87E66B7BFFD9AF89FDA4FD1E39ED" httpUri="http://treatment.plazi.org/id/03BD87E66B7BFFD9AF89FDA4FD1E39ED" lastPageId="28" lastPageNumber="29" pageId="26" pageNumber="27">
<subSubSection box="[151,690,1486,1513]" pageId="26" pageNumber="27" type="nomenclature">
<paragraph blockId="26.[151,690,1486,1549]" box="[151,690,1486,1513]" pageId="26" pageNumber="27">
<heading bold="true" box="[151,690,1486,1513]" fontSize="11" level="2" pageId="26" pageNumber="27" reason="4">
<emphasis bold="true" box="[151,690,1486,1513]" pageId="26" pageNumber="27">
<taxonomicName authority="(Moser, 1926)" authorityName="Fabrizi &amp; Liu &amp; Bai &amp; Yang &amp; Ahrens" authorityYear="2021" baseAuthorityName="Moser" baseAuthorityYear="1926" box="[151,575,1486,1513]" class="Insecta" family="Melolonthidae" genus="Maladera" kingdom="Animalia" order="Coleoptera" pageId="26" pageNumber="27" phylum="Arthropoda" rank="species" species="subrugata" status="comb. n.">
<emphasis bold="true" box="[151,398,1486,1513]" italics="true" pageId="26" pageNumber="27">Maladera subrugata</emphasis>
(
<bibRefCitation author="Moser, J." box="[413,567,1486,1512]" pageId="26" pageNumber="27" pagination="198 - 208" refId="ref334452" refString="Moser, J. (1926) Beitrag zur Kenntnis der Melolonthiden. XIV. Stettiner Entomologische Zeitung, 87, 198 - 208." type="journal article" year="1926">Moser, 1926</bibRefCitation>
)
</taxonomicName>
<taxonomicNameLabel box="[583,690,1487,1513]" pageId="26" pageNumber="27" rank="species">comb. n.</taxonomicNameLabel>
</emphasis>
</heading>
</paragraph>
</subSubSection>
<subSubSection box="[151,353,1523,1549]" pageId="26" pageNumber="27" type="description">
<paragraph blockId="26.[151,690,1486,1549]" box="[151,353,1523,1549]" pageId="26" pageNumber="27">
<figureCitation box="[151,256,1523,1549]" captionStart="FIGURE 4" captionStartId="27.[151,250,1480,1504]" captionTargetBox="[163,1424,185,1456]" captionTargetId="figure-20@27.[151,1436,181,1456]" captionTargetPageId="27" captionText="FIGURE 4. A–D: Maladera subrugata (Moser, 1926) (China: Qinglongqiao); E–H: M. fencli Ahrens, Fabrizi &amp; Liu, sp. n. (holotype). A, E: aedeagus, left side lateral view; C, G: aedeagus, right side lateral view; B, F: parameres, dorsal view; D, H: habitus. Scale: 0.5 mm. Habitus not to scale." figureDoi="http://doi.org/10.5281/zenodo.4496324" httpUri="https://zenodo.org/record/4496324/files/figure.png" pageId="26" pageNumber="27">Figures 4</figureCitation>
A–D, 86
</paragraph>
</subSubSection>
<subSubSection pageId="26" pageNumber="27" type="reference_group">
<paragraph blockId="26.[151,701,1591,1646]" box="[151,562,1591,1615]" pageId="26" pageNumber="27">
<treatmentCitationGroup box="[151,562,1591,1615]" pageId="26" pageNumber="27">
<treatmentCitation author="Moser, J." box="[151,558,1591,1615]" page="198" pageId="26" pageNumber="27" year="1926">
<taxonomicName authority="Moser, 1926: 198" authorityName="Moser" authorityPageNumber="198" authorityYear="1926" box="[151,558,1591,1615]" class="Insecta" family="Melolonthidae" genus="Autoserica" kingdom="Animalia" order="Coleoptera" pageId="26" pageNumber="27" phylum="Arthropoda" rank="species" species="subrugata">
<emphasis box="[151,370,1591,1615]" italics="true" pageId="26" pageNumber="27">Autoserica subrugata</emphasis>
<bibRefCitation author="Moser, J." box="[376,558,1591,1615]" pageId="26" pageNumber="27" pagination="198 - 208" refId="ref334452" refString="Moser, J. (1926) Beitrag zur Kenntnis der Melolonthiden. XIV. Stettiner Entomologische Zeitung, 87, 198 - 208." type="journal article" year="1926">Moser, 1926: 198</bibRefCitation>
</taxonomicName>
</treatmentCitation>
.
</treatmentCitationGroup>
</paragraph>
<paragraph blockId="26.[151,701,1591,1646]" box="[151,701,1622,1646]" pageId="26" pageNumber="27">
<treatmentCitationGroup box="[151,701,1622,1646]" pageId="26" pageNumber="27">
<treatmentCitation author="Ahrens, D." box="[151,595,1622,1646]" page="238" pageId="26" pageNumber="27" year="2006">
<taxonomicName authority=": Ahrens 2006 b: 238" authorityName="Ahrens" authorityPageNumber="238" authorityYear="2006" box="[151,595,1622,1646]" class="Insecta" family="Melolonthidae" genus="Eumaladera" higherTaxonomySource="GBIF" kingdom="Animalia" order="Coleoptera" pageId="26" pageNumber="27" phylum="Arthropoda" rank="species" species="subrugata">
<emphasis box="[151,386,1622,1646]" italics="true" pageId="26" pageNumber="27">Eumaladera subrugata</emphasis>
: 
<bibRefCitation author="Ahrens, D." box="[397,595,1622,1646]" pageId="26" pageNumber="27" refId="ref329946" refString="Ahrens, D. (2006 b) Sericinae. In: Lobl, I. &amp; Smetana, A. (Eds.), Catalogue of Palaearctic Coleoptera. Volume 3. Scarabaeoidea-Scirtoidea-Dascilloidea-Buprestoidea-Byrrhoidea. Apollo Books, Stenstrup, pp. 229 - 248." type="book" year="2006">Ahrens 2006b: 238</bibRefCitation>
</taxonomicName>
</treatmentCitation>
; 
<treatmentCitation author="Ahrens, D." box="[605,697,1622,1646]" httpUri="http://treatment.plazi.org/id/C9292F433608D1048CE595A1FDBDFCCA" page="6" pageId="26" pageNumber="27" year="2007">
<bibRefCitation author="Ahrens, D." box="[605,697,1622,1646]" pageId="26" pageNumber="27" pagination="1 - 51" refId="ref330155" refString="Ahrens, D. (2007 b) Taxonomic changes and an updated Catalogue of Palearctic Sericini (Coleoptera: Scarabaeidae: Melolonthinae). Zootaxa, 1504 (1), 1 - 51. https: // doi. org / 10.11646 / zootaxa. 1504.1.1" type="journal article" year="2007">2007b: 6</bibRefCitation>
</treatmentCitation>
.
</treatmentCitationGroup>
</paragraph>
</subSubSection>
<subSubSection pageId="26" pageNumber="27" type="materials_examined">
<paragraph blockId="26.[151,1436,1692,2043]" box="[151,670,1692,1718]" pageId="26" pageNumber="27">
<emphasis bold="true" box="[151,447,1692,1718]" pageId="26" pageNumber="27">
<typeStatus box="[151,210,1692,1718]" pageId="26" pageNumber="27">Type</typeStatus>
material examined.
</emphasis>
See Ahrens (2007).
</paragraph>
<paragraph blockId="26.[151,1436,1692,2043]" pageId="26" pageNumber="27">
<emphasis bold="true" box="[199,568,1728,1754]" pageId="26" pageNumber="27">Additional material examined.</emphasis>
<materialsCitation box="[576,1409,1728,1755]" collectingDate="1990-07-27" collectionCode="ZFMK" collectorName="H. Cervenka" country="China" location="Qinglongqiao" pageId="26" pageNumber="27" specimenCount="1" specimenCount-male="1">
<specimenCount box="[576,620,1728,1755]" pageId="26" pageNumber="27" type="male">1 ♂</specimenCount>
“ 
<collectingCountry box="[638,708,1728,1754]" name="China" pageId="26" pageNumber="27">China</collectingCountry>
bor. 
<location LSID="urn:lsid:plazi:treatment:03BD87E66B7BFFD9AF89FDA4FD1E39ED:8ECB602B6B7BFFDFAC1EFEAAFC443B96" box="[768,922,1728,1754]" country="China" name="Qinglongqiao" pageId="26" pageNumber="27">Qinglongqiao</location>
25.– 
<date box="[975,1091,1728,1755]" pageId="26" pageNumber="27" value="1990-07-27">
<collectingDate box="[975,1091,1728,1755]" pageId="26" pageNumber="27" value="1990-07-27">27.7.1990</collectingDate>
</date>
<collectorName box="[1100,1243,1728,1755]" pageId="26" pageNumber="27">H. Cervenka</collectorName>
lgt.” (
<collectionCode box="[1318,1402,1728,1754]" country="Germany" httpUri="http://biocol.org/urn:lsid:biocol.org:col:34613" lsid="urn:lsid:biocol.org:col:34613" name="Zoologisches Forschungsmuseum Alexander Koenig" pageId="26" pageNumber="27" type="Museum">ZFMK</collectionCode>
)
</materialsCitation>
, 
<materialsCitation collectingDate="2003-06" collectionCode="ZFMK" collectorName="Ying" country="China" elevation="1700" location="Shuizhou" municipality="Dahongshan" pageId="26" pageNumber="27" specimenCount="2" stateProvince="Hubei">
<specimenCount pageId="26" pageNumber="27" type="generic">2 ex.</specimenCount>
“ 
<collectingCountry box="[203,276,1764,1790]" name="China" pageId="26" pageNumber="27">China</collectingCountry>
: 
<collectingRegion box="[289,361,1764,1790]" country="China" name="Hubei" pageId="26" pageNumber="27">Hubei</collectingRegion>
; 
<collectingMunicipality box="[374,514,1764,1790]" pageId="26" pageNumber="27">Dahongshan</collectingMunicipality>
<quantity box="[523,603,1764,1790]" metricMagnitude="3" metricUnit="m" metricValue="1.7" pageId="26" pageNumber="27" unit="m" value="1700.0">
<elevation box="[523,603,1764,1790]" metricMagnitude="3" metricUnit="m" metricValue="1.7" pageId="26" pageNumber="27" unit="m" value="1700.0">1700m</elevation>
</quantity>
, 
<location LSID="urn:lsid:plazi:treatment:03BD87E66B7BFFD9AF89FDA4FD1E39ED:8ECB602B6B7BFFDFAD76FE8EFD0C3BB2" box="[616,722,1764,1790]" country="China" municipality="Dahongshan" name="Shuizhou" pageId="26" pageNumber="27" stateProvince="Hubei">Shuizhou</location>
<date box="[730,825,1764,1790]" pageId="26" pageNumber="27" value="2003-06">
<collectingDate box="[730,825,1764,1790]" pageId="26" pageNumber="27" value="2003-06">VI-2003</collectingDate>
</date>
leg. 
<collectorName box="[882,936,1764,1790]" pageId="26" pageNumber="27">Ying</collectorName>
<emphasis box="[945,1003,1764,1790]" italics="true" pageId="26" pageNumber="27">et al.</emphasis>
” (
<collectionCode box="[1032,1116,1764,1790]" country="Germany" httpUri="http://biocol.org/urn:lsid:biocol.org:col:34613" lsid="urn:lsid:biocol.org:col:34613" name="Zoologisches Forschungsmuseum Alexander Koenig" pageId="26" pageNumber="27" type="Museum">ZFMK</collectionCode>
)
</materialsCitation>
, 
<materialsCitation collectingDate="1951-05-22" collectionCode="IZAS" country="China" location="Xijiao Park" pageId="26" pageNumber="27" specimenCount="1" specimenCount-male="1" stateProvince="Beijing">
<specimenCount box="[1136,1180,1764,1791]" pageId="26" pageNumber="27" type="male">1 ♂</specimenCount>
“ 
<location LSID="urn:lsid:plazi:treatment:03BD87E66B7BFFD9AF89FDA4FD1E39ED:8ECB602B6B7BFFDFABB0FE8EFAE83BB2" box="[1198,1334,1764,1790]" country="China" name="Xijiao Park" pageId="26" pageNumber="27" stateProvince="Beijing">Xijiao Park</location>
, 
<collectingRegion box="[1347,1432,1764,1790]" country="China" name="Beijing" pageId="26" pageNumber="27">Beijing</collectingRegion>
, 
<date box="[151,269,1800,1827]" pageId="26" pageNumber="27" value="1951-05-22">
<collectingDate box="[151,269,1800,1827]" pageId="26" pageNumber="27" value="1951-05-22">22.V.1951</collectingDate>
</date>
, 
<collectingMethod box="[280,385,1800,1826]" pageId="26" pageNumber="27">light trap</collectingMethod>
” (
<collectionCode box="[410,477,1800,1826]" country="0" httpUri="http://grbio.org/cool/043p-ts4f" name="Institut Zoologii Akademii Nauk Ukraini - Institute of Zoology of the Academy of Sciences of Ukraine" pageId="26" pageNumber="27">IZAS</collectionCode>
)
</materialsCitation>
, 
<materialsCitation box="[497,999,1800,1827]" collectingDate="1948-07-07" collectionCode="CAU" country="China" location="Mt. Yuquanshan" pageId="26" pageNumber="27" specimenCount="2" specimenCount-male="2" stateProvince="Beijing">
<specimenCount box="[497,560,1800,1827]" pageId="26" pageNumber="27" type="male">2 ♂♂</specimenCount>
“ 
<location LSID="urn:lsid:plazi:treatment:03BD87E66B7BFFD9AF89FDA4FD1E39ED:8ECB602B6B7BFFDFAD5CFF62FD233A6E" box="[578,765,1800,1826]" country="China" name="Mt. Yuquanshan" pageId="26" pageNumber="27" stateProvince="Beijing">Mt. Yuquanshan</location>
, 
<date box="[777,901,1800,1826]" pageId="26" pageNumber="27" value="1948-07-07">
<collectingDate box="[777,901,1800,1826]" pageId="26" pageNumber="27" value="1948-07-07">7.VII.1948</collectingDate>
</date>
” (
<collectionCode box="[927,991,1800,1826]" country="China" lsid="urn:lsid:biocol.org:col:33074" name="China Agricultural University" pageId="26" pageNumber="27">CAU</collectionCode>
)
</materialsCitation>
, 
<materialsCitation collectingDate="1981-04-17" collectionCode="IZAS" country="China" location="Ning" pageId="26" pageNumber="27" specimenCount="1" specimenCount-male="1" stateProvince="Beijing">
<specimenCount box="[1011,1053,1800,1827]" pageId="26" pageNumber="27" type="male">1 ♂</specimenCount>
“ 
<location LSID="urn:lsid:plazi:treatment:03BD87E66B7BFFD9AF89FDA4FD1E39ED:8ECB602B6B7BFFDFAB30FF62FBB73A6E" box="[1070,1129,1800,1826]" country="China" name="Ning" pageId="26" pageNumber="27" stateProvince="Beijing">Ning</location>
ID-32, 
<date box="[1217,1344,1800,1826]" pageId="26" pageNumber="27" value="1981-04-17">
<collectingDate box="[1217,1344,1800,1826]" pageId="26" pageNumber="27" value="1981-04-17">17.IV.1981</collectingDate>
</date>
, Shimensi Temple” (
<collectionCode box="[302,369,1836,1862]" country="0" httpUri="http://grbio.org/cool/043p-ts4f" name="Institut Zoologii Akademii Nauk Ukraini - Institute of Zoology of the Academy of Sciences of Ukraine" pageId="26" pageNumber="27">IZAS</collectionCode>
)
</materialsCitation>
, 
<materialsCitation box="[389,1150,1836,1863]" collectingDate="1986-06-11" collectionCode="IZAS" country="China" location="Forestry Farm" municipality="Dongzhuang" pageId="26" pageNumber="27" specimenCount="1" specimenCount-male="1" stateProvince="Beijing">
<specimenCount box="[389,431,1836,1863]" pageId="26" pageNumber="27" type="male">1 ♂</specimenCount>
“ 
<collectingMunicipality box="[448,597,1836,1862]" pageId="26" pageNumber="27">Dongzhuang</collectingMunicipality>
, 
<location LSID="urn:lsid:plazi:treatment:03BD87E66B7BFFD9AF89FDA4FD1E39ED:8ECB602B6B7BFFDFAD7EFF47FCDD3A0B" box="[608,771,1837,1863]" country="China" municipality="Dongzhuang" name="Forestry Farm" pageId="26" pageNumber="27" stateProvince="Beijing">Forestry Farm</location>
, 
<date box="[782,911,1836,1862]" pageId="26" pageNumber="27" value="1986-06-11">
<collectingDate box="[782,911,1836,1862]" pageId="26" pageNumber="27" value="1986-06-11">11.VI.1986</collectingDate>
</date>
, ZaoID-320” (
<collectionCode box="[1075,1142,1836,1862]" country="0" httpUri="http://grbio.org/cool/043p-ts4f" name="Institut Zoologii Akademii Nauk Ukraini - Institute of Zoology of the Academy of Sciences of Ukraine" pageId="26" pageNumber="27">IZAS</collectionCode>
)
</materialsCitation>
, 
<materialsCitation collectingDate="1976-06-27" collectionCode="MNAFU" country="China" location="Yan'an" pageId="26" pageNumber="27" specimenCount="2" specimenCount-male="2" stateProvince="Shaanxi">
<specimenCount box="[1162,1225,1836,1863]" pageId="26" pageNumber="27" type="male">2 ♂♂</specimenCount>
“ 
<location LSID="urn:lsid:plazi:treatment:03BD87E66B7BFFD9AF89FDA4FD1E39ED:8ECB602B6B7BFFDFABC5FF46FAEE3A0A" box="[1243,1328,1836,1862]" country="China" name="Yan'an" pageId="26" pageNumber="27" stateProvince="Shaanxi">Yan’an</location>
, 
<collectingRegion box="[1339,1432,1836,1862]" country="China" name="Shaanxi" pageId="26" pageNumber="27">Shaanxi</collectingRegion>
, 
<date box="[151,281,1872,1898]" pageId="26" pageNumber="27" value="1976-06-27">
<collectingDate box="[151,281,1872,1898]" pageId="26" pageNumber="27" value="1976-06-27">27.VI.1976</collectingDate>
</date>
” (
<collectionCode box="[305,412,1872,1898]" pageId="26" pageNumber="27">MNAFU</collectionCode>
)
</materialsCitation>
, 
<materialsCitation box="[430,1132,1872,1899]" collectingDate="1972-07-21" collectionCode="IZAS" collectorName="Wang Huimei" country="China" location="Sanbao" pageId="26" pageNumber="27" specimenCount="1" specimenCount-male="1" stateProvince="Beijing">
<specimenCount box="[430,471,1872,1899]" pageId="26" pageNumber="27" type="male">1 ♂</specimenCount>
“ 
<location LSID="urn:lsid:plazi:treatment:03BD87E66B7BFFD9AF89FDA4FD1E39ED:8ECB602B6B7BFFDFAEF8FF3AFDE03A26" box="[486,574,1872,1898]" country="China" name="Sanbao" pageId="26" pageNumber="27" stateProvince="Beijing">Sanbao</location>
, 
<collectingRegion box="[584,669,1872,1898]" country="China" name="Beijing" pageId="26" pageNumber="27">Beijing</collectingRegion>
, 
<date box="[679,819,1872,1898]" pageId="26" pageNumber="27" value="1972-07-21">
<collectingDate box="[679,819,1872,1898]" pageId="26" pageNumber="27" value="1972-07-21">21.VII.1972</collectingDate>
</date>
, leg. 
<collectorName box="[876,1033,1872,1899]" pageId="26" pageNumber="27">Wang Huimei</collectorName>
” (
<collectionCode box="[1057,1124,1872,1898]" country="0" httpUri="http://grbio.org/cool/043p-ts4f" name="Institut Zoologii Akademii Nauk Ukraini - Institute of Zoology of the Academy of Sciences of Ukraine" pageId="26" pageNumber="27">IZAS</collectionCode>
)
</materialsCitation>
, 
<materialsCitation collectingDate="1936-04-14" collectionCode="IZAS" country="China" location="Peiping" pageId="26" pageNumber="27" specimenCount="1" specimenCount-male="1" stateProvince="Beijing">
<specimenCount box="[1142,1183,1872,1899]" pageId="26" pageNumber="27" type="male">1 ♂</specimenCount>
“ 
<location LSID="urn:lsid:plazi:treatment:03BD87E66B7BFFD9AF89FDA4FD1E39ED:8ECB602B6B7BFFDFABB1FF3AFAD43A26" box="[1199,1290,1872,1898]" country="China" name="Peiping" pageId="26" pageNumber="27" stateProvince="Beijing">Peiping</location>
, 
<date box="[1300,1426,1872,1898]" pageId="26" pageNumber="27" value="1936-04-14">
<collectingDate box="[1300,1426,1872,1898]" pageId="26" pageNumber="27" value="1936-04-14">14.IV.1936</collectingDate>
</date>
” (
<collectionCode box="[159,226,1908,1934]" country="0" httpUri="http://grbio.org/cool/043p-ts4f" name="Institut Zoologii Akademii Nauk Ukraini - Institute of Zoology of the Academy of Sciences of Ukraine" pageId="26" pageNumber="27">IZAS</collectionCode>
)
</materialsCitation>
, 
<materialsCitation box="[246,1098,1908,1935]" collectingDate="1951-07-18" collectionCode="IZAS" collectorName="Zhang Yiran" country="China" location="Xijiao Park" pageId="26" pageNumber="27" specimenCount="1" specimenCount-male="1" stateProvince="Beijing">
<specimenCount box="[246,287,1908,1935]" pageId="26" pageNumber="27" type="male">1 ♂</specimenCount>
“ 
<location LSID="urn:lsid:plazi:treatment:03BD87E66B7BFFD9AF89FDA4FD1E39ED:8ECB602B6B7BFFDFAE31FF1EFE6B3AC2" box="[303,437,1908,1934]" country="China" name="Xijiao Park" pageId="26" pageNumber="27" stateProvince="Beijing">Xijiao Park</location>
, 
<collectingRegion box="[447,532,1908,1934]" country="China" name="Beijing" pageId="26" pageNumber="27">Beijing</collectingRegion>
, 
<date box="[543,683,1908,1935]" pageId="26" pageNumber="27" value="1951-07-18">
<collectingDate box="[543,683,1908,1935]" pageId="26" pageNumber="27" value="1951-07-18">18.VII.1951</collectingDate>
</date>
, 
<collectingMethod box="[694,798,1908,1935]" pageId="26" pageNumber="27">light trap</collectingMethod>
, leg. 
<collectorName box="[856,999,1908,1934]" pageId="26" pageNumber="27">Zhang Yiran</collectorName>
” (
<collectionCode box="[1023,1090,1908,1934]" country="0" httpUri="http://grbio.org/cool/043p-ts4f" name="Institut Zoologii Akademii Nauk Ukraini - Institute of Zoology of the Academy of Sciences of Ukraine" pageId="26" pageNumber="27">IZAS</collectionCode>
)
</materialsCitation>
, 
<materialsCitation collectingDate="1956-05-05" collectionCode="IZAS" country="China" location="Wanshousi village" pageId="26" pageNumber="27" specimenCount="1" specimenCount-male="1" stateProvince="Beijing">
<specimenCount box="[1109,1151,1908,1935]" pageId="26" pageNumber="27" type="male">1 ♂</specimenCount>
“ 
<location LSID="urn:lsid:plazi:treatment:03BD87E66B7BFFD9AF89FDA4FD1E39ED:8ECB602B6B7BFFDFAB90FF1EFABF3AC2" box="[1166,1377,1908,1934]" country="China" name="Wanshousi village" pageId="26" pageNumber="27" stateProvince="Beijing">Wanshousi village</location>
, Bejing, 
<date box="[209,311,1944,1971]" pageId="26" pageNumber="27" value="1956-05-05">
<collectingDate box="[209,311,1944,1971]" pageId="26" pageNumber="27" value="1956-05-05">5.V.1956</collectingDate>
</date>
” (
<collectionCode box="[337,404,1944,1970]" country="0" httpUri="http://grbio.org/cool/043p-ts4f" name="Institut Zoologii Akademii Nauk Ukraini - Institute of Zoology of the Academy of Sciences of Ukraine" pageId="26" pageNumber="27">IZAS</collectionCode>
)
</materialsCitation>
, 
<materialsCitation box="[424,976,1944,1971]" collectionCode="CF" country="China" location="Peking" pageId="26" pageNumber="27" specimenCount="2" specimenCount-female="1" specimenCount-male="1" stateProvince="Beijing">
<specimenCount box="[424,468,1944,1971]" pageId="26" pageNumber="27" type="male">1 ♂</specimenCount>
, 
<specimenCount box="[480,522,1944,1971]" pageId="26" pageNumber="27" type="female">1 ♀</specimenCount>
“ 
<collectingRegion box="[538,619,1944,1970]" country="China" name="Beijing" pageId="26" pageNumber="27">Peking</collectingRegion>
Westberge Exp. Stötzner” (
<collectionCode box="[930,969,1944,1970]" pageId="26" pageNumber="27">CF</collectionCode>
)
</materialsCitation>
, 
<materialsCitation box="[988,1374,1944,1971]" collectionCode="CF" country="China" location="Peking" pageId="26" pageNumber="27" specimenCount="4" specimenCount-female="2" specimenCount-male="2" stateProvince="Beijing">
<specimenCount box="[988,1053,1944,1971]" pageId="26" pageNumber="27" type="male">2 ♂♂</specimenCount>
, 
<specimenCount box="[1065,1128,1944,1971]" pageId="26" pageNumber="27" type="female">2 ♀♀</specimenCount>
“ 
<collectingRegion box="[1145,1226,1944,1970]" country="China" name="Beijing" pageId="26" pageNumber="27">Peking</collectingRegion>
<collectingCountry box="[1232,1302,1944,1970]" name="China" pageId="26" pageNumber="27">China</collectingCountry>
” (
<collectionCode box="[1327,1366,1944,1970]" pageId="26" pageNumber="27">CF</collectionCode>
)
</materialsCitation>
.
</paragraph>
</subSubSection>
<subSubSection lastPageId="28" lastPageNumber="29" pageId="26" pageNumber="27" type="description">
<paragraph blockId="26.[151,1436,1692,2043]" pageId="26" pageNumber="27">
<emphasis bold="true" box="[199,345,1980,2006]" pageId="26" pageNumber="27">Description.</emphasis>
Length: 
<quantity box="[451,542,1980,2007]" metricMagnitude="-3" metricUnit="m" metricValue="8.2" pageId="26" pageNumber="27" unit="mm" value="8.2">8.2 mm</quantity>
, length of elytra: 
<quantity box="[751,842,1980,2007]" metricMagnitude="-3" metricUnit="m" metricValue="5.3" pageId="26" pageNumber="27" unit="mm" value="5.3">5.3 mm</quantity>
, width: 
<quantity box="[938,1029,1980,2007]" metricMagnitude="-3" metricUnit="m" metricValue="4.6" pageId="26" pageNumber="27" unit="mm" value="4.6">4.6 mm</quantity>
. Body oblong-oval, reddish brown, antenna yellow, shiny, dorsal face nearly glabrous.
</paragraph>
<caption ID-DOI="http://doi.org/10.5281/zenodo.4496324" ID-Zenodo-Dep="4496324" httpUri="https://zenodo.org/record/4496324/files/figure.png" pageId="27" pageNumber="28" startId="27.[151,250,1480,1504]" targetBox="[163,1424,185,1456]" targetPageId="27">
<paragraph blockId="27.[151,1437,1480,1576]" pageId="27" pageNumber="28">
<emphasis bold="true" box="[151,341,1480,1505]" pageId="27" pageNumber="28">FIGURE 4. A–D:</emphasis>
<taxonomicName authority="(Moser, 1926)" authorityName="Fabrizi &amp; Liu &amp; Bai &amp; Yang &amp; Ahrens" authorityYear="2021" baseAuthorityName="Moser" baseAuthorityYear="1926" box="[350,714,1480,1505]" class="Insecta" family="Melolonthidae" genus="Maladera" kingdom="Animalia" order="Coleoptera" pageId="27" pageNumber="28" phylum="Arthropoda" rank="species" species="subrugata">
<emphasis box="[350,561,1480,1504]" italics="true" pageId="27" pageNumber="28">Maladera subrugata</emphasis>
(
<bibRefCitation author="Moser, J." box="[576,708,1480,1505]" pageId="27" pageNumber="28" pagination="198 - 208" refId="ref334452" refString="Moser, J. (1926) Beitrag zur Kenntnis der Melolonthiden. XIV. Stettiner Entomologische Zeitung, 87, 198 - 208." type="journal article" year="1926">Moser, 1926</bibRefCitation>
)
</taxonomicName>
(China: Qinglongqiao); 
<emphasis bold="true" box="[970,1027,1481,1505]" pageId="27" pageNumber="28">E–H:</emphasis>
<taxonomicName authority="Ahrens, Fabrizi &amp; Liu" authorityName="Ahrens, Fabrizi &amp; Liu" authorityYear="2021" box="[1036,1368,1480,1505]" class="Insecta" family="Melolonthidae" genus="Maladera" kingdom="Animalia" order="Coleoptera" pageId="27" pageNumber="28" phylum="Arthropoda" rank="species" species="fencli" status="sp. n.">
<emphasis box="[1036,1128,1480,1504]" italics="true" pageId="27" pageNumber="28">M. fencli</emphasis>
Ahrens, Fabrizi &amp; Liu
</taxonomicName>
, 
<taxonomicNameLabel box="[1380,1437,1481,1504]" pageId="27" pageNumber="28" rank="species">sp. n.</taxonomicNameLabel>
(holotype). 
<emphasis bold="true" box="[270,326,1516,1541]" pageId="27" pageNumber="28">A, E:</emphasis>
aedeagus, left side lateral view; 
<emphasis bold="true" box="[660,719,1516,1541]" pageId="27" pageNumber="28">C, G:</emphasis>
aedeagus, right side lateral view; 
<emphasis bold="true" box="[1067,1121,1517,1541]" pageId="27" pageNumber="28">B, F:</emphasis>
parameres, dorsal view; 
<emphasis bold="true" box="[1377,1436,1517,1541]" pageId="27" pageNumber="28">D, H:</emphasis>
habitus. Scale: 0.5 mm. Habitus not to scale.
</paragraph>
</caption>
<paragraph blockId="27.[151,1437,1623,2009]" pageId="27" pageNumber="28">
Labroclypeus wide and subtrapezoidal, widest at base, lateral margins weakly convex and convergent anteriorly, anterior angles strongly rounded, anterior margin indistinctly emarginate, margins moderately reflexed; lateral margin and ocular canthus produce an indistinct angle; surface weakly convex, coarsely, very densely punctate, with a few long setae anteriorly; frontoclypeal suture distinctly incised, weakly curved; smooth area anterior to eye convex, twice as wide as long; ocular canthus moderately long and wide (1/3 of ocular diameter), finely densely punctate, with two terminal setae. Frons shiny, with dense and coarse punctures, with a few single setae beside eyes. Eyes moderately large, ratio diameter/ interocular width: 0.65. Antenna with nine antennomeres; club with three antennomeres and straight, little longer than remaining antennomeres combined. 
<collectingRegion box="[1052,1147,1875,1901]" country="Myanmar" name="Chin" pageId="27" pageNumber="28">Mentum</collectingRegion>
elevated and slightly flattened anteriorly.
</paragraph>
<paragraph blockId="27.[151,1437,1623,2009]" lastBlockId="28.[151,1437,151,1186]" lastPageId="28" lastPageNumber="29" pageId="27" pageNumber="28">Pronotum moderately transverse, widest at base, lateral margins in basal half straight and weakly convergent anteriorly, convex at middle and in anterior half straight but slightly more convergent, anterior angles distinctly produced and sharp, posterior angles blunt; anterior margin straight, with fine marginal line, base without marginal line; surface densely and coarsely punctate, with minute setae in punctures being as long as puncture diameter, otherwise glabrous; anterior and lateral margin densely setose; hypomeron carinate, not produced ventrally. Scutellum wide, triangular, with fine, dense punctures.</paragraph>
<paragraph blockId="28.[151,1437,151,1186]" pageId="28" pageNumber="29">Elytra widest in posterior third, striae finely impressed, finely and densely punctate, odd intervals weakly convex, even ones flat, with fine, dense punctures being partly transversely rugous, with minute setae in punctures, odd intervals with a few fine and erect single setae; epipleural margin robust, ending at apical external angle of elytra, epipleura densely setose; apical border of elytra membraneous, with a very fine rim of microtrichomes (visible at ca 100x magnification).</paragraph>
<paragraph blockId="28.[151,1437,151,1186]" pageId="28" pageNumber="29">Ventral surface shiny, coarsely and densely punctate, metasternum including disc densely setose; metacoxa glabrous, with a few longer setae laterally. Abdominal sternites finely and densely punctate, punctures with minute setae, each sternite with a transverse row of punctures each bearing a fine seta. Mesosternum between mesocoxae as wide as mesofemur. Ratio of length of metepisternum/metacoxa: 1/1.4. Pygidium strongly convex, shiny, coarsely and densely punctate, without smooth midline, with numerous long and fine setae beside apical margin.</paragraph>
<paragraph blockId="28.[151,1437,151,1186]" pageId="28" pageNumber="29">Legs moderately long and wide, shiny; femora with two longitudinal rows of setae, coarsely and moderately densely punctate. Anterior margin of metafemur acute, with adjacent continuous serrated line, anterior row of setae complete; posterior ventral margin smooth, moderately widened at ventral apex, dorsal posterior margin smooth, neither serrate, glabrous. Metatibia long and moderately wide, widest at apex, ratio of width/length: 1/3.0, sharply carinate dorsally, with two groups of spines, basal group shortly behind middle, apical group at three quarters of metatibial length, in basal half with a few short and robust single setae and a continuous serrated line beside entire dorsal margin; lateral face longitudinally convex, with moderately dense fine punctures, sparsely setose; ventral margin finely serrate, with five equidistant robust setae; medial face smooth and glabrous; apex finely serrate, distinctly deeply emarginate interiorly near tarsal articulation. Tarsomeres dorsally impunctate, glabrous, neither laterally nor dorsally carinate, moderately setose ventrally; metatarsomeres with a strongly serrated ridge ventrally and a smooth subventral longitudinal carina; first metatarsomere as long as following tarsomere and slightly shorter than dorsal tibial spur. Protibia moderately long, bidentate; anterior claws symmetrical, basal tooth of both claws bluntly truncate at apex.</paragraph>
<paragraph blockId="28.[151,1437,151,1186]" box="[199,651,1123,1149]" pageId="28" pageNumber="29">
Aedeagus: 
<figureCitation box="[324,390,1123,1149]" captionStart="FIGURE 4" captionStartId="27.[151,250,1480,1504]" captionTargetBox="[163,1424,185,1456]" captionTargetId="figure-20@27.[151,1436,181,1456]" captionTargetPageId="27" captionText="FIGURE 4. A–D: Maladera subrugata (Moser, 1926) (China: Qinglongqiao); E–H: M. fencli Ahrens, Fabrizi &amp; Liu, sp. n. (holotype). A, E: aedeagus, left side lateral view; C, G: aedeagus, right side lateral view; B, F: parameres, dorsal view; D, H: habitus. Scale: 0.5 mm. Habitus not to scale." figureDoi="http://doi.org/10.5281/zenodo.4496324" httpUri="https://zenodo.org/record/4496324/files/figure.png" pageId="28" pageNumber="29">Fig. 4</figureCitation>
A–C. Habitus: 
<figureCitation box="[559,647,1123,1149]" captionStart="FIGURE 4" captionStartId="27.[151,250,1480,1504]" captionTargetBox="[163,1424,185,1456]" captionTargetId="figure-20@27.[151,1436,181,1456]" captionTargetPageId="27" captionText="FIGURE 4. A–D: Maladera subrugata (Moser, 1926) (China: Qinglongqiao); E–H: M. fencli Ahrens, Fabrizi &amp; Liu, sp. n. (holotype). A, E: aedeagus, left side lateral view; C, G: aedeagus, right side lateral view; B, F: parameres, dorsal view; D, H: habitus. Scale: 0.5 mm. Habitus not to scale." figureDoi="http://doi.org/10.5281/zenodo.4496324" httpUri="https://zenodo.org/record/4496324/files/figure.png" pageId="28" pageNumber="29">Fig. 4D</figureCitation>
.
</paragraph>
</subSubSection>
<subSubSection box="[199,704,1158,1186]" pageId="28" pageNumber="29" type="distribution">
<paragraph blockId="28.[151,1437,151,1186]" box="[199,704,1158,1186]" pageId="28" pageNumber="29">
<emphasis bold="true" box="[199,353,1158,1184]" pageId="28" pageNumber="29">Distribution.</emphasis>
See map (
<figureCitation box="[470,552,1159,1186]" captionStart="FIGURE 86" captionStartId="344.[151,250,1975,1999]" captionTargetBox="[195,1392,1108,1944]" captionTargetId="figure-36@344.[189,1399,1102,1952]" captionTargetPageId="344" captionText="FIGURE 86. Distribution of the subgenus Eumaladera: Maladera fencli sp. n., M. opaciventris (Moser, 1915), M. robustula sp. n., M. subrugata (Moser, 1926), Maladera wipfleri sp. n. (not precisely localized collection site indicated by a “?”)." figureDoi="http://doi.org/10.5281/zenodo.4496544" httpUri="https://zenodo.org/record/4496544/files/figure.png" pageId="28" pageNumber="29">Fig. 86</figureCitation>
) and 
<tableCitation box="[614,698,1159,1185]" captionStart="TABLE 1" captionStartId="368.[151,239,544,570]" captionText="TABLE 1. Overview on the distribuition of the Chinese mainland species of Maladera Mulsant &amp; Rey, 1871 (x – records from material examined herein, o – records from literature, with no material of this study)." pageId="28" pageNumber="29">Table 1</tableCitation>
.
</paragraph>
</subSubSection>
</treatment>
</document>