<document ID-DOI="http://doi.org/10.5281/zenodo.4534666" ID-GBIF-Dataset="188411de-569c-4408-a016-1a04b858c142" ID-ISSN="1175-5326" ID-Zenodo-Dep="4534666" ID-ZooBank="D7F9C6A3-9C28-4F4C-8E81-BF24849FDD8C" _generate="added" approvalRequired="33" approvalRequired_for_illustrations="17" approvalRequired_for_treatments="16" checkinTime="1612331093960" checkinUser="plazi" docAuthor="Fabrizi, Silvia, Liu, Wan-Gang, Bai, Ming, Yang, Xing-Ke &amp; Ahrens, Dirk" docDate="2021" docId="03BD87E66BDAFF78AF89FCF9FD133BF1" docLanguage="en" docName="zootaxa.4922.1.1.pdf" docOrigin="Zootaxa 4922 (1)" docStyle="DocumentStyle:5EBBA59367AD13919D70D935FA04F6A3.7:Zootaxa.2013-.monograph" docStyleId="5EBBA59367AD13919D70D935FA04F6A3" docStyleName="Zootaxa.2013-.monograph" docStyleVersion="7" docTitle="Maladera drescheri" docType="treatment" docVersion="8" lastPageId="189" lastPageNumber="190" masterDocId="FF84FF9E6B61FFC5AF1EF86AFFDE3D4C" masterDocTitle="A monograph of the genus Maladera Mulsant &amp; Rey, 1871 of China (Coleoptera: Scarabaeidae: Melolonthinae: Sericini)" masterLastPageNumber="400" masterPageNumber="1" pageId="187" pageNumber="188" updateTime="1615983897969" updateUser="diego">
<mods:mods xmlns:mods="http://www.loc.gov/mods/v3">
<mods:titleInfo>
<mods:title>A monograph of the genus Maladera Mulsant &amp; Rey, 1871 of China (Coleoptera: Scarabaeidae: Melolonthinae: Sericini)</mods:title>
</mods:titleInfo>
<mods:name type="personal">
<mods:role>
<mods:roleTerm>Author</mods:roleTerm>
</mods:role>
<mods:namePart>Fabrizi, Silvia</mods:namePart>
<mods:nameIdentifier type="ORCID">0000-0003-3524-7153</mods:nameIdentifier>
<mods:nameIdentifier type="email">ahrens.dirk_col@gmx.de</mods:nameIdentifier>
</mods:name>
<mods:name type="personal">
<mods:role>
<mods:roleTerm>Author</mods:roleTerm>
</mods:role>
<mods:namePart>Liu, Wan-Gang</mods:namePart>
<mods:nameIdentifier type="ORCID">0000-0003-4788-7967</mods:nameIdentifier>
<mods:nameIdentifier type="email">liuwangang@ieecas.cn</mods:nameIdentifier>
</mods:name>
<mods:name type="personal">
<mods:role>
<mods:roleTerm>Author</mods:roleTerm>
</mods:role>
<mods:namePart>Bai, Ming</mods:namePart>
<mods:nameIdentifier type="ORCID">0000-0003-3676-6828</mods:nameIdentifier>
<mods:nameIdentifier type="email">liuwangang@ieecas.cn</mods:nameIdentifier>
</mods:name>
<mods:name type="personal">
<mods:role>
<mods:roleTerm>Author</mods:roleTerm>
</mods:role>
<mods:namePart>Yang, Xing-Ke</mods:namePart>
<mods:nameIdentifier type="ORCID">0000-0003-3676-6828</mods:nameIdentifier>
<mods:nameIdentifier type="email">liuwangang@ieecas.cn</mods:nameIdentifier>
</mods:name>
<mods:name type="personal">
<mods:role>
<mods:roleTerm>Author</mods:roleTerm>
</mods:role>
<mods:namePart>Ahrens, Dirk</mods:namePart>
<mods:nameIdentifier type="ORCID">0000-0003-3524-7153</mods:nameIdentifier>
<mods:nameIdentifier type="email">ahrens.dirk_col@gmx.de</mods:nameIdentifier>
</mods:name>
<mods:typeOfResource>text</mods:typeOfResource>
<mods:relatedItem type="host">
<mods:titleInfo>
<mods:title>Zootaxa</mods:title>
</mods:titleInfo>
<mods:part>
<mods:date>2021</mods:date>
<mods:detail type="pubDate">
<mods:number>2021-02-03</mods:number>
</mods:detail>
<mods:detail type="volume">
<mods:number>4922</mods:number>
</mods:detail>
<mods:detail type="issue">
<mods:number>1</mods:number>
</mods:detail>
<mods:extent unit="page">
<mods:start>1</mods:start>
<mods:end>400</mods:end>
</mods:extent>
</mods:part>
</mods:relatedItem>
<mods:classification>journal article</mods:classification>
<mods:identifier type="DOI">https://doi.org/10.11646/zootaxa.4922.1.1</mods:identifier>
<mods:identifier type="GBIF-Dataset">188411de-569c-4408-a016-1a04b858c142</mods:identifier>
<mods:identifier type="ISSN">1175-5326</mods:identifier>
<mods:identifier type="Zenodo-Dep">4496316</mods:identifier>
<mods:identifier type="ZooBank">D7F9C6A3-9C28-4F4C-8E81-BF24849FDD8C</mods:identifier>
</mods:mods>
<treatment ID-DOI="http://doi.org/10.5281/zenodo.4534666" ID-Zenodo-Dep="4534666" LSID="urn:lsid:plazi:treatment:03BD87E66BDAFF78AF89FCF9FD133BF1" httpUri="http://treatment.plazi.org/id/03BD87E66BDAFF78AF89FCF9FD133BF1" lastPageId="189" lastPageNumber="190" pageId="187" pageNumber="188">
<subSubSection box="[151,565,1171,1198]" pageId="187" pageNumber="188" type="nomenclature">
<paragraph blockId="187.[151,565,1171,1234]" box="[151,565,1171,1198]" pageId="187" pageNumber="188">
<heading bold="true" box="[151,565,1171,1198]" fontSize="11" level="2" pageId="187" pageNumber="188" reason="4">
<taxonomicName authority="(Moser, 1913)" baseAuthorityName="Moser" baseAuthorityYear="1913" box="[151,565,1171,1198]" class="Insecta" family="Melolonthidae" genus="Maladera" kingdom="Animalia" order="Coleoptera" pageId="187" pageNumber="188" phylum="Arthropoda" rank="species" species="drescheri">
<emphasis bold="true" box="[151,565,1171,1198]" pageId="187" pageNumber="188">
<emphasis bold="true" box="[151,388,1171,1198]" italics="true" pageId="187" pageNumber="188">Maladera drescheri</emphasis>
(
<bibRefCitation author="Moser, J." box="[403,557,1172,1198]" pageId="187" pageNumber="188" pagination="271 - 297" refId="ref334202" refString="Moser, J. (1913) Beitrag zur Kenntnis der Melolonthiden. I. Deutsche Entomologische Zeitschrift, 1913, 271 - 297." type="journal article" year="1913">Moser, 1913</bibRefCitation>
)
</emphasis>
</taxonomicName>
</heading>
</paragraph>
</subSubSection>
<subSubSection box="[151,380,1208,1234]" pageId="187" pageNumber="188" type="description">
<paragraph blockId="187.[151,565,1171,1234]" box="[151,380,1208,1234]" pageId="187" pageNumber="188">
<figureCitation box="[151,270,1208,1234]" captionStart="FIGURE 43" captionStartId="188.[151,250,1943,1967]" captionTargetBox="[206,1379,191,1904]" captionTargetId="figure-19@188.[194,1393,181,1919]" captionTargetPageId="188" captionText="FIGURE 43. A–D: Maladera drescheri (Moser, 1913) (Thailand: Bo Klua); E–H: M. stridula (Brenske, 1897) (Taiwan: Kenting); I–L: M. ninglangensis Ahrens, Fabrizi &amp; Liu, sp. n. A, E, I: aedeagus, left side lateral view; C, G, K: aedeagus, right side lateral view; B, F, J: parameres, dorsal view; D, H, L: habitus. Scale: 0.5 mm. Habitus not to scale." figureDoi="http://doi.org/10.5281/zenodo.4496424" httpUri="https://zenodo.org/record/4496424/files/figure.png" pageId="187" pageNumber="188">Figures 43</figureCitation>
A–D, 110
</paragraph>
</subSubSection>
<subSubSection pageId="187" pageNumber="188" type="reference_group">
<paragraph blockId="187.[151,862,1271,1357]" box="[151,554,1271,1295]" pageId="187" pageNumber="188">
<treatmentCitationGroup box="[151,554,1271,1295]" pageId="187" pageNumber="188">
<treatmentCitation author="Moser, J." box="[151,550,1271,1295]" page="294" pageId="187" pageNumber="188" year="1913">
<taxonomicName authority="Moser, 1913: 294" authorityName="Moser" authorityPageNumber="294" authorityYear="1913" box="[151,550,1271,1295]" class="Insecta" family="Melolonthidae" genus="Autoserica" kingdom="Animalia" order="Coleoptera" pageId="187" pageNumber="188" phylum="Arthropoda" rank="species" species="drescheri">
<emphasis box="[151,362,1271,1295]" italics="true" pageId="187" pageNumber="188">Autoserica drescheri</emphasis>
<bibRefCitation author="Moser, J." box="[368,550,1271,1295]" pageId="187" pageNumber="188" pagination="271 - 297" refId="ref334202" refString="Moser, J. (1913) Beitrag zur Kenntnis der Melolonthiden. I. Deutsche Entomologische Zeitschrift, 1913, 271 - 297." type="journal article" year="1913">Moser, 1913: 294</bibRefCitation>
</taxonomicName>
</treatmentCitation>
.
</treatmentCitationGroup>
</paragraph>
<paragraph blockId="187.[151,862,1271,1357]" box="[151,821,1302,1326]" pageId="187" pageNumber="188">
<treatmentCitationGroup box="[151,821,1302,1326]" pageId="187" pageNumber="188">
<treatmentCitation author="Frey, G." box="[151,539,1302,1326]" page="107" pageId="187" pageNumber="188" year="1969">
<taxonomicName authority="Frey, 1969: 107" authorityName="Frey" authorityPageNumber="107" authorityYear="1969" box="[151,539,1302,1326]" class="Insecta" family="Melolonthidae" genus="Autoserica" kingdom="Animalia" order="Coleoptera" pageId="187" pageNumber="188" phylum="Arthropoda" rank="species" species="dalatensis">
<emphasis box="[151,370,1302,1326]" italics="true" pageId="187" pageNumber="188">Autoserica dalatensis</emphasis>
<bibRefCitation author="Frey, G." box="[376,539,1302,1326]" pageId="187" pageNumber="188" pagination="106 - 116" refId="ref332180" refString="Frey, G. (1969) Neue Lamellicornia aus S ʾ dostasien und Australien. Entomologische Arbeiten aus dem Museum G. Frey, 20, 106 - 116." type="journal article" year="1969">Frey, 1969: 107</bibRefCitation>
</taxonomicName>
</treatmentCitation>
; syn by 
<treatmentCitation author="Ahrens, D." box="[621,817,1302,1326]" page="278" pageId="187" pageNumber="188" year="2004">
<bibRefCitation author="Ahrens, D." box="[621,817,1302,1326]" pageId="187" pageNumber="188" refId="ref329734" refString="Ahrens, D. (2004 a) Monographie der Sericini des Himalaya (Coleoptera, Scarabaeidae). Dissertation. de-Verlag im Internet GmbH, Berlin, 534 pp." type="book" year="2004">Ahrens 2004a: 278</bibRefCitation>
</treatmentCitation>
.
</treatmentCitationGroup>
</paragraph>
<paragraph blockId="187.[151,862,1271,1357]" box="[151,862,1332,1357]" pageId="187" pageNumber="188">
<treatmentCitationGroup box="[151,862,1332,1357]" pageId="187" pageNumber="188">
<treatmentCitation author="Ahrens, D." box="[151,560,1332,1357]" page="278" pageId="187" pageNumber="188" year="2004">
<taxonomicName authority=": Ahrens 2004 a: 278" authorityName=": Ahrens" authorityPageNumber="278" authorityYear="2004" box="[151,560,1332,1357]" class="Insecta" family="Melolonthidae" genus="Maladera" kingdom="Animalia" order="Coleoptera" pageId="187" pageNumber="188" phylum="Arthropoda" rank="species" species="drescheri">
<emphasis box="[151,352,1332,1356]" italics="true" pageId="187" pageNumber="188">Maladera drescheri</emphasis>
: 
<bibRefCitation author="Ahrens, D." box="[364,560,1332,1357]" pageId="187" pageNumber="188" refId="ref329734" refString="Ahrens, D. (2004 a) Monographie der Sericini des Himalaya (Coleoptera, Scarabaeidae). Dissertation. de-Verlag im Internet GmbH, Berlin, 534 pp." type="book" year="2004">Ahrens 2004a: 278</bibRefCitation>
</taxonomicName>
</treatmentCitation>
; 
<treatmentCitation author="Ahrens, D. &amp; Fabrizi, S." box="[569,858,1332,1357]" page="263" pageId="187" pageNumber="188" year="2016">
<bibRefCitation author="Ahrens, D. &amp; Fabrizi, S." box="[569,858,1332,1357]" pageId="187" pageNumber="188" pagination="1 - 355" refId="ref330518" refString="Ahrens, D. &amp; Fabrizi, S. (2016) A Monograph of the Sericini of India (Coleoptera: Scarabaeidae). Bonn Zoological Bulletin, 65, 1 - 355." type="journal article" year="2016">Ahrens &amp; Fabrizi 2016: 263</bibRefCitation>
</treatmentCitation>
.
</treatmentCitationGroup>
</paragraph>
</subSubSection>
<subSubSection lastPageId="189" lastPageNumber="190" pageId="187" pageNumber="188" type="materials_examined">
<paragraph blockId="187.[151,1437,1397,2036]" box="[151,682,1397,1423]" pageId="187" pageNumber="188">
<emphasis bold="true" box="[151,447,1397,1423]" pageId="187" pageNumber="188">Type material examined.</emphasis>
See 
<bibRefCitation author="Ahrens, D." box="[500,678,1397,1423]" pageId="187" pageNumber="188" refId="ref329734" refString="Ahrens, D. (2004 a) Monographie der Sericini des Himalaya (Coleoptera, Scarabaeidae). Dissertation. de-Verlag im Internet GmbH, Berlin, 534 pp." type="book" year="2004">Ahrens (2004a)</bibRefCitation>
.
</paragraph>
<paragraph blockId="187.[151,1437,1397,2036]" lastBlockId="189.[151,1437,150,1725]" lastPageId="189" lastPageNumber="190" pageId="187" pageNumber="188">
<emphasis bold="true" box="[199,572,1433,1459]" pageId="187" pageNumber="188">Additional material examined.</emphasis>
<materialsCitation lastPageId="187" lastPageNumber="190" pageId="187" pageNumber="188">
<emphasis bold="true" box="[583,665,1433,1459]" pageId="187" pageNumber="188">
<collectingCountry box="[583,660,1433,1459]" name="China" pageId="187" pageNumber="188">China</collectingCountry>
:
</emphasis>
<specimenCount box="[676,722,1433,1460]" pageId="187" pageNumber="188" type="male">1 ♂</specimenCount>
“ 
<collectingMunicipality box="[743,813,1433,1459]" pageId="187" pageNumber="188">China</collectingMunicipality>
pr. 
<collectingRegion box="[862,948,1434,1460]" country="China" name="Yunnan" pageId="187" pageNumber="188">Yunnan</collectingRegion>
bor. 
<location LSID="urn:lsid:plazi:treatment:03BD87E66BDAFF78AF89FCF9FD133BF1:8ECB602B6BDAFF7EACEBFDF3FBFB38FF" box="[1013,1061,1433,1459]" country="China" municipality="China" name="Dali" pageId="187" pageNumber="188" stateProvince="Yunnan">Dali</location>
19- 
<date box="[1105,1222,1433,1460]" pageId="187" pageNumber="188" value="1993-05-21">
<collectingDate box="[1105,1222,1433,1460]" pageId="187" pageNumber="188" value="1993-05-21">21.5.1993</collectingDate>
</date>
<collectorName box="[1232,1376,1433,1460]" pageId="187" pageNumber="188">R. Cervenka</collectorName>
lgt.” (
<collectionCode box="[159,243,1469,1495]" country="Germany" httpUri="http://biocol.org/urn:lsid:biocol.org:col:34613" lsid="urn:lsid:biocol.org:col:34613" name="Zoologisches Forschungsmuseum Alexander Koenig" pageId="187" pageNumber="188" type="Museum">ZFMK</collectionCode>
),
</materialsCitation>
<materialsCitation box="[263,922,1469,1496]" lastPageId="187" lastPageNumber="190" pageId="187" pageNumber="188">
<specimenCount box="[263,319,1469,1496]" pageId="187" pageNumber="188" type="generic">1 ex.</specimenCount>
“ 
<location LSID="urn:lsid:plazi:treatment:03BD87E66BDAFF78AF89FCF9FD133BF1:8ECB602B6BDAFF7EAE4EFDD7FE48389B" box="[336,406,1469,1495]" country="China" name="China" pageId="187" pageNumber="188">China</location>
1942 Yun Hsien Apr. WL Jellison“ (
<collectionCode box="[824,911,1469,1495]" country="USA" httpUri="http://biocol.org/urn:lsid:biocol.org:col:34871" lsid="urn:lsid:biocol.org:col:34871" name="Smithsonian Institution, National Museum of Natural History" pageId="187" pageNumber="188" type="Museum">USNM</collectionCode>
),
</materialsCitation>
<materialsCitation lastPageId="187" lastPageNumber="190" pageId="187" pageNumber="188">
<specimenCount box="[931,974,1469,1496]" pageId="187" pageNumber="188" type="male">1 ♂</specimenCount>
“ 
<location LSID="urn:lsid:plazi:treatment:03BD87E66BDAFF78AF89FCF9FD133BF1:8ECB602B6BDAFF7EACFEFDD7FB92389B" box="[992,1100,1469,1495]" country="China" name="Jingdong" pageId="187" pageNumber="188" stateProvince="Yunnan">Jingdong</location>
, 
<collectingRegion box="[1112,1201,1470,1496]" country="China" name="Yunnan" pageId="187" pageNumber="188">Yunnan</collectingRegion>
, 
<date box="[1212,1339,1469,1496]" pageId="187" pageNumber="188" value="1957-04-25">
<collectingDate box="[1212,1339,1469,1496]" pageId="187" pageNumber="188" value="1957-04-25">25.IV.1957</collectingDate>
</date>
, 
<quantity box="[1351,1432,1469,1495]" metricMagnitude="3" metricUnit="m" metricValue="1.2" pageId="187" pageNumber="188" unit="m" value="1200.0">
<elevation box="[1351,1432,1469,1495]" metricMagnitude="3" metricUnit="m" metricValue="1.2" pageId="187" pageNumber="188" unit="m" value="1200.0">1200m</elevation>
</quantity>
, leg. 
<collectorName box="[203,371,1505,1531]" pageId="187" pageNumber="188">Montschadskij</collectorName>
“ (
<collectionCode box="[399,466,1505,1531]" country="0" httpUri="http://grbio.org/cool/043p-ts4f" name="Institut Zoologii Akademii Nauk Ukraini - Institute of Zoology of the Academy of Sciences of Ukraine" pageId="187" pageNumber="188">IZAS</collectionCode>
),
</materialsCitation>
<materialsCitation box="[489,1278,1505,1532]" lastPageId="187" lastPageNumber="190" pageId="187" pageNumber="188">
<specimenCount box="[489,535,1505,1532]" pageId="187" pageNumber="188" type="male">1 ♂</specimenCount>
“ 
<location LSID="urn:lsid:plazi:treatment:03BD87E66BDAFF78AF89FCF9FD133BF1:8ECB602B6BDAFF7EAD35FD8BFD5A38B7" box="[555,644,1505,1531]" country="China" name="Dinghu" pageId="187" pageNumber="188" stateProvince="Guangdong">Dinghu</location>
, 
<collectingRegion box="[659,793,1505,1531]" country="China" name="Guangdong" pageId="187" pageNumber="188">Guangdong</collectingRegion>
, 
<date box="[808,934,1505,1532]" pageId="187" pageNumber="188" value="1965-04-26">
<collectingDate box="[808,934,1505,1532]" pageId="187" pageNumber="188" value="1965-04-26">26.IV.1965</collectingDate>
</date>
, leg. 
<collectorName box="[1001,1171,1505,1531]" pageId="187" pageNumber="188">Zhang Youwei</collectorName>
“ (
<collectionCode box="[1199,1266,1505,1531]" country="0" httpUri="http://grbio.org/cool/043p-ts4f" name="Institut Zoologii Akademii Nauk Ukraini - Institute of Zoology of the Academy of Sciences of Ukraine" pageId="187" pageNumber="188">IZAS</collectionCode>
),
</materialsCitation>
<materialsCitation lastPageId="187" lastPageNumber="190" pageId="187" pageNumber="188">
<specimenCount box="[1289,1356,1505,1532]" pageId="187" pageNumber="188" type="male">2 ♂♂</specimenCount>
“Kunming, 
<date box="[223,339,1541,1567]" pageId="187" pageNumber="188" value="1938-05-30">
<collectingDate box="[223,339,1541,1567]" pageId="187" pageNumber="188" value="1938-05-30">30.V.1938</collectingDate>
</date>
“ (
<collectionCode box="[365,429,1541,1567]" country="China" lsid="urn:lsid:biocol.org:col:33074" name="China Agricultural University" pageId="187" pageNumber="188">CAU</collectionCode>
), 
<specimenCount box="[448,490,1541,1568]" pageId="187" pageNumber="188" type="male">1 ♂</specimenCount>
“ 
<collectorName box="[508,798,1541,1567]" pageId="187" pageNumber="188">Coll. Nonfried Hymalaya</collectorName>
“ (
<collectionCode box="[822,908,1541,1567]" country="Czech Republic" httpUri="http://grbio.org/cool/hj12-2xm7" name="National Museum Prague" pageId="187" pageNumber="188">NMPC</collectionCode>
).
</materialsCitation>
<materialsCitation lastPageId="187" lastPageNumber="190" pageId="187" pageNumber="188">
<emphasis bold="true" box="[927,993,1541,1567]" pageId="187" pageNumber="188">
<collectingCountry box="[927,989,1541,1567]" name="Laos" pageId="187" pageNumber="188">Laos</collectingCountry>
:
</emphasis>
<specimenCount box="[1000,1069,1541,1568]" pageId="187" pageNumber="188" type="generic">34 ex.</specimenCount>
“NE-Laos: 
<collectingRegion box="[1204,1380,1541,1568]" country="Laos" name="Houaphan" pageId="187" pageNumber="188">Hua Phan prov.</collectingRegion>
, 
<collectingCounty pageId="187" pageNumber="188">Ban Saleui</collectingCounty>
, 
<collectingMunicipality box="[234,292,1577,1603]" pageId="187" pageNumber="188">Phou</collectingMunicipality>
Pan (
<location LSID="urn:lsid:plazi:treatment:03BD87E66BDAFF78AF89FCF9FD133BF1:8ECB602B6BDAFF7EAE7FFE43FE553B0F" box="[353,395,1577,1603]" country="Laos" county="Ban Saleui" latitude="20.2" longLatPrecision="1268" longitude="104.01667" municipality="Phou" name="Mt." pageId="187" pageNumber="188" stateProvince="Houaphan">Mt.</location>
) - 
<geoCoordinate box="[418,518,1577,1603]" degrees="20" direction="north" minutes="12" orientation="latitude" pageId="187" pageNumber="188" precision="925" value="20.2">20°12’N</geoCoordinate>
, 
<geoCoordinate box="[528,639,1577,1603]" degrees="104" direction="east" minutes="01" orientation="longitude" pageId="187" pageNumber="188" precision="925" value="104.01667">104°01’E</geoCoordinate>
; 
<date box="[649,833,1577,1604]" pageId="187" pageNumber="188" value="2012-04-11" valueMax="2012-05-15" valueMin="2012-04-11">
<collectingDate box="[649,833,1577,1604]" pageId="187" pageNumber="188" value="2012-04-11" valueMax="2012-05-15" valueMin="2012-04-11">11.iv.-15.v.2012</collectingDate>
</date>
; 
<quantity box="[843,989,1577,1603]" metricMagnitude="3" metricUnit="m" metricValue="1.6" metricValueMax="1.9" metricValueMin="1.3" pageId="187" pageNumber="188" unit="m" value="1600.0" valueMax="1900.0" valueMin="1300.0">
<elevation box="[843,989,1577,1603]" metricMagnitude="3" metricUnit="m" metricValue="1.6" metricValueMax="1.9" metricValueMin="1.3" pageId="187" pageNumber="188" unit="m" value="1600.0" valueMax="1900.0" valueMin="1300.0">1300-1900m</elevation>
</quantity>
; leg. 
<collectorName box="[1047,1286,1577,1603]" pageId="187" pageNumber="188">C. Holzschuh Ankauf</collectorName>
ZFMK Bonn 2012/13” (
<collectionCode box="[273,357,1613,1639]" country="Germany" httpUri="http://biocol.org/urn:lsid:biocol.org:col:34613" lsid="urn:lsid:biocol.org:col:34613" name="Zoologisches Forschungsmuseum Alexander Koenig" pageId="187" pageNumber="188" type="Museum">ZFMK</collectionCode>
),
</materialsCitation>
<materialsCitation lastPageId="187" lastPageNumber="190" pageId="187" pageNumber="188">
<specimenCount box="[379,451,1613,1640]" pageId="187" pageNumber="188" type="generic">53 ex.</specimenCount>
“NE-Laos: 
<collectingRegion box="[591,774,1613,1640]" country="Laos" name="Houaphan" pageId="187" pageNumber="188">Hua Phan prov.</collectingRegion>
, 
<collectingCounty box="[788,916,1613,1640]" pageId="187" pageNumber="188">Ban Saleui</collectingCounty>
, 
<collectingMunicipality box="[930,988,1613,1639]" pageId="187" pageNumber="188">Phou</collectingMunicipality>
Pan (
<location LSID="urn:lsid:plazi:treatment:03BD87E66BDAFF78AF89FCF9FD133BF1:8ECB602B6BDAFF7EAB3CFE27FB953B2B" box="[1058,1099,1613,1639]" country="Laos" county="Ban Saleui" latitude="20.2" longLatPrecision="1268" longitude="104.01667" municipality="Phou" name="Mt." pageId="187" pageNumber="188" stateProvince="Houaphan">Mt.</location>
) - 
<geoCoordinate box="[1126,1226,1613,1639]" degrees="20" direction="north" minutes="12" orientation="latitude" pageId="187" pageNumber="188" precision="925" value="20.2">20°12’N</geoCoordinate>
, 
<geoCoordinate box="[1241,1351,1613,1639]" degrees="104" direction="east" minutes="01" orientation="longitude" pageId="187" pageNumber="188" precision="925" value="104.01667">104°01’E</geoCoordinate>
; 
<date pageId="187" pageNumber="188" value="2012-04-11" valueMax="2012-05-15" valueMin="2012-04-11">
<collectingDate pageId="187" pageNumber="188" value="2012-04-11" valueMax="2012-05-15" valueMin="2012-04-11">11.iv.- 15.v.2012</collectingDate>
</date>
; 
<quantity box="[276,422,1649,1675]" metricMagnitude="3" metricUnit="m" metricValue="1.6" metricValueMax="1.9" metricValueMin="1.3" pageId="187" pageNumber="188" unit="m" value="1600.0" valueMax="1900.0" valueMin="1300.0">
<elevation box="[276,422,1649,1675]" metricMagnitude="3" metricUnit="m" metricValue="1.6" metricValueMax="1.9" metricValueMin="1.3" pageId="187" pageNumber="188" unit="m" value="1600.0" valueMax="1900.0" valueMin="1300.0">1300-1900m</elevation>
</quantity>
; leg. 
<collectorName box="[482,723,1649,1675]" pageId="187" pageNumber="188">C. Holzschuh Ankauf</collectorName>
ZFMK Bonn 2012” (
<collectionCode box="[965,1049,1649,1675]" country="Germany" httpUri="http://biocol.org/urn:lsid:biocol.org:col:34613" lsid="urn:lsid:biocol.org:col:34613" name="Zoologisches Forschungsmuseum Alexander Koenig" pageId="187" pageNumber="188" type="Museum">ZFMK</collectionCode>
),
</materialsCitation>
<materialsCitation lastPageId="187" lastPageNumber="190" pageId="187" pageNumber="188">
<specimenCount box="[1067,1122,1649,1676]" pageId="187" pageNumber="188" type="generic">2 ex.</specimenCount>
“NE-Laos: 
<collectingRegion box="[1256,1432,1649,1676]" country="Laos" name="Houaphan" pageId="187" pageNumber="188">Hua Phan prov.</collectingRegion>
, 
<collectingCounty box="[151,278,1685,1712]" pageId="187" pageNumber="188">Ban Saleui</collectingCounty>
, 
<collectingMunicipality box="[291,349,1685,1711]" pageId="187" pageNumber="188">Phou</collectingMunicipality>
Pan (
<location LSID="urn:lsid:plazi:treatment:03BD87E66BDAFF78AF89FCF9FD133BF1:8ECB602B6BDAFF7EAEBEFEFFFE143BE3" box="[416,458,1685,1711]" country="Laos" county="Ban Saleui" latitude="20.2" longLatPrecision="1268" longitude="104.01667" municipality="Phou" name="Mt." pageId="187" pageNumber="188" stateProvince="Houaphan">Mt.</location>
) - 
<geoCoordinate box="[483,583,1685,1711]" degrees="20" direction="north" minutes="12" orientation="latitude" pageId="187" pageNumber="188" precision="925" value="20.2">20°12’N</geoCoordinate>
, 
<geoCoordinate box="[596,707,1685,1711]" degrees="104" direction="east" minutes="01" orientation="longitude" pageId="187" pageNumber="188" precision="925" value="104.01667">104°01’E</geoCoordinate>
; 
<quantity box="[721,867,1685,1711]" metricMagnitude="3" metricUnit="m" metricValue="1.6" metricValueMax="1.9" metricValueMin="1.3" pageId="187" pageNumber="188" unit="m" value="1600.0" valueMax="1900.0" valueMin="1300.0">
<elevation box="[721,867,1685,1711]" metricMagnitude="3" metricUnit="m" metricValue="1.6" metricValueMax="1.9" metricValueMin="1.3" pageId="187" pageNumber="188" unit="m" value="1600.0" valueMax="1900.0" valueMin="1300.0">1300-1900m</elevation>
</quantity>
; 
<date box="[880,1041,1685,1711]" pageId="187" pageNumber="188" value="2011-05-01" valueMax="2011-05-31" valueMin="2011-05-01">
<collectingDate box="[880,1041,1685,1711]" pageId="187" pageNumber="188" value="2011-05-01" valueMax="2011-05-31" valueMin="2011-05-01">01.-31.V.2011</collectingDate>
</date>
; leg. 
<collectorName box="[1104,1350,1685,1711]" pageId="187" pageNumber="188">C. Holzschuh Ankauf</collectorName>
ZFMK Bonn 2011” (
<collectionCode box="[299,383,1721,1747]" country="Germany" httpUri="http://biocol.org/urn:lsid:biocol.org:col:34613" lsid="urn:lsid:biocol.org:col:34613" name="Zoologisches Forschungsmuseum Alexander Koenig" pageId="187" pageNumber="188" type="Museum">ZFMK</collectionCode>
),
</materialsCitation>
<materialsCitation lastPageId="187" lastPageNumber="190" pageId="187" pageNumber="188">
<specimenCount box="[401,468,1721,1748]" pageId="187" pageNumber="188" type="generic">16 ex.</specimenCount>
“Laos-NE, Houa Phan prov., 
<geoCoordinate box="[799,978,1721,1747]" pageId="187" pageNumber="188">20°13’09-19’’N</geoCoordinate>
103°59’54’’- 
<geoCoordinate box="[1127,1282,1721,1748]" degrees="104" direction="east" minutes="00" orientation="longitude" pageId="187" pageNumber="188" precision="15" seconds="03" value="104.00083">104°00’03’’E</geoCoordinate>
, 
<quantity box="[1293,1436,1721,1748]" metricMagnitude="3" metricUnit="m" metricValue="1.4949999999999999" metricValueMax="1.51" metricValueMin="1.48" pageId="187" pageNumber="188" unit="m" value="1495.0" valueMax="1510.0" valueMin="1480.0">
<elevation box="[1293,1436,1721,1748]" metricMagnitude="3" metricUnit="m" metricValue="1.4949999999999999" metricValueMax="1.51" metricValueMin="1.48" pageId="187" pageNumber="188" unit="m" value="1495.0" valueMax="1510.0" valueMin="1480.0">1480-1510m</elevation>
</quantity>
Phou Pane Mt., 
<date box="[337,528,1757,1783]" pageId="187" pageNumber="188" value="2008-04-22" valueMax="2008-05-14" valueMin="2008-04-22">
<collectingDate box="[337,528,1757,1783]" pageId="187" pageNumber="188" value="2008-04-22" valueMax="2008-05-14" valueMin="2008-04-22">22.IV.-14.V.2008</collectingDate>
</date>
<collectorName box="[537,655,1757,1783]" pageId="187" pageNumber="188">Vit Kuban</collectorName>
leg. (
<collectionCode box="[722,807,1757,1783]" country="Czech Republic" httpUri="http://grbio.org/cool/hj12-2xm7" name="National Museum Prague" pageId="187" pageNumber="188">NMPC</collectionCode>
),
</materialsCitation>
<materialsCitation lastPageId="187" lastPageNumber="190" pageId="187" pageNumber="188">
<specimenCount box="[828,885,1758,1784]" pageId="187" pageNumber="188" type="generic">7 ex.</specimenCount>
“Laos-NE 
<collectingRegion box="[1016,1196,1757,1784]" country="Laos" name="Houaphan" pageId="187" pageNumber="188">Hua Phan prov.</collectingRegion>
, 
<geoCoordinate box="[1209,1307,1757,1783]" degrees="20" direction="north" minutes="12" orientation="latitude" pageId="187" pageNumber="188" precision="925" value="20.2">20°12’N</geoCoordinate>
, 
<geoCoordinate box="[1321,1432,1757,1783]" degrees="104" direction="east" minutes="01" orientation="longitude" pageId="187" pageNumber="188" precision="925" value="104.01667">104°01’E</geoCoordinate>
, 
<collectingCounty box="[151,309,1793,1820]" pageId="187" pageNumber="188">Phu Phan Mt.</collectingCounty>
, 
<quantity box="[322,467,1793,1820]" metricMagnitude="3" metricUnit="m" metricValue="1.7" metricValueMax="1.9" metricValueMin="1.5" pageId="187" pageNumber="188" unit="m" value="1700.0" valueMax="1900.0" valueMin="1500.0">
<elevation box="[322,467,1793,1820]" metricMagnitude="3" metricUnit="m" metricValue="1.7" metricValueMax="1.9" metricValueMin="1.5" pageId="187" pageNumber="188" unit="m" value="1700.0" valueMax="1900.0" valueMin="1500.0">1500-1900m</elevation>
</quantity>
, 17.5.- 
<date box="[540,646,1793,1820]" pageId="187" pageNumber="188" value="2007-06-03">
<collectingDate box="[540,646,1793,1820]" pageId="187" pageNumber="188" value="2007-06-03">3.6.2007</collectingDate>
</date>
, leg. 
<collectorName box="[707,827,1793,1819]" pageId="187" pageNumber="188">Vit Kuban</collectorName>
” (
<collectionCode box="[853,937,1793,1819]" country="Germany" httpUri="http://biocol.org/urn:lsid:biocol.org:col:34613" lsid="urn:lsid:biocol.org:col:34613" name="Zoologisches Forschungsmuseum Alexander Koenig" pageId="187" pageNumber="188" type="Museum">ZFMK</collectionCode>
),
</materialsCitation>
<materialsCitation lastPageId="187" lastPageNumber="190" pageId="187" pageNumber="188">
<specimenCount box="[957,1012,1793,1820]" pageId="187" pageNumber="188" type="generic">1 ex.</specimenCount>
“Laos-NE 
<collectingRegion box="[1142,1321,1793,1820]" country="Laos" name="Houaphan" pageId="187" pageNumber="188">Hua Phan prov.</collectingRegion>
, 
<geoCoordinate box="[1333,1431,1793,1819]" degrees="20" direction="north" minutes="12" orientation="latitude" pageId="187" pageNumber="188" precision="925" value="20.2">20°12’N</geoCoordinate>
, 
<geoCoordinate box="[151,261,1829,1855]" degrees="104" direction="east" minutes="01" orientation="longitude" pageId="187" pageNumber="188" precision="925" value="104.01667">104°01’E</geoCoordinate>
, 
<collectingMunicipality box="[277,440,1829,1856]" pageId="187" pageNumber="188">Phu Phan Mt.</collectingMunicipality>
, 
<quantity box="[455,601,1829,1856]" metricMagnitude="3" metricUnit="m" metricValue="1.7" metricValueMax="1.9" metricValueMin="1.5" pageId="187" pageNumber="188" unit="m" value="1700.0" valueMax="1900.0" valueMin="1500.0">
<elevation box="[455,601,1829,1856]" metricMagnitude="3" metricUnit="m" metricValue="1.7" metricValueMax="1.9" metricValueMin="1.5" pageId="187" pageNumber="188" unit="m" value="1700.0" valueMax="1900.0" valueMin="1500.0">1500-1900m</elevation>
</quantity>
, 17.5.- 
<date box="[676,782,1829,1856]" pageId="187" pageNumber="188" value="2007-06-03">
<collectingDate box="[676,782,1829,1856]" pageId="187" pageNumber="188" value="2007-06-03">3.6.2007</collectingDate>
</date>
, leg. 
<collectorName box="[850,1009,1829,1855]" pageId="187" pageNumber="188">C. Holzschuh</collectorName>
” (
<collectionCode box="[1037,1121,1829,1855]" country="Germany" httpUri="http://biocol.org/urn:lsid:biocol.org:col:34613" lsid="urn:lsid:biocol.org:col:34613" name="Zoologisches Forschungsmuseum Alexander Koenig" pageId="187" pageNumber="188" type="Museum">ZFMK</collectionCode>
),
</materialsCitation>
<materialsCitation lastPageId="187" lastPageNumber="190" pageId="187" pageNumber="188">
<specimenCount box="[1143,1202,1829,1856]" pageId="187" pageNumber="188" type="generic">1 ex.</specimenCount>
“ 
<collectorName box="[1223,1282,1829,1855]" pageId="187" pageNumber="188">Laos</collectorName>
, 
<collectorName box="[1297,1432,1829,1855]" pageId="187" pageNumber="188">Borikhamai</collectorName>
, 
<date box="[151,269,1865,1891]" pageId="187" pageNumber="188" value="1994-05-07">
<collectingDate box="[151,269,1865,1891]" pageId="187" pageNumber="188" value="1994-05-07">07.V.1994</collectingDate>
</date>
; leg. 
<collectorName box="[329,444,1865,1891]" pageId="187" pageNumber="188">Wakahara</collectorName>
” (
<collectionCode box="[467,551,1865,1891]" country="Germany" httpUri="http://biocol.org/urn:lsid:biocol.org:col:34613" lsid="urn:lsid:biocol.org:col:34613" name="Zoologisches Forschungsmuseum Alexander Koenig" pageId="187" pageNumber="188" type="Museum">ZFMK</collectionCode>
),
</materialsCitation>
<materialsCitation lastPageId="187" lastPageNumber="190" pageId="187" pageNumber="188">
<specimenCount box="[570,613,1865,1892]" pageId="187" pageNumber="188" type="male">1 ♂</specimenCount>
“X-DA4799 
<collectorName box="[766,820,1866,1892]" pageId="187" pageNumber="188">Laos</collectorName>
<collectingRegion box="[827,1005,1865,1892]" country="Laos" name="Houaphan" pageId="187" pageNumber="188">Hua Phan prov.</collectingRegion>
; 
<collectorName box="[1016,1142,1865,1892]" pageId="187" pageNumber="188">Ban Saleui</collectorName>
, 
<collectorName box="[1153,1260,1865,1892]" pageId="187" pageNumber="188">
<location LSID="urn:lsid:plazi:treatment:03BD87E66BDAFF78AF89FCF9FD133BF1:8ECB602B6BDAFF7EAB9FFF23FB653A2F" box="[1153,1211,1865,1891]" country="Laos" county="Phu Phan Mt." latitude="20.2" longLatPrecision="1268" longitude="104.01667" municipality="Phu Phan Mt." name="Phou" pageId="187" pageNumber="188" stateProvince="Houaphan">Phou</location>
Pan
</collectorName>
(
<collectorName box="[1275,1317,1865,1891]" pageId="187" pageNumber="188">Mt.</collectorName>
) 
<geoCoordinate box="[1333,1431,1865,1891]" degrees="20" direction="north" minutes="12" orientation="latitude" pageId="187" pageNumber="188" precision="925" value="20.2">20°12’N</geoCoordinate>
, 
<geoCoordinate box="[151,235,1901,1927]" pageId="187" pageNumber="188">104°01</geoCoordinate>
’ 
<date box="[248,411,1901,1928]" pageId="187" pageNumber="188" value="2014-04-15" valueMax="2014-04-30" valueMin="2014-04-15">
<collectingDate box="[248,411,1901,1928]" pageId="187" pageNumber="188" value="2014-04-15" valueMax="2014-04-30" valueMin="2014-04-15">15.-30.iv.2014</collectingDate>
</date>
leg. C. Holzschuh—ZFMK 
<collectorName box="[737,821,1901,1927]" pageId="187" pageNumber="188">Ankauf</collectorName>
2014 
<taxonomicName authority="(ZFMK)" authorityName=": Ahrens" authorityYear="2004" baseAuthorityName="ZFMK" box="[895,1115,1901,1927]" class="Insecta" family="Melolonthidae" genus="Maladera" kingdom="Animalia" order="Coleoptera" pageId="187" pageNumber="188" phylum="Arthropoda" rank="species" species="drescheri">Maladera drescheri</taxonomicName>
” (
<collectionCode box="[1141,1225,1901,1927]" country="Germany" httpUri="http://biocol.org/urn:lsid:biocol.org:col:34613" lsid="urn:lsid:biocol.org:col:34613" name="Zoologisches Forschungsmuseum Alexander Koenig" pageId="187" pageNumber="188" type="Museum">ZFMK</collectionCode>
),
</materialsCitation>
<materialsCitation lastPageId="187" lastPageNumber="190" pageId="187" pageNumber="188">
<specimenCount box="[1245,1289,1901,1928]" pageId="187" pageNumber="188" type="male">1 ♂</specimenCount>
“X-DA4793 
<collectorName box="[151,205,1938,1964]" pageId="187" pageNumber="188">Laos</collectorName>
<collectingRegion box="[215,398,1937,1964]" country="Laos" name="Houaphan" pageId="187" pageNumber="188">Hua Phan prov.</collectingRegion>
; 
<collectorName box="[412,540,1937,1964]" pageId="187" pageNumber="188">Ban Saleui</collectorName>
, 
<collectorName box="[553,663,1937,1964]" pageId="187" pageNumber="188">
<location LSID="urn:lsid:plazi:treatment:03BD87E66BDAFF78AF89FCF9FD133BF1:8ECB602B6BDAFF7EAD37FFFBFDBD3AE7" box="[553,611,1937,1963]" country="Laos" county="Phu Phan Mt." latitude="20.2" longLatPrecision="1268" longitude="104.01667" municipality="Phu Phan Mt." name="Phou" pageId="187" pageNumber="188" stateProvince="Houaphan">Phou</location>
Pan
</collectorName>
(
<collectorName box="[681,723,1937,1963]" pageId="187" pageNumber="188">Mt.</collectorName>
) 
<geoCoordinate box="[740,839,1937,1963]" degrees="20" direction="north" minutes="12" orientation="latitude" pageId="187" pageNumber="188" precision="925" value="20.2">20°12’N</geoCoordinate>
, 
<geoCoordinate box="[854,938,1937,1963]" pageId="187" pageNumber="188">104°01</geoCoordinate>
’ 
<date box="[952,1115,1937,1964]" pageId="187" pageNumber="188" value="2014-04-15" valueMax="2014-04-30" valueMin="2014-04-15">
<collectingDate box="[952,1115,1937,1964]" pageId="187" pageNumber="188" value="2014-04-15" valueMax="2014-04-30" valueMin="2014-04-15">15.-30.iv.2014</collectingDate>
</date>
leg. C. Holzschuh—ZFMK 
<collectorName box="[151,235,1973,1999]" pageId="187" pageNumber="188">Ankauf</collectorName>
2014 
<taxonomicName authority="(ZFMK)" authorityName=": Ahrens" authorityYear="2004" baseAuthorityName="ZFMK" box="[309,530,1973,1999]" class="Insecta" family="Melolonthidae" genus="Maladera" kingdom="Animalia" order="Coleoptera" pageId="187" pageNumber="188" phylum="Arthropoda" rank="species" species="drescheri">Maladera drescheri</taxonomicName>
” (
<collectionCode box="[556,640,1973,1999]" country="Germany" httpUri="http://biocol.org/urn:lsid:biocol.org:col:34613" lsid="urn:lsid:biocol.org:col:34613" name="Zoologisches Forschungsmuseum Alexander Koenig" pageId="187" pageNumber="188" type="Museum">ZFMK</collectionCode>
),
</materialsCitation>
<materialsCitation lastPageId="187" lastPageNumber="190" pageId="187" pageNumber="188">
<specimenCount box="[661,705,1973,2000]" pageId="187" pageNumber="188" type="male">1 ♂</specimenCount>
“X-DA4755 
<collectorName box="[862,916,1974,2000]" pageId="187" pageNumber="188">Laos</collectorName>
<collectingRegion box="[925,1107,1973,2000]" country="Laos" name="Houaphan" pageId="187" pageNumber="188">Hua Phan prov.</collectingRegion>
; 
<collectorName box="[1120,1247,1973,2000]" pageId="187" pageNumber="188">Ban Saleui</collectorName>
, 
<collectorName box="[1260,1369,1973,2000]" pageId="187" pageNumber="188">
<location LSID="urn:lsid:plazi:treatment:03BD87E66BDAFF78AF89FCF9FD133BF1:8ECB602B6BDAFF7EABF2FFDFFAF83A83" box="[1260,1318,1973,1999]" country="Laos" county="Phu Phan Mt." latitude="20.2" longLatPrecision="1268" longitude="104.01667" municipality="Phu Phan Mt." name="Phou" pageId="187" pageNumber="188" stateProvince="Houaphan">Phou</location>
Pan
</collectorName>
(
<collectorName box="[1386,1428,1973,1999]" pageId="187" pageNumber="188">Mt.</collectorName>
) 
<geoCoordinate box="[151,250,2009,2035]" degrees="20" direction="north" minutes="12" orientation="latitude" pageId="187" pageNumber="188" precision="925" value="20.2">20°12’N</geoCoordinate>
, 
<geoCoordinate box="[263,346,2009,2035]" pageId="187" pageNumber="188">104°01</geoCoordinate>
’ 
<date box="[359,521,2009,2036]" pageId="187" pageNumber="188" value="2014-04-15" valueMax="2014-04-30" valueMin="2014-04-15">
<collectingDate box="[359,521,2009,2036]" pageId="187" pageNumber="188" value="2014-04-15" valueMax="2014-04-30" valueMin="2014-04-15">15.-30.iv.2014</collectingDate>
</date>
leg. C. Holzschuh—ZFMK 
<collectorName box="[842,926,2009,2035]" pageId="187" pageNumber="188">Ankauf</collectorName>
2014 
<taxonomicName authority="(ZFMK)" authorityName=": Ahrens" authorityYear="2004" baseAuthorityName="ZFMK" box="[997,1216,2009,2035]" class="Insecta" family="Melolonthidae" genus="Maladera" kingdom="Animalia" order="Coleoptera" pageId="187" pageNumber="188" phylum="Arthropoda" rank="species" species="drescheri">Maladera drescheri</taxonomicName>
” (
<collectionCode box="[1241,1325,2009,2035]" country="Germany" httpUri="http://biocol.org/urn:lsid:biocol.org:col:34613" lsid="urn:lsid:biocol.org:col:34613" name="Zoologisches Forschungsmuseum Alexander Koenig" pageId="187" pageNumber="188" type="Museum">ZFMK</collectionCode>
),
</materialsCitation>
<materialsCitation lastPageId="189" lastPageNumber="190" pageId="187" pageNumber="188">
<specimenCount box="[1344,1387,2009,2036]" pageId="187" pageNumber="188" type="male">1 ♂</specimenCount>
“X-DA4754 
<collectorName box="[256,310,151,177]" pageId="189" pageNumber="190">Laos</collectorName>
<collectingRegion box="[318,497,151,177]" country="Laos" name="Houaphan" pageId="189" pageNumber="190">Hua Phan prov.</collectingRegion>
; 
<collectorName box="[508,634,151,177]" pageId="189" pageNumber="190">Ban Saleui</collectorName>
, 
<collectorName box="[646,754,151,177]" pageId="189" pageNumber="190">
<location LSID="urn:lsid:plazi:treatment:03BD87E66BDAFF78AF89FCF9FD133BF1:8ECB602B6BDCFF78AD98F8FDFD1E3DFD" box="[646,704,151,177]" country="Laos" county="Phu Phan Mt." latitude="20.2" longLatPrecision="1268" longitude="104.01667" municipality="Phu Phan Mt." name="Phou" pageId="189" pageNumber="190" stateProvince="Houaphan">Phou</location>
Pan
</collectorName>
(
<collectorName box="[770,812,151,177]" pageId="189" pageNumber="190">Mt.</collectorName>
) 
<geoCoordinate box="[828,926,151,177]" degrees="20" direction="north" minutes="12" orientation="latitude" pageId="189" pageNumber="190" precision="925" value="20.2">20°12’N</geoCoordinate>
, 
<geoCoordinate box="[939,1023,151,177]" pageId="189" pageNumber="190">104°01</geoCoordinate>
’ 
<date box="[1036,1198,150,177]" pageId="189" pageNumber="190" value="2014-04-15" valueMax="2014-04-30" valueMin="2014-04-15">
<collectingDate box="[1036,1198,150,177]" pageId="189" pageNumber="190" value="2014-04-15" valueMax="2014-04-30" valueMin="2014-04-15">15.-30.iv.2014</collectingDate>
</date>
leg. C. Holzschuh— ZFMK 
<collectorName box="[235,319,187,213]" pageId="189" pageNumber="190">Ankauf</collectorName>
2014 
<taxonomicName authority="(ZFMK)" authorityName=": Ahrens" authorityYear="2004" baseAuthorityName="ZFMK" box="[391,611,187,213]" class="Insecta" family="Melolonthidae" genus="Maladera" kingdom="Animalia" order="Coleoptera" pageId="189" pageNumber="190" phylum="Arthropoda" rank="species" species="drescheri">Maladera drescheri</taxonomicName>
” (
<collectionCode box="[636,720,187,213]" country="Germany" httpUri="http://biocol.org/urn:lsid:biocol.org:col:34613" lsid="urn:lsid:biocol.org:col:34613" name="Zoologisches Forschungsmuseum Alexander Koenig" pageId="189" pageNumber="190" type="Museum">ZFMK</collectionCode>
),
</materialsCitation>
<materialsCitation lastPageId="189" lastPageNumber="190" pageId="189" pageNumber="188">
<specimenCount box="[740,783,187,213]" pageId="189" pageNumber="190" type="male">1 ♂</specimenCount>
“X-DA4688 
<collectorName box="[937,991,187,213]" pageId="189" pageNumber="190">Laos</collectorName>
<collectingRegion box="[999,1179,187,213]" country="Laos" name="Houaphan" pageId="189" pageNumber="190">Hua Phan prov.</collectingRegion>
; 
<collectorName box="[1190,1317,187,213]" pageId="189" pageNumber="190">Ban Saleui</collectorName>
, 
<collectorName box="[1329,1436,187,213]" pageId="189" pageNumber="190">
<location LSID="urn:lsid:plazi:treatment:03BD87E66BDAFF78AF89FCF9FD133BF1:8ECB602B6BDCFF78AA2FF8D1FAB53D99" box="[1329,1387,187,213]" country="Laos" county="Phu Phan Mt." latitude="20.2" longLatPrecision="1268" longitude="104.01667" municipality="Phu Phan Mt." name="Phou" pageId="189" pageNumber="190" stateProvince="Houaphan">Phou</location>
Pan
</collectorName>
(
<collectorName box="[160,201,223,249]" pageId="189" pageNumber="190">Mt.</collectorName>
) 
<geoCoordinate box="[217,315,223,249]" degrees="20" direction="north" minutes="12" orientation="latitude" pageId="189" pageNumber="190" precision="925" value="20.2">20°12’N</geoCoordinate>
, 
<geoCoordinate box="[327,411,223,249]" pageId="189" pageNumber="190">104°01</geoCoordinate>
’ 
<date box="[423,585,222,249]" pageId="189" pageNumber="190" value="2014-04-15" valueMax="2014-04-30" valueMin="2014-04-15">
<collectingDate box="[423,585,222,249]" pageId="189" pageNumber="190" value="2014-04-15" valueMax="2014-04-30" valueMin="2014-04-15">15.-30.iv.2014</collectingDate>
</date>
leg. C. Holzschuh—ZFMK 
<collectorName box="[904,988,223,249]" pageId="189" pageNumber="190">Ankauf</collectorName>
2014 
<taxonomicName authority="(ZFMK)" authorityName=": Ahrens" authorityYear="2004" baseAuthorityName="ZFMK" box="[1058,1277,223,249]" class="Insecta" family="Melolonthidae" genus="Maladera" kingdom="Animalia" order="Coleoptera" pageId="189" pageNumber="190" phylum="Arthropoda" rank="species" species="drescheri">Maladera drescheri</taxonomicName>
” (
<collectionCode box="[1300,1384,223,249]" country="Germany" httpUri="http://biocol.org/urn:lsid:biocol.org:col:34613" lsid="urn:lsid:biocol.org:col:34613" name="Zoologisches Forschungsmuseum Alexander Koenig" pageId="189" pageNumber="190" type="Museum">ZFMK</collectionCode>
).
</materialsCitation>
</paragraph>
</subSubSection>
<caption ID-DOI="http://doi.org/10.5281/zenodo.4496424" ID-Zenodo-Dep="4496424" httpUri="https://zenodo.org/record/4496424/files/figure.png" pageId="188" pageNumber="189" startId="188.[151,250,1943,1967]" targetBox="[206,1379,191,1904]" targetPageId="188">
<paragraph blockId="188.[151,1437,1943,2040]" pageId="188" pageNumber="189">
<emphasis bold="true" box="[151,350,1943,1968]" pageId="188" pageNumber="189">FIGURE 43. A–D:</emphasis>
<taxonomicName authority="(Moser, 1913)" baseAuthorityName="Moser" baseAuthorityYear="1913" box="[356,706,1944,1968]" class="Insecta" family="Melolonthidae" genus="Maladera" kingdom="Animalia" order="Coleoptera" pageId="188" pageNumber="189" phylum="Arthropoda" rank="species" species="drescheri">
<emphasis box="[356,557,1944,1968]" italics="true" pageId="188" pageNumber="189">Maladera drescheri</emphasis>
(
<bibRefCitation author="Moser, J." box="[570,700,1944,1968]" pageId="188" pageNumber="189" pagination="271 - 297" refId="ref334202" refString="Moser, J. (1913) Beitrag zur Kenntnis der Melolonthiden. I. Deutsche Entomologische Zeitschrift, 1913, 271 - 297." type="journal article" year="1913">Moser, 1913</bibRefCitation>
)
</taxonomicName>
(Thailand: Bo Klua); 
<emphasis bold="true" box="[931,988,1944,1968]" pageId="188" pageNumber="189">E–H:</emphasis>
<taxonomicName authority="(Brenske, 1897)" baseAuthorityName="Brenske" baseAuthorityYear="1897" box="[995,1276,1944,1968]" class="Insecta" family="Melolonthidae" genus="Maladera" kingdom="Animalia" order="Coleoptera" pageId="188" pageNumber="189" phylum="Arthropoda" rank="species" species="stridula">
<emphasis box="[995,1108,1944,1968]" italics="true" pageId="188" pageNumber="189">M. stridula</emphasis>
(
<bibRefCitation author="Brenske, E." box="[1121,1269,1944,1968]" pageId="188" pageNumber="189" pagination="345 - 468" refId="ref331423" refString="Brenske, E. (1897) Die Serica - Arten der Erde. Berliner Entomologische Zeitschrift, 42, 345 - 468. https: // doi. org / 10.1002 / mmnd. 18970420310" type="journal article" year="1897">Brenske, 1897</bibRefCitation>
)
</taxonomicName>
(Taiwan: Kenting); 
<emphasis bold="true" box="[205,252,1980,2004]" pageId="188" pageNumber="189">I–L:</emphasis>
<taxonomicName authority="Ahrens, Fabrizi &amp; Liu" authorityName="Ahrens, Fabrizi &amp; Liu" authorityYear="2021" box="[259,664,1980,2004]" class="Insecta" family="Melolonthidae" genus="Maladera" kingdom="Animalia" order="Coleoptera" pageId="188" pageNumber="189" phylum="Arthropoda" rank="species" species="ninglangensis" status="sp. n.">
<emphasis box="[259,433,1980,2004]" italics="true" pageId="188" pageNumber="189">M. ninglangensis</emphasis>
Ahrens, Fabrizi &amp; Liu
</taxonomicName>
, 
<taxonomicNameLabel box="[673,728,1980,2003]" pageId="188" pageNumber="189" rank="species">sp. n.</taxonomicNameLabel>
<emphasis bold="true" box="[733,811,1979,2004]" pageId="188" pageNumber="189">A, E, I:</emphasis>
aedeagus, left side lateral view; 
<emphasis bold="true" box="[1140,1230,1979,2004]" pageId="188" pageNumber="189">C, G, K:</emphasis>
aedeagus, right side lateral view; 
<emphasis bold="true" box="[283,360,2016,2040]" pageId="188" pageNumber="189">B, F, J:</emphasis>
parameres, dorsal view; 
<emphasis bold="true" box="[614,702,2016,2040]" pageId="188" pageNumber="189">D, H, L:</emphasis>
habitus. Scale: 0.5 mm. Habitus not to scale.
</paragraph>
</caption>
<subSubSection pageId="189" pageNumber="190" type="description">
<paragraph blockId="189.[151,1437,150,1725]" pageId="189" pageNumber="190">
<emphasis bold="true" box="[199,373,258,284]" pageId="189" pageNumber="190">Redescription.</emphasis>
Length: 9.8–11.0 mm, length of elytra: 7.0– 
<quantity box="[874,962,259,285]" metricMagnitude="-3" metricUnit="m" metricValue="7.6" pageId="189" pageNumber="190" unit="mm" value="7.6">7.6 mm</quantity>
, width: 
<quantity box="[1053,1192,258,285]" metricMagnitude="-3" metricUnit="m" metricValue="6.1" metricValueMax="6.4" metricValueMin="5.8" pageId="189" pageNumber="190" unit="mm" value="6.1" valueMax="6.4" valueMin="5.8">5.8–6.4 mm</quantity>
. Body oval, dark reddish brown, antenna brown, labroclypeus shiny, remainder of dorsal surface dull, with a few short setae on the head and elytra.
</paragraph>
<paragraph blockId="189.[151,1437,150,1725]" pageId="189" pageNumber="190">
Labroclypeus subtrapezoidal, moderately wider than long, widest at base; lateral margins weakly convex and moderately convergent to strongly rounded anterior angles, lateral margin and ocular canthus producing a distinct blunt angle, margins weakly reflexed, anteriorly weakly emarginate medially; surface weakly carinate medially, shiny, coarsely and densely punctate, distance between punctures smaller their diameter, with few long, erect setae anteriorly; frontoclypeal suture weakly impressed and moderately angled medially; smooth area in front of eye approximately three times as wide as long; ocular canthus short and wide, finely punctate, with a terminal seta. Frons dull, with fine, dense punctures, glabrous except for a few single setae beside eyes. Eyes moderately large, ratio of diameter/interocular width: 0.72. Antenna with 10 antennomeres; club with three antennomeres, distinctly longer than remaining antennomeres combined. 
<collectingRegion box="[614,709,655,681]" country="Myanmar" name="Chin" pageId="189" pageNumber="190">Mentum</collectingRegion>
anteriorly elevated and flattened.
</paragraph>
<paragraph blockId="189.[151,1437,150,1725]" pageId="189" pageNumber="190">Pronotum subtrapezoidal, widest at base, lateral margins in basal half subparallel, in anterior half convex and strongly convergent anteriorly, anterior angles distinctly produced; anterior marginal line robust and complete, margin weakly convexly produced medially; basal margin without marginal line; surface finely and densely punctate, with minute setae in punctures only; anterior and lateral margins sparsely setose; hypomeron carinate but not ventrally produced. Scutellum wide, triangular, with fine and dense punctures, each bearing a single very minute seta.</paragraph>
<paragraph blockId="189.[151,1437,150,1725]" pageId="189" pageNumber="190">Elytra oblong, widest at middle, striae weakly impressed, finely and densely punctate; intervals weakly elevated, with fine, dense punctures, odd intervals with a few fine, erect, short setae, otherwise punctures with minute setae; epipleural margin robust, ending at strongly rounded external apical angle of elytra; epipleura densely setose; apical border membraneous, with short microtrichomes.</paragraph>
<paragraph blockId="189.[151,1437,150,1725]" pageId="189" pageNumber="190">Ventral surface dull, metasternum and metacoxa with fine and dense punctures, sparsely setose; metacoxa glabrous except for a few long setae laterally. Mesosternum between mesocoxae as wide as mesofemur. Ratio of length of metepisternum/metacoxa: 1/1.87. Abdominal sternites, in addition to fine and moderately dense punctures, each with a distinct transverse row of coarse punctures each bearing a short and robust seta, punctures with microscopic setae; penultimate sternite apically with a shiny smooth chitinous border, which is one third as long as sternite. Pygidium moderately convex, finely and moderately densely punctate, without smooth midline, punctures with microscopic setae and with a few long setae along apical margin.</paragraph>
<paragraph blockId="189.[151,1437,150,1725]" pageId="189" pageNumber="190">Legs long and moderately wide; femora with two longitudinal rows of setae, finely and sparsely punctate. Metafemur dull, anterior margin acute, lacking an adjacent serrated line, posterior ventral margin medially straight, weakly widened in apical half and not serrate, dorsally not serrated, finely setose. Metatibia moderately wide and long, widest at apex, ratio of width/length: 1/2.3; sharply carinate dorsally, with two groups of spines, basal one at middle, apical one at three quarters of metatibial length, with a few robust spines basally; lateral face longitudinally convex, impunctate except for sparse and fine punctures on dorsal portion; ventral margin serrate, with four equidistant spines; medial face impunctate; apex interiorly near tarsal articulation shallowly concave. Tarsomeres impunctate dorsally, ventrally with sparse, short setae; metatarsomeres ventrally with a strongly serrated ridge, beside which is not a strong longitudinal carina; first metatarsomere slightly shorter than two following tarsomeres combined and slightly longer than dorsal tibial spur. Protibia short, bidentate. All claws symmetrical, feebly curved and long, with normally developed basal tooth.</paragraph>
<paragraph blockId="189.[151,1437,150,1725]" box="[199,679,1663,1689]" pageId="189" pageNumber="190">
Aedeagus: 
<figureCitation box="[324,404,1663,1689]" captionStart="FIGURE 43" captionStartId="188.[151,250,1943,1967]" captionTargetBox="[206,1379,191,1904]" captionTargetId="figure-19@188.[194,1393,181,1919]" captionTargetPageId="188" captionText="FIGURE 43. A–D: Maladera drescheri (Moser, 1913) (Thailand: Bo Klua); E–H: M. stridula (Brenske, 1897) (Taiwan: Kenting); I–L: M. ninglangensis Ahrens, Fabrizi &amp; Liu, sp. n. A, E, I: aedeagus, left side lateral view; C, G, K: aedeagus, right side lateral view; B, F, J: parameres, dorsal view; D, H, L: habitus. Scale: 0.5 mm. Habitus not to scale." figureDoi="http://doi.org/10.5281/zenodo.4496424" httpUri="https://zenodo.org/record/4496424/files/figure.png" pageId="189" pageNumber="190">Fig. 43</figureCitation>
A–C. Habitus: 
<figureCitation box="[573,676,1663,1689]" captionStart="FIGURE 43" captionStartId="188.[151,250,1943,1967]" captionTargetBox="[206,1379,191,1904]" captionTargetId="figure-19@188.[194,1393,181,1919]" captionTargetPageId="188" captionText="FIGURE 43. A–D: Maladera drescheri (Moser, 1913) (Thailand: Bo Klua); E–H: M. stridula (Brenske, 1897) (Taiwan: Kenting); I–L: M. ninglangensis Ahrens, Fabrizi &amp; Liu, sp. n. A, E, I: aedeagus, left side lateral view; C, G, K: aedeagus, right side lateral view; B, F, J: parameres, dorsal view; D, H, L: habitus. Scale: 0.5 mm. Habitus not to scale." figureDoi="http://doi.org/10.5281/zenodo.4496424" httpUri="https://zenodo.org/record/4496424/files/figure.png" pageId="189" pageNumber="190">Fig. 43D</figureCitation>
.
</paragraph>
</subSubSection>
<subSubSection box="[199,717,1698,1725]" pageId="189" pageNumber="190" type="distribution">
<paragraph blockId="189.[151,1437,150,1725]" box="[199,717,1698,1725]" pageId="189" pageNumber="190">
<emphasis bold="true" box="[199,353,1698,1724]" pageId="189" pageNumber="190">Distribution.</emphasis>
See map (
<figureCitation box="[470,565,1699,1725]" captionStart="FIGURE 110" captionStartId="356.[151,250,1963,1987]" captionTargetBox="[203,1384,1135,1933]" captionTargetId="figure-50@356.[196,1391,1129,1940]" captionTargetPageId="356" captionText="FIGURE 110. Distribution of the Maladera drescheri group: Maladera drescheri (Moser, 1913), M. ninglangensis sp. n., M. stridula (Brenske, 1897)." figureDoi="http://doi.org/10.5281/zenodo.4496616" httpUri="https://zenodo.org/record/4496616/files/figure.png" pageId="189" pageNumber="190">Fig. 110</figureCitation>
) and 
<tableCitation box="[627,711,1699,1725]" captionStart="TABLE 1" captionStartId="368.[151,239,544,570]" captionText="TABLE 1. Overview on the distribuition of the Chinese mainland species of Maladera Mulsant &amp; Rey, 1871 (x – records from material examined herein, o – records from literature, with no material of this study)." pageId="189" pageNumber="190">Table 1</tableCitation>
.
</paragraph>
</subSubSection>
</treatment>
</document>