<document ID-DOI="http://doi.org/10.5281/zenodo.4560704" ID-GBIF-Dataset="188411de-569c-4408-a016-1a04b858c142" ID-ISSN="1175-5326" ID-Zenodo-Dep="4560704" ID-ZooBank="D7F9C6A3-9C28-4F4C-8E81-BF24849FDD8C" _generate="added" approvalRequired="33" approvalRequired_for_illustrations="17" approvalRequired_for_treatments="16" checkinTime="1612331093960" checkinUser="plazi" docAuthor="Fabrizi, Silvia, Liu, Wan-Gang, Bai, Ming, Yang, Xing-Ke &amp; Ahrens, Dirk" docDate="2021" docId="03BD87E66B29FF8CAF89FA00FD1E389F" docLanguage="en" docName="zootaxa.4922.1.1.pdf" docOrigin="Zootaxa 4922 (1)" docStyle="DocumentStyle:5EBBA59367AD13919D70D935FA04F6A3.7:Zootaxa.2013-.monograph" docStyleId="5EBBA59367AD13919D70D935FA04F6A3" docStyleName="Zootaxa.2013-.monograph" docStyleVersion="7" docTitle="Maladera verticalis" docType="treatment" docVersion="8" lastPageId="73" lastPageNumber="74" masterDocId="FF84FF9E6B61FFC5AF1EF86AFFDE3D4C" masterDocTitle="A monograph of the genus Maladera Mulsant &amp; Rey, 1871 of China (Coleoptera: Scarabaeidae: Melolonthinae: Sericini)" masterLastPageNumber="400" masterPageNumber="1" pageId="72" pageNumber="73" updateTime="1615983897969" updateUser="diego">
<mods:mods xmlns:mods="http://www.loc.gov/mods/v3">
<mods:titleInfo>
<mods:title>A monograph of the genus Maladera Mulsant &amp; Rey, 1871 of China (Coleoptera: Scarabaeidae: Melolonthinae: Sericini)</mods:title>
</mods:titleInfo>
<mods:name type="personal">
<mods:role>
<mods:roleTerm>Author</mods:roleTerm>
</mods:role>
<mods:namePart>Fabrizi, Silvia</mods:namePart>
<mods:nameIdentifier type="ORCID">0000-0003-3524-7153</mods:nameIdentifier>
<mods:nameIdentifier type="email">ahrens.dirk_col@gmx.de</mods:nameIdentifier>
</mods:name>
<mods:name type="personal">
<mods:role>
<mods:roleTerm>Author</mods:roleTerm>
</mods:role>
<mods:namePart>Liu, Wan-Gang</mods:namePart>
<mods:nameIdentifier type="ORCID">0000-0003-4788-7967</mods:nameIdentifier>
<mods:nameIdentifier type="email">liuwangang@ieecas.cn</mods:nameIdentifier>
</mods:name>
<mods:name type="personal">
<mods:role>
<mods:roleTerm>Author</mods:roleTerm>
</mods:role>
<mods:namePart>Bai, Ming</mods:namePart>
<mods:nameIdentifier type="ORCID">0000-0003-3676-6828</mods:nameIdentifier>
<mods:nameIdentifier type="email">liuwangang@ieecas.cn</mods:nameIdentifier>
</mods:name>
<mods:name type="personal">
<mods:role>
<mods:roleTerm>Author</mods:roleTerm>
</mods:role>
<mods:namePart>Yang, Xing-Ke</mods:namePart>
<mods:nameIdentifier type="ORCID">0000-0003-3676-6828</mods:nameIdentifier>
<mods:nameIdentifier type="email">liuwangang@ieecas.cn</mods:nameIdentifier>
</mods:name>
<mods:name type="personal">
<mods:role>
<mods:roleTerm>Author</mods:roleTerm>
</mods:role>
<mods:namePart>Ahrens, Dirk</mods:namePart>
<mods:nameIdentifier type="ORCID">0000-0003-3524-7153</mods:nameIdentifier>
<mods:nameIdentifier type="email">ahrens.dirk_col@gmx.de</mods:nameIdentifier>
</mods:name>
<mods:typeOfResource>text</mods:typeOfResource>
<mods:relatedItem type="host">
<mods:titleInfo>
<mods:title>Zootaxa</mods:title>
</mods:titleInfo>
<mods:part>
<mods:date>2021</mods:date>
<mods:detail type="pubDate">
<mods:number>2021-02-03</mods:number>
</mods:detail>
<mods:detail type="volume">
<mods:number>4922</mods:number>
</mods:detail>
<mods:detail type="issue">
<mods:number>1</mods:number>
</mods:detail>
<mods:extent unit="page">
<mods:start>1</mods:start>
<mods:end>400</mods:end>
</mods:extent>
</mods:part>
</mods:relatedItem>
<mods:classification>journal article</mods:classification>
<mods:identifier type="DOI">https://doi.org/10.11646/zootaxa.4922.1.1</mods:identifier>
<mods:identifier type="GBIF-Dataset">188411de-569c-4408-a016-1a04b858c142</mods:identifier>
<mods:identifier type="ISSN">1175-5326</mods:identifier>
<mods:identifier type="Zenodo-Dep">4496316</mods:identifier>
<mods:identifier type="ZooBank">D7F9C6A3-9C28-4F4C-8E81-BF24849FDD8C</mods:identifier>
</mods:mods>
<treatment ID-DOI="http://doi.org/10.5281/zenodo.4560704" ID-Zenodo-Dep="4560704" LSID="urn:lsid:plazi:treatment:03BD87E66B29FF8CAF89FA00FD1E389F" httpUri="http://treatment.plazi.org/id/03BD87E66B29FF8CAF89FA00FD1E389F" lastPageId="73" lastPageNumber="74" pageId="72" pageNumber="73">
<subSubSection box="[151,611,618,645]" pageId="72" pageNumber="73" type="nomenclature">
<paragraph blockId="72.[151,611,618,681]" box="[151,611,618,645]" pageId="72" pageNumber="73">
<heading bold="true" box="[151,611,618,645]" fontSize="11" level="2" pageId="72" pageNumber="73" reason="4">
<taxonomicName authority="(Fairmaire, 1888)" baseAuthorityName="Fairmaire" baseAuthorityYear="1888" box="[151,611,618,645]" class="Insecta" family="Melolonthidae" genus="Maladera" kingdom="Animalia" order="Coleoptera" pageId="72" pageNumber="73" phylum="Arthropoda" rank="species" species="verticalis">
<emphasis bold="true" box="[151,611,618,645]" pageId="72" pageNumber="73">
<emphasis bold="true" box="[151,385,618,645]" italics="true" pageId="72" pageNumber="73">Maladera verticalis</emphasis>
(
<bibRefCitation author="Fairmaire, M. L." box="[402,603,618,644]" pageId="72" pageNumber="73" pagination="7 - 46" refId="ref332050" refString="Fairmaire, M. L. (1888) Coleopteres de l'Interieur de la Chine. Annales de la Societe Entomologique de Belgique, 32, 7 - 46." type="journal article" year="1888">Fairmaire, 1888</bibRefCitation>
)
</emphasis>
</taxonomicName>
</heading>
</paragraph>
</subSubSection>
<subSubSection box="[151,367,655,681]" pageId="72" pageNumber="73" type="description">
<paragraph blockId="72.[151,611,618,681]" box="[151,367,655,681]" pageId="72" pageNumber="73">
<figureCitation box="[151,269,655,681]" captionStart="FIGURE 14" captionStartId="69.[151,250,1910,1934]" captionTargetBox="[236,1348,192,1877]" captionTargetId="figure-20@69.[226,1361,181,1886]" captionTargetPageId="69" captionText="FIGURE 14. A–E: Maladera perniciosa (Brenske, 1898) (Vietnam: Lao Cai: Sa Pa); F–J: M. sontica (Brenske, 1898) (Laos: Louangnamtha: Namtha); K–O: M. verticalis (Fairmaire, 1888b) (China: Shaanxi: Houzhenzi). A, F, K: aedeagus, left side lateral view; D, I, N: aedeagus, right side lateral view; B, G, L: aedeagus, dorsal view; C, H, M: left parameres, ventral view; E, J, O: habitus. Scale: 0.5 mm. Habitus not to scale." figureDoi="http://doi.org/10.5281/zenodo.4496344" httpUri="https://zenodo.org/record/4496344/files/figure.png" pageId="72" pageNumber="73">Figures 14</figureCitation>
K–O, 94
</paragraph>
</subSubSection>
<subSubSection pageId="72" pageNumber="73" type="reference_group">
<paragraph blockId="72.[151,1121,716,894]" box="[151,774,716,741]" pageId="72" pageNumber="73">
<treatmentCitationGroup box="[151,774,716,741]" pageId="72" pageNumber="73">
<taxonomicName authority="Fairmaire, 1888 b: 118" authorityName="Fairmaire" authorityPageNumber="118" authorityYear="1888" box="[151,551,716,741]" class="Insecta" family="Melolonthidae" genus="Serica" kingdom="Animalia" order="Coleoptera" pageId="72" pageNumber="73" phylum="Arthropoda" rank="species" species="verticalis">
<emphasis box="[151,316,716,740]" italics="true" pageId="72" pageNumber="73">Serica verticalis</emphasis>
<bibRefCitation author="Fairmaire, M. L." box="[323,488,716,740]" pageId="72" pageNumber="73" pagination="7 - 46" refId="ref332050" refString="Fairmaire, M. L. (1888) Coleopteres de l'Interieur de la Chine. Annales de la Societe Entomologique de Belgique, 32, 7 - 46." type="journal article" year="1888">Fairmaire, 1888</bibRefCitation>
b: 118
</taxonomicName>
; 
<treatmentCitation author="Murayama, J." box="[561,769,716,741]" page="59" pageId="72" pageNumber="73" year="1954">
<bibRefCitation author="Murayama, J." box="[561,769,716,741]" pageId="72" pageNumber="73" refId="ref334675" refString="Murayama, J. (1954) Icones of the Scarabeid-Beetles from Manchuria and Korea. I. Nihon Gakujutu, Shinko-kai, 163 pp." type="book" year="1954">Murayama 1954: 59</bibRefCitation>
</treatmentCitation>
.
</treatmentCitationGroup>
</paragraph>
<paragraph blockId="72.[151,1121,716,894]" box="[151,555,747,772]" pageId="72" pageNumber="73">
<treatmentCitationGroup box="[151,555,747,772]" pageId="72" pageNumber="73">
<taxonomicName authority=": Murayama 1938: 14" authorityName="Murayama" authorityPageNumber="14" authorityYear="1938" box="[151,551,747,772]" family="Melolonthidae" genus="Aserica" kingdom="Animalia" order="Coleoptera" pageId="72" pageNumber="73" rank="species" species="verticalis">
<emphasis box="[151,329,747,771]" italics="true" pageId="72" pageNumber="73">Aserica verticalis</emphasis>
: 
<treatmentCitation author="Murayama, J." box="[343,551,747,772]" page="14" pageId="72" pageNumber="73" year="1938">
<bibRefCitation author="Murayama, J." box="[343,551,747,772]" pageId="72" pageNumber="73" pagination="7 - 21" refId="ref334644" refString="Murayama, J. (1938) Revision des Sericines (Col., Scar.) de la Coree. Annotiones Zoologicae Japonenses, 17, 7 - 21." type="journal article" year="1938">Murayama 1938: 14</bibRefCitation>
</treatmentCitation>
</taxonomicName>
.
</treatmentCitationGroup>
</paragraph>
<paragraph blockId="72.[151,1121,716,894]" box="[151,573,778,802]" pageId="72" pageNumber="73">
<treatmentCitationGroup box="[151,573,778,802]" pageId="72" pageNumber="73">
<taxonomicName authority=": Brenske 1897: 377" authorityName="Brenske" authorityPageNumber="377" authorityYear="1897" box="[151,569,778,802]" class="Insecta" family="Melolonthidae" genus="Autoserica" kingdom="Animalia" order="Coleoptera" pageId="72" pageNumber="73" phylum="Arthropoda" rank="species" species="verticalis">
<emphasis box="[151,361,778,802]" italics="true" pageId="72" pageNumber="73">Autoserica verticalis</emphasis>
: 
<treatmentCitation author="Brenske, E." box="[375,569,778,802]" page="377" pageId="72" pageNumber="73" year="1897">
<bibRefCitation author="Brenske, E." box="[375,569,778,802]" pageId="72" pageNumber="73" pagination="345 - 468" refId="ref331423" refString="Brenske, E. (1897) Die Serica - Arten der Erde. Berliner Entomologische Zeitschrift, 42, 345 - 468. https: // doi. org / 10.1002 / mmnd. 18970420310" type="journal article" year="1897">Brenske 1897: 377</bibRefCitation>
</treatmentCitation>
</taxonomicName>
.
</treatmentCitationGroup>
</paragraph>
<paragraph blockId="72.[151,1121,716,894]" box="[151,1007,808,833]" pageId="72" pageNumber="73">
<treatmentCitationGroup box="[151,1007,808,833]" pageId="72" pageNumber="73">
<taxonomicName authority=": Kim &amp; Lee 1997: 127" authorityName=": Kim &amp; Lee" authorityPageNumber="127" authorityYear="1997" box="[151,592,808,833]" class="Insecta" family="Melolonthidae" genus="Maladera" kingdom="Animalia" order="Coleoptera" pageId="72" pageNumber="73" phylum="Arthropoda" rank="species" species="verticalis">
<emphasis box="[151,351,808,832]" italics="true" pageId="72" pageNumber="73">Maladera verticalis</emphasis>
: 
<treatmentCitation author="Kim, J. I. &amp; Lee, O. J." box="[365,592,808,833]" page="127" pageId="72" pageNumber="73" year="1997">
<bibRefCitation author="Kim, J. I. &amp; Lee, O. J." box="[365,592,808,833]" pageId="72" pageNumber="73" pagination="119 - 135" refId="ref332793" refString="Kim, J. I. &amp; Lee, O. J. (1997) Taxonomic study of Korean Sericinae (Melolonthidae, Coleoptera) II, Genus Maladera. Insecta Koreana, 14, 119 - 135." type="journal article" year="1997">Kim &amp; Lee 1997: 127</bibRefCitation>
</treatmentCitation>
</taxonomicName>
; Kim &amp; Kim 2003: 90; 
<treatmentCitation author="Ahrens, D." box="[832,1004,808,832]" httpUri="http://treatment.plazi.org/id/C9292F433609D1058CE597E9FE1FF95A" page="5" pageId="72" pageNumber="73" year="2007">
<bibRefCitation author="Ahrens, D." box="[832,1004,808,832]" pageId="72" pageNumber="73" pagination="1 - 51" refId="ref330155" refString="Ahrens, D. (2007 b) Taxonomic changes and an updated Catalogue of Palearctic Sericini (Coleoptera: Scarabaeidae: Melolonthinae). Zootaxa, 1504 (1), 1 - 51. https: // doi. org / 10.11646 / zootaxa. 1504.1.1" type="journal article" year="2007">Ahrens 2007b: 5</bibRefCitation>
</treatmentCitation>
.
</treatmentCitationGroup>
</paragraph>
<paragraph blockId="72.[151,1121,716,894]" box="[151,940,839,864]" pageId="72" pageNumber="73">
<treatmentCitationGroup box="[151,940,839,864]" pageId="72" pageNumber="73">
<taxonomicName authority="Kim &amp; Kim, 2003 b: 90" authorityName="Kim &amp; Kim" authorityPageNumber="90" authorityYear="2003" box="[151,682,839,863]" class="Insecta" family="Melolonthidae" genus="Maladera" kingdom="Animalia" order="Coleoptera" pageId="72" pageNumber="73" phylum="Arthropoda" rank="subSpecies" species="castanea" subSpecies="koreana">
<emphasis box="[151,436,839,863]" italics="true" pageId="72" pageNumber="73">Maladera castanea koreana</emphasis>
Kim &amp; Kim, 2003b: 90
</taxonomicName>
; syn by 
<treatmentCitation author="Ahrens, D." box="[765,936,839,863]" page="5" pageId="72" pageNumber="73" year="2007">
<bibRefCitation author="Ahrens, D." box="[765,936,839,863]" pageId="72" pageNumber="73" pagination="1 - 51" refId="ref330155" refString="Ahrens, D. (2007 b) Taxonomic changes and an updated Catalogue of Palearctic Sericini (Coleoptera: Scarabaeidae: Melolonthinae). Zootaxa, 1504 (1), 1 - 51. https: // doi. org / 10.11646 / zootaxa. 1504.1.1" type="journal article" year="2007">Ahrens 2007b: 5</bibRefCitation>
</treatmentCitation>
.
</treatmentCitationGroup>
</paragraph>
<paragraph blockId="72.[151,1121,716,894]" box="[151,1121,870,894]" pageId="72" pageNumber="73">
<treatmentCitationGroup box="[151,1121,870,894]" pageId="72" pageNumber="73">
<treatmentCitation author="Frey, G." box="[151,508,870,894]" page="169" pageId="72" pageNumber="73" year="1972">
<taxonomicName authority="Frey, 1972 a: 169" authorityName="Frey" authorityPageNumber="169" authorityYear="1972" box="[151,508,870,894]" class="Insecta" family="Melolonthidae" genus="Autoserica" kingdom="Animalia" order="Coleoptera" pageId="72" pageNumber="73" phylum="Arthropoda" rank="species" species="hiekei">
<emphasis box="[151,327,870,894]" italics="true" pageId="72" pageNumber="73">Autoserica hiekei</emphasis>
<bibRefCitation author="Frey, G." box="[334,508,870,894]" pageId="72" pageNumber="73" pagination="162 - 177" refId="ref332211" refString="Frey, G. (1972 a) Neue Sericinen der Klapperich-Ausbeute aus Fukien des Alexander Koenig Museum in Bonn (Col., Scarab., Melolonth.). Entomologische Arbeiten aus dem Museum G. Frey, 23, 162 - 177." type="journal article" year="1972">Frey, 1972a: 169</bibRefCitation>
</taxonomicName>
</treatmentCitation>
; 
<taxonomicName authority=": Ahrens" authorityName="Ahrens" box="[518,900,870,894]" class="Insecta" family="Melolonthidae" genus="Maladera" kingdom="Animalia" order="Coleoptera" pageId="72" pageNumber="73" phylum="Arthropoda" rank="species" species="hiekei">
<emphasis box="[518,684,870,894]" italics="true" pageId="72" pageNumber="73">Maladera hiekei</emphasis>
: Ahrens: 2006b: 235
</taxonomicName>
, 2007b: 5, 20, 
<emphasis bold="true" box="[1051,1121,870,894]" pageId="72" pageNumber="73">syn. n.</emphasis>
</treatmentCitationGroup>
</paragraph>
</subSubSection>
<subSubSection pageId="72" pageNumber="73" type="materials_examined">
<paragraph blockId="72.[151,1437,933,2040]" pageId="72" pageNumber="73">
<emphasis bold="true" box="[151,449,933,959]" pageId="72" pageNumber="73">Type material examined.</emphasis>
<materialsCitation collectionCode="MNHN" collectorName="Coll. Leon" location="Pekin" pageId="72" pageNumber="73" specimenCount="1" specimenCount-male="1" stateProvince="Beijing" typeStatus="lectotype">
<typeStatus box="[457,569,934,960]" pageId="72" pageNumber="73">Lectotype</typeStatus>
(
<taxonomicName authorityName=": Kim &amp; Lee" authorityYear="1997" box="[587,691,933,959]" class="Insecta" family="Melolonthidae" genus="Maladera" kingdom="Animalia" order="Coleoptera" pageId="72" pageNumber="73" phylum="Arthropoda" rank="species" species="verticalis">
<emphasis box="[587,691,933,959]" italics="true" pageId="72" pageNumber="73">verticalis</emphasis>
</taxonomicName>
, des. by 
<bibRefCitation author="Ahrens, D." box="[793,958,933,960]" pageId="72" pageNumber="73" refId="ref329946" refString="Ahrens, D. (2006 b) Sericinae. In: Lobl, I. &amp; Smetana, A. (Eds.), Catalogue of Palaearctic Coleoptera. Volume 3. Scarabaeoidea-Scirtoidea-Dascilloidea-Buprestoidea-Byrrhoidea. Apollo Books, Stenstrup, pp. 229 - 248." type="book" year="2006">Ahrens 2006b</bibRefCitation>
): 
<specimenCount box="[977,998,934,960]" pageId="72" pageNumber="73" type="male">♂</specimenCount>
“Museum Paris 1906 
<collectorName box="[1253,1375,933,960]" pageId="72" pageNumber="73">Coll. Leon</collectorName>
Fairmaire/ 
<taxonomicName authority="Motsch." authorityName="Motschulsky" authorityYear="1858" box="[230,514,969,996]" class="Insecta" family="Melolonthidae" genus="Serica" kingdom="Animalia" order="Coleoptera" pageId="72" pageNumber="73" phylum="Arthropoda" rank="species" species="orientalis">
<emphasis box="[230,415,969,996]" italics="true" pageId="72" pageNumber="73">Serica orientalis</emphasis>
Motsch.
</taxonomicName>
<collectingRegion box="[520,583,969,995]" country="China" name="Beijing" pageId="72" pageNumber="73">Pekin</collectingRegion>
/ 
<taxonomicName authority="Frm." authorityName="Fairmaire" authorityYear="1888" box="[599,843,969,996]" class="Insecta" family="Melolonthidae" genus="Serica" kingdom="Animalia" order="Coleoptera" pageId="72" pageNumber="73" phylum="Arthropoda" rank="species" species="verticalis">
<emphasis box="[599,781,969,996]" italics="true" pageId="72" pageNumber="73">Serica verticalis</emphasis>
Frm.
</taxonomicName>
<collectingRegion box="[849,913,969,995]" country="China" name="Beijing" pageId="72" pageNumber="73">Pekin</collectingRegion>
/ Typus” (
<collectionCode box="[1029,1121,969,995]" country="France" httpUri="http://biocol.org/urn:lsid:biocol.org:col:34988" lsid="urn:lsid:biocol.org:col:34988" name="Museum National d'Histoire Naturelle" pageId="72" pageNumber="73">MNHN</collectionCode>
)
</materialsCitation>
. 
<materialsCitation collectionCode="ZMHB" collectorName="Brenske" elevation="915" pageId="72" pageNumber="73" specimenCount="1" specimenCount-male="1" stateProvince="Beijing" typeStatus="holotype">
<typeStatus box="[1139,1243,969,995]" pageId="72" pageNumber="73">Holotype</typeStatus>
(
<taxonomicName box="[1260,1327,969,995]" class="Insecta" family="Melolonthidae" genus="Maladera" kingdom="Animalia" order="Coleoptera" pageId="72" pageNumber="73" phylum="Arthropoda" rank="species" species="hiekei">
<emphasis box="[1260,1327,969,995]" italics="true" pageId="72" pageNumber="73">hiekei</emphasis>
</taxonomicName>
): “Chang Yang near Ichang 
<quantity box="[365,480,1005,1031]" metricMagnitude="2" metricUnit="m" metricValue="9.150096" metricValueMax="18.288" metricValueMin="0.012192" pageId="72" pageNumber="73" unit="ft" value="3002.0" valueMax="6000.0" valueMin="4.0">
<elevation box="[365,480,1005,1031]" metricMagnitude="2" metricUnit="m" metricValue="9.150096" metricValueMax="18.288" metricValueMin="0.012192" pageId="72" pageNumber="73" unit="ft" value="3002.0" valueMax="6000.0" valueMin="4.0">4-6000 ft.</elevation>
</quantity>
V.VII.VIII./ 
<specimenCount box="[632,652,1005,1031]" pageId="72" pageNumber="73" type="male">♂</specimenCount>
/ mit verticalis identisch/ 
<taxonomicName authority="Fairm." authorityName="Fairm." box="[952,1119,1005,1031]" class="Insecta" family="Melolonthidae" genus="Maladera" kingdom="Animalia" order="Coleoptera" pageId="72" pageNumber="73" phylum="Arthropoda" rank="species" species="ovatula">ovatula Fairm.</taxonomicName>
/ coll. 
<collectorName box="[1197,1288,1005,1031]" pageId="72" pageNumber="73">Brenske</collectorName>
/ Type Autoserica 
<taxonomicName authority="G. Frey 1972" authorityName="G. Frey" authorityYear="1972" box="[224,452,1041,1068]" class="Insecta" family="Melolonthidae" genus="Maladera" kingdom="Animalia" order="Coleoptera" pageId="72" pageNumber="73" phylum="Arthropoda" rank="species" species="hiekei">hiekei G. Frey 1972</taxonomicName>
” (
<collectionCode box="[478,565,1041,1067]" pageId="72" pageNumber="73">ZMHB</collectionCode>
)
</materialsCitation>
. 
<materialsCitation collectingDate="1938-03-30" collectionCode="ZMHB" elevation="2300" latitude="27.4" longLatPrecision="742" longitude="-117.4" pageId="72" pageNumber="73" specimenCount="1" specimenCount-female="1" stateProvince="Beijing" typeStatus="paratype">
<typeStatus box="[584,682,1042,1068]" pageId="72" pageNumber="73">Paratype</typeStatus>
(
<taxonomicName authorityName="G. Frey" authorityYear="1972" box="[699,766,1041,1067]" class="Insecta" family="Melolonthidae" genus="Maladera" kingdom="Animalia" order="Coleoptera" pageId="72" pageNumber="73" phylum="Arthropoda" rank="species" species="hiekei">
<emphasis box="[699,766,1041,1067]" italics="true" pageId="72" pageNumber="73">hiekei</emphasis>
</taxonomicName>
): 
<specimenCount box="[791,833,1041,1068]" pageId="72" pageNumber="73" type="female">1 ♀</specimenCount>
“Kuatun (
<quantity box="[951,1032,1041,1067]" metricMagnitude="3" metricUnit="m" metricValue="2.3" pageId="72" pageNumber="73" unit="m" value="2300.0">
<elevation box="[951,1032,1041,1067]" metricMagnitude="3" metricUnit="m" metricValue="2.3" pageId="72" pageNumber="73" unit="m" value="2300.0">2300m</elevation>
</quantity>
) 
<geoCoordinate box="[1048,1134,1041,1068]" degrees="27, 40" direction="north" orientation="latitude" pageId="72" pageNumber="73" precision="555" value="27.4">27,40 n</geoCoordinate>
.Br. 
<geoCoordinate box="[1180,1280,1041,1068]" degrees="117, 40" direction="west" orientation="longitude" pageId="72" pageNumber="73" precision="555" value="-117.4">117,40 ö</geoCoordinate>
.L. 
<date box="[1317,1436,1041,1067]" pageId="72" pageNumber="73" value="1938-03-30">
<collectingDate box="[1317,1436,1041,1067]" pageId="72" pageNumber="73" value="1938-03-30">30.3. 1938</collectingDate>
</date>
(Fukien)” (
<collectionCode box="[275,362,1077,1103]" pageId="72" pageNumber="73">ZMHB</collectionCode>
)
</materialsCitation>
.
</paragraph>
<paragraph blockId="72.[151,1437,933,2040]" pageId="72" pageNumber="73">
<emphasis bold="true" box="[199,564,1113,1139]" pageId="72" pageNumber="73">Additional material examined.</emphasis>
<materialsCitation collectionCode="MZLU" country="China" location="Szetschwan Tschengfu Exp. Stotzner" pageId="72" pageNumber="73" specimenCount="2" specimenCount-male="1">
<emphasis bold="true" box="[570,653,1113,1139]" pageId="72" pageNumber="73">
<collectingCountry box="[570,647,1113,1139]" name="China" pageId="72" pageNumber="73">China</collectingCountry>
:
</emphasis>
<specimenCount box="[660,714,1113,1140]" pageId="72" pageNumber="73" type="generic">1 ex.</specimenCount>
(
<specimenCount box="[729,751,1113,1139]" pageId="72" pageNumber="73" type="male">♂</specimenCount>
) “ 
<location LSID="urn:lsid:plazi:treatment:03BD87E66B29FF8CAF89FA00FD1E389F:8ECB602B6B29FF8DAC16FC33FB77393F" box="[776,1193,1113,1140]" country="China" name="Szetschwan Tschengfu Exp. Stotzner" pageId="72" pageNumber="73">Szetschwan Tschengfu Exp. Stötzner</location>
/ Collectio Coleopterorum Johan Albert Hultgren” (
<collectionCode box="[489,574,1149,1175]" country="Sweden" httpUri="http://biocol.org/urn:lsid:biocol.org:col:34994" lsid="urn:lsid:biocol.org:col:34994" name="Lund University" pageId="72" pageNumber="73">MZLU</collectionCode>
)
</materialsCitation>
, 
<materialsCitation box="[592,1256,1149,1176]" collectingDate="1992-07-02" collectionCode="MZHF" collectorName="O. Bistrom" country="China" location="China" pageId="72" pageNumber="73" specimenCount="2" specimenCount-male="1" stateProvince="Beijing">
<specimenCount box="[592,646,1149,1176]" pageId="72" pageNumber="73" type="generic">1 ex.</specimenCount>
(
<specimenCount box="[661,683,1149,1175]" pageId="72" pageNumber="73" type="male">♂</specimenCount>
) “ 
<location LSID="urn:lsid:plazi:treatment:03BD87E66B29FF8CAF89FA00FD1E389F:8ECB602B6B29FF8DADDDFC17FCD739DB" box="[707,777,1149,1175]" country="China" name="China" pageId="72" pageNumber="73" stateProvince="Beijing">China</location>
<collectingRegion box="[783,858,1149,1175]" country="China" name="Beijing" pageId="72" pageNumber="73">Bejing</collectingRegion>
<date box="[863,961,1149,1175]" pageId="72" pageNumber="73" value="1992-07-02">
<collectingDate box="[863,961,1149,1175]" pageId="72" pageNumber="73" value="1992-07-02">2.7.1992</collectingDate>
</date>
<collectorName box="[967,1091,1149,1175]" pageId="72" pageNumber="73">O. Biström</collectorName>
leg.” (
<collectionCode box="[1164,1248,1149,1175]" pageId="72" pageNumber="73">MZHF</collectionCode>
)
</materialsCitation>
, 
<materialsCitation collectingDate="1998-09-04" collectionCode="CP" collectorName="Murzin &amp; Sinajev" country="China" elevation="1400" latitude="33.583332" location="Mt. Taibei Shan" longLatPrecision="1204" longitude="107.71667" pageId="72" pageNumber="73" specimenCount="2" stateProvince="Shaanxi">
<specimenCount box="[1266,1320,1149,1176]" pageId="72" pageNumber="73" type="generic">2 ex.</specimenCount>
“ 
<collectorName box="[1337,1436,1149,1175]" pageId="72" pageNumber="73">C. China</collectorName>
<geoCoordinate box="[151,250,1185,1212]" degrees="33" direction="north" minutes="35" orientation="latitude" pageId="72" pageNumber="73" precision="925" value="33.583332">33°35’N</geoCoordinate>
, 
<geoCoordinate box="[263,373,1185,1211]" degrees="107" direction="east" minutes="43" orientation="longitude" pageId="72" pageNumber="73" precision="925" value="107.71667">107°43’E</geoCoordinate>
, 
<collectingRegion box="[385,541,1185,1212]" country="China" name="Shaanxi" pageId="72" pageNumber="73">Shaanxi prov.</collectingRegion>
<location LSID="urn:lsid:plazi:treatment:03BD87E66B29FF8CAF89FA00FD1E389F:8ECB602B6B29FF8DAD3AFCC8FD0739F7" box="[548,729,1185,1212]" country="China" latitude="33.583332" longLatPrecision="1204" longitude="107.71667" name="Mt. Taibei Shan" pageId="72" pageNumber="73" stateProvince="Shaanxi">Mt. Taibei Shan</location>
<quantity box="[737,888,1185,1212]" metricMagnitude="3" metricUnit="m" metricValue="1.4" metricValueMax="1.5" metricValueMin="1.3" pageId="72" pageNumber="73" unit="m" value="1400.0" valueMax="1500.0" valueMin="1300.0">
<elevation box="[737,888,1185,1212]" metricMagnitude="3" metricUnit="m" metricValue="1.4" metricValueMax="1.5" metricValueMin="1.3" pageId="72" pageNumber="73" unit="m" value="1400.0" valueMax="1500.0" valueMin="1300.0">1300-1500 m</elevation>
</quantity>
20.8.- 
<date box="[956,1059,1185,1211]" pageId="72" pageNumber="73" value="1998-09-04">
<collectingDate box="[956,1059,1185,1211]" pageId="72" pageNumber="73" value="1998-09-04">4.9.1998</collectingDate>
</date>
leg. 
<collectorName box="[1116,1198,1185,1211]" pageId="72" pageNumber="73">Murzin</collectorName>
&amp; 
<collectorName box="[1236,1323,1185,1211]" pageId="72" pageNumber="73">Sinajev</collectorName>
” (
<collectionCode box="[1349,1388,1185,1211]" pageId="72" pageNumber="73">CP</collectionCode>
)
</materialsCitation>
, 
<materialsCitation collectingDate="1990-07-01" collectingDateMax="1990-07-12" collectingDateMin="1990-07-01" collectionCode="CP" collectorName="Jiri Moravec" country="China" location="China-Shanxi Taiyuan" pageId="72" pageNumber="73" specimenCount="23">
<specimenCount pageId="72" pageNumber="73" type="generic">23 ex.</specimenCount>
“ 
<location LSID="urn:lsid:plazi:treatment:03BD87E66B29FF8CAF89FA00FD1E389F:8ECB602B6B29FF8DAFD7FCAFFE183993" box="[201,454,1221,1247]" country="China" name="China-Shanxi Taiyuan" pageId="72" pageNumber="73">China-Shanxi Taiyuan</location>
<date box="[461,628,1221,1247]" pageId="72" pageNumber="73" value="1990-07-01" valueMax="1990-07-12" valueMin="1990-07-01">
<collectingDate box="[461,628,1221,1247]" pageId="72" pageNumber="73" value="1990-07-01" valueMax="1990-07-12" valueMin="1990-07-01">1.-12.VII.1990</collectingDate>
</date>
leg. 
<collectorName box="[683,828,1221,1247]" pageId="72" pageNumber="73">Jiri Moravec</collectorName>
” (
<collectionCode box="[853,892,1221,1247]" pageId="72" pageNumber="73">CP</collectionCode>
)
</materialsCitation>
, 
<materialsCitation collectingDate="1990-07-02" collectingDateMax="1990-07-03" collectingDateMin="1990-07-02" collectionCode="CP" collectorName="Jiri Moravec" country="China" location="China-Shanxi Taiyuan" pageId="72" pageNumber="73" specimenCount="3">
<specimenCount box="[911,966,1221,1248]" pageId="72" pageNumber="73" type="generic">3 ex.</specimenCount>
“ 
<location LSID="urn:lsid:plazi:treatment:03BD87E66B29FF8CAF89FA00FD1E389F:8ECB602B6B29FF8DACC8FCAFFB0D3993" box="[982,1235,1221,1247]" country="China" name="China-Shanxi Taiyuan" pageId="72" pageNumber="73">China-Shanxi Taiyuan</location>
<date box="[1242,1389,1221,1247]" pageId="72" pageNumber="73" value="1990-07-02" valueMax="1990-07-03" valueMin="1990-07-02">
<collectingDate box="[1242,1389,1221,1247]" pageId="72" pageNumber="73" value="1990-07-02" valueMax="1990-07-03" valueMin="1990-07-02">2-3.VII.1990</collectingDate>
</date>
leg. 
<collectorName box="[151,296,1257,1283]" pageId="72" pageNumber="73">Jiri Moravec</collectorName>
” (
<collectionCode box="[321,360,1257,1283]" pageId="72" pageNumber="73">CP</collectionCode>
)
</materialsCitation>
, 
<materialsCitation collectionCode="CP" collectorName="Local" country="China" elevation="1600" latitude="33.883335" location="Houzhenzi" longLatPrecision="1202" longitude="107.816666" municipality="Taibashan Tsinling Mts." pageId="72" pageNumber="73" specimenCount="66">
<specimenCount box="[379,448,1257,1284]" pageId="72" pageNumber="73" type="generic">66 ex.</specimenCount>
“China-Shaanxi, S 
<collectingMunicipality box="[669,940,1257,1284]" pageId="72" pageNumber="73">Taibashan Tsinling Mts.</collectingMunicipality>
, 
<location LSID="urn:lsid:plazi:treatment:03BD87E66B29FF8CAF89FA00FD1E389F:8ECB602B6B29FF8DACA9FC83FBEE384F" box="[951,1072,1257,1283]" country="China" latitude="33.883335" longLatPrecision="1202" longitude="107.816666" municipality="Taibashan Tsinling Mts." name="Houzhenzi" pageId="72" pageNumber="73">Houzhenzi</location>
vil., 
<geoCoordinate box="[1130,1226,1257,1284]" degrees="33" direction="north" minutes="53" orientation="latitude" pageId="72" pageNumber="73" precision="925" value="33.883335">33°53’N</geoCoordinate>
<geoCoordinate box="[1233,1341,1257,1283]" degrees="107" direction="east" minutes="49" orientation="longitude" pageId="72" pageNumber="73" precision="925" value="107.816666">107°49’E</geoCoordinate>
15.viii.- 15.x. 
<collectorName box="[213,277,1293,1319]" pageId="72" pageNumber="73">Local</collectorName>
collector leg.; 1999; 
<quantity box="[511,591,1293,1319]" metricMagnitude="3" metricUnit="m" metricValue="1.6" pageId="72" pageNumber="73" unit="m" value="1600.0">
<elevation box="[511,591,1293,1319]" metricMagnitude="3" metricUnit="m" metricValue="1.6" pageId="72" pageNumber="73" unit="m" value="1600.0">1600m</elevation>
</quantity>
” (
<collectionCode box="[616,655,1293,1319]" pageId="72" pageNumber="73">CP</collectionCode>
)
</materialsCitation>
, 
<materialsCitation collectingDate="1990-07-20" collectionCode="CP" collectorName="J. Kalab" country="China" location="China" pageId="72" pageNumber="73" specimenCount="2" stateProvince="Beijing">
<specimenCount box="[673,727,1293,1320]" pageId="72" pageNumber="73" type="generic">2 ex.</specimenCount>
“ 
<location LSID="urn:lsid:plazi:treatment:03BD87E66B29FF8CAF89FA00FD1E389F:8ECB602B6B29FF8DADF9FD67FCF1386B" box="[743,815,1293,1319]" country="China" name="China" pageId="72" pageNumber="73" stateProvince="Beijing">China</location>
, 29.6.- 
<date box="[885,1002,1293,1319]" pageId="72" pageNumber="73" value="1990-07-20">
<collectingDate box="[885,1002,1293,1319]" pageId="72" pageNumber="73" value="1990-07-20">20.7.1990</collectingDate>
</date>
<collectingRegion box="[1008,1090,1293,1319]" country="China" name="Beijing" pageId="72" pageNumber="73">Beijing</collectingRegion>
city, Haidan part 
<collectorName box="[1286,1377,1293,1320]" pageId="72" pageNumber="73">J. Kalab</collectorName>
leg.” (
<collectionCode box="[160,199,1329,1355]" pageId="72" pageNumber="73">CP</collectionCode>
)
</materialsCitation>
, 
<materialsCitation collectingDate="1999-08-01" collectingDateMax="1999-08-12" collectingDateMin="1999-08-01" collectionCode="CP" collectorName="V. Siniaev &amp; A. Plutenko" country="China" county="China" elevation="1900" latitude="33.883335" location="Houzhenzi" longLatPrecision="1202" longitude="107.816666" municipality="Taibashan Range" pageId="72" pageNumber="73" specimenCount="22" stateProvince="Shaanxi">
<specimenCount box="[217,285,1329,1356]" pageId="72" pageNumber="73" type="generic">22 ex.</specimenCount>
“ 
<collectingCounty box="[301,373,1329,1355]" pageId="72" pageNumber="73">China</collectingCounty>
, 
<collectingRegion box="[384,477,1329,1355]" country="China" name="Shaanxi" pageId="72" pageNumber="73">Shaanxi</collectingRegion>
, 
<collectingMunicipality box="[487,680,1329,1356]" pageId="72" pageNumber="73">Taibashan Range</collectingMunicipality>
, 
<quantity box="[691,772,1329,1355]" metricMagnitude="3" metricUnit="m" metricValue="1.9" pageId="72" pageNumber="73" unit="m" value="1900.0">
<elevation box="[691,772,1329,1355]" metricMagnitude="3" metricUnit="m" metricValue="1.9" pageId="72" pageNumber="73" unit="m" value="1900.0">1900m</elevation>
</quantity>
, 
<location LSID="urn:lsid:plazi:treatment:03BD87E66B29FF8CAF89FA00FD1E389F:8ECB602B6B29FF8DAC10FD5BFC593807" box="[782,903,1329,1355]" country="China" county="China" latitude="33.883335" longLatPrecision="1202" longitude="107.816666" municipality="Taibashan Range" name="Houzhenzi" pageId="72" pageNumber="73" stateProvince="Shaanxi">Houzhenzi</location>
vill. 
<location LSID="urn:lsid:plazi:treatment:03BD87E66B29FF8CAF89FA00FD1E389F:8ECB602B6B29FF8DACDFFD58FC283800" box="[961,1014,1330,1356]" country="China" county="China" latitude="33.883335" longLatPrecision="1202" longitude="107.816666" municipality="Taibashan Range" name="Env." pageId="72" pageNumber="73" stateProvince="Shaanxi">Env.</location>
, 
<date box="[1024,1183,1329,1355]" pageId="72" pageNumber="73" value="1999-08-01" valueMax="1999-08-12" valueMin="1999-08-01">
<collectingDate box="[1024,1183,1329,1355]" pageId="72" pageNumber="73" value="1999-08-01" valueMax="1999-08-12" valueMin="1999-08-01">1-12.viii.1999</collectingDate>
</date>
<geoCoordinate box="[1189,1286,1329,1356]" degrees="33" direction="north" minutes="53" orientation="latitude" pageId="72" pageNumber="73" precision="925" value="33.883335">33°53’N</geoCoordinate>
<geoCoordinate box="[1292,1403,1329,1355]" degrees="107" direction="east" minutes="49" orientation="longitude" pageId="72" pageNumber="73" precision="925" value="107.816666">107°49’E</geoCoordinate>
, 
<collectorName pageId="72" pageNumber="73">V. Siniaev</collectorName>
&amp; 
<collectorName box="[269,404,1365,1392]" pageId="72" pageNumber="73">A. Plutenko</collectorName>
lgt.” (
<collectionCode box="[474,513,1365,1391]" pageId="72" pageNumber="73">CP</collectionCode>
)
</materialsCitation>
, 
<materialsCitation box="[533,1290,1365,1392]" collectingDate="2000-05-25" collectionCode="CP" collectorName="E. Kucera" country="China" location="China-Shaanxi Lueang" pageId="72" pageNumber="73" specimenCount="4">
<specimenCount box="[533,588,1365,1392]" pageId="72" pageNumber="73" type="generic">4 ex.</specimenCount>
“ 
<location LSID="urn:lsid:plazi:treatment:03BD87E66B29FF8CAF89FA00FD1E389F:8ECB602B6B29FF8DAD42FD3FFCBE383C" box="[604,864,1365,1392]" country="China" name="China-Shaanxi Lueang" pageId="72" pageNumber="73">China-Shaanxi Lüeang</location>
22.5.- 
<date box="[931,1048,1365,1392]" pageId="72" pageNumber="73" value="2000-05-25">
<collectingDate box="[931,1048,1365,1392]" pageId="72" pageNumber="73" value="2000-05-25">25.5.2000</collectingDate>
</date>
leg. 
<collectorName box="[1104,1219,1365,1392]" pageId="72" pageNumber="73">E. Kucera</collectorName>
” (
<collectionCode box="[1243,1282,1365,1391]" pageId="72" pageNumber="73">CP</collectionCode>
)
</materialsCitation>
, 
<materialsCitation collectingDate="1990-05" collectionCode="ZFMK" country="China" pageId="72" pageNumber="73" specimenCount="1" specimenCount-male="1">
<specimenCount box="[1302,1344,1365,1392]" pageId="72" pageNumber="73" type="male">1 ♂</specimenCount>
“S. Korea 
<date box="[192,272,1401,1427]" pageId="72" pageNumber="73" value="1990-05">
<collectingDate box="[192,272,1401,1427]" pageId="72" pageNumber="73" value="1990-05">V.1990</collectingDate>
</date>
Jangsungpo K. Zahradka lgt.” (
<collectionCode box="[631,715,1401,1427]" country="Germany" httpUri="http://biocol.org/urn:lsid:biocol.org:col:34613" lsid="urn:lsid:biocol.org:col:34613" name="Zoologisches Forschungsmuseum Alexander Koenig" pageId="72" pageNumber="73" type="Museum">ZFMK</collectionCode>
)
</materialsCitation>
, 
<materialsCitation collectingDate="1990-07-28" collectionCode="ZFMK" collectorName="R. Dunda" country="China" location="Hua Shan" municipality="China-Shaanxi prov." pageId="72" pageNumber="73" specimenCount="1" specimenCount-male="1">
<specimenCount box="[734,777,1401,1428]" pageId="72" pageNumber="73" type="male">1 ♂</specimenCount>
“ 
<collectingMunicipality box="[794,1028,1401,1428]" pageId="72" pageNumber="73">China-Shaanxi prov.</collectingMunicipality>
<location LSID="urn:lsid:plazi:treatment:03BD87E66B29FF8CAF89FA00FD1E389F:8ECB602B6B29FF8DAB15FD10FBA738DF" box="[1035,1145,1401,1428]" country="China" municipality="China-Shaanxi prov." name="Hua Shan" pageId="72" pageNumber="73">Hua Shan</location>
<date box="[1152,1264,1401,1427]" pageId="72" pageNumber="73" value="1990-07-28">
<collectingDate box="[1152,1264,1401,1427]" pageId="72" pageNumber="73" value="1990-07-28">28.7.1990</collectingDate>
</date>
<collectorName box="[1272,1380,1401,1428]" pageId="72" pageNumber="73">R. Dunda</collectorName>
lgt.” (
<collectionCode box="[159,243,1437,1463]" country="Germany" httpUri="http://biocol.org/urn:lsid:biocol.org:col:34613" lsid="urn:lsid:biocol.org:col:34613" name="Zoologisches Forschungsmuseum Alexander Koenig" pageId="72" pageNumber="73" type="Museum">ZFMK</collectionCode>
)
</materialsCitation>
, 
<materialsCitation box="[261,1107,1437,1464]" collectionCode="ZFMK" collectorName="M. Nikodym" country="China" location="Haidian" municipality="China" pageId="72" pageNumber="73" specimenCount="9" stateProvince="Beijing">
<specimenCount box="[261,315,1437,1464]" pageId="72" pageNumber="73" type="generic">9 ex.</specimenCount>
“ 
<collectingMunicipality box="[331,401,1437,1463]" pageId="72" pageNumber="73">China</collectingMunicipality>
<collectingRegion box="[407,489,1437,1463]" country="China" name="Beijing" pageId="72" pageNumber="73">Beijing</collectingRegion>
city 
<location LSID="urn:lsid:plazi:treatment:03BD87E66B29FF8CAF89FA00FD1E389F:8ECB602B6B29FF8DAD3EFDF7FDA738FB" box="[544,633,1437,1463]" country="China" municipality="China" name="Haidian" pageId="72" pageNumber="73" stateProvince="Beijing">Haidian</location>
29-30.6. 
<collectorName box="[739,884,1437,1464]" pageId="72" pageNumber="73">M. Nikodym</collectorName>
lgt. 1990” (
<collectionCode box="[1015,1099,1437,1463]" country="Germany" httpUri="http://biocol.org/urn:lsid:biocol.org:col:34613" lsid="urn:lsid:biocol.org:col:34613" name="Zoologisches Forschungsmuseum Alexander Koenig" pageId="72" pageNumber="73" type="Museum">ZFMK</collectionCode>
)
</materialsCitation>
, 
<materialsCitation collectingDate="2003-10-01" collectionCode="ZFMK" country="China" location="Baimianshan Yanling" pageId="72" pageNumber="73" specimenCount="3">
<specimenCount box="[1117,1172,1437,1464]" pageId="72" pageNumber="73" type="generic">3 ex.</specimenCount>
“ 
<location LSID="urn:lsid:plazi:treatment:03BD87E66B29FF8CAF89FA00FD1E389F:8ECB602B6B29FF8DABBDFDF7FA4638FB" box="[1187,1432,1437,1463]" country="China" name="Baimianshan Yanling" pageId="72" pageNumber="73">Baimianshan Yanling</location>
, F-Henugu, 
<date box="[279,385,1473,1499]" pageId="72" pageNumber="73" value="2003-10-01">
<collectingDate box="[279,385,1473,1499]" pageId="72" pageNumber="73" value="2003-10-01">1.X.2003</collectingDate>
</date>
, Leg. Li 
<emphasis box="[486,542,1473,1499]" italics="true" pageId="72" pageNumber="73">et al.</emphasis>
” (
<collectionCode box="[568,652,1473,1499]" country="Germany" httpUri="http://biocol.org/urn:lsid:biocol.org:col:34613" lsid="urn:lsid:biocol.org:col:34613" name="Zoologisches Forschungsmuseum Alexander Koenig" pageId="72" pageNumber="73" type="Museum">ZFMK</collectionCode>
)
</materialsCitation>
, 
<materialsCitation collectingDate="2009-07-02" collectingDateMax="2009-07-12" collectingDateMin="2009-07-02" collectionCode="ZFMK" collectorName="Ankauf" country="China" county="China" elevation="2061" location="Chifeng" municipality="Mt. Daquangdingzishan" pageId="72" pageNumber="73" specimenCount="4" stateProvince="Nei Mongol">
<specimenCount box="[671,725,1473,1500]" pageId="72" pageNumber="73" type="generic">4 ex.</specimenCount>
“ 
<collectingCounty box="[742,815,1473,1499]" pageId="72" pageNumber="73">China</collectingCounty>
: 
<collectingRegion box="[826,1001,1473,1500]" country="China" name="Nei Mongol" pageId="72" pageNumber="73">Inner Mongolia</collectingRegion>
<collectingMunicipality box="[1007,1276,1473,1500]" pageId="72" pageNumber="73">Mt. Daquangdingzishan</collectingMunicipality>
(
<quantity box="[1291,1371,1473,1500]" metricMagnitude="3" metricUnit="m" metricValue="2.061" pageId="72" pageNumber="73" unit="m" value="2061.0">
<elevation box="[1291,1371,1473,1500]" metricMagnitude="3" metricUnit="m" metricValue="2.061" pageId="72" pageNumber="73" unit="m" value="2061.0">2061m</elevation>
</quantity>
) 
<location LSID="urn:lsid:plazi:treatment:03BD87E66B29FF8CAF89FA00FD1E389F:8ECB602B6B29FF8DAA74FDABFF1738B3" country="China" county="China" municipality="Mt. Daquangdingzishan" name="Chifeng" pageId="72" pageNumber="73" stateProvince="Nei Mongol">Chifeng</location>
<date box="[207,358,1509,1535]" pageId="72" pageNumber="73" value="2009-07-02" valueMax="2009-07-12" valueMin="2009-07-02">
<collectingDate box="[207,358,1509,1535]" pageId="72" pageNumber="73" value="2009-07-02" valueMax="2009-07-12" valueMin="2009-07-02">2-12.vii.2009</collectingDate>
</date>
local coll. 
<collectorName box="[478,562,1509,1535]" pageId="72" pageNumber="73">Ankauf</collectorName>
via Li Jingke 2010” (
<collectionCode box="[802,886,1509,1535]" country="Germany" httpUri="http://biocol.org/urn:lsid:biocol.org:col:34613" lsid="urn:lsid:biocol.org:col:34613" name="Zoologisches Forschungsmuseum Alexander Koenig" pageId="72" pageNumber="73" type="Museum">ZFMK</collectionCode>
)
</materialsCitation>
, 
<materialsCitation collectionCode="USNM" country="China" elevation="518" location="Jul." pageId="72" pageNumber="73" specimenCount="3">
<specimenCount box="[904,958,1509,1536]" pageId="72" pageNumber="73" type="generic">3 ex.</specimenCount>
“Szechwan China DC Graham 
<quantity box="[1310,1391,1509,1535]" metricMagnitude="2" metricUnit="m" metricValue="5.1816" pageId="72" pageNumber="73" unit="ft" value="1700.0">
<elevation box="[1310,1391,1509,1535]" metricMagnitude="2" metricUnit="m" metricValue="5.1816" pageId="72" pageNumber="73" unit="ft" value="1700.0">1700ft.</elevation>
</quantity>
<location LSID="urn:lsid:plazi:treatment:03BD87E66B29FF8CAF89FA00FD1E389F:8ECB602B6B29FF8DAA6AFD8FFA4338B3" box="[1396,1437,1509,1535]" country="China" name="Jul." pageId="72" pageNumber="73">Jul.</location>
12-14/ Chengtu 1933” (
<collectionCode box="[414,501,1545,1571]" country="USA" httpUri="http://biocol.org/urn:lsid:biocol.org:col:34871" lsid="urn:lsid:biocol.org:col:34871" name="Smithsonian Institution, National Museum of Natural History" pageId="72" pageNumber="73" type="Museum">USNM</collectionCode>
)
</materialsCitation>
, 
<materialsCitation box="[518,1432,1545,1572]" collectionCode="USNM" country="China" elevation="518" pageId="72" pageNumber="73" specimenCount="2">
<specimenCount box="[518,572,1545,1572]" pageId="72" pageNumber="73" type="generic">2 ex.</specimenCount>
“Szechwan China DC Graham VI-1-20 alt. 
<quantity box="[1060,1140,1545,1571]" metricMagnitude="2" metricUnit="m" metricValue="5.1816" pageId="72" pageNumber="73" unit="ft" value="1700.0">
<elevation box="[1060,1140,1545,1571]" metricMagnitude="2" metricUnit="m" metricValue="5.1816" pageId="72" pageNumber="73" unit="ft" value="1700.0">1700ft.</elevation>
</quantity>
/ Chengtu 1933” (
<collectionCode box="[1338,1425,1545,1571]" country="USA" httpUri="http://biocol.org/urn:lsid:biocol.org:col:34871" lsid="urn:lsid:biocol.org:col:34871" name="Smithsonian Institution, National Museum of Natural History" pageId="72" pageNumber="73" type="Museum">USNM</collectionCode>
)
</materialsCitation>
, 
<materialsCitation box="[151,911,1581,1608]" collectionCode="USNM" country="China" location="Mt. Omei" pageId="72" pageNumber="73" specimenCount="1">
<specimenCount box="[151,206,1581,1608]" pageId="72" pageNumber="73" type="generic">1 ex.</specimenCount>
“ 
<location LSID="urn:lsid:plazi:treatment:03BD87E66B29FF8CAF89FA00FD1E389F:8ECB602B6B29FF8DAFFEFE47FE913B0B" box="[224,335,1581,1607]" country="China" name="Mt. Omei" pageId="72" pageNumber="73">Mt. Omei</location>
&amp; vicinity Szechuen China ‘22 Graham” (
<collectionCode box="[816,903,1581,1607]" country="USA" httpUri="http://biocol.org/urn:lsid:biocol.org:col:34871" lsid="urn:lsid:biocol.org:col:34871" name="Smithsonian Institution, National Museum of Natural History" pageId="72" pageNumber="73" type="Museum">USNM</collectionCode>
)
</materialsCitation>
, 
<materialsCitation collectingDate="1928-06" collectionCode="USNM" country="China" location="China" pageId="72" pageNumber="73" specimenCount="2" stateProvince="Tianjin">
<specimenCount box="[923,978,1581,1608]" pageId="72" pageNumber="73" type="generic">2 ex.</specimenCount>
“ 
<collectingRegion box="[994,1088,1581,1607]" country="China" name="Tianjin" pageId="72" pageNumber="73">Tientsin</collectingRegion>
<location LSID="urn:lsid:plazi:treatment:03BD87E66B29FF8CAF89FA00FD1E389F:8ECB602B6B29FF8DAB59FE47FB573B0B" box="[1095,1161,1581,1607]" country="China" name="China" pageId="72" pageNumber="73" stateProvince="Tianjin">China</location>
/ 
<date box="[1178,1291,1581,1608]" pageId="72" pageNumber="73" value="1928-06">
<collectingDate box="[1178,1291,1581,1608]" pageId="72" pageNumber="73" value="1928-06">June 1928</collectingDate>
</date>
/ Rec’d from H.T. Feng” (
<collectionCode box="[297,384,1617,1643]" country="USA" httpUri="http://biocol.org/urn:lsid:biocol.org:col:34871" lsid="urn:lsid:biocol.org:col:34871" name="Smithsonian Institution, National Museum of Natural History" pageId="72" pageNumber="73" type="Museum">USNM</collectionCode>
)
</materialsCitation>
, 
<materialsCitation box="[406,912,1617,1644]" collectingDate="1965-07-09" collectionCode="IZAS" country="China" location="Guangdong" pageId="72" pageNumber="73" specimenCount="2" specimenCount-female="1" specimenCount-male="1" stateProvince="Guangdong">
<specimenCount box="[406,453,1617,1644]" pageId="72" pageNumber="73" type="male">1 ♂</specimenCount>
, 
<specimenCount box="[468,513,1617,1644]" pageId="72" pageNumber="73" type="female">1 ♀</specimenCount>
“ 
<collectingRegion box="[533,669,1617,1643]" country="China" name="Guangdong" pageId="72" pageNumber="73">Guangdong</collectingRegion>
, 
<date box="[683,808,1617,1644]" pageId="72" pageNumber="73" value="1965-07-09">
<collectingDate box="[683,808,1617,1644]" pageId="72" pageNumber="73" value="1965-07-09">9.VII.1965</collectingDate>
</date>
” (
<collectionCode box="[836,903,1617,1643]" country="0" httpUri="http://grbio.org/cool/043p-ts4f" name="Institut Zoologii Akademii Nauk Ukraini - Institute of Zoology of the Academy of Sciences of Ukraine" pageId="72" pageNumber="73">IZAS</collectionCode>
)
</materialsCitation>
, 
<materialsCitation collectingDate="1960-08-02" collectionCode="IZAS" collectorName="Zhang Yiran" country="China" county="San'gang" location="Chong'an" municipality="Xingcun" pageId="72" pageNumber="73" specimenCount="1" specimenCount-male="1" stateProvince="Fujian">
<specimenCount box="[926,971,1617,1644]" pageId="72" pageNumber="73" type="male">1 ♂</specimenCount>
“ 
<collectingCounty box="[992,1103,1617,1643]" pageId="72" pageNumber="73">San’gang</collectingCounty>
, 
<collectingMunicipality box="[1117,1216,1617,1643]" pageId="72" pageNumber="73">Xingcun</collectingMunicipality>
, 
<location LSID="urn:lsid:plazi:treatment:03BD87E66B29FF8CAF89FA00FD1E389F:8ECB602B6B29FF8DABD0FE3BFAE13B27" box="[1230,1343,1617,1643]" country="China" county="San'gang" municipality="Xingcun" name="Chong'an" pageId="72" pageNumber="73" stateProvince="Fujian">Chong’an</location>
, 
<collectingRegion box="[1358,1433,1617,1643]" country="China" name="Fujian" pageId="72" pageNumber="73">Fujian</collectingRegion>
, 
<date box="[151,286,1653,1679]" pageId="72" pageNumber="73" value="1960-08-02">
<collectingDate box="[151,286,1653,1679]" pageId="72" pageNumber="73" value="1960-08-02">
2.VIII. 
<quantity box="[226,286,1653,1679]" metricMagnitude="6" metricUnit="m" metricValue="1.96074" pageId="72" pageNumber="73" unit="m" value="1960740.0">1960</quantity>
</collectingDate>
</date>
, 740m, leg. 
<collectorName box="[429,573,1653,1679]" pageId="72" pageNumber="73">Zhang Yiran</collectorName>
” (
<collectionCode box="[600,667,1653,1679]" country="0" httpUri="http://grbio.org/cool/043p-ts4f" name="Institut Zoologii Akademii Nauk Ukraini - Institute of Zoology of the Academy of Sciences of Ukraine" pageId="72" pageNumber="73">IZAS</collectionCode>
)
</materialsCitation>
, 
<materialsCitation box="[688,1340,1653,1680]" collectingDate="1962-06-28" collectionCode="IZAS" country="China" location="Mts. Badaling" pageId="72" pageNumber="73" specimenCount="1" specimenCount-male="1" stateProvince="Beijing">
<specimenCount box="[688,732,1653,1680]" pageId="72" pageNumber="73" type="male">1 ♂</specimenCount>
“ 
<location LSID="urn:lsid:plazi:treatment:03BD87E66B29FF8CAF89FA00FD1E389F:8ECB602B6B29FF8DADEEFE1FFC4B3BC3" box="[752,917,1653,1679]" country="China" name="Mts. Badaling" pageId="72" pageNumber="73" stateProvince="Beijing">Mts. Badaling</location>
, 
<collectingRegion box="[930,1015,1653,1679]" country="China" name="Beijing" pageId="72" pageNumber="73">Beijing</collectingRegion>
, 
<date box="[1028,1159,1653,1679]" pageId="72" pageNumber="73" value="1962-06-28">
<collectingDate box="[1028,1159,1653,1679]" pageId="72" pageNumber="73" value="1962-06-28">
28.VI. 
<quantity box="[1098,1159,1653,1679]" metricMagnitude="6" metricUnit="m" metricValue="1.9627" pageId="72" pageNumber="73" unit="m" value="1962700.0">1962</quantity>
</collectingDate>
</date>
, 700m” (
<collectionCode box="[1265,1332,1653,1679]" country="0" httpUri="http://grbio.org/cool/043p-ts4f" name="Institut Zoologii Akademii Nauk Ukraini - Institute of Zoology of the Academy of Sciences of Ukraine" pageId="72" pageNumber="73">IZAS</collectionCode>
)
</materialsCitation>
, 
<materialsCitation collectionCode="NMPC" collectorName="J. Klapperich" country="China" location="Schanghai" pageId="72" pageNumber="73" specimenCount="1" specimenCount-male="1" stateProvince="Shanghai">
<specimenCount box="[1353,1397,1653,1680]" pageId="72" pageNumber="73" type="male">1 ♂</specimenCount>
“ 
<collectorName pageId="72" pageNumber="73">J. Klapperich</collectorName>
<collectingRegion box="[285,402,1689,1715]" country="China" name="Shanghai" pageId="72" pageNumber="73">Schanghai</collectingRegion>
Kiangsu 16.7.38” (
<collectionCode box="[626,711,1689,1715]" country="Czech Republic" httpUri="http://grbio.org/cool/hj12-2xm7" name="National Museum Prague" pageId="72" pageNumber="73">NMPC</collectionCode>
)
</materialsCitation>
, 
<materialsCitation box="[732,1048,1689,1716]" collectionCode="ZMHB" country="China" location="Tschekiang" pageId="72" pageNumber="73" specimenCount="1" specimenCount-male="1">
<specimenCount box="[732,776,1689,1716]" pageId="72" pageNumber="73" type="male">1 ♂</specimenCount>
“ 
<location LSID="urn:lsid:plazi:treatment:03BD87E66B29FF8CAF89FA00FD1E389F:8ECB602B6B29FF8DAC04FEF3FC413BFF" box="[794,927,1689,1715]" country="China" name="Tschekiang" pageId="72" pageNumber="73">Tschekiang</location>
” (
<collectionCode box="[954,1040,1689,1715]" pageId="72" pageNumber="73">ZMHB</collectionCode>
)
</materialsCitation>
, 
<materialsCitation box="[1061,1432,1689,1716]" collectionCode="ZMHB" country="China" location="Tu-kiang" pageId="72" pageNumber="73" specimenCount="1" specimenCount-male="1" stateProvince="Gansu">
<specimenCount box="[1061,1105,1689,1716]" pageId="72" pageNumber="73" type="male">1 ♂</specimenCount>
“ 
<collectingRegion box="[1124,1198,1689,1715]" country="China" name="Gansu" pageId="72" pageNumber="73">Kansu</collectingRegion>
<location LSID="urn:lsid:plazi:treatment:03BD87E66B29FF8CAF89FA00FD1E389F:8ECB602B6B29FF8DABA9FEF3FAFE3BFF" box="[1207,1312,1689,1715]" country="China" name="Tu-kiang" pageId="72" pageNumber="73" stateProvince="Gansu">Tu-kiang</location>
” (
<collectionCode box="[1338,1424,1689,1715]" pageId="72" pageNumber="73">ZMHB</collectionCode>
)
</materialsCitation>
, 
<materialsCitation collectingDate="2013-06-16" collectionCode="SNUC" collectorName="Dai &amp; Peng" country="China" county="Yuexi County" elevation="1050" latitude="30.984722" location="An'hui" longLatPrecision="20" longitude="116.07806" municipality="China" pageId="72" pageNumber="73" specimenCount="1" specimenCount-male="1">
<specimenCount box="[151,194,1725,1752]" pageId="72" pageNumber="73" type="male">1 ♂</specimenCount>
“ 
<collectingMunicipality box="[212,285,1725,1751]" pageId="72" pageNumber="73">China</collectingMunicipality>
: 
<location LSID="urn:lsid:plazi:treatment:03BD87E66B29FF8CAF89FA00FD1E389F:8ECB602B6B29FF8DAE39FED7FEA73B9B" box="[295,377,1725,1751]" country="China" county="Yuexi County" latitude="30.984722" longLatPrecision="20" longitude="116.07806" municipality="China" name="An'hui" pageId="72" pageNumber="73">An’hui</location>
, 
<collectingCounty box="[387,544,1725,1751]" pageId="72" pageNumber="73">Yuexi County</collectingCounty>
, Yaoluoping N.R., nr. 
<location LSID="urn:lsid:plazi:treatment:03BD87E66B29FF8CAF89FA00FD1E389F:8ECB602B6B29FF8DAC02FED4FCBB3B94" box="[796,869,1726,1752]" country="China" county="Yuexi County" latitude="30.984722" longLatPrecision="20" longitude="116.07806" municipality="China" name="Resort" pageId="72" pageNumber="73">Resort</location>
<geoCoordinate box="[876,1020,1725,1752]" degrees="30" direction="north" minutes="59" orientation="latitude" pageId="72" pageNumber="73" precision="15" seconds="05" value="30.984722">30°59’05’’N</geoCoordinate>
, 
<geoCoordinate box="[1032,1183,1725,1751]" degrees="116" direction="east" minutes="04" orientation="longitude" pageId="72" pageNumber="73" precision="15" seconds="41" value="116.07806">116°04’41’’E</geoCoordinate>
<collectingMethod box="[1191,1296,1725,1752]" pageId="72" pageNumber="73">light trap</collectingMethod>
, alt. 
<quantity box="[1351,1436,1725,1752]" metricMagnitude="3" metricUnit="m" metricValue="1.05" pageId="72" pageNumber="73" unit="m" value="1050.0">
<elevation box="[1351,1436,1725,1752]" metricMagnitude="3" metricUnit="m" metricValue="1.05" pageId="72" pageNumber="73" unit="m" value="1050.0">1050 m</elevation>
</quantity>
<date box="[151,273,1761,1787]" pageId="72" pageNumber="73" value="2013-06-16">
<collectingDate box="[151,273,1761,1787]" pageId="72" pageNumber="73" value="2013-06-16">16.vi.2013</collectingDate>
</date>
, 
<collectorName box="[286,326,1761,1787]" pageId="72" pageNumber="73">Dai</collectorName>
&amp; 
<collectorName box="[365,421,1762,1788]" pageId="72" pageNumber="73">Peng</collectorName>
leg.” (
<collectionCode box="[500,580,1761,1787]" pageId="72" pageNumber="73">SNUC</collectionCode>
)
</materialsCitation>
, 
<materialsCitation collectingDate="2003-08" collectionCode="ZFMK" collectorName="Li" country="China" county="China" location="Pingjiang" municipality="Mupu Mt." pageId="72" pageNumber="73" specimenCount="2" specimenCount-female="1" specimenCount-male="1" stateProvince="Hunan">
<specimenCount box="[601,646,1761,1788]" pageId="72" pageNumber="73" type="male">1 ♂</specimenCount>
, 
<specimenCount box="[660,703,1761,1788]" pageId="72" pageNumber="73" type="female">1 ♀</specimenCount>
“ 
<collectingCounty box="[722,795,1761,1787]" pageId="72" pageNumber="73">China</collectingCounty>
: 
<collectingRegion box="[807,885,1762,1788]" country="China" name="Hunan" pageId="72" pageNumber="73">Hunan</collectingRegion>
; 
<collectingMunicipality box="[898,1013,1762,1788]" pageId="72" pageNumber="73">Mupu Mt.</collectingMunicipality>
1600M, 
<location LSID="urn:lsid:plazi:treatment:03BD87E66B29FF8CAF89FA00FD1E389F:8ECB602B6B29FF8DAB40FE8BFB173BB7" box="[1118,1225,1761,1787]" country="China" county="China" municipality="Mupu Mt." name="Pingjiang" pageId="72" pageNumber="73" stateProvince="Hunan">Pingjiang</location>
<date box="[1233,1349,1761,1787]" pageId="72" pageNumber="73" value="2003-08">
<collectingDate box="[1233,1349,1761,1787]" pageId="72" pageNumber="73" value="2003-08">VIII-2003</collectingDate>
</date>
, leg. 
<collectorName box="[1411,1436,1761,1787]" pageId="72" pageNumber="73">Li</collectorName>
<emphasis box="[151,208,1797,1823]" italics="true" pageId="72" pageNumber="73">et al.</emphasis>
” (
<collectionCode box="[236,320,1797,1823]" country="Germany" httpUri="http://biocol.org/urn:lsid:biocol.org:col:34613" lsid="urn:lsid:biocol.org:col:34613" name="Zoologisches Forschungsmuseum Alexander Koenig" pageId="72" pageNumber="73" type="Museum">ZFMK</collectionCode>
)
</materialsCitation>
, 
<materialsCitation collectingDate="2012-06-03" collectingDateMax="2012-06-10" collectingDateMin="2012-06-03" collectionCode="ZFMK" collectorName="M. Murzin" country="China" elevation="2500" latitude="32.0465" location="China" longLatPrecision="6" longitude="103.0168" pageId="72" pageNumber="73" specimenCount="1" specimenCount-male="1" stateProvince="Sichuan">
<specimenCount box="[340,383,1797,1824]" pageId="72" pageNumber="73" type="male">1 ♂</specimenCount>
“X-AD3572/ X-AD3572 
<location LSID="urn:lsid:plazi:treatment:03BD87E66B29FF8CAF89FA00FD1E389F:8ECB602B6B29FF8DADB8FF6FFD323A53" box="[678,748,1797,1823]" country="China" latitude="32.0465" longLatPrecision="6" longitude="103.0168" name="China" pageId="72" pageNumber="73" stateProvince="Sichuan">China</location>
, 
<collectingRegion box="[760,918,1797,1824]" country="China" name="Sichuan" pageId="72" pageNumber="73">Sichuan prov.</collectingRegion>
, 
<locationDeviation box="[929,1076,1797,1824]" location="Heishu" pageId="72" pageNumber="73">W of Heishu</locationDeviation>
, 
<quantity box="[1088,1169,1797,1824]" metricMagnitude="3" metricUnit="m" metricValue="2.5" pageId="72" pageNumber="73" unit="m" value="2500.0">
<elevation box="[1088,1169,1797,1824]" metricMagnitude="3" metricUnit="m" metricValue="2.5" pageId="72" pageNumber="73" unit="m" value="2500.0">2500m</elevation>
</quantity>
, 
<geoCoordinate box="[1181,1295,1797,1824]" degrees="32.0465" direction="north" orientation="latitude" pageId="72" pageNumber="73" precision="5" value="32.0465">32.0465N</geoCoordinate>
, 
<geoCoordinate box="[1307,1432,1797,1823]" degrees="103.0168" direction="east" orientation="longitude" pageId="72" pageNumber="73" precision="5" value="103.0168">103.0168E</geoCoordinate>
, 
<date box="[151,311,1833,1859]" pageId="72" pageNumber="73" value="2012-06-03" valueMax="2012-06-10" valueMin="2012-06-03">
<collectingDate box="[151,311,1833,1859]" pageId="72" pageNumber="73" value="2012-06-03" valueMax="2012-06-10" valueMin="2012-06-03">3.-10.VI.2012</collectingDate>
</date>
, leg. 
<collectorName box="[375,501,1833,1860]" pageId="72" pageNumber="73">M. Murzin</collectorName>
” (
<collectionCode box="[528,612,1833,1859]" country="Germany" httpUri="http://biocol.org/urn:lsid:biocol.org:col:34613" lsid="urn:lsid:biocol.org:col:34613" name="Zoologisches Forschungsmuseum Alexander Koenig" pageId="72" pageNumber="73" type="Museum">ZFMK</collectionCode>
)
</materialsCitation>
. 
<materialsCitation collectingDate="1990-07" collectionCode="CP" collectorName="B. Siska" country="Russia" location="Arsen'ev" pageId="72" pageNumber="73" specimenCount="1" specimenCount-male="1" stateProvince="Primorskiy">
<emphasis bold="true" box="[632,721,1833,1859]" pageId="72" pageNumber="73">
<collectingCountry box="[632,716,1833,1859]" name="Russia" pageId="72" pageNumber="73">Russia</collectingCountry>
:
</emphasis>
<specimenCount box="[730,774,1833,1860]" pageId="72" pageNumber="73" type="male">1 ♂</specimenCount>
“USSR 
<collectingRegion box="[874,1044,1833,1859]" country="Russia" name="Primorskiy" pageId="72" pageNumber="73">Primorsky kraj</collectingRegion>
<location LSID="urn:lsid:plazi:treatment:03BD87E66B29FF8CAF89FA00FD1E389F:8ECB602B6B29FF8DAB05FF43FB5C3A0F" box="[1051,1154,1833,1859]" country="Russia" name="Arsen'ev" pageId="72" pageNumber="73" stateProvince="Primorskiy">Arsen’ev</location>
env. 
<date box="[1217,1318,1833,1859]" pageId="72" pageNumber="73" value="1990-07">
<collectingDate box="[1217,1318,1833,1859]" pageId="72" pageNumber="73" value="1990-07">VII.1990</collectingDate>
</date>
Layoshka 19.-29. 
<collectorName box="[239,334,1869,1896]" pageId="72" pageNumber="73">B. Siska</collectorName>
leg.” (
<collectionCode box="[413,452,1869,1895]" pageId="72" pageNumber="73">CP</collectionCode>
)
</materialsCitation>
, 
<materialsCitation box="[473,1433,1869,1896]" collectionCode="ZFMK" country="Russia" location="Kavalerovo" municipality="Primorskoje" pageId="72" pageNumber="73" specimenCount="3">
<specimenCount box="[473,529,1869,1896]" pageId="72" pageNumber="73" type="generic">3 ex.</specimenCount>
“Russia, Far East S. 
<collectingMunicipality box="[774,911,1869,1895]" pageId="72" pageNumber="73">Primorskoje</collectingMunicipality>
reg. 
<location LSID="urn:lsid:plazi:treatment:03BD87E66B29FF8CAF89FA00FD1E389F:8ECB602B6B29FF8DACD5FF27FB903A2B" box="[971,1102,1869,1895]" country="Russia" municipality="Primorskoje" name="Kavalerovo" pageId="72" pageNumber="73">Kavalerovo</location>
v. 25.-27-vii.1996” (
<collectionCode box="[1341,1425,1869,1895]" country="Germany" httpUri="http://biocol.org/urn:lsid:biocol.org:col:34613" lsid="urn:lsid:biocol.org:col:34613" name="Zoologisches Forschungsmuseum Alexander Koenig" pageId="72" pageNumber="73" type="Museum">ZFMK</collectionCode>
)
</materialsCitation>
. 
<materialsCitation collectionCode="ZFMK" collectorName="Z. Kaszab" country="Mongolia" county="Mongolia" elevation="600" location="Chapaardavaa" municipality="Cojbalsan" pageId="72" pageNumber="73" specimenCount="1" specimenCount-male="1">
<emphasis bold="true" box="[151,274,1905,1931]" pageId="72" pageNumber="73">
<collectingCountry box="[151,269,1905,1931]" name="Mongolia" pageId="72" pageNumber="73">Mongolia</collectingCountry>
:
</emphasis>
<specimenCount box="[281,322,1905,1932]" pageId="72" pageNumber="73" type="male">1 ♂</specimenCount>
“ 
<collectingCounty box="[338,452,1905,1931]" pageId="72" pageNumber="73">Mongolia</collectingCounty>
, 
<collectingMunicipality box="[463,575,1905,1931]" pageId="72" pageNumber="73">Cojbalsan</collectingMunicipality>
simak, 
<location LSID="urn:lsid:plazi:treatment:03BD87E66B29FF8CAF89FA00FD1E389F:8ECB602B6B29FF8DAD88FF1BFCEB3AC7" box="[662,821,1905,1931]" country="Mongolia" county="Mongolia" municipality="Cojbalsan" name="Chapaardavaa" pageId="72" pageNumber="73">Chapaardavaa</location>
ul. 
<locationDeviation box="[862,1256,1905,1932]" location="Somon Chalchingol" pageId="72" pageNumber="73">
<quantity box="[862,933,1905,1931]" metricMagnitude="4" metricUnit="m" metricValue="8.0" pageId="72" pageNumber="73" unit="km" value="80.0">80 km</quantity>
SO von Somon Chalchingol
</locationDeviation>
, 
<quantity box="[1266,1336,1905,1932]" metricMagnitude="2" metricUnit="m" metricValue="6.0" pageId="72" pageNumber="73" unit="m" value="600.0">
<elevation box="[1266,1336,1905,1932]" metricMagnitude="2" metricUnit="m" metricValue="6.0" pageId="72" pageNumber="73" unit="m" value="600.0">600 m</elevation>
</quantity>
<location LSID="urn:lsid:plazi:treatment:03BD87E66B29FF8CAF89FA00FD1E389F:8ECB602B6B29FF8DAA21FF18FA433AC0" box="[1343,1437,1906,1932]" country="Mongolia" county="Mongolia" municipality="Cojbalsan" name="Exp. Dr." pageId="72" pageNumber="73">Exp. Dr.</location>
<collectorName box="[151,267,1941,1968]" pageId="72" pageNumber="73">Z. Kaszab</collectorName>
, 1965” (
<collectionCode box="[362,446,1941,1967]" country="Germany" httpUri="http://biocol.org/urn:lsid:biocol.org:col:34613" lsid="urn:lsid:biocol.org:col:34613" name="Zoologisches Forschungsmuseum Alexander Koenig" pageId="72" pageNumber="73" type="Museum">ZFMK</collectionCode>
)
</materialsCitation>
. 
<emphasis bold="true" box="[465,487,1941,1967]" pageId="72" pageNumber="73">S.</emphasis>
<materialsCitation box="[494,1272,1941,1968]" collectingDate="1990-05" collectionCode="ZFMK" collectorName="S. Korea" country="South Korea" location="Korea" pageId="72" pageNumber="73" specimenCount="1" specimenCount-male="1">
<emphasis bold="true" box="[494,578,1941,1967]" pageId="72" pageNumber="73">
<collectingCountry box="[494,572,1941,1967]" name="South Korea" pageId="72" pageNumber="73">Korea</collectingCountry>
:
</emphasis>
<specimenCount box="[585,627,1941,1968]" pageId="72" pageNumber="73" type="male">1 ♂</specimenCount>
“ 
<collectorName box="[644,737,1941,1967]" pageId="72" pageNumber="73">S.Korea</collectorName>
<date box="[743,823,1941,1967]" pageId="72" pageNumber="73" value="1990-05">
<collectingDate box="[743,823,1941,1967]" pageId="72" pageNumber="73" value="1990-05">V.1990</collectingDate>
</date>
Jangsungpo K. Zahradka lgt.” (
<collectionCode box="[1180,1264,1941,1967]" country="Germany" httpUri="http://biocol.org/urn:lsid:biocol.org:col:34613" lsid="urn:lsid:biocol.org:col:34613" name="Zoologisches Forschungsmuseum Alexander Koenig" pageId="72" pageNumber="73" type="Museum">ZFMK</collectionCode>
)
</materialsCitation>
,
</paragraph>
</subSubSection>
<subSubSection lastPageId="73" lastPageNumber="74" pageId="72" pageNumber="73" type="description">
<paragraph blockId="72.[151,1437,933,2040]" pageId="72" pageNumber="73">
<emphasis bold="true" box="[199,373,1977,2003]" pageId="72" pageNumber="73">Redescription.</emphasis>
Length: 
<quantity box="[476,565,1977,2004]" metricMagnitude="-3" metricUnit="m" metricValue="7.9" pageId="72" pageNumber="73" unit="mm" value="7.9">7.9 mm</quantity>
, length of elytra: 6.0 mm, width: 
<quantity box="[947,1037,1977,2004]" metricMagnitude="-3" metricUnit="m" metricValue="4.6" pageId="72" pageNumber="73" unit="mm" value="4.6">4.6 mm</quantity>
. Body oblong-oval, reddish brown, antenna yellowish, surface dull, labroclypeus shiny, except a few short setae on sides of elytra, glabrous.
</paragraph>
<paragraph blockId="73.[151,1437,151,1492]" pageId="73" pageNumber="74">
Labroclypeus wide and subtrapezoidal, widest at base, lateral margins nearly straight and convergent anteriorly, anterior angles strongly rounded, anterior margin weakly emarginate medially; margins moderately reflexed; lateral margin and ocular canthus produce an indistinct angle; surface flat, with an indistinct longitudinal elevation behind anterior margin, finely, densely punctate, with a few erect setae; frontoclypeal suture distinctly incised, angled medially; smooth area anterior to eye convex, twice as wide as long; ocular canthus short and narrow (1/3 of ocular diameter), finely densely punctate, with 1-2 long terminal setae. Frons dull, with moderately dense, fine punctures, with a few single setae beside eyes. Eyes small, ratio diameter/ interocular width: 0.58. Antenna with ten antennomeres; club with three antennomeres and straight, as long as remaining antennomeres combined. 
<collectingRegion box="[1241,1336,400,426]" country="Myanmar" name="Chin" pageId="73" pageNumber="74">Mentum</collectingRegion>
elevated and slightly flattened anteriorly.
</paragraph>
<paragraph blockId="73.[151,1437,151,1492]" pageId="73" pageNumber="74">Pronotum transverse, widest at base, lateral margins moderately evenly convex, moderately convergent anteriorly and posteriorly, anterior angles distinctly produced and sharp, posterior angles blunt, moderately rounded at tip; anterior margin weakly convex, with fine complete marginal line, base without marginal line; surface moderately finely and densely punctate, with minute setae in punctures; anterior and lateral margin finely setose; hypomeron carinate, not produced ventrally. Scutellum wide, triangular, with fine, moderately dense punctures.</paragraph>
<paragraph blockId="73.[151,1437,151,1492]" pageId="73" pageNumber="74">Elytra widest at posterior third, striae finely impressed, finely and densely punctate, intervals slightly convex, with fine, moderately dense punctures being except on second interval partly concentrated along striae, with minute setae in punctures and penultimate interval with a few short setae, otherwise glabrous; epipleural margin robust, ending at nearly blunt external apical angle of elytra, epipleura sparsely setose; apical border of elytra membraneous, with a fine rim of microtrichomes (visible at ca 100x magnification).</paragraph>
<paragraph blockId="73.[151,1437,151,1492]" pageId="73" pageNumber="74">Ventral surface dull, finely and densely punctate, with dense and fine, adpressed setae, metasternal disc sparsely covered with longer setae; metacoxa with a few longer setae laterally. Abdominal sternites finely and densely punctate, glabrous, each sternite with a transverse row of punctures each bearing a fine seta. Mesosternum between mesocoxae as wide as mesofemur. Ratio of length of metepisternum/metacoxa: 1/1.6. Pygidium moderately convex, dull, finely and sparsely punctate, without smooth midline, with a few setae along apical margin.</paragraph>
<paragraph blockId="73.[151,1437,151,1492]" pageId="73" pageNumber="74">Legs short and wide; femora dull, with two longitudinal rows of setae, finely and sparsely punctate. Anterior margin of metafemur acute, without adjacent serrated line, anterior row of setae completely reduced; posterior ventral margin smooth, moderately widened at ventral apex, dorsal posterior margin smooth, neither serrate, glabrous. Metatibia short and wide, widest at middle, ratio of width/length: 1/2.66, sharply carinate dorsally, with two groups of spines, basal group at middle, apical group at three quarters of metatibial length, in basal half with a few short single spines close to dorsal margin; lateral face longitudinally convex, nearly entirely impunctate, only a few fine punctures beside dorsal and ventral margin, glabrous; ventral margin finely serrate, with four equidistant robust setae; medial face smooth and glabrous; apex finely serrate, shallowly emarginate interiorly near tarsal articulation. Tarsomeres dorsally impunctate, glabrous, neither laterally nor dorsally carinate, moderately setose ventrally; metatarsomeres with a strongly serrated ridge ventrally and a smooth subventral longitudinal carina; first metatarsomere little shorter than following two tarsomeres combined and as long as dorsal tibial spur. Protibia moderately long, bidentate; anterior claws symmetrical, basal tooth of both claws bluntly truncate at apex.</paragraph>
<paragraph blockId="73.[151,1437,151,1492]" box="[199,681,1429,1455]" pageId="73" pageNumber="74">
Aedeagus: 
<figureCitation box="[324,403,1429,1455]" captionStart="FIGURE 14" captionStartId="69.[151,250,1910,1934]" captionTargetBox="[236,1348,192,1877]" captionTargetId="figure-20@69.[226,1361,181,1886]" captionTargetPageId="69" captionText="FIGURE 14. A–E: Maladera perniciosa (Brenske, 1898) (Vietnam: Lao Cai: Sa Pa); F–J: M. sontica (Brenske, 1898) (Laos: Louangnamtha: Namtha); K–O: M. verticalis (Fairmaire, 1888b) (China: Shaanxi: Houzhenzi). A, F, K: aedeagus, left side lateral view; D, I, N: aedeagus, right side lateral view; B, G, L: aedeagus, dorsal view; C, H, M: left parameres, ventral view; E, J, O: habitus. Scale: 0.5 mm. Habitus not to scale." figureDoi="http://doi.org/10.5281/zenodo.4496344" httpUri="https://zenodo.org/record/4496344/files/figure.png" pageId="73" pageNumber="74">Fig. 14</figureCitation>
K–N. Habitus: 
<figureCitation box="[574,677,1429,1455]" captionStart="FIGURE 14" captionStartId="69.[151,250,1910,1934]" captionTargetBox="[236,1348,192,1877]" captionTargetId="figure-20@69.[226,1361,181,1886]" captionTargetPageId="69" captionText="FIGURE 14. A–E: Maladera perniciosa (Brenske, 1898) (Vietnam: Lao Cai: Sa Pa); F–J: M. sontica (Brenske, 1898) (Laos: Louangnamtha: Namtha); K–O: M. verticalis (Fairmaire, 1888b) (China: Shaanxi: Houzhenzi). A, F, K: aedeagus, left side lateral view; D, I, N: aedeagus, right side lateral view; B, G, L: aedeagus, dorsal view; C, H, M: left parameres, ventral view; E, J, O: habitus. Scale: 0.5 mm. Habitus not to scale." figureDoi="http://doi.org/10.5281/zenodo.4496344" httpUri="https://zenodo.org/record/4496344/files/figure.png" pageId="73" pageNumber="74">Fig. 14O</figureCitation>
.
</paragraph>
</subSubSection>
<subSubSection box="[199,704,1465,1492]" pageId="73" pageNumber="74" type="distribution">
<paragraph blockId="73.[151,1437,151,1492]" box="[199,704,1465,1492]" pageId="73" pageNumber="74">
<emphasis bold="true" box="[199,353,1465,1491]" pageId="73" pageNumber="74">Distribution.</emphasis>
See map (
<figureCitation box="[470,552,1465,1491]" captionStart="FIGURE 94" captionStartId="348.[151,250,1976,2000]" captionTargetBox="[209,1379,1129,1945]" captionTargetId="figure-51@348.[202,1386,1122,1953]" captionTargetPageId="348" captionText="FIGURE 94. Distribution of the subgenus Omaladera: Maladera sontica (Brenske, 1898), M. verticalis (Fairmaire, 1888), M. weni sp. n., M. wuliangshanensis sp. n., M. xingkei sp. n., M. yibini sp. n.." figureDoi="http://doi.org/10.5281/zenodo.4496570" httpUri="https://zenodo.org/record/4496570/files/figure.png" pageId="73" pageNumber="74">Fig. 94</figureCitation>
) and 
<tableCitation box="[614,698,1465,1491]" captionStart="TABLE 1" captionStartId="368.[151,239,544,570]" captionText="TABLE 1. Overview on the distribuition of the Chinese mainland species of Maladera Mulsant &amp; Rey, 1871 (x – records from material examined herein, o – records from literature, with no material of this study)." pageId="73" pageNumber="74">Table 1</tableCitation>
.
</paragraph>
</subSubSection>
</treatment>
</document>