<document ID-DOI="http://doi.org/10.5281/zenodo.4560718" ID-GBIF-Dataset="188411de-569c-4408-a016-1a04b858c142" ID-ISSN="1175-5326" ID-Zenodo-Dep="4560718" ID-ZooBank="D7F9C6A3-9C28-4F4C-8E81-BF24849FDD8C" _generate="added" approvalRequired="33" approvalRequired_for_illustrations="17" approvalRequired_for_treatments="16" checkinTime="1612331093960" checkinUser="plazi" docAuthor="Fabrizi, Silvia, Liu, Wan-Gang, Bai, Ming, Yang, Xing-Ke &amp; Ahrens, Dirk" docDate="2021" docId="03BD87E66A22FE80AF89FD7CFD103E75" docLanguage="en" docName="zootaxa.4922.1.1.pdf" docOrigin="Zootaxa 4922 (1)" docStyle="DocumentStyle:5EBBA59367AD13919D70D935FA04F6A3.7:Zootaxa.2013-.monograph" docStyleId="5EBBA59367AD13919D70D935FA04F6A3" docStyleName="Zootaxa.2013-.monograph" docStyleVersion="7" docTitle="Maladera parva" docType="treatment" docVersion="7" lastPageId="325" lastPageNumber="326" masterDocId="FF84FF9E6B61FFC5AF1EF86AFFDE3D4C" masterDocTitle="A monograph of the genus Maladera Mulsant &amp; Rey, 1871 of China (Coleoptera: Scarabaeidae: Melolonthinae: Sericini)" masterLastPageNumber="400" masterPageNumber="1" pageId="323" pageNumber="324" updateTime="1615983897969" updateUser="diego">
<mods:mods xmlns:mods="http://www.loc.gov/mods/v3">
<mods:titleInfo>
<mods:title>A monograph of the genus Maladera Mulsant &amp; Rey, 1871 of China (Coleoptera: Scarabaeidae: Melolonthinae: Sericini)</mods:title>
</mods:titleInfo>
<mods:name type="personal">
<mods:role>
<mods:roleTerm>Author</mods:roleTerm>
</mods:role>
<mods:namePart>Fabrizi, Silvia</mods:namePart>
<mods:nameIdentifier type="ORCID">0000-0003-3524-7153</mods:nameIdentifier>
<mods:nameIdentifier type="email">ahrens.dirk_col@gmx.de</mods:nameIdentifier>
</mods:name>
<mods:name type="personal">
<mods:role>
<mods:roleTerm>Author</mods:roleTerm>
</mods:role>
<mods:namePart>Liu, Wan-Gang</mods:namePart>
<mods:nameIdentifier type="ORCID">0000-0003-4788-7967</mods:nameIdentifier>
<mods:nameIdentifier type="email">liuwangang@ieecas.cn</mods:nameIdentifier>
</mods:name>
<mods:name type="personal">
<mods:role>
<mods:roleTerm>Author</mods:roleTerm>
</mods:role>
<mods:namePart>Bai, Ming</mods:namePart>
<mods:nameIdentifier type="ORCID">0000-0003-3676-6828</mods:nameIdentifier>
<mods:nameIdentifier type="email">liuwangang@ieecas.cn</mods:nameIdentifier>
</mods:name>
<mods:name type="personal">
<mods:role>
<mods:roleTerm>Author</mods:roleTerm>
</mods:role>
<mods:namePart>Yang, Xing-Ke</mods:namePart>
<mods:nameIdentifier type="ORCID">0000-0003-3676-6828</mods:nameIdentifier>
<mods:nameIdentifier type="email">liuwangang@ieecas.cn</mods:nameIdentifier>
</mods:name>
<mods:name type="personal">
<mods:role>
<mods:roleTerm>Author</mods:roleTerm>
</mods:role>
<mods:namePart>Ahrens, Dirk</mods:namePart>
<mods:nameIdentifier type="ORCID">0000-0003-3524-7153</mods:nameIdentifier>
<mods:nameIdentifier type="email">ahrens.dirk_col@gmx.de</mods:nameIdentifier>
</mods:name>
<mods:typeOfResource>text</mods:typeOfResource>
<mods:relatedItem type="host">
<mods:titleInfo>
<mods:title>Zootaxa</mods:title>
</mods:titleInfo>
<mods:part>
<mods:date>2021</mods:date>
<mods:detail type="pubDate">
<mods:number>2021-02-03</mods:number>
</mods:detail>
<mods:detail type="volume">
<mods:number>4922</mods:number>
</mods:detail>
<mods:detail type="issue">
<mods:number>1</mods:number>
</mods:detail>
<mods:extent unit="page">
<mods:start>1</mods:start>
<mods:end>400</mods:end>
</mods:extent>
</mods:part>
</mods:relatedItem>
<mods:classification>journal article</mods:classification>
<mods:identifier type="DOI">https://doi.org/10.11646/zootaxa.4922.1.1</mods:identifier>
<mods:identifier type="GBIF-Dataset">188411de-569c-4408-a016-1a04b858c142</mods:identifier>
<mods:identifier type="ISSN">1175-5326</mods:identifier>
<mods:identifier type="Zenodo-Dep">4496316</mods:identifier>
<mods:identifier type="ZooBank">D7F9C6A3-9C28-4F4C-8E81-BF24849FDD8C</mods:identifier>
</mods:mods>
<treatment ID-DOI="http://doi.org/10.5281/zenodo.4560718" ID-Zenodo-Dep="4560718" LSID="urn:lsid:plazi:treatment:03BD87E66A22FE80AF89FD7CFD103E75" httpUri="http://treatment.plazi.org/id/03BD87E66A22FE80AF89FD7CFD103E75" lastPageId="325" lastPageNumber="326" pageId="323" pageNumber="324">
<subSubSection box="[151,521,1302,1329]" pageId="323" pageNumber="324" type="nomenclature">
<paragraph blockId="323.[151,521,1302,1365]" box="[151,521,1302,1329]" pageId="323" pageNumber="324">
<heading bold="true" box="[151,521,1302,1329]" fontSize="11" level="2" pageId="323" pageNumber="324" reason="4">
<taxonomicName authority="(Moser, 1908)" baseAuthorityName="Moser" baseAuthorityYear="1908" box="[151,521,1302,1329]" class="Insecta" family="Melolonthidae" genus="Maladera" kingdom="Animalia" order="Coleoptera" pageId="323" pageNumber="324" phylum="Arthropoda" rank="species" species="parva">
<emphasis bold="true" box="[151,521,1302,1329]" pageId="323" pageNumber="324">
<emphasis bold="true" box="[151,344,1302,1329]" italics="true" pageId="323" pageNumber="324">Maladera parva</emphasis>
(
<bibRefCitation author="Moser, J." box="[359,513,1302,1328]" pageId="323" pageNumber="324" pagination="325 - 343" refId="ref334156" refString="Moser, J. (1908) Verzeichnis der von H. Fruhstorfer in Tonkin gesammelten Melolonthiden. Annales de la Societe Entomologique de Belgique, 52, 325 - 343. https: // doi. org / 10.5962 / bhl. part. 5012" type="journal article" year="1908">Moser, 1908</bibRefCitation>
)
</emphasis>
</taxonomicName>
</heading>
</paragraph>
</subSubSection>
<subSubSection box="[151,381,1339,1365]" pageId="323" pageNumber="324" type="description">
<paragraph blockId="323.[151,521,1302,1365]" box="[151,381,1339,1365]" pageId="323" pageNumber="324">
<figureCitation box="[151,270,1339,1365]" captionStart="FIGURE 77" captionStartId="324.[151,250,1598,1622]" captionTargetBox="[161,1422,358,1563]" captionTargetId="figure-93@324.[151,1436,345,1575]" captionTargetPageId="324" captionText="FIGURE 77. A–D: Maladera parva (Moser, 1908) (Paralectotype: Central Tonkin, Chiem Hoa); E–H: M. punctulata (Frey, 1972). A, E: aedeagus, left side lateral view; C, G: aedeagus, right side lateral view; B, F: parameres, dorsal view; D, H: habitus. Scale: 0.5 mm. Habitus not to scale." figureDoi="http://doi.org/10.5281/zenodo.4496522" httpUri="https://zenodo.org/record/4496522/files/figure.png" pageId="323" pageNumber="324">Figures 77</figureCitation>
A–D, 130
</paragraph>
</subSubSection>
<subSubSection pageId="323" pageNumber="324" type="reference_group">
<paragraph blockId="323.[151,821,1407,1493]" box="[151,737,1407,1431]" pageId="323" pageNumber="324">
<treatmentCitationGroup box="[151,737,1407,1431]" pageId="323" pageNumber="324">
<treatmentCitation author="Moser, J." box="[151,552,1407,1431]" page="326" pageId="323" pageNumber="324" year="1908">
<taxonomicName authority="Moser, 1908: 326" authorityName="Moser" authorityPageNumber="326" authorityYear="1908" box="[151,552,1407,1431]" family="Melolonthidae" genus="Cephaloserica" kingdom="Animalia" order="Coleoptera" pageId="323" pageNumber="324" rank="species" species="parva">
<emphasis box="[151,364,1407,1431]" italics="true" pageId="323" pageNumber="324">Cephaloserica parva</emphasis>
<bibRefCitation author="Moser, J." box="[371,552,1407,1431]" pageId="323" pageNumber="324" pagination="325 - 343" refId="ref334156" refString="Moser, J. (1908) Verzeichnis der von H. Fruhstorfer in Tonkin gesammelten Melolonthiden. Annales de la Societe Entomologique de Belgique, 52, 325 - 343. https: // doi. org / 10.5962 / bhl. part. 5012" type="journal article" year="1908">Moser, 1908: 326</bibRefCitation>
</taxonomicName>
</treatmentCitation>
; 
<treatmentCitation author="Ahrens, D." box="[561,733,1407,1431]" page="71" pageId="323" pageNumber="324" year="2002">
<bibRefCitation author="Ahrens, D." box="[561,733,1407,1431]" pageId="323" pageNumber="324" pagination="53 - 91" refId="ref329519" refString="Ahrens, D. (2002) Notes on distribution and synonymy of sericid beetles from Taiwan, with descriptions of new species (Coleoptera, Scarabaeoidea, Sericini). Annales Historico-Naturales Musei Nationalis Hungarici, 94, 53 - 91." type="journal article" year="2002">Ahrens 2002: 71</bibRefCitation>
</treatmentCitation>
.
</treatmentCitationGroup>
</paragraph>
<paragraph blockId="323.[151,821,1407,1493]" box="[151,645,1438,1462]" pageId="323" pageNumber="324">
<treatmentCitationGroup box="[151,645,1438,1462]" pageId="323" pageNumber="324">
<taxonomicName authority=": Ahrens 2006 b: 237" authorityName="Ahrens" authorityPageNumber="237" authorityYear="2006" box="[151,526,1438,1462]" class="Insecta" family="Melolonthidae" genus="Maladera" kingdom="Animalia" order="Coleoptera" pageId="323" pageNumber="324" phylum="Arthropoda" rank="species" species="parva">
<emphasis box="[151,316,1438,1462]" italics="true" pageId="323" pageNumber="324">Maladera parva</emphasis>
: 
<treatmentCitation author="Ahrens, D." box="[329,526,1438,1462]" page="237" pageId="323" pageNumber="324" year="2006">
<bibRefCitation author="Ahrens, D." box="[329,526,1438,1462]" pageId="323" pageNumber="324" refId="ref329946" refString="Ahrens, D. (2006 b) Sericinae. In: Lobl, I. &amp; Smetana, A. (Eds.), Catalogue of Palaearctic Coleoptera. Volume 3. Scarabaeoidea-Scirtoidea-Dascilloidea-Buprestoidea-Byrrhoidea. Apollo Books, Stenstrup, pp. 229 - 248." type="book" year="2006">Ahrens 2006b: 237</bibRefCitation>
</treatmentCitation>
</taxonomicName>
; 
<treatmentCitation author="Ahrens, D." box="[536,641,1438,1462]" page="24" pageId="323" pageNumber="324" year="2007">
<bibRefCitation author="Ahrens, D." box="[536,641,1438,1462]" pageId="323" pageNumber="324" pagination="1 - 51" refId="ref330155" refString="Ahrens, D. (2007 b) Taxonomic changes and an updated Catalogue of Palearctic Sericini (Coleoptera: Scarabaeidae: Melolonthinae). Zootaxa, 1504 (1), 1 - 51. https: // doi. org / 10.11646 / zootaxa. 1504.1.1" type="journal article" year="2007">2007b: 24</bibRefCitation>
</treatmentCitation>
.
</treatmentCitationGroup>
</paragraph>
<paragraph blockId="323.[151,821,1407,1493]" box="[151,821,1468,1493]" pageId="323" pageNumber="324">
<treatmentCitationGroup box="[151,821,1468,1493]" pageId="323" pageNumber="324">
<taxonomicName authority="Miyake, 1991: 9" authorityName="Miyake" authorityPageNumber="9" authorityYear="1991" box="[151,556,1468,1493]" family="Melolonthidae" genus="Cephaloserica" kingdom="Animalia" order="Coleoptera" pageId="323" pageNumber="324" rank="species" species="kojimai">
<emphasis box="[151,381,1468,1492]" italics="true" pageId="323" pageNumber="324">Cephaloserica kojimai</emphasis>
Miyake, 1991: 9
</taxonomicName>
, syn. by 
<treatmentCitation author="Ahrens, D." box="[645,817,1468,1493]" page="71" pageId="323" pageNumber="324" year="2002">
<bibRefCitation author="Ahrens, D." box="[645,817,1468,1493]" pageId="323" pageNumber="324" pagination="53 - 91" refId="ref329519" refString="Ahrens, D. (2002) Notes on distribution and synonymy of sericid beetles from Taiwan, with descriptions of new species (Coleoptera, Scarabaeoidea, Sericini). Annales Historico-Naturales Musei Nationalis Hungarici, 94, 53 - 91." type="journal article" year="2002">Ahrens 2002: 71</bibRefCitation>
</treatmentCitation>
.
</treatmentCitationGroup>
</paragraph>
</subSubSection>
<subSubSection pageId="323" pageNumber="324" type="materials_examined">
<paragraph blockId="323.[151,1437,1538,2033]" box="[151,670,1538,1565]" pageId="323" pageNumber="324">
<emphasis bold="true" box="[151,447,1538,1565]" pageId="323" pageNumber="324">
<typeStatus box="[151,210,1539,1565]" pageId="323" pageNumber="324">Type</typeStatus>
material examined.
</emphasis>
See 
<bibRefCitation author="Ahrens, D." box="[500,666,1539,1565]" pageId="323" pageNumber="324" pagination="53 - 91" refId="ref329519" refString="Ahrens, D. (2002) Notes on distribution and synonymy of sericid beetles from Taiwan, with descriptions of new species (Coleoptera, Scarabaeoidea, Sericini). Annales Historico-Naturales Musei Nationalis Hungarici, 94, 53 - 91." type="journal article" year="2002">Ahrens (2002)</bibRefCitation>
.
</paragraph>
<paragraph blockId="323.[151,1437,1538,2033]" pageId="323" pageNumber="324">
<emphasis bold="true" box="[199,567,1574,1600]" pageId="323" pageNumber="324">Additional material examined.</emphasis>
<materialsCitation collectingDate="1991-05-19" collectionCode="MNAFU" collectorName="Wang Yinglun &amp; Tian Binggang" country="China" location="Menglun" pageId="323" pageNumber="324" specimenCount="3" specimenCount-female="1" specimenCount-male="2" stateProvince="Yunnan">
<emphasis bold="true" box="[576,658,1574,1600]" pageId="323" pageNumber="324">
<collectingCountry box="[576,653,1574,1600]" name="China" pageId="323" pageNumber="324">China</collectingCountry>
:
</emphasis>
<specimenCount box="[667,734,1575,1601]" pageId="323" pageNumber="324" type="male">2 ♂♂</specimenCount>
, 
<specimenCount box="[747,791,1575,1601]" pageId="323" pageNumber="324" type="female">1 ♀</specimenCount>
“ 
<location LSID="urn:lsid:plazi:treatment:03BD87E66A22FE80AF89FD7CFD103E75:8ECB602B6A22FE86AC37FE4DFC4D3B0D" box="[809,915,1575,1601]" country="China" name="Menglun" pageId="323" pageNumber="324" stateProvince="Yunnan">Menglun</location>
, 
<collectingRegion box="[928,1017,1575,1601]" country="China" name="Yunnan" pageId="323" pageNumber="324">Yunnan</collectingRegion>
, 
<date box="[1029,1146,1575,1601]" pageId="323" pageNumber="324" value="1991-05-19">
<collectingDate box="[1029,1146,1575,1601]" pageId="323" pageNumber="324" value="1991-05-19">19.V.1991</collectingDate>
</date>
, leg. 
<collectorName box="[1208,1373,1575,1601]" pageId="323" pageNumber="324">Wang Yinglun</collectorName>
, 
<collectorName pageId="323" pageNumber="324">Tian Binggang</collectorName>
” (
<collectionCode box="[289,396,1611,1637]" pageId="323" pageNumber="324">MNAFU</collectionCode>
)
</materialsCitation>
, 
<materialsCitation box="[417,1221,1610,1637]" collectingDate="1963-05-30" collectionCode="CAU" collectorName="Yang Jikun" country="China" location="Mt. Yanshan" pageId="323" pageNumber="324" specimenCount="2" specimenCount-female="1" specimenCount-male="1" stateProvince="Guangxi">
<specimenCount box="[417,463,1611,1637]" pageId="323" pageNumber="324" type="male">1 ♂</specimenCount>
, 
<specimenCount box="[477,520,1611,1637]" pageId="323" pageNumber="324" type="female">1 ♀</specimenCount>
“ 
<location LSID="urn:lsid:plazi:treatment:03BD87E66A22FE80AF89FD7CFD103E75:8ECB602B6A22FE86AD02FE21FD713B29" box="[540,687,1611,1637]" country="China" name="Mt. Yanshan" pageId="323" pageNumber="324" stateProvince="Guangxi">Mt. Yanshan</location>
, 
<collectingRegion box="[700,799,1611,1637]" country="China" name="Guangxi" pageId="323" pageNumber="324">Guangxi</collectingRegion>
, 
<date box="[812,929,1610,1636]" pageId="323" pageNumber="324" value="1963-05-30">
<collectingDate box="[812,929,1610,1636]" pageId="323" pageNumber="324" value="1963-05-30">30.V.1963</collectingDate>
</date>
, leg. 
<collectorName box="[992,1122,1611,1637]" pageId="323" pageNumber="324">Yang Jikun</collectorName>
” (
<collectionCode box="[1148,1212,1611,1637]" country="China" lsid="urn:lsid:biocol.org:col:33074" name="China Agricultural University" pageId="323" pageNumber="324">CAU</collectionCode>
)
</materialsCitation>
, 
<materialsCitation collectingDate="1942-06-26" collectionCode="BMH" collectorName="T. Maa" country="China" location="China Shaowu City" pageId="323" pageNumber="324" specimenCount="2" specimenCount-female="2">
<specimenCount box="[1234,1299,1611,1637]" pageId="323" pageNumber="324" type="female">2 ♀♀</specimenCount>
“Fukien, S. 
<location LSID="urn:lsid:plazi:treatment:03BD87E66A22FE80AF89FD7CFD103E75:8ECB602B6A22FE86AF89FE05FEAD3BC5" box="[151,371,1647,1673]" country="China" name="China Shaowu City" pageId="323" pageNumber="324">China Shaowu City</location>
<date box="[378,520,1646,1673]" pageId="323" pageNumber="324" value="1942-06-26">
<collectingDate box="[378,520,1646,1673]" pageId="323" pageNumber="324" value="1942-06-26">1942, 26.VI.</collectingDate>
</date>
<collectorName box="[526,607,1647,1673]" pageId="323" pageNumber="324">T. Maa</collectorName>
” (
<collectionCode box="[633,702,1647,1673]" country="United Kingdom" lsid="urn:lsid:biocol.org:col:13650" name="Museum" pageId="323" pageNumber="324" type="Herbarium">BMH</collectionCode>
)
</materialsCitation>
, 
<materialsCitation collectingDate="1942-05-16" collectionCode="BMH" collectorName="Fukien S. China Yungan &amp; T. C. Maa" country="China" location="Siying" pageId="323" pageNumber="324" specimenCount="1" specimenCount-male="1">
<specimenCount box="[721,763,1647,1673]" pageId="323" pageNumber="324" type="male">1 ♂</specimenCount>
“ 
<collectorName box="[780,1059,1647,1673]" pageId="323" pageNumber="324">Fukien S. China Yungan</collectorName>
, 
<location LSID="urn:lsid:plazi:treatment:03BD87E66A22FE80AF89FD7CFD103E75:8ECB602B6A22FE86AB30FE05FBA93BC5" box="[1070,1143,1647,1673]" country="China" name="Siying" pageId="323" pageNumber="324">Siying</location>
pan 
<date box="[1198,1313,1646,1672]" pageId="323" pageNumber="324" value="1942-05-16">
<collectingDate box="[1198,1313,1646,1672]" pageId="323" pageNumber="324" value="1942-05-16">16.V.1942</collectingDate>
</date>
<collectorName box="[1319,1426,1647,1673]" pageId="323" pageNumber="324">T.C. Maa</collectorName>
” (
<collectionCode box="[159,228,1683,1709]" country="United Kingdom" lsid="urn:lsid:biocol.org:col:13650" name="Museum" pageId="323" pageNumber="324" type="Herbarium">BMH</collectionCode>
)
</materialsCitation>
, 
<materialsCitation box="[246,1045,1683,1709]" collectingDate="1940-07-01" collectionCode="BMH" collectorName="Fukien S. China Yungan &amp; T. C. Maa" country="China" location="Siying" pageId="323" pageNumber="324" specimenCount="1" specimenCount-male="1">
<specimenCount box="[246,287,1683,1709]" pageId="323" pageNumber="324" type="male">1 ♂</specimenCount>
“ 
<collectorName box="[302,576,1683,1709]" pageId="323" pageNumber="324">Fukien S. China Yungan</collectorName>
, 
<location LSID="urn:lsid:plazi:treatment:03BD87E66A22FE80AF89FD7CFD103E75:8ECB602B6A22FE86AD54FEF9FD4D3BE1" box="[586,659,1683,1709]" country="China" name="Siying" pageId="323" pageNumber="324">Siying</location>
pan 
<date box="[710,833,1683,1709]" pageId="323" pageNumber="324" value="1940-07-01">
<collectingDate box="[710,833,1683,1709]" pageId="323" pageNumber="324" value="1940-07-01">1.VII.1940</collectingDate>
</date>
<collectorName box="[838,943,1683,1709]" pageId="323" pageNumber="324">T.C. Maa</collectorName>
” (
<collectionCode box="[967,1037,1683,1709]" country="United Kingdom" lsid="urn:lsid:biocol.org:col:13650" name="Museum" pageId="323" pageNumber="324" type="Herbarium">BMH</collectionCode>
)
</materialsCitation>
. 
<materialsCitation collectingDate="2012-05-12" collectionCode="CASH" collectorName="A. Skale" country="Vietnam" elevation="70" latitude="21.384167" location="Me Linh" longLatPrecision="21" longitude="105.71222" municipality="Ngoc Thanh" pageId="323" pageNumber="324" specimenCount="20" stateProvince="Thai Nguyen">
<emphasis bold="true" box="[1054,1165,1682,1708]" pageId="323" pageNumber="324">
<collectingCountry box="[1054,1160,1682,1708]" name="Vietnam" pageId="323" pageNumber="324">Vietnam</collectingCountry>
:
</emphasis>
<specimenCount box="[1171,1238,1683,1709]" pageId="323" pageNumber="324" type="generic">20 ex.</specimenCount>
“N-Vietnam 
<collectingRegion country="Vietnam" name="Thai Nguyen" pageId="323" pageNumber="324">Thai Nguyen Prov.</collectingRegion>
, vic 
<collectingMunicipality box="[367,510,1719,1745]" pageId="323" pageNumber="324">Ngoc Thanh</collectingMunicipality>
, 
<location LSID="urn:lsid:plazi:treatment:03BD87E66A22FE80AF89FD7CFD103E75:8ECB602B6A22FE86AD12FEDDFDB13B9D" box="[524,623,1719,1745]" country="Vietnam" latitude="21.384167" longLatPrecision="21" longitude="105.71222" municipality="Ngoc Thanh" name="Me Linh" pageId="323" pageNumber="324" stateProvince="Thai Nguyen">Me Linh</location>
(IEBR station), 
<date box="[814,931,1719,1745]" pageId="323" pageNumber="324" value="2012-05-12">
<collectingDate box="[814,931,1719,1745]" pageId="323" pageNumber="324" value="2012-05-12">12.V.2012</collectingDate>
</date>
, 
<geoCoordinate box="[945,1075,1719,1745]" degrees="21" direction="north" minutes="23" orientation="latitude" pageId="323" pageNumber="324" precision="15" seconds="3" value="21.384167">21°23’3’’N</geoCoordinate>
, 
<geoCoordinate box="[1089,1244,1718,1745]" degrees="105" direction="east" minutes="42" orientation="longitude" pageId="323" pageNumber="324" precision="15" seconds="44" value="105.71222">105°42’44’’E</geoCoordinate>
, 
<quantity box="[1257,1347,1718,1744]" metricMagnitude="1" metricUnit="m" metricValue="7.0" metricValueMax="8.0" metricValueMin="6.0" pageId="323" pageNumber="324" unit="m" value="70.0" valueMax="80.0" valueMin="60.0">
<elevation box="[1257,1347,1718,1744]" metricMagnitude="1" metricUnit="m" metricValue="7.0" metricValueMax="8.0" metricValueMin="6.0" pageId="323" pageNumber="324" unit="m" value="70.0" valueMax="80.0" valueMin="60.0">60-80m</elevation>
</quantity>
, leg. 
<collectorName pageId="323" pageNumber="324">A. Skale</collectorName>
” (
<collectionCode box="[241,321,1755,1781]" pageId="323" pageNumber="324">CASH</collectionCode>
)
</materialsCitation>
, 
<materialsCitation box="[341,948,1754,1781]" collectionCode="MNHN" country="Vietnam" pageId="323" pageNumber="324" specimenCount="7">
<specimenCount box="[341,397,1755,1781]" pageId="323" pageNumber="324" type="generic">7 ex.</specimenCount>
“Museum Paris Tonkin Langue 1886” (
<collectionCode box="[847,939,1755,1781]" country="France" httpUri="http://biocol.org/urn:lsid:biocol.org:col:34988" lsid="urn:lsid:biocol.org:col:34988" name="Museum National d'Histoire Naturelle" pageId="323" pageNumber="324">MNHN</collectionCode>
)
</materialsCitation>
. 
<materialsCitation collectingDate="1993-05-11" collectingDateMax="1993-05-15" collectingDateMin="1993-05-11" collectionCode="CP" collectorName="Pha-Khab Pacholatko &amp; Dembicky" country="Thailand" location="Thailand" pageId="323" pageNumber="324" specimenCount="1" specimenCount-male="1">
<emphasis bold="true" box="[959,1077,1754,1780]" pageId="323" pageNumber="324">
<collectingCountry box="[959,1072,1754,1780]" name="Thailand" pageId="323" pageNumber="324">Thailand</collectingCountry>
:
</emphasis>
<specimenCount box="[1084,1127,1755,1781]" pageId="323" pageNumber="324" type="male">1 ♂</specimenCount>
“THAI 
<date box="[1222,1373,1754,1781]" pageId="323" pageNumber="324" value="1993-05-11" valueMax="1993-05-15" valueMin="1993-05-11">
<collectingDate box="[1222,1373,1754,1781]" pageId="323" pageNumber="324" value="1993-05-11" valueMax="1993-05-15" valueMin="1993-05-11">11-15.V.1993</collectingDate>
</date>
<collectorName box="[151,395,1791,1817]" pageId="323" pageNumber="324">Nan-Pha-Khab Pacholátko</collectorName>
&amp; 
<collectorName box="[433,550,1791,1817]" pageId="323" pageNumber="324">Dembicky</collectorName>
leg.” (
<collectionCode box="[627,666,1791,1817]" pageId="323" pageNumber="324">CP</collectionCode>
)
</materialsCitation>
. 
<materialsCitation collectingDate="1997-05-31" collectionCode="CP" collectorName="Vit Kuban" country="Laos" elevation="600" latitude="21.0" location="Laos" longLatPrecision="1266" longitude="101.416664" pageId="323" pageNumber="324" specimenCount="1" specimenCount-male="1" stateProvince="Louangnamtha">
<emphasis bold="true" box="[687,753,1791,1817]" pageId="323" pageNumber="324">
<collectingCountry box="[687,749,1791,1817]" name="Laos" pageId="323" pageNumber="324">Laos</collectingCountry>
:
</emphasis>
<specimenCount box="[761,804,1791,1817]" pageId="323" pageNumber="324" type="male">1 ♂</specimenCount>
“ 
<location LSID="urn:lsid:plazi:treatment:03BD87E66A22FE80AF89FD7CFD103E75:8ECB602B6A22FE86AC28FE95FCAF3A55" box="[822,881,1791,1817]" country="Laos" latitude="21.0" longLatPrecision="1266" longitude="101.416664" name="Laos" pageId="323" pageNumber="324" stateProvince="Louangnamtha">Laos</location>
, 
<date box="[894,1004,1791,1817]" pageId="323" pageNumber="324" value="1997-05-31">
<collectingDate box="[894,1004,1791,1817]" pageId="323" pageNumber="324" value="1997-05-31">31.v.1997</collectingDate>
</date>
<collectingRegion box="[1012,1180,1791,1817]" country="Laos" name="Louangnamtha" pageId="323" pageNumber="324">Louangnamtha</collectingRegion>
pr. 
<geoCoordinate box="[1224,1321,1791,1817]" degrees="21" direction="north" minutes="00" orientation="latitude" pageId="323" pageNumber="324" precision="925" value="21.0">21°00’N</geoCoordinate>
<geoCoordinate box="[1329,1437,1790,1817]" degrees="101" direction="east" minutes="25" orientation="longitude" pageId="323" pageNumber="324" precision="925" value="101.416664">101°25’E</geoCoordinate>
<collectingRegion box="[151,333,1827,1853]" country="Laos" name="Louangnamtha" pageId="323" pageNumber="324">Louang Namtha</collectingRegion>
<collectorName box="[339,455,1827,1853]" pageId="323" pageNumber="324">Vit Kuban</collectorName>
leg., 
<quantity box="[517,583,1826,1852]" metricMagnitude="2" metricUnit="m" metricValue="6.0" pageId="323" pageNumber="324" unit="m" value="600.0">
<elevation box="[517,583,1826,1852]" metricMagnitude="2" metricUnit="m" metricValue="6.0" pageId="323" pageNumber="324" unit="m" value="600.0">600m</elevation>
</quantity>
” (
<collectionCode box="[609,648,1827,1853]" pageId="323" pageNumber="324">CP</collectionCode>
)
</materialsCitation>
.
</paragraph>
</subSubSection>
<subSubSection lastPageId="325" lastPageNumber="326" pageId="323" pageNumber="324" type="description">
<paragraph blockId="323.[151,1437,1538,2033]" pageId="323" pageNumber="324">
<emphasis bold="true" box="[199,373,1862,1888]" pageId="323" pageNumber="324">Redescription.</emphasis>
Length: 
<quantity box="[478,568,1862,1889]" metricMagnitude="-3" metricUnit="m" metricValue="5.6" pageId="323" pageNumber="324" unit="mm" value="5.6">5.6 mm</quantity>
, length of elytra: 
<quantity box="[775,865,1863,1889]" metricMagnitude="-3" metricUnit="m" metricValue="4.1" pageId="323" pageNumber="324" unit="mm" value="4.1">4.1 mm</quantity>
, width: 
<quantity box="[960,1051,1863,1889]" metricMagnitude="-3" metricUnit="m" metricValue="3.4" pageId="323" pageNumber="324" unit="mm" value="3.4">3.4 mm</quantity>
. Body short-oval, reddish to dark brown and shiny; antenna yellow, dorsal surface glabrous.
</paragraph>
<paragraph blockId="323.[151,1437,1538,2033]" lastBlockId="324.[151,1437,151,321]" lastPageId="324" lastPageNumber="325" pageId="323" pageNumber="324">
Labroclypeus subtrapezoidal, widest at base, lateral margins weakly convex and strongly convergent to moderately rounded anterior angles, lateral margin and ocular canthus producing a blunt angle; margins distinctly reflexed, anteriorly distinctly emarginate medially; surface flat, finely and densely punctate, with a few long, erect setae anteriorly; frontoclypeal suture weakly impressed and moderately curved; smooth area in front of eye approximately 1.5 times as wide as long; ocular canthus short and moderately wide, finely punctate, with one terminal seta. Frons with fine, dense punctures, with a few single setae beside eyes. Eyes moderately large, ratio of diameter/interocular width: 0.6. Antenna with 10 antennomeres; club with three antennomeres, little shorter than remaining antennomeres combined. 
<collectingRegion box="[349,444,295,321]" country="Myanmar" name="Chin" pageId="324" pageNumber="325">Mentum</collectingRegion>
anteriorly elevated and flattened.
</paragraph>
<caption ID-DOI="http://doi.org/10.5281/zenodo.4496522" ID-Zenodo-Dep="4496522" httpUri="https://zenodo.org/record/4496522/files/figure.png" pageId="324" pageNumber="325" startId="324.[151,250,1598,1622]" targetBox="[161,1422,358,1563]" targetPageId="324">
<paragraph blockId="324.[151,1436,1598,1694]" pageId="324" pageNumber="325">
<emphasis bold="true" box="[151,353,1598,1622]" pageId="324" pageNumber="325">FIGURE 77. A–D:</emphasis>
<taxonomicName authority="(Moser, 1908)" baseAuthorityName="Moser" baseAuthorityYear="1908" box="[361,681,1598,1622]" class="Insecta" family="Melolonthidae" genus="Maladera" kingdom="Animalia" order="Coleoptera" pageId="324" pageNumber="325" phylum="Arthropoda" rank="species" species="parva">
<emphasis box="[361,528,1598,1622]" italics="true" pageId="324" pageNumber="325">Maladera parva</emphasis>
(
<bibRefCitation author="Moser, J." box="[543,675,1598,1622]" pageId="324" pageNumber="325" pagination="325 - 343" refId="ref334156" refString="Moser, J. (1908) Verzeichnis der von H. Fruhstorfer in Tonkin gesammelten Melolonthiden. Annales de la Societe Entomologique de Belgique, 52, 325 - 343. https: // doi. org / 10.5962 / bhl. part. 5012" type="journal article" year="1908">Moser, 1908</bibRefCitation>
)
</taxonomicName>
(Paralectotype: Central Tonkin, Chiem Hoa); 
<emphasis bold="true" box="[1159,1217,1598,1622]" pageId="324" pageNumber="325">E–H:</emphasis>
<taxonomicName authority="(Frey, 1972)" authorityName="Fabrizi &amp; Liu &amp; Bai &amp; Yang &amp; Ahrens" authorityYear="2021" baseAuthorityName="Frey" baseAuthorityYear="1972" class="Insecta" family="Melolonthidae" genus="Maladera" kingdom="Animalia" order="Coleoptera" pageId="324" pageNumber="325" phylum="Arthropoda" rank="species" species="punctulata">
<emphasis box="[1225,1368,1598,1622]" italics="true" pageId="324" pageNumber="325">M. punctulata</emphasis>
(Frey, 1972)
</taxonomicName>
. 
<emphasis bold="true" box="[223,278,1634,1658]" pageId="324" pageNumber="325">A, E:</emphasis>
aedeagus, left side lateral view; 
<emphasis bold="true" box="[609,668,1634,1658]" pageId="324" pageNumber="325">C, G:</emphasis>
aedeagus, right side lateral view; 
<emphasis bold="true" box="[1012,1065,1634,1658]" pageId="324" pageNumber="325">B, F:</emphasis>
parameres, dorsal view; 
<emphasis bold="true" box="[1319,1378,1634,1658]" pageId="324" pageNumber="325">D, H:</emphasis>
habitus. Scale: 0.5 mm. Habitus not to scale.
</paragraph>
</caption>
<paragraph blockId="324.[151,1437,1740,2019]" pageId="324" pageNumber="325">Pronotum subtrapezoidal, widest at base, lateral margins strongly convex and convergent anteriorly; anterior angles weakly produced and sharp; posterior angles blunt; anterior margin moderately convexly produced medially, anterior marginal line fine and complete; surface finely and densely punctate; anterior and lateral margins densely setose. Scutellum wide and dull, triangular, with fine and dense punctures.</paragraph>
<paragraph blockId="324.[151,1437,1740,2019]" pageId="324" pageNumber="325">Elytra oblong, widest at middle, striae finely impressed, finely and densely punctate, intervals weakly convex, with fine, dense punctures concentrated along striae, glabrous; epipleural margin robust, ending at blunt external apical angle of elytra, apex of elytra concavely trunctae; epipleura densely setose; apical border chitinous, without a rim of short microtrichomes.</paragraph>
<paragraph blockId="325.[151,1437,151,825]" pageId="325" pageNumber="326">Ventral surface shiny, metasternum and metacoxa with fine and dense punctures, sparsely setose; metacoxa glabrous except for a several long setae laterally. Mesosternum between mesocoxae as wide as mesofemur. Ratio of length of metepisternum/metacoxa: 1/1.47. Abdominal sternites, in addition to fine and dense punctures, each with a distinct transverse row of punctures each bearing a short and fine seta, otherwise punctures with microscopic setae, penultimate sternite apically with a shiny smooth chitinous border, which is a quarter as long as sternite. Pygidium moderately convex, finely and densely punctate, without smooth midline, with a few long setae along apical margin.</paragraph>
<paragraph blockId="325.[151,1437,151,825]" pageId="325" pageNumber="326">Legs moderately wide and long; femora with two longitudinal rows of setae, finely and moderately densely punctate; metafemur shiny, anterior margin acute, lacking an adjacent serrated line; posterior ventral margin convex, weakly widened in apical half and smooth, dorsal posterior margin smooth, finely sparsely setose. Metatibia moderately wide and long, widest at apex, ratio width/length: 1/2.55, dorsal margin sharply carinate, with two group of spines, basal at one third, apical at two thirds of metatibial length; lateral face longitudinally convex, with sparse and fine punctures; ventral margin serrate, with three equidistant spines; medial face impunctate; apex interiorly near tarsal articulation shallowly concave. Tarsomeres impunctate dorsally, ventrally with sparse, short setae; metatarsomeres glabrous ventrally and with a strongly serrated ridge, beside which is not a strong longitudinal carina; first metatarsomere little shorter than following two tarsomeres combined and little longer than dorsal tibial spur. Protibia short, bidentate, moderately long. Protarsal claws symmetric.</paragraph>
<paragraph blockId="325.[151,1437,151,825]" box="[199,679,763,789]" pageId="325" pageNumber="326">
Aedeagus: 
<figureCitation box="[324,404,763,789]" captionStart="FIGURE 77" captionStartId="324.[151,250,1598,1622]" captionTargetBox="[161,1422,358,1563]" captionTargetId="figure-93@324.[151,1436,345,1575]" captionTargetPageId="324" captionText="FIGURE 77. A–D: Maladera parva (Moser, 1908) (Paralectotype: Central Tonkin, Chiem Hoa); E–H: M. punctulata (Frey, 1972). A, E: aedeagus, left side lateral view; C, G: aedeagus, right side lateral view; B, F: parameres, dorsal view; D, H: habitus. Scale: 0.5 mm. Habitus not to scale." figureDoi="http://doi.org/10.5281/zenodo.4496522" httpUri="https://zenodo.org/record/4496522/files/figure.png" pageId="325" pageNumber="326">Fig. 77</figureCitation>
A–C. Habitus: 
<figureCitation box="[573,676,763,789]" captionStart="FIGURE 77" captionStartId="324.[151,250,1598,1622]" captionTargetBox="[161,1422,358,1563]" captionTargetId="figure-93@324.[151,1436,345,1575]" captionTargetPageId="324" captionText="FIGURE 77. A–D: Maladera parva (Moser, 1908) (Paralectotype: Central Tonkin, Chiem Hoa); E–H: M. punctulata (Frey, 1972). A, E: aedeagus, left side lateral view; C, G: aedeagus, right side lateral view; B, F: parameres, dorsal view; D, H: habitus. Scale: 0.5 mm. Habitus not to scale." figureDoi="http://doi.org/10.5281/zenodo.4496522" httpUri="https://zenodo.org/record/4496522/files/figure.png" pageId="325" pageNumber="326">Fig. 77D</figureCitation>
.
</paragraph>
</subSubSection>
<subSubSection box="[199,718,798,825]" pageId="325" pageNumber="326" type="distribution">
<paragraph blockId="325.[151,1437,151,825]" box="[199,718,798,825]" pageId="325" pageNumber="326">
<emphasis bold="true" box="[199,353,798,824]" pageId="325" pageNumber="326">Distribution.</emphasis>
See map (
<figureCitation box="[470,566,799,825]" captionStart="FIGURE 130" captionStartId="366.[151,250,1942,1966]" captionTargetBox="[232,1356,1126,1912]" captionTargetId="figure-64@366.[226,1362,1122,1918]" captionTargetPageId="366" captionText="FIGURE 130. Distribution of Maladera species with uncertain systematic status: Maladera panyuensis sp. n., M. parva (Moser, 1908), Maladera punctulata (Frey, 1972), M. rotunda (Arrow, 1946), M. tibialis (Brenske, 1898), M. trifidiforceps sp. n., M. wandingana sp. n." figureDoi="http://doi.org/10.5281/zenodo.4496670" httpUri="https://zenodo.org/record/4496670/files/figure.png" pageId="325" pageNumber="326">Fig. 130</figureCitation>
) and 
<tableCitation box="[628,712,799,825]" captionStart="TABLE 1" captionStartId="368.[151,239,544,570]" captionText="TABLE 1. Overview on the distribuition of the Chinese mainland species of Maladera Mulsant &amp; Rey, 1871 (x – records from material examined herein, o – records from literature, with no material of this study)." pageId="325" pageNumber="326">Table 1</tableCitation>
.
</paragraph>
</subSubSection>
</treatment>
</document>