<document ID-DOI="http://doi.org/10.5281/zenodo.4534697" ID-GBIF-Dataset="188411de-569c-4408-a016-1a04b858c142" ID-ISSN="1175-5326" ID-Zenodo-Dep="4534697" ID-ZooBank="D7F9C6A3-9C28-4F4C-8E81-BF24849FDD8C" _generate="added" approvalRequired="33" approvalRequired_for_illustrations="17" approvalRequired_for_treatments="16" checkinTime="1612331093960" checkinUser="plazi" docAuthor="Fabrizi, Silvia, Liu, Wan-Gang, Bai, Ming, Yang, Xing-Ke &amp; Ahrens, Dirk" docDate="2021" docId="03BD87E66BAEFF15AF89FB28FD133979" docLanguage="en" docName="zootaxa.4922.1.1.pdf" docOrigin="Zootaxa 4922 (1)" docStyle="DocumentStyle:5EBBA59367AD13919D70D935FA04F6A3.7:Zootaxa.2013-.monograph" docStyleId="5EBBA59367AD13919D70D935FA04F6A3" docStyleName="Zootaxa.2013-.monograph" docStyleVersion="7" docTitle="Maladera pallida Fabrizi &amp; Liu &amp; Bai &amp; Yang &amp; Ahrens 2021, comb.n." docType="treatment" docVersion="7" lastPageId="208" lastPageNumber="209" masterDocId="FF84FF9E6B61FFC5AF1EF86AFFDE3D4C" masterDocTitle="A monograph of the genus Maladera Mulsant &amp; Rey, 1871 of China (Coleoptera: Scarabaeidae: Melolonthinae: Sericini)" masterLastPageNumber="400" masterPageNumber="1" pageId="207" pageNumber="208" updateTime="1615983897969" updateUser="diego">
<mods:mods xmlns:mods="http://www.loc.gov/mods/v3">
<mods:titleInfo>
<mods:title>A monograph of the genus Maladera Mulsant &amp; Rey, 1871 of China (Coleoptera: Scarabaeidae: Melolonthinae: Sericini)</mods:title>
</mods:titleInfo>
<mods:name type="personal">
<mods:role>
<mods:roleTerm>Author</mods:roleTerm>
</mods:role>
<mods:namePart>Fabrizi, Silvia</mods:namePart>
<mods:nameIdentifier type="ORCID">0000-0003-3524-7153</mods:nameIdentifier>
<mods:nameIdentifier type="email">ahrens.dirk_col@gmx.de</mods:nameIdentifier>
</mods:name>
<mods:name type="personal">
<mods:role>
<mods:roleTerm>Author</mods:roleTerm>
</mods:role>
<mods:namePart>Liu, Wan-Gang</mods:namePart>
<mods:nameIdentifier type="ORCID">0000-0003-4788-7967</mods:nameIdentifier>
<mods:nameIdentifier type="email">liuwangang@ieecas.cn</mods:nameIdentifier>
</mods:name>
<mods:name type="personal">
<mods:role>
<mods:roleTerm>Author</mods:roleTerm>
</mods:role>
<mods:namePart>Bai, Ming</mods:namePart>
<mods:nameIdentifier type="ORCID">0000-0003-3676-6828</mods:nameIdentifier>
<mods:nameIdentifier type="email">liuwangang@ieecas.cn</mods:nameIdentifier>
</mods:name>
<mods:name type="personal">
<mods:role>
<mods:roleTerm>Author</mods:roleTerm>
</mods:role>
<mods:namePart>Yang, Xing-Ke</mods:namePart>
<mods:nameIdentifier type="ORCID">0000-0003-3676-6828</mods:nameIdentifier>
<mods:nameIdentifier type="email">liuwangang@ieecas.cn</mods:nameIdentifier>
</mods:name>
<mods:name type="personal">
<mods:role>
<mods:roleTerm>Author</mods:roleTerm>
</mods:role>
<mods:namePart>Ahrens, Dirk</mods:namePart>
<mods:nameIdentifier type="ORCID">0000-0003-3524-7153</mods:nameIdentifier>
<mods:nameIdentifier type="email">ahrens.dirk_col@gmx.de</mods:nameIdentifier>
</mods:name>
<mods:typeOfResource>text</mods:typeOfResource>
<mods:relatedItem type="host">
<mods:titleInfo>
<mods:title>Zootaxa</mods:title>
</mods:titleInfo>
<mods:part>
<mods:date>2021</mods:date>
<mods:detail type="pubDate">
<mods:number>2021-02-03</mods:number>
</mods:detail>
<mods:detail type="volume">
<mods:number>4922</mods:number>
</mods:detail>
<mods:detail type="issue">
<mods:number>1</mods:number>
</mods:detail>
<mods:extent unit="page">
<mods:start>1</mods:start>
<mods:end>400</mods:end>
</mods:extent>
</mods:part>
</mods:relatedItem>
<mods:classification>journal article</mods:classification>
<mods:identifier type="DOI">https://doi.org/10.11646/zootaxa.4922.1.1</mods:identifier>
<mods:identifier type="GBIF-Dataset">188411de-569c-4408-a016-1a04b858c142</mods:identifier>
<mods:identifier type="ISSN">1175-5326</mods:identifier>
<mods:identifier type="Zenodo-Dep">4496316</mods:identifier>
<mods:identifier type="ZooBank">D7F9C6A3-9C28-4F4C-8E81-BF24849FDD8C</mods:identifier>
</mods:mods>
<treatment ID-DOI="http://doi.org/10.5281/zenodo.4534697" ID-Zenodo-Dep="4534697" LSID="urn:lsid:plazi:treatment:03BD87E66BAEFF15AF89FB28FD133979" httpUri="http://treatment.plazi.org/id/03BD87E66BAEFF15AF89FB28FD133979" lastPageId="208" lastPageNumber="209" pageId="207" pageNumber="208">
<subSubSection box="[151,705,834,861]" pageId="207" pageNumber="208" type="nomenclature">
<paragraph blockId="207.[151,705,834,897]" box="[151,705,834,861]" pageId="207" pageNumber="208">
<heading bold="true" box="[151,705,834,861]" fontSize="11" level="2" pageId="207" pageNumber="208" reason="4">
<emphasis bold="true" box="[151,705,834,861]" pageId="207" pageNumber="208">
<taxonomicName authority="(Burmeister, 1855)" authorityName="Fabrizi &amp; Liu &amp; Bai &amp; Yang &amp; Ahrens" authorityYear="2021" baseAuthorityName="Burmeister" baseAuthorityYear="1855" box="[151,598,834,861]" class="Insecta" family="Melolonthidae" genus="Maladera" kingdom="Animalia" order="Coleoptera" pageId="207" pageNumber="208" phylum="Arthropoda" rank="species" species="pallida" status="comb.n.">
<emphasis bold="true" box="[151,359,834,861]" italics="true" pageId="207" pageNumber="208">Maladera pallida</emphasis>
(
<bibRefCitation author="Burmeister, H." box="[376,590,834,860]" pageId="207" pageNumber="208" refId="ref331559" refString="Burmeister, H. (1855) Handbuch der Entomologie. Vierter Band. Besondere Entomologie. Fortsetzung. 2. Abteilung, Coleoptera Lamellicornia Phyllophaga chaenochela. T. C. F. Enslin, Berlin, x + 569 pp." type="book" year="1855">Burmeister, 1855</bibRefCitation>
)
</taxonomicName>
<taxonomicNameLabel box="[606,705,835,861]" pageId="207" pageNumber="208" rank="species">comb.n.</taxonomicNameLabel>
</emphasis>
</heading>
</paragraph>
</subSubSection>
<subSubSection box="[151,375,871,897]" pageId="207" pageNumber="208" type="description">
<paragraph blockId="207.[151,705,834,897]" box="[151,375,871,897]" pageId="207" pageNumber="208">
<figureCitation box="[151,270,871,897]" captionStart="FIGURE 47" captionStartId="204.[151,250,1944,1968]" captionTargetBox="[212,1375,197,1908]" captionTargetId="figure-19@204.[198,1389,181,1920]" captionTargetPageId="204" captionText="FIGURE 47. A–E: Maladera bansongchana Ahrens, Fabrizi &amp; Liu, sp. n. (holotype); F–I: M. peregoi Ahrens, Fabrizi &amp; Liu, sp. n. (holotype); J–M: M. pallida (Burmeister, 1855) (China). A, F, J: aedeagus, left side lateral view; D, H, L: aedeagus, right side lateral view; B, G, K: parameres, dorsal view; E, I, M: habitus. Scale: 0.5 mm. Habitus not to scale." figureDoi="http://doi.org/10.5281/zenodo.4496436" httpUri="https://zenodo.org/record/4496436/files/figure.png" pageId="207" pageNumber="208">Figures 47</figureCitation>
J–M, 112
</paragraph>
</subSubSection>
<subSubSection pageId="207" pageNumber="208" type="reference_group">
<paragraph blockId="207.[151,855,939,1025]" box="[151,855,939,963]" pageId="207" pageNumber="208">
<treatmentCitationGroup box="[151,855,939,963]" pageId="207" pageNumber="208">
<treatmentCitation author="Burmeister, H." box="[151,530,939,963]" page="167" pageId="207" pageNumber="208" year="1855">
<taxonomicName authority="Burmeister, 1855: 167" authorityName="Burmeister" authorityPageNumber="167" authorityYear="1855" box="[151,530,939,963]" class="Insecta" family="Melolonthidae" genus="Serica" kingdom="Animalia" order="Coleoptera" pageId="207" pageNumber="208" phylum="Arthropoda" rank="species" species="pallida">
<emphasis box="[151,294,939,963]" italics="true" pageId="207" pageNumber="208">Serica pallida</emphasis>
<bibRefCitation author="Burmeister, H." box="[300,530,939,963]" pageId="207" pageNumber="208" refId="ref331559" refString="Burmeister, H. (1855) Handbuch der Entomologie. Vierter Band. Besondere Entomologie. Fortsetzung. 2. Abteilung, Coleoptera Lamellicornia Phyllophaga chaenochela. T. C. F. Enslin, Berlin, x + 569 pp." type="book" year="1855">Burmeister, 1855: 167</bibRefCitation>
</taxonomicName>
</treatmentCitation>
; 
<treatmentCitation author="Ahrens, D." box="[539,736,939,963]" page="245" pageId="207" pageNumber="208" year="2006">
<bibRefCitation author="Ahrens, D." box="[539,736,939,963]" pageId="207" pageNumber="208" refId="ref329946" refString="Ahrens, D. (2006 b) Sericinae. In: Lobl, I. &amp; Smetana, A. (Eds.), Catalogue of Palaearctic Coleoptera. Volume 3. Scarabaeoidea-Scirtoidea-Dascilloidea-Buprestoidea-Byrrhoidea. Apollo Books, Stenstrup, pp. 229 - 248." type="book" year="2006">Ahrens 2006b: 245</bibRefCitation>
</treatmentCitation>
; 
<treatmentCitation author="Ahrens, D." box="[746,851,939,963]" page="36" pageId="207" pageNumber="208" year="2007">
<bibRefCitation author="Ahrens, D." box="[746,851,939,963]" pageId="207" pageNumber="208" pagination="1 - 51" refId="ref330155" refString="Ahrens, D. (2007 b) Taxonomic changes and an updated Catalogue of Palearctic Sericini (Coleoptera: Scarabaeidae: Melolonthinae). Zootaxa, 1504 (1), 1 - 51. https: // doi. org / 10.11646 / zootaxa. 1504.1.1" type="journal article" year="2007">2007b: 36</bibRefCitation>
</treatmentCitation>
.
</treatmentCitationGroup>
</paragraph>
<paragraph blockId="207.[151,855,939,1025]" box="[151,578,970,994]" pageId="207" pageNumber="208">
<treatmentCitationGroup box="[151,578,970,994]" pageId="207" pageNumber="208">
<treatmentCitation author="Medvedev, S. I." box="[151,574,970,994]" page="144" pageId="207" pageNumber="208" year="1952">
<taxonomicName authority=": Medvedev 1952: 144" authorityName=": Medvedev" authorityPageNumber="144" authorityYear="1952" box="[151,574,970,994]" class="Insecta" family="Melolonthidae" genus="Amaladera" kingdom="Animalia" order="Coleoptera" pageId="207" pageNumber="208" phylum="Arthropoda" rank="species" species="pallida">
<emphasis box="[151,342,970,994]" italics="true" pageId="207" pageNumber="208">Amaladera pallida</emphasis>
: 
<bibRefCitation author="Medvedev, S. I." box="[355,574,970,994]" pageId="207" pageNumber="208" refId="ref333942" refString="Medvedev, S. I. (1952) Fauna USSR: Coleoptera 10 Nr. 1: Lamellicornia (Scarabaeidae), subfam. Melolonthinae. Part 2. Izdatelstvo Akademii Nauk SSSR, Moskva, Leningrad, 276 pp." type="book" year="1952">Medvedev 1952: 144</bibRefCitation>
</taxonomicName>
</treatmentCitation>
.
</treatmentCitationGroup>
</paragraph>
<paragraph blockId="207.[151,855,939,1025]" box="[151,832,1000,1025]" pageId="207" pageNumber="208">
<taxonomicName authority="Miyake" authorityName="Miyake" box="[151,449,1000,1024]" class="Insecta" family="Melolonthidae" genus="Maladera" kingdom="Animalia" order="Coleoptera" pageId="207" pageNumber="208" phylum="Arthropoda" rank="species" species="ludipennis">
<emphasis box="[151,363,1000,1024]" italics="true" pageId="207" pageNumber="208">Maladera ludipennis</emphasis>
Miyake
</taxonomicName>
, 
<collectingRegion box="[458,572,1000,1024]" country="Japan" name="Yamaguchi" pageId="207" pageNumber="208">Yamaguchi</collectingRegion>
&amp; Aoki 2002: 52, 
<emphasis bold="true" box="[763,832,1001,1025]" pageId="207" pageNumber="208">syn. n.</emphasis>
</paragraph>
</subSubSection>
<subSubSection pageId="207" pageNumber="208" type="materials_examined">
<paragraph blockId="207.[151,1437,1070,2033]" pageId="207" pageNumber="208">
<emphasis bold="true" box="[151,452,1070,1097]" pageId="207" pageNumber="208">Type material examined:</emphasis>
<materialsCitation collectionCode="ZMHB, MLUH" country="Hong Kong" location="Hongkong" pageId="207" pageNumber="208" specimenCount="2" specimenCount-female="1" specimenCount-male="1" typeStatus="lectotype">
<typeStatus box="[461,573,1071,1097]" pageId="207" pageNumber="208">Lectotype</typeStatus>
(
<taxonomicName authorityName=": Medvedev" authorityYear="1952" box="[591,670,1071,1097]" class="Insecta" family="Melolonthidae" genus="Amaladera" kingdom="Animalia" order="Coleoptera" pageId="207" pageNumber="208" phylum="Arthropoda" rank="species" species="pallida">
<emphasis box="[591,670,1071,1097]" italics="true" pageId="207" pageNumber="208">pallida</emphasis>
</taxonomicName>
, here designated): 
<specimenCount box="[888,909,1071,1097]" pageId="207" pageNumber="208" type="male">♂</specimenCount>
“703 5/9/51/ 
<collectingCountry box="[1068,1189,1071,1097]" name="Hong Kong" pageId="207" pageNumber="208">Hongkong</collectingCountry>
” (
<collectionCode box="[1216,1303,1071,1097]" pageId="207" pageNumber="208">ZMHB</collectionCode>
). Paralectotype (
<taxonomicName authorityName=": Medvedev" authorityYear="1952" box="[218,297,1107,1133]" class="Insecta" family="Melolonthidae" genus="Amaladera" kingdom="Animalia" order="Coleoptera" pageId="207" pageNumber="208" phylum="Arthropoda" rank="species" species="pallida">
<emphasis box="[218,297,1107,1133]" italics="true" pageId="207" pageNumber="208">pallida</emphasis>
</taxonomicName>
, here designated): 
<specimenCount box="[518,563,1107,1133]" pageId="207" pageNumber="208" type="female">1 ♀</specimenCount>
“703 9/5/51/ 
<taxonomicName authority="Br. Hongk. Dhn." authorityName="Br. Hongk. Dhn." box="[725,1007,1107,1133]" class="Insecta" family="Melolonthidae" genus="Amaladera" kingdom="Animalia" order="Coleoptera" pageId="207" pageNumber="208" phylum="Arthropoda" rank="species" species="pallida">
<emphasis box="[725,804,1107,1133]" italics="true" pageId="207" pageNumber="208">pallida</emphasis>
Br. Hongk. Dhn.
</taxonomicName>
” (
<collectionCode box="[1034,1123,1107,1133]" country="Germany" httpUri="http://grbio.org/cool/pvva-bewi" name="Martin Luther Universitaet" pageId="207" pageNumber="208">MLUH</collectionCode>
)
</materialsCitation>
. 
<materialsCitation collectingDate="1999-02-23" collectionCode="RIEBT" collectorName="S. Yamaguchi &amp; T. Aoki" country="Hong Kong" pageId="207" pageNumber="208" specimenCount="2" typeStatus="holotype">
<typeStatus box="[1144,1248,1107,1133]" pageId="207" pageNumber="208">Holotype</typeStatus>
(
<taxonomicName box="[1267,1384,1107,1133]" class="Insecta" family="Melolonthidae" genus="Maladera" kingdom="Animalia" order="Coleoptera" pageId="207" pageNumber="208" phylum="Arthropoda" rank="species" species="ludipennis">
<emphasis box="[1267,1384,1107,1133]" italics="true" pageId="207" pageNumber="208">ludipennis</emphasis>
</taxonomicName>
): @ “Ban Lao Kram Mukdahan (light) E-Thailand 
<date box="[692,852,1143,1169]" pageId="207" pageNumber="208" value="1999-02-23">
<collectingDate box="[692,852,1143,1169]" pageId="207" pageNumber="208" value="1999-02-23">23. Feb. 1999</collectingDate>
</date>
<collectorName box="[862,1019,1143,1169]" pageId="207" pageNumber="208">S. Yamaguchi</collectorName>
&amp; 
<collectorName box="[1061,1147,1143,1169]" pageId="207" pageNumber="208">T. Aoki</collectorName>
leg./ 
<typeStatus box="[1216,1320,1143,1169]" pageId="207" pageNumber="208">Holotype</typeStatus>
<taxonomicName authority="Y. Miyake" authorityName="Y. Miyake" class="Insecta" family="Melolonthidae" genus="Maladera" kingdom="Animalia" order="Coleoptera" pageId="207" pageNumber="208" phylum="Arthropoda" rank="species" species="ludipennis">Maladera ludipennis Y. Miyake</taxonomicName>
, Yamaguchi et Akiyama 2002” (
<collectionCode box="[755,842,1179,1205]" pageId="207" pageNumber="208">RIEBT</collectionCode>
)
</materialsCitation>
.
</paragraph>
<paragraph blockId="207.[151,1437,1070,2033]" pageId="207" pageNumber="208">
<materialsCitation box="[199,1368,1214,1241]" collectionCode="MLUH" country="China" location="China" pageId="207" pageNumber="208" specimenCount="1" specimenCount-female="1">
<emphasis bold="true" box="[199,657,1214,1240]" pageId="207" pageNumber="208">
<typeStatus box="[199,561,1214,1240]" isOtherTypeStatus="true" pageId="207" pageNumber="208">Additional material examined</typeStatus>
. 
<collectingCountry box="[575,652,1214,1240]" name="China" pageId="207" pageNumber="208">China</collectingCountry>
:
</emphasis>
<specimenCount box="[665,709,1215,1241]" pageId="207" pageNumber="208" type="female">1 ♀</specimenCount>
[
<typeStatus box="[724,823,1215,1241]" pageId="207" pageNumber="208">Syntype</typeStatus>
?; without abdomen and proper labels] (
<collectionCode box="[1272,1360,1215,1241]" country="Germany" httpUri="http://grbio.org/cool/pvva-bewi" name="Martin Luther Universitaet" pageId="207" pageNumber="208">MLUH</collectionCode>
)
</materialsCitation>
, 
<materialsCitation country="China" pageId="207" pageNumber="208" specimenCount="1">
<specimenCount box="[1381,1437,1215,1241]" pageId="207" pageNumber="208" type="generic">1 ex.</specimenCount>
“China”
</materialsCitation>
, 
<materialsCitation box="[260,583,1251,1277]" collectionCode="ZMHB" country="China" location="Hongkong" pageId="207" pageNumber="208" specimenCount="1">
<specimenCount box="[260,318,1251,1277]" pageId="207" pageNumber="208" type="generic">1 ex.</specimenCount>
“ 
<location LSID="urn:lsid:plazi:treatment:03BD87E66BAEFF15AF89FB28FD133979:8ECB602B6BAEFF0AAE4CFC89FE1039B1" box="[338,462,1251,1277]" country="China" name="Hongkong" pageId="207" pageNumber="208">Hongkong</location>
” (
<collectionCode box="[489,575,1251,1277]" pageId="207" pageNumber="208">ZMHB</collectionCode>
)
</materialsCitation>
, 
<materialsCitation box="[598,1161,1251,1277]" collectionCode="ZMUC" country="China" pageId="207" pageNumber="208" specimenCount="2" specimenCount-female="1">
<specimenCount box="[598,656,1251,1277]" pageId="207" pageNumber="208" type="generic">1 ex.</specimenCount>
(
<specimenCount box="[676,694,1251,1277]" pageId="207" pageNumber="208" type="female">♀</specimenCount>
) “Mus. Westerm./ Hongkong” (
<collectionCode box="[1067,1154,1251,1277]" country="Denmark" httpUri="http://grbio.org/cool/mci8-ehqk" name="Zoological Museum, University of Copenhagen" pageId="207" pageNumber="208">ZMUC</collectionCode>
)
</materialsCitation>
, 
<materialsCitation collectionCode="HNHM" country="China" location="China Tsonglok" pageId="207" pageNumber="208" specimenCount="1" specimenCount-male="1">
<specimenCount box="[1176,1221,1251,1277]" pageId="207" pageNumber="208" type="male">1 ♂</specimenCount>
“ 
<location LSID="urn:lsid:plazi:treatment:03BD87E66BAEFF15AF89FB28FD133979:8ECB602B6BAEFF0AABC7FC89FA4D39B1" box="[1241,1427,1251,1277]" country="China" name="China Tsonglok" pageId="207" pageNumber="208">China Tsonglok</location>
” (
<collectionCode box="[159,250,1287,1313]" country="Hungary" httpUri="http://biocol.org/urn:lsid:biocol.org:col:34991" lsid="urn:lsid:biocol.org:col:34991" name="Hungarian Natural History Museum (Termeszettudomanyi Muzeum)" pageId="207" pageNumber="208">HNHM</collectionCode>
)
</materialsCitation>
, 
<materialsCitation box="[272,843,1287,1313]" collectionCode="HNHM" collectorName="Coll. Reitter" country="China" location="Hongkong" municipality="China" pageId="207" pageNumber="208" specimenCount="3">
<specimenCount box="[272,330,1287,1313]" pageId="207" pageNumber="208" type="generic">3 ex.</specimenCount>
“ 
<location LSID="urn:lsid:plazi:treatment:03BD87E66BAEFF15AF89FB28FD133979:8ECB602B6BAEFF0AAE43FD6DFE0B386D" box="[349,469,1287,1313]" country="China" municipality="China" name="Hongkong" pageId="207" pageNumber="208">Hongkong</location>
/ 
<collectingMunicipality box="[487,553,1287,1313]" pageId="207" pageNumber="208">China</collectingMunicipality>
/ 
<collectorName box="[572,716,1287,1313]" pageId="207" pageNumber="208">Coll. Reitter</collectorName>
” (
<collectionCode box="[743,835,1287,1313]" country="Hungary" httpUri="http://biocol.org/urn:lsid:biocol.org:col:34991" lsid="urn:lsid:biocol.org:col:34991" name="Hungarian Natural History Museum (Termeszettudomanyi Muzeum)" pageId="207" pageNumber="208">HNHM</collectionCode>
)
</materialsCitation>
. 
<materialsCitation collectionCode="ZMHB" country="Vietnam" location="Tonkin Dap" pageId="207" pageNumber="208" specimenCount="8">
<emphasis bold="true" box="[856,967,1286,1312]" pageId="207" pageNumber="208">
<collectingCountry box="[856,962,1286,1312]" name="Vietnam" pageId="207" pageNumber="208">Vietnam</collectingCountry>
:
</emphasis>
<specimenCount box="[977,1034,1287,1313]" pageId="207" pageNumber="208" type="generic">8 ex.</specimenCount>
“ 
<location LSID="urn:lsid:plazi:treatment:03BD87E66BAEFF15AF89FB28FD133979:8ECB602B6BAEFF0AAB03FD6DFB76386D" box="[1053,1192,1287,1313]" country="Vietnam" name="Tonkin Dap" pageId="207" pageNumber="208">Tonkin Dap</location>
ban/ 
<emphasis box="[1259,1366,1287,1312]" italics="true" pageId="207" pageNumber="208">contracta</emphasis>
Brsk. [Handschr. Moser]” (
<collectionCode box="[397,484,1323,1349]" pageId="207" pageNumber="208">ZMHB</collectionCode>
)
</materialsCitation>
. 
<materialsCitation collectingDate="1997-04-27" collectingDateMax="1997-05-01" collectingDateMin="1997-04-27" collectionCode="CP" collectorName="P. Pacholatko" country="Laos" elevation="150" location="Laos" longitude="103.18166" municipality="Ban Phabat" pageId="207" pageNumber="208" specimenCount="1" stateProvince="Viangchan">
<emphasis bold="true" box="[506,573,1323,1349]" pageId="207" pageNumber="208">
<collectingCountry box="[506,568,1323,1349]" name="Laos" pageId="207" pageNumber="208">Laos</collectingCountry>
:
</emphasis>
1 @ “ 
<location LSID="urn:lsid:plazi:treatment:03BD87E66BAEFF15AF89FB28FD133979:8ECB602B6BAEFF0AAD8EFD41FD173809" box="[656,713,1323,1349]" country="Laos" longitude="103.18166" municipality="Ban Phabat" name="Laos" pageId="207" pageNumber="208" stateProvince="Viangchan">Laos</location>
centr., 
<date box="[803,981,1323,1349]" pageId="207" pageNumber="208" value="1997-04-27" valueMax="1997-05-01" valueMin="1997-04-27">
<collectingDate box="[803,981,1323,1349]" pageId="207" pageNumber="208" value="1997-04-27" valueMax="1997-05-01" valueMin="1997-04-27">27.IV.-1.V.1997</collectingDate>
</date>
<locationDeviation box="[992,1225,1323,1349]" location="Vientiane" pageId="207" pageNumber="208">
<quantity box="[992,1056,1323,1349]" metricMagnitude="4" metricUnit="m" metricValue="7.0" pageId="207" pageNumber="208" unit="km" value="70.0">70km</quantity>
NE 
<collectingRegion box="[1115,1225,1323,1349]" country="Laos" name="Viangchan" pageId="207" pageNumber="208">Vientiane</collectingRegion>
</locationDeviation>
, 
<collectingMunicipality box="[1240,1372,1323,1349]" pageId="207" pageNumber="208">Ban Phabat</collectingMunicipality>
env., 
<quantity box="[151,218,1358,1385]" metricMagnitude="2" metricUnit="m" metricValue="1.5" pageId="207" pageNumber="208" unit="m" value="150.0">
<elevation box="[151,218,1358,1385]" metricMagnitude="2" metricUnit="m" metricValue="1.5" pageId="207" pageNumber="208" unit="m" value="150.0">150m</elevation>
</quantity>
, 
<geoCoordinate box="[229,356,1359,1385]" pageId="207" pageNumber="208">N 18°16.1’</geoCoordinate>
, 
<geoCoordinate box="[368,502,1359,1385]" pageId="207" pageNumber="208">E 103°10.9’</geoCoordinate>
E. 
<collectorName box="[539,617,1359,1385]" pageId="207" pageNumber="208">Jendek</collectorName>
&amp; 
<collectorName box="[653,752,1359,1387]" pageId="207" pageNumber="208">O. Šauša</collectorName>
leg./ 
<collectorName box="[815,1028,1359,1385]" pageId="207" pageNumber="208">Coll. P. Pacholatko</collectorName>
/ 360 
<taxonomicName box="[1092,1184,1359,1385]" class="Insecta" family="Scarabaeidae" kingdom="Animalia" order="Coleoptera" pageId="207" pageNumber="380" phylum="Arthropoda" rank="tribe" tribe="Sericini">Sericini</taxonomicName>
: Asia spec.” (
<collectionCode box="[1336,1375,1359,1385]" pageId="207" pageNumber="208">CP</collectionCode>
)
</materialsCitation>
.
</paragraph>
<paragraph blockId="207.[151,1437,1070,2033]" box="[199,1060,1395,1421]" pageId="207" pageNumber="208">
<materialsCitation box="[199,1056,1395,1421]" collectionCode="SMTD" collectorName="Coll. C. Felsche Kauf" country="Bangladesh" location="Bengalen" pageId="207" pageNumber="208" specimenCount="8">
Doubtful record: 
<specimenCount box="[394,448,1395,1421]" pageId="207" pageNumber="208" type="generic">8 ex.</specimenCount>
“ 
<collectingCountry box="[465,573,1395,1421]" name="Bangladesh" pageId="207" pageNumber="208">Bengalen</collectingCountry>
/ 
<collectorName box="[588,831,1395,1421]" pageId="207" pageNumber="208">Coll. C. Felsche Kauf</collectorName>
20, 1918” (
<collectionCode box="[964,1048,1395,1421]" pageId="207" pageNumber="208">SMTD</collectionCode>
)
</materialsCitation>
.
</paragraph>
</subSubSection>
<subSubSection lastPageId="208" lastPageNumber="209" pageId="207" pageNumber="208" type="description">
<paragraph blockId="207.[151,1437,1070,2033]" pageId="207" pageNumber="208">
<emphasis bold="true" box="[199,373,1430,1456]" pageId="207" pageNumber="208">Redescription.</emphasis>
Length: 
<quantity box="[472,559,1431,1457]" metricMagnitude="-3" metricUnit="m" metricValue="4.9" pageId="207" pageNumber="208" unit="mm" value="4.9">4.9 mm</quantity>
, length of elytra: 
<quantity box="[754,841,1431,1457]" metricMagnitude="-3" metricUnit="m" metricValue="3.8" pageId="207" pageNumber="208" unit="mm" value="3.8">3.8 mm</quantity>
, width: 3.0 mm. Body oblong-oval, yellowish brown, dull, antenna yellow, head shiny, except some single setae on head dorsal surface nearly glabrous.
</paragraph>
<paragraph blockId="207.[151,1437,1070,2033]" pageId="207" pageNumber="208">
Labroclypeus wide and subtrapezoidal, widest at base, lateral margins convex and distinctly convergent anteriorly, anterior angles moderately rounded, anterior margin emarginate medially, strongly reflexed; lateral margin and ocular canthus produce an indistinct angle; surface flat, finely and densely punctate, with a few larger punctures each bearing an erect seta anteriorly; frontoclypeal suture indistinct, evenly curved; smooth area anterior to eye weakly convex, as wide as long; ocular canthus short and wide (1/4 of ocular diameter), finely and densely punctate, with a terminal seta. Frons completely shiny, with very dense, fine punctures, behind frontoclypeal suture and beside eyes with a few long setae in large sparse punctures. Eyes small, ratio diameter/ interocular width: 0.6. Antenna with ten antennomeres; club with three antennomeres and straight, distinctly shorter than remaining antennomeres combined. 
<collectingRegion box="[276,371,1791,1817]" country="Myanmar" name="Chin" pageId="207" pageNumber="208">Mentum</collectingRegion>
elevated and slightly flattened anteriorly.
</paragraph>
<paragraph blockId="207.[151,1437,1070,2033]" pageId="207" pageNumber="208">Pronotum transverse, widest shortly before base, lateral margins evenly convex and strongly convergent anteriorly, anterior angles distinctly produced and sharp, posterior angles strongly rounded; anterior margin straight, with complete and fine marginal line, base without marginal line; surface finely and densely punctate, with minute setae in punctures; lateral anterior and lateral margin finely setose; hypomeron carinate, not produced ventrally. Scutellum wide, triangular, with fine, dense punctures.</paragraph>
<paragraph blockId="207.[151,1437,1070,2033]" lastBlockId="208.[151,1437,151,1077]" lastPageId="208" lastPageNumber="209" pageId="207" pageNumber="208">Elytra widest shortly behind middle, striae finely impressed, finely and sparsely punctate, intervals weakly convex, with fine and sparse punctures concentrated along striae, with minute setae in punctures, penultimate interval with a very few single, short setae; epipleural margin robust, ending at weakly curved external apical angle of elytra, epipleura sparsely setose; apical border of elytra membraneous, with a fine rim of microtrichomes (visible at ca 100x magnification).</paragraph>
<paragraph blockId="208.[151,1437,151,1077]" pageId="208" pageNumber="209">Ventral surface dull, coarsely and densely punctate, glabrous, metasternal disc sparsely covered with fine, short setae; metacoxa with a few longer setae laterally. Abdominal sternites finely and densely punctate, glabrous, each sternite with a transverse row of punctures each bearing a fine seta. Mesosternum between mesocoxae as wide as mesofemur. Ratio of length of metepisternum/metacoxa: 1/1.35. Pygidium moderately convex and dull, coarsely and densely punctate, without impunctate midline, glabrous except a few short setae along apical margin.</paragraph>
<paragraph blockId="208.[151,1437,151,1077]" pageId="208" pageNumber="209">Legs short and wide, shiny; femora with two longitudinal rows of setae, finely and sparsely punctate. Metafemur with anterior margin acute, without adjacent serrated line, anterior row of setae complete; posterior margin smooth, weakly widened at apex and smooth ventrally, not serrate dorsally, finely shortly setose. Metatibia short and wide, widest at middle, ratio of width/length: 1/2.7, sharply carinate dorsally, with two groups of spines, basal group at one quarter, apical group at two thirds of metatibial length, with a few robust setae basally subparallel to dorsal margin; lateral face longitudinally convex, shiny, sparsely punctate and glabrous; ventral margin finely serrate, with four equidistant, short and robust setae; medial face smooth and glabrous; apex finely serrate, moderately truncate interiorly near tarsal articulation. Tarsomeres dorsally impunctate, moderately setose ventrally; metatarsomeres with a strongly serrated ridge ventrally and a smooth subventral longitudinal carina, laterally and dorsally not carinate; first metatarsomere little shorter than following two tarsomeres combined and distinctly longer than dorsal tibial spur. Protibia short, bidentate; anterior claws symmetrical, basal tooth of both claws bluntly truncate at apex.</paragraph>
<paragraph blockId="208.[151,1437,151,1077]" box="[199,673,871,897]" pageId="208" pageNumber="209">
Aedeagus: 
<figureCitation box="[324,405,871,897]" captionStart="FIGURE 47" captionStartId="204.[151,250,1944,1968]" captionTargetBox="[212,1375,197,1908]" captionTargetId="figure-19@204.[198,1389,181,1920]" captionTargetPageId="204" captionText="FIGURE 47. A–E: Maladera bansongchana Ahrens, Fabrizi &amp; Liu, sp. n. (holotype); F–I: M. peregoi Ahrens, Fabrizi &amp; Liu, sp. n. (holotype); J–M: M. pallida (Burmeister, 1855) (China). A, F, J: aedeagus, left side lateral view; D, H, L: aedeagus, right side lateral view; B, G, K: parameres, dorsal view; E, I, M: habitus. Scale: 0.5 mm. Habitus not to scale." figureDoi="http://doi.org/10.5281/zenodo.4496436" httpUri="https://zenodo.org/record/4496436/files/figure.png" pageId="208" pageNumber="209">Fig. 47</figureCitation>
J–L. Habitus: 
<figureCitation box="[562,670,871,897]" captionStart="FIGURE 47" captionStartId="204.[151,250,1944,1968]" captionTargetBox="[212,1375,197,1908]" captionTargetId="figure-19@204.[198,1389,181,1920]" captionTargetPageId="204" captionText="FIGURE 47. A–E: Maladera bansongchana Ahrens, Fabrizi &amp; Liu, sp. n. (holotype); F–I: M. peregoi Ahrens, Fabrizi &amp; Liu, sp. n. (holotype); J–M: M. pallida (Burmeister, 1855) (China). A, F, J: aedeagus, left side lateral view; D, H, L: aedeagus, right side lateral view; B, G, K: parameres, dorsal view; E, I, M: habitus. Scale: 0.5 mm. Habitus not to scale." figureDoi="http://doi.org/10.5281/zenodo.4496436" httpUri="https://zenodo.org/record/4496436/files/figure.png" pageId="208" pageNumber="209">
Fig. 
<specimenCount box="[613,670,871,897]" pageId="208" pageNumber="209" type="generic">47M</specimenCount>
</figureCitation>
.
</paragraph>
<paragraph blockId="208.[151,1437,151,1077]" pageId="208" pageNumber="209">
<emphasis bold="true" box="[199,319,906,932]" pageId="208" pageNumber="209">Variation.</emphasis>
Pronotum in male slightly wider, pygidium wider and more convex; antennal club in both sexes of same length.
</paragraph>
</subSubSection>
<subSubSection pageId="208" pageNumber="209" type="discussion">
<paragraph blockId="208.[151,1437,151,1077]" pageId="208" pageNumber="209">
<emphasis bold="true" box="[199,315,979,1005]" pageId="208" pageNumber="209">Remarks.</emphasis>
The shape of the aedeagus in this species is very similar that of 
<taxonomicName authority="Arrow, 1946" authorityName="Arrow" authorityYear="1946" genus="Cephaloserica" kingdom="Animalia" pageId="208" pageNumber="209" rank="species" species="vulpecula">
<emphasis box="[1067,1349,979,1005]" italics="true" pageId="208" pageNumber="209">Cephaloserica vulpecula</emphasis>
Arrow, 1946
</taxonomicName>
from 
<collectingCountry box="[276,387,1015,1041]" name="Myanmar" pageId="208" pageNumber="209">Myanmar</collectingCountry>
.
</paragraph>
</subSubSection>
<subSubSection box="[199,717,1050,1077]" pageId="208" pageNumber="209" type="distribution">
<paragraph blockId="208.[151,1437,151,1077]" box="[199,717,1050,1077]" pageId="208" pageNumber="209">
<emphasis bold="true" box="[199,353,1050,1076]" pageId="208" pageNumber="209">Distribution.</emphasis>
See map (
<figureCitation box="[470,565,1051,1077]" captionStart="FIGURE 112" captionStartId="357.[151,250,1981,2005]" captionTargetBox="[202,1384,1127,1951]" captionTargetId="figure-59@357.[196,1392,1118,1957]" captionTargetPageId="357" captionText="FIGURE 112. Distribution of the Maladera indica group: Maladera lushuiensis sp. n., M. pallida (Burmeister, 1855), M. peregoi sp. n., M. pseudoconsularis sp. n., M. sinobiloba sp. n., M. yongrenensis sp. n.." figureDoi="http://doi.org/10.5281/zenodo.4496622" httpUri="https://zenodo.org/record/4496622/files/figure.png" pageId="208" pageNumber="209">Fig. 112</figureCitation>
) and 
<tableCitation box="[627,711,1051,1077]" captionStart="TABLE 1" captionStartId="368.[151,239,544,570]" captionText="TABLE 1. Overview on the distribuition of the Chinese mainland species of Maladera Mulsant &amp; Rey, 1871 (x – records from material examined herein, o – records from literature, with no material of this study)." pageId="208" pageNumber="209">Table 1</tableCitation>
.
</paragraph>
</subSubSection>
</treatment>
</document>