<document ID-DOI="http://doi.org/10.5281/zenodo.4559954" ID-GBIF-Dataset="1a2ba1ca-028f-4b95-8dda-5ddec4e63524" ID-ISSN="1175-5326" ID-Zenodo-Dep="4559954" ID-ZooBank="5D1D20A5-0F44-4AEF-AF5F-A758FC37D076" _generate="added" checkinTime="1613716226573" checkinUser="plazi" docAuthor="Anistratenko, Vitaliy V., Neubauer, Thomas A., Anistratenko, Olga Yu., Kijashko, Pavel V. &amp; Wesselingh, Frank P." docDate="2021" docId="03BF87A3C85FFF96FF3DFC28FEB3A7BA" docLanguage="en" docName="zootaxa.4933.2.1.pdf" docOrigin="Zootaxa 4933 (2)" docStyle="DocumentStyle:647186512141C8FC8976D5BCC54AEB7D.6:Zootaxa.2013.journal_article" docStyleId="647186512141C8FC8976D5BCC54AEB7D" docStyleName="Zootaxa.2013.journal_article" docStyleVersion="6" docTitle="Ulskia ulskii" docType="treatment" docVersion="7" lastPageId="33" lastPageNumber="184" masterDocId="FF86FFDBC841FFB7FFAAFFDEFFA5A577" masterDocTitle="A revision of the Pontocaspian gastropods of the subfamily Caspiinae (Caenogastropoda: Hydrobiidae)" masterLastPageNumber="197" masterPageNumber="151" pageId="30" pageNumber="181" updateTime="1621401663116" updateUser="ExternalLinkService" zenodo-license-document="CLOSED">
<mods:mods xmlns:mods="http://www.loc.gov/mods/v3">
<mods:titleInfo>
<mods:title>A revision of the Pontocaspian gastropods of the subfamily Caspiinae (Caenogastropoda: Hydrobiidae)</mods:title>
</mods:titleInfo>
<mods:name type="personal">
<mods:role>
<mods:roleTerm>Author</mods:roleTerm>
</mods:role>
<mods:namePart>Anistratenko, Vitaliy V.</mods:namePart>
<mods:nameIdentifier type="ORCID">0000-0003-0832-7625</mods:nameIdentifier>
<mods:affiliation>Department of Invertebrate Fauna and Systematics, Schmalhausen Institute of Zoology, National Academy of Sciences of Ukraine, B. Khmelnytsky Str. 15, 01030 Kiev, Ukraine.</mods:affiliation>
</mods:name>
<mods:name type="personal">
<mods:role>
<mods:roleTerm>Author</mods:roleTerm>
</mods:role>
<mods:namePart>Neubauer, Thomas A.</mods:namePart>
<mods:nameIdentifier type="ORCID">0000-0002-1398-9941</mods:nameIdentifier>
<mods:affiliation>Department of Animal Ecology and Systematics, Justus Liebig University, Heinrich-Buff-Ring 26 - 32 IFZ, 35392 Giessen, Germany. tneub @ zo. jlug. de; https: // orcid. org / 0000 - 0002 - 1398 - 9941 &amp; Naturalis Biodiversity Center, Darwinweg 2, 2333 CR Leiden, The Netherlands.</mods:affiliation>
<mods:nameIdentifier type="email">tneub@zo.jlug.de</mods:nameIdentifier>
</mods:name>
<mods:name type="personal">
<mods:role>
<mods:roleTerm>Author</mods:roleTerm>
</mods:role>
<mods:namePart>Anistratenko, Olga Yu.</mods:namePart>
<mods:nameIdentifier type="ORCID">0000-0003-3655-0701</mods:nameIdentifier>
<mods:affiliation>Department of Invertebrate Fauna and Systematics, Schmalhausen Institute of Zoology, National Academy of Sciences of Ukraine, B. Khmelnytsky Str. 15, 01030 Kiev, Ukraine. &amp; Department of Cainozoic Deposits, Institute of Geological Sciences, National Academy of Sciences of Ukraine, O. Gontchar Str. 55 b, 01054 Kiev, Ukraine.</mods:affiliation>
</mods:name>
<mods:name type="personal">
<mods:role>
<mods:roleTerm>Author</mods:roleTerm>
</mods:role>
<mods:namePart>Kijashko, Pavel V.</mods:namePart>
<mods:nameIdentifier type="ORCID">0000-0002-5270-7900</mods:nameIdentifier>
<mods:affiliation>Zoological Institute, Russian Academy of Sciences, Universitetskaya Emb. 1, 199034 Saint Petersburg, Russia.</mods:affiliation>
</mods:name>
<mods:name type="personal">
<mods:role>
<mods:roleTerm>Author</mods:roleTerm>
</mods:role>
<mods:namePart>Wesselingh, Frank P.</mods:namePart>
<mods:nameIdentifier type="ORCID">0000-0002-1868-1815</mods:nameIdentifier>
<mods:affiliation>Naturalis Biodiversity Center, Darwinweg 2, 2333 CR Leiden, The Netherlands. &amp; Department of Earth Sciences, Utrecht University, Budapestlaan 17, 3584 CD Utrecht, The Netherlands</mods:affiliation>
</mods:name>
<mods:typeOfResource>text</mods:typeOfResource>
<mods:relatedItem type="host">
<mods:titleInfo>
<mods:title>Zootaxa</mods:title>
</mods:titleInfo>
<mods:part>
<mods:date>2021</mods:date>
<mods:detail type="pubDate">
<mods:number>2021-02-19</mods:number>
</mods:detail>
<mods:detail type="volume">
<mods:number>4933</mods:number>
</mods:detail>
<mods:detail type="issue">
<mods:number>2</mods:number>
</mods:detail>
<mods:extent unit="page">
<mods:start>151</mods:start>
<mods:end>197</mods:end>
</mods:extent>
</mods:part>
</mods:relatedItem>
<mods:classification>journal article</mods:classification>
<mods:identifier type="DOI">https://doi.org/10.11646/zootaxa.4933.2.1</mods:identifier>
<mods:identifier type="GBIF-Dataset">1a2ba1ca-028f-4b95-8dda-5ddec4e63524</mods:identifier>
<mods:identifier type="ISSN">1175-5326</mods:identifier>
<mods:identifier type="Zenodo-Dep">4550146</mods:identifier>
<mods:identifier type="ZooBank">5D1D20A5-0F44-4AEF-AF5F-A758FC37D076</mods:identifier>
</mods:mods>
<treatment ID-DOI="http://doi.org/10.5281/zenodo.4559954" ID-Zenodo-Dep="4559954" LSID="urn:lsid:plazi:treatment:03BF87A3C85FFF96FF3DFC28FEB3A7BA" httpUri="http://treatment.plazi.org/id/03BF87A3C85FFF96FF3DFC28FEB3A7BA" lastPageId="33" lastPageNumber="184" pageId="30" pageNumber="181">
<subSubSection box="[151,901,1014,1041]" pageId="30" pageNumber="181" type="nomenclature">
<paragraph blockId="30.[151,901,1014,1076]" box="[151,901,1014,1041]" pageId="30" pageNumber="181">
<heading bold="true" box="[151,901,1014,1041]" fontSize="11" level="1" pageId="30" pageNumber="181" reason="1">
<emphasis bold="true" box="[151,901,1014,1041]" pageId="30" pageNumber="181">
<taxonomicName authority="Clessin &amp; W. Dybowski" box="[151,304,1014,1041]" class="Gastropoda" family="Hydrobiidae" genus="Ulskia" higherTaxonomySource="GBIF" kingdom="Animalia" order="Littorinimorpha" pageId="30" pageNumber="181" phylum="Mollusca" rank="species" species="ulskii">
<emphasis bold="true" box="[151,304,1014,1041]" italics="true" pageId="30" pageNumber="181">Ulskia ulskii</emphasis>
</taxonomicName>
(Clessin &amp; W. Dybowski in W. 
<bibRefCitation author="Dybowski, W." box="[694,893,1014,1040]" pageId="30" pageNumber="181" pagination="1 - 64" refId="ref30278" refString="Dybowski, W. (1887 - 1888) Die Gasteropoden-Fauna des Kaspischen Meeres. Nach der Sammlung des Akademikers Dr. K. E. v. Baer. Malakozoologische Blatter, Neue Folge, 10 (1 - 3), 1 - 64 (issue 1, 1887), 65 - 79 (issue 2, 1888), pls. 1 - 3 (issue 3, 1888)." type="journal article" year="1887">Dybowski, 1887</bibRefCitation>
)
</emphasis>
</heading>
</paragraph>
</subSubSection>
<subSubSection box="[151,276,1050,1076]" pageId="30" pageNumber="181" type="description">
<paragraph blockId="30.[151,901,1014,1076]" box="[151,276,1050,1076]" pageId="30" pageNumber="181">
<figureCitation box="[151,236,1050,1076]" captionStart="FIGURE 16" captionStartId="31.[151,250,1760,1784]" captionTargetBox="[301,1286,181,1736]" captionTargetId="figure-17@31.[301,1286,181,1736]" captionTargetPageId="31" captionText="FIGURE 16. Ulskia ulskii (Clessin &amp; Dybowski in Dybowski, 1887) from the Caspian Sea Basin. (a) Lectotype, locality 26 (ZB-M W.Dyb. 76). (b) Paralectotype, locality 26 (ZB-M W.Dyb. 78). (c) Paralectotype, locality 26 (ZB-M W.Dyb. 78). (d) Paralectotype, locality 26 (ZB-M W.Dyb. 76). (e) Paralectotype, locality 26 (ZB-M W.Dyb. 76). (f, k) Specimen from locality 17 (ZIN, no number). (g, h) Holotype of Pyrgula nana, locality 15 (ZIN, no number). (i, j) Specimen labelled as “Caspia clessiniolaeformis, holotype”, locality 17 (ZIN, no number). (l) Holotype of Pyrgula behningi, locality 23 (ZIN 1). (m) Paratype of P. behningi, locality 14 (ZIN 2). (n, o) Paratype of P. behningi, locality 14 (ZIN 2). (p–s, u) Five specimens from the Holocene of the Kura delta (localities 25d and 25f, RGM 1310306–1310310). (t, v–z) Three specimens from Selitrennoye (locality 1, RGM 1309810, 1309809, 1309856). Scale bar = 1 mm." figureDoi="http://doi.org/10.5281/zenodo.4550190" httpUri="https://zenodo.org/record/4550190/files/figure.png" pageId="30" pageNumber="181">Figs 16</figureCitation>
, 
<figureCitation box="[248,276,1050,1076]" captionStart="FIGURE 17" captionStartId="32.[151,250,1836,1860]" captionTargetBox="[151,1436,309,1812]" captionTargetId="figure-93@32.[151,1436,309,1812]" captionTargetPageId="32" captionText="FIGURE 17. Protoconch views of Ulskia ulskii (Clessin &amp; Dybowski in Dybowski, 1887). (a) Paralectotype, locality 26 (ZB- M W.Dyb. 76). (b, j, m) Paralectotype, locality 26 (ZB-M W.Dyb. 116). (c, i) Specimen from the Holocene of the Kura delta (locality 25f, RGM 1310308). (d, k) Specimen from the same area (locality 25d, RGM 1310310). (e) Specimen from the same area (locality 25f, RGM 1310306). (f, l) Specimen from the same area (locality 25d, RGM 1310309). (g, h, n, o) Specimen from the same area (locality 25d, RGM 1310307). Scale bar = 100 μm." figureDoi="http://doi.org/10.5281/zenodo.4550192" httpUri="https://zenodo.org/record/4550192/files/figure.png" pageId="30" pageNumber="181">17</figureCitation>
</paragraph>
</subSubSection>
<subSubSection pageId="30" pageNumber="181" type="reference_group">
<paragraph blockId="30.[151,1246,1119,1449]" box="[151,922,1119,1143]" pageId="30" pageNumber="181">
<treatmentCitationGroup box="[151,922,1119,1143]" pageId="30" pageNumber="181">
<taxonomicName authority="Ulskii" authorityName="Ulskii" box="[151,290,1119,1143]" class="Gastropoda" family="Hydrobiidae" genus="Caspia" kingdom="Animalia" order="Littorinimorpha" pageId="30" pageNumber="181" phylum="Mollusca" rank="genus">
<emphasis box="[151,290,1119,1143]" italics="true" pageId="30" pageNumber="181">Caspia Ulskii</emphasis>
</taxonomicName>
nob.—Clessin &amp; W. Dybowski in W. 
<treatmentCitation author="Dybowski, W." box="[677,918,1119,1143]" page="38" pageId="30" pageNumber="181" year="1887">
<bibRefCitation author="Dybowski, W." box="[677,918,1119,1143]" pageId="30" pageNumber="181" pagination="1 - 64" refId="ref30278" refString="Dybowski, W. (1887 - 1888) Die Gasteropoden-Fauna des Kaspischen Meeres. Nach der Sammlung des Akademikers Dr. K. E. v. Baer. Malakozoologische Blatter, Neue Folge, 10 (1 - 3), 1 - 64 (issue 1, 1887), 65 - 79 (issue 2, 1888), pls. 1 - 3 (issue 3, 1888)." type="journal article" year="1887">Dybowski 1887: 38–39</bibRefCitation>
</treatmentCitation>
.
</treatmentCitationGroup>
</paragraph>
<paragraph blockId="30.[151,1246,1119,1449]" box="[151,794,1149,1173]" pageId="30" pageNumber="181">
[
<taxonomicName box="[160,232,1150,1173]" class="Gastropoda" family="Hydrobiidae" genus="Caspia" kingdom="Animalia" order="Littorinimorpha" pageId="30" pageNumber="181" phylum="Mollusca" rank="genus">
<emphasis box="[160,232,1150,1173]" italics="true" pageId="30" pageNumber="181">Caspia</emphasis>
</taxonomicName>
] 
<taxonomicName authority="Anistratenko &amp; Neubauer &amp; Anistratenko &amp; Kijashko &amp; Wesselingh, 2021" authorityName="Anistratenko &amp; Neubauer &amp; Anistratenko &amp; Kijashko &amp; Wesselingh" authorityYear="2021" box="[246,307,1149,1173]" pageId="30" pageNumber="181" rank="species" species="Ulskii" status="n. sp.">
<emphasis box="[246,307,1149,1173]" italics="true" pageId="30" pageNumber="181">Ulskii</emphasis>
</taxonomicName>
<taxonomicNameLabel box="[313,365,1150,1173]" pageId="30" pageNumber="181" rank="species">n. sp.</taxonomicNameLabel>
—W. Dybowski 1888: 79, pl. 3, fig. 8a, b.
</paragraph>
<paragraph blockId="30.[151,1246,1119,1449]" box="[151,1191,1180,1204]" pageId="30" pageNumber="181">
<treatmentCitationGroup box="[151,1191,1180,1204]" pageId="30" pageNumber="181">
<taxonomicName authority="Logv. et Star." authorityName="De Cristofori &amp; Jan" authorityYear="1832" box="[151,575,1180,1204]" class="Gastropoda" family="Hydrobiidae" genus="Pyrgula" higherTaxonomySource="GBIF" kingdom="Animalia" order="Littorinimorpha" pageId="30" pageNumber="181" phylum="Mollusca" rank="genus" species="behningi" status="sp. n.">
<emphasis box="[151,232,1180,1204]" italics="true" pageId="30" pageNumber="181">Pyrgula</emphasis>
[(
<emphasis box="[255,321,1180,1204]" italics="true" pageId="30" pageNumber="181">Ulskia</emphasis>
)] 
<emphasis box="[344,433,1180,1204]" italics="true" pageId="30" pageNumber="181">behningi</emphasis>
Logv. et Star.
</taxonomicName>
<taxonomicNameLabel box="[581,632,1180,1204]" pageId="30" pageNumber="181" rank="species">sp. n.</taxonomicNameLabel>
— 
<treatmentCitation author="Logvinenko, B. M. &amp; Starobogatov, Ya. I." box="[658,1060,1180,1204]" page="380" pageId="30" pageNumber="181" year="1969">
<bibRefCitation author="Logvinenko, B. M. &amp; Starobogatov, Ya. I." box="[658,1060,1180,1204]" pageId="30" pageNumber="181" pagination="308 - 385" refId="ref32049" refString="Logvinenko, B. M. &amp; Starobogatov, Ya. I. (1969 [&quot; 1968 &quot;]) Mollusca. In: Birshtein, Y. A., Vinogradov, L. G., Kondakov, N. N., Kuhn, M. S., Astakhova, T. V. &amp; Romanova, N. N. (Eds.), Atlas bespozvonochnykh Kaspiyskogo morya. Pishchevaya Promyshlennost (Vsesoyuznyi Nauchno-issledovatel'skii Institut Morskogo Rybnogo Khozyaistva i Okeanografii), Moskva, pp. 308 - 385." type="book chapter" year="1969">Logvinenko &amp; Starobogatov 1969: 380</bibRefCitation>
</treatmentCitation>
, fig. 36713).
</treatmentCitationGroup>
</paragraph>
<paragraph blockId="30.[151,1246,1119,1449]" box="[151,1204,1211,1235]" pageId="30" pageNumber="181">
<treatmentCitationGroup box="[151,1204,1211,1235]" pageId="30" pageNumber="181">
<taxonomicName authority="Logv. et Star." authorityName="De Cristofori &amp; Jan" authorityYear="1832" box="[151,537,1211,1235]" class="Gastropoda" family="Hydrobiidae" genus="Pyrgula" higherTaxonomySource="GBIF" kingdom="Animalia" order="Littorinimorpha" pageId="30" pageNumber="181" phylum="Mollusca" rank="genus" species="nana" status="sp. n.">
<emphasis box="[151,232,1211,1235]" italics="true" pageId="30" pageNumber="181">Pyrgula</emphasis>
[(
<emphasis box="[255,321,1211,1235]" italics="true" pageId="30" pageNumber="181">Ulskia</emphasis>
)] 
<emphasis box="[344,395,1211,1234]" italics="true" pageId="30" pageNumber="181">nana</emphasis>
Logv. et Star.
</taxonomicName>
<taxonomicNameLabel box="[543,594,1211,1235]" pageId="30" pageNumber="181" rank="species">sp. n.</taxonomicNameLabel>
— 
<treatmentCitation author="Logvinenko, B. M. &amp; Starobogatov, Ya. I." box="[620,1074,1211,1235]" page="379" pageId="30" pageNumber="181" year="1969">
<bibRefCitation author="Logvinenko, B. M. &amp; Starobogatov, Ya. I." box="[620,1074,1211,1235]" pageId="30" pageNumber="181" pagination="308 - 385" refId="ref32049" refString="Logvinenko, B. M. &amp; Starobogatov, Ya. I. (1969 [&quot; 1968 &quot;]) Mollusca. In: Birshtein, Y. A., Vinogradov, L. G., Kondakov, N. N., Kuhn, M. S., Astakhova, T. V. &amp; Romanova, N. N. (Eds.), Atlas bespozvonochnykh Kaspiyskogo morya. Pishchevaya Promyshlennost (Vsesoyuznyi Nauchno-issledovatel'skii Institut Morskogo Rybnogo Khozyaistva i Okeanografii), Moskva, pp. 308 - 385." type="book chapter" year="1969">Logvinenko &amp; Starobogatov 1969: 379–380</bibRefCitation>
</treatmentCitation>
, fig. 36712).
</treatmentCitationGroup>
</paragraph>
<paragraph blockId="30.[151,1246,1119,1449]" box="[151,1155,1241,1265]" pageId="30" pageNumber="181">
<treatmentCitationGroup box="[151,1155,1241,1265]" pageId="30" pageNumber="181">
<taxonomicName authority="(Cless. et W. Dyb.)" authorityName="De Cristofori &amp; Jan" authorityYear="1832" baseAuthorityName="Cless. et W. Dyb." box="[151,594,1241,1265]" class="Gastropoda" family="Hydrobiidae" genus="Pyrgula" higherTaxonomySource="GBIF" kingdom="Animalia" order="Littorinimorpha" pageId="30" pageNumber="181" phylum="Mollusca" rank="genus" species="ulskii">
<emphasis box="[151,232,1241,1265]" italics="true" pageId="30" pageNumber="181">Pyrgula</emphasis>
[(
<emphasis box="[255,321,1241,1265]" italics="true" pageId="30" pageNumber="181">Ulskia</emphasis>
)] 
<emphasis box="[344,399,1241,1265]" italics="true" pageId="30" pageNumber="181">ulskii</emphasis>
(Cless. et W. Dyb.)
</taxonomicName>
— 
<treatmentCitation author="Logvinenko, B. M. &amp; Starobogatov, Ya. I." box="[621,1024,1241,1265]" page="379" pageId="30" pageNumber="181" year="1969">
<bibRefCitation author="Logvinenko, B. M. &amp; Starobogatov, Ya. I." box="[621,1024,1241,1265]" pageId="30" pageNumber="181" pagination="308 - 385" refId="ref32049" refString="Logvinenko, B. M. &amp; Starobogatov, Ya. I. (1969 [&quot; 1968 &quot;]) Mollusca. In: Birshtein, Y. A., Vinogradov, L. G., Kondakov, N. N., Kuhn, M. S., Astakhova, T. V. &amp; Romanova, N. N. (Eds.), Atlas bespozvonochnykh Kaspiyskogo morya. Pishchevaya Promyshlennost (Vsesoyuznyi Nauchno-issledovatel'skii Institut Morskogo Rybnogo Khozyaistva i Okeanografii), Moskva, pp. 308 - 385." type="book chapter" year="1969">Logvinenko &amp; Starobogatov 1969: 379</bibRefCitation>
</treatmentCitation>
, fig. 36710).
</treatmentCitationGroup>
</paragraph>
<paragraph blockId="30.[151,1246,1119,1449]" box="[151,1172,1272,1296]" pageId="30" pageNumber="181">
<treatmentCitationGroup box="[151,1172,1272,1296]" pageId="30" pageNumber="181">
<taxonomicName authority="Logvinenko et Starobogatov, 1968" authorityName="Logvinenko et Starobogatov" authorityYear="1968" box="[151,681,1272,1296]" class="Gastropoda" family="Hydrobiidae" genus="Pyrgula" kingdom="Animalia" order="Littorinimorpha" pageId="30" pageNumber="181" phylum="Mollusca" rank="species" species="behningi">
<emphasis box="[151,327,1272,1296]" italics="true" pageId="30" pageNumber="181">Pyrgula behningi</emphasis>
Logvinenko et Starobogatov, 1968
</taxonomicName>
— 
<treatmentCitation author="Kantor, Yu. I. &amp; Sysoev, A. V." box="[707,1021,1272,1296]" page="97" pageId="30" pageNumber="181" year="2006">
<bibRefCitation author="Kantor, Yu. I. &amp; Sysoev, A. V." box="[707,1021,1272,1296]" pageId="30" pageNumber="181" refId="ref31309" refString="Kantor, Yu. I. &amp; Sysoev, A. V. (2006) Morskiye i solonovatovodnyye bryukhonogiye mollyuski Rossii i sopredel'nykh stran: illyustrirovannyy katalog. KMK Scientific Press, Moscow, 372 pp., 140 pls pp." type="book" year="2006">Kantor &amp; Sysoev 2006: 97–98</bibRefCitation>
</treatmentCitation>
, pl. 45, fig. M.
</treatmentCitationGroup>
</paragraph>
<paragraph blockId="30.[151,1246,1119,1449]" box="[151,1104,1303,1327]" pageId="30" pageNumber="181">
<treatmentCitationGroup box="[151,1104,1303,1327]" pageId="30" pageNumber="181">
<taxonomicName authority="Logvinenko et Starobogatov, 1968" authorityName="Logvinenko et Starobogatov" authorityYear="1968" box="[151,643,1303,1327]" class="Gastropoda" family="Hydrobiidae" genus="Pyrgula" kingdom="Animalia" order="Littorinimorpha" pageId="30" pageNumber="181" phylum="Mollusca" rank="species" species="nana">
<emphasis box="[151,289,1303,1327]" italics="true" pageId="30" pageNumber="181">Pyrgula nana</emphasis>
Logvinenko et Starobogatov, 1968
</taxonomicName>
— 
<treatmentCitation author="Kantor, Yu. I. &amp; Sysoev, A. V." box="[669,957,1303,1327]" page="101" pageId="30" pageNumber="181" year="2006">
<bibRefCitation author="Kantor, Yu. I. &amp; Sysoev, A. V." box="[669,957,1303,1327]" pageId="30" pageNumber="181" refId="ref31309" refString="Kantor, Yu. I. &amp; Sysoev, A. V. (2006) Morskiye i solonovatovodnyye bryukhonogiye mollyuski Rossii i sopredel'nykh stran: illyustrirovannyy katalog. KMK Scientific Press, Moscow, 372 pp., 140 pls pp." type="book" year="2006">Kantor &amp; Sysoev 2006: 101</bibRefCitation>
</treatmentCitation>
, pl. 47, fig. D.
</treatmentCitationGroup>
</paragraph>
<paragraph blockId="30.[151,1246,1119,1449]" box="[151,1246,1333,1357]" pageId="30" pageNumber="181">
<treatmentCitationGroup box="[151,1246,1333,1357]" pageId="30" pageNumber="181">
<taxonomicName baseAuthorityName="Clessin &amp; W.Dybowski" baseAuthorityYear="1888" box="[151,293,1333,1357]" class="Gastropoda" family="Hydrobiidae" genus="Pyrgula" kingdom="Animalia" order="Littorinimorpha" pageId="30" pageNumber="181" phylum="Mollusca" rank="species" species="ulskii">
<emphasis box="[151,293,1333,1357]" italics="true" pageId="30" pageNumber="181">Pyrgula ulskii</emphasis>
</taxonomicName>
(Clessin et W. Dybowski in W. Dybowski, 1888)— 
<treatmentCitation author="Kantor, Yu. I. &amp; Sysoev, A. V." box="[816,1105,1333,1357]" page="104" pageId="30" pageNumber="181" year="2006">
<bibRefCitation author="Kantor, Yu. I. &amp; Sysoev, A. V." box="[816,1105,1333,1357]" pageId="30" pageNumber="181" refId="ref31309" refString="Kantor, Yu. I. &amp; Sysoev, A. V. (2006) Morskiye i solonovatovodnyye bryukhonogiye mollyuski Rossii i sopredel'nykh stran: illyustrirovannyy katalog. KMK Scientific Press, Moscow, 372 pp., 140 pls pp." type="book" year="2006">Kantor &amp; Sysoev 2006: 104</bibRefCitation>
</treatmentCitation>
, pl. 45, fig. F.
</treatmentCitationGroup>
</paragraph>
<paragraph blockId="30.[151,1246,1119,1449]" box="[151,1217,1364,1388]" pageId="30" pageNumber="181">
<treatmentCitationGroup box="[151,1217,1364,1388]" pageId="30" pageNumber="181">
<taxonomicName authority="(Clessin &amp; W. Dybowski in W. Dybowski, 1887)" box="[151,279,1364,1388]" class="Gastropoda" family="Hydrobiidae" genus="Ulskia" higherTaxonomySource="GBIF" kingdom="Animalia" order="Littorinimorpha" pageId="30" pageNumber="181" phylum="Mollusca" rank="species" species="ulskii">
<emphasis box="[151,279,1364,1388]" italics="true" pageId="30" pageNumber="181">Ulskia ulskii</emphasis>
</taxonomicName>
(Clessin &amp; W. Dybowski in W. 
<bibRefCitation author="Dybowski, W." box="[604,769,1364,1388]" pageId="30" pageNumber="181" pagination="1 - 64" refId="ref30278" refString="Dybowski, W. (1887 - 1888) Die Gasteropoden-Fauna des Kaspischen Meeres. Nach der Sammlung des Akademikers Dr. K. E. v. Baer. Malakozoologische Blatter, Neue Folge, 10 (1 - 3), 1 - 64 (issue 1, 1887), 65 - 79 (issue 2, 1888), pls. 1 - 3 (issue 3, 1888)." type="journal article" year="1887">Dybowski, 1887</bibRefCitation>
)— 
<treatmentCitation author="Neubauer, T. A. &amp; van de Velde, S. &amp; Yanina, T. A. &amp; Wesselingh, F. P." box="[803,1097,1364,1388]" httpUri="http://treatment.plazi.org/id/06EC0E523252AEB291F060E577DCCD7A" page="52" pageId="30" pageNumber="181" year="2018">
<bibRefCitation author="Neubauer, T. A. &amp; van de Velde, S. &amp; Yanina, T. A. &amp; Wesselingh, F. P." box="[803,1097,1364,1388]" pageId="30" pageNumber="181" pagination="43 - 103" refId="ref32549" refString="Neubauer, T. A., van de Velde, S., Yanina, T. A. &amp; Wesselingh, F. P. (2018) A late Pleistocene gastropod fauna from the northern Caspian Sea with implications for Pontocaspian gastropod taxonomy. ZooKeys, 770, 43 - 103. https: // doi. org / 10.3897 / zookeys. 770.25365" type="journal article" year="2018">
Neubauer 
<emphasis box="[910,955,1364,1388]" italics="true" pageId="30" pageNumber="181">et al</emphasis>
. 2018: 52–54
</bibRefCitation>
</treatmentCitation>
, fig. 5A–K.
</treatmentCitationGroup>
</paragraph>
<paragraph blockId="30.[151,1246,1119,1449]" box="[151,1026,1395,1419]" pageId="30" pageNumber="181">
<treatmentCitationGroup box="[151,1026,1395,1419]" pageId="30" pageNumber="181">
<taxonomicName authority="(Logvinenko &amp; Starobogatov, 1969)" baseAuthorityName="Logvinenko &amp; Starobogatov" baseAuthorityYear="1969" box="[151,683,1395,1419]" class="Gastropoda" family="Hydrobiidae" genus="Ulskia" higherTaxonomySource="GBIF" kingdom="Animalia" order="Littorinimorpha" pageId="30" pageNumber="181" phylum="Mollusca" rank="species" species="behningi">
<emphasis box="[151,313,1395,1419]" italics="true" pageId="30" pageNumber="181">Ulskia behningi</emphasis>
(
<bibRefCitation author="Logvinenko, B. M. &amp; Starobogatov, Ya. I." box="[325,677,1395,1419]" pageId="30" pageNumber="181" pagination="308 - 385" refId="ref32049" refString="Logvinenko, B. M. &amp; Starobogatov, Ya. I. (1969 [&quot; 1968 &quot;]) Mollusca. In: Birshtein, Y. A., Vinogradov, L. G., Kondakov, N. N., Kuhn, M. S., Astakhova, T. V. &amp; Romanova, N. N. (Eds.), Atlas bespozvonochnykh Kaspiyskogo morya. Pishchevaya Promyshlennost (Vsesoyuznyi Nauchno-issledovatel'skii Institut Morskogo Rybnogo Khozyaistva i Okeanografii), Moskva, pp. 308 - 385." type="book chapter" year="1969">Logvinenko &amp; Starobogatov, 1969</bibRefCitation>
)
</taxonomicName>
— 
<treatmentCitation author="Wesselingh, F. P. &amp; Neubauer, T. A. &amp; Anistratenko, V. V. &amp; Vinarski, M. V. &amp; Yanina, T. &amp; ter Poorten, J. J. &amp; Kijashko, P. V. &amp; Albrecht, C. &amp; Anistratenko, O. Yu. &amp; D'Hont, A. &amp; Frolov, P. &amp; Martinez Gandara, A. &amp; Gittenberger, A. &amp; Gogaladze, A. &amp; Karpinsky, M. &amp; Lattuada, M. &amp; Popa, L. &amp; Sands, A. F. &amp; van de Velde, S. &amp; Vandendorpe, J. &amp; Wilke, T." box="[709,1023,1395,1419]" page="72" pageId="30" pageNumber="181" year="2019">
<bibRefCitation author="Wesselingh, F. P. &amp; Neubauer, T. A. &amp; Anistratenko, V. V. &amp; Vinarski, M. V. &amp; Yanina, T. &amp; ter Poorten, J. J. &amp; Kijashko, P. V. &amp; Albrecht, C. &amp; Anistratenko, O. Yu. &amp; D'Hont, A. &amp; Frolov, P. &amp; Martinez Gandara, A. &amp; Gittenberger, A. &amp; Gogaladze, A. &amp; Karpinsky, M. &amp; Lattuada, M. &amp; Popa, L. &amp; Sands, A. F. &amp; van de Velde, S. &amp; Vandendorpe, J. &amp; Wilke, T." box="[709,1023,1395,1419]" pageId="30" pageNumber="181" pagination="31 - 124" refId="ref34307" refString="Wesselingh, F. P., Neubauer, T. A., Anistratenko, V. V., Vinarski, M. V., Yanina, T., ter Poorten, J. J., Kijashko, P. V., Albrecht, C., Anistratenko, O. Yu., D'Hont, A., Frolov, P., Martinez Gandara, A., Gittenberger, A., Gogaladze, A., Karpinsky, M., Lattuada, M., Popa, L., Sands, A. F., van de Velde, S., Vandendorpe, J. &amp; Wilke, T. (2019) Mollusc species from the Pontocaspian region - an expert opinion list. ZooKeys, 827, 31 - 124. https: // doi. org / 10.3897 / zookeys. 827.31365" type="journal article" year="2019">
Wesselingh 
<emphasis box="[835,880,1395,1419]" italics="true" pageId="30" pageNumber="181">et al</emphasis>
. 2019: 72–73
</bibRefCitation>
</treatmentCitation>
.
</treatmentCitationGroup>
</paragraph>
<paragraph blockId="30.[151,1246,1119,1449]" box="[151,1014,1425,1449]" pageId="30" pageNumber="181">
<treatmentCitationGroup box="[151,1014,1425,1449]" pageId="30" pageNumber="181">
<taxonomicName authority="(Clessin &amp; Dybowski in Dybowski, 1887)" box="[151,279,1425,1449]" class="Gastropoda" family="Hydrobiidae" genus="Ulskia" higherTaxonomySource="GBIF" kingdom="Animalia" order="Littorinimorpha" pageId="30" pageNumber="181" phylum="Mollusca" rank="species" species="ulskii">
<emphasis box="[151,279,1425,1449]" italics="true" pageId="30" pageNumber="181">Ulskia ulskii</emphasis>
</taxonomicName>
(Clessin &amp; Dybowski in 
<bibRefCitation author="Dybowski, W." box="[537,702,1425,1449]" pageId="30" pageNumber="181" pagination="1 - 64" refId="ref30278" refString="Dybowski, W. (1887 - 1888) Die Gasteropoden-Fauna des Kaspischen Meeres. Nach der Sammlung des Akademikers Dr. K. E. v. Baer. Malakozoologische Blatter, Neue Folge, 10 (1 - 3), 1 - 64 (issue 1, 1887), 65 - 79 (issue 2, 1888), pls. 1 - 3 (issue 3, 1888)." type="journal article" year="1887">Dybowski, 1887</bibRefCitation>
)— 
<treatmentCitation author="Wesselingh, F. P. &amp; Neubauer, T. A. &amp; Anistratenko, V. V. &amp; Vinarski, M. V. &amp; Yanina, T. &amp; ter Poorten, J. J. &amp; Kijashko, P. V. &amp; Albrecht, C. &amp; Anistratenko, O. Yu. &amp; D'Hont, A. &amp; Frolov, P. &amp; Martinez Gandara, A. &amp; Gittenberger, A. &amp; Gogaladze, A. &amp; Karpinsky, M. &amp; Lattuada, M. &amp; Popa, L. &amp; Sands, A. F. &amp; van de Velde, S. &amp; Vandendorpe, J. &amp; Wilke, T." box="[735,1010,1425,1449]" page="73" pageId="30" pageNumber="181" year="2019">
<bibRefCitation author="Wesselingh, F. P. &amp; Neubauer, T. A. &amp; Anistratenko, V. V. &amp; Vinarski, M. V. &amp; Yanina, T. &amp; ter Poorten, J. J. &amp; Kijashko, P. V. &amp; Albrecht, C. &amp; Anistratenko, O. Yu. &amp; D'Hont, A. &amp; Frolov, P. &amp; Martinez Gandara, A. &amp; Gittenberger, A. &amp; Gogaladze, A. &amp; Karpinsky, M. &amp; Lattuada, M. &amp; Popa, L. &amp; Sands, A. F. &amp; van de Velde, S. &amp; Vandendorpe, J. &amp; Wilke, T." box="[735,1010,1425,1449]" pageId="30" pageNumber="181" pagination="31 - 124" refId="ref34307" refString="Wesselingh, F. P., Neubauer, T. A., Anistratenko, V. V., Vinarski, M. V., Yanina, T., ter Poorten, J. J., Kijashko, P. V., Albrecht, C., Anistratenko, O. Yu., D'Hont, A., Frolov, P., Martinez Gandara, A., Gittenberger, A., Gogaladze, A., Karpinsky, M., Lattuada, M., Popa, L., Sands, A. F., van de Velde, S., Vandendorpe, J. &amp; Wilke, T. (2019) Mollusc species from the Pontocaspian region - an expert opinion list. ZooKeys, 827, 31 - 124. https: // doi. org / 10.3897 / zookeys. 827.31365" type="journal article" year="2019">
Wesselingh 
<emphasis box="[861,905,1425,1449]" italics="true" pageId="30" pageNumber="181">et al</emphasis>
. 2019: 73
</bibRefCitation>
</treatmentCitation>
.
</treatmentCitationGroup>
</paragraph>
</subSubSection>
<subSubSection pageId="30" pageNumber="181" type="materials_examined">
<paragraph blockId="30.[151,1437,1495,1990]" pageId="30" pageNumber="181">
<emphasis bold="true" box="[151,328,1495,1522]" pageId="30" pageNumber="181">Type material.</emphasis>
<materialsCitation collectingDate="1956-06-26" collectingDateMax="1957-08-04" collectingDateMin="1956-06-26" collectionCode="ZB-M, ZIN" collectorName=" B. M. Logvinenko" pageId="30" pageNumber="181" specimenCode="ZIN 1" specimenCount="115" typeStatus="lectotype">
<typeStatus box="[337,449,1496,1522]" pageId="30" pageNumber="181">Lectotype</typeStatus>
(
<collectionCode box="[467,539,1496,1522]" pageId="30" pageNumber="181">ZB-M</collectionCode>
<collectorName box="[548,634,1495,1521]" pageId="30" pageNumber="181">W.Dyb.</collectorName>
76) and 
<specimenCount box="[741,940,1495,1522]" pageId="30" pageNumber="181" type="generic" typeStatus="paralectotypes">33 paralectotypes</specimenCount>
(
<collectionCode box="[957,1029,1496,1522]" pageId="30" pageNumber="181">ZB-M</collectionCode>
<collectorName box="[1038,1125,1495,1521]" pageId="30" pageNumber="181">W.Dyb.</collectorName>
76 and 99) (designated by 
<bibRefCitation author="Anistratenko, V. V. &amp; Anistratenko, O. Yu. &amp; Kadolsky, D." box="[151,430,1531,1558]" pageId="30" pageNumber="181" pagination="35 - 62" refId="ref29151" refString="Anistratenko, V. V., Anistratenko, O. Yu. &amp; Kadolsky, D. (2019) Karl E. von Baer's collection of Caspian Sea molluscs stored in the Zoological Museum of Lviv University, Ukraine. Part 2. Type materials of gastropod species described by Stephan Clessin and Wladyslaw Dybowski in 1887 - 1888. Archiv fur Molluskenkunde, 148 (1), 35 - 62. https: // doi. org / 10.1127 / arch. moll / 148 / 035 - 062" type="journal article" year="2019">
Anistratenko 
<emphasis box="[304,354,1531,1557]" italics="true" pageId="30" pageNumber="181">et al</emphasis>
. 2019
</bibRefCitation>
). 
<collectorName box="[449,493,1531,1557]" pageId="30" pageNumber="181">The</collectorName>
<typeStatus box="[501,599,1531,1557]" pageId="30" pageNumber="181">holotype</typeStatus>
of 
<taxonomicName baseAuthorityName="Logvinenko &amp; Starobogatov" baseAuthorityYear="1969" box="[639,766,1531,1557]" class="Gastropoda" family="Hydrobiidae" genus="Ulskia" higherTaxonomySource="GBIF" kingdom="Animalia" order="Littorinimorpha" pageId="30" pageNumber="181" phylum="Mollusca" rank="species" species="behningi">
<emphasis box="[639,766,1531,1557]" italics="true" pageId="30" pageNumber="181">P. behningi</emphasis>
</taxonomicName>
(
<specimenCode box="[781,866,1532,1558]" collectionCode="ZIN" country="Russia" httpUri="http://grbio.org/cool/z2y8-2jfr" name="Russian Academy of Sciences, Zoological Institute, Zoological Museum" pageId="30" pageNumber="181" type="Museum">ZIN #1</specimenCode>
) and 
<specimenCount box="[932,1075,1532,1558]" pageId="30" pageNumber="181" type="generic" typeStatus="paratypes">82 paratypes</specimenCount>
(
<collectionCode box="[1091,1139,1532,1558]" country="Russia" httpUri="http://grbio.org/cool/z2y8-2jfr" name="Russian Academy of Sciences, Zoological Institute, Zoological Museum" pageId="30" pageNumber="181" type="Museum">ZIN</collectionCode>
##2–11) are listed in 
<collectionCode box="[1390,1437,1532,1558]" country="Russia" httpUri="http://grbio.org/cool/z2y8-2jfr" name="Russian Academy of Sciences, Zoological Institute, Zoological Museum" pageId="30" pageNumber="181" type="Museum">ZIN</collectionCode>
systematic catalogue, collected by 
<collectorName box="[542,742,1567,1594]" pageId="30" pageNumber="181">B.M. Logvinenko</collectorName>
in 
<date box="[779,907,1567,1594]" pageId="30" pageNumber="181" value="1956-06-26">
<collectingDate box="[779,907,1567,1594]" pageId="30" pageNumber="181" value="1956-06-26">26/06/1956</collectingDate>
</date>
– 
<date box="[923,1051,1567,1594]" pageId="30" pageNumber="181" value="1957-08-04">
<collectingDate box="[923,1051,1567,1594]" pageId="30" pageNumber="181" value="1957-08-04">04/08/1957</collectingDate>
</date>
. As for 
<taxonomicName authorityName="Logvinenko et Starobogatov" authorityYear="1968" box="[1139,1223,1568,1593]" class="Gastropoda" family="Hydrobiidae" genus="Pyrgula" kingdom="Animalia" order="Littorinimorpha" pageId="30" pageNumber="181" phylum="Mollusca" rank="species" species="nana">
<emphasis box="[1139,1223,1568,1593]" italics="true" pageId="30" pageNumber="181">P. nana</emphasis>
</taxonomicName>
, we found a specimen labelled as “ 
<typeStatus box="[342,445,1603,1629]" pageId="30" pageNumber="181">holotype</typeStatus>
” in the Starobogatov collection (
<collectionCode box="[814,866,1604,1630]" country="Russia" httpUri="http://grbio.org/cool/z2y8-2jfr" name="Russian Academy of Sciences, Zoological Institute, Zoological Museum" pageId="30" pageNumber="181" type="Museum">ZIN</collectionCode>
), as well as 13 probable 
<typeStatus box="[1141,1252,1604,1630]" pageId="30" pageNumber="181">paratypes</typeStatus>
.
</materialsCitation>
</paragraph>
<paragraph blockId="30.[151,1437,1495,1990]" pageId="30" pageNumber="181">
<emphasis bold="true" box="[199,361,1639,1666]" pageId="30" pageNumber="181">Type locality.</emphasis>
“Kaspi-See” (Caspian Sea, without further details; 
<tableCitation box="[966,1053,1639,1666]" captionStart="TABLE 1" captionStartId="3.[151,239,473,499]" captionTargetPageId="3" captionText="TABLE 1. Locality information of the studied material. Coordinates of collecting sites are given based on data in museum catalogue cards, labels and corresponding publications. Asterisks mark localities with approximate geographic coordinates based on indirect data provided in the ZIN catalogue. Abbreviations: q.—quadrant, st.—station." pageId="30" pageNumber="181">Table 1</tableCitation>
, locality 26). Type locality of 
<taxonomicName baseAuthorityName="Logvinenko &amp; Starobogatov" baseAuthorityYear="1969" class="Gastropoda" family="Hydrobiidae" genus="Ulskia" higherTaxonomySource="GBIF" kingdom="Animalia" order="Littorinimorpha" pageId="30" pageNumber="181" phylum="Mollusca" rank="species" species="behningi">
<emphasis italics="true" pageId="30" pageNumber="181">P. behningi</emphasis>
</taxonomicName>
: Western part of the South Caspian Sea in the vicinity of the Kura River mouth, 
<quantity box="[1161,1233,1676,1702]" metricMagnitude="2" metricUnit="m" metricValue="1.2" pageId="30" pageNumber="181" unit="m" value="120.0">120 m</quantity>
(locality 23). The 
<typeStatus box="[151,258,1712,1738]" pageId="30" pageNumber="181">paratypes</typeStatus>
were collected off Apsheron Peninsula (
<collectingCountry box="[705,832,1711,1738]" name="Azerbaijan" pageId="30" pageNumber="181">Azerbaijan</collectingCountry>
) (locality 14). Type locality of 
<taxonomicName authorityName="Logvinenko et Starobogatov" authorityYear="1968" box="[1174,1257,1712,1737]" class="Gastropoda" family="Hydrobiidae" genus="Pyrgula" kingdom="Animalia" order="Littorinimorpha" pageId="30" pageNumber="181" phylum="Mollusca" rank="species" species="nana">
<emphasis box="[1174,1257,1712,1737]" italics="true" pageId="30" pageNumber="181">P. nana</emphasis>
</taxonomicName>
: western part of the Caspian Sea near Apsheron peninsula, 
<quantity box="[621,677,1748,1774]" metricMagnitude="1" metricUnit="m" metricValue="8.8" pageId="30" pageNumber="181" unit="m" value="88.0">88 m</quantity>
(locality 15); the 13 probable 
<typeStatus box="[1010,1117,1748,1774]" pageId="30" pageNumber="181">paratypes</typeStatus>
were retrieved in the eastern part of the South Caspian Sea off Cheleken Peninsula, 
<collectingCountry box="[764,919,1783,1809]" name="Turkmenistan" pageId="30" pageNumber="181">Turkmenistan</collectingCountry>
(locality 20).
</paragraph>
<paragraph blockId="30.[151,1437,1495,1990]" pageId="30" pageNumber="181">
<materialsCitation collectionCode="ZIN" elevation="64" pageId="30" pageNumber="181" specimenCode="RGM 1309810, 1309809, 1309856" specimenCount="3">
<emphasis bold="true" box="[199,387,1819,1845]" pageId="30" pageNumber="181">
<typeStatus box="[199,382,1819,1845]" isOtherTypeStatus="true" pageId="30" pageNumber="181">Other material</typeStatus>
.
</emphasis>
The “ 
<typeStatus box="[456,559,1819,1845]" pageId="30" pageNumber="181">holotype</typeStatus>
” and 6 “ 
<typeStatus box="[659,772,1820,1846]" pageId="30" pageNumber="181">paratypes</typeStatus>
” of “ 
<taxonomicName box="[834,1126,1819,1846]" class="Gastropoda" family="Hydrobiidae" genus="Caspia" kingdom="Animalia" order="Littorinimorpha" pageId="30" pageNumber="181" phylum="Mollusca" rank="species" species="clessiniolaeformis">
<emphasis box="[834,1126,1819,1846]" italics="true" pageId="30" pageNumber="181">Caspia clessiniolaeformis</emphasis>
</taxonomicName>
”, an unavailable collection name coined by Starobogatov (
<collectionCode box="[496,547,1856,1882]" country="Russia" httpUri="http://grbio.org/cool/z2y8-2jfr" name="Russian Academy of Sciences, Zoological Institute, Zoological Museum" pageId="30" pageNumber="181" type="Museum">ZIN</collectionCode>
, no number), collected in 1957 and 
<quantity box="[942,1026,1855,1881]" metricMagnitude="1" metricUnit="m" metricValue="4.98348" pageId="30" pageNumber="181" unit="in" value="1962.0">1962 in</quantity>
the eastern part of the Middle Caspi-an Sea at a depth of 
<quantity box="[371,468,1891,1918]" metricMagnitude="1" metricUnit="m" metricValue="6.35" metricValueMax="7.1" metricValueMin="5.6" pageId="30" pageNumber="181" unit="m" value="63.5" valueMax="71.0" valueMin="56.0">
<elevation box="[371,468,1891,1918]" metricMagnitude="1" metricUnit="m" metricValue="6.35" metricValueMax="7.1" metricValueMin="5.6" pageId="30" pageNumber="181" unit="m" value="63.5" valueMax="71.0" valueMin="56.0">56–71 m</elevation>
</quantity>
(localities 5 and 17). Further three specimens labelled by Starobogatov as 
<taxonomicName authorityName="Clessin &amp; W. Dybowski" authorityYear="1887" box="[1290,1437,1891,1918]" class="Gastropoda" family="Hydrobiidae" genus="Caspia" kingdom="Animalia" order="Littorinimorpha" pageId="30" pageNumber="181" phylum="Mollusca" rank="species" species="ulskii">
<emphasis box="[1290,1437,1891,1918]" italics="true" pageId="30" pageNumber="181">Caspia ulskii</emphasis>
</taxonomicName>
come from locality 17 (
<collectionCode box="[418,469,1928,1954]" country="Russia" httpUri="http://grbio.org/cool/z2y8-2jfr" name="Russian Academy of Sciences, Zoological Institute, Zoological Museum" pageId="30" pageNumber="181" type="Museum">ZIN</collectionCode>
, no number), three from Selitrennoye (locality 1, 
<specimenCode box="[1032,1204,1928,1954]" collectionCode="RGM" country="Netherlands" httpUri="http://grbio.org/cool/47nz-wbm0" name="National Museum of Natural History, Naturalis" pageId="30" pageNumber="181" type="Museum">RGM 1309810</specimenCode>
, 
<specimenCode box="[1216,1317,1928,1954]" collectionCode="RGM" country="Netherlands" httpUri="http://grbio.org/cool/47nz-wbm0" name="National Museum of Natural History, Naturalis" pageId="30" pageNumber="181" type="Museum">1309809</specimenCode>
, 
<specimenCode box="[1329,1429,1927,1954]" collectionCode="RGM" country="Netherlands" httpUri="http://grbio.org/cool/47nz-wbm0" name="National Museum of Natural History, Naturalis" pageId="30" pageNumber="181" type="Museum">1309856</specimenCode>
)
</materialsCitation>
<materialsCitation box="[151,1159,1963,1990]" collectionCode="RGM" pageId="30" pageNumber="181" specimenCode="RGM 1310306-1310310" specimenCount="1">
and five specimens from the Kura delta (localities 25d and 25f, 
<specimenCode box="[865,1151,1963,1990]" collectionCode="RGM" country="Netherlands" httpUri="http://grbio.org/cool/47nz-wbm0" name="National Museum of Natural History, Naturalis" pageId="30" pageNumber="181" type="Museum">RGM 1310306–1310310</specimenCode>
)
</materialsCitation>
.
</paragraph>
</subSubSection>
<caption ID-DOI="http://doi.org/10.5281/zenodo.4550190" ID-Zenodo-Dep="4550190" httpUri="https://zenodo.org/record/4550190/files/figure.png" pageId="31" pageNumber="182" startId="31.[151,250,1760,1784]" targetBox="[301,1286,181,1736]" targetPageId="31">
<paragraph blockId="31.[151,1437,1760,2036]" pageId="31" pageNumber="182">
<emphasis bold="true" box="[151,289,1760,1784]" pageId="31" pageNumber="182">FIGURE 16.</emphasis>
<taxonomicName box="[297,426,1760,1784]" class="Gastropoda" family="Hydrobiidae" genus="Ulskia" higherTaxonomySource="GBIF" kingdom="Animalia" order="Littorinimorpha" pageId="31" pageNumber="182" phylum="Mollusca" rank="species" species="ulskii">
<emphasis box="[297,426,1760,1784]" italics="true" pageId="31" pageNumber="182">Ulskia ulskii</emphasis>
</taxonomicName>
(Clessin &amp; Dybowski in 
<bibRefCitation author="Dybowski, W." box="[690,861,1760,1784]" pageId="31" pageNumber="182" pagination="1 - 64" refId="ref30278" refString="Dybowski, W. (1887 - 1888) Die Gasteropoden-Fauna des Kaspischen Meeres. Nach der Sammlung des Akademikers Dr. K. E. v. Baer. Malakozoologische Blatter, Neue Folge, 10 (1 - 3), 1 - 64 (issue 1, 1887), 65 - 79 (issue 2, 1888), pls. 1 - 3 (issue 3, 1888)." type="journal article" year="1887">Dybowski, 1887</bibRefCitation>
) from the Caspian Sea Basin. (a) Lectotype, locality 26 (ZB-M W.Dyb. 76). (b) Paralectotype, locality 26 (ZB-M W.Dyb. 78). (c) Paralectotype, locality 26 (ZB-M W.Dyb. 78). (d) Paralectotype, locality 26 (ZB-M W.Dyb. 76). (e) Paralectotype, locality 26 (ZB-M W.Dyb. 76). (f, k) Specimen from locality 17 (ZIN, no number). (g, h) Holotype of 
<taxonomicName authorityName="Logvinenko et Starobogatov" authorityYear="1968" box="[534,672,1868,1892]" class="Gastropoda" family="Hydrobiidae" genus="Pyrgula" kingdom="Animalia" order="Littorinimorpha" pageId="31" pageNumber="182" phylum="Mollusca" rank="species" species="nana">
<emphasis box="[534,672,1868,1892]" italics="true" pageId="31" pageNumber="182">Pyrgula nana</emphasis>
</taxonomicName>
, locality 15 (ZIN, no number). (i, j) Specimen labelled as “ 
<taxonomicName class="Gastropoda" family="Hydrobiidae" genus="Caspia" kingdom="Animalia" order="Littorinimorpha" pageId="31" pageNumber="182" phylum="Mollusca" rank="species" species="clessiniolaeformis">
<emphasis italics="true" pageId="31" pageNumber="182">Caspia clessiniolaeformis</emphasis>
</taxonomicName>
, holotype”, locality 17 (ZIN, no number). (l) Holotype of 
<taxonomicName authorityName="Logvinenko et Starobogatov" authorityYear="1968" box="[848,1024,1904,1928]" class="Gastropoda" family="Hydrobiidae" genus="Pyrgula" kingdom="Animalia" order="Littorinimorpha" pageId="31" pageNumber="182" phylum="Mollusca" rank="species" species="behningi">
<emphasis box="[848,1024,1904,1928]" italics="true" pageId="31" pageNumber="182">Pyrgula behningi</emphasis>
</taxonomicName>
, locality 23 (ZIN #1). (m) Paratype of 
<taxonomicName authorityName="Logvinenko et Starobogatov" authorityYear="1968" class="Gastropoda" family="Hydrobiidae" genus="Pyrgula" kingdom="Animalia" order="Littorinimorpha" pageId="31" pageNumber="182" phylum="Mollusca" rank="species" species="behningi">
<emphasis italics="true" pageId="31" pageNumber="182">P. behningi</emphasis>
</taxonomicName>
, locality 14 (ZIN #2). (n, o) Paratype of 
<taxonomicName authorityName="Logvinenko et Starobogatov" authorityYear="1968" box="[643,756,1940,1964]" class="Gastropoda" family="Hydrobiidae" genus="Pyrgula" kingdom="Animalia" order="Littorinimorpha" pageId="31" pageNumber="182" phylum="Mollusca" rank="species" species="behningi">
<emphasis box="[643,756,1940,1964]" italics="true" pageId="31" pageNumber="182">P. behningi</emphasis>
</taxonomicName>
, locality 14 (ZIN #2). (p–s, u) Five specimens from the Holocene of the Kura delta (localities 25d and 25f, RGM 1310306–1310310). (t, v–z) Three specimens from Selitrennoye (locality 1, RGM 1309810, 1309809, 1309856). Scale bar = 1 mm.
</paragraph>
</caption>
<subSubSection lastPageId="33" lastPageNumber="184" pageId="32" pageNumber="183" type="discussion">
<paragraph blockId="32.[151,1437,150,285]" pageId="32" pageNumber="183">
<emphasis bold="true" box="[199,308,151,177]" pageId="32" pageNumber="183">Remarks</emphasis>
. The characteristic features of 
<taxonomicName box="[672,816,151,177]" class="Gastropoda" family="Hydrobiidae" genus="Ulskia" higherTaxonomySource="GBIF" kingdom="Animalia" order="Littorinimorpha" pageId="32" pageNumber="183" phylum="Mollusca" rank="species" species="ulskii">
<emphasis box="[672,816,151,177]" italics="true" pageId="32" pageNumber="183">Ulskia ulskii</emphasis>
</taxonomicName>
are the small (up to 
<quantity box="[1067,1171,150,177]" metricMagnitude="-3" metricUnit="m" metricValue="2.15" pageId="32" pageNumber="183" unit="mm" value="2.15">2.15 mm</quantity>
in height, 
<quantity box="[1301,1404,151,177]" metricMagnitude="-3" metricUnit="m" metricValue="1.2" pageId="32" pageNumber="183" unit="mm" value="1.2">1.20 mm</quantity>
in width), slender and usually stepped shell with a tightly coiled aperture that rarely leaves an umbilicus (
<figureCitation box="[1301,1381,187,214]" captionStart="FIGURE 16" captionStartId="31.[151,250,1760,1784]" captionTargetBox="[301,1286,181,1736]" captionTargetId="figure-17@31.[301,1286,181,1736]" captionTargetPageId="31" captionText="FIGURE 16. Ulskia ulskii (Clessin &amp; Dybowski in Dybowski, 1887) from the Caspian Sea Basin. (a) Lectotype, locality 26 (ZB-M W.Dyb. 76). (b) Paralectotype, locality 26 (ZB-M W.Dyb. 78). (c) Paralectotype, locality 26 (ZB-M W.Dyb. 78). (d) Paralectotype, locality 26 (ZB-M W.Dyb. 76). (e) Paralectotype, locality 26 (ZB-M W.Dyb. 76). (f, k) Specimen from locality 17 (ZIN, no number). (g, h) Holotype of Pyrgula nana, locality 15 (ZIN, no number). (i, j) Specimen labelled as “Caspia clessiniolaeformis, holotype”, locality 17 (ZIN, no number). (l) Holotype of Pyrgula behningi, locality 23 (ZIN 1). (m) Paratype of P. behningi, locality 14 (ZIN 2). (n, o) Paratype of P. behningi, locality 14 (ZIN 2). (p–s, u) Five specimens from the Holocene of the Kura delta (localities 25d and 25f, RGM 1310306–1310310). (t, v–z) Three specimens from Selitrennoye (locality 1, RGM 1309810, 1309809, 1309856). Scale bar = 1 mm." figureDoi="http://doi.org/10.5281/zenodo.4550190" httpUri="https://zenodo.org/record/4550190/files/figure.png" pageId="32" pageNumber="183">Fig. 16</figureCitation>
a–z), a striated–wrinkled protoconch demarcated by a distinct but not particularly bulgy growth rim (
<figureCitation box="[1235,1315,223,249]" captionStart="FIGURE 17" captionStartId="32.[151,250,1836,1860]" captionTargetBox="[151,1436,309,1812]" captionTargetId="figure-93@32.[151,1436,309,1812]" captionTargetPageId="32" captionText="FIGURE 17. Protoconch views of Ulskia ulskii (Clessin &amp; Dybowski in Dybowski, 1887). (a) Paralectotype, locality 26 (ZB- M W.Dyb. 76). (b, j, m) Paralectotype, locality 26 (ZB-M W.Dyb. 116). (c, i) Specimen from the Holocene of the Kura delta (locality 25f, RGM 1310308). (d, k) Specimen from the same area (locality 25d, RGM 1310310). (e) Specimen from the same area (locality 25f, RGM 1310306). (f, l) Specimen from the same area (locality 25d, RGM 1310309). (g, h, n, o) Specimen from the same area (locality 25d, RGM 1310307). Scale bar = 100 μm." figureDoi="http://doi.org/10.5281/zenodo.4550192" httpUri="https://zenodo.org/record/4550192/files/figure.png" pageId="32" pageNumber="183">Fig. 17</figureCitation>
a–o) and a teleoconch microsculpture that consists of tiny, irregular, elongated beads (
<figureCitation box="[989,1223,259,285]" captionStart="FIGURE 17" captionStartId="32.[151,250,1836,1860]" captionTargetBox="[151,1436,309,1812]" captionTargetId="figure-93@32.[151,1436,309,1812]" captionTargetPageId="32" captionText="FIGURE 17. Protoconch views of Ulskia ulskii (Clessin &amp; Dybowski in Dybowski, 1887). (a) Paralectotype, locality 26 (ZB- M W.Dyb. 76). (b, j, m) Paralectotype, locality 26 (ZB-M W.Dyb. 116). (c, i) Specimen from the Holocene of the Kura delta (locality 25f, RGM 1310308). (d, k) Specimen from the same area (locality 25d, RGM 1310310). (e) Specimen from the same area (locality 25f, RGM 1310306). (f, l) Specimen from the same area (locality 25d, RGM 1310309). (g, h, n, o) Specimen from the same area (locality 25d, RGM 1310307). Scale bar = 100 μm." figureDoi="http://doi.org/10.5281/zenodo.4550192" httpUri="https://zenodo.org/record/4550192/files/figure.png" pageId="32" pageNumber="183">Fig. 17b, c, f, i, k, m</figureCitation>
).
</paragraph>
<caption ID-DOI="http://doi.org/10.5281/zenodo.4550192" ID-Zenodo-Dep="4550192" httpUri="https://zenodo.org/record/4550192/files/figure.png" pageId="32" pageNumber="183" startId="32.[151,250,1836,1860]" targetBox="[151,1436,309,1812]" targetPageId="32">
<paragraph blockId="32.[151,1436,1836,2005]" pageId="32" pageNumber="183">
<emphasis bold="true" box="[151,288,1836,1860]" pageId="32" pageNumber="183">FIGURE 17.</emphasis>
Protoconch views of 
<taxonomicName box="[510,638,1836,1860]" class="Gastropoda" family="Hydrobiidae" genus="Ulskia" higherTaxonomySource="GBIF" kingdom="Animalia" order="Littorinimorpha" pageId="32" pageNumber="183" phylum="Mollusca" rank="species" species="ulskii">
<emphasis box="[510,638,1836,1860]" italics="true" pageId="32" pageNumber="183">Ulskia ulskii</emphasis>
</taxonomicName>
(Clessin &amp; Dybowski in 
<bibRefCitation author="Dybowski, W." box="[898,1070,1836,1860]" pageId="32" pageNumber="183" pagination="1 - 64" refId="ref30278" refString="Dybowski, W. (1887 - 1888) Die Gasteropoden-Fauna des Kaspischen Meeres. Nach der Sammlung des Akademikers Dr. K. E. v. Baer. Malakozoologische Blatter, Neue Folge, 10 (1 - 3), 1 - 64 (issue 1, 1887), 65 - 79 (issue 2, 1888), pls. 1 - 3 (issue 3, 1888)." type="journal article" year="1887">Dybowski, 1887</bibRefCitation>
). (a) Paralectotype, locality 26 (ZB- M W.Dyb. 76). (b, j, m) Paralectotype, locality 26 (ZB-M W.Dyb. 116). (c, i) Specimen from the Holocene of the Kura delta (locality 25f, RGM 1310308). (d, k) Specimen from the same area (locality 25d, RGM 1310310). (e) Specimen from the same area (locality 25f, RGM 1310306). (f, l) Specimen from the same area (locality 25d, RGM 1310309). (g, h, n, o) Specimen from the same area (locality 25d, RGM 1310307). Scale bar = 100 μm.
</paragraph>
</caption>
<paragraph blockId="33.[151,1437,151,717]" pageId="33" pageNumber="184">
<taxonomicName box="[199,340,151,177]" class="Gastropoda" family="Hydrobiidae" genus="Ulskia" higherTaxonomySource="GBIF" kingdom="Animalia" order="Littorinimorpha" pageId="33" pageNumber="184" phylum="Mollusca" rank="species" species="ulskii">
<emphasis box="[199,340,151,177]" italics="true" pageId="33" pageNumber="184">Ulskia ulskii</emphasis>
</taxonomicName>
<materialsCitation country="Russia" location="Pleistocene" municipality="These" pageId="33" pageNumber="184" specimenCount="1" typeStatus="lectotype">
is a highly variable species with respect to shell shape. 
<bibRefCitation author="Neubauer, T. A. &amp; van de Velde, S. &amp; Yanina, T. A. &amp; Wesselingh, F. P." box="[962,1215,151,177]" pageId="33" pageNumber="184" pagination="43 - 103" refId="ref32549" refString="Neubauer, T. A., van de Velde, S., Yanina, T. A. &amp; Wesselingh, F. P. (2018) A late Pleistocene gastropod fauna from the northern Caspian Sea with implications for Pontocaspian gastropod taxonomy. ZooKeys, 770, 43 - 103. https: // doi. org / 10.3897 / zookeys. 770.25365" type="journal article" year="2018">
Neubauer 
<emphasis box="[1078,1127,151,177]" italics="true" pageId="33" pageNumber="184">et al</emphasis>
. (2018)
</bibRefCitation>
provided a detailed description for material from the 
<location LSID="urn:lsid:plazi:treatment:03BF87A3C85FFF96FF3DFC28FEB3A7BA:8EC9606EC860FF96FDB0FF65FD3FA5A2" box="[538,666,187,213]" country="Russia" municipality="These" name="Pleistocene" pageId="33" pageNumber="184">Pleistocene</location>
of 
<collectingCountry box="[709,784,187,213]" name="Russia" pageId="33" pageNumber="184">Russia</collectingCountry>
(
<figureCitation box="[802,895,187,213]" captionStart="FIGURE 16" captionStartId="31.[151,250,1760,1784]" captionTargetBox="[301,1286,181,1736]" captionTargetId="figure-17@31.[301,1286,181,1736]" captionTargetPageId="31" captionText="FIGURE 16. Ulskia ulskii (Clessin &amp; Dybowski in Dybowski, 1887) from the Caspian Sea Basin. (a) Lectotype, locality 26 (ZB-M W.Dyb. 76). (b) Paralectotype, locality 26 (ZB-M W.Dyb. 78). (c) Paralectotype, locality 26 (ZB-M W.Dyb. 78). (d) Paralectotype, locality 26 (ZB-M W.Dyb. 76). (e) Paralectotype, locality 26 (ZB-M W.Dyb. 76). (f, k) Specimen from locality 17 (ZIN, no number). (g, h) Holotype of Pyrgula nana, locality 15 (ZIN, no number). (i, j) Specimen labelled as “Caspia clessiniolaeformis, holotype”, locality 17 (ZIN, no number). (l) Holotype of Pyrgula behningi, locality 23 (ZIN 1). (m) Paratype of P. behningi, locality 14 (ZIN 2). (n, o) Paratype of P. behningi, locality 14 (ZIN 2). (p–s, u) Five specimens from the Holocene of the Kura delta (localities 25d and 25f, RGM 1310306–1310310). (t, v–z) Three specimens from Selitrennoye (locality 1, RGM 1309810, 1309809, 1309856). Scale bar = 1 mm." figureDoi="http://doi.org/10.5281/zenodo.4550190" httpUri="https://zenodo.org/record/4550190/files/figure.png" pageId="33" pageNumber="184">
Fig. 
<quantity box="[857,895,187,213]" metricMagnitude="4" metricUnit="kg" metricValue="1.6" pageId="33" pageNumber="184" unit="t" value="16.0">16t</quantity>
</figureCitation>
, v–z). 
<collectingMunicipality box="[976,1043,187,213]" pageId="33" pageNumber="184">These</collectingMunicipality>
specimens are more elongate and slightly larger but otherwise fit well to the 
<typeStatus box="[647,750,223,249]" pageId="33" pageNumber="184">lectotype</typeStatus>
series of 
<taxonomicName box="[864,962,223,249]" class="Gastropoda" family="Hydrobiidae" genus="Ulskia" higherTaxonomySource="GBIF" kingdom="Animalia" order="Littorinimorpha" pageId="33" pageNumber="184" phylum="Mollusca" rank="species" species="ulskii">
<emphasis box="[864,962,223,249]" italics="true" pageId="33" pageNumber="184">U. ulskii</emphasis>
</taxonomicName>
. Similarly, Holocene specimens from the Kura delta tend to be more slender and have a less stepped outline (
<figureCitation box="[910,990,259,285]" captionStart="FIGURE 16" captionStartId="31.[151,250,1760,1784]" captionTargetBox="[301,1286,181,1736]" captionTargetId="figure-17@31.[301,1286,181,1736]" captionTargetPageId="31" captionText="FIGURE 16. Ulskia ulskii (Clessin &amp; Dybowski in Dybowski, 1887) from the Caspian Sea Basin. (a) Lectotype, locality 26 (ZB-M W.Dyb. 76). (b) Paralectotype, locality 26 (ZB-M W.Dyb. 78). (c) Paralectotype, locality 26 (ZB-M W.Dyb. 78). (d) Paralectotype, locality 26 (ZB-M W.Dyb. 76). (e) Paralectotype, locality 26 (ZB-M W.Dyb. 76). (f, k) Specimen from locality 17 (ZIN, no number). (g, h) Holotype of Pyrgula nana, locality 15 (ZIN, no number). (i, j) Specimen labelled as “Caspia clessiniolaeformis, holotype”, locality 17 (ZIN, no number). (l) Holotype of Pyrgula behningi, locality 23 (ZIN 1). (m) Paratype of P. behningi, locality 14 (ZIN 2). (n, o) Paratype of P. behningi, locality 14 (ZIN 2). (p–s, u) Five specimens from the Holocene of the Kura delta (localities 25d and 25f, RGM 1310306–1310310). (t, v–z) Three specimens from Selitrennoye (locality 1, RGM 1309810, 1309809, 1309856). Scale bar = 1 mm." figureDoi="http://doi.org/10.5281/zenodo.4550190" httpUri="https://zenodo.org/record/4550190/files/figure.png" pageId="33" pageNumber="184">Fig. 16</figureCitation>
p–s, u), but the morphological variation is fluent and does not allow establishing clear species boundaries. Rather we consider all these differences to reflect intraspecific variation
</materialsCitation>
.
</paragraph>
<paragraph blockId="33.[151,1437,151,717]" pageId="33" pageNumber="184">
The range of variation also covers the 
<typeStatus box="[620,718,367,393]" pageId="33" pageNumber="184">holotype</typeStatus>
of 
<taxonomicName authority="Logvinenko &amp; Starobogatov, 1969" authorityName="Logvinenko &amp; Starobogatov" authorityYear="1969" box="[752,1293,367,393]" class="Gastropoda" family="Hydrobiidae" genus="Pyrgula" kingdom="Animalia" order="Littorinimorpha" pageId="33" pageNumber="184" phylum="Mollusca" rank="species" species="nana">
<emphasis box="[752,903,367,393]" italics="true" pageId="33" pageNumber="184">Pyrgula nana</emphasis>
<bibRefCitation author="Logvinenko, B. M. &amp; Starobogatov, Ya. I." box="[909,1293,367,393]" pageId="33" pageNumber="184" pagination="308 - 385" refId="ref32049" refString="Logvinenko, B. M. &amp; Starobogatov, Ya. I. (1969 [&quot; 1968 &quot;]) Mollusca. In: Birshtein, Y. A., Vinogradov, L. G., Kondakov, N. N., Kuhn, M. S., Astakhova, T. V. &amp; Romanova, N. N. (Eds.), Atlas bespozvonochnykh Kaspiyskogo morya. Pishchevaya Promyshlennost (Vsesoyuznyi Nauchno-issledovatel'skii Institut Morskogo Rybnogo Khozyaistva i Okeanografii), Moskva, pp. 308 - 385." type="book chapter" year="1969">Logvinenko &amp; Starobogatov, 1969</bibRefCitation>
</taxonomicName>
(
<figureCitation box="[1307,1428,367,394]" captionStart="FIGURE 16" captionStartId="31.[151,250,1760,1784]" captionTargetBox="[301,1286,181,1736]" captionTargetId="figure-17@31.[301,1286,181,1736]" captionTargetPageId="31" captionText="FIGURE 16. Ulskia ulskii (Clessin &amp; Dybowski in Dybowski, 1887) from the Caspian Sea Basin. (a) Lectotype, locality 26 (ZB-M W.Dyb. 76). (b) Paralectotype, locality 26 (ZB-M W.Dyb. 78). (c) Paralectotype, locality 26 (ZB-M W.Dyb. 78). (d) Paralectotype, locality 26 (ZB-M W.Dyb. 76). (e) Paralectotype, locality 26 (ZB-M W.Dyb. 76). (f, k) Specimen from locality 17 (ZIN, no number). (g, h) Holotype of Pyrgula nana, locality 15 (ZIN, no number). (i, j) Specimen labelled as “Caspia clessiniolaeformis, holotype”, locality 17 (ZIN, no number). (l) Holotype of Pyrgula behningi, locality 23 (ZIN 1). (m) Paratype of P. behningi, locality 14 (ZIN 2). (n, o) Paratype of P. behningi, locality 14 (ZIN 2). (p–s, u) Five specimens from the Holocene of the Kura delta (localities 25d and 25f, RGM 1310306–1310310). (t, v–z) Three specimens from Selitrennoye (locality 1, RGM 1309810, 1309809, 1309856). Scale bar = 1 mm." figureDoi="http://doi.org/10.5281/zenodo.4550190" httpUri="https://zenodo.org/record/4550190/files/figure.png" pageId="33" pageNumber="184">
Fig. 
<quantity box="[1358,1402,367,393]" metricMagnitude="-2" metricUnit="kg" metricValue="1.6" pageId="33" pageNumber="184" unit="g" value="16.0">16g</quantity>
, h
</figureCitation>
) and 
<taxonomicName authority="Logvinenko &amp; Starobogatov, 1969" authorityName="Logvinenko &amp; Starobogatov" authorityYear="1969" box="[198,717,403,429]" class="Gastropoda" family="Hydrobiidae" genus="Pyrgula" kingdom="Animalia" order="Littorinimorpha" pageId="33" pageNumber="184" phylum="Mollusca" rank="species" species="behningi">
<emphasis box="[198,323,403,429]" italics="true" pageId="33" pageNumber="184">P. behningi</emphasis>
<bibRefCitation author="Logvinenko, B. M. &amp; Starobogatov, Ya. I." box="[330,717,403,429]" pageId="33" pageNumber="184" pagination="308 - 385" refId="ref32049" refString="Logvinenko, B. M. &amp; Starobogatov, Ya. I. (1969 [&quot; 1968 &quot;]) Mollusca. In: Birshtein, Y. A., Vinogradov, L. G., Kondakov, N. N., Kuhn, M. S., Astakhova, T. V. &amp; Romanova, N. N. (Eds.), Atlas bespozvonochnykh Kaspiyskogo morya. Pishchevaya Promyshlennost (Vsesoyuznyi Nauchno-issledovatel'skii Institut Morskogo Rybnogo Khozyaistva i Okeanografii), Moskva, pp. 308 - 385." type="book chapter" year="1969">Logvinenko &amp; Starobogatov, 1969</bibRefCitation>
</taxonomicName>
(
<figureCitation box="[731,811,403,430]" captionStart="FIGURE 16" captionStartId="31.[151,250,1760,1784]" captionTargetBox="[301,1286,181,1736]" captionTargetId="figure-17@31.[301,1286,181,1736]" captionTargetPageId="31" captionText="FIGURE 16. Ulskia ulskii (Clessin &amp; Dybowski in Dybowski, 1887) from the Caspian Sea Basin. (a) Lectotype, locality 26 (ZB-M W.Dyb. 76). (b) Paralectotype, locality 26 (ZB-M W.Dyb. 78). (c) Paralectotype, locality 26 (ZB-M W.Dyb. 78). (d) Paralectotype, locality 26 (ZB-M W.Dyb. 76). (e) Paralectotype, locality 26 (ZB-M W.Dyb. 76). (f, k) Specimen from locality 17 (ZIN, no number). (g, h) Holotype of Pyrgula nana, locality 15 (ZIN, no number). (i, j) Specimen labelled as “Caspia clessiniolaeformis, holotype”, locality 17 (ZIN, no number). (l) Holotype of Pyrgula behningi, locality 23 (ZIN 1). (m) Paratype of P. behningi, locality 14 (ZIN 2). (n, o) Paratype of P. behningi, locality 14 (ZIN 2). (p–s, u) Five specimens from the Holocene of the Kura delta (localities 25d and 25f, RGM 1310306–1310310). (t, v–z) Three specimens from Selitrennoye (locality 1, RGM 1309810, 1309809, 1309856). Scale bar = 1 mm." figureDoi="http://doi.org/10.5281/zenodo.4550190" httpUri="https://zenodo.org/record/4550190/files/figure.png" pageId="33" pageNumber="184">Fig. 16</figureCitation>
l–o), which closely resemble some of the 
<typeStatus box="[1274,1436,403,429]" pageId="33" pageNumber="184">paralectotypes</typeStatus>
of 
<taxonomicName box="[182,277,439,465]" class="Gastropoda" family="Hydrobiidae" genus="Ulskia" higherTaxonomySource="GBIF" kingdom="Animalia" order="Littorinimorpha" pageId="33" pageNumber="184" phylum="Mollusca" rank="species" species="ulskii">
<emphasis box="[182,277,439,465]" italics="true" pageId="33" pageNumber="184">U. ulskii</emphasis>
</taxonomicName>
. We thus follow the previous opinion of 
<bibRefCitation author="Neubauer, T. A. &amp; van de Velde, S. &amp; Yanina, T. A. &amp; Wesselingh, F. P." box="[737,992,439,465]" pageId="33" pageNumber="184" pagination="43 - 103" refId="ref32549" refString="Neubauer, T. A., van de Velde, S., Yanina, T. A. &amp; Wesselingh, F. P. (2018) A late Pleistocene gastropod fauna from the northern Caspian Sea with implications for Pontocaspian gastropod taxonomy. ZooKeys, 770, 43 - 103. https: // doi. org / 10.3897 / zookeys. 770.25365" type="journal article" year="2018">
Neubauer 
<emphasis box="[853,903,439,465]" italics="true" pageId="33" pageNumber="184">et al</emphasis>
. (2018)
</bibRefCitation>
and consider 
<taxonomicName authorityName="Logvinenko &amp; Starobogatov" authorityYear="1969" box="[1149,1232,439,464]" class="Gastropoda" family="Hydrobiidae" genus="Pyrgula" kingdom="Animalia" order="Littorinimorpha" pageId="33" pageNumber="184" phylum="Mollusca" rank="species" species="nana">
<emphasis box="[1149,1232,439,464]" italics="true" pageId="33" pageNumber="184">P. nana</emphasis>
</taxonomicName>
a junior synonym of 
<taxonomicName box="[182,277,475,501]" class="Gastropoda" family="Hydrobiidae" genus="Ulskia" higherTaxonomySource="GBIF" kingdom="Animalia" order="Littorinimorpha" pageId="33" pageNumber="184" phylum="Mollusca" rank="species" species="ulskii">
<emphasis box="[182,277,475,501]" italics="true" pageId="33" pageNumber="184">U. ulskii</emphasis>
</taxonomicName>
; 
<taxonomicName authorityName="Logvinenko &amp; Starobogatov" authorityYear="1969" box="[291,485,475,501]" class="Gastropoda" family="Hydrobiidae" genus="Pyrgula" kingdom="Animalia" order="Littorinimorpha" pageId="33" pageNumber="184" phylum="Mollusca" rank="species" species="behningi">
<emphasis box="[291,485,475,501]" italics="true" pageId="33" pageNumber="184">Pyrgula behningi</emphasis>
</taxonomicName>
is a new synonym of 
<taxonomicName box="[731,826,475,501]" class="Gastropoda" family="Hydrobiidae" genus="Ulskia" higherTaxonomySource="GBIF" kingdom="Animalia" order="Littorinimorpha" pageId="33" pageNumber="184" phylum="Mollusca" rank="species" species="ulskii">
<emphasis box="[731,826,475,501]" italics="true" pageId="33" pageNumber="184">U. ulskii</emphasis>
</taxonomicName>
.
</paragraph>
<paragraph blockId="33.[151,1437,151,717]" pageId="33" pageNumber="184">
<materialsCitation collectionCode="ZIN" pageId="33" pageNumber="184" specimenCount="2" typeStatus="holotype">
Furthermore, we found in the 
<collectionCode box="[537,584,511,537]" country="Russia" httpUri="http://grbio.org/cool/z2y8-2jfr" name="Russian Academy of Sciences, Zoological Institute, Zoological Museum" pageId="33" pageNumber="184" type="Museum">ZIN</collectionCode>
collection of Starobogatov material labelled with the unavailable collection name “ 
<taxonomicName box="[233,525,547,573]" class="Gastropoda" family="Hydrobiidae" genus="Caspia" kingdom="Animalia" order="Littorinimorpha" pageId="33" pageNumber="184" phylum="Mollusca" rank="species" species="clessiniolaeformis">
<emphasis box="[233,525,547,573]" italics="true" pageId="33" pageNumber="184">Caspia clessiniolaeformis</emphasis>
</taxonomicName>
”. The “ 
<typeStatus box="[614,717,547,573]" pageId="33" pageNumber="184">holotype</typeStatus>
” and 6 “ 
<typeStatus box="[817,930,547,573]" pageId="33" pageNumber="184">paratypes</typeStatus>
” of “ 
<taxonomicName box="[992,1284,547,573]" class="Gastropoda" family="Hydrobiidae" genus="Caspia" kingdom="Animalia" order="Littorinimorpha" pageId="33" pageNumber="184" phylum="Mollusca" rank="species" species="clessiniolaeformis">
<emphasis box="[992,1284,547,573]" italics="true" pageId="33" pageNumber="184">Caspia clessiniolaeformis</emphasis>
</taxonomicName>
” collected in the eastern part of the Middle Caspian Sea fall in the morphological range of 
<taxonomicName box="[1017,1113,583,609]" class="Gastropoda" family="Hydrobiidae" genus="Ulskia" higherTaxonomySource="GBIF" kingdom="Animalia" order="Littorinimorpha" pageId="33" pageNumber="184" phylum="Mollusca" rank="species" species="ulskii">
<emphasis box="[1017,1113,583,609]" italics="true" pageId="33" pageNumber="184">U. ulskii</emphasis>
</taxonomicName>
(
<figureCitation box="[1128,1240,583,610]" captionStart="FIGURE 16" captionStartId="31.[151,250,1760,1784]" captionTargetBox="[301,1286,181,1736]" captionTargetId="figure-17@31.[301,1286,181,1736]" captionTargetPageId="31" captionText="FIGURE 16. Ulskia ulskii (Clessin &amp; Dybowski in Dybowski, 1887) from the Caspian Sea Basin. (a) Lectotype, locality 26 (ZB-M W.Dyb. 76). (b) Paralectotype, locality 26 (ZB-M W.Dyb. 78). (c) Paralectotype, locality 26 (ZB-M W.Dyb. 78). (d) Paralectotype, locality 26 (ZB-M W.Dyb. 76). (e) Paralectotype, locality 26 (ZB-M W.Dyb. 76). (f, k) Specimen from locality 17 (ZIN, no number). (g, h) Holotype of Pyrgula nana, locality 15 (ZIN, no number). (i, j) Specimen labelled as “Caspia clessiniolaeformis, holotype”, locality 17 (ZIN, no number). (l) Holotype of Pyrgula behningi, locality 23 (ZIN 1). (m) Paratype of P. behningi, locality 14 (ZIN 2). (n, o) Paratype of P. behningi, locality 14 (ZIN 2). (p–s, u) Five specimens from the Holocene of the Kura delta (localities 25d and 25f, RGM 1310306–1310310). (t, v–z) Three specimens from Selitrennoye (locality 1, RGM 1309810, 1309809, 1309856). Scale bar = 1 mm." figureDoi="http://doi.org/10.5281/zenodo.4550190" httpUri="https://zenodo.org/record/4550190/files/figure.png" pageId="33" pageNumber="184">Fig. 16i, j</figureCitation>
)
</materialsCitation>
.
</paragraph>
</subSubSection>
<subSubSection pageId="33" pageNumber="184" type="distribution">
<paragraph blockId="33.[151,1437,151,717]" pageId="33" pageNumber="184">
<emphasis bold="true" box="[199,353,618,644]" pageId="33" pageNumber="184">Distribution.</emphasis>
Endemic to the Caspian Sea, reported from water depths between 45 and 
<quantity box="[1184,1256,619,645]" metricMagnitude="2" metricUnit="m" metricValue="1.7" pageId="33" pageNumber="184" unit="m" value="170.0">170 m</quantity>
(
<bibRefCitation author="Logvinenko, B. M. &amp; Starobogatov, Ya. I." pageId="33" pageNumber="184" pagination="308 - 385" refId="ref32049" refString="Logvinenko, B. M. &amp; Starobogatov, Ya. I. (1969 [&quot; 1968 &quot;]) Mollusca. In: Birshtein, Y. A., Vinogradov, L. G., Kondakov, N. N., Kuhn, M. S., Astakhova, T. V. &amp; Romanova, N. N. (Eds.), Atlas bespozvonochnykh Kaspiyskogo morya. Pishchevaya Promyshlennost (Vsesoyuznyi Nauchno-issledovatel'skii Institut Morskogo Rybnogo Khozyaistva i Okeanografii), Moskva, pp. 308 - 385." type="book chapter" year="1969">Logvinenko &amp; Starobogatov 1969</bibRefCitation>
; data of ZIN catalogue). 
<bibRefCitation author="Tarasov, A. G." box="[650,835,655,682]" pageId="33" pageNumber="184" pagination="117 - 126" refId="ref33795" refString="Tarasov, A. G. (1996 b) Novyye dannyye o kaspiyskikh glubokovodnykh Gastropoda. Ruthenica, 6 (2), 117 - 126." type="journal article" year="1996">Tarasov (1996b)</bibRefCitation>
mentioned the species from 
<quantity box="[1161,1233,655,681]" metricMagnitude="2" metricUnit="m" metricValue="4.779999999999999" pageId="33" pageNumber="184" unit="m" value="478.0">478 m</quantity>
in the South Caspian Basin.
</paragraph>
</subSubSection>
</treatment>
</document>