<document ID-DOI="http://doi.org/10.5281/zenodo.4550170" ID-GBIF-Dataset="1a2ba1ca-028f-4b95-8dda-5ddec4e63524" ID-ISSN="1175-5326" ID-Zenodo-Dep="4550170" ID-ZooBank="5D1D20A5-0F44-4AEF-AF5F-A758FC37D076" _generate="added" checkinTime="1613716226573" checkinUser="plazi" docAuthor="Anistratenko, Vitaliy V., Neubauer, Thomas A., Anistratenko, Olga Yu., Kijashko, Pavel V. &amp; Wesselingh, Frank P." docDate="2021" docId="03BF87A3C856FFA0FF3DFE94FC24A01E" docLanguage="en" docName="zootaxa.4933.2.1.pdf" docOrigin="Zootaxa 4933 (2)" docStyle="DocumentStyle:647186512141C8FC8976D5BCC54AEB7D.5:Zootaxa.2013.journal_article" docStyleId="647186512141C8FC8976D5BCC54AEB7D" docStyleName="Zootaxa.2013.journal_article" docStyleVersion="5" docTitle="Clathrocaspia isseli" docType="treatment" docVersion="6" lastPageNumber="174" masterDocId="FF86FFDBC841FFB7FFAAFFDEFFA5A577" masterDocTitle="A revision of the Pontocaspian gastropods of the subfamily Caspiinae (Caenogastropoda: Hydrobiidae)" masterLastPageNumber="197" masterPageNumber="151" pageId="23" pageNumber="174" updateTime="1615896021446" updateUser="ExternalLinkService" zenodo-license-document="CLOSED">
<mods:mods xmlns:mods="http://www.loc.gov/mods/v3">
<mods:titleInfo>
<mods:title>A revision of the Pontocaspian gastropods of the subfamily Caspiinae (Caenogastropoda: Hydrobiidae)</mods:title>
</mods:titleInfo>
<mods:name type="personal">
<mods:role>
<mods:roleTerm>Author</mods:roleTerm>
</mods:role>
<mods:namePart>Anistratenko, Vitaliy V.</mods:namePart>
<mods:nameIdentifier type="ORCID">0000-0003-0832-7625</mods:nameIdentifier>
<mods:affiliation>Department of Invertebrate Fauna and Systematics, Schmalhausen Institute of Zoology, National Academy of Sciences of Ukraine, B. Khmelnytsky Str. 15, 01030 Kiev, Ukraine.</mods:affiliation>
</mods:name>
<mods:name type="personal">
<mods:role>
<mods:roleTerm>Author</mods:roleTerm>
</mods:role>
<mods:namePart>Neubauer, Thomas A.</mods:namePart>
<mods:nameIdentifier type="ORCID">0000-0002-1398-9941</mods:nameIdentifier>
<mods:affiliation>Department of Animal Ecology and Systematics, Justus Liebig University, Heinrich-Buff-Ring 26 - 32 IFZ, 35392 Giessen, Germany. tneub @ zo. jlug. de; https: // orcid. org / 0000 - 0002 - 1398 - 9941 &amp; Naturalis Biodiversity Center, Darwinweg 2, 2333 CR Leiden, The Netherlands.</mods:affiliation>
<mods:nameIdentifier type="email">tneub@zo.jlug.de</mods:nameIdentifier>
</mods:name>
<mods:name type="personal">
<mods:role>
<mods:roleTerm>Author</mods:roleTerm>
</mods:role>
<mods:namePart>Anistratenko, Olga Yu.</mods:namePart>
<mods:nameIdentifier type="ORCID">0000-0003-3655-0701</mods:nameIdentifier>
<mods:affiliation>Department of Invertebrate Fauna and Systematics, Schmalhausen Institute of Zoology, National Academy of Sciences of Ukraine, B. Khmelnytsky Str. 15, 01030 Kiev, Ukraine. &amp; Department of Cainozoic Deposits, Institute of Geological Sciences, National Academy of Sciences of Ukraine, O. Gontchar Str. 55 b, 01054 Kiev, Ukraine.</mods:affiliation>
</mods:name>
<mods:name type="personal">
<mods:role>
<mods:roleTerm>Author</mods:roleTerm>
</mods:role>
<mods:namePart>Kijashko, Pavel V.</mods:namePart>
<mods:nameIdentifier type="ORCID">0000-0002-5270-7900</mods:nameIdentifier>
<mods:affiliation>Zoological Institute, Russian Academy of Sciences, Universitetskaya Emb. 1, 199034 Saint Petersburg, Russia.</mods:affiliation>
</mods:name>
<mods:name type="personal">
<mods:role>
<mods:roleTerm>Author</mods:roleTerm>
</mods:role>
<mods:namePart>Wesselingh, Frank P.</mods:namePart>
<mods:nameIdentifier type="ORCID">0000-0002-1868-1815</mods:nameIdentifier>
<mods:affiliation>Naturalis Biodiversity Center, Darwinweg 2, 2333 CR Leiden, The Netherlands. &amp; Department of Earth Sciences, Utrecht University, Budapestlaan 17, 3584 CD Utrecht, The Netherlands</mods:affiliation>
</mods:name>
<mods:typeOfResource>text</mods:typeOfResource>
<mods:relatedItem type="host">
<mods:titleInfo>
<mods:title>Zootaxa</mods:title>
</mods:titleInfo>
<mods:part>
<mods:date>2021</mods:date>
<mods:detail type="pubDate">
<mods:number>2021-02-19</mods:number>
</mods:detail>
<mods:detail type="volume">
<mods:number>4933</mods:number>
</mods:detail>
<mods:detail type="issue">
<mods:number>2</mods:number>
</mods:detail>
<mods:extent unit="page">
<mods:start>151</mods:start>
<mods:end>197</mods:end>
</mods:extent>
</mods:part>
</mods:relatedItem>
<mods:classification>journal article</mods:classification>
<mods:identifier type="DOI">https://doi.org/10.11646/zootaxa.4933.2.1</mods:identifier>
<mods:identifier type="GBIF-Dataset">1a2ba1ca-028f-4b95-8dda-5ddec4e63524</mods:identifier>
<mods:identifier type="ISSN">1175-5326</mods:identifier>
<mods:identifier type="Zenodo-Dep">4550146</mods:identifier>
<mods:identifier type="ZooBank">5D1D20A5-0F44-4AEF-AF5F-A758FC37D076</mods:identifier>
</mods:mods>
<treatment ID-DOI="http://doi.org/10.5281/zenodo.4550170" ID-Zenodo-Dep="4550170" LSID="urn:lsid:plazi:treatment:03BF87A3C856FFA0FF3DFE94FC24A01E" httpUri="http://treatment.plazi.org/id/03BF87A3C856FFA0FF3DFE94FC24A01E" lastPageNumber="174" pageId="23" pageNumber="174">
<subSubSection box="[151,841,330,357]" pageId="23" pageNumber="174" type="nomenclature">
<paragraph blockId="23.[151,841,330,393]" box="[151,841,330,357]" pageId="23" pageNumber="174">
<heading bold="true" box="[151,841,330,357]" fontSize="11" level="1" pageId="23" pageNumber="174" reason="1">
<taxonomicName authority="(Logvinenko &amp; Starobogatov, 1969)" baseAuthorityName="Logvinenko &amp; Starobogatov" baseAuthorityYear="1969" box="[151,841,330,357]" class="Gastropoda" family="Hydrobiidae" genus="Clathrocaspia" higherTaxonomySource="GBIF" kingdom="Animalia" order="Littorinimorpha" pageId="23" pageNumber="174" phylum="Mollusca" rank="species" species="isseli">
<emphasis bold="true" box="[151,841,330,357]" pageId="23" pageNumber="174">
<emphasis bold="true" box="[151,388,330,357]" italics="true" pageId="23" pageNumber="174">Clathrocaspia isseli</emphasis>
(
<bibRefCitation author="Logvinenko, B. M. &amp; Starobogatov, Ya. I." box="[405,833,330,356]" pageId="23" pageNumber="174" pagination="308 - 385" refId="ref32049" refString="Logvinenko, B. M. &amp; Starobogatov, Ya. I. (1969 [&quot; 1968 &quot;]) Mollusca. In: Birshtein, Y. A., Vinogradov, L. G., Kondakov, N. N., Kuhn, M. S., Astakhova, T. V. &amp; Romanova, N. N. (Eds.), Atlas bespozvonochnykh Kaspiyskogo morya. Pishchevaya Promyshlennost (Vsesoyuznyi Nauchno-issledovatel'skii Institut Morskogo Rybnogo Khozyaistva i Okeanografii), Moskva, pp. 308 - 385." type="book chapter" year="1969">Logvinenko &amp; Starobogatov, 1969</bibRefCitation>
)
</emphasis>
</taxonomicName>
</heading>
</paragraph>
</subSubSection>
<subSubSection box="[151,288,367,393]" pageId="23" pageNumber="174" type="description">
<paragraph blockId="23.[151,841,330,393]" box="[151,288,367,393]" pageId="23" pageNumber="174">
<figureCitation box="[151,231,367,393]" captionStart="FIGURE 12" captionStartId="24.[151,250,1720,1744]" captionTargetBox="[151,1436,181,1696]" captionTargetId="figure-22@24.[151,1436,181,1696]" captionTargetPageId="24" captionText="FIGURE 12. (a, b) Clathrocaspia pallasii (Clessin &amp; Dybowski in Dybowski, 1887), paralectotype, locality 26 (ZB-M W.Dyb. 104). (c, d) C. pallasii, lectotype, locality 26 (ZB-M W.Dyb. 104). (e) C. pallasii, paralectotype, locality 26 (ZB-M W.Dyb. 105). (f) C. pallasii, specimen labelled as “Caspia microcingulifera, paratype”, locality 9 (ZIN, no number). (g, h) C. pallasii, paratype of C. isseli (Logvinenko &amp; Starobogatov, 1969), locality 14 (ZIN, no number). (i, j). C. isseli, paratype, locality 21 (ZIN, no number). (k) C. isseli, specimen misidentified as C. pallasii, locality 16 (ZIN, no number). (l, q) C. isseli, from Holocene deposits of the Kura delta (locality 25f, RGM 1310305). (m, n) C. pallasii, paratype of Pyrgula sowinskyi, locality 24 (ZIN, no number). (o, r) C. pallasii, paralectotype, locality 26 (ZB-M W.Dyb. 105). (p, s) C. pallasii, paralectotype, locality 26 (ZB-M W.Dyb. 74). Scale bars = 1 mm (a–n), 100 μm (o–s)." figureDoi="http://doi.org/10.5281/zenodo.4550180" httpUri="https://zenodo.org/record/4550180/files/figure.png" pageId="23" pageNumber="174">Fig. 12</figureCitation>
i–l, q
</paragraph>
</subSubSection>
<subSubSection pageId="23" pageNumber="174" type="reference_group">
<paragraph blockId="23.[151,1139,435,521]" box="[151,1139,435,460]" pageId="23" pageNumber="174">
<treatmentCitationGroup box="[151,1139,435,460]" pageId="23" pageNumber="174">
<taxonomicName authority="Logv. et Star." authorityName="Logv. et Star." authorityYear="2021" box="[151,527,435,460]" class="Gastropoda" family="Hydrobiidae" genus="Pyrgula" kingdom="Animalia" order="Littorinimorpha" pageId="23" pageNumber="174" phylum="Mollusca" rank="species" species="isseli" status="sp. n." subGenus="Caspia">
<emphasis box="[151,232,435,459]" italics="true" pageId="23" pageNumber="174">Pyrgula</emphasis>
(
<emphasis box="[247,319,436,459]" italics="true" pageId="23" pageNumber="174">Caspia</emphasis>
) 
<emphasis box="[333,385,435,459]" italics="true" pageId="23" pageNumber="174">isseli</emphasis>
Logv. et Star.
</taxonomicName>
<taxonomicNameLabel box="[533,584,435,459]" pageId="23" pageNumber="174" rank="species">sp. n.</taxonomicNameLabel>
— 
<treatmentCitation author="Logvinenko, B. M. &amp; Starobogatov, Ya. I." box="[610,1013,435,459]" page="378" pageId="23" pageNumber="174" year="1969">
<bibRefCitation author="Logvinenko, B. M. &amp; Starobogatov, Ya. I." box="[610,1013,435,459]" pageId="23" pageNumber="174" pagination="308 - 385" refId="ref32049" refString="Logvinenko, B. M. &amp; Starobogatov, Ya. I. (1969 [&quot; 1968 &quot;]) Mollusca. In: Birshtein, Y. A., Vinogradov, L. G., Kondakov, N. N., Kuhn, M. S., Astakhova, T. V. &amp; Romanova, N. N. (Eds.), Atlas bespozvonochnykh Kaspiyskogo morya. Pishchevaya Promyshlennost (Vsesoyuznyi Nauchno-issledovatel'skii Institut Morskogo Rybnogo Khozyaistva i Okeanografii), Moskva, pp. 308 - 385." type="book chapter" year="1969">Logvinenko &amp; Starobogatov 1969: 378</bibRefCitation>
</treatmentCitation>
, fig. 367(6).
</treatmentCitationGroup>
</paragraph>
<paragraph blockId="23.[151,1139,435,521]" box="[151,1099,466,490]" pageId="23" pageNumber="174">
<treatmentCitationGroup box="[151,1099,466,490]" pageId="23" pageNumber="174">
<taxonomicName authority="Logvinenko et Starobogatov, 1968" authorityName="Logvinenko et Starobogatov" authorityYear="1968" box="[151,644,466,490]" class="Gastropoda" family="Hydrobiidae" genus="Pyrgula" kingdom="Animalia" order="Littorinimorpha" pageId="23" pageNumber="174" phylum="Mollusca" rank="species" species="isseli">
<emphasis box="[151,290,466,490]" italics="true" pageId="23" pageNumber="174">Pyrgula isseli</emphasis>
Logvinenko et Starobogatov, 1968
</taxonomicName>
— 
<treatmentCitation author="Kantor, Yu. I. &amp; Sysoev, A. V." box="[671,958,466,490]" page="100" pageId="23" pageNumber="174" year="2006">
<bibRefCitation author="Kantor, Yu. I. &amp; Sysoev, A. V." box="[671,958,466,490]" pageId="23" pageNumber="174" refId="ref31309" refString="Kantor, Yu. I. &amp; Sysoev, A. V. (2006) Morskiye i solonovatovodnyye bryukhonogiye mollyuski Rossii i sopredel'nykh stran: illyustrirovannyy katalog. KMK Scientific Press, Moscow, 372 pp., 140 pls pp." type="book" year="2006">Kantor &amp; Sysoev 2006: 100</bibRefCitation>
</treatmentCitation>
, pl. 45, fig. P.
</treatmentCitationGroup>
</paragraph>
<paragraph blockId="23.[151,1139,435,521]" box="[151,1030,496,521]" pageId="23" pageNumber="174">
<treatmentCitationGroup box="[151,1030,496,521]" pageId="23" pageNumber="174">
<taxonomicName authority="(Logvinenko &amp; Starobogatov, 1969)" baseAuthorityName="Logvinenko &amp; Starobogatov" baseAuthorityYear="1969" box="[151,725,496,521]" class="Gastropoda" family="Hydrobiidae" genus="Clathrocaspia" higherTaxonomySource="GBIF" kingdom="Animalia" order="Littorinimorpha" pageId="23" pageNumber="174" phylum="Mollusca" rank="species" species="isseli">
<emphasis box="[151,354,496,520]" italics="true" pageId="23" pageNumber="174">Clathrocaspia isseli</emphasis>
(
<bibRefCitation author="Logvinenko, B. M. &amp; Starobogatov, Ya. I." box="[367,718,496,521]" pageId="23" pageNumber="174" pagination="308 - 385" refId="ref32049" refString="Logvinenko, B. M. &amp; Starobogatov, Ya. I. (1969 [&quot; 1968 &quot;]) Mollusca. In: Birshtein, Y. A., Vinogradov, L. G., Kondakov, N. N., Kuhn, M. S., Astakhova, T. V. &amp; Romanova, N. N. (Eds.), Atlas bespozvonochnykh Kaspiyskogo morya. Pishchevaya Promyshlennost (Vsesoyuznyi Nauchno-issledovatel'skii Institut Morskogo Rybnogo Khozyaistva i Okeanografii), Moskva, pp. 308 - 385." type="book chapter" year="1969">Logvinenko &amp; Starobogatov, 1969</bibRefCitation>
)
</taxonomicName>
— 
<treatmentCitation author="Wesselingh, F. P. &amp; Neubauer, T. A. &amp; Anistratenko, V. V. &amp; Vinarski, M. V. &amp; Yanina, T. &amp; ter Poorten, J. J. &amp; Kijashko, P. V. &amp; Albrecht, C. &amp; Anistratenko, O. Yu. &amp; D'Hont, A. &amp; Frolov, P. &amp; Martinez Gandara, A. &amp; Gittenberger, A. &amp; Gogaladze, A. &amp; Karpinsky, M. &amp; Lattuada, M. &amp; Popa, L. &amp; Sands, A. F. &amp; van de Velde, S. &amp; Vandendorpe, J. &amp; Wilke, T." box="[751,1025,496,521]" page="70" pageId="23" pageNumber="174" year="2019">
<bibRefCitation author="Wesselingh, F. P. &amp; Neubauer, T. A. &amp; Anistratenko, V. V. &amp; Vinarski, M. V. &amp; Yanina, T. &amp; ter Poorten, J. J. &amp; Kijashko, P. V. &amp; Albrecht, C. &amp; Anistratenko, O. Yu. &amp; D'Hont, A. &amp; Frolov, P. &amp; Martinez Gandara, A. &amp; Gittenberger, A. &amp; Gogaladze, A. &amp; Karpinsky, M. &amp; Lattuada, M. &amp; Popa, L. &amp; Sands, A. F. &amp; van de Velde, S. &amp; Vandendorpe, J. &amp; Wilke, T." box="[751,1025,496,521]" pageId="23" pageNumber="174" pagination="31 - 124" refId="ref34307" refString="Wesselingh, F. P., Neubauer, T. A., Anistratenko, V. V., Vinarski, M. V., Yanina, T., ter Poorten, J. J., Kijashko, P. V., Albrecht, C., Anistratenko, O. Yu., D'Hont, A., Frolov, P., Martinez Gandara, A., Gittenberger, A., Gogaladze, A., Karpinsky, M., Lattuada, M., Popa, L., Sands, A. F., van de Velde, S., Vandendorpe, J. &amp; Wilke, T. (2019) Mollusc species from the Pontocaspian region - an expert opinion list. ZooKeys, 827, 31 - 124. https: // doi. org / 10.3897 / zookeys. 827.31365" type="journal article" year="2019">
Wesselingh 
<emphasis box="[876,921,496,520]" italics="true" pageId="23" pageNumber="174">et al</emphasis>
. 2019: 70
</bibRefCitation>
</treatmentCitation>
.
</treatmentCitationGroup>
</paragraph>
</subSubSection>
<subSubSection pageId="23" pageNumber="174" type="materials_examined">
<paragraph blockId="23.[151,1437,566,1385]" pageId="23" pageNumber="174">
<emphasis bold="true" box="[151,325,566,593]" pageId="23" pageNumber="174">Type material.</emphasis>
<typeStatus box="[331,435,567,593]" pageId="23" pageNumber="174">Holotype</typeStatus>
not traced, should be in 
<collectionCode box="[709,759,567,593]" country="Russia" httpUri="http://grbio.org/cool/z2y8-2jfr" name="Russian Academy of Sciences, Zoological Institute, Zoological Museum" pageId="23" pageNumber="174" type="Museum">ZIN</collectionCode>
. In contrast to 
<bibRefCitation author="Kantor, Yu. I. &amp; Sysoev, A. V." box="[923,1256,567,593]" pageId="23" pageNumber="174" refId="ref31309" refString="Kantor, Yu. I. &amp; Sysoev, A. V. (2006) Morskiye i solonovatovodnyye bryukhonogiye mollyuski Rossii i sopredel'nykh stran: illyustrirovannyy katalog. KMK Scientific Press, Moscow, 372 pp., 140 pls pp." type="book" year="2006">Kantor &amp; Sysoev (2006: 100)</bibRefCitation>
, who stated that no identified material of this species is found in 
<collectionCode box="[696,745,603,629]" country="Russia" httpUri="http://grbio.org/cool/z2y8-2jfr" name="Russian Academy of Sciences, Zoological Institute, Zoological Museum" pageId="23" pageNumber="174" type="Museum">ZIN</collectionCode>
, we could locate two lots with 
<specimenCount box="[1095,1248,603,629]" pageId="23" pageNumber="174" type="generic">23 specimens</specimenCount>
in the collection of Starobogatov, which he labelled as “ 
<taxonomicName box="[591,736,639,665]" class="Gastropoda" family="Hydrobiidae" genus="Caspia" kingdom="Animalia" order="Littorinimorpha" pageId="23" pageNumber="174" phylum="Mollusca" rank="species" species="isseli">
<emphasis box="[591,736,639,665]" italics="true" pageId="23" pageNumber="174">Caspia isseli</emphasis>
</taxonomicName>
”. Likely, these are 
<typeStatus box="[953,1060,639,665]" pageId="23" pageNumber="174">paratypes</typeStatus>
of 
<taxonomicName box="[1098,1189,639,665]" class="Gastropoda" family="Hydrobiidae" genus="Caspia" kingdom="Animalia" order="Littorinimorpha" pageId="23" pageNumber="174" phylum="Mollusca" rank="species" species="isseli">
<emphasis box="[1098,1189,639,665]" italics="true" pageId="23" pageNumber="174">C. isseli</emphasis>
</taxonomicName>
. However, the collection includes a variety of morphologies, some of which match the typical 
<taxonomicName box="[989,1081,675,701]" class="Gastropoda" family="Hydrobiidae" genus="Caspia" kingdom="Animalia" order="Littorinimorpha" pageId="23" pageNumber="174" phylum="Mollusca" rank="species" species="isseli">
<emphasis box="[989,1081,675,701]" italics="true" pageId="23" pageNumber="174">C. isseli</emphasis>
</taxonomicName>
as described by 
<bibRefCitation author="Logvinenko, B. M. &amp; Starobogatov, Ya. I." pageId="23" pageNumber="174" pagination="308 - 385" refId="ref32049" refString="Logvinenko, B. M. &amp; Starobogatov, Ya. I. (1969 [&quot; 1968 &quot;]) Mollusca. In: Birshtein, Y. A., Vinogradov, L. G., Kondakov, N. N., Kuhn, M. S., Astakhova, T. V. &amp; Romanova, N. N. (Eds.), Atlas bespozvonochnykh Kaspiyskogo morya. Pishchevaya Promyshlennost (Vsesoyuznyi Nauchno-issledovatel'skii Institut Morskogo Rybnogo Khozyaistva i Okeanografii), Moskva, pp. 308 - 385." type="book chapter" year="1969">Logvinenko &amp; Starobogatov (1969)</bibRefCitation>
(e.g. 
<figureCitation box="[449,562,711,738]" captionStart="FIGURE 12" captionStartId="24.[151,250,1720,1744]" captionTargetBox="[151,1436,181,1696]" captionTargetId="figure-22@24.[151,1436,181,1696]" captionTargetPageId="24" captionText="FIGURE 12. (a, b) Clathrocaspia pallasii (Clessin &amp; Dybowski in Dybowski, 1887), paralectotype, locality 26 (ZB-M W.Dyb. 104). (c, d) C. pallasii, lectotype, locality 26 (ZB-M W.Dyb. 104). (e) C. pallasii, paralectotype, locality 26 (ZB-M W.Dyb. 105). (f) C. pallasii, specimen labelled as “Caspia microcingulifera, paratype”, locality 9 (ZIN, no number). (g, h) C. pallasii, paratype of C. isseli (Logvinenko &amp; Starobogatov, 1969), locality 14 (ZIN, no number). (i, j). C. isseli, paratype, locality 21 (ZIN, no number). (k) C. isseli, specimen misidentified as C. pallasii, locality 16 (ZIN, no number). (l, q) C. isseli, from Holocene deposits of the Kura delta (locality 25f, RGM 1310305). (m, n) C. pallasii, paratype of Pyrgula sowinskyi, locality 24 (ZIN, no number). (o, r) C. pallasii, paralectotype, locality 26 (ZB-M W.Dyb. 105). (p, s) C. pallasii, paralectotype, locality 26 (ZB-M W.Dyb. 74). Scale bars = 1 mm (a–n), 100 μm (o–s)." figureDoi="http://doi.org/10.5281/zenodo.4550180" httpUri="https://zenodo.org/record/4550180/files/figure.png" pageId="23" pageNumber="174">Fig. 12i, j</figureCitation>
), while some resemble 
<taxonomicName authorityName="Clessin &amp; W. Dybowski" authorityYear="1887" box="[830,948,711,737]" class="Gastropoda" family="Hydrobiidae" genus="Caspia" kingdom="Animalia" order="Littorinimorpha" pageId="23" pageNumber="174" phylum="Mollusca" rank="species" species="pallasii">
<emphasis box="[830,948,711,737]" italics="true" pageId="23" pageNumber="174">C. pallasii</emphasis>
</taxonomicName>
closely and should be classified under that species (e.g. 
<figureCitation box="[295,419,747,774]" captionStart="FIGURE 12" captionStartId="24.[151,250,1720,1744]" captionTargetBox="[151,1436,181,1696]" captionTargetId="figure-22@24.[151,1436,181,1696]" captionTargetPageId="24" captionText="FIGURE 12. (a, b) Clathrocaspia pallasii (Clessin &amp; Dybowski in Dybowski, 1887), paralectotype, locality 26 (ZB-M W.Dyb. 104). (c, d) C. pallasii, lectotype, locality 26 (ZB-M W.Dyb. 104). (e) C. pallasii, paralectotype, locality 26 (ZB-M W.Dyb. 105). (f) C. pallasii, specimen labelled as “Caspia microcingulifera, paratype”, locality 9 (ZIN, no number). (g, h) C. pallasii, paratype of C. isseli (Logvinenko &amp; Starobogatov, 1969), locality 14 (ZIN, no number). (i, j). C. isseli, paratype, locality 21 (ZIN, no number). (k) C. isseli, specimen misidentified as C. pallasii, locality 16 (ZIN, no number). (l, q) C. isseli, from Holocene deposits of the Kura delta (locality 25f, RGM 1310305). (m, n) C. pallasii, paratype of Pyrgula sowinskyi, locality 24 (ZIN, no number). (o, r) C. pallasii, paralectotype, locality 26 (ZB-M W.Dyb. 105). (p, s) C. pallasii, paralectotype, locality 26 (ZB-M W.Dyb. 74). Scale bars = 1 mm (a–n), 100 μm (o–s)." figureDoi="http://doi.org/10.5281/zenodo.4550180" httpUri="https://zenodo.org/record/4550180/files/figure.png" pageId="23" pageNumber="174">
Fig. 
<quantity box="[346,391,747,773]" metricMagnitude="-2" metricUnit="kg" metricValue="1.2" pageId="23" pageNumber="174" unit="g" value="12.0">12g</quantity>
, h
</figureCitation>
). Given the lack of the 
<typeStatus box="[679,780,747,773]" pageId="23" pageNumber="174">holotype</typeStatus>
, the identity of 
<taxonomicName box="[954,1044,747,773]" class="Gastropoda" family="Hydrobiidae" genus="Caspia" kingdom="Animalia" order="Littorinimorpha" pageId="23" pageNumber="174" phylum="Mollusca" rank="species" species="isseli">
<emphasis box="[954,1044,747,773]" italics="true" pageId="23" pageNumber="174">C. isseli</emphasis>
</taxonomicName>
is doubtful. For the time being, we use all of the presumed 
<typeStatus box="[418,525,783,809]" pageId="23" pageNumber="174">paratypes</typeStatus>
that are not misidentified 
<taxonomicName authorityName="Clessin &amp; W. Dybowski" authorityYear="1887" box="[820,937,783,809]" class="Gastropoda" family="Hydrobiidae" genus="Caspia" kingdom="Animalia" order="Littorinimorpha" pageId="23" pageNumber="174" phylum="Mollusca" rank="species" species="pallasii">
<emphasis box="[820,937,783,809]" italics="true" pageId="23" pageNumber="174">C. pallasii</emphasis>
</taxonomicName>
to characterise 
<taxonomicName box="[1113,1204,783,809]" class="Gastropoda" family="Hydrobiidae" genus="Caspia" kingdom="Animalia" order="Littorinimorpha" pageId="23" pageNumber="174" phylum="Mollusca" rank="species" species="isseli">
<emphasis box="[1113,1204,783,809]" italics="true" pageId="23" pageNumber="174">C. isseli</emphasis>
</taxonomicName>
.
</paragraph>
<paragraph blockId="23.[151,1437,566,1385]" pageId="23" pageNumber="174">
<emphasis bold="true" box="[199,357,818,845]" pageId="23" pageNumber="174">Type locality.</emphasis>
<materialsCitation country="Azerbaijan" county="Cheleken Peninsula" elevation="58" location="Caspian Sea" municipality="Apsheron Peninsula" pageId="23" pageNumber="174" specimenCount="1" typeStatus="paratype">
Originally given as “Southern Caspian Sea between 
<quantity box="[944,1042,818,845]" metricMagnitude="1" metricUnit="m" metricValue="5.75" metricValueMax="7.5" metricValueMin="4.0" pageId="23" pageNumber="174" unit="m" value="57.5" valueMax="75.0" valueMin="40.0">
<elevation box="[944,1042,818,845]" metricMagnitude="1" metricUnit="m" metricValue="5.75" metricValueMax="7.5" metricValueMin="4.0" pageId="23" pageNumber="174" unit="m" value="57.5" valueMax="75.0" valueMin="40.0">40–75 m</elevation>
</quantity>
water depth” without details on the locality. The presumed 
<typeStatus box="[415,511,855,881]" pageId="23" pageNumber="174">paratype</typeStatus>
material derives from the 
<location LSID="urn:lsid:plazi:treatment:03BF87A3C856FFA0FF3DFE94FC24A01E:8EC9606EC856FFA0FC81FC89FC10A606" box="[811,949,855,881]" country="Azerbaijan" county="Cheleken Peninsula" municipality="Apsheron Peninsula" name="Caspian Sea" pageId="23" pageNumber="174">Caspian Sea</location>
off 
<collectingMunicipality box="[996,1224,855,881]" pageId="23" pageNumber="174">Apsheron Peninsula</collectingMunicipality>
, 
<collectingCountry box="[1234,1357,855,881]" name="Azerbaijan" pageId="23" pageNumber="174">Azerbaijan</collectingCountry>
(
<tableCitation captionStart="TABLE 1" captionStartId="3.[151,239,473,499]" captionTargetPageId="3" captionText="TABLE 1. Locality information of the studied material. Coordinates of collecting sites are given based on data in museum catalogue cards, labels and corresponding publications. Asterisks mark localities with approximate geographic coordinates based on indirect data provided in the ZIN catalogue. Abbreviations: q.—quadrant, st.—station." pageId="23" pageNumber="174">Table 1</tableCitation>
, locality 14), and off 
<collectingCounty box="[408,633,891,917]" pageId="23" pageNumber="174">Cheleken Peninsula</collectingCounty>
, 
<collectingCountry box="[643,798,891,917]" name="Turkmenistan" pageId="23" pageNumber="174">Turkmenistan</collectingCountry>
(locality 21)
</materialsCitation>
.
</paragraph>
<paragraph blockId="23.[151,1437,566,1385]" box="[199,1358,926,953]" pageId="23" pageNumber="174">
<emphasis bold="true" box="[199,385,926,952]" pageId="23" pageNumber="174">Other material.</emphasis>
A single shell from Holocene deposits of the Kura delta (locality 25f, 
<collectionCode box="[1172,1236,927,953]" country="Netherlands" httpUri="http://grbio.org/cool/47nz-wbm0" name="National Museum of Natural History, Naturalis" pageId="23" pageNumber="174" type="Museum">RGM</collectionCode>
1310305).
</paragraph>
</subSubSection>
<subSubSection pageId="23" pageNumber="174" type="description">
<paragraph blockId="23.[151,1437,566,1385]" pageId="23" pageNumber="174">
<emphasis bold="true" box="[199,345,962,988]" pageId="23" pageNumber="174">Description.</emphasis>
Slender, elongate, conical shell with up to 5 low convex, tightly coiled whorls. Protoconch bulbous, bears small wrinkles and thin spiral threads throughout (
<figureCitation box="[863,962,999,1025]" captionStart="FIGURE 12" captionStartId="24.[151,250,1720,1744]" captionTargetBox="[151,1436,181,1696]" captionTargetId="figure-22@24.[151,1436,181,1696]" captionTargetPageId="24" captionText="FIGURE 12. (a, b) Clathrocaspia pallasii (Clessin &amp; Dybowski in Dybowski, 1887), paralectotype, locality 26 (ZB-M W.Dyb. 104). (c, d) C. pallasii, lectotype, locality 26 (ZB-M W.Dyb. 104). (e) C. pallasii, paralectotype, locality 26 (ZB-M W.Dyb. 105). (f) C. pallasii, specimen labelled as “Caspia microcingulifera, paratype”, locality 9 (ZIN, no number). (g, h) C. pallasii, paratype of C. isseli (Logvinenko &amp; Starobogatov, 1969), locality 14 (ZIN, no number). (i, j). C. isseli, paratype, locality 21 (ZIN, no number). (k) C. isseli, specimen misidentified as C. pallasii, locality 16 (ZIN, no number). (l, q) C. isseli, from Holocene deposits of the Kura delta (locality 25f, RGM 1310305). (m, n) C. pallasii, paratype of Pyrgula sowinskyi, locality 24 (ZIN, no number). (o, r) C. pallasii, paralectotype, locality 26 (ZB-M W.Dyb. 105). (p, s) C. pallasii, paralectotype, locality 26 (ZB-M W.Dyb. 74). Scale bars = 1 mm (a–n), 100 μm (o–s)." figureDoi="http://doi.org/10.5281/zenodo.4550180" httpUri="https://zenodo.org/record/4550180/files/figure.png" pageId="23" pageNumber="174">Fig. 12q</figureCitation>
). Strong reticulate sculpture covers teleoconch, whereas spiral keels are more prominent than axial ribs (
<figureCitation box="[885,968,1035,1062]" captionStart="FIGURE 12" captionStartId="24.[151,250,1720,1744]" captionTargetBox="[151,1436,181,1696]" captionTargetId="figure-22@24.[151,1436,181,1696]" captionTargetPageId="24" captionText="FIGURE 12. (a, b) Clathrocaspia pallasii (Clessin &amp; Dybowski in Dybowski, 1887), paralectotype, locality 26 (ZB-M W.Dyb. 104). (c, d) C. pallasii, lectotype, locality 26 (ZB-M W.Dyb. 104). (e) C. pallasii, paralectotype, locality 26 (ZB-M W.Dyb. 105). (f) C. pallasii, specimen labelled as “Caspia microcingulifera, paratype”, locality 9 (ZIN, no number). (g, h) C. pallasii, paratype of C. isseli (Logvinenko &amp; Starobogatov, 1969), locality 14 (ZIN, no number). (i, j). C. isseli, paratype, locality 21 (ZIN, no number). (k) C. isseli, specimen misidentified as C. pallasii, locality 16 (ZIN, no number). (l, q) C. isseli, from Holocene deposits of the Kura delta (locality 25f, RGM 1310305). (m, n) C. pallasii, paratype of Pyrgula sowinskyi, locality 24 (ZIN, no number). (o, r) C. pallasii, paralectotype, locality 26 (ZB-M W.Dyb. 105). (p, s) C. pallasii, paralectotype, locality 26 (ZB-M W.Dyb. 74). Scale bars = 1 mm (a–n), 100 μm (o–s)." figureDoi="http://doi.org/10.5281/zenodo.4550180" httpUri="https://zenodo.org/record/4550180/files/figure.png" pageId="23" pageNumber="174">Fig. 12</figureCitation>
i–l). Small subsutural ramp occurs above first keel, sometimes resulting in slightly stepped outline (
<figureCitation box="[801,891,1071,1098]" captionStart="FIGURE 12" captionStartId="24.[151,250,1720,1744]" captionTargetBox="[151,1436,181,1696]" captionTargetId="figure-22@24.[151,1436,181,1696]" captionTargetPageId="24" captionText="FIGURE 12. (a, b) Clathrocaspia pallasii (Clessin &amp; Dybowski in Dybowski, 1887), paralectotype, locality 26 (ZB-M W.Dyb. 104). (c, d) C. pallasii, lectotype, locality 26 (ZB-M W.Dyb. 104). (e) C. pallasii, paralectotype, locality 26 (ZB-M W.Dyb. 105). (f) C. pallasii, specimen labelled as “Caspia microcingulifera, paratype”, locality 9 (ZIN, no number). (g, h) C. pallasii, paratype of C. isseli (Logvinenko &amp; Starobogatov, 1969), locality 14 (ZIN, no number). (i, j). C. isseli, paratype, locality 21 (ZIN, no number). (k) C. isseli, specimen misidentified as C. pallasii, locality 16 (ZIN, no number). (l, q) C. isseli, from Holocene deposits of the Kura delta (locality 25f, RGM 1310305). (m, n) C. pallasii, paratype of Pyrgula sowinskyi, locality 24 (ZIN, no number). (o, r) C. pallasii, paralectotype, locality 26 (ZB-M W.Dyb. 105). (p, s) C. pallasii, paralectotype, locality 26 (ZB-M W.Dyb. 74). Scale bars = 1 mm (a–n), 100 μm (o–s)." figureDoi="http://doi.org/10.5281/zenodo.4550180" httpUri="https://zenodo.org/record/4550180/files/figure.png" pageId="23" pageNumber="174">Fig. 12l</figureCitation>
). First 1–2 keels are always more prominent and separated by wider interspaces than the ones following abapically. Aperture adjoined, base steep.
</paragraph>
</subSubSection>
<subSubSection pageId="23" pageNumber="174" type="discussion">
<paragraph blockId="23.[151,1437,566,1385]" pageId="23" pageNumber="174">
<emphasis bold="true" box="[199,315,1143,1169]" pageId="23" pageNumber="174">Remarks.</emphasis>
The material Starobogatov distinguished as 
<taxonomicName box="[814,905,1143,1169]" class="Gastropoda" family="Hydrobiidae" genus="Caspia" kingdom="Animalia" order="Littorinimorpha" pageId="23" pageNumber="174" phylum="Mollusca" rank="species" species="isseli">
<emphasis box="[814,905,1143,1169]" italics="true" pageId="23" pageNumber="174">C. isseli</emphasis>
</taxonomicName>
and 
<taxonomicName authorityName="Clessin &amp; W. Dybowski" authorityYear="1887" box="[959,1076,1143,1169]" class="Gastropoda" family="Hydrobiidae" genus="Caspia" kingdom="Animalia" order="Littorinimorpha" pageId="23" pageNumber="174" phylum="Mollusca" rank="species" species="pallasii">
<emphasis box="[959,1076,1143,1169]" italics="true" pageId="23" pageNumber="174">C. pallasii</emphasis>
</taxonomicName>
contains a mix of both. In addition to the mix up in the 
<typeStatus box="[431,479,1179,1205]" pageId="23" pageNumber="174">type</typeStatus>
material of 
<taxonomicName box="[618,709,1179,1205]" class="Gastropoda" family="Hydrobiidae" genus="Caspia" kingdom="Animalia" order="Littorinimorpha" pageId="23" pageNumber="174" phylum="Mollusca" rank="species" species="isseli">
<emphasis box="[618,709,1179,1205]" italics="true" pageId="23" pageNumber="174">C. isseli</emphasis>
</taxonomicName>
(see above), Starobogatov’s material of 
<taxonomicName authorityName="Clessin &amp; W. Dybowski" authorityYear="1887" box="[1165,1283,1179,1205]" class="Gastropoda" family="Hydrobiidae" genus="Caspia" kingdom="Animalia" order="Littorinimorpha" pageId="23" pageNumber="174" phylum="Mollusca" rank="species" species="pallasii">
<emphasis box="[1165,1283,1179,1205]" italics="true" pageId="23" pageNumber="174">C. pallasii</emphasis>
</taxonomicName>
also contains specimens of 
<taxonomicName box="[304,394,1215,1241]" class="Gastropoda" family="Hydrobiidae" genus="Caspia" kingdom="Animalia" order="Littorinimorpha" pageId="23" pageNumber="174" phylum="Mollusca" rank="species" species="isseli">
<emphasis box="[304,394,1215,1241]" italics="true" pageId="23" pageNumber="174">C. isseli</emphasis>
</taxonomicName>
(e.g. 
<figureCitation box="[457,554,1215,1242]" captionStart="FIGURE 12" captionStartId="24.[151,250,1720,1744]" captionTargetBox="[151,1436,181,1696]" captionTargetId="figure-22@24.[151,1436,181,1696]" captionTargetPageId="24" captionText="FIGURE 12. (a, b) Clathrocaspia pallasii (Clessin &amp; Dybowski in Dybowski, 1887), paralectotype, locality 26 (ZB-M W.Dyb. 104). (c, d) C. pallasii, lectotype, locality 26 (ZB-M W.Dyb. 104). (e) C. pallasii, paralectotype, locality 26 (ZB-M W.Dyb. 105). (f) C. pallasii, specimen labelled as “Caspia microcingulifera, paratype”, locality 9 (ZIN, no number). (g, h) C. pallasii, paratype of C. isseli (Logvinenko &amp; Starobogatov, 1969), locality 14 (ZIN, no number). (i, j). C. isseli, paratype, locality 21 (ZIN, no number). (k) C. isseli, specimen misidentified as C. pallasii, locality 16 (ZIN, no number). (l, q) C. isseli, from Holocene deposits of the Kura delta (locality 25f, RGM 1310305). (m, n) C. pallasii, paratype of Pyrgula sowinskyi, locality 24 (ZIN, no number). (o, r) C. pallasii, paralectotype, locality 26 (ZB-M W.Dyb. 105). (p, s) C. pallasii, paralectotype, locality 26 (ZB-M W.Dyb. 74). Scale bars = 1 mm (a–n), 100 μm (o–s)." figureDoi="http://doi.org/10.5281/zenodo.4550180" httpUri="https://zenodo.org/record/4550180/files/figure.png" pageId="23" pageNumber="174">Fig. 12k</figureCitation>
). Despite their overall similarity in shell shape, 
<taxonomicName authorityName="Clessin &amp; W. Dybowski" authorityYear="1887" box="[1086,1202,1215,1241]" class="Gastropoda" family="Hydrobiidae" genus="Caspia" kingdom="Animalia" order="Littorinimorpha" pageId="23" pageNumber="174" phylum="Mollusca" rank="species" species="pallasii">
<emphasis box="[1086,1202,1215,1241]" italics="true" pageId="23" pageNumber="174">C. pallasii</emphasis>
</taxonomicName>
can be distinguished from 
<taxonomicName box="[213,305,1251,1277]" class="Gastropoda" family="Hydrobiidae" genus="Caspia" kingdom="Animalia" order="Littorinimorpha" pageId="23" pageNumber="174" phylum="Mollusca" rank="species" species="isseli">
<emphasis box="[213,305,1251,1277]" italics="true" pageId="23" pageNumber="174">C. isseli</emphasis>
</taxonomicName>
by the consistently lower base, the less convex whorls, the slightly detached aperture and the larger and more bulbous protoconch. 
<taxonomicName baseAuthorityName="Logvinenko &amp; Starobogatov" baseAuthorityYear="1969" box="[499,723,1287,1313]" class="Gastropoda" family="Hydrobiidae" genus="Clathrocaspia" higherTaxonomySource="GBIF" kingdom="Animalia" order="Littorinimorpha" pageId="23" pageNumber="174" phylum="Mollusca" rank="species" species="isseli">
<emphasis box="[499,723,1287,1313]" italics="true" pageId="23" pageNumber="174">Clathrocaspia isseli</emphasis>
</taxonomicName>
differs from 
<taxonomicName authorityName="Clessin et W. Dybowski" authorityYear="1888" box="[871,995,1287,1313]" class="Gastropoda" family="Hydrobiidae" genus="Clathrocaspia" higherTaxonomySource="GBIF" kingdom="Animalia" order="Littorinimorpha" pageId="23" pageNumber="174" phylum="Mollusca" rank="species" species="gmelinii">
<emphasis box="[871,995,1287,1313]" italics="true" pageId="23" pageNumber="174">C. gmelinii</emphasis>
</taxonomicName>
in its more slender shape.
</paragraph>
</subSubSection>
<subSubSection pageId="23" pageNumber="174" type="distribution">
<paragraph blockId="23.[151,1437,566,1385]" pageId="23" pageNumber="174">
<emphasis bold="true" box="[199,353,1322,1348]" pageId="23" pageNumber="174">Distribution.</emphasis>
Endemic to the Caspian Sea, only known from two localities in the South Basin (from depths of 40 and 
<quantity box="[234,309,1359,1385]" metricMagnitude="2" metricUnit="m" metricValue="1.0699999999999998" pageId="23" pageNumber="174" unit="m" value="107.0">107 m</quantity>
). Also found in Holocene deposits of the Kura delta.
</paragraph>
</subSubSection>
</treatment>
</document>