<document ID-DOI="http://doi.org/10.5281/zenodo.4559946" ID-GBIF-Dataset="1a2ba1ca-028f-4b95-8dda-5ddec4e63524" ID-ISSN="1175-5326" ID-Zenodo-Dep="4559946" ID-ZooBank="5D1D20A5-0F44-4AEF-AF5F-A758FC37D076" _generate="added" checkinTime="1613716226573" checkinUser="plazi" docAuthor="Anistratenko, Vitaliy V., Neubauer, Thomas A., Anistratenko, Olga Yu., Kijashko, Pavel V. &amp; Wesselingh, Frank P." docDate="2021" docId="03BF87A3C85AFFACFF3DFE94FCEAA1E6" docLanguage="en" docName="zootaxa.4933.2.1.pdf" docOrigin="Zootaxa 4933 (2)" docStyle="DocumentStyle:647186512141C8FC8976D5BCC54AEB7D.5:Zootaxa.2013.journal_article" docStyleId="647186512141C8FC8976D5BCC54AEB7D" docStyleName="Zootaxa.2013.journal_article" docStyleVersion="5" docTitle="Clathrocaspia knipowitschii subsp. aluschtensis" docType="treatment" docVersion="6" lastPageNumber="178" masterDocId="FF86FFDBC841FFB7FFAAFFDEFFA5A577" masterDocTitle="A revision of the Pontocaspian gastropods of the subfamily Caspiinae (Caenogastropoda: Hydrobiidae)" masterLastPageNumber="197" masterPageNumber="151" pageId="27" pageNumber="178" updateTime="1615896021446" updateUser="ExternalLinkService" zenodo-license-document="CLOSED">
<mods:mods xmlns:mods="http://www.loc.gov/mods/v3">
<mods:titleInfo>
<mods:title>A revision of the Pontocaspian gastropods of the subfamily Caspiinae (Caenogastropoda: Hydrobiidae)</mods:title>
</mods:titleInfo>
<mods:name type="personal">
<mods:role>
<mods:roleTerm>Author</mods:roleTerm>
</mods:role>
<mods:namePart>Anistratenko, Vitaliy V.</mods:namePart>
<mods:nameIdentifier type="ORCID">0000-0003-0832-7625</mods:nameIdentifier>
<mods:affiliation>Department of Invertebrate Fauna and Systematics, Schmalhausen Institute of Zoology, National Academy of Sciences of Ukraine, B. Khmelnytsky Str. 15, 01030 Kiev, Ukraine.</mods:affiliation>
</mods:name>
<mods:name type="personal">
<mods:role>
<mods:roleTerm>Author</mods:roleTerm>
</mods:role>
<mods:namePart>Neubauer, Thomas A.</mods:namePart>
<mods:nameIdentifier type="ORCID">0000-0002-1398-9941</mods:nameIdentifier>
<mods:affiliation>Department of Animal Ecology and Systematics, Justus Liebig University, Heinrich-Buff-Ring 26 - 32 IFZ, 35392 Giessen, Germany. tneub @ zo. jlug. de; https: // orcid. org / 0000 - 0002 - 1398 - 9941 &amp; Naturalis Biodiversity Center, Darwinweg 2, 2333 CR Leiden, The Netherlands.</mods:affiliation>
<mods:nameIdentifier type="email">tneub@zo.jlug.de</mods:nameIdentifier>
</mods:name>
<mods:name type="personal">
<mods:role>
<mods:roleTerm>Author</mods:roleTerm>
</mods:role>
<mods:namePart>Anistratenko, Olga Yu.</mods:namePart>
<mods:nameIdentifier type="ORCID">0000-0003-3655-0701</mods:nameIdentifier>
<mods:affiliation>Department of Invertebrate Fauna and Systematics, Schmalhausen Institute of Zoology, National Academy of Sciences of Ukraine, B. Khmelnytsky Str. 15, 01030 Kiev, Ukraine. &amp; Department of Cainozoic Deposits, Institute of Geological Sciences, National Academy of Sciences of Ukraine, O. Gontchar Str. 55 b, 01054 Kiev, Ukraine.</mods:affiliation>
</mods:name>
<mods:name type="personal">
<mods:role>
<mods:roleTerm>Author</mods:roleTerm>
</mods:role>
<mods:namePart>Kijashko, Pavel V.</mods:namePart>
<mods:nameIdentifier type="ORCID">0000-0002-5270-7900</mods:nameIdentifier>
<mods:affiliation>Zoological Institute, Russian Academy of Sciences, Universitetskaya Emb. 1, 199034 Saint Petersburg, Russia.</mods:affiliation>
</mods:name>
<mods:name type="personal">
<mods:role>
<mods:roleTerm>Author</mods:roleTerm>
</mods:role>
<mods:namePart>Wesselingh, Frank P.</mods:namePart>
<mods:nameIdentifier type="ORCID">0000-0002-1868-1815</mods:nameIdentifier>
<mods:affiliation>Naturalis Biodiversity Center, Darwinweg 2, 2333 CR Leiden, The Netherlands. &amp; Department of Earth Sciences, Utrecht University, Budapestlaan 17, 3584 CD Utrecht, The Netherlands</mods:affiliation>
</mods:name>
<mods:typeOfResource>text</mods:typeOfResource>
<mods:relatedItem type="host">
<mods:titleInfo>
<mods:title>Zootaxa</mods:title>
</mods:titleInfo>
<mods:part>
<mods:date>2021</mods:date>
<mods:detail type="pubDate">
<mods:number>2021-02-19</mods:number>
</mods:detail>
<mods:detail type="volume">
<mods:number>4933</mods:number>
</mods:detail>
<mods:detail type="issue">
<mods:number>2</mods:number>
</mods:detail>
<mods:extent unit="page">
<mods:start>151</mods:start>
<mods:end>197</mods:end>
</mods:extent>
</mods:part>
</mods:relatedItem>
<mods:classification>journal article</mods:classification>
<mods:identifier type="DOI">https://doi.org/10.11646/zootaxa.4933.2.1</mods:identifier>
<mods:identifier type="GBIF-Dataset">1a2ba1ca-028f-4b95-8dda-5ddec4e63524</mods:identifier>
<mods:identifier type="ISSN">1175-5326</mods:identifier>
<mods:identifier type="Zenodo-Dep">4550146</mods:identifier>
<mods:identifier type="ZooBank">5D1D20A5-0F44-4AEF-AF5F-A758FC37D076</mods:identifier>
</mods:mods>
<treatment ID-DOI="http://doi.org/10.5281/zenodo.4559946" ID-Zenodo-Dep="4559946" LSID="urn:lsid:plazi:treatment:03BF87A3C85AFFACFF3DFE94FCEAA1E6" httpUri="http://treatment.plazi.org/id/03BF87A3C85AFFACFF3DFE94FCEAA1E6" lastPageNumber="178" pageId="27" pageNumber="178">
<subSubSection box="[151,1178,330,357]" pageId="27" pageNumber="178" type="nomenclature">
<paragraph blockId="27.[151,1178,330,393]" box="[151,1178,330,357]" pageId="27" pageNumber="178">
<heading bold="true" box="[151,1178,330,357]" fontSize="11" level="1" pageId="27" pageNumber="178" reason="1">
<emphasis bold="true" box="[151,1178,330,357]" pageId="27" pageNumber="178">
† 
<taxonomicName authority="(Golikov &amp; Starobogatov, 1966)" baseAuthorityName="Golikov &amp; Starobogatov" baseAuthorityYear="1966" box="[166,1064,330,357]" class="Gastropoda" family="Hydrobiidae" genus="Clathrocaspia" higherTaxonomySource="GBIF" kingdom="Animalia" order="Littorinimorpha" pageId="27" pageNumber="178" phylum="Mollusca" rank="subSpecies" species="knipowitschii" subSpecies="aluschtensis">
<emphasis bold="true" box="[166,659,330,357]" italics="true" pageId="27" pageNumber="178">Clathrocaspia knipowitschii aluschtensis</emphasis>
(
<bibRefCitation author="Golikov, A. N. &amp; Starobogatov, Ya. I." box="[675,1056,330,356]" pageId="27" pageNumber="178" pagination="352 - 362" refId="ref30686" refString="Golikov, A. N. &amp; Starobogatov, Ya. I. (1966) Ponto-kaspiyskiye bryukhonogiye mollyuski v Azovo-Chernomorskom basseyne. Zoologicheskiy Zhurnal, 45 (3), 352 - 362." type="journal article" year="1966">Golikov &amp; Starobogatov, 1966</bibRefCitation>
)
</taxonomicName>
comb. n.
</emphasis>
</heading>
</paragraph>
</subSubSection>
<subSubSection box="[151,243,367,393]" pageId="27" pageNumber="178" type="description">
<paragraph blockId="27.[151,1178,330,393]" box="[151,243,367,393]" pageId="27" pageNumber="178">
<figureCitation box="[151,243,367,393]" captionStart="FIGURE 13" captionStartId="25.[151,250,1778,1802]" captionTargetBox="[254,1333,181,1754]" captionTargetId="figure-17@25.[254,1333,181,1754]" captionTargetPageId="25" captionText="FIGURE 13. Clathrocaspia knipowitschii (Makarov, 1938) from the Black Sea Basin. (a, b) Neotype, locality 30b (IZAN 522/1). (c, d) Specimen from locality 30b (IZAN 522/2). (e) C. knipowitschii aluschtensis (Golikov &amp; Starobogatov, 1966), holotype, locality 29 (ZIN 4438/1). (f) Holotype of Pyrgula makarovi, locality 31 (ZIN 4492/1). (g, l, u) Specimen from Holocene deposits, locality 32 (IZAN, no number). (h, m) Specimen from same locality (IZAN, no number). (i, n) Paratype of C. brotzkajae from same locality (IZAN, no number). (j, k) Specimen from locality 30c (UGSB 25234). (o, s, t) Specimen identified as C. makarovi by Anistratenko (2013) from locality 30c (UGSB 25236). (p–r) Specimen from locality 30c (UGSB 25235). Scale bars = 1 mm (a–j, l–o), 500 μm (k), 100 μm (p–t), 50 μm (u)." figureDoi="http://doi.org/10.5281/zenodo.4550182" httpUri="https://zenodo.org/record/4550182/files/figure.png" pageId="27" pageNumber="178">Fig. 13e</figureCitation>
</paragraph>
</subSubSection>
<subSubSection pageId="27" pageNumber="178" type="reference_group">
<paragraph blockId="27.[151,1371,435,521]" box="[151,1173,435,459]" pageId="27" pageNumber="178">
<treatmentCitationGroup box="[151,1173,435,459]" pageId="27" pageNumber="178">
<taxonomicName baseAuthorityName="Clessin &amp; W.Dybowski" baseAuthorityYear="1887" box="[151,409,435,459]" class="Gastropoda" family="Hydrobiidae" genus="Pyrgula" kingdom="Animalia" order="Littorinimorpha" pageId="27" pageNumber="178" phylum="Mollusca" rank="species" species="gmelini" subGenus="Caspia">
<emphasis box="[151,232,435,459]" italics="true" pageId="27" pageNumber="178">Pyrgula</emphasis>
(
<emphasis box="[247,319,436,459]" italics="true" pageId="27" pageNumber="178">Caspia</emphasis>
) 
<emphasis box="[333,409,435,459]" italics="true" pageId="27" pageNumber="178">gmelini</emphasis>
</taxonomicName>
[sic] 
<emphasis box="[467,591,435,459]" italics="true" pageId="27" pageNumber="178">aluschtensis</emphasis>
subsp. n.— 
<treatmentCitation author="Golikov, A. N. &amp; Starobogatov, Ya. I." box="[710,1073,435,459]" page="354" pageId="27" pageNumber="178" year="1966">
<bibRefCitation author="Golikov, A. N. &amp; Starobogatov, Ya. I." box="[710,1073,435,459]" pageId="27" pageNumber="178" pagination="352 - 362" refId="ref30686" refString="Golikov, A. N. &amp; Starobogatov, Ya. I. (1966) Ponto-kaspiyskiye bryukhonogiye mollyuski v Azovo-Chernomorskom basseyne. Zoologicheskiy Zhurnal, 45 (3), 352 - 362." type="journal article" year="1966">Golikov &amp; Starobogatov 1966: 354</bibRefCitation>
</treatmentCitation>
, fig. 1(8).
</treatmentCitationGroup>
</paragraph>
<paragraph blockId="27.[151,1371,435,521]" pageId="27" pageNumber="178">
<emphasis box="[151,175,466,489]" italics="true" pageId="27" pageNumber="178">C.</emphasis>
[
<emphasis box="[183,238,466,489]" italics="true" pageId="27" pageNumber="178">aspia</emphasis>
] 
<taxonomicName baseAuthorityName="Clessin &amp; W.Dybowski" baseAuthorityYear="1887" box="[253,329,466,490]" class="Gastropoda" family="Hydrobiidae" genus="Pyrgula" kingdom="Animalia" order="Littorinimorpha" pageId="27" pageNumber="178" phylum="Mollusca" rank="species" species="gmelini">
<emphasis box="[253,329,466,490]" italics="true" pageId="27" pageNumber="178">gmelini</emphasis>
</taxonomicName>
[sic] 
<emphasis box="[386,510,466,490]" italics="true" pageId="27" pageNumber="178">aluschtensis</emphasis>
(
<bibRefCitation author="Golikov, A. N. &amp; Starobogatov, Ya. I." box="[523,834,466,490]" pageId="27" pageNumber="178" pagination="352 - 362" refId="ref30686" refString="Golikov, A. N. &amp; Starobogatov, Ya. I. (1966) Ponto-kaspiyskiye bryukhonogiye mollyuski v Azovo-Chernomorskom basseyne. Zoologicheskiy Zhurnal, 45 (3), 352 - 362." type="journal article" year="1966">Golikov et Starobogatov, 1966</bibRefCitation>
)— 
<bibRefCitation author="Golikov, A. N. &amp; Starobogatov, Ya. I." box="[868,1230,466,490]" pageId="27" pageNumber="178" pagination="65 - 166" refId="ref30721" refString="Golikov, A. N. &amp; Starobogatov, Ya. I. (1972) Klass bryukhonogiye mollyuski. In: Mordukhay-Boltovskoy, F. D. (Ed.), Opredelitel' fauny Chernogo i Azovskogo morey: Svobodnozhivushchiye bespozvonochnyye. T. 3. Chlenistonogiye (krome rakoobraznykh), mollyuski, iglokozhiye, shchetinkochelyustnyye, khordovyye. Naukova dumka, Kiev, pp. 65 - 166." type="book chapter" year="1972">Golikov &amp; Starobogatov 1972: 100</bibRefCitation>
, pl. 2, fig. 19. 
<emphasis box="[151,175,497,520]" italics="true" pageId="27" pageNumber="178">C.</emphasis>
[
<emphasis box="[183,238,497,520]" italics="true" pageId="27" pageNumber="178">aspia</emphasis>
] (
<emphasis box="[261,292,496,520]" italics="true" pageId="27" pageNumber="178">Cl.</emphasis>
[
<emphasis box="[300,420,496,520]" italics="true" pageId="27" pageNumber="178">athrocaspia</emphasis>
]) 
<emphasis box="[443,668,496,520]" italics="true" pageId="27" pageNumber="178">
<taxonomicName authorityName="sensu Golikov &amp; Starobogatov" authorityYear="1966" box="[443,538,496,520]" class="Gastropoda" family="Hydrobiidae" genus="Pyrgula" kingdom="Animalia" order="Littorinimorpha" pageId="27" pageNumber="178" phylum="Mollusca" rank="species" species="makarovi">makarovi</taxonomicName>
aluschtensis
</emphasis>
(Gol. et St.)— 
<bibRefCitation author="Alexenko, T. L. &amp; Starobogatov, Ya. I." box="[816,1221,496,521]" pageId="27" pageNumber="178" pagination="32 - 38" refId="ref28750" refString="Alexenko, T. L. &amp; Starobogatov, Ya. I. (1987) Vidy Caspia i Turricaspia (Gastropoda, Pectinibranchia, Pyrgulidae) Azovo-Chernomorskogo basseyna. Vestnik Zoologii, 21 (3), 32 - 38." type="journal article" year="1987">Alexenko &amp; Starobogatov 1987: 32–33</bibRefCitation>
, 37.
</paragraph>
</subSubSection>
<subSubSection pageId="27" pageNumber="178" type="materials_examined">
<paragraph blockId="27.[151,1437,566,1169]" pageId="27" pageNumber="178">
<emphasis bold="true" box="[151,324,566,593]" pageId="27" pageNumber="178">Type material.</emphasis>
<materialsCitation collectionCode="ZIN" collectorName="S. A. Zernov" pageId="27" pageNumber="178" specimenCode="ZIN 4438, ZIN 4439" specimenCount="18" typeStatus="holotype">
<typeStatus box="[330,434,567,593]" pageId="27" pageNumber="178">Holotype</typeStatus>
(
<specimenCode box="[447,563,567,593]" collectionCode="ZIN" country="Russia" httpUri="http://grbio.org/cool/z2y8-2jfr" name="Russian Academy of Sciences, Zoological Institute, Zoological Museum" pageId="27" pageNumber="178" type="Museum">ZIN 4438</specimenCode>
/1) and 
<specimenCount box="[641,782,567,593]" pageId="27" pageNumber="178" type="generic" typeStatus="paratypes">18 paratypes</specimenCount>
(
<specimenCode box="[795,908,567,594]" collectionCode="ZIN" country="Russia" httpUri="http://grbio.org/cool/z2y8-2jfr" name="Russian Academy of Sciences, Zoological Institute, Zoological Museum" pageId="27" pageNumber="178" type="Museum">ZIN 4439</specimenCode>
/2–4443/6). Collected by 
<collectorName box="[1188,1325,567,593]" pageId="27" pageNumber="178">S.A. Zernov</collectorName>
in 15/08– 15/09/1909, steamship “Meotida”.
</materialsCitation>
</paragraph>
<paragraph blockId="27.[151,1437,566,1169]" pageId="27" pageNumber="178">
<materialsCitation location="Crimea" pageId="27" pageNumber="178" specimenCount="2" stateProvince="Crimea" typeStatus="holotype">
<emphasis bold="true" box="[199,357,638,665]" pageId="27" pageNumber="178">
<typeStatus box="[199,258,639,665]" pageId="27" pageNumber="178">Type</typeStatus>
locality.
</emphasis>
Black Sea, offshore of 
<collectingRegion box="[618,700,639,665]" country="Ukraine" name="Crimea" pageId="27" pageNumber="178">Crimea</collectingRegion>
near Alushta (
<tableCitation box="[861,945,639,665]" captionStart="TABLE 1" captionStartId="3.[151,239,473,499]" captionTargetPageId="3" captionText="TABLE 1. Locality information of the studied material. Coordinates of collecting sites are given based on data in museum catalogue cards, labels and corresponding publications. Asterisks mark localities with approximate geographic coordinates based on indirect data provided in the ZIN catalogue. Abbreviations: q.—quadrant, st.—station." pageId="27" pageNumber="178">Table 1</tableCitation>
, locality 29). The material comes from phaseoline silts, which typically contain reworked Neoeuxinian (Late Pleistocene) shells (
<bibRefCitation author="Wesselingh, F. P. &amp; Neubauer, T. A. &amp; Anistratenko, V. V. &amp; Vinarski, M. V. &amp; Yanina, T. &amp; ter Poorten, J. J. &amp; Kijashko, P. V. &amp; Albrecht, C. &amp; Anistratenko, O. Yu. &amp; D'Hont, A. &amp; Frolov, P. &amp; Martinez Gandara, A. &amp; Gittenberger, A. &amp; Gogaladze, A. &amp; Karpinsky, M. &amp; Lattuada, M. &amp; Popa, L. &amp; Sands, A. F. &amp; van de Velde, S. &amp; Vandendorpe, J. &amp; Wilke, T." box="[1115,1375,675,701]" pageId="27" pageNumber="178" pagination="31 - 124" refId="ref34307" refString="Wesselingh, F. P., Neubauer, T. A., Anistratenko, V. V., Vinarski, M. V., Yanina, T., ter Poorten, J. J., Kijashko, P. V., Albrecht, C., Anistratenko, O. Yu., D'Hont, A., Frolov, P., Martinez Gandara, A., Gittenberger, A., Gogaladze, A., Karpinsky, M., Lattuada, M., Popa, L., Sands, A. F., van de Velde, S., Vandendorpe, J. &amp; Wilke, T. (2019) Mollusc species from the Pontocaspian region - an expert opinion list. ZooKeys, 827, 31 - 124. https: // doi. org / 10.3897 / zookeys. 827.31365" type="journal article" year="2019">
Wesselingh 
<emphasis box="[1252,1301,675,701]" italics="true" pageId="27" pageNumber="178">et al</emphasis>
. 2019
</bibRefCitation>
). The preservation of the 
<typeStatus box="[366,414,711,737]" pageId="27" pageNumber="178">type</typeStatus>
material is typical for this kind of reworked material (pers. obs. 
<collectorName box="[1126,1198,711,737]" name="Frank P. Wesselingh" pageId="27" pageNumber="178">F.P.W.</collectorName>
06/2020). 
<collectorName box="[1317,1391,711,737]" pageId="27" pageNumber="178">Likely</collectorName>
, the subspecies is an extinct 
<collectorName box="[420,605,747,773]" pageId="27" pageNumber="178">Late Pleistocene</collectorName>
lineage of 
<taxonomicName authorityName="sensu Logvinenko &amp; Starobogatov" authorityYear="1969" box="[730,911,747,773]" class="Gastropoda" family="Hydrobiidae" genus="Clathrocaspia" higherTaxonomySource="GBIF" kingdom="Animalia" order="Littorinimorpha" pageId="27" pageNumber="178" phylum="Mollusca" rank="species" species="knipowitschii">
<emphasis box="[730,911,747,773]" italics="true" pageId="27" pageNumber="178">C. knipowitschii</emphasis>
</taxonomicName>
</materialsCitation>
.
</paragraph>
<paragraph blockId="27.[151,1437,566,1169]" box="[199,461,782,809]" pageId="27" pageNumber="178">
<emphasis bold="true" box="[199,385,782,808]" pageId="27" pageNumber="178">Other material.</emphasis>
None.
</paragraph>
</subSubSection>
<subSubSection pageId="27" pageNumber="178" type="description">
<paragraph blockId="27.[151,1437,566,1169]" pageId="27" pageNumber="178">
<emphasis bold="true" box="[199,345,818,844]" pageId="27" pageNumber="178">Description.</emphasis>
Slender shell with five low convex whorls. Shell surface poorly preserved, only traces of reticulate sculpture are visible. Aperture ovoid, adjoined, leaving no umbilicus. Base steep.
</paragraph>
</subSubSection>
<subSubSection pageId="27" pageNumber="178" type="discussion">
<paragraph blockId="27.[151,1437,566,1169]" pageId="27" pageNumber="178">
<emphasis bold="true" box="[199,315,891,917]" pageId="27" pageNumber="178">Remarks.</emphasis>
Originally this taxon was described as the Black Sea’s fossil subspecies of 
<taxonomicName authorityName="Clessin et W. Dybowski" authorityYear="1888" box="[1170,1429,891,917]" class="Gastropoda" family="Hydrobiidae" genus="Clathrocaspia" higherTaxonomySource="GBIF" kingdom="Animalia" order="Littorinimorpha" pageId="27" pageNumber="178" phylum="Mollusca" rank="species" species="gmelinii">
<emphasis box="[1170,1429,891,917]" italics="true" pageId="27" pageNumber="178">Clathrocaspia gmelinii</emphasis>
</taxonomicName>
, but later 
<bibRefCitation author="Alexenko, T. L. &amp; Starobogatov, Ya. I." box="[250,627,927,953]" pageId="27" pageNumber="178" pagination="32 - 38" refId="ref28750" refString="Alexenko, T. L. &amp; Starobogatov, Ya. I. (1987) Vidy Caspia i Turricaspia (Gastropoda, Pectinibranchia, Pyrgulidae) Azovo-Chernomorskogo basseyna. Vestnik Zoologii, 21 (3), 32 - 38." type="journal article" year="1987">Alexenko &amp; Starobogatov (1987)</bibRefCitation>
considered it to belong as subspecies in 
<taxonomicName box="[1087,1358,927,953]" class="Gastropoda" family="Hydrobiidae" genus="Clathrocaspia" higherTaxonomySource="GBIF" kingdom="Animalia" order="Littorinimorpha" pageId="27" pageNumber="178" phylum="Mollusca" rank="species" species="makarovi">
<emphasis box="[1087,1358,927,953]" italics="true" pageId="27" pageNumber="178">Clathrocaspia makarovi</emphasis>
</taxonomicName>
, based on the co-occurrence of that species in the Azov-Black Sea Basin. 
<bibRefCitation author="Kantor, Yu. I. &amp; Sysoev, A. V." box="[899,1219,963,989]" pageId="27" pageNumber="178" refId="ref31309" refString="Kantor, Yu. I. &amp; Sysoev, A. V. (2006) Morskiye i solonovatovodnyye bryukhonogiye mollyuski Rossii i sopredel'nykh stran: illyustrirovannyy katalog. KMK Scientific Press, Moscow, 372 pp., 140 pls pp." type="book" year="2006">Kantor &amp; Sysoev (2006: 88)</bibRefCitation>
went a step further and listed 
<emphasis box="[270,407,999,1025]" italics="true" pageId="27" pageNumber="178">aluschtensis</emphasis>
as a synonym of 
<taxonomicName box="[614,719,999,1025]" class="Gastropoda" family="Hydrobiidae" genus="Clathrocaspia" higherTaxonomySource="GBIF" kingdom="Animalia" order="Littorinimorpha" pageId="27" pageNumber="178" phylum="Mollusca" rank="species" species="makarovi">
<emphasis box="[614,719,999,1025]" italics="true" pageId="27" pageNumber="178">makarovi</emphasis>
</taxonomicName>
. The 
<typeStatus box="[787,885,999,1025]" pageId="27" pageNumber="178">holotype</typeStatus>
(
<figureCitation box="[902,1000,999,1025]" captionStart="FIGURE 13" captionStartId="25.[151,250,1778,1802]" captionTargetBox="[254,1333,181,1754]" captionTargetId="figure-17@25.[254,1333,181,1754]" captionTargetPageId="25" captionText="FIGURE 13. Clathrocaspia knipowitschii (Makarov, 1938) from the Black Sea Basin. (a, b) Neotype, locality 30b (IZAN 522/1). (c, d) Specimen from locality 30b (IZAN 522/2). (e) C. knipowitschii aluschtensis (Golikov &amp; Starobogatov, 1966), holotype, locality 29 (ZIN 4438/1). (f) Holotype of Pyrgula makarovi, locality 31 (ZIN 4492/1). (g, l, u) Specimen from Holocene deposits, locality 32 (IZAN, no number). (h, m) Specimen from same locality (IZAN, no number). (i, n) Paratype of C. brotzkajae from same locality (IZAN, no number). (j, k) Specimen from locality 30c (UGSB 25234). (o, s, t) Specimen identified as C. makarovi by Anistratenko (2013) from locality 30c (UGSB 25236). (p–r) Specimen from locality 30c (UGSB 25235). Scale bars = 1 mm (a–j, l–o), 500 μm (k), 100 μm (p–t), 50 μm (u)." figureDoi="http://doi.org/10.5281/zenodo.4550182" httpUri="https://zenodo.org/record/4550182/files/figure.png" pageId="27" pageNumber="178">Fig. 13e</figureCitation>
), which is illustrated here for the first time, indeed shows a close resemblance to the type of 
<taxonomicName box="[749,1019,1035,1061]" class="Gastropoda" family="Hydrobiidae" genus="Clathrocaspia" higherTaxonomySource="GBIF" kingdom="Animalia" order="Littorinimorpha" pageId="27" pageNumber="178" phylum="Mollusca" rank="species" species="makarovi">
<emphasis box="[749,1019,1035,1061]" italics="true" pageId="27" pageNumber="178">Clathrocaspia makarovi</emphasis>
</taxonomicName>
(= 
<taxonomicName authorityName="sensu Logvinenko &amp; Starobogatov" authorityYear="1969" box="[1056,1205,1035,1061]" class="Gastropoda" family="Hydrobiidae" genus="Clathrocaspia" higherTaxonomySource="GBIF" kingdom="Animalia" order="Littorinimorpha" pageId="27" pageNumber="178" phylum="Mollusca" rank="species" species="knipowitschii">
<emphasis box="[1056,1205,1035,1061]" italics="true" pageId="27" pageNumber="178">knipowitschii</emphasis>
</taxonomicName>
; 
<figureCitation box="[1219,1308,1035,1062]" captionStart="FIGURE 13" captionStartId="25.[151,250,1778,1802]" captionTargetBox="[254,1333,181,1754]" captionTargetId="figure-17@25.[254,1333,181,1754]" captionTargetPageId="25" captionText="FIGURE 13. Clathrocaspia knipowitschii (Makarov, 1938) from the Black Sea Basin. (a, b) Neotype, locality 30b (IZAN 522/1). (c, d) Specimen from locality 30b (IZAN 522/2). (e) C. knipowitschii aluschtensis (Golikov &amp; Starobogatov, 1966), holotype, locality 29 (ZIN 4438/1). (f) Holotype of Pyrgula makarovi, locality 31 (ZIN 4492/1). (g, l, u) Specimen from Holocene deposits, locality 32 (IZAN, no number). (h, m) Specimen from same locality (IZAN, no number). (i, n) Paratype of C. brotzkajae from same locality (IZAN, no number). (j, k) Specimen from locality 30c (UGSB 25234). (o, s, t) Specimen identified as C. makarovi by Anistratenko (2013) from locality 30c (UGSB 25236). (p–r) Specimen from locality 30c (UGSB 25235). Scale bars = 1 mm (a–j, l–o), 500 μm (k), 100 μm (p–t), 50 μm (u)." figureDoi="http://doi.org/10.5281/zenodo.4550182" httpUri="https://zenodo.org/record/4550182/files/figure.png" pageId="27" pageNumber="178">Fig. 13f</figureCitation>
) but differs by a slightly more slender shell and more flattened whorls. Given the differences in morphology and stratigraphy, we consider 
<emphasis box="[251,385,1107,1133]" italics="true" pageId="27" pageNumber="178">aluschtensis</emphasis>
as an extinct subspecies of 
<taxonomicName authorityName="sensu Logvinenko &amp; Starobogatov" authorityYear="1969" box="[687,865,1107,1133]" class="Gastropoda" family="Hydrobiidae" genus="Clathrocaspia" higherTaxonomySource="GBIF" kingdom="Animalia" order="Littorinimorpha" pageId="27" pageNumber="178" phylum="Mollusca" rank="species" species="knipowitschii">
<emphasis box="[687,865,1107,1133]" italics="true" pageId="27" pageNumber="178">C. knipowitschii</emphasis>
</taxonomicName>
that inhabited the Black Sea during the Holocene.
</paragraph>
</subSubSection>
<subSubSection box="[199,847,1142,1169]" pageId="27" pageNumber="178" type="distribution">
<paragraph blockId="27.[151,1437,566,1169]" box="[199,847,1142,1169]" pageId="27" pageNumber="178">
<emphasis bold="true" box="[199,353,1142,1168]" pageId="27" pageNumber="178">Distribution.</emphasis>
Known only from the 
<typeStatus box="[608,656,1143,1169]" pageId="27" pageNumber="178">type</typeStatus>
locality/stratum.
</paragraph>
</subSubSection>
</treatment>
</document>