<document ID-DOI="http://doi.org/10.5281/zenodo.4559926" ID-GBIF-Dataset="1a2ba1ca-028f-4b95-8dda-5ddec4e63524" ID-ISSN="1175-5326" ID-Zenodo-Dep="4559926" ID-ZooBank="5D1D20A5-0F44-4AEF-AF5F-A758FC37D076" _generate="added" checkinTime="1613716226573" checkinUser="plazi" docAuthor="Anistratenko, Vitaliy V., Neubauer, Thomas A., Anistratenko, Olga Yu., Kijashko, Pavel V. &amp; Wesselingh, Frank P." docDate="2021" docId="03BF87A3C846FFBDFF3DFA7FFA28A2F6" docLanguage="en" docName="zootaxa.4933.2.1.pdf" docOrigin="Zootaxa 4933 (2)" docStyle="DocumentStyle:647186512141C8FC8976D5BCC54AEB7D.5:Zootaxa.2013.journal_article" docStyleId="647186512141C8FC8976D5BCC54AEB7D" docStyleName="Zootaxa.2013.journal_article" docStyleVersion="5" docTitle="Andrusovia dybowskii Brusina 1902" docType="treatment" docVersion="6" lastPageId="10" lastPageNumber="161" masterDocId="FF86FFDBC841FFB7FFAAFFDEFFA5A577" masterDocTitle="A revision of the Pontocaspian gastropods of the subfamily Caspiinae (Caenogastropoda: Hydrobiidae)" masterLastPageNumber="197" masterPageNumber="151" pageId="7" pageNumber="158" updateTime="1615896021446" updateUser="ExternalLinkService" zenodo-license-document="CLOSED">
<mods:mods xmlns:mods="http://www.loc.gov/mods/v3">
<mods:titleInfo>
<mods:title>A revision of the Pontocaspian gastropods of the subfamily Caspiinae (Caenogastropoda: Hydrobiidae)</mods:title>
</mods:titleInfo>
<mods:name type="personal">
<mods:role>
<mods:roleTerm>Author</mods:roleTerm>
</mods:role>
<mods:namePart>Anistratenko, Vitaliy V.</mods:namePart>
<mods:nameIdentifier type="ORCID">0000-0003-0832-7625</mods:nameIdentifier>
<mods:affiliation>Department of Invertebrate Fauna and Systematics, Schmalhausen Institute of Zoology, National Academy of Sciences of Ukraine, B. Khmelnytsky Str. 15, 01030 Kiev, Ukraine.</mods:affiliation>
</mods:name>
<mods:name type="personal">
<mods:role>
<mods:roleTerm>Author</mods:roleTerm>
</mods:role>
<mods:namePart>Neubauer, Thomas A.</mods:namePart>
<mods:nameIdentifier type="ORCID">0000-0002-1398-9941</mods:nameIdentifier>
<mods:affiliation>Department of Animal Ecology and Systematics, Justus Liebig University, Heinrich-Buff-Ring 26 - 32 IFZ, 35392 Giessen, Germany. tneub @ zo. jlug. de; https: // orcid. org / 0000 - 0002 - 1398 - 9941 &amp; Naturalis Biodiversity Center, Darwinweg 2, 2333 CR Leiden, The Netherlands.</mods:affiliation>
<mods:nameIdentifier type="email">tneub@zo.jlug.de</mods:nameIdentifier>
</mods:name>
<mods:name type="personal">
<mods:role>
<mods:roleTerm>Author</mods:roleTerm>
</mods:role>
<mods:namePart>Anistratenko, Olga Yu.</mods:namePart>
<mods:nameIdentifier type="ORCID">0000-0003-3655-0701</mods:nameIdentifier>
<mods:affiliation>Department of Invertebrate Fauna and Systematics, Schmalhausen Institute of Zoology, National Academy of Sciences of Ukraine, B. Khmelnytsky Str. 15, 01030 Kiev, Ukraine. &amp; Department of Cainozoic Deposits, Institute of Geological Sciences, National Academy of Sciences of Ukraine, O. Gontchar Str. 55 b, 01054 Kiev, Ukraine.</mods:affiliation>
</mods:name>
<mods:name type="personal">
<mods:role>
<mods:roleTerm>Author</mods:roleTerm>
</mods:role>
<mods:namePart>Kijashko, Pavel V.</mods:namePart>
<mods:nameIdentifier type="ORCID">0000-0002-5270-7900</mods:nameIdentifier>
<mods:affiliation>Zoological Institute, Russian Academy of Sciences, Universitetskaya Emb. 1, 199034 Saint Petersburg, Russia.</mods:affiliation>
</mods:name>
<mods:name type="personal">
<mods:role>
<mods:roleTerm>Author</mods:roleTerm>
</mods:role>
<mods:namePart>Wesselingh, Frank P.</mods:namePart>
<mods:nameIdentifier type="ORCID">0000-0002-1868-1815</mods:nameIdentifier>
<mods:affiliation>Naturalis Biodiversity Center, Darwinweg 2, 2333 CR Leiden, The Netherlands. &amp; Department of Earth Sciences, Utrecht University, Budapestlaan 17, 3584 CD Utrecht, The Netherlands</mods:affiliation>
</mods:name>
<mods:typeOfResource>text</mods:typeOfResource>
<mods:relatedItem type="host">
<mods:titleInfo>
<mods:title>Zootaxa</mods:title>
</mods:titleInfo>
<mods:part>
<mods:date>2021</mods:date>
<mods:detail type="pubDate">
<mods:number>2021-02-19</mods:number>
</mods:detail>
<mods:detail type="volume">
<mods:number>4933</mods:number>
</mods:detail>
<mods:detail type="issue">
<mods:number>2</mods:number>
</mods:detail>
<mods:extent unit="page">
<mods:start>151</mods:start>
<mods:end>197</mods:end>
</mods:extent>
</mods:part>
</mods:relatedItem>
<mods:classification>journal article</mods:classification>
<mods:identifier type="DOI">https://doi.org/10.11646/zootaxa.4933.2.1</mods:identifier>
<mods:identifier type="GBIF-Dataset">1a2ba1ca-028f-4b95-8dda-5ddec4e63524</mods:identifier>
<mods:identifier type="ISSN">1175-5326</mods:identifier>
<mods:identifier type="Zenodo-Dep">4550146</mods:identifier>
<mods:identifier type="ZooBank">5D1D20A5-0F44-4AEF-AF5F-A758FC37D076</mods:identifier>
</mods:mods>
<treatment ID-DOI="http://doi.org/10.5281/zenodo.4559926" ID-Zenodo-Dep="4559926" LSID="urn:lsid:plazi:treatment:03BF87A3C846FFBDFF3DFA7FFA28A2F6" httpUri="http://treatment.plazi.org/id/03BF87A3C846FFBDFF3DFA7FFA28A2F6" lastPageId="10" lastPageNumber="161" pageId="7" pageNumber="158">
<subSubSection box="[151,782,1441,1468]" pageId="7" pageNumber="158" type="nomenclature">
<paragraph blockId="7.[151,782,1441,1503]" box="[151,782,1441,1468]" pageId="7" pageNumber="158">
<heading bold="true" box="[151,782,1441,1468]" fontSize="11" level="1" pageId="7" pageNumber="158" reason="1">
<emphasis bold="true" box="[151,782,1441,1468]" pageId="7" pageNumber="158">
<taxonomicName authority="Brusina" authorityName="Brusina" authorityYear="1902" box="[151,524,1441,1468]" class="Kinetofragminophora" family="Corynophryidae" genus="Andrusovia" kingdom="Protozoa" order="Suctorida" pageId="7" pageNumber="158" phylum="Ciliophora" rank="species" species="dybowskii">
<emphasis bold="true" box="[151,418,1441,1468]" italics="true" pageId="7" pageNumber="158">Andrusovia dybowskii</emphasis>
Brusina
</taxonomicName>
in 
<bibRefCitation author="Westerlund, C. A." box="[563,782,1441,1467]" pageId="7" pageNumber="158" pagination="82 - 139" refId="ref34466" refString="Westerlund, C. A. (1903) Methodus dispositionis Conchyliorum extramarinorum in Regione palaearctica viventium, familias, genera, subgenera et stirpes sistens. Rad Jugoslavenske akademije znanosti i umjetnosti, 151, 82 - 139." type="journal article" year="1903">Westerlund, 1903</bibRefCitation>
</emphasis>
</heading>
</paragraph>
</subSubSection>
<subSubSection box="[151,248,1477,1503]" pageId="7" pageNumber="158" type="description">
<paragraph blockId="7.[151,782,1441,1503]" box="[151,248,1477,1503]" pageId="7" pageNumber="158">
<figureCitation box="[151,222,1477,1503]" captionStart="FIGURE 2" captionStartId="9.[151,250,1721,1745]" captionTargetBox="[324,1262,181,1697]" captionTargetId="figure-17@9.[324,1262,181,1697]" captionTargetPageId="9" captionText="FIGURE 2. Andrusovia dybowskii Brusina in Westerlund, 1903. (a, b, e) Lectotype, locality 26 (CNHM ZMKJ 50). (c, d, f) Paralectotype, locality 26 (CNHM ZMKJ 51). (g, h) Paratype of A. brusinai, locality 22 (MSU Lc-24598). (i–k) Specimen from Baer collection, locality 26 (ZB-M W.Dyb. 70). (l, m, q) Specimen from Baer collection, locality 26 (ZB-M W.Dyb. 28). (n–p) Specimen from Baer collection, locality 26 (ZB-M W.Dyb. 28). (r, v, w) Specimen from Baer collection, locality 26 (ZB-M W.Dyb. 116). (s–u) Specimen from Baer collection, locality 26 (ZB-M W.Dyb. 70). (x) Specimen from Baer collection, locality 26 (ZB-M W.Dyb. 70). (y) Paratype of H. marina, locality 22 (MSU Lc-24614c). (z, ad) Paratype of H. marina, locality 22 (MSU Lc-24614a). (aa) Paratype of H. marina, locality 22 (MSU Lc-24614b). (ab) Specimen from Baer collection, locality 26 (ZB-M W.Dyb. 70). (ac) Specimen from Baer collection, locality 26 (ZB-M W.Dyb. 28). (ae) Paratype of A. andrusovi, locality 18 (MSU Lc-24601). Scale bar = 1 mm." figureDoi="http://doi.org/10.5281/zenodo.4550152" httpUri="https://zenodo.org/record/4550152/files/figure.png" pageId="7" pageNumber="158">Figs 2</figureCitation>
, 
<figureCitation box="[234,248,1477,1503]" captionStart="FIGURE 3" captionStartId="10.[151,250,1068,1092]" captionTargetBox="[151,1436,181,1044]" captionTargetId="figure-22@10.[151,1436,181,1044]" captionTargetPageId="10" captionText="FIGURE 3. Protoconch views of Andrusovia dybowskii Brusina in Westerlund, 1903. (a, b, i) Paratype of Horatia marina, locality 22 (MSU Lc-24614). (c, h) Paratype of A. andrusovi, locality 18 (MSU Lc-24601). (d) Specimen from Baer collection, locality 26 (ZB-M W.Dyb. 28). (e, g) Specimen from Baer collection, locality 26 (ZB-M W.Dyb. 70). (f) Specimen from Baer collection, locality 26 (ZB-M W.Dyb. 28). Scale bars = 100 μm." figureDoi="http://doi.org/10.5281/zenodo.4550154" httpUri="https://zenodo.org/record/4550154/files/figure.png" pageId="7" pageNumber="158">3</figureCitation>
</paragraph>
</subSubSection>
<subSubSection pageId="7" pageNumber="158" type="reference_group">
<paragraph blockId="7.[151,1436,1546,1846]" pageId="7" pageNumber="158">
<treatmentCitationGroup pageId="7" pageNumber="158">
<taxonomicName authority="Brusiniana" authorityName="Brusiniana" authorityYear="1884" box="[151,379,1546,1570]" class="Gastropoda" family="Lithoglyphidae" genus="Zagrabica" higherTaxonomySource="GBIF" kingdom="Animalia" order="Littorinimorpha" pageId="7" pageNumber="158" phylum="Mollusca" rank="genus">
<emphasis box="[151,379,1546,1570]" italics="true" pageId="7" pageNumber="158">Zagrabica Brusiniana</emphasis>
</taxonomicName>
nob.—Clessin &amp; W. Dybowski in W. 
<treatmentCitation author="Dybowski, W." box="[782,1025,1546,1570]" page="52" pageId="7" pageNumber="158" year="1887">
<bibRefCitation author="Dybowski, W." box="[782,1025,1546,1570]" pageId="7" pageNumber="158" pagination="1 - 64" refId="ref30278" refString="Dybowski, W. (1887 - 1888) Die Gasteropoden-Fauna des Kaspischen Meeres. Nach der Sammlung des Akademikers Dr. K. E. v. Baer. Malakozoologische Blatter, Neue Folge, 10 (1 - 3), 1 - 64 (issue 1, 1887), 65 - 79 (issue 2, 1888), pls. 1 - 3 (issue 3, 1888)." type="journal article" year="1887">Dybowski 1887: 52–53</bibRefCitation>
</treatmentCitation>
[partim, only shells &lt;
<quantity box="[1261,1322,1546,1570]" metricMagnitude="-3" metricUnit="m" metricValue="1.0" pageId="7" pageNumber="158" unit="mm" value="1.0">1 mm</quantity>
; others are 
<taxonomicName baseAuthorityName="Clessin &amp; W.Dybowski" baseAuthorityYear="1887" box="[199,434,1576,1600]" class="Gastropoda" family="Lithoglyphidae" genus="Abeskunus" higherTaxonomySource="GBIF" kingdom="Animalia" order="Littorinimorpha" pageId="7" pageNumber="158" phylum="Mollusca" rank="species" species="brusinianus">
<emphasis box="[199,434,1576,1600]" italics="true" pageId="7" pageNumber="158">Abeskunus brusinianus</emphasis>
</taxonomicName>
].
</treatmentCitationGroup>
</paragraph>
<paragraph blockId="7.[151,1436,1546,1846]" box="[151,833,1607,1631]" pageId="7" pageNumber="158">
<treatmentCitationGroup box="[151,833,1607,1631]" pageId="7" pageNumber="158">
<taxonomicName authority="Dybowskii" authorityName="Dybowskii" box="[151,381,1607,1631]" class="Kinetofragminophora" family="Corynophryidae" genus="Andrusovia" kingdom="Protozoa" order="Suctorida" pageId="7" pageNumber="158" phylum="Ciliophora" rank="genus">
<emphasis box="[151,381,1607,1631]" italics="true" pageId="7" pageNumber="158">Andrusovia Dybowskii</emphasis>
</taxonomicName>
n. Brus.—Brusina in 
<treatmentCitation author="Westerlund, C. A." box="[603,829,1607,1631]" page="133" pageId="7" pageNumber="158" year="1903">
<bibRefCitation author="Westerlund, C. A." box="[603,829,1607,1631]" pageId="7" pageNumber="158" pagination="82 - 139" refId="ref34466" refString="Westerlund, C. A. (1903) Methodus dispositionis Conchyliorum extramarinorum in Regione palaearctica viventium, familias, genera, subgenera et stirpes sistens. Rad Jugoslavenske akademije znanosti i umjetnosti, 151, 82 - 139." type="journal article" year="1903">Westerlund 1903: 133</bibRefCitation>
</treatmentCitation>
.
</treatmentCitationGroup>
</paragraph>
<paragraph blockId="7.[151,1436,1546,1846]" box="[151,1270,1638,1662]" pageId="7" pageNumber="158">
<treatmentCitationGroup box="[151,1270,1638,1662]" pageId="7" pageNumber="158">
<taxonomicName authority="Logv." authorityName="Bourguignat" authorityYear="1887" box="[151,563,1638,1662]" class="Gastropoda" family="Hydrobiidae" genus="Horatia" kingdom="Animalia" order="Littorinimorpha" pageId="7" pageNumber="158" phylum="Mollusca" rank="genus" species="marina">
<emphasis box="[151,231,1638,1661]" italics="true" pageId="7" pageNumber="158">Horatia</emphasis>
[(
<emphasis box="[255,401,1638,1662]" italics="true" pageId="7" pageNumber="158">Caspiohoratia</emphasis>
)] 
<emphasis box="[424,497,1638,1661]" italics="true" pageId="7" pageNumber="158">marina</emphasis>
Logv.
</taxonomicName>
et. Star. sp. n.— 
<treatmentCitation author="Logvinenko, B. M. &amp; Starobogatov, Ya. I." box="[728,1131,1638,1662]" page="382" pageId="7" pageNumber="158" year="1969">
<bibRefCitation author="Logvinenko, B. M. &amp; Starobogatov, Ya. I." box="[728,1131,1638,1662]" pageId="7" pageNumber="158" pagination="308 - 385" refId="ref32049" refString="Logvinenko, B. M. &amp; Starobogatov, Ya. I. (1969 [&quot; 1968 &quot;]) Mollusca. In: Birshtein, Y. A., Vinogradov, L. G., Kondakov, N. N., Kuhn, M. S., Astakhova, T. V. &amp; Romanova, N. N. (Eds.), Atlas bespozvonochnykh Kaspiyskogo morya. Pishchevaya Promyshlennost (Vsesoyuznyi Nauchno-issledovatel'skii Institut Morskogo Rybnogo Khozyaistva i Okeanografii), Moskva, pp. 308 - 385." type="book chapter" year="1969">Logvinenko &amp; Starobogatov 1969: 382</bibRefCitation>
</treatmentCitation>
, fig. 367(18).
</treatmentCitationGroup>
</paragraph>
<paragraph blockId="7.[151,1436,1546,1846]" box="[151,1018,1668,1693]" pageId="7" pageNumber="158">
<treatmentCitationGroup box="[151,1018,1668,1693]" pageId="7" pageNumber="158">
<taxonomicName authority="Brusina" authorityName="Brusina" authorityYear="1902" box="[151,461,1668,1692]" class="Kinetofragminophora" family="Corynophryidae" genus="Andrusovia" kingdom="Protozoa" order="Suctorida" pageId="7" pageNumber="158" phylum="Ciliophora" rank="species" species="dybowskii">
<emphasis box="[151,375,1668,1692]" italics="true" pageId="7" pageNumber="158">Andrusovia dybowskii</emphasis>
Brusina
</taxonomicName>
in 
<bibRefCitation author="Westerlund, C. A." box="[493,668,1668,1692]" pageId="7" pageNumber="158" pagination="82 - 139" refId="ref34466" refString="Westerlund, C. A. (1903) Methodus dispositionis Conchyliorum extramarinorum in Regione palaearctica viventium, familias, genera, subgenera et stirpes sistens. Rad Jugoslavenske akademije znanosti i umjetnosti, 151, 82 - 139." type="journal article" year="1903">Westerlund, 1903</bibRefCitation>
— 
<treatmentCitation author="Starobogatov, Ya. I." box="[695,929,1668,1693]" page="39" pageId="7" pageNumber="158" year="2000">
<bibRefCitation author="Starobogatov, Ya. I." box="[695,929,1668,1693]" pageId="7" pageNumber="158" pagination="37 - 42" refId="ref33581" refString="Starobogatov, Ya. I. (2000) Caspian endemic genus Andrusovia (Gastropoda Pectinibranchia Horatiidae). Ruthenica, 10 (1), 37 - 42." type="journal article" year="2000">Starobogatov 2000: 39</bibRefCitation>
</treatmentCitation>
, fig. 1A.
</treatmentCitationGroup>
</paragraph>
<paragraph blockId="7.[151,1436,1546,1846]" box="[151,989,1699,1723]" pageId="7" pageNumber="158">
<treatmentCitationGroup box="[151,989,1699,1723]" pageId="7" pageNumber="158">
<taxonomicName authority="Starobogatov" authorityName="Starobogatov" authorityYear="2021" box="[151,518,1699,1723]" class="Kinetofragminophora" family="Corynophryidae" genus="Andrusovia" kingdom="Protozoa" order="Suctorida" pageId="7" pageNumber="158" phylum="Ciliophora" rank="species" species="andrusovi" status="sp. nov.">
<emphasis box="[151,375,1699,1723]" italics="true" pageId="7" pageNumber="158">Andrusovia andrusovi</emphasis>
Starobogatov
</taxonomicName>
, 
<taxonomicNameLabel box="[528,605,1699,1723]" pageId="7" pageNumber="158" rank="species">sp. nov.</taxonomicNameLabel>
— 
<treatmentCitation author="Starobogatov, Ya. I." box="[630,902,1699,1723]" page="39" pageId="7" pageNumber="158" year="2000">
<bibRefCitation author="Starobogatov, Ya. I." box="[630,902,1699,1723]" pageId="7" pageNumber="158" pagination="37 - 42" refId="ref33581" refString="Starobogatov, Ya. I. (2000) Caspian endemic genus Andrusovia (Gastropoda Pectinibranchia Horatiidae). Ruthenica, 10 (1), 37 - 42." type="journal article" year="2000">Starobogatov 2000: 39–41</bibRefCitation>
</treatmentCitation>
, fig. 1B.
</treatmentCitationGroup>
</paragraph>
<paragraph blockId="7.[151,1436,1546,1846]" box="[151,935,1730,1754]" pageId="7" pageNumber="158">
<treatmentCitationGroup box="[151,935,1730,1754]" pageId="7" pageNumber="158">
<taxonomicName authority="Starobogatov" authorityName="Starobogatov" authorityYear="2021" box="[151,501,1730,1754]" class="Kinetofragminophora" family="Corynophryidae" genus="Andrusovia" kingdom="Protozoa" order="Suctorida" pageId="7" pageNumber="158" phylum="Ciliophora" rank="species" species="brusinai" status="sp. nov.">
<emphasis box="[151,358,1730,1754]" italics="true" pageId="7" pageNumber="158">Andrusovia brusinai</emphasis>
Starobogatov
</taxonomicName>
, 
<taxonomicNameLabel box="[511,588,1730,1754]" pageId="7" pageNumber="158" rank="species">sp. nov.</taxonomicNameLabel>
— 
<treatmentCitation author="Starobogatov, Ya. I." box="[613,847,1730,1754]" page="41" pageId="7" pageNumber="158" year="2000">
<bibRefCitation author="Starobogatov, Ya. I." box="[613,847,1730,1754]" pageId="7" pageNumber="158" pagination="37 - 42" refId="ref33581" refString="Starobogatov, Ya. I. (2000) Caspian endemic genus Andrusovia (Gastropoda Pectinibranchia Horatiidae). Ruthenica, 10 (1), 37 - 42." type="journal article" year="2000">Starobogatov 2000: 41</bibRefCitation>
</treatmentCitation>
, fig. 1C.
</treatmentCitationGroup>
</paragraph>
<paragraph blockId="7.[151,1436,1546,1846]" box="[151,1106,1760,1785]" pageId="7" pageNumber="158">
<treatmentCitationGroup box="[151,1106,1760,1785]" pageId="7" pageNumber="158">
<taxonomicName authority="(Logvinenko et Starobogatov, 1969)" baseAuthorityName="Logvinenko et Starobogatov" baseAuthorityYear="1969" box="[151,718,1760,1784]" class="Kinetofragminophora" family="Corynophryidae" genus="Andrusovia" kingdom="Protozoa" order="Suctorida" pageId="7" pageNumber="158" phylum="Ciliophora" rank="species" species="marina">
<emphasis box="[151,347,1760,1784]" italics="true" pageId="7" pageNumber="158">Andrusovia marina</emphasis>
(
<bibRefCitation author="Logvinenko, B. M. &amp; Starobogatov, Ya. I." box="[361,711,1760,1784]" pageId="7" pageNumber="158" pagination="308 - 385" refId="ref32049" refString="Logvinenko, B. M. &amp; Starobogatov, Ya. I. (1969 [&quot; 1968 &quot;]) Mollusca. In: Birshtein, Y. A., Vinogradov, L. G., Kondakov, N. N., Kuhn, M. S., Astakhova, T. V. &amp; Romanova, N. N. (Eds.), Atlas bespozvonochnykh Kaspiyskogo morya. Pishchevaya Promyshlennost (Vsesoyuznyi Nauchno-issledovatel'skii Institut Morskogo Rybnogo Khozyaistva i Okeanografii), Moskva, pp. 308 - 385." type="book chapter" year="1969">Logvinenko et Starobogatov, 1969</bibRefCitation>
)
</taxonomicName>
— 
<treatmentCitation author="Starobogatov, Ya. I." box="[744,1017,1760,1785]" page="41" pageId="7" pageNumber="158" year="2000">
<bibRefCitation author="Starobogatov, Ya. I." box="[744,1017,1760,1785]" pageId="7" pageNumber="158" pagination="37 - 42" refId="ref33581" refString="Starobogatov, Ya. I. (2000) Caspian endemic genus Andrusovia (Gastropoda Pectinibranchia Horatiidae). Ruthenica, 10 (1), 37 - 42." type="journal article" year="2000">Starobogatov 2000: 41–42</bibRefCitation>
</treatmentCitation>
, fig. 1D.
</treatmentCitationGroup>
</paragraph>
<paragraph blockId="7.[151,1436,1546,1846]" box="[151,1105,1791,1815]" pageId="7" pageNumber="158">
<treatmentCitationGroup box="[151,1105,1791,1815]" pageId="7" pageNumber="158">
non 
<taxonomicName authority="Starobogatov, 2000" authorityName="Starobogatov" authorityYear="2000" box="[196,606,1791,1815]" class="Kinetofragminophora" family="Corynophryidae" genus="Andrusovia" kingdom="Protozoa" order="Suctorida" pageId="7" pageNumber="158" phylum="Ciliophora" rank="species" species="brusinai">
<emphasis box="[196,403,1791,1815]" italics="true" pageId="7" pageNumber="158">Andrusovia brusinai</emphasis>
<bibRefCitation author="Starobogatov, Ya. I." box="[409,606,1791,1815]" pageId="7" pageNumber="158" pagination="37 - 42" refId="ref33581" refString="Starobogatov, Ya. I. (2000) Caspian endemic genus Andrusovia (Gastropoda Pectinibranchia Horatiidae). Ruthenica, 10 (1), 37 - 42." type="journal article" year="2000">Starobogatov, 2000</bibRefCitation>
</taxonomicName>
— 
<treatmentCitation author="Neubauer, T. A. &amp; van de Velde, S. &amp; Yanina, T. A. &amp; Wesselingh, F. P." box="[631,923,1791,1815]" page="54" pageId="7" pageNumber="158" year="2018">
<bibRefCitation author="Neubauer, T. A. &amp; van de Velde, S. &amp; Yanina, T. A. &amp; Wesselingh, F. P." box="[631,923,1791,1815]" pageId="7" pageNumber="158" pagination="43 - 103" refId="ref32549" refString="Neubauer, T. A., van de Velde, S., Yanina, T. A. &amp; Wesselingh, F. P. (2018) A late Pleistocene gastropod fauna from the northern Caspian Sea with implications for Pontocaspian gastropod taxonomy. ZooKeys, 770, 43 - 103. https: // doi. org / 10.3897 / zookeys. 770.25365" type="journal article" year="2018">
Neubauer 
<emphasis box="[736,781,1791,1815]" italics="true" pageId="7" pageNumber="158">et al</emphasis>
. 2018: 54–56
</bibRefCitation>
</treatmentCitation>
, fig. 6F–K, M, N.
</treatmentCitationGroup>
</paragraph>
<paragraph blockId="7.[151,1436,1546,1846]" box="[151,1144,1822,1846]" pageId="7" pageNumber="158">
<treatmentCitationGroup box="[151,1144,1822,1846]" pageId="7" pageNumber="158">
<taxonomicName authority="Brusina" authorityName="Brusina" authorityYear="1902" box="[151,461,1822,1846]" class="Kinetofragminophora" family="Corynophryidae" genus="Andrusovia" kingdom="Protozoa" order="Suctorida" pageId="7" pageNumber="158" phylum="Ciliophora" rank="species" species="dybowskii">
<emphasis box="[151,375,1822,1846]" italics="true" pageId="7" pageNumber="158">Andrusovia dybowskii</emphasis>
Brusina
</taxonomicName>
in 
<bibRefCitation author="Westerlund, C. A." box="[493,668,1822,1846]" pageId="7" pageNumber="158" pagination="82 - 139" refId="ref34466" refString="Westerlund, C. A. (1903) Methodus dispositionis Conchyliorum extramarinorum in Regione palaearctica viventium, familias, genera, subgenera et stirpes sistens. Rad Jugoslavenske akademije znanosti i umjetnosti, 151, 82 - 139." type="journal article" year="1903">Westerlund, 1903</bibRefCitation>
— 
<treatmentCitation author="Anistratenko, V. V. &amp; Anistratenko, O. Yu. &amp; Kadolsky, D." box="[694,1020,1822,1846]" page="55" pageId="7" pageNumber="158" year="2019">
<bibRefCitation author="Anistratenko, V. V. &amp; Anistratenko, O. Yu. &amp; Kadolsky, D." box="[694,1020,1822,1846]" pageId="7" pageNumber="158" pagination="35 - 62" refId="ref29151" refString="Anistratenko, V. V., Anistratenko, O. Yu. &amp; Kadolsky, D. (2019) Karl E. von Baer's collection of Caspian Sea molluscs stored in the Zoological Museum of Lviv University, Ukraine. Part 2. Type materials of gastropod species described by Stephan Clessin and Wladyslaw Dybowski in 1887 - 1888. Archiv fur Molluskenkunde, 148 (1), 35 - 62. https: // doi. org / 10.1127 / arch. moll / 148 / 035 - 062" type="journal article" year="2019">
Anistratenko 
<emphasis box="[833,878,1822,1846]" italics="true" pageId="7" pageNumber="158">et al</emphasis>
. 2019: 55–57
</bibRefCitation>
</treatmentCitation>
, fig. 10A–J.
</treatmentCitationGroup>
</paragraph>
</subSubSection>
<subSubSection lastPageId="8" lastPageNumber="159" pageId="7" pageNumber="158" type="materials_examined">
<paragraph blockId="7.[151,1437,1892,2027]" lastBlockId="8.[151,1437,151,1977]" lastPageId="8" lastPageNumber="159" pageId="7" pageNumber="158">
<emphasis bold="true" box="[151,328,1892,1918]" pageId="7" pageNumber="158">Type material.</emphasis>
<materialsCitation collectingDate="1905-06-14" collectionCode="CNHM, ZB-M" county="The" elevation="2" lastPageId="8" lastPageNumber="159" location="Brusina's" municipality="Brusina" pageId="7" pageNumber="158" specimenCount="122" stateProvince="L'viv" typeStatus="syntype">
Previously, the 
<typeStatus box="[517,604,1893,1919]" pageId="7" pageNumber="158">syntype</typeStatus>
material of this species was presumed lost, but it was uncovered in the course of the present study in the “Caspian Mollusca” collection of the 
<collectionCode box="[958,1046,1928,1954]" country="USA" httpUri="http://biocol.org/urn:lsid:biocol.org:col:33139" lsid="urn:lsid:biocol.org:col:33139" name="Cincinnati Museum of Natural History" pageId="7" pageNumber="158" type="Museum">CNHM</collectionCode>
. 
<collectingCounty box="[1056,1100,1928,1954]" pageId="7" pageNumber="158">The</collectingCounty>
material consists of 
<specimenCount pageId="7" pageNumber="158" type="generic">37 specimens</specimenCount>
, which were split by 
<collectingMunicipality box="[445,532,1964,1990]" pageId="7" pageNumber="158">Brusina</collectingMunicipality>
into two tubes. A tube with four specimens bears the inscription “U.” in 
<location LSID="urn:lsid:plazi:treatment:03BF87A3C846FFBDFF3DFA7FFA28A2F6:8EC9606EC846FFB0FA98F872FA39A2B1" box="[1330,1436,1964,1990]" county="The" municipality="Brusina" name="Brusina's" pageId="7" pageNumber="158" stateProvince="L'viv">Brusina’s</location>
handwriting, which very likely means “unicum”, a term that 
<location LSID="urn:lsid:plazi:treatment:03BF87A3C846FFBDFF3DFA7FFA28A2F6:8EC9606EC846FFB0FCE9F80EFC3FA29D" box="[835,922,2000,2026]" county="The" municipality="Brusina" name="Brusina" pageId="7" pageNumber="158" stateProvince="L'viv">Brusina</location>
often used to label type specimens in his col-lection (
<collectorName box="[242,353,151,177]" pageId="8" pageNumber="159">P. Crnčan</collectorName>
, pers. comm. 06/2020). 
<location LSID="urn:lsid:plazi:treatment:03BF87A3C846FFBDFF3DFA7FFA28A2F6:8EC9606EC849FFBFFDC7FF49FD3CA5C6" box="[621,665,151,177]" county="The" municipality="Brusina" name="The" pageId="8" pageNumber="159" stateProvince="L'viv">The</location>
handwriting on the labels of the material are near identical to the one on labels of the 
<collectorName box="[327,428,187,213]" pageId="8" pageNumber="159">von Baer</collectorName>
collection, confirming that the type material comes from that collection. 
<location LSID="urn:lsid:plazi:treatment:03BF87A3C846FFBDFF3DFA7FFA28A2F6:8EC9606EC849FFBFFB7DFF65FA80A5A2" box="[1239,1317,187,213]" county="The" municipality="Brusina" name="Letters" pageId="8" pageNumber="159" stateProvince="L'viv">Letters</location>
written by 
<location LSID="urn:lsid:plazi:treatment:03BF87A3C846FFBDFF3DFA7FFA28A2F6:8EC9606EC849FFBFFF3DFF01FF4BA58E" box="[151,238,223,249]" county="The" municipality="Brusina" name="Brusina" pageId="8" pageNumber="159" stateProvince="L'viv">Brusina</location>
stored in the “Caspian Mollusca” collection of the 
<collectionCode box="[821,905,223,249]" country="USA" httpUri="http://biocol.org/urn:lsid:biocol.org:col:33139" lsid="urn:lsid:biocol.org:col:33139" name="Cincinnati Museum of Natural History" pageId="8" pageNumber="159" type="Museum">CNHM</collectionCode>
prove that 
<location LSID="urn:lsid:plazi:treatment:03BF87A3C846FFBDFF3DFA7FFA28A2F6:8EC9606EC849FFBFFBA0FF01FAA6A58E" box="[1034,1283,223,249]" county="The" municipality="Brusina" name="Wladyslaw Dybowski" pageId="8" pageNumber="159" stateProvince="L'viv">Władysław Dybowski</location>
sent material to 
<location LSID="urn:lsid:plazi:treatment:03BF87A3C846FFBDFF3DFA7FFA28A2F6:8EC9606EC849FFBFFF1EFEDDFEAEA46A" box="[180,267,259,285]" county="The" municipality="Brusina" name="Brusina" pageId="8" pageNumber="159" stateProvince="L'viv">Brusina</location>
after publication of his monograph on 
<location LSID="urn:lsid:plazi:treatment:03BF87A3C846FFBDFF3DFA7FFA28A2F6:8EC9606EC849FFBFFD6EFEDDFCBBA46A" box="[708,798,259,285]" county="The" municipality="Brusina" name="Caspian" pageId="8" pageNumber="159" stateProvince="L'viv">Caspian</location>
molluscs (
<collectorName box="[920,1075,259,285]" pageId="8" pageNumber="159">W. Dybowski</collectorName>
1888: 53, 64 footnote). 
<location LSID="urn:lsid:plazi:treatment:03BF87A3C846FFBDFF3DFA7FFA28A2F6:8EC9606EC849FFBFFAEEFEDDFAFEA46A" box="[1348,1371,259,285]" county="The" municipality="Brusina" name="In" pageId="8" pageNumber="159" stateProvince="L'viv">In</location>
a letter from 
<location LSID="urn:lsid:plazi:treatment:03BF87A3C846FFBDFF3DFA7FFA28A2F6:8EC9606EC849FFBFFF50FEF9FEF4A436" box="[250,337,295,321]" county="The" municipality="Brusina" name="Brusina" pageId="8" pageNumber="159" stateProvince="L'viv">Brusina</location>
to 
<location LSID="urn:lsid:plazi:treatment:03BF87A3C846FFBDFF3DFA7FFA28A2F6:8EC9606EC849FFBFFEDCFEF9FDFAA436" box="[374,607,295,321]" county="The" municipality="Brusina" name="Benedykt Dybowski" pageId="8" pageNumber="159" stateProvince="L'viv">Benedykt Dybowski</location>
, along with which he sent material back to 
<collectingRegion box="[1098,1151,295,321]" country="Ukraine" name="L'viv" pageId="8" pageNumber="159">Lviv</collectingRegion>
(dated 
<date box="[1235,1389,294,321]" pageId="8" pageNumber="159" value="1905-06-14">
<collectingDate box="[1235,1389,294,321]" pageId="8" pageNumber="159" value="1905-06-14">14 June 1905</collectingDate>
</date>
), he referred to the new species 
<taxonomicName authority="Dybowskii" authorityName="Dybowskii" box="[462,716,331,357]" class="Kinetofragminophora" family="Corynophryidae" genus="Andrusovia" kingdom="Protozoa" order="Suctorida" pageId="8" pageNumber="159" phylum="Ciliophora" rank="genus">
<emphasis box="[462,716,331,357]" italics="true" pageId="8" pageNumber="159">Andrusovia Dybowskii</emphasis>
</taxonomicName>
from “Detritus [...] aus 46 Sežen Tiefe”. 
<location LSID="urn:lsid:plazi:treatment:03BF87A3C846FFBDFF3DFA7FFA28A2F6:8EC9606EC849FFBFFB35FE95FB74A412" box="[1183,1233,331,357]" county="The" municipality="Brusina" name="This" pageId="8" pageNumber="159" stateProvince="L'viv">This</location>
matches the label on the material in 
<collectingRegion box="[362,441,367,393]" country="Croatia" name="Zagrebacka" pageId="8" pageNumber="159">Zagreb</collectingRegion>
(“I iz 46 sež. dub.”) as well as that on lot 
<collectionCode box="[934,1004,367,393]" pageId="8" pageNumber="159">ZB-M</collectionCode>
<collectorName box="[1012,1099,367,393]" pageId="8" pageNumber="159">W.Dyb.</collectorName>
116 (“ 
<location LSID="urn:lsid:plazi:treatment:03BF87A3C846FFBDFF3DFA7FFA28A2F6:8EC9606EC849FFBFFB3CFEB1FB50A4FE" box="[1174,1269,367,393]" county="The" municipality="Brusina" name="Detritus" pageId="8" pageNumber="159" stateProvince="L'viv">Detritus</location>
46 Saž. tief”). 
<location LSID="urn:lsid:plazi:treatment:03BF87A3C846FFBDFF3DFA7FFA28A2F6:8EC9606EC849FFBFFF3DFE4DFF7FA4DA" box="[151,218,403,429]" county="The" municipality="Brusina" name="These" pageId="8" pageNumber="159" stateProvince="L'viv">These</location>
labels refer to a collection depth of 46 fathoms (
<location LSID="urn:lsid:plazi:treatment:03BF87A3C846FFBDFF3DFA7FFA28A2F6:8EC9606EC849FFBFFD5FFE4DFCEAA4DA" box="[757,847,403,429]" county="The" municipality="Brusina" name="Russian" pageId="8" pageNumber="159" stateProvince="L'viv">Russian</location>
“sažen” or “sazhen”, 
<location LSID="urn:lsid:plazi:treatment:03BF87A3C846FFBDFF3DFA7FFA28A2F6:8EC9606EC849FFBFFBEEFE4DFB01A4DA" box="[1092,1188,403,429]" county="The" municipality="Brusina" name="Croatian" pageId="8" pageNumber="159" stateProvince="L'viv">Croatian</location>
“sežanj”). 
<location LSID="urn:lsid:plazi:treatment:03BF87A3C846FFBDFF3DFA7FFA28A2F6:8EC9606EC849FFBFFAB5FE4DFA9EA4DA" box="[1311,1339,403,429]" county="The" municipality="Brusina" name="At" pageId="8" pageNumber="159" stateProvince="L'viv">At</location>
the time the samples were taken, most likely by 
<location LSID="urn:lsid:plazi:treatment:03BF87A3C846FFBDFF3DFA7FFA28A2F6:8EC9606EC849FFBFFDF8FE69FD2AA4A6" box="[594,655,439,465]" county="The" municipality="Brusina" name="Ulski" pageId="8" pageNumber="159" stateProvince="L'viv">Ulski</location>
during hydrographic expeditions in 1858 to 1864 (
<location LSID="urn:lsid:plazi:treatment:03BF87A3C846FFBDFF3DFA7FFA28A2F6:8EC9606EC849FFBFFB60FE69FAF8A4A6" box="[1226,1373,439,465]" county="The" municipality="Brusina" name="Anistratenko" pageId="8" pageNumber="159" stateProvince="L'viv">Anistratenko</location>
<emphasis box="[1380,1429,439,465]" italics="true" pageId="8" pageNumber="159">et al</emphasis>
. 2018), the nautical fathom (morskaya sazhen) measured 
<quantity box="[791,886,474,501]" metricMagnitude="0" metricUnit="m" metricValue="1.853" pageId="8" pageNumber="159" unit="m" value="1.853">
<elevation box="[791,886,474,501]" metricMagnitude="0" metricUnit="m" metricValue="1.853" pageId="8" pageNumber="159" unit="m" value="1.853">1.853 m</elevation>
</quantity>
, denoting a collection of depth of approximately 
<specimenCount box="[151,217,510,537]" pageId="8" pageNumber="159" type="generic">
<quantity box="[151,213,510,537]" metricMagnitude="1" metricUnit="m" metricValue="8.5" pageId="8" pageNumber="159" unit="m" value="85.0">
<elevation box="[151,213,510,537]" metricMagnitude="1" metricUnit="m" metricValue="8.5" pageId="8" pageNumber="159" unit="m" value="85.0">85 m</elevation>
</quantity>
.
</specimenCount>
<collectorName box="[225,305,511,537]" pageId="8" pageNumber="159">Finally</collectorName>
, the shells of the type series closely resemble the material from the 
<collectorName box="[1081,1185,511,537]" pageId="8" pageNumber="159">von Baer</collectorName>
collection in terms of morphology and preservation (
<figureCitation box="[498,568,547,573]" captionStart="FIGURE 2" captionStartId="9.[151,250,1721,1745]" captionTargetBox="[324,1262,181,1697]" captionTargetId="figure-17@9.[324,1262,181,1697]" captionTargetPageId="9" captionText="FIGURE 2. Andrusovia dybowskii Brusina in Westerlund, 1903. (a, b, e) Lectotype, locality 26 (CNHM ZMKJ 50). (c, d, f) Paralectotype, locality 26 (CNHM ZMKJ 51). (g, h) Paratype of A. brusinai, locality 22 (MSU Lc-24598). (i–k) Specimen from Baer collection, locality 26 (ZB-M W.Dyb. 70). (l, m, q) Specimen from Baer collection, locality 26 (ZB-M W.Dyb. 28). (n–p) Specimen from Baer collection, locality 26 (ZB-M W.Dyb. 28). (r, v, w) Specimen from Baer collection, locality 26 (ZB-M W.Dyb. 116). (s–u) Specimen from Baer collection, locality 26 (ZB-M W.Dyb. 70). (x) Specimen from Baer collection, locality 26 (ZB-M W.Dyb. 70). (y) Paratype of H. marina, locality 22 (MSU Lc-24614c). (z, ad) Paratype of H. marina, locality 22 (MSU Lc-24614a). (aa) Paratype of H. marina, locality 22 (MSU Lc-24614b). (ab) Specimen from Baer collection, locality 26 (ZB-M W.Dyb. 70). (ac) Specimen from Baer collection, locality 26 (ZB-M W.Dyb. 28). (ae) Paratype of A. andrusovi, locality 18 (MSU Lc-24601). Scale bar = 1 mm." figureDoi="http://doi.org/10.5281/zenodo.4550152" httpUri="https://zenodo.org/record/4550152/files/figure.png" pageId="8" pageNumber="159">Fig. 2</figureCitation>
; compare also 
<bibRefCitation author="Anistratenko, V. V. &amp; Anistratenko, O. Yu. &amp; Kadolsky, D." box="[735,1011,547,573]" pageId="8" pageNumber="159" pagination="35 - 62" refId="ref29151" refString="Anistratenko, V. V., Anistratenko, O. Yu. &amp; Kadolsky, D. (2019) Karl E. von Baer's collection of Caspian Sea molluscs stored in the Zoological Museum of Lviv University, Ukraine. Part 2. Type materials of gastropod species described by Stephan Clessin and Wladyslaw Dybowski in 1887 - 1888. Archiv fur Molluskenkunde, 148 (1), 35 - 62. https: // doi. org / 10.1127 / arch. moll / 148 / 035 - 062" type="journal article" year="2019">
Anistratenko 
<emphasis box="[887,937,547,573]" italics="true" pageId="8" pageNumber="159">et al</emphasis>
. 2019
</bibRefCitation>
), substantiating the interpretation that they originally come from the same lot
</materialsCitation>
.
</paragraph>
<paragraph blockId="8.[151,1437,151,1977]" pageId="8" pageNumber="159">
<materialsCitation collectionCode="CNHM" pageId="8" pageNumber="159" specimenCode="ZMKJ 50, ZMKJ 51-53" specimenCount="2" typeStatus="lectotype">
In order to fix the identity of 
<taxonomicName authorityName="Brusina" authorityYear="1902" box="[524,772,619,645]" class="Kinetofragminophora" family="Corynophryidae" genus="Andrusovia" kingdom="Protozoa" order="Suctorida" pageId="8" pageNumber="159" phylum="Ciliophora" rank="species" species="dybowskii">
<emphasis box="[524,772,619,645]" italics="true" pageId="8" pageNumber="159">Andrusovia dybowskii</emphasis>
</taxonomicName>
, we choose as 
<typeStatus box="[939,1042,619,645]" pageId="8" pageNumber="159">lectotype</typeStatus>
a specimen from the lot containing four specimens (
<collectionCode box="[338,424,655,681]" country="USA" httpUri="http://biocol.org/urn:lsid:biocol.org:col:33139" lsid="urn:lsid:biocol.org:col:33139" name="Cincinnati Museum of Natural History" pageId="8" pageNumber="159" type="Museum">CNHM</collectionCode>
<specimenCode box="[431,543,654,681]" collectionCode="CNHM" country="USA" httpUri="http://biocol.org/urn:lsid:biocol.org:col:33139" lsid="urn:lsid:biocol.org:col:33139" name="Cincinnati Museum of Natural History" pageId="8" pageNumber="159" type="Museum">ZMKJ 50</specimenCode>
; 
<figureCitation box="[556,693,655,681]" captionStart="FIGURE 2" captionStartId="9.[151,250,1721,1745]" captionTargetBox="[324,1262,181,1697]" captionTargetId="figure-17@9.[324,1262,181,1697]" captionTargetPageId="9" captionText="FIGURE 2. Andrusovia dybowskii Brusina in Westerlund, 1903. (a, b, e) Lectotype, locality 26 (CNHM ZMKJ 50). (c, d, f) Paralectotype, locality 26 (CNHM ZMKJ 51). (g, h) Paratype of A. brusinai, locality 22 (MSU Lc-24598). (i–k) Specimen from Baer collection, locality 26 (ZB-M W.Dyb. 70). (l, m, q) Specimen from Baer collection, locality 26 (ZB-M W.Dyb. 28). (n–p) Specimen from Baer collection, locality 26 (ZB-M W.Dyb. 28). (r, v, w) Specimen from Baer collection, locality 26 (ZB-M W.Dyb. 116). (s–u) Specimen from Baer collection, locality 26 (ZB-M W.Dyb. 70). (x) Specimen from Baer collection, locality 26 (ZB-M W.Dyb. 70). (y) Paratype of H. marina, locality 22 (MSU Lc-24614c). (z, ad) Paratype of H. marina, locality 22 (MSU Lc-24614a). (aa) Paratype of H. marina, locality 22 (MSU Lc-24614b). (ab) Specimen from Baer collection, locality 26 (ZB-M W.Dyb. 70). (ac) Specimen from Baer collection, locality 26 (ZB-M W.Dyb. 28). (ae) Paratype of A. andrusovi, locality 18 (MSU Lc-24601). Scale bar = 1 mm." figureDoi="http://doi.org/10.5281/zenodo.4550152" httpUri="https://zenodo.org/record/4550152/files/figure.png" pageId="8" pageNumber="159">Fig. 2a, b, e</figureCitation>
); the remaining three shells in that lot are 
<typeStatus box="[1173,1335,655,681]" pageId="8" pageNumber="159">paralectotypes</typeStatus>
(
<collectionCode box="[1350,1436,655,681]" country="USA" httpUri="http://biocol.org/urn:lsid:biocol.org:col:33139" lsid="urn:lsid:biocol.org:col:33139" name="Cincinnati Museum of Natural History" pageId="8" pageNumber="159" type="Museum">CNHM</collectionCode>
<specimenCode box="[151,306,690,717]" collectionCode="CNHM" country="USA" httpUri="http://biocol.org/urn:lsid:biocol.org:col:33139" lsid="urn:lsid:biocol.org:col:33139" name="Cincinnati Museum of Natural History" pageId="8" pageNumber="159" type="Museum">ZMKJ 51–53</specimenCode>
)
</materialsCitation>
.
</paragraph>
<paragraph blockId="8.[151,1437,151,1977]" pageId="8" pageNumber="159">
Additionally, several 
<typeStatus box="[442,549,727,753]" pageId="8" pageNumber="159">paratypes</typeStatus>
of other 
<taxonomicName box="[656,785,727,753]" class="Kinetofragminophora" family="Corynophryidae" genus="Andrusovia" kingdom="Protozoa" order="Suctorida" pageId="8" pageNumber="159" phylum="Ciliophora" rank="genus">
<emphasis box="[656,785,727,753]" italics="true" pageId="8" pageNumber="159">Andrusovia</emphasis>
</taxonomicName>
species here considered synonymous are found in 
<collectionCode box="[1368,1432,727,753]" country="USA" httpUri="http://grbio.org/cool/53w1-8r3k" name="Michigan State University Museum" pageId="8" pageNumber="159" type="University or college">MSU</collectionCode>
; the 
<typeStatus box="[192,301,763,789]" pageId="8" pageNumber="159">holotypes</typeStatus>
are however not traced. This concerns 
<specimenCount box="[740,868,762,789]" pageId="8" pageNumber="159" type="generic" typeStatus="paratypes">5 paratypes</specimenCount>
of 
<taxonomicName authorityName="Starobogatov" authorityYear="2021" box="[906,1049,763,789]" class="Kinetofragminophora" family="Corynophryidae" genus="Andrusovia" kingdom="Protozoa" order="Suctorida" pageId="8" pageNumber="159" phylum="Ciliophora" rank="species" species="andrusovi">
<emphasis box="[906,1049,763,789]" italics="true" pageId="8" pageNumber="159">A. andrusovi</emphasis>
</taxonomicName>
(Lc-24600, Lc-24601, Lc-24604), 
<specimenCount box="[151,279,799,825]" pageId="8" pageNumber="159" type="generic" typeStatus="paratypes">2 paratypes</specimenCount>
of 
<taxonomicName authorityName="Starobogatov" authorityYear="2000" box="[317,441,799,825]" class="Kinetofragminophora" family="Corynophryidae" genus="Andrusovia" kingdom="Protozoa" order="Suctorida" pageId="8" pageNumber="159" phylum="Ciliophora" rank="species" species="brusinai">
<emphasis box="[317,441,799,825]" italics="true" pageId="8" pageNumber="159">A. brusinai</emphasis>
</taxonomicName>
(Lc-24598, Lc-24599) and 
<specimenCount box="[753,881,799,825]" pageId="8" pageNumber="159" type="generic" typeStatus="paratypes">8 paratypes</specimenCount>
of 
<taxonomicName authorityName="Logvinenko &amp; Starobogatov" authorityYear="1969" box="[919,1095,799,824]" class="Gastropoda" family="Hydrobiidae" genus="Horatia" kingdom="Animalia" order="Littorinimorpha" pageId="8" pageNumber="159" phylum="Mollusca" rank="species" species="marina">
<emphasis box="[919,1095,799,824]" italics="true" pageId="8" pageNumber="159">Horatia marina</emphasis>
</taxonomicName>
(Lc-24613, Lc-24614).
</paragraph>
<paragraph blockId="8.[151,1437,151,1977]" pageId="8" pageNumber="159">
<emphasis bold="true" box="[199,358,834,861]" pageId="8" pageNumber="159">Type locality.</emphasis>
“Mare Caspium” (Caspian Sea) (
<tableCitation box="[737,822,835,861]" captionStart="TABLE 1" captionStartId="3.[151,239,473,499]" captionTargetPageId="3" captionText="TABLE 1. Locality information of the studied material. Coordinates of collecting sites are given based on data in museum catalogue cards, labels and corresponding publications. Asterisks mark localities with approximate geographic coordinates based on indirect data provided in the ZIN catalogue. Abbreviations: q.—quadrant, st.—station." pageId="8" pageNumber="159">Table 1</tableCitation>
, locality 26). The depth indicated on the collection labels (“I iz 46 sež. dub.”, meaning “collected from a depth of 85 meters”; see above) confines the type locality to the Middle or South Caspian Basin. Type locality of 
<taxonomicName authority=": Caspian Sea" authorityName="Caspian Sea" box="[703,999,907,933]" class="Kinetofragminophora" family="Corynophryidae" genus="Andrusovia" kingdom="Protozoa" order="Suctorida" pageId="8" pageNumber="159" phylum="Ciliophora" rank="species" species="andrusovi">
<emphasis box="[703,846,907,933]" italics="true" pageId="8" pageNumber="159">A. andrusovi</emphasis>
: Caspian Sea
</taxonomicName>
off Cheleken Peninsula, 
<collectingCountry box="[1282,1437,907,933]" name="Turkmenistan" pageId="8" pageNumber="159">Turkmenistan</collectingCountry>
(locality 19); the 
<typeStatus box="[346,453,943,969]" pageId="8" pageNumber="159">paratypes</typeStatus>
studied herein come from a locality to the south of the type locality (locality 18). Type locality of 
<taxonomicName authorityName="Starobogatov" authorityYear="2000" box="[276,402,979,1005]" class="Kinetofragminophora" family="Corynophryidae" genus="Andrusovia" kingdom="Protozoa" order="Suctorida" pageId="8" pageNumber="159" phylum="Ciliophora" rank="species" species="brusinai">
<emphasis box="[276,402,979,1005]" italics="true" pageId="8" pageNumber="159">A. brusinai</emphasis>
</taxonomicName>
: Eastern part of the middle Caspian Sea (locality 8); the 
<typeStatus box="[1058,1165,979,1005]" pageId="8" pageNumber="159">paratypes</typeStatus>
derive from locality 
<quantity metricMagnitude="-1" metricUnit="m" metricValue="5.588" pageId="8" pageNumber="159" unit="in" value="22.0">22 in</quantity>
the South Caspian Basin. Type locality of 
<taxonomicName authorityName="Logvinenko &amp; Starobogatov" authorityYear="1969" box="[661,778,1015,1040]" class="Gastropoda" family="Hydrobiidae" genus="Horatia" kingdom="Animalia" order="Littorinimorpha" pageId="8" pageNumber="159" phylum="Mollusca" rank="species" species="marina">
<emphasis box="[661,778,1015,1040]" italics="true" pageId="8" pageNumber="159">H. marina</emphasis>
</taxonomicName>
: Northern part of the middle Caspian Sea (locality 2); the 
<typeStatus box="[151,258,1051,1077]" pageId="8" pageNumber="159">paratypes</typeStatus>
come from locality 22.
</paragraph>
<paragraph blockId="8.[151,1437,151,1977]" pageId="8" pageNumber="159">
<emphasis bold="true" box="[199,386,1086,1112]" pageId="8" pageNumber="159">Other material.</emphasis>
<materialsCitation box="[393,1401,1087,1113]" collectionCode="CNHM" pageId="8" pageNumber="159" specimenCode="ZMKJ 49" specimenCount="33">
<specimenCount box="[393,545,1087,1113]" pageId="8" pageNumber="159" type="generic">33 specimens</specimenCount>
in the “Caspian Mollusca” collection of the 
<collectionCode box="[1044,1128,1087,1113]" country="USA" httpUri="http://biocol.org/urn:lsid:biocol.org:col:33139" lsid="urn:lsid:biocol.org:col:33139" name="Cincinnati Museum of Natural History" pageId="8" pageNumber="159" type="Museum">CNHM</collectionCode>
(
<collectionCode box="[1143,1229,1087,1113]" country="USA" httpUri="http://biocol.org/urn:lsid:biocol.org:col:33139" lsid="urn:lsid:biocol.org:col:33139" name="Cincinnati Museum of Natural History" pageId="8" pageNumber="159" type="Museum">CNHM</collectionCode>
<specimenCode box="[1236,1345,1087,1113]" collectionCode="CNHM" country="USA" httpUri="http://biocol.org/urn:lsid:biocol.org:col:33139" lsid="urn:lsid:biocol.org:col:33139" name="Cincinnati Museum of Natural History" pageId="8" pageNumber="159" type="Museum">ZMKJ 49</specimenCode>
) and
</materialsCitation>
<materialsCitation collectionCode="ZB-M" collectorName="W. Dyb. &amp; Caspian Sea" pageId="8" pageNumber="159" specimenCount="61">
<specimenCount pageId="8" pageNumber="159" type="generic">61 specimens</specimenCount>
(
<collectionCode box="[282,354,1123,1149]" pageId="8" pageNumber="159">ZB-M</collectionCode>
<collectorName box="[361,447,1123,1149]" pageId="8" pageNumber="159">W.Dyb.</collectorName>
8, 26–28, 35, 70, 116) from unknown locations in the 
<collectorName box="[1058,1195,1123,1149]" pageId="8" pageNumber="159">Caspian Sea</collectorName>
(locality 26)
</materialsCitation>
.
</paragraph>
</subSubSection>
<subSubSection pageId="8" pageNumber="159" type="description">
<paragraph blockId="8.[151,1437,151,1977]" pageId="8" pageNumber="159">
<emphasis bold="true" box="[199,345,1158,1184]" pageId="8" pageNumber="159">Description.</emphasis>
Broad conical shell with up to three whorls; measuring up to 
<quantity box="[1020,1119,1159,1185]" metricMagnitude="-3" metricUnit="m" metricValue="1.34" pageId="8" pageNumber="159" unit="mm" value="1.34">1.34 mm</quantity>
in height, 
<quantity box="[1234,1333,1159,1185]" metricMagnitude="-3" metricUnit="m" metricValue="1.27" pageId="8" pageNumber="159" unit="mm" value="1.27">1.27 mm</quantity>
in width. Protoconch consists of c. 1.05–1.15 whorls measuring approximately 
<quantity box="[939,1086,1194,1221]" metricMagnitude="-1" metricUnit="m" metricValue="3.975" metricValueMax="4.15" metricValueMin="3.8" pageId="8" pageNumber="159" unit="mm" value="397.5" valueMax="415.0" valueMin="380.0">380–415 µm</quantity>
; surface bears distinct, densely malleate sculpture, occasionally accompanied by 3–4 spiral threads on initial half whorl; triangular portion reaching from lower suture at c. 0.5–0.8 whorls to upper suture at end of protoconch lacks malleate sculpture but bears irregular, bulgy growth rims; protoconch–teleoconch transition marked by strong growth rim. Teleoconch whorls moderately convex, typically weakly flattened and weakly stepped, separated by distinct suture. Spire height variable: last whorl attains c. 71–84% of total shell height. Umbilicus funnel-shaped, round, very narrow. Umbilicus may be surrounded by bulge in some specimens, which is occasionally more pronounced and forms distinct keel. Aperture broadly ovoid to near circular, strongly attached to base of last whorl, which sometimes results in weak concavity at parietal margin and slightly asymmetric shape. Peristome thin or sometimes slightly thickened; distinctly sinuate in lateral view, with protruding central part and indentations adapically and abapically. Fine prosocyrt growth lines cover shell. In a few specimens, faint irregular spiral grooves appear on last whorl.
</paragraph>
</subSubSection>
<subSubSection lastPageId="10" lastPageNumber="161" pageId="8" pageNumber="159" type="discussion">
<paragraph blockId="8.[151,1437,151,1977]" pageId="8" pageNumber="159">
<emphasis bold="true" box="[199,315,1591,1617]" pageId="8" pageNumber="159">Remarks.</emphasis>
The previous concepts of 
<taxonomicName authorityName="Brusina" authorityYear="1902" box="[608,750,1591,1617]" class="Kinetofragminophora" family="Corynophryidae" genus="Andrusovia" kingdom="Protozoa" order="Suctorida" pageId="8" pageNumber="159" phylum="Ciliophora" rank="species" species="dybowskii">
<emphasis box="[608,750,1591,1617]" italics="true" pageId="8" pageNumber="159">A. dybowskii</emphasis>
</taxonomicName>
applied in the literature were based on a low-spired morphology. While the phrase “conoidea vel discoidea” (i.e. conical or disciform) in the original description comprises a great variety of shell shapes, 
<bibRefCitation author="Logvinenko, B. M. &amp; Starobogatov, Ya. I." box="[476,877,1663,1690]" pageId="8" pageNumber="159" pagination="1467 - 1475" refId="ref32016" refString="Logvinenko, B. M. &amp; Starobogatov, Ya. I. (1966) Mollyuski semeystva Planorbidae Kaspiya. Zoologicheskiy Zhurnal, 45 (10), 1467 - 1475." type="journal article" year="1966">Logvinenko &amp; Starobogatov (1966)</bibRefCitation>
considered only disciform specimens to represent 
<taxonomicName authorityName="Brusina" authorityYear="1902" box="[151,401,1699,1725]" class="Kinetofragminophora" family="Corynophryidae" genus="Andrusovia" kingdom="Protozoa" order="Suctorida" pageId="8" pageNumber="159" phylum="Ciliophora" rank="species" species="dybowskii">
<emphasis box="[151,401,1699,1725]" italics="true" pageId="8" pageNumber="159">Andrusovia dybowskii</emphasis>
</taxonomicName>
. This led them to believe the genus belongs in 
<taxonomicName baseAuthorityName="Starobogatov" baseAuthorityYear="1970" box="[949,1086,1699,1725]" class="Gastropoda" family="Planorbidae" kingdom="Animalia" order="Hygrophila" pageId="8" pageNumber="159" phylum="Mollusca" rank="family">Planorbidae</taxonomicName>
, and they listed it as subgenus of 
<taxonomicName box="[184,259,1735,1761]" class="Insecta" family="Curculionidae" genus="Anisus" kingdom="Animalia" order="Coleoptera" pageId="8" pageNumber="159" phylum="Arthropoda" rank="genus">
<emphasis box="[184,259,1735,1761]" italics="true" pageId="8" pageNumber="159">Anisus</emphasis>
</taxonomicName>
and synonymised the species with 
<taxonomicName baseAuthorityName="Clessin &amp; W.Dybowski" baseAuthorityYear="1887" box="[666,858,1735,1761]" class="Insecta" family="Curculionidae" genus="Anisus" kingdom="Animalia" order="Coleoptera" pageId="8" pageNumber="159" phylum="Arthropoda" rank="species" species="eichwaldi">
<emphasis box="[666,858,1735,1761]" italics="true" pageId="8" pageNumber="159">Anisus eichwaldi</emphasis>
</taxonomicName>
(Clessin &amp; W. Dybowski in W. 
<bibRefCitation author="Dybowski, W." box="[1233,1424,1735,1761]" pageId="8" pageNumber="159" pagination="1 - 64" refId="ref30278" refString="Dybowski, W. (1887 - 1888) Die Gasteropoden-Fauna des Kaspischen Meeres. Nach der Sammlung des Akademikers Dr. K. E. v. Baer. Malakozoologische Blatter, Neue Folge, 10 (1 - 3), 1 - 64 (issue 1, 1887), 65 - 79 (issue 2, 1888), pls. 1 - 3 (issue 3, 1888)." type="journal article" year="1887">Dybowski, 1887</bibRefCitation>
). 
<bibRefCitation author="Starobogatov, Ya. I." box="[151,383,1771,1797]" pageId="8" pageNumber="159" pagination="37 - 42" refId="ref33581" refString="Starobogatov, Ya. I. (2000) Caspian endemic genus Andrusovia (Gastropoda Pectinibranchia Horatiidae). Ruthenica, 10 (1), 37 - 42." type="journal article" year="2000">Starobogatov (2000)</bibRefCitation>
revised this opinion and considered shells with depressed spire to represent 
<taxonomicName authorityName="Brusina" authorityYear="1902" box="[1245,1388,1771,1797]" class="Kinetofragminophora" family="Corynophryidae" genus="Andrusovia" kingdom="Protozoa" order="Suctorida" pageId="8" pageNumber="159" phylum="Ciliophora" rank="species" species="dybowskii">
<emphasis box="[1245,1388,1771,1797]" italics="true" pageId="8" pageNumber="159">A. dybowskii</emphasis>
</taxonomicName>
and classified 
<taxonomicName box="[265,394,1807,1833]" class="Kinetofragminophora" family="Corynophryidae" genus="Andrusovia" kingdom="Protozoa" order="Suctorida" pageId="8" pageNumber="159" phylum="Ciliophora" rank="genus">
<emphasis box="[265,394,1807,1833]" italics="true" pageId="8" pageNumber="159">Andrusovia</emphasis>
</taxonomicName>
in Horatiidae. Based on this concept, he introduced two more species based on variation of spire height: 
<taxonomicName authorityName="Starobogatov" authorityYear="2000" box="[295,523,1843,1869]" class="Kinetofragminophora" family="Corynophryidae" genus="Andrusovia" kingdom="Protozoa" order="Suctorida" pageId="8" pageNumber="159" phylum="Ciliophora" rank="species" species="brusinai">
<emphasis box="[295,523,1843,1869]" italics="true" pageId="8" pageNumber="159">Andrusovia brusinai</emphasis>
</taxonomicName>
for high-spired forms and 
<taxonomicName box="[818,1065,1843,1869]" class="Kinetofragminophora" family="Corynophryidae" genus="Andrusovia" kingdom="Protozoa" order="Suctorida" pageId="8" pageNumber="159" phylum="Ciliophora" rank="species" species="andrusovi">
<emphasis box="[818,1065,1843,1869]" italics="true" pageId="8" pageNumber="159">Andrusovia andrusovi</emphasis>
</taxonomicName>
for specimens with a spire height intermediate between 
<taxonomicName authorityName="Starobogatov" authorityYear="2000" box="[400,525,1879,1905]" class="Kinetofragminophora" family="Corynophryidae" genus="Andrusovia" kingdom="Protozoa" order="Suctorida" pageId="8" pageNumber="159" phylum="Ciliophora" rank="species" species="brusinai">
<emphasis box="[400,525,1879,1905]" italics="true" pageId="8" pageNumber="159">A. brusinai</emphasis>
</taxonomicName>
and 
<taxonomicName authorityName="Brusina" authorityYear="1902" box="[582,726,1879,1905]" class="Kinetofragminophora" family="Corynophryidae" genus="Andrusovia" kingdom="Protozoa" order="Suctorida" pageId="8" pageNumber="159" phylum="Ciliophora" rank="species" species="dybowskii">
<emphasis box="[582,726,1879,1905]" italics="true" pageId="8" pageNumber="159">A. dybowskii</emphasis>
</taxonomicName>
(sensu 
<bibRefCitation author="Starobogatov, Ya. I." box="[814,1032,1879,1905]" pageId="8" pageNumber="159" pagination="37 - 42" refId="ref33581" refString="Starobogatov, Ya. I. (2000) Caspian endemic genus Andrusovia (Gastropoda Pectinibranchia Horatiidae). Ruthenica, 10 (1), 37 - 42." type="journal article" year="2000">Starobogatov 2000</bibRefCitation>
). He additionally classified 
<taxonomicName authority="Logvinenko &amp; Starobogatov, 1969" authorityName="Logvinenko &amp; Starobogatov" authorityYear="1969" class="Gastropoda" family="Hydrobiidae" genus="Horatia" kingdom="Animalia" order="Littorinimorpha" pageId="8" pageNumber="159" phylum="Mollusca" rank="species" species="marina">
<emphasis italics="true" pageId="8" pageNumber="159">Horatia marina</emphasis>
<bibRefCitation author="Logvinenko, B. M. &amp; Starobogatov, Ya. I." box="[239,628,1915,1941]" pageId="8" pageNumber="159" pagination="308 - 385" refId="ref32049" refString="Logvinenko, B. M. &amp; Starobogatov, Ya. I. (1969 [&quot; 1968 &quot;]) Mollusca. In: Birshtein, Y. A., Vinogradov, L. G., Kondakov, N. N., Kuhn, M. S., Astakhova, T. V. &amp; Romanova, N. N. (Eds.), Atlas bespozvonochnykh Kaspiyskogo morya. Pishchevaya Promyshlennost (Vsesoyuznyi Nauchno-issledovatel'skii Institut Morskogo Rybnogo Khozyaistva i Okeanografii), Moskva, pp. 308 - 385." type="book chapter" year="1969">
Logvinenko &amp; Starobogatov, 
<quantity box="[572,628,1915,1941]" metricMagnitude="1" metricUnit="m" metricValue="5.00126" pageId="8" pageNumber="159" unit="in" value="1969.0">1969</quantity>
</bibRefCitation>
</taxonomicName>
in 
<taxonomicName box="[664,793,1915,1941]" class="Kinetofragminophora" family="Corynophryidae" genus="Andrusovia" kingdom="Protozoa" order="Suctorida" pageId="8" pageNumber="159" phylum="Ciliophora" rank="genus">
<emphasis box="[664,793,1915,1941]" italics="true" pageId="8" pageNumber="159">Andrusovia</emphasis>
</taxonomicName>
as well. He already noted the similarity of that species to his 
<taxonomicName authorityName="Starobogatov" authorityYear="2000" box="[191,315,1951,1977]" class="Kinetofragminophora" family="Corynophryidae" genus="Andrusovia" kingdom="Protozoa" order="Suctorida" pageId="8" pageNumber="159" phylum="Ciliophora" rank="species" species="brusinai">
<emphasis box="[191,315,1951,1977]" italics="true" pageId="8" pageNumber="159">A. brusinai</emphasis>
</taxonomicName>
, but despite strong overlap in all measurements and ratios he still considered both species distinct.
</paragraph>
<caption ID-DOI="http://doi.org/10.5281/zenodo.4550152" ID-Zenodo-Dep="4550152" httpUri="https://zenodo.org/record/4550152/files/figure.png" pageId="9" pageNumber="160" startId="9.[151,250,1721,1745]" targetBox="[324,1262,181,1697]" targetPageId="9">
<paragraph blockId="9.[151,1437,1721,2034]" pageId="9" pageNumber="160">
<emphasis bold="true" box="[151,276,1721,1745]" pageId="9" pageNumber="160">FIGURE 2.</emphasis>
<taxonomicName authority="Brusina" authorityName="Brusina" authorityYear="1902" box="[284,597,1721,1745]" class="Kinetofragminophora" family="Corynophryidae" genus="Andrusovia" kingdom="Protozoa" order="Suctorida" pageId="9" pageNumber="160" phylum="Ciliophora" rank="species" species="dybowskii">
<emphasis box="[284,510,1721,1745]" italics="true" pageId="9" pageNumber="160">Andrusovia dybowskii</emphasis>
Brusina
</taxonomicName>
in 
<bibRefCitation author="Westerlund, C. A." box="[631,814,1721,1746]" pageId="9" pageNumber="160" pagination="82 - 139" refId="ref34466" refString="Westerlund, C. A. (1903) Methodus dispositionis Conchyliorum extramarinorum in Regione palaearctica viventium, familias, genera, subgenera et stirpes sistens. Rad Jugoslavenske akademije znanosti i umjetnosti, 151, 82 - 139." type="journal article" year="1903">Westerlund, 1903</bibRefCitation>
. (a, b, e) Lectotype, locality 26 (CNHM ZMKJ 50). (c, d, f) Paralectotype, locality 26 (CNHM ZMKJ 51). (g, h) Paratype of 
<taxonomicName authorityName="Starobogatov" authorityYear="2000" box="[802,914,1757,1781]" class="Kinetofragminophora" family="Corynophryidae" genus="Andrusovia" kingdom="Protozoa" order="Suctorida" pageId="9" pageNumber="160" phylum="Ciliophora" rank="species" species="brusinai">
<emphasis box="[802,914,1757,1781]" italics="true" pageId="9" pageNumber="160">A. brusinai</emphasis>
</taxonomicName>
, locality 22 (MSU Lc-24598). (i–k) Specimen from Baer collection, locality 26 (ZB-M W.Dyb. 70). (l, m, q) Specimen from Baer collection, locality 26 (ZB-M W.Dyb. 28). (n–p) Specimen from Baer collection, locality 26 (ZB-M W.Dyb. 28). (r, v, w) Specimen from Baer collection, locality 26 (ZB-M W.Dyb. 116). (s–u) Specimen from Baer collection, locality 26 (ZB-M W.Dyb. 70). (x) Specimen from Baer collection, locality 26 (ZB-M W.Dyb. 70). (y) Paratype of 
<taxonomicName authorityName="Logvinenko &amp; Starobogatov" authorityYear="1969" box="[584,688,1902,1925]" class="Gastropoda" family="Hydrobiidae" genus="Horatia" kingdom="Animalia" order="Littorinimorpha" pageId="9" pageNumber="160" phylum="Mollusca" rank="species" species="marina">
<emphasis box="[584,688,1902,1925]" italics="true" pageId="9" pageNumber="160">H. marina</emphasis>
</taxonomicName>
, locality 22 (MSU Lc-24614c). (z, ad) Paratype of 
<taxonomicName authorityName="Logvinenko &amp; Starobogatov" authorityYear="1969" box="[1211,1315,1902,1925]" class="Gastropoda" family="Hydrobiidae" genus="Horatia" kingdom="Animalia" order="Littorinimorpha" pageId="9" pageNumber="160" phylum="Mollusca" rank="species" species="marina">
<emphasis box="[1211,1315,1902,1925]" italics="true" pageId="9" pageNumber="160">H. marina</emphasis>
</taxonomicName>
, locality 22 (MSU Lc-24614a). (aa) Paratype of 
<taxonomicName authorityName="Logvinenko &amp; Starobogatov" authorityYear="1969" box="[520,624,1938,1961]" class="Gastropoda" family="Hydrobiidae" genus="Horatia" kingdom="Animalia" order="Littorinimorpha" pageId="9" pageNumber="160" phylum="Mollusca" rank="species" species="marina">
<emphasis box="[520,624,1938,1961]" italics="true" pageId="9" pageNumber="160">H. marina</emphasis>
</taxonomicName>
, locality 22 (MSU Lc-24614b). (ab) Specimen from Baer collection, locality 26 (ZB-M W.Dyb. 70). (ac) Specimen from Baer collection, locality 26 (ZB-M W.Dyb. 28). (ae) Paratype of 
<taxonomicName box="[1219,1348,1973,1997]" class="Kinetofragminophora" family="Corynophryidae" genus="Andrusovia" kingdom="Protozoa" order="Suctorida" pageId="9" pageNumber="160" phylum="Ciliophora" rank="species" species="andrusovi">
<emphasis box="[1219,1348,1973,1997]" italics="true" pageId="9" pageNumber="160">A. andrusovi</emphasis>
</taxonomicName>
, locality 18 (MSU Lc-24601). Scale bar = 1 mm.
</paragraph>
</caption>
<caption ID-DOI="http://doi.org/10.5281/zenodo.4550154" ID-Zenodo-Dep="4550154" httpUri="https://zenodo.org/record/4550154/files/figure.png" pageId="10" pageNumber="161" startId="10.[151,250,1068,1092]" targetBox="[151,1436,181,1044]" targetPageId="10">
<paragraph blockId="10.[151,1437,1068,1201]" pageId="10" pageNumber="161">
<emphasis bold="true" box="[151,277,1068,1092]" pageId="10" pageNumber="161">FIGURE 3.</emphasis>
Protoconch views of 
<taxonomicName authority="Brusina" authorityName="Brusina" authorityYear="1902" box="[508,822,1068,1092]" class="Kinetofragminophora" family="Corynophryidae" genus="Andrusovia" kingdom="Protozoa" order="Suctorida" pageId="10" pageNumber="161" phylum="Ciliophora" rank="species" species="dybowskii">
<emphasis box="[508,734,1068,1092]" italics="true" pageId="10" pageNumber="161">Andrusovia dybowskii</emphasis>
Brusina
</taxonomicName>
in 
<bibRefCitation author="Westerlund, C. A." box="[859,1042,1068,1092]" pageId="10" pageNumber="161" pagination="82 - 139" refId="ref34466" refString="Westerlund, C. A. (1903) Methodus dispositionis Conchyliorum extramarinorum in Regione palaearctica viventium, familias, genera, subgenera et stirpes sistens. Rad Jugoslavenske akademije znanosti i umjetnosti, 151, 82 - 139." type="journal article" year="1903">Westerlund, 1903</bibRefCitation>
. (a, b, i) Paratype of 
<taxonomicName authorityName="Logvinenko &amp; Starobogatov" authorityYear="1969" box="[1268,1430,1069,1092]" class="Gastropoda" family="Hydrobiidae" genus="Horatia" kingdom="Animalia" order="Littorinimorpha" pageId="10" pageNumber="161" phylum="Mollusca" rank="species" species="marina">
<emphasis box="[1268,1430,1069,1092]" italics="true" pageId="10" pageNumber="161">Horatia marina</emphasis>
</taxonomicName>
, locality 22 (MSU Lc-24614). (c, h) Paratype of 
<taxonomicName box="[635,764,1104,1128]" class="Kinetofragminophora" family="Corynophryidae" genus="Andrusovia" kingdom="Protozoa" order="Suctorida" pageId="10" pageNumber="161" phylum="Ciliophora" rank="species" species="andrusovi">
<emphasis box="[635,764,1104,1128]" italics="true" pageId="10" pageNumber="161">A. andrusovi</emphasis>
</taxonomicName>
, locality 18 (MSU Lc-24601). (d) Specimen from Baer collection, locality 26 (ZB-M W.Dyb. 28). (e, g) Specimen from Baer collection, locality 26 (ZB-M W.Dyb. 70). (f) Specimen from Baer collection, locality 26 (ZB-M W.Dyb. 28). Scale bars = 100 μm.
</paragraph>
</caption>
<paragraph blockId="10.[151,1437,1246,1921]" pageId="10" pageNumber="161">
The newly discovered 
<typeStatus box="[450,498,1247,1273]" pageId="10" pageNumber="161">type</typeStatus>
series demonstrates that the previous concepts of 
<taxonomicName authorityName="Brusina" authorityYear="1902" box="[1050,1192,1246,1273]" class="Kinetofragminophora" family="Corynophryidae" genus="Andrusovia" kingdom="Protozoa" order="Suctorida" pageId="10" pageNumber="161" phylum="Ciliophora" rank="species" species="dybowskii">
<emphasis box="[1050,1192,1246,1273]" italics="true" pageId="10" pageNumber="161">A. dybowskii</emphasis>
</taxonomicName>
applied by 
<bibRefCitation author="Logvinenko, B. M. &amp; Starobogatov, Ya. I." pageId="10" pageNumber="161" pagination="1467 - 1475" refId="ref32016" refString="Logvinenko, B. M. &amp; Starobogatov, Ya. I. (1966) Mollyuski semeystva Planorbidae Kaspiya. Zoologicheskiy Zhurnal, 45 (10), 1467 - 1475." type="journal article" year="1966">Logvinenko &amp; Starobogatov (1966)</bibRefCitation>
and 
<bibRefCitation author="Starobogatov, Ya. I." box="[503,734,1282,1309]" pageId="10" pageNumber="161" pagination="37 - 42" refId="ref33581" refString="Starobogatov, Ya. I. (2000) Caspian endemic genus Andrusovia (Gastropoda Pectinibranchia Horatiidae). Ruthenica, 10 (1), 37 - 42." type="journal article" year="2000">Starobogatov (2000)</bibRefCitation>
were misapplications: the 
<typeStatus box="[1036,1084,1283,1309]" pageId="10" pageNumber="161">type</typeStatus>
series contains only forms that are high-spired or slightly less so; no disciform specimens are found (which makes Brusina’s original description quite misleading). Comparing the available 
<typeStatus box="[640,688,1355,1381]" pageId="10" pageNumber="161">type</typeStatus>
material for all three species shows that they cannot be sufficiently separated. Specifically, 
<taxonomicName authorityName="Starobogatov" authorityYear="2000" box="[414,537,1390,1417]" class="Kinetofragminophora" family="Corynophryidae" genus="Andrusovia" kingdom="Protozoa" order="Suctorida" pageId="10" pageNumber="161" phylum="Ciliophora" rank="species" species="brusinai">
<emphasis box="[414,537,1390,1417]" italics="true" pageId="10" pageNumber="161">A. brusinai</emphasis>
</taxonomicName>
and 
<taxonomicName authorityName="Logvinenko &amp; Starobogatov" authorityYear="1969" box="[590,700,1391,1417]" class="Gastropoda" family="Hydrobiidae" genus="Horatia" kingdom="Animalia" order="Littorinimorpha" pageId="10" pageNumber="161" phylum="Mollusca" rank="species" species="marina">
<emphasis box="[590,700,1391,1417]" italics="true" pageId="10" pageNumber="161">A. marina</emphasis>
</taxonomicName>
(
<figureCitation box="[714,822,1390,1417]" captionStart="FIGURE 2" captionStartId="9.[151,250,1721,1745]" captionTargetBox="[324,1262,181,1697]" captionTargetId="figure-17@9.[324,1262,181,1697]" captionTargetPageId="9" captionText="FIGURE 2. Andrusovia dybowskii Brusina in Westerlund, 1903. (a, b, e) Lectotype, locality 26 (CNHM ZMKJ 50). (c, d, f) Paralectotype, locality 26 (CNHM ZMKJ 51). (g, h) Paratype of A. brusinai, locality 22 (MSU Lc-24598). (i–k) Specimen from Baer collection, locality 26 (ZB-M W.Dyb. 70). (l, m, q) Specimen from Baer collection, locality 26 (ZB-M W.Dyb. 28). (n–p) Specimen from Baer collection, locality 26 (ZB-M W.Dyb. 28). (r, v, w) Specimen from Baer collection, locality 26 (ZB-M W.Dyb. 116). (s–u) Specimen from Baer collection, locality 26 (ZB-M W.Dyb. 70). (x) Specimen from Baer collection, locality 26 (ZB-M W.Dyb. 70). (y) Paratype of H. marina, locality 22 (MSU Lc-24614c). (z, ad) Paratype of H. marina, locality 22 (MSU Lc-24614a). (aa) Paratype of H. marina, locality 22 (MSU Lc-24614b). (ab) Specimen from Baer collection, locality 26 (ZB-M W.Dyb. 70). (ac) Specimen from Baer collection, locality 26 (ZB-M W.Dyb. 28). (ae) Paratype of A. andrusovi, locality 18 (MSU Lc-24601). Scale bar = 1 mm." figureDoi="http://doi.org/10.5281/zenodo.4550152" httpUri="https://zenodo.org/record/4550152/files/figure.png" pageId="10" pageNumber="161">
Fig. 
<quantity box="[766,796,1391,1417]" metricMagnitude="-3" metricUnit="kg" metricValue="2.0" pageId="10" pageNumber="161" unit="g" value="2.0">2g</quantity>
, h
</figureCitation>
, y–aa, ad, ae), which partly co-occur in the same localities, are near identical to the 
<typeStatus box="[474,522,1427,1453]" pageId="10" pageNumber="161">type</typeStatus>
series of 
<taxonomicName authorityName="Brusina" authorityYear="1902" box="[630,773,1426,1453]" class="Kinetofragminophora" family="Corynophryidae" genus="Andrusovia" kingdom="Protozoa" order="Suctorida" pageId="10" pageNumber="161" phylum="Ciliophora" rank="species" species="dybowskii">
<emphasis box="[630,773,1426,1453]" italics="true" pageId="10" pageNumber="161">A. dybowskii</emphasis>
</taxonomicName>
.
</paragraph>
<paragraph blockId="10.[151,1437,1246,1921]" pageId="10" pageNumber="161">
The comparably low-spired morphology of 
<taxonomicName box="[687,934,1462,1488]" class="Kinetofragminophora" family="Corynophryidae" genus="Andrusovia" kingdom="Protozoa" order="Suctorida" pageId="10" pageNumber="161" phylum="Ciliophora" rank="species" species="andrusovi">
<emphasis box="[687,934,1462,1488]" italics="true" pageId="10" pageNumber="161">Andrusovia andrusovi</emphasis>
</taxonomicName>
(
<figureCitation box="[949,1015,1462,1489]" captionStart="FIGURE 2" captionStartId="9.[151,250,1721,1745]" captionTargetBox="[324,1262,181,1697]" captionTargetId="figure-17@9.[324,1262,181,1697]" captionTargetPageId="9" captionText="FIGURE 2. Andrusovia dybowskii Brusina in Westerlund, 1903. (a, b, e) Lectotype, locality 26 (CNHM ZMKJ 50). (c, d, f) Paralectotype, locality 26 (CNHM ZMKJ 51). (g, h) Paratype of A. brusinai, locality 22 (MSU Lc-24598). (i–k) Specimen from Baer collection, locality 26 (ZB-M W.Dyb. 70). (l, m, q) Specimen from Baer collection, locality 26 (ZB-M W.Dyb. 28). (n–p) Specimen from Baer collection, locality 26 (ZB-M W.Dyb. 28). (r, v, w) Specimen from Baer collection, locality 26 (ZB-M W.Dyb. 116). (s–u) Specimen from Baer collection, locality 26 (ZB-M W.Dyb. 70). (x) Specimen from Baer collection, locality 26 (ZB-M W.Dyb. 70). (y) Paratype of H. marina, locality 22 (MSU Lc-24614c). (z, ad) Paratype of H. marina, locality 22 (MSU Lc-24614a). (aa) Paratype of H. marina, locality 22 (MSU Lc-24614b). (ab) Specimen from Baer collection, locality 26 (ZB-M W.Dyb. 70). (ac) Specimen from Baer collection, locality 26 (ZB-M W.Dyb. 28). (ae) Paratype of A. andrusovi, locality 18 (MSU Lc-24601). Scale bar = 1 mm." figureDoi="http://doi.org/10.5281/zenodo.4550152" httpUri="https://zenodo.org/record/4550152/files/figure.png" pageId="10" pageNumber="161">Fig. 2</figureCitation>
ae) is not found among the 
<typeStatus box="[1318,1366,1463,1489]" pageId="10" pageNumber="161">type</typeStatus>
series of Brusina and only few shells in the von Baer collection come close (
<figureCitation box="[945,1029,1498,1525]" captionStart="FIGURE 2" captionStartId="9.[151,250,1721,1745]" captionTargetBox="[324,1262,181,1697]" captionTargetId="figure-17@9.[324,1262,181,1697]" captionTargetPageId="9" captionText="FIGURE 2. Andrusovia dybowskii Brusina in Westerlund, 1903. (a, b, e) Lectotype, locality 26 (CNHM ZMKJ 50). (c, d, f) Paralectotype, locality 26 (CNHM ZMKJ 51). (g, h) Paratype of A. brusinai, locality 22 (MSU Lc-24598). (i–k) Specimen from Baer collection, locality 26 (ZB-M W.Dyb. 70). (l, m, q) Specimen from Baer collection, locality 26 (ZB-M W.Dyb. 28). (n–p) Specimen from Baer collection, locality 26 (ZB-M W.Dyb. 28). (r, v, w) Specimen from Baer collection, locality 26 (ZB-M W.Dyb. 116). (s–u) Specimen from Baer collection, locality 26 (ZB-M W.Dyb. 70). (x) Specimen from Baer collection, locality 26 (ZB-M W.Dyb. 70). (y) Paratype of H. marina, locality 22 (MSU Lc-24614c). (z, ad) Paratype of H. marina, locality 22 (MSU Lc-24614a). (aa) Paratype of H. marina, locality 22 (MSU Lc-24614b). (ab) Specimen from Baer collection, locality 26 (ZB-M W.Dyb. 70). (ac) Specimen from Baer collection, locality 26 (ZB-M W.Dyb. 28). (ae) Paratype of A. andrusovi, locality 18 (MSU Lc-24601). Scale bar = 1 mm." figureDoi="http://doi.org/10.5281/zenodo.4550152" httpUri="https://zenodo.org/record/4550152/files/figure.png" pageId="10" pageNumber="161">Fig. 2x</figureCitation>
). Given the variation in spire height observed among the specimens of 
<taxonomicName authorityName="Brusina" authorityYear="1902" box="[538,681,1534,1561]" class="Kinetofragminophora" family="Corynophryidae" genus="Andrusovia" kingdom="Protozoa" order="Suctorida" pageId="10" pageNumber="161" phylum="Ciliophora" rank="species" species="dybowskii">
<emphasis box="[538,681,1534,1561]" italics="true" pageId="10" pageNumber="161">A. dybowskii</emphasis>
</taxonomicName>
, we consider 
<taxonomicName box="[836,979,1534,1561]" class="Kinetofragminophora" family="Corynophryidae" genus="Andrusovia" kingdom="Protozoa" order="Suctorida" pageId="10" pageNumber="161" phylum="Ciliophora" rank="species" species="andrusovi">
<emphasis box="[836,979,1534,1561]" italics="true" pageId="10" pageNumber="161">A. andrusovi</emphasis>
</taxonomicName>
to range within its variability.
</paragraph>
<paragraph blockId="10.[151,1437,1246,1921]" pageId="10" pageNumber="161">
In addition to variation in spire height, some specimens (particularly the more slender ones) may bear a weak bulge (
<figureCitation box="[227,351,1606,1633]" captionStart="FIGURE 2" captionStartId="9.[151,250,1721,1745]" captionTargetBox="[324,1262,181,1697]" captionTargetId="figure-17@9.[324,1262,181,1697]" captionTargetPageId="9" captionText="FIGURE 2. Andrusovia dybowskii Brusina in Westerlund, 1903. (a, b, e) Lectotype, locality 26 (CNHM ZMKJ 50). (c, d, f) Paralectotype, locality 26 (CNHM ZMKJ 51). (g, h) Paratype of A. brusinai, locality 22 (MSU Lc-24598). (i–k) Specimen from Baer collection, locality 26 (ZB-M W.Dyb. 70). (l, m, q) Specimen from Baer collection, locality 26 (ZB-M W.Dyb. 28). (n–p) Specimen from Baer collection, locality 26 (ZB-M W.Dyb. 28). (r, v, w) Specimen from Baer collection, locality 26 (ZB-M W.Dyb. 116). (s–u) Specimen from Baer collection, locality 26 (ZB-M W.Dyb. 70). (x) Specimen from Baer collection, locality 26 (ZB-M W.Dyb. 70). (y) Paratype of H. marina, locality 22 (MSU Lc-24614c). (z, ad) Paratype of H. marina, locality 22 (MSU Lc-24614a). (aa) Paratype of H. marina, locality 22 (MSU Lc-24614b). (ab) Specimen from Baer collection, locality 26 (ZB-M W.Dyb. 70). (ac) Specimen from Baer collection, locality 26 (ZB-M W.Dyb. 28). (ae) Paratype of A. andrusovi, locality 18 (MSU Lc-24601). Scale bar = 1 mm." figureDoi="http://doi.org/10.5281/zenodo.4550152" httpUri="https://zenodo.org/record/4550152/files/figure.png" pageId="10" pageNumber="161">Fig. 2f, s, z</figureCitation>
) or a distinct keel (
<figureCitation box="[562,663,1606,1633]" captionStart="FIGURE 2" captionStartId="9.[151,250,1721,1745]" captionTargetBox="[324,1262,181,1697]" captionTargetId="figure-17@9.[324,1262,181,1697]" captionTargetPageId="9" captionText="FIGURE 2. Andrusovia dybowskii Brusina in Westerlund, 1903. (a, b, e) Lectotype, locality 26 (CNHM ZMKJ 50). (c, d, f) Paralectotype, locality 26 (CNHM ZMKJ 51). (g, h) Paratype of A. brusinai, locality 22 (MSU Lc-24598). (i–k) Specimen from Baer collection, locality 26 (ZB-M W.Dyb. 70). (l, m, q) Specimen from Baer collection, locality 26 (ZB-M W.Dyb. 28). (n–p) Specimen from Baer collection, locality 26 (ZB-M W.Dyb. 28). (r, v, w) Specimen from Baer collection, locality 26 (ZB-M W.Dyb. 116). (s–u) Specimen from Baer collection, locality 26 (ZB-M W.Dyb. 70). (x) Specimen from Baer collection, locality 26 (ZB-M W.Dyb. 70). (y) Paratype of H. marina, locality 22 (MSU Lc-24614c). (z, ad) Paratype of H. marina, locality 22 (MSU Lc-24614a). (aa) Paratype of H. marina, locality 22 (MSU Lc-24614b). (ab) Specimen from Baer collection, locality 26 (ZB-M W.Dyb. 70). (ac) Specimen from Baer collection, locality 26 (ZB-M W.Dyb. 28). (ae) Paratype of A. andrusovi, locality 18 (MSU Lc-24601). Scale bar = 1 mm." figureDoi="http://doi.org/10.5281/zenodo.4550152" httpUri="https://zenodo.org/record/4550152/files/figure.png" pageId="10" pageNumber="161">Fig. 2l, v</figureCitation>
, aa) surrounding the umbilicus. This trait variability is also seen in the 
<typeStatus box="[151,199,1643,1669]" pageId="10" pageNumber="161">type</typeStatus>
series. Given the overall high morphological variability of 
<taxonomicName authorityName="Brusina" authorityYear="1902" box="[854,996,1642,1669]" class="Kinetofragminophora" family="Corynophryidae" genus="Andrusovia" kingdom="Protozoa" order="Suctorida" pageId="10" pageNumber="161" phylum="Ciliophora" rank="species" species="dybowskii">
<emphasis box="[854,996,1642,1669]" italics="true" pageId="10" pageNumber="161">A. dybowskii</emphasis>
</taxonomicName>
and the variable expression of this trait, we consider it to range with intraspecific variation. If live material of this species could be collected, a molecular study might provide more insights about the systematic significance of this and other traits.
</paragraph>
<paragraph blockId="10.[151,1437,1246,1921]" pageId="10" pageNumber="161">
In summary, we consider all these morphologies to belong to a single polymorphic species, 
<taxonomicName authorityName="Brusina" authorityYear="1902" box="[1282,1429,1750,1777]" class="Kinetofragminophora" family="Corynophryidae" genus="Andrusovia" kingdom="Protozoa" order="Suctorida" pageId="10" pageNumber="161" phylum="Ciliophora" rank="species" species="dybowskii">
<emphasis box="[1282,1429,1750,1777]" italics="true" pageId="10" pageNumber="161">A. dybowskii</emphasis>
</taxonomicName>
, rendering 
<taxonomicName box="[267,412,1786,1813]" class="Kinetofragminophora" family="Corynophryidae" genus="Andrusovia" kingdom="Protozoa" order="Suctorida" pageId="10" pageNumber="161" phylum="Ciliophora" rank="species" species="andrusovi">
<emphasis box="[267,412,1786,1813]" italics="true" pageId="10" pageNumber="161">A. andrusovi</emphasis>
</taxonomicName>
, 
<taxonomicName authorityName="Starobogatov" authorityYear="2000" box="[428,554,1786,1813]" class="Kinetofragminophora" family="Corynophryidae" genus="Andrusovia" kingdom="Protozoa" order="Suctorida" pageId="10" pageNumber="161" phylum="Ciliophora" rank="species" species="brusinai">
<emphasis box="[428,554,1786,1813]" italics="true" pageId="10" pageNumber="161">A. brusinai</emphasis>
</taxonomicName>
and 
<taxonomicName authorityName="Logvinenko &amp; Starobogatov" authorityYear="1969" box="[612,726,1787,1813]" class="Gastropoda" family="Hydrobiidae" genus="Horatia" kingdom="Animalia" order="Littorinimorpha" pageId="10" pageNumber="161" phylum="Mollusca" rank="species" species="marina">
<emphasis box="[612,726,1787,1813]" italics="true" pageId="10" pageNumber="161">A. marina</emphasis>
</taxonomicName>
its junior subjective synonyms. This also makes the subgenus 
<taxonomicName authority="Logvinenko &amp; Starobogatov, 1969" authorityName="Logvinenko &amp; Starobogatov" authorityYear="1969" box="[151,849,1822,1849]" class="Gastropoda" family="Hydrobiidae" genus="Horatia" kingdom="Animalia" order="Littorinimorpha" pageId="10" pageNumber="161" phylum="Mollusca" rank="subGenus" subGenus="Caspiohydrobia">
<emphasis box="[151,240,1823,1848]" italics="true" pageId="10" pageNumber="161">Horatia</emphasis>
(
<emphasis box="[257,436,1822,1848]" italics="true" pageId="10" pageNumber="161">Caspiohydrobia</emphasis>
) 
<bibRefCitation author="Logvinenko, B. M. &amp; Starobogatov, Ya. I." box="[454,849,1822,1849]" pageId="10" pageNumber="161" pagination="308 - 385" refId="ref32049" refString="Logvinenko, B. M. &amp; Starobogatov, Ya. I. (1969 [&quot; 1968 &quot;]) Mollusca. In: Birshtein, Y. A., Vinogradov, L. G., Kondakov, N. N., Kuhn, M. S., Astakhova, T. V. &amp; Romanova, N. N. (Eds.), Atlas bespozvonochnykh Kaspiyskogo morya. Pishchevaya Promyshlennost (Vsesoyuznyi Nauchno-issledovatel'skii Institut Morskogo Rybnogo Khozyaistva i Okeanografii), Moskva, pp. 308 - 385." type="book chapter" year="1969">Logvinenko &amp; Starobogatov, 1969</bibRefCitation>
</taxonomicName>
, with 
<taxonomicName authorityName="Logvinenko &amp; Starobogatov" authorityYear="1969" box="[919,1035,1823,1848]" class="Gastropoda" family="Hydrobiidae" genus="Horatia" kingdom="Animalia" order="Littorinimorpha" pageId="10" pageNumber="161" phylum="Mollusca" rank="species" species="marina">
<emphasis box="[919,1035,1823,1848]" italics="true" pageId="10" pageNumber="161">H. marina</emphasis>
</taxonomicName>
as 
<typeStatus box="[1075,1123,1823,1849]" pageId="10" pageNumber="161">type</typeStatus>
species, a junior subjective synonym of 
<taxonomicName box="[291,420,1858,1884]" class="Kinetofragminophora" family="Corynophryidae" genus="Andrusovia" kingdom="Protozoa" order="Suctorida" pageId="10" pageNumber="161" phylum="Ciliophora" rank="genus">
<emphasis box="[291,420,1858,1884]" italics="true" pageId="10" pageNumber="161">Andrusovia</emphasis>
</taxonomicName>
(see also 
<bibRefCitation author="Anistratenko, V. V. &amp; Anistratenko, O. Yu. &amp; Kadolsky, D." box="[530,806,1858,1885]" pageId="10" pageNumber="161" pagination="35 - 62" refId="ref29151" refString="Anistratenko, V. V., Anistratenko, O. Yu. &amp; Kadolsky, D. (2019) Karl E. von Baer's collection of Caspian Sea molluscs stored in the Zoological Museum of Lviv University, Ukraine. Part 2. Type materials of gastropod species described by Stephan Clessin and Wladyslaw Dybowski in 1887 - 1888. Archiv fur Molluskenkunde, 148 (1), 35 - 62. https: // doi. org / 10.1127 / arch. moll / 148 / 035 - 062" type="journal article" year="2019">
Anistratenko 
<emphasis box="[682,731,1858,1884]" italics="true" pageId="10" pageNumber="161">et al</emphasis>
. 2019
</bibRefCitation>
).
</paragraph>
</subSubSection>
<subSubSection box="[199,1421,1894,1921]" pageId="10" pageNumber="161" type="distribution">
<paragraph blockId="10.[151,1437,1246,1921]" box="[199,1421,1894,1921]" pageId="10" pageNumber="161">
<emphasis bold="true" box="[199,346,1894,1920]" pageId="10" pageNumber="161">Distribution.</emphasis>
Endemic to the Caspian Sea, found in the Middle and South basins at depths between 34 and 
<specimenCount box="[1346,1421,1895,1921]" pageId="10" pageNumber="161" type="generic">
<quantity box="[1346,1417,1895,1921]" metricMagnitude="2" metricUnit="m" metricValue="3.11" pageId="10" pageNumber="161" unit="m" value="311.0">311 m</quantity>
.
</specimenCount>
</paragraph>
</subSubSection>
</treatment>
</document>