<document ID-DOI="http://doi.org/10.5281/zenodo.4671588" ID-GBIF-Dataset="9bcb7dd2-d3b9-4fbd-9912-6e44b3dea144" ID-ISSN="1175-5326" ID-Zenodo-Dep="4671588" ID-ZooBank="6D19FD36-64CB-4AF0-8ED6-49E9DE07233F" checkinTime="1617870209172" checkinUser="plazi" docAuthor="Vo, Van Quang, Ho, Hsuan-Ching, Dao, Ha Viet &amp; Tran, Hoa Hong Thi" docDate="2021" docId="03D66E0179744E7028F5F893FE5BF804" docLanguage="en" docName="zootaxa.4952.1.11.pdf" docOrigin="Zootaxa 4952 (1)" docStyle="DocumentStyle:647186512141C8FC8976D5BCC54AEB7D.6:Zootaxa.2013.journal_article" docStyleId="647186512141C8FC8976D5BCC54AEB7D" docStyleName="Zootaxa.2013.journal_article" docStyleVersion="6" docTitle="Meadia roseni Mok, Lee &amp; Chan 1991" docType="treatment" docVersion="6" lastPageId="8" lastPageNumber="189" masterDocId="FFEF167979724E782862FFC7FFA6FFDB" masterDocTitle="A new arrowtooth eel of genus Meadia (Synaphobranchidae: Ilyophinae) from Vietnam, South China Sea" masterLastPageNumber="191" masterPageNumber="181" pageId="6" pageNumber="187" updateTime="1618410579823" updateUser="ExternalLinkService" zenodo-license-document="CLOSED">
<mods:mods xmlns:mods="http://www.loc.gov/mods/v3">
<mods:titleInfo>
<mods:title>A new arrowtooth eel of genus Meadia (Synaphobranchidae: Ilyophinae) from Vietnam, South China Sea</mods:title>
</mods:titleInfo>
<mods:name type="personal">
<mods:role>
<mods:roleTerm>Author</mods:roleTerm>
</mods:role>
<mods:namePart>Vo, Van Quang</mods:namePart>
<mods:affiliation>Institute of Oceanography, Vietnam Academy of Science and Technology, Vietnam &amp; Graduate University of Science and Technology, Vietnam Academy of Science and Technology, Vietnam.</mods:affiliation>
</mods:name>
<mods:name type="personal">
<mods:role>
<mods:roleTerm>Author</mods:roleTerm>
</mods:role>
<mods:namePart>Ho, Hsuan-Ching</mods:namePart>
<mods:affiliation>National Museum of Marine Biology &amp; Aquarium, Pingtung, Taiwan &amp; Institute of Marine Biology &amp; Aquarium, National Dong Hwa University, Pingtung campus, Taiwan</mods:affiliation>
</mods:name>
<mods:name type="personal">
<mods:role>
<mods:roleTerm>Author</mods:roleTerm>
</mods:role>
<mods:namePart>Dao, Ha Viet</mods:namePart>
<mods:affiliation>Institute of Oceanography, Vietnam Academy of Science and Technology, Vietnam</mods:affiliation>
</mods:name>
<mods:name type="personal">
<mods:role>
<mods:roleTerm>Author</mods:roleTerm>
</mods:role>
<mods:namePart>Tran, Hoa Hong Thi</mods:namePart>
<mods:affiliation>Institute of Oceanography, Vietnam Academy of Science and Technology, Vietnam</mods:affiliation>
</mods:name>
<mods:typeOfResource>text</mods:typeOfResource>
<mods:relatedItem type="host">
<mods:titleInfo>
<mods:title>Zootaxa</mods:title>
</mods:titleInfo>
<mods:part>
<mods:date>2021</mods:date>
<mods:detail type="pubDate">
<mods:number>2021-04-08</mods:number>
</mods:detail>
<mods:detail type="volume">
<mods:number>4952</mods:number>
</mods:detail>
<mods:detail type="issue">
<mods:number>1</mods:number>
</mods:detail>
<mods:extent unit="page">
<mods:start>181</mods:start>
<mods:end>191</mods:end>
</mods:extent>
</mods:part>
</mods:relatedItem>
<mods:classification>journal article</mods:classification>
<mods:identifier type="DOI">https://doi.org/10.11646/zootaxa.4952.1.11</mods:identifier>
<mods:identifier type="GBIF-Dataset">9bcb7dd2-d3b9-4fbd-9912-6e44b3dea144</mods:identifier>
<mods:identifier type="ISSN">1175-5326</mods:identifier>
<mods:identifier type="Zenodo-Dep">4671590</mods:identifier>
<mods:identifier type="ZooBank">6D19FD36-64CB-4AF0-8ED6-49E9DE07233F</mods:identifier>
</mods:mods>
<treatment ID-DOI="http://doi.org/10.5281/zenodo.4671588" ID-Zenodo-Dep="4671588" LSID="urn:lsid:plazi:treatment:03D66E0179744E7028F5F893FE5BF804" httpUri="http://treatment.plazi.org/id/03D66E0179744E7028F5F893FE5BF804" lastPageId="8" lastPageNumber="189" pageId="6" pageNumber="187">
<subSubSection box="[151,632,1876,1903]" pageId="6" pageNumber="187" type="nomenclature">
<paragraph blockId="6.[151,632,1876,1939]" box="[151,632,1876,1903]" pageId="6" pageNumber="187">
<heading bold="true" box="[151,632,1876,1903]" fontSize="11" level="1" pageId="6" pageNumber="187" reason="1">
<taxonomicName authority="Mok, Lee &amp; Chan, 1991" authorityName="Mok, Lee &amp; Chan" authorityYear="1991" box="[151,632,1876,1903]" class="Actinopterygii" family="Synaphobranchidae" genus="Meadia" kingdom="Animalia" order="Anguilliformes" pageId="6" pageNumber="187" phylum="Chordata" rank="species" species="roseni">
<emphasis bold="true" box="[151,632,1876,1903]" pageId="6" pageNumber="187">
<emphasis bold="true" box="[151,325,1876,1903]" italics="true" pageId="6" pageNumber="187">Meadia roseni</emphasis>
<bibRefCitation author="Mok, H. K. &amp; Lee, C. Y. &amp; Chan, H. J." box="[332,632,1876,1903]" pageId="6" pageNumber="187" pagination="39 - 45" refId="ref6644" refString="Mok, H. K., Lee, C. Y. &amp; Chan, H. J. (1991) Meadia roseni, a new synaphobranchid eel from the coast of Taiwan (Anguilloidea: Synaphobranchidae). Bulletin of Marine Science, 48 (1), 39 - 45." type="journal article" year="1991">Mok, Lee &amp; Chan, 1991</bibRefCitation>
</emphasis>
</taxonomicName>
</heading>
</paragraph>
</subSubSection>
<subSubSection box="[151,437,1912,1939]" pageId="6" pageNumber="187" type="description">
<paragraph blockId="6.[151,632,1876,1939]" box="[151,437,1912,1939]" pageId="6" pageNumber="187">
<figureCitation box="[151,248,1913,1939]" captionStart="FIGURE 3" captionStartId="5.[151,250,1942,1966]" captionTargetBox="[151,1436,273,1919]" captionTargetId="figure-69@5.[151,1436,273,1919]" captionTargetPageId="5" captionText="FIGURE 3. A. Meadia abyssalis, NMMB-P24798, 575 mm TL, photo by H.-C. Ho. B. Meadia roseni, NMMB-P29943, 723 mm TL, photo by K. Koeda." figureDoi="http://doi.org/10.5281/zenodo.4671596" httpUri="https://zenodo.org/record/4671596/files/figure.png" pageId="6" pageNumber="187">Figs. 3B</figureCitation>
, 
<figureCitation box="[260,295,1913,1939]" captionStart="FIGURE 4" captionStartId="6.[151,250,1338,1362]" captionTargetBox="[251,1360,188,1295]" captionTargetId="figure-19@6.[227,1360,181,1314]" captionTargetPageId="6" captionText="FIGURE 4. Close-up of head and trunk region. A. Meadia abyssalis, NMMB-P26380, 256 mm TL, left-right reversed. B. Meadia roseni, NMMB-P25976, 429 mm TL. C. Meadia minor sp. nov., from holotype. Arrows point to dorsal-fin origin (D), anal-fin origin (A) and gill opening (GO). Not to scale." figureDoi="http://doi.org/10.5281/zenodo.4671598" httpUri="https://zenodo.org/record/4671598/files/figure.png" pageId="6" pageNumber="187">4B</figureCitation>
, 
<figureCitation box="[307,342,1912,1939]" captionStart="FIGURE 5" captionStartId="7.[151,250,1652,1676]" captionTargetBox="[215,1372,525,1608]" captionTargetId="figure-175@7.[215,1372,525,1629]" captionTargetPageId="7" captionText="FIGURE 5. Posterior portion of tail showing the coloration of fins. A. Meadia abyssalis, NMMB-P15513, 336 mm SL, leftright reversed. B. Meadia roseni, NMMB-P25976, 429 mm TL. C. Meadia minor sp. nov., from holotype. Not to scale.Anterior to left." figureDoi="http://doi.org/10.5281/zenodo.4671600" httpUri="https://zenodo.org/record/4671600/files/figure.png" pageId="6" pageNumber="187">5B</figureCitation>
; 
<tableCitation box="[354,437,1913,1939]" captionStart="TABLE 1" captionStartId="8.[151,239,440,464]" captionTargetPageId="8" captionText="TABLE 1. Morphometric and meristic data of three Meadia species." pageId="6" pageNumber="187">Table 1</tableCitation>
</paragraph>
</subSubSection>
<subSubSection pageId="6" pageNumber="187" type="materials_examined">
<paragraph blockId="6.[151,1436,1981,2036]" pageId="6" pageNumber="187">
<treatmentCitationGroup pageId="6" pageNumber="187">
<treatmentCitation author="Mok, H. K. &amp; Lee, C. Y. &amp; Chan, H. J." box="[151,571,1981,2005]" page="39" pageId="6" pageNumber="187" year="1991">
<taxonomicName authority="Mok, Lee &amp; Chan, 1991: 39" authorityName="Mok, Lee &amp; Chan" authorityPageNumber="39" authorityYear="1991" box="[151,571,1981,2005]" class="Actinopterygii" family="Synaphobranchidae" genus="Meadia" kingdom="Animalia" order="Anguilliformes" pageId="6" pageNumber="187" phylum="Chordata" rank="species" species="roseni">
<emphasis box="[151,294,1981,2005]" italics="true" pageId="6" pageNumber="187">Meadia roseni</emphasis>
<bibRefCitation author="Mok, H. K. &amp; Lee, C. Y. &amp; Chan, H. J." box="[299,571,1981,2005]" pageId="6" pageNumber="187" pagination="39 - 45" refId="ref6644" refString="Mok, H. K., Lee, C. Y. &amp; Chan, H. J. (1991) Meadia roseni, a new synaphobranchid eel from the coast of Taiwan (Anguilloidea: Synaphobranchidae). Bulletin of Marine Science, 48 (1), 39 - 45." type="journal article" year="1991">Mok, Lee &amp; Chan, 1991:39</bibRefCitation>
</taxonomicName>
</treatmentCitation>
, figs. 1–3 (
<typeStatus box="[675,720,1981,2005]" pageId="6" pageNumber="187">type</typeStatus>
locality: off Tongkang [Dong-gang], southwestern 
<collectingCountry box="[1226,1303,1981,2005]" name="Taiwan" pageId="6" pageNumber="187">Taiwan</collectingCountry>
, 
<geoCoordinate box="[1310,1432,1981,2005]" degrees="22" direction="north" minutes="21" orientation="latitude" pageId="6" pageNumber="187" precision="15" seconds="05" value="22.351389">22°21'05&quot;N</geoCoordinate>
, 
<geoCoordinate box="[199,330,2012,2036]" degrees="120" direction="east" minutes="12" orientation="longitude" pageId="6" pageNumber="187" precision="15" seconds="46" value="120.212776">120°12'46&quot;E</geoCoordinate>
, depth 
<quantity box="[404,484,2012,2036]" metricMagnitude="3" metricUnit="m" metricValue="1.02" pageId="6" pageNumber="187" unit="m" value="1020.0">1020 m</quantity>
). 
<treatmentCitation author="Ho, H. - C. &amp; Shao, K. - T." box="[501,714,2012,2036]" page="22" pageId="6" pageNumber="187" year="2011">
<bibRefCitation author="Ho, H. - C. &amp; Shao, K. - T." box="[501,714,2012,2036]" pageId="6" pageNumber="187" pagination="1 - 74" refId="ref6193" refString="Ho, H. - C. &amp; Shao, K. - T. (2011) Annotated checklist and type catalog of fish genera and species described from Taiwan. Zootaxa, 2957 (1), 1 - 74. https: // doi. org / 10.11646 / zootaxa. 2957.1.1" type="journal article" year="2011">Ho &amp; Shao, 2011:22</bibRefCitation>
</treatmentCitation>
. 
<treatmentCitation author="Ho, H. - C. &amp; Smith, D. G. &amp; McCosker, J. E. &amp; Hibino, Y. &amp; Loh, K. - H. &amp; Tighe, K. A. &amp; Shao, K. - T." box="[723,935,2012,2036]" httpUri="http://treatment.plazi.org/id/03E987BEFFA9BA40BDDAFBECAC1F1D2F" page="179" pageId="6" pageNumber="187" year="2015">
<bibRefCitation author="Ho, H. - C. &amp; Smith, D. G. &amp; McCosker, J. E. &amp; Hibino, Y. &amp; Loh, K. - H. &amp; Tighe, K. A. &amp; Shao, K. - T." box="[723,935,2012,2036]" pageId="6" pageNumber="187" pagination="140 - 189" refId="ref6526" refString="Ho, H. - C., Smith, D. G., McCosker, J. E., Hibino, Y., Loh, K. - H., Tighe, K. A. &amp; Shao, K. - T. (2015 b) Annotated checklist of eels (orders Anguilliformes and Saccopharyngiformes) from Taiwan. Zootaxa, 4060 (1), 140 - 189. https: // doi. org / 10.11646 / zootaxa. 4060.1.16" type="journal article" year="2015">
Ho 
<emphasis box="[760,811,2012,2036]" italics="true" pageId="6" pageNumber="187">et al.</emphasis>
, 2015b:179
</bibRefCitation>
</treatmentCitation>
. 
<treatmentCitation author="Ho, H. - C. &amp; McCosker, J. E. &amp; Smith, D. G. &amp; Shao, K. - T." box="[945,1130,2012,2036]" httpUri="http://treatment.plazi.org/id/03E987BEFFA9BA40BDDAFBECAC1F1D2F" page="8" pageId="6" pageNumber="187" year="2015">
<bibRefCitation author="Ho, H. - C. &amp; McCosker, J. E. &amp; Smith, D. G. &amp; Shao, K. - T." box="[945,1130,2012,2036]" pageId="6" pageNumber="187" pagination="5 - 18" refId="ref6453" refString="Ho, H. - C., McCosker, J. E., Smith, D. G. &amp; Shao, K. - T. (2015 c) Introduction to the systematics and biodiversity of eels (orders Anguilliformes and Saccopharyngiformes) of Taiwan. Zootaxa, 4060 (1), 5 - 18. https: // doi. org / 10.11646 / zootaxa. 4060.1.3" type="journal article" year="2015">
Ho 
<emphasis box="[982,1033,2012,2036]" italics="true" pageId="6" pageNumber="187">et al.</emphasis>
, 2015c:8
</bibRefCitation>
</treatmentCitation>
.
</treatmentCitationGroup>
</paragraph>
</subSubSection>
<subSubSection lastPageId="8" lastPageNumber="189" pageId="7" pageNumber="188" type="description">
<paragraph blockId="7.[151,1437,186,501]" pageId="7" pageNumber="188">
<emphasis bold="true" box="[151,297,186,212]" pageId="7" pageNumber="188">Description.</emphasis>
Head with a clear hump behind eye. Dorsal-fin origin slightly behind pectoral-fin base. Anal-fin origin about 0.6–0.7 HL behind head. Middle of eye through posterior third of upper jaw. Posterior nostril with low rim and its margin bearing many fringes. Numerous cirri or papillae on snout and chin, gradually becoming scattered on posterior portion of head. Gill opening against lower end of pectoral-fin base (
<figureCitation box="[1028,1126,295,321]" captionStart="FIGURE 3" captionStartId="5.[151,250,1942,1966]" captionTargetBox="[151,1436,273,1919]" captionTargetId="figure-69@5.[151,1436,273,1919]" captionTargetPageId="5" captionText="FIGURE 3. A. Meadia abyssalis, NMMB-P24798, 575 mm TL, photo by H.-C. Ho. B. Meadia roseni, NMMB-P29943, 723 mm TL, photo by K. Koeda." figureDoi="http://doi.org/10.5281/zenodo.4671596" httpUri="https://zenodo.org/record/4671596/files/figure.png" pageId="7" pageNumber="188">Figs. 3B</figureCitation>
, 
<figureCitation box="[1138,1174,295,321]" captionStart="FIGURE 4" captionStartId="6.[151,250,1338,1362]" captionTargetBox="[251,1360,188,1295]" captionTargetId="figure-19@6.[227,1360,181,1314]" captionTargetPageId="6" captionText="FIGURE 4. Close-up of head and trunk region. A. Meadia abyssalis, NMMB-P26380, 256 mm TL, left-right reversed. B. Meadia roseni, NMMB-P25976, 429 mm TL. C. Meadia minor sp. nov., from holotype. Arrows point to dorsal-fin origin (D), anal-fin origin (A) and gill opening (GO). Not to scale." figureDoi="http://doi.org/10.5281/zenodo.4671598" httpUri="https://zenodo.org/record/4671598/files/figure.png" pageId="7" pageNumber="188">4B</figureCitation>
).
</paragraph>
<paragraph blockId="7.[151,1437,186,501]" pageId="7" pageNumber="188">Head pores: SO 1 (ethmoid) + 3, 3 at tip of snout and the fourth above upper margin of eye; IO 6, 1 (adnasal) at posterodorsal corner of anterior nostril, 2 between nostrils and 2 below eye, the sixth above posterior end of rictus; F 0; POM 10 or 11 (mainly 11), the penultimate pore 0.5–1 eye diameter behind rictus and the last 1.5–2 eye diameter behind rictus. ST 0. Lateral-line pores: head 9 or 10; PDLL 14 or 15; PAL 30–32. Numbers of dorsal-fin rays before anal-fin origin 37–46.</paragraph>
<caption ID-DOI="http://doi.org/10.5281/zenodo.4671600" ID-Zenodo-Dep="4671600" httpUri="https://zenodo.org/record/4671600/files/figure.png" pageId="7" pageNumber="188" startId="7.[151,250,1652,1676]" targetBox="[215,1372,525,1608]" targetPageId="7">
<paragraph blockId="7.[151,1436,1652,1748]" pageId="7" pageNumber="188">
<emphasis bold="true" box="[151,276,1652,1677]" pageId="7" pageNumber="188">FIGURE 5.</emphasis>
Posterior portion of tail showing the coloration of fins. A. 
<taxonomicName baseAuthorityName="Kamohara" baseAuthorityYear="1938" box="[886,1064,1652,1676]" class="Actinopterygii" family="Synaphobranchidae" genus="Meadia" kingdom="Animalia" order="Anguilliformes" pageId="7" pageNumber="188" phylum="Chordata" rank="species" species="abyssalis">
<emphasis box="[886,1064,1652,1676]" italics="true" pageId="7" pageNumber="188">Meadia abyssalis</emphasis>
</taxonomicName>
, NMMB-P15513, 336 mm SL, leftright reversed. B. 
<taxonomicName authorityName="Mok, Lee &amp; Chan" authorityYear="1991" box="[331,476,1688,1712]" class="Actinopterygii" family="Synaphobranchidae" genus="Meadia" kingdom="Animalia" order="Anguilliformes" pageId="7" pageNumber="188" phylum="Chordata" rank="species" species="roseni">
<emphasis box="[331,476,1688,1712]" italics="true" pageId="7" pageNumber="188">Meadia roseni</emphasis>
</taxonomicName>
, NMMB-P25976, 429 mm TL. C. 
<taxonomicName authority="Vo &amp; Ho &amp; Dao &amp; Tran, 2021" authorityName="Vo &amp; Ho &amp; Dao &amp; Tran" authorityYear="2021" box="[825,969,1688,1712]" class="Actinopterygii" family="Synaphobranchidae" genus="Meadia" kingdom="Animalia" order="Anguilliformes" pageId="7" pageNumber="188" phylum="Chordata" rank="species" species="minor" status="sp. nov.">
<emphasis box="[825,969,1688,1712]" italics="true" pageId="7" pageNumber="188">Meadia minor</emphasis>
</taxonomicName>
<emphasis bold="true" box="[974,1053,1689,1713]" pageId="7" pageNumber="188">
<taxonomicNameLabel box="[974,1053,1689,1713]" pageId="7" pageNumber="188" rank="species">sp. nov.</taxonomicNameLabel>
</emphasis>
, from holotype. Not to scale. Anterior to left.
</paragraph>
</caption>
<paragraph blockId="7.[151,1437,1866,2037]" box="[199,1147,1866,1893]" pageId="7" pageNumber="188">Vertebrae: PDV 15–16, PAV 31–35, PCV 62–65, TV 200–204, and MVF 16-32-202.</paragraph>
<paragraph blockId="7.[151,1437,1866,2037]" lastBlockId="8.[151,1436,151,393]" lastPageId="8" lastPageNumber="189" pageId="7" pageNumber="188">Tooth pattern: an oval patch of 14–20 moderately large, stout teeth on intermaxillary; followed by a long patch of various-sized teeth on vomer, which has about 11–15 enlarged and stout teeth, most teeth with a cutting edge, followed by 4–7 much smaller stout teeth posteriorly. Maxilla with a long band of about 4 rows of pointed teeth, those on outer row smallest, those on inner rows gradually larger. Lower jaw with about 4 rows of stout teeth anteriorly, gradually becoming 2 rows posteriorly, those on outer row smallest, those on inner row gradually becoming larger, most teeth with a cutting edge at tip.</paragraph>
<paragraph blockId="8.[151,1436,151,393]" pageId="8" pageNumber="189">
<emphasis box="[199,330,223,249]" italics="true" pageId="8" pageNumber="189">Coloration.</emphasis>
In both fresh and preserved specimen, body uniformly grayish brown to dark brown, generally darker than that of 
<taxonomicName baseAuthorityName="Kamohara" baseAuthorityYear="1938" box="[369,504,259,285]" class="Actinopterygii" family="Synaphobranchidae" genus="Meadia" kingdom="Animalia" order="Anguilliformes" pageId="8" pageNumber="189" phylum="Chordata" rank="species" species="abyssalis">
<emphasis box="[369,504,259,285]" italics="true" pageId="8" pageNumber="189">M abyssalis</emphasis>
</taxonomicName>
. Anterior portion of dorsal and anal fin (about half of the fin) grayish brown with broad pale margin, gradually becoming darker and the margins becoming narrower, darkened at about one head length from posterior end; caudal fin black (
<figureCitation box="[656,756,331,357]" captionStart="FIGURE 3" captionStartId="5.[151,250,1942,1966]" captionTargetBox="[151,1436,273,1919]" captionTargetId="figure-69@5.[151,1436,273,1919]" captionTargetPageId="5" captionText="FIGURE 3. A. Meadia abyssalis, NMMB-P24798, 575 mm TL, photo by H.-C. Ho. B. Meadia roseni, NMMB-P29943, 723 mm TL, photo by K. Koeda." figureDoi="http://doi.org/10.5281/zenodo.4671596" httpUri="https://zenodo.org/record/4671596/files/figure.png" pageId="8" pageNumber="189">Figs. 3B</figureCitation>
, 
<figureCitation box="[770,804,331,357]" captionStart="FIGURE 4" captionStartId="6.[151,250,1338,1362]" captionTargetBox="[251,1360,188,1295]" captionTargetId="figure-19@6.[227,1360,181,1314]" captionTargetPageId="6" captionText="FIGURE 4. Close-up of head and trunk region. A. Meadia abyssalis, NMMB-P26380, 256 mm TL, left-right reversed. B. Meadia roseni, NMMB-P25976, 429 mm TL. C. Meadia minor sp. nov., from holotype. Arrows point to dorsal-fin origin (D), anal-fin origin (A) and gill opening (GO). Not to scale." figureDoi="http://doi.org/10.5281/zenodo.4671598" httpUri="https://zenodo.org/record/4671598/files/figure.png" pageId="8" pageNumber="189">4B</figureCitation>
, 
<figureCitation box="[818,854,330,357]" captionStart="FIGURE 5" captionStartId="7.[151,250,1652,1676]" captionTargetBox="[215,1372,525,1608]" captionTargetId="figure-175@7.[215,1372,525,1629]" captionTargetPageId="7" captionText="FIGURE 5. Posterior portion of tail showing the coloration of fins. A. Meadia abyssalis, NMMB-P15513, 336 mm SL, leftright reversed. B. Meadia roseni, NMMB-P25976, 429 mm TL. C. Meadia minor sp. nov., from holotype. Not to scale.Anterior to left." figureDoi="http://doi.org/10.5281/zenodo.4671600" httpUri="https://zenodo.org/record/4671600/files/figure.png" pageId="8" pageNumber="189">5B</figureCitation>
). Peritoneum pale with black pepper dots, stomach and intestines pale.
</paragraph>
</subSubSection>
<caption box="[151,884,440,464]" pageId="8" pageNumber="189" startId="8.[151,239,440,464]" targetBox="[166,1400,481,1833]" targetIsTable="true" targetPageId="8">
<paragraph blockId="8.[151,884,440,464]" box="[151,884,440,464]" pageId="8" pageNumber="189">
<emphasis bold="true" box="[151,266,440,464]" pageId="8" pageNumber="189">TABLE 1.</emphasis>
Morphometric and meristic data of three 
<taxonomicName box="[711,792,440,464]" class="Actinopterygii" family="Synaphobranchidae" genus="Meadia" kingdom="Animalia" order="Anguilliformes" pageId="8" pageNumber="189" phylum="Chordata" rank="genus">
<emphasis box="[711,792,440,464]" italics="true" pageId="8" pageNumber="189">Meadia</emphasis>
</taxonomicName>
species.
</paragraph>
</caption>
<paragraph pageId="8" pageNumber="189">
<table box="[166,1400,481,1833]" gridcols="6" gridrows="34" pageId="8" pageNumber="189">
<tr box="[166,1400,481,505]" gridrow="0" pageId="8" pageNumber="189" rowspan-0="1" rowspan-1="1" rowspan-3="1">
<td box="[608,853,481,505]" gridcol="2" gridrow="0" pageId="8" pageNumber="189">
<taxonomicName authority="Vo &amp; Ho &amp; Dao &amp; Tran, 2021" authorityName="Vo &amp; Ho &amp; Dao &amp; Tran" authorityYear="2021" box="[608,703,481,504]" class="Actinopterygii" family="Synaphobranchidae" genus="Meadia" kingdom="Animalia" order="Anguilliformes" pageId="8" pageNumber="189" phylum="Chordata" rank="species" species="minor" status="sp. nov.">
<emphasis box="[608,703,481,504]" italics="true" pageId="8" pageNumber="189">M. minor</emphasis>
</taxonomicName>
<emphasis bold="true" box="[709,789,481,505]" pageId="8" pageNumber="189">
<taxonomicNameLabel box="[709,789,481,505]" pageId="8" pageNumber="189" rank="species">sp. nov.</taxonomicNameLabel>
</emphasis>
</td>
<td box="[984,1153,481,505]" gridcol="4" gridrow="0" pageId="8" pageNumber="189">
<taxonomicName baseAuthorityName="Kamohara" baseAuthorityYear="1938" box="[1006,1132,481,505]" class="Actinopterygii" family="Synaphobranchidae" genus="Meadia" kingdom="Animalia" order="Anguilliformes" pageId="8" pageNumber="189" phylum="Chordata" rank="species" species="abyssalis">
<emphasis box="[1006,1132,481,505]" italics="true" pageId="8" pageNumber="189">M. abyssalis</emphasis>
</taxonomicName>
</td>
<td box="[1231,1400,481,505]" gridcol="5" gridrow="0" pageId="8" pageNumber="189">
<taxonomicName authorityName="Mok, Lee &amp; Chan" authorityYear="1991" box="[1268,1363,481,504]" class="Actinopterygii" family="Synaphobranchidae" genus="Meadia" kingdom="Animalia" order="Anguilliformes" pageId="8" pageNumber="189" phylum="Chordata" rank="species" species="roseni">
<emphasis box="[1268,1363,481,504]" italics="true" pageId="8" pageNumber="189">M. roseni</emphasis>
</taxonomicName>
</td>
</tr>
<tr box="[166,1400,521,545]" gridrow="1" pageId="8" pageNumber="189" rowspan-0="1" rowspan-3="1">
<td box="[484,578,521,545]" gridcol="1" gridrow="1" pageId="8" pageNumber="189">Holotype</td>
<td box="[608,853,521,545]" gridcol="2" gridrow="1" pageId="8" pageNumber="189">Types</td>
<td box="[984,1153,521,545]" gridcol="4" gridrow="1" pageId="8" pageNumber="189">Non-types</td>
<td box="[1231,1400,521,545]" gridcol="5" gridrow="1" pageId="8" pageNumber="189">Non-types</td>
</tr>
<tr box="[166,1400,561,585]" gridrow="2" pageId="8" pageNumber="189" rowspan-3="1">
<td box="[166,372,561,585]" gridcol="0" gridrow="2" pageId="8" pageNumber="189">Total length (mm)</td>
<td box="[484,578,561,585]" gridcol="1" gridrow="2" pageId="8" pageNumber="189">307</td>
<td box="[608,853,561,585]" gridcol="2" gridrow="2" pageId="8" pageNumber="189">273–330 (n=8)</td>
<td box="[984,1153,561,585]" gridcol="4" gridrow="2" pageId="8" pageNumber="189">256–595 (n=4)</td>
<td box="[1231,1400,561,585]" gridcol="5" gridrow="2" pageId="8" pageNumber="189">323–575 (n=4)</td>
</tr>
<tr box="[166,1400,601,626]" gridrow="3" pageId="8" pageNumber="189" rowspan-1="1">
<td box="[166,372,601,626]" gridcol="0" gridrow="3" pageId="8" pageNumber="189">Proportions (% TL)</td>
<td box="[608,853,601,626]" gridcol="2" gridrow="3" pageId="8" pageNumber="189">Mean (range)</td>
<td box="[885,918,601,626]" gridcol="3" gridrow="3" pageId="8" pageNumber="189">SD</td>
<td box="[984,1153,601,626]" gridcol="4" gridrow="3" pageId="8" pageNumber="189">Mean (range)</td>
<td box="[1231,1400,601,626]" gridcol="5" gridrow="3" pageId="8" pageNumber="189">Mean (range)</td>
</tr>
<tr box="[166,1400,642,666]" gridrow="4" pageId="8" pageNumber="189">
<td box="[166,372,642,666]" gridcol="0" gridrow="4" pageId="8" pageNumber="189">Head length (HL)</td>
<td box="[484,578,642,666]" gridcol="1" gridrow="4" pageId="8" pageNumber="189">11.4</td>
<td box="[608,853,642,666]" gridcol="2" gridrow="4" pageId="8" pageNumber="189">11.0 (10.6–11.4)</td>
<td box="[885,918,642,666]" gridcol="3" gridrow="4" pageId="8" pageNumber="189">0.3</td>
<td box="[984,1153,642,666]" gridcol="4" gridrow="4" pageId="8" pageNumber="189">11.3 (10.3–12.0)</td>
<td box="[1231,1400,642,666]" gridcol="5" gridrow="4" pageId="8" pageNumber="189">13.9 (13.6–14.3)</td>
</tr>
<tr box="[166,1400,682,706]" gridrow="5" pageId="8" pageNumber="189">
<td box="[166,372,682,706]" gridcol="0" gridrow="5" pageId="8" pageNumber="189">Preanal length</td>
<td box="[484,578,682,706]" gridcol="1" gridrow="5" pageId="8" pageNumber="189">33.9</td>
<td box="[608,853,682,706]" gridcol="2" gridrow="5" pageId="8" pageNumber="189">33.4 (32.1–35.6)</td>
<td box="[885,918,682,706]" gridcol="3" gridrow="5" pageId="8" pageNumber="189">1.1</td>
<td box="[984,1153,682,706]" gridcol="4" gridrow="5" pageId="8" pageNumber="189">17.2 (15.5–18.2)</td>
<td box="[1231,1400,682,706]" gridcol="5" gridrow="5" pageId="8" pageNumber="189">22.8 (22.0–23.5)</td>
</tr>
<tr box="[166,1400,722,746]" gridrow="6" pageId="8" pageNumber="189">
<td box="[166,372,722,746]" gridcol="0" gridrow="6" pageId="8" pageNumber="189">Predorsal length</td>
<td box="[484,578,722,746]" gridcol="1" gridrow="6" pageId="8" pageNumber="189">11.9</td>
<td box="[608,853,722,746]" gridcol="2" gridrow="6" pageId="8" pageNumber="189">11.6 (11.1–12.0)</td>
<td box="[885,918,722,746]" gridcol="3" gridrow="6" pageId="8" pageNumber="189">0.3</td>
<td box="[984,1153,722,746]" gridcol="4" gridrow="6" pageId="8" pageNumber="189">12.7 (11.4–13.8)</td>
<td box="[1231,1400,722,746]" gridcol="5" gridrow="6" pageId="8" pageNumber="189">15.6 (15.4–15.9)</td>
</tr>
<tr box="[166,1400,762,787]" gridrow="7" pageId="8" pageNumber="189">
<td box="[166,372,762,787]" gridcol="0" gridrow="7" pageId="8" pageNumber="189">Trunk length</td>
<td box="[484,578,762,787]" gridcol="1" gridrow="7" pageId="8" pageNumber="189">22.4</td>
<td box="[608,853,762,787]" gridcol="2" gridrow="7" pageId="8" pageNumber="189">22.4 (21.3–25.0)</td>
<td box="[885,918,762,787]" gridcol="3" gridrow="7" pageId="8" pageNumber="189">1.1</td>
<td box="[984,1153,762,787]" gridcol="4" gridrow="7" pageId="8" pageNumber="189">5.9 (5.3–6.5)</td>
<td box="[1231,1400,762,787]" gridcol="5" gridrow="7" pageId="8" pageNumber="189">8.9 (8.2–9.3)</td>
</tr>
<tr box="[166,1400,802,827]" gridrow="8" pageId="8" pageNumber="189">
<td box="[166,372,802,827]" gridcol="0" gridrow="8" pageId="8" pageNumber="189">Tail length</td>
<td box="[484,578,802,827]" gridcol="1" gridrow="8" pageId="8" pageNumber="189">66.1</td>
<td box="[608,853,802,827]" gridcol="2" gridrow="8" pageId="8" pageNumber="189">66.6 (64.4–67.9)</td>
<td box="[885,918,802,827]" gridcol="3" gridrow="8" pageId="8" pageNumber="189">1.1</td>
<td box="[984,1153,802,827]" gridcol="4" gridrow="8" pageId="8" pageNumber="189">82.8 (81.8–84.5)</td>
<td box="[1231,1400,802,827]" gridcol="5" gridrow="8" pageId="8" pageNumber="189">77.2 (76.5–78.0)</td>
</tr>
<tr box="[166,1400,843,867]" gridrow="9" pageId="8" pageNumber="189">
<td box="[166,372,843,867]" gridcol="0" gridrow="9" pageId="8" pageNumber="189">Body depth</td>
<td box="[484,578,843,867]" gridcol="1" gridrow="9" pageId="8" pageNumber="189">4.1</td>
<td box="[608,853,843,867]" gridcol="2" gridrow="9" pageId="8" pageNumber="189">3.9 (3.6–4.1)</td>
<td box="[885,918,843,867]" gridcol="3" gridrow="9" pageId="8" pageNumber="189">0.2</td>
<td box="[984,1153,843,867]" gridcol="4" gridrow="9" pageId="8" pageNumber="189">5.4 (5.0–6.2)</td>
<td box="[1231,1400,843,867]" gridcol="5" gridrow="9" pageId="8" pageNumber="189">5.4 (4.8–6.0)</td>
</tr>
<tr box="[166,1400,883,907]" gridrow="10" pageId="8" pageNumber="189">
<td box="[166,372,883,907]" gridcol="0" gridrow="10" pageId="8" pageNumber="189">Body width</td>
<td box="[484,578,883,907]" gridcol="1" gridrow="10" pageId="8" pageNumber="189">3.4</td>
<td box="[608,853,883,907]" gridcol="2" gridrow="10" pageId="8" pageNumber="189">3.3 (3.0–3.7)</td>
<td box="[885,918,883,907]" gridcol="3" gridrow="10" pageId="8" pageNumber="189">0.3</td>
<td box="[984,1153,883,907]" gridcol="4" gridrow="10" pageId="8" pageNumber="189">2.6 (2.2–3.0)</td>
<td box="[1231,1400,883,907]" gridcol="5" gridrow="10" pageId="8" pageNumber="189">3.3 (3.1–3.6)</td>
</tr>
<tr box="[166,1400,923,947]" gridrow="11" pageId="8" pageNumber="189">
<td box="[166,1400,923,947]" colspan="6" colspanRight="5" gridcol="0" gridrow="11" pageId="8" pageNumber="189">Proportions (% HL)</td>
</tr>
<tr box="[166,1400,964,988]" gridrow="12" pageId="8" pageNumber="189">
<td box="[166,372,964,988]" gridcol="0" gridrow="12" pageId="8" pageNumber="189">Snout length</td>
<td box="[484,578,964,988]" gridcol="1" gridrow="12" pageId="8" pageNumber="189">21.4</td>
<td box="[608,853,964,988]" gridcol="2" gridrow="12" pageId="8" pageNumber="189">22.7 (21.4–23.7)</td>
<td box="[885,918,964,988]" gridcol="3" gridrow="12" pageId="8" pageNumber="189">0.9</td>
<td box="[984,1153,964,988]" gridcol="4" gridrow="12" pageId="8" pageNumber="189">29.9 (28.4–31.6)</td>
<td box="[1231,1400,964,988]" gridcol="5" gridrow="12" pageId="8" pageNumber="189">29.2 (28.0–31.2)</td>
</tr>
<tr box="[166,1400,1004,1028]" gridrow="13" pageId="8" pageNumber="189">
<td box="[166,372,1004,1028]" gridcol="0" gridrow="13" pageId="8" pageNumber="189">Eye diameter</td>
<td box="[484,578,1004,1028]" gridcol="1" gridrow="13" pageId="8" pageNumber="189">10.8</td>
<td box="[608,853,1004,1028]" gridcol="2" gridrow="13" pageId="8" pageNumber="189">9.9 (8.3–10.9)</td>
<td box="[885,918,1004,1028]" gridcol="3" gridrow="13" pageId="8" pageNumber="189">0.9</td>
<td box="[984,1153,1004,1028]" gridcol="4" gridrow="13" pageId="8" pageNumber="189">12.0 (10.7–14.1)</td>
<td box="[1231,1400,1004,1028]" gridcol="5" gridrow="13" pageId="8" pageNumber="189">9.3 (8.5–9.8)</td>
</tr>
<tr box="[166,1400,1044,1068]" gridrow="14" pageId="8" pageNumber="189">
<td box="[166,372,1044,1068]" gridcol="0" gridrow="14" pageId="8" pageNumber="189">Upper-jaw length</td>
<td box="[484,578,1044,1068]" gridcol="1" gridrow="14" pageId="8" pageNumber="189">41.0</td>
<td box="[608,853,1044,1068]" gridcol="2" gridrow="14" pageId="8" pageNumber="189">39.9 (38.4–41.1)</td>
<td box="[885,918,1044,1068]" gridcol="3" gridrow="14" pageId="8" pageNumber="189">1.0</td>
<td box="[984,1153,1044,1068]" gridcol="4" gridrow="14" pageId="8" pageNumber="189">42.1 (37.8–46.1)</td>
<td box="[1231,1400,1044,1068]" gridcol="5" gridrow="14" pageId="8" pageNumber="189">46.4 (44.3–49.4)</td>
</tr>
<tr box="[166,1400,1084,1108]" gridrow="15" pageId="8" pageNumber="189">
<td box="[166,372,1084,1108]" gridcol="0" gridrow="15" pageId="8" pageNumber="189">Interorbital width</td>
<td box="[484,578,1084,1108]" gridcol="1" gridrow="15" pageId="8" pageNumber="189">21.1</td>
<td box="[608,853,1084,1108]" gridcol="2" gridrow="15" pageId="8" pageNumber="189">21.4 (19.9–22.1)</td>
<td box="[885,918,1084,1108]" gridcol="3" gridrow="15" pageId="8" pageNumber="189">0.7</td>
<td box="[984,1153,1084,1108]" gridcol="4" gridrow="15" pageId="8" pageNumber="189">17.1 (14.4–18.7)</td>
<td box="[1231,1400,1084,1108]" gridcol="5" gridrow="15" pageId="8" pageNumber="189">16.3 (16.0–17.0)</td>
</tr>
<tr box="[166,1400,1124,1149]" gridrow="16" pageId="8" pageNumber="189">
<td box="[166,372,1124,1149]" gridcol="0" gridrow="16" pageId="8" pageNumber="189">Gill-opening width</td>
<td box="[484,578,1124,1149]" gridcol="1" gridrow="16" pageId="8" pageNumber="189">5.4</td>
<td box="[608,853,1124,1149]" gridcol="2" gridrow="16" pageId="8" pageNumber="189">6.2 (5.4–7.0)</td>
<td box="[885,918,1124,1149]" gridcol="3" gridrow="16" pageId="8" pageNumber="189">0.6</td>
<td box="[984,1153,1124,1149]" gridcol="4" gridrow="16" pageId="8" pageNumber="189">8.7 (8.3–9.1)</td>
<td box="[1231,1400,1124,1149]" gridcol="5" gridrow="16" pageId="8" pageNumber="189">9.8 (8.6–10.6)</td>
</tr>
<tr box="[166,1400,1165,1189]" gridrow="17" pageId="8" pageNumber="189">
<td box="[166,372,1165,1189]" gridcol="0" gridrow="17" pageId="8" pageNumber="189">Interbranchial width</td>
<td box="[484,578,1165,1189]" gridcol="1" gridrow="17" pageId="8" pageNumber="189">26.2</td>
<td box="[608,853,1165,1189]" gridcol="2" gridrow="17" pageId="8" pageNumber="189">24.2 (20.7–26.2)</td>
<td box="[885,918,1165,1189]" gridcol="3" gridrow="17" pageId="8" pageNumber="189">1.7</td>
<td box="[984,1153,1165,1189]" gridcol="4" gridrow="17" pageId="8" pageNumber="189">17.1 (16.8–17.2)</td>
<td box="[1231,1400,1165,1189]" gridcol="5" gridrow="17" pageId="8" pageNumber="189">12.0 (11.4–13.1)</td>
</tr>
<tr box="[166,1400,1205,1229]" gridrow="18" pageId="8" pageNumber="189">
<td box="[166,372,1205,1229]" gridcol="0" gridrow="18" pageId="8" pageNumber="189">Pectoral-fin length</td>
<td box="[484,578,1205,1229]" gridcol="1" gridrow="18" pageId="8" pageNumber="189">25.1</td>
<td box="[608,853,1205,1229]" gridcol="2" gridrow="18" pageId="8" pageNumber="189">23.1 (21.1–25.1)</td>
<td box="[885,918,1205,1229]" gridcol="3" gridrow="18" pageId="8" pageNumber="189">1.2</td>
<td box="[984,1153,1205,1229]" gridcol="4" gridrow="18" pageId="8" pageNumber="189">26.1 (21.9–28.7)</td>
<td box="[1231,1400,1205,1229]" gridcol="5" gridrow="18" pageId="8" pageNumber="189">23.0 (21.3–26.8)</td>
</tr>
<tr box="[166,1400,1245,1269]" gridrow="19" pageId="8" pageNumber="189">
<td box="[166,1400,1245,1269]" colspan="6" colspanRight="5" gridcol="0" gridrow="19" pageId="8" pageNumber="189">Meristics</td>
</tr>
<tr box="[166,1400,1286,1310]" gridrow="20" pageId="8" pageNumber="189" rowspan-3="1">
<td box="[166,372,1286,1310]" gridcol="0" gridrow="20" pageId="8" pageNumber="189">SO</td>
<td box="[484,578,1286,1310]" gridcol="1" gridrow="20" pageId="8" pageNumber="189">3</td>
<td box="[608,853,1286,1310]" gridcol="2" gridrow="20" pageId="8" pageNumber="189">3</td>
<td box="[984,1153,1286,1310]" gridcol="4" gridrow="20" pageId="8" pageNumber="189">3</td>
<td box="[1231,1400,1286,1310]" gridcol="5" gridrow="20" pageId="8" pageNumber="189">4</td>
</tr>
<tr box="[166,1400,1326,1350]" gridrow="21" pageId="8" pageNumber="189" rowspan-3="1">
<td box="[166,372,1326,1350]" gridcol="0" gridrow="21" pageId="8" pageNumber="189">IO (including AD)</td>
<td box="[484,578,1326,1350]" gridcol="1" gridrow="21" pageId="8" pageNumber="189">4</td>
<td box="[608,853,1326,1350]" gridcol="2" gridrow="21" pageId="8" pageNumber="189">4</td>
<td box="[984,1153,1326,1350]" gridcol="4" gridrow="21" pageId="8" pageNumber="189">6</td>
<td box="[1231,1400,1326,1350]" gridcol="5" gridrow="21" pageId="8" pageNumber="189">6</td>
</tr>
<tr box="[166,1400,1366,1390]" gridrow="22" pageId="8" pageNumber="189" rowspan-3="1">
<td box="[166,372,1366,1390]" gridcol="0" gridrow="22" pageId="8" pageNumber="189">POM</td>
<td box="[484,578,1366,1390]" gridcol="1" gridrow="22" pageId="8" pageNumber="189">7</td>
<td box="[608,853,1366,1390]" gridcol="2" gridrow="22" pageId="8" pageNumber="189">7</td>
<td box="[984,1153,1366,1390]" gridcol="4" gridrow="22" pageId="8" pageNumber="189">8</td>
<td box="[1231,1400,1366,1390]" gridcol="5" gridrow="22" pageId="8" pageNumber="189">10–11</td>
</tr>
<tr box="[166,1400,1406,1430]" gridrow="23" pageId="8" pageNumber="189" rowspan-3="1">
<td box="[166,372,1406,1430]" gridcol="0" gridrow="23" pageId="8" pageNumber="189">F</td>
<td box="[484,578,1406,1430]" gridcol="1" gridrow="23" pageId="8" pageNumber="189">0</td>
<td box="[608,853,1406,1430]" gridcol="2" gridrow="23" pageId="8" pageNumber="189">0</td>
<td box="[984,1153,1406,1430]" gridcol="4" gridrow="23" pageId="8" pageNumber="189">0</td>
<td box="[1231,1400,1406,1430]" gridcol="5" gridrow="23" pageId="8" pageNumber="189">0</td>
</tr>
<tr box="[166,1400,1447,1471]" gridrow="24" pageId="8" pageNumber="189" rowspan-3="1">
<td box="[166,372,1447,1471]" gridcol="0" gridrow="24" pageId="8" pageNumber="189">ST</td>
<td box="[484,578,1447,1471]" gridcol="1" gridrow="24" pageId="8" pageNumber="189">0</td>
<td box="[608,853,1447,1471]" gridcol="2" gridrow="24" pageId="8" pageNumber="189">0</td>
<td box="[984,1153,1447,1471]" gridcol="4" gridrow="24" pageId="8" pageNumber="189">0</td>
<td box="[1231,1400,1447,1471]" gridcol="5" gridrow="24" pageId="8" pageNumber="189">0</td>
</tr>
<tr box="[166,1400,1487,1511]" gridrow="25" pageId="8" pageNumber="189" rowspan-3="1">
<td box="[166,372,1487,1511]" gridcol="0" gridrow="25" pageId="8" pageNumber="189">HLL</td>
<td box="[484,578,1487,1511]" gridcol="1" gridrow="25" pageId="8" pageNumber="189">2</td>
<td box="[608,853,1487,1511]" gridcol="2" gridrow="25" pageId="8" pageNumber="189">2–3</td>
<td box="[984,1153,1487,1511]" gridcol="4" gridrow="25" pageId="8" pageNumber="189">3–4</td>
<td box="[1231,1400,1487,1511]" gridcol="5" gridrow="25" pageId="8" pageNumber="189">9–10</td>
</tr>
<tr box="[166,1400,1527,1551]" gridrow="26" pageId="8" pageNumber="189" rowspan-3="1">
<td box="[166,372,1527,1551]" gridcol="0" gridrow="26" pageId="8" pageNumber="189">PDLL</td>
<td box="[484,578,1527,1551]" gridcol="1" gridrow="26" pageId="8" pageNumber="189">4</td>
<td box="[608,853,1527,1551]" gridcol="2" gridrow="26" pageId="8" pageNumber="189">3–4</td>
<td box="[984,1153,1527,1551]" gridcol="4" gridrow="26" pageId="8" pageNumber="189">5–6</td>
<td box="[1231,1400,1527,1551]" gridcol="5" gridrow="26" pageId="8" pageNumber="189">14–15</td>
</tr>
<tr box="[166,1400,1567,1591]" gridrow="27" pageId="8" pageNumber="189" rowspan-3="1">
<td box="[166,372,1567,1591]" gridcol="0" gridrow="27" pageId="8" pageNumber="189">PALL</td>
<td box="[484,578,1567,1591]" gridcol="1" gridrow="27" pageId="8" pageNumber="189">39</td>
<td box="[608,853,1567,1591]" gridcol="2" gridrow="27" pageId="8" pageNumber="189">35–41</td>
<td box="[984,1153,1567,1591]" gridcol="4" gridrow="27" pageId="8" pageNumber="189">14–16</td>
<td box="[1231,1400,1567,1591]" gridcol="5" gridrow="27" pageId="8" pageNumber="189">30–32</td>
</tr>
<tr box="[166,1400,1607,1632]" gridrow="28" pageId="8" pageNumber="189" rowspan-3="1">
<td box="[166,372,1607,1632]" gridcol="0" gridrow="28" pageId="8" pageNumber="189">DR-AF</td>
<td box="[484,578,1607,1632]" gridcol="1" gridrow="28" pageId="8" pageNumber="189">86</td>
<td box="[608,853,1607,1632]" gridcol="2" gridrow="28" pageId="8" pageNumber="189">83–100</td>
<td box="[984,1153,1607,1632]" gridcol="4" gridrow="28" pageId="8" pageNumber="189">22–27</td>
<td box="[1231,1400,1607,1632]" gridcol="5" gridrow="28" pageId="8" pageNumber="189">37–46</td>
</tr>
<tr box="[166,1400,1648,1672]" gridrow="29" pageId="8" pageNumber="189" rowspan-3="1">
<td box="[166,372,1648,1672]" gridcol="0" gridrow="29" pageId="8" pageNumber="189">PDV</td>
<td box="[484,578,1648,1672]" gridcol="1" gridrow="29" pageId="8" pageNumber="189">7</td>
<td box="[608,853,1648,1672]" gridcol="2" gridrow="29" pageId="8" pageNumber="189">6–8</td>
<td box="[984,1153,1648,1672]" gridcol="4" gridrow="29" pageId="8" pageNumber="189">10–11</td>
<td box="[1231,1400,1648,1672]" gridcol="5" gridrow="29" pageId="8" pageNumber="189">15–16</td>
</tr>
<tr box="[166,1400,1688,1712]" gridrow="30" pageId="8" pageNumber="189" rowspan-3="1">
<td box="[166,372,1688,1712]" gridcol="0" gridrow="30" pageId="8" pageNumber="189">PAV</td>
<td box="[484,578,1688,1712]" gridcol="1" gridrow="30" pageId="8" pageNumber="189">32</td>
<td box="[608,853,1688,1712]" gridcol="2" gridrow="30" pageId="8" pageNumber="189">32–35</td>
<td box="[984,1153,1688,1712]" gridcol="4" gridrow="30" pageId="8" pageNumber="189">19</td>
<td box="[1231,1400,1688,1712]" gridcol="5" gridrow="30" pageId="8" pageNumber="189">31–35</td>
</tr>
<tr box="[166,1400,1728,1752]" gridrow="31" pageId="8" pageNumber="189" rowspan-3="1">
<td box="[166,372,1728,1752]" gridcol="0" gridrow="31" pageId="8" pageNumber="189">PCV</td>
<td box="[484,578,1728,1752]" gridcol="1" gridrow="31" pageId="8" pageNumber="189">45</td>
<td box="[608,853,1728,1752]" gridcol="2" gridrow="31" pageId="8" pageNumber="189">44–46</td>
<td box="[984,1153,1728,1752]" gridcol="4" gridrow="31" pageId="8" pageNumber="189">55–60</td>
<td box="[1231,1400,1728,1752]" gridcol="5" gridrow="31" pageId="8" pageNumber="189">62–65</td>
</tr>
<tr box="[166,1400,1769,1793]" gridrow="32" pageId="8" pageNumber="189" rowspan-3="1">
<td box="[166,372,1769,1793]" gridcol="0" gridrow="32" pageId="8" pageNumber="189">TV</td>
<td box="[484,578,1769,1793]" gridcol="1" gridrow="32" pageId="8" pageNumber="189">122</td>
<td box="[608,853,1769,1793]" gridcol="2" gridrow="32" pageId="8" pageNumber="189">118–122</td>
<td box="[984,1153,1769,1793]" gridcol="4" gridrow="32" pageId="8" pageNumber="189">174–179</td>
<td box="[1231,1400,1769,1793]" gridcol="5" gridrow="32" pageId="8" pageNumber="189">200–204</td>
</tr>
<tr box="[166,1400,1809,1833]" gridrow="33" pageId="8" pageNumber="189" rowspan-1="1" rowspan-3="1">
<td box="[166,372,1809,1833]" gridcol="0" gridrow="33" pageId="8" pageNumber="189">MVF</td>
<td box="[608,853,1809,1833]" gridcol="2" gridrow="33" pageId="8" pageNumber="189">7-33-121</td>
<td box="[984,1153,1809,1833]" gridcol="4" gridrow="33" pageId="8" pageNumber="189">11-19-176</td>
<td box="[1231,1400,1809,1833]" gridcol="5" gridrow="33" pageId="8" pageNumber="189">16-32-202</td>
</tr>
</table>
</paragraph>
<subSubSection pageId="8" pageNumber="189" type="discussion">
<paragraph blockId="8.[151,1436,1916,2015]" pageId="8" pageNumber="189">
<emphasis bold="true" box="[199,315,1916,1942]" pageId="8" pageNumber="189">Remarks.</emphasis>
The lateral-line pores are more numerous and are rather close to each other in 
<taxonomicName authorityName="Mok, Lee &amp; Chan" authorityYear="1991" box="[1186,1292,1917,1942]" class="Actinopterygii" family="Synaphobranchidae" genus="Meadia" kingdom="Animalia" order="Anguilliformes" pageId="8" pageNumber="189" phylum="Chordata" rank="species" species="roseni">
<emphasis box="[1186,1292,1917,1942]" italics="true" pageId="8" pageNumber="189">M. roseni</emphasis>
</taxonomicName>
compared to the two other congeners. In general, 
<taxonomicName authorityName="Mok, Lee &amp; Chan" authorityYear="1991" box="[558,664,1953,1978]" class="Actinopterygii" family="Synaphobranchidae" genus="Meadia" kingdom="Animalia" order="Anguilliformes" pageId="8" pageNumber="189" phylum="Chordata" rank="species" species="roseni">
<emphasis box="[558,664,1953,1978]" italics="true" pageId="8" pageNumber="189">M. roseni</emphasis>
</taxonomicName>
has more teeth on jaws, intermaxillary, and vomer and a darker body color compared to 
<taxonomicName baseAuthorityName="Kamohara" baseAuthorityYear="1938" box="[362,502,1988,2014]" class="Actinopterygii" family="Synaphobranchidae" genus="Meadia" kingdom="Animalia" order="Anguilliformes" pageId="8" pageNumber="189" phylum="Chordata" rank="species" species="abyssalis">
<emphasis box="[362,502,1988,2014]" italics="true" pageId="8" pageNumber="189">M. abyssalis</emphasis>
</taxonomicName>
.
</paragraph>
</subSubSection>
</treatment>
</document>