<document ID-DOI="http://doi.org/10.5281/zenodo.4671584" ID-GBIF-Dataset="9bcb7dd2-d3b9-4fbd-9912-6e44b3dea144" ID-ISSN="1175-5326" ID-Zenodo-Dep="4671584" ID-ZooBank="6D19FD36-64CB-4AF0-8ED6-49E9DE07233F" _generate="added" checkinTime="1617870209172" checkinUser="plazi" docAuthor="Vo, Van Quang, Ho, Hsuan-Ching, Dao, Ha Viet &amp; Tran, Hoa Hong Thi" docDate="2021" docId="03D66E0179764E7E28F5FB35FE93F8D8" docLanguage="en" docName="zootaxa.4952.1.11.pdf" docOrigin="Zootaxa 4952 (1)" docStyle="DocumentStyle:647186512141C8FC8976D5BCC54AEB7D.6:Zootaxa.2013.journal_article" docStyleId="647186512141C8FC8976D5BCC54AEB7D" docStyleName="Zootaxa.2013.journal_article" docStyleVersion="6" docTitle="Meadia abyssalis" docType="treatment" docVersion="4" lastPageId="6" lastPageNumber="187" masterDocId="FFEF167979724E782862FFC7FFA6FFDB" masterDocTitle="A new arrowtooth eel of genus Meadia (Synaphobranchidae: Ilyophinae) from Vietnam, South China Sea" masterLastPageNumber="191" masterPageNumber="181" pageId="4" pageNumber="185" updateTime="1618340107814" updateUser="ExternalLinkService" zenodo-license-document="CLOSED">
<mods:mods xmlns:mods="http://www.loc.gov/mods/v3">
<mods:titleInfo>
<mods:title>A new arrowtooth eel of genus Meadia (Synaphobranchidae: Ilyophinae) from Vietnam, South China Sea</mods:title>
</mods:titleInfo>
<mods:name type="personal">
<mods:role>
<mods:roleTerm>Author</mods:roleTerm>
</mods:role>
<mods:namePart>Vo, Van Quang</mods:namePart>
<mods:affiliation>Institute of Oceanography, Vietnam Academy of Science and Technology, Vietnam &amp; Graduate University of Science and Technology, Vietnam Academy of Science and Technology, Vietnam.</mods:affiliation>
</mods:name>
<mods:name type="personal">
<mods:role>
<mods:roleTerm>Author</mods:roleTerm>
</mods:role>
<mods:namePart>Ho, Hsuan-Ching</mods:namePart>
<mods:affiliation>National Museum of Marine Biology &amp; Aquarium, Pingtung, Taiwan &amp; Institute of Marine Biology &amp; Aquarium, National Dong Hwa University, Pingtung campus, Taiwan</mods:affiliation>
</mods:name>
<mods:name type="personal">
<mods:role>
<mods:roleTerm>Author</mods:roleTerm>
</mods:role>
<mods:namePart>Dao, Ha Viet</mods:namePart>
<mods:affiliation>Institute of Oceanography, Vietnam Academy of Science and Technology, Vietnam</mods:affiliation>
</mods:name>
<mods:name type="personal">
<mods:role>
<mods:roleTerm>Author</mods:roleTerm>
</mods:role>
<mods:namePart>Tran, Hoa Hong Thi</mods:namePart>
<mods:affiliation>Institute of Oceanography, Vietnam Academy of Science and Technology, Vietnam</mods:affiliation>
</mods:name>
<mods:typeOfResource>text</mods:typeOfResource>
<mods:relatedItem type="host">
<mods:titleInfo>
<mods:title>Zootaxa</mods:title>
</mods:titleInfo>
<mods:part>
<mods:date>2021</mods:date>
<mods:detail type="pubDate">
<mods:number>2021-04-08</mods:number>
</mods:detail>
<mods:detail type="volume">
<mods:number>4952</mods:number>
</mods:detail>
<mods:detail type="issue">
<mods:number>1</mods:number>
</mods:detail>
<mods:extent unit="page">
<mods:start>181</mods:start>
<mods:end>191</mods:end>
</mods:extent>
</mods:part>
</mods:relatedItem>
<mods:classification>journal article</mods:classification>
<mods:identifier type="DOI">https://doi.org/10.11646/zootaxa.4952.1.11</mods:identifier>
<mods:identifier type="GBIF-Dataset">9bcb7dd2-d3b9-4fbd-9912-6e44b3dea144</mods:identifier>
<mods:identifier type="ISSN">1175-5326</mods:identifier>
<mods:identifier type="Zenodo-Dep">4671590</mods:identifier>
<mods:identifier type="ZooBank">6D19FD36-64CB-4AF0-8ED6-49E9DE07233F</mods:identifier>
</mods:mods>
<treatment ID-DOI="http://doi.org/10.5281/zenodo.4671584" ID-Zenodo-Dep="4671584" LSID="urn:lsid:plazi:treatment:03D66E0179764E7E28F5FB35FE93F8D8" httpUri="http://treatment.plazi.org/id/03D66E0179764E7E28F5FB35FE93F8D8" lastPageId="6" lastPageNumber="187" pageId="4" pageNumber="185">
<subSubSection box="[151,593,1266,1293]" pageId="4" pageNumber="185" type="nomenclature">
<paragraph blockId="4.[151,593,1266,1329]" box="[151,593,1266,1293]" pageId="4" pageNumber="185">
<heading bold="true" box="[151,593,1266,1293]" fontSize="11" level="1" pageId="4" pageNumber="185" reason="1">
<taxonomicName authority="(Kamohara, 1938)" baseAuthorityName="Kamohara" baseAuthorityYear="1938" box="[151,593,1266,1293]" class="Actinopterygii" family="Synaphobranchidae" genus="Meadia" kingdom="Animalia" order="Anguilliformes" pageId="4" pageNumber="185" phylum="Chordata" rank="species" species="abyssalis">
<emphasis bold="true" box="[151,593,1266,1293]" pageId="4" pageNumber="185">
<emphasis bold="true" box="[151,358,1266,1293]" italics="true" pageId="4" pageNumber="185">Meadia abyssalis</emphasis>
(
<bibRefCitation author="Kamohara, T." box="[373,584,1266,1292]" pageId="4" pageNumber="185" pagination="1 - 86" refId="ref6615" refString="Kamohara, T. (1938) On the offshore bottom-fishes of Province Tosa, Shikoku, Japan. Maruzen Kobushiki Kaisha, Tokyo, 1 - 86." type="book chapter" year="1938">Kamohara, 1938</bibRefCitation>
)
</emphasis>
</taxonomicName>
</heading>
</paragraph>
</subSubSection>
<subSubSection box="[151,441,1302,1329]" pageId="4" pageNumber="185" type="description">
<paragraph blockId="4.[151,593,1266,1329]" box="[151,441,1302,1329]" pageId="4" pageNumber="185">
<figureCitation box="[151,250,1302,1328]" captionStart="FIGURE 3" captionStartId="5.[151,250,1942,1966]" captionTargetBox="[151,1436,273,1919]" captionTargetId="figure-69@5.[151,1436,273,1919]" captionTargetPageId="5" captionText="FIGURE 3. A. Meadia abyssalis, NMMB-P24798, 575 mm TL, photo by H.-C. Ho. B. Meadia roseni, NMMB-P29943, 723 mm TL, photo by K. Koeda." figureDoi="http://doi.org/10.5281/zenodo.4671596" httpUri="https://zenodo.org/record/4671596/files/figure.png" pageId="4" pageNumber="185">Figs. 3A</figureCitation>
, 
<figureCitation box="[262,298,1302,1328]" captionStart="FIGURE 4" captionStartId="6.[151,250,1338,1362]" captionTargetBox="[251,1360,188,1295]" captionTargetId="figure-19@6.[227,1360,181,1314]" captionTargetPageId="6" captionText="FIGURE 4. Close-up of head and trunk region. A. Meadia abyssalis, NMMB-P26380, 256 mm TL, left-right reversed. B. Meadia roseni, NMMB-P25976, 429 mm TL. C. Meadia minor sp. nov., from holotype. Arrows point to dorsal-fin origin (D), anal-fin origin (A) and gill opening (GO). Not to scale." figureDoi="http://doi.org/10.5281/zenodo.4671598" httpUri="https://zenodo.org/record/4671598/files/figure.png" pageId="4" pageNumber="185">4A</figureCitation>
, 
<figureCitation box="[310,347,1302,1329]" captionStart="FIGURE 5" captionStartId="7.[151,250,1652,1676]" captionTargetBox="[215,1372,525,1608]" captionTargetId="figure-175@7.[215,1372,525,1629]" captionTargetPageId="7" captionText="FIGURE 5. Posterior portion of tail showing the coloration of fins. A. Meadia abyssalis, NMMB-P15513, 336 mm SL, leftright reversed. B. Meadia roseni, NMMB-P25976, 429 mm TL. C. Meadia minor sp. nov., from holotype. Not to scale.Anterior to left." figureDoi="http://doi.org/10.5281/zenodo.4671600" httpUri="https://zenodo.org/record/4671600/files/figure.png" pageId="4" pageNumber="185">5A</figureCitation>
; 
<tableCitation box="[358,441,1302,1328]" captionStart="TABLE 1" captionStartId="8.[151,239,440,464]" captionTargetPageId="8" captionText="TABLE 1. Morphometric and meristic data of three Meadia species." pageId="4" pageNumber="185">Table 1</tableCitation>
</paragraph>
</subSubSection>
<subSubSection pageId="4" pageNumber="185" type="reference_group">
<paragraph blockId="4.[151,1260,1371,1456]" box="[151,979,1371,1395]" pageId="4" pageNumber="185">
<treatmentCitationGroup box="[151,979,1371,1395]" pageId="4" pageNumber="185">
<treatmentCitation author="Kamohara, T." box="[151,556,1371,1395]" page="12" pageId="4" pageNumber="185" year="1938">
<taxonomicName authority="Kamohara, 1938: 12" authorityName="Kamohara" authorityPageNumber="12" authorityYear="1938" box="[151,556,1371,1395]" class="Insecta" family="Curculionidae" genus="Dysomma" kingdom="Animalia" order="Coleoptera" pageId="4" pageNumber="185" phylum="Arthropoda" rank="species" species="abyssale">
<emphasis box="[151,346,1371,1395]" italics="true" pageId="4" pageNumber="185">Dysomma abyssale</emphasis>
<materialsCitation box="[352,556,1371,1395]" country="Japan" location="Sagami Sea" pageId="4" pageNumber="185" specimenCount="1">
<bibRefCitation author="Kamohara, T." box="[352,556,1371,1395]" pageId="4" pageNumber="185" pagination="1 - 86" refId="ref6615" refString="Kamohara, T. (1938) On the offshore bottom-fishes of Province Tosa, Shikoku, Japan. Maruzen Kobushiki Kaisha, Tokyo, 1 - 86." type="book chapter" year="1938">Kamohara, 1938:12</bibRefCitation>
</materialsCitation>
</taxonomicName>
</treatmentCitation>
, fig. 3 (
<typeStatus box="[633,678,1371,1395]" pageId="4" pageNumber="185">type</typeStatus>
locality: 
<location LSID="urn:lsid:plazi:treatment:03D66E0179764E7E28F5FB35FE93F8D8:8EA089CC79764E7C2B64FA9CFCD9FAA8" box="[774,895,1371,1395]" country="Japan" name="Sagami Sea" pageId="4" pageNumber="185">Sagami Sea</location>
, 
<collectingCountry box="[905,967,1371,1395]" name="Japan" pageId="4" pageNumber="185">Japan</collectingCountry>
).
</treatmentCitationGroup>
</paragraph>
<paragraph blockId="4.[151,1260,1371,1456]" box="[151,691,1401,1425]" pageId="4" pageNumber="185">
<treatmentCitationGroup box="[151,691,1401,1425]" pageId="4" pageNumber="185">
<taxonomicName authority="(Kamohara, 1938)" baseAuthorityName="Kamohara" baseAuthorityYear="1938" box="[151,518,1401,1425]" class="Actinopterygii" family="Synaphobranchidae" genus="Meadia" kingdom="Animalia" order="Anguilliformes" pageId="4" pageNumber="185" phylum="Chordata" rank="species" species="abyssale">
<emphasis box="[151,322,1401,1425]" italics="true" pageId="4" pageNumber="185">Meadia abyssale</emphasis>
(
<bibRefCitation author="Kamohara, T." box="[335,510,1401,1425]" pageId="4" pageNumber="185" pagination="1 - 86" refId="ref6615" refString="Kamohara, T. (1938) On the offshore bottom-fishes of Province Tosa, Shikoku, Japan. Maruzen Kobushiki Kaisha, Tokyo, 1 - 86." type="book chapter" year="1938">Kamohara, 1938</bibRefCitation>
)
</taxonomicName>
: 
<treatmentCitation author="Bohlke, J. E." box="[528,687,1401,1425]" page="6" pageId="4" pageNumber="185" year="1951">
<bibRefCitation author="Bohlke, J. E." box="[528,687,1401,1425]" pageId="4" pageNumber="185" pagination="6" refId="ref6096" refString="Bohlke, J. E. (1951) Meadia, a new genus for the West Pacific dysommid eel, Dysomma abyssale Kamohara. Stanford Ichthyological Bulletin, 4 (1), 6. https: // doi. org / 10.2307 / 1438047" type="journal article" year="1951">Böhlke, 1951:6</bibRefCitation>
</treatmentCitation>
.
</treatmentCitationGroup>
</paragraph>
<paragraph blockId="4.[151,1260,1371,1456]" box="[151,1260,1432,1456]" pageId="4" pageNumber="185">
<treatmentCitationGroup box="[151,1260,1432,1456]" pageId="4" pageNumber="185">
<taxonomicName authority="(Kamohara, 1938)" baseAuthorityName="Kamohara" baseAuthorityYear="1938" box="[151,524,1432,1456]" class="Actinopterygii" family="Synaphobranchidae" genus="Meadia" kingdom="Animalia" order="Anguilliformes" pageId="4" pageNumber="185" phylum="Chordata" rank="species" species="abyssalis">
<emphasis box="[151,328,1432,1456]" italics="true" pageId="4" pageNumber="185">Meadia abyssalis</emphasis>
(
<bibRefCitation author="Kamohara, T." box="[341,516,1432,1456]" pageId="4" pageNumber="185" pagination="1 - 86" refId="ref6615" refString="Kamohara, T. (1938) On the offshore bottom-fishes of Province Tosa, Shikoku, Japan. Maruzen Kobushiki Kaisha, Tokyo, 1 - 86." type="book chapter" year="1938">Kamohara, 1938</bibRefCitation>
)
</taxonomicName>
: 
<treatmentCitation author="Robins, C. H. &amp; Robins, C. R." box="[533,821,1432,1456]" page="240" pageId="4" pageNumber="185" year="1989">
<bibRefCitation author="Robins, C. H. &amp; Robins, C. R." box="[533,821,1432,1456]" pageId="4" pageNumber="185" pagination="207 - 253" refId="ref6753" refString="Robins, C. H. &amp; Robins, C. R. (1989) Family Synaphobranchidae. In: Bohlke, E. B. (Ed.), Fishes of the Western North Atlantic. Memoirs of the Sears Foundation for Marine Research, 1 (part 9), pp. 207 - 253. https: // doi. org / 10.2307 / j. ctvbcd 0 dm. 12" type="journal article" year="1989">Robins &amp; Robins, 1989:240</bibRefCitation>
</treatmentCitation>
. 
<treatmentCitation author="Mok, H. K. &amp; Lee, C. Y. &amp; Chan, H. J." box="[830,1034,1432,1456]" page="44" pageId="4" pageNumber="185" year="1991">
<bibRefCitation author="Mok, H. K. &amp; Lee, C. Y. &amp; Chan, H. J." box="[830,1034,1432,1456]" pageId="4" pageNumber="185" pagination="39 - 45" refId="ref6644" refString="Mok, H. K., Lee, C. Y. &amp; Chan, H. J. (1991) Meadia roseni, a new synaphobranchid eel from the coast of Taiwan (Anguilloidea: Synaphobranchidae). Bulletin of Marine Science, 48 (1), 39 - 45." type="journal article" year="1991">
Mok 
<emphasis box="[884,936,1432,1456]" italics="true" pageId="4" pageNumber="185">et al.</emphasis>
, 1991:44
</bibRefCitation>
</treatmentCitation>
. 
<treatmentCitation author="Ho, H. - C. &amp; Smith, D. G. &amp; McCosker, J. E. &amp; Hibino, Y. &amp; Loh, K. - H. &amp; Tighe, K. A. &amp; Shao, K. - T." box="[1043,1255,1432,1456]" httpUri="http://treatment.plazi.org/id/03E987BEFFA9BA40BDDAFCA5AA801C10" page="179" pageId="4" pageNumber="185" year="2015">
<bibRefCitation author="Ho, H. - C. &amp; Smith, D. G. &amp; McCosker, J. E. &amp; Hibino, Y. &amp; Loh, K. - H. &amp; Tighe, K. A. &amp; Shao, K. - T." box="[1043,1255,1432,1456]" pageId="4" pageNumber="185" pagination="140 - 189" refId="ref6526" refString="Ho, H. - C., Smith, D. G., McCosker, J. E., Hibino, Y., Loh, K. - H., Tighe, K. A. &amp; Shao, K. - T. (2015 b) Annotated checklist of eels (orders Anguilliformes and Saccopharyngiformes) from Taiwan. Zootaxa, 4060 (1), 140 - 189. https: // doi. org / 10.11646 / zootaxa. 4060.1.16" type="journal article" year="2015">
Ho 
<emphasis box="[1081,1132,1432,1456]" italics="true" pageId="4" pageNumber="185">et al.</emphasis>
, 2015b:179
</bibRefCitation>
</treatmentCitation>
.
</treatmentCitationGroup>
</paragraph>
</subSubSection>
<subSubSection lastPageId="6" lastPageNumber="187" pageId="4" pageNumber="185" type="description">
<paragraph blockId="4.[151,1437,1502,2033]" pageId="4" pageNumber="185">
<emphasis bold="true" box="[151,297,1502,1528]" pageId="4" pageNumber="185">Description.</emphasis>
Head with a clear hump behind eye. Dorsal-fin origin almost above or slightly behind pectoral-fin base. Anal-fin origin about 0.5–0.6 HL behind head. Middle of eye through posterior fourth of upper jaw. Posterior nostril with low rim and its margin bearing many fringes. Numerous cirri or papillae on snout and chin, gradually becoming scattered on posterior portion of head. Gill opening against lower third of pectoral-fin base (
<figureCitation box="[1330,1431,1610,1636]" captionStart="FIGURE 3" captionStartId="5.[151,250,1942,1966]" captionTargetBox="[151,1436,273,1919]" captionTargetId="figure-69@5.[151,1436,273,1919]" captionTargetPageId="5" captionText="FIGURE 3. A. Meadia abyssalis, NMMB-P24798, 575 mm TL, photo by H.-C. Ho. B. Meadia roseni, NMMB-P29943, 723 mm TL, photo by K. Koeda." figureDoi="http://doi.org/10.5281/zenodo.4671596" httpUri="https://zenodo.org/record/4671596/files/figure.png" pageId="4" pageNumber="185">Figs. 3A</figureCitation>
, 
<figureCitation box="[151,190,1646,1672]" captionStart="FIGURE 4" captionStartId="6.[151,250,1338,1362]" captionTargetBox="[251,1360,188,1295]" captionTargetId="figure-19@6.[227,1360,181,1314]" captionTargetPageId="6" captionText="FIGURE 4. Close-up of head and trunk region. A. Meadia abyssalis, NMMB-P26380, 256 mm TL, left-right reversed. B. Meadia roseni, NMMB-P25976, 429 mm TL. C. Meadia minor sp. nov., from holotype. Arrows point to dorsal-fin origin (D), anal-fin origin (A) and gill opening (GO). Not to scale." figureDoi="http://doi.org/10.5281/zenodo.4671598" httpUri="https://zenodo.org/record/4671598/files/figure.png" pageId="4" pageNumber="185">4A</figureCitation>
).
</paragraph>
<paragraph blockId="4.[151,1437,1502,2033]" pageId="4" pageNumber="185">Head pores: SO 1 (ethmoid) + 2, all at tip of snout, no pore above upper margin of eye; IO 6, 1 (adnasal) at posterodorsal corner of anterior nostril, the second below anterior nostril, the third midway between nostrils, the fourth below posterior margin of posterior nostril, the fifth below posterior third of eye, and the sixth above posterior end of rictus; F 0; POM 8, the penultimate pore about 0.4 eye diameter behind the rictus and the last 1.5–2 eye diameter behind rictus. ST 0. Lateral line pores: HLL 3 or 4; PDLL 5 or 6; PAL 14–16. Numbers of dorsal-fin rays before anal-fin origin 22–27.</paragraph>
<paragraph blockId="4.[151,1437,1502,2033]" box="[199,1103,1898,1925]" pageId="4" pageNumber="185">Vertebrae: PDV 10–11, PAV 19, PCV 55–60, TV 174–179, and MVF 11-19-176.</paragraph>
<paragraph blockId="4.[151,1437,1502,2033]" lastBlockId="5.[151,1437,151,249]" lastPageId="5" lastPageNumber="186" pageId="4" pageNumber="185">Tooth pattern: an oval patch of 10–12 moderately long and pointed teeth on intermaxillary, arranged in about 3 rows; followed by a long patch of various-sized teeth on vomer, which has about 10–12 long and enlarged teeth, arranged in 2 regular rows, most teeth with a pointed tip, followed by 6–8 much smaller teeth arranged in single row posteriorly. Maxilla with a long band of about 2 or 3 rows of slender and pointed teeth, those on outer row smallest, those on inner row gradually larger. Lower jaw with 2 irregular rows of long teeth anteriorly, those on outer row small and short, those on inner row long and pointed.</paragraph>
<caption ID-DOI="http://doi.org/10.5281/zenodo.4671596" ID-Zenodo-Dep="4671596" httpUri="https://zenodo.org/record/4671596/files/figure.png" pageId="5" pageNumber="186" startId="5.[151,250,1942,1966]" targetBox="[151,1436,273,1919]" targetPageId="5">
<paragraph blockId="5.[151,1436,1942,2003]" pageId="5" pageNumber="186">
<emphasis bold="true" box="[151,276,1942,1967]" pageId="5" pageNumber="186">FIGURE 3.</emphasis>
A. 
<taxonomicName baseAuthorityName="Kamohara" baseAuthorityYear="1938" box="[315,493,1943,1967]" class="Actinopterygii" family="Synaphobranchidae" genus="Meadia" kingdom="Animalia" order="Anguilliformes" pageId="5" pageNumber="186" phylum="Chordata" rank="species" species="abyssalis">
<emphasis box="[315,493,1943,1967]" italics="true" pageId="5" pageNumber="186">Meadia abyssalis</emphasis>
</taxonomicName>
, NMMB-P24798, 575 mm TL, photo by H.-C. Ho. B. 
<taxonomicName authorityName="Mok, Lee &amp; Chan" authorityYear="1991" box="[1058,1205,1943,1967]" class="Actinopterygii" family="Synaphobranchidae" genus="Meadia" kingdom="Animalia" order="Anguilliformes" pageId="5" pageNumber="186" phylum="Chordata" rank="species" species="roseni">
<emphasis box="[1058,1205,1943,1967]" italics="true" pageId="5" pageNumber="186">Meadia roseni</emphasis>
</taxonomicName>
, NMMB-P29943, 723 mm TL, photo by K. Koeda.
</paragraph>
</caption>
<caption ID-DOI="http://doi.org/10.5281/zenodo.4671598" ID-Zenodo-Dep="4671598" httpUri="https://zenodo.org/record/4671598/files/figure.png" pageId="6" pageNumber="187" startId="6.[151,250,1338,1362]" targetBox="[251,1360,188,1295]" targetPageId="6">
<paragraph blockId="6.[151,1436,1338,1435]" pageId="6" pageNumber="187">
<emphasis bold="true" box="[151,278,1338,1362]" pageId="6" pageNumber="187">FIGURE 4.</emphasis>
Close-up of head and trunk region. A. 
<taxonomicName baseAuthorityName="Kamohara" baseAuthorityYear="1938" box="[695,874,1338,1362]" class="Actinopterygii" family="Synaphobranchidae" genus="Meadia" kingdom="Animalia" order="Anguilliformes" pageId="6" pageNumber="187" phylum="Chordata" rank="species" species="abyssalis">
<emphasis box="[695,874,1338,1362]" italics="true" pageId="6" pageNumber="187">Meadia abyssalis</emphasis>
</taxonomicName>
, NMMB-P26380, 256 mm TL, left-right reversed. B. 
<taxonomicName authorityName="Mok, Lee &amp; Chan" authorityYear="1991" box="[151,297,1374,1398]" class="Actinopterygii" family="Synaphobranchidae" genus="Meadia" kingdom="Animalia" order="Anguilliformes" pageId="6" pageNumber="187" phylum="Chordata" rank="species" species="roseni">
<emphasis box="[151,297,1374,1398]" italics="true" pageId="6" pageNumber="187">Meadia roseni</emphasis>
</taxonomicName>
, NMMB-P25976, 429 mm TL. C. 
<taxonomicName authority="Vo &amp; Ho &amp; Dao &amp; Tran, 2021" authorityName="Vo &amp; Ho &amp; Dao &amp; Tran" authorityYear="2021" box="[653,798,1374,1398]" class="Actinopterygii" family="Synaphobranchidae" genus="Meadia" kingdom="Animalia" order="Anguilliformes" pageId="6" pageNumber="187" phylum="Chordata" rank="species" species="minor" status="sp. nov.">
<emphasis box="[653,798,1374,1398]" italics="true" pageId="6" pageNumber="187">Meadia minor</emphasis>
</taxonomicName>
<emphasis bold="true" box="[805,885,1375,1399]" pageId="6" pageNumber="187">
<taxonomicNameLabel box="[805,885,1375,1399]" pageId="6" pageNumber="187" rank="species">sp. nov.</taxonomicNameLabel>
</emphasis>
, from holotype. Arrows point to dorsal-fin origin (D), anal-fin origin (A) and gill opening (GO). Not to scale.
</paragraph>
</caption>
<paragraph blockId="6.[151,1436,1481,1795]" pageId="6" pageNumber="187">
<emphasis box="[199,330,1481,1507]" italics="true" pageId="6" pageNumber="187">Coloration.</emphasis>
In both fresh and preserved specimens, body light brown to gray, generally lighter than that of 
<taxonomicName authorityName="Mok, Lee &amp; Chan" authorityYear="1991" class="Actinopterygii" family="Synaphobranchidae" genus="Meadia" kingdom="Animalia" order="Anguilliformes" pageId="6" pageNumber="187" phylum="Chordata" rank="species" species="roseni">
<emphasis italics="true" pageId="6" pageNumber="187">M roseni</emphasis>
</taxonomicName>
. Anterior portion of dorsal and anal fin (about two-thirds of the fin) light grayish with broad pale margin, the white margin gradually becoming narrower, anal-fin base darkened at about two head lengths from posterior end; caudal fin mostly pale with a brown base (
<figureCitation box="[631,731,1589,1615]" captionStart="FIGURE 3" captionStartId="5.[151,250,1942,1966]" captionTargetBox="[151,1436,273,1919]" captionTargetId="figure-69@5.[151,1436,273,1919]" captionTargetPageId="5" captionText="FIGURE 3. A. Meadia abyssalis, NMMB-P24798, 575 mm TL, photo by H.-C. Ho. B. Meadia roseni, NMMB-P29943, 723 mm TL, photo by K. Koeda." figureDoi="http://doi.org/10.5281/zenodo.4671596" httpUri="https://zenodo.org/record/4671596/files/figure.png" pageId="6" pageNumber="187">Figs. 3A</figureCitation>
, 
<figureCitation box="[743,780,1589,1615]" captionStart="FIGURE 4" captionStartId="6.[151,250,1338,1362]" captionTargetBox="[251,1360,188,1295]" captionTargetId="figure-19@6.[227,1360,181,1314]" captionTargetPageId="6" captionText="FIGURE 4. Close-up of head and trunk region. A. Meadia abyssalis, NMMB-P26380, 256 mm TL, left-right reversed. B. Meadia roseni, NMMB-P25976, 429 mm TL. C. Meadia minor sp. nov., from holotype. Arrows point to dorsal-fin origin (D), anal-fin origin (A) and gill opening (GO). Not to scale." figureDoi="http://doi.org/10.5281/zenodo.4671598" httpUri="https://zenodo.org/record/4671598/files/figure.png" pageId="6" pageNumber="187">4A</figureCitation>
, 
<figureCitation box="[792,830,1588,1615]" captionStart="FIGURE 5" captionStartId="7.[151,250,1652,1676]" captionTargetBox="[215,1372,525,1608]" captionTargetId="figure-175@7.[215,1372,525,1629]" captionTargetPageId="7" captionText="FIGURE 5. Posterior portion of tail showing the coloration of fins. A. Meadia abyssalis, NMMB-P15513, 336 mm SL, leftright reversed. B. Meadia roseni, NMMB-P25976, 429 mm TL. C. Meadia minor sp. nov., from holotype. Not to scale.Anterior to left." figureDoi="http://doi.org/10.5281/zenodo.4671600" httpUri="https://zenodo.org/record/4671600/files/figure.png" pageId="6" pageNumber="187">5A</figureCitation>
). Peritoneum uniformly black, stomach and intestines pale.
</paragraph>
</subSubSection>
<subSubSection pageId="6" pageNumber="187" type="discussion">
<paragraph blockId="6.[151,1436,1481,1795]" pageId="6" pageNumber="187">
<emphasis bold="true" box="[199,315,1661,1687]" pageId="6" pageNumber="187">Remarks.</emphasis>
In addition to the very different meristics compared to its two congeners (
<tableCitation box="[1143,1227,1661,1687]" captionStart="TABLE 1" captionStartId="8.[151,239,440,464]" captionTargetPageId="8" captionText="TABLE 1. Morphometric and meristic data of three Meadia species." pageId="6" pageNumber="187">Table 1</tableCitation>
), 
<taxonomicName baseAuthorityName="Kamohara" baseAuthorityYear="1938" box="[1251,1391,1661,1687]" class="Actinopterygii" family="Synaphobranchidae" genus="Meadia" kingdom="Animalia" order="Anguilliformes" pageId="6" pageNumber="187" phylum="Chordata" rank="species" species="abyssalis">
<emphasis box="[1251,1391,1661,1687]" italics="true" pageId="6" pageNumber="187">M. abyssalis</emphasis>
</taxonomicName>
can be easily distinguished from them in having a relatively pale body coloration (
<figureCitation box="[1040,1129,1697,1723]" captionStart="FIGURE 3" captionStartId="5.[151,250,1942,1966]" captionTargetBox="[151,1436,273,1919]" captionTargetId="figure-69@5.[151,1436,273,1919]" captionTargetPageId="5" captionText="FIGURE 3. A. Meadia abyssalis, NMMB-P24798, 575 mm TL, photo by H.-C. Ho. B. Meadia roseni, NMMB-P29943, 723 mm TL, photo by K. Koeda." figureDoi="http://doi.org/10.5281/zenodo.4671596" httpUri="https://zenodo.org/record/4671596/files/figure.png" pageId="6" pageNumber="187">Fig. 3A</figureCitation>
, vs. 
<figureCitation box="[1182,1280,1697,1723]" captionStart="FIGURE 1" captionStartId="2.[151,250,1954,1978]" captionTargetBox="[151,1436,472,1931]" captionTargetId="figure-152@2.[151,1436,453,1931]" captionTargetPageId="2" captionText="FIGURE 1. Meadia minor sp. nov. A. Holotype, OIM-E.55801, 307 mm TL, preserved. B. Paratype, OIM-E.55803, 316 mm TL, fresh caught. C. Close-up of head, from OIM-E. 55803. Arrows point to the dorsal-fin origin (D) and anal-fin origin (A)." figureDoi="http://doi.org/10.5281/zenodo.4671592" httpUri="https://zenodo.org/record/4671592/files/figure.png" pageId="6" pageNumber="187">Figs. 1B</figureCitation>
, 
<figureCitation box="[1293,1328,1697,1723]" captionStart="FIGURE 3" captionStartId="5.[151,250,1942,1966]" captionTargetBox="[151,1436,273,1919]" captionTargetId="figure-69@5.[151,1436,273,1919]" captionTargetPageId="5" captionText="FIGURE 3. A. Meadia abyssalis, NMMB-P24798, 575 mm TL, photo by H.-C. Ho. B. Meadia roseni, NMMB-P29943, 723 mm TL, photo by K. Koeda." figureDoi="http://doi.org/10.5281/zenodo.4671596" httpUri="https://zenodo.org/record/4671596/files/figure.png" pageId="6" pageNumber="187">3B</figureCitation>
), anal fin mostly pale with the posterior portion of its base darkened, and caudal fin white with dark brown base (
<figureCitation box="[1304,1393,1732,1759]" captionStart="FIGURE 5" captionStartId="7.[151,250,1652,1676]" captionTargetBox="[215,1372,525,1608]" captionTargetId="figure-175@7.[215,1372,525,1629]" captionTargetPageId="7" captionText="FIGURE 5. Posterior portion of tail showing the coloration of fins. A. Meadia abyssalis, NMMB-P15513, 336 mm SL, leftright reversed. B. Meadia roseni, NMMB-P25976, 429 mm TL. C. Meadia minor sp. nov., from holotype. Not to scale.Anterior to left." figureDoi="http://doi.org/10.5281/zenodo.4671600" httpUri="https://zenodo.org/record/4671600/files/figure.png" pageId="6" pageNumber="187">Fig. 5A</figureCitation>
, vs. 
<figureCitation box="[151,297,1768,1795]" captionStart="FIGURE 5" captionStartId="7.[151,250,1652,1676]" captionTargetBox="[215,1372,525,1608]" captionTargetId="figure-175@7.[215,1372,525,1629]" captionTargetPageId="7" captionText="FIGURE 5. Posterior portion of tail showing the coloration of fins. A. Meadia abyssalis, NMMB-P15513, 336 mm SL, leftright reversed. B. Meadia roseni, NMMB-P25976, 429 mm TL. C. Meadia minor sp. nov., from holotype. Not to scale.Anterior to left." figureDoi="http://doi.org/10.5281/zenodo.4671600" httpUri="https://zenodo.org/record/4671600/files/figure.png" pageId="6" pageNumber="187">Figs. 5B, 5C</figureCitation>
).
</paragraph>
</subSubSection>
</treatment>
</document>