<document ID-DOI="http://doi.org/10.5281/zenodo.4680943" ID-GBIF-Dataset="accc158b-4f19-427e-8b8b-6f0cd70e7b6e" ID-ISSN="2118-9773" ID-Zenodo-Dep="4680943" ID-ZooBank="E5B1C00A-1863-4076-8415-FE55CED1F9BA" _generate="added" approvalRequired="5" approvalRequired_for_textStreams="5" checkinTime="1617696120291" checkinUser="plazi" docAuthor="Freitas, Énio &amp; Aguín-Pombo, Dora" docDate="2021" docId="03D77A7DFFCBF71EFDC3DFE0B0E0FBC5" docLanguage="en" docName="ejt-744_1-37.pdf" docOrigin="European Journal of Taxonomy 744" docSource="http://dx.doi.org/10.5852/ejt.2021.744.1295" docStyle="DocumentStyle:EF2B578F1D15862ADE45B0C07C620911.11:EJT.2018-.journal_article" docStyleId="EF2B578F1D15862ADE45B0C07C620911" docStyleName="EJT.2018-.journal_article" docStyleVersion="11" docTitle="Hyalesthes portonoves Remane &amp; Hoch 1986" docType="treatment" docVersion="5" lastPageId="28" lastPageNumber="29" masterDocId="FFEE0205FFD1F702FFC4DD3FB117FFCB" masterDocTitle="Taxonomy of the Cixiidae (Hemiptera, Fulgoromorpha) from the Madeira archipelago" masterLastPageNumber="37" masterPageNumber="1" pageId="26" pageNumber="27" updateTime="1618234785163" updateUser="ExternalLinkService" zenodo-license-document="CC-BY-4.0" zenodo-license-figures="CC-BY-4.0" zenodo-license-treatments="UNSPECIFIED">
<mods:mods xmlns:mods="http://www.loc.gov/mods/v3">
<mods:titleInfo>
<mods:title>Taxonomy of the Cixiidae (Hemiptera, Fulgoromorpha) from the Madeira archipelago</mods:title>
</mods:titleInfo>
<mods:name type="personal">
<mods:role>
<mods:roleTerm>Author</mods:roleTerm>
</mods:role>
<mods:namePart>Freitas, Énio</mods:namePart>
<mods:nameIdentifier type="LSID">7D9D7B00-F712-456C-B962-9CA22F93154B</mods:nameIdentifier>
<mods:affiliation>University of Madeira, 9000 - 390 Funchal, Madeira, Portugal.</mods:affiliation>
<mods:nameIdentifier type="email">enio.freitas@staff.uma.pt</mods:nameIdentifier>
</mods:name>
<mods:name type="personal">
<mods:role>
<mods:roleTerm>Author</mods:roleTerm>
</mods:role>
<mods:namePart>Aguín-Pombo, Dora</mods:namePart>
<mods:nameIdentifier type="LSID">62471063-562B-407A-8781-8F6AB0635C14</mods:nameIdentifier>
<mods:affiliation>University of Madeira, 9000 - 390 Funchal, Madeira, Portugal. &amp; Centro de Investigação em Biodiversidade e Recursos Genéticos (CIBIO), Vairão, Portugal.</mods:affiliation>
<mods:nameIdentifier type="email">aguin@staff.uma.pt</mods:nameIdentifier>
</mods:name>
<mods:typeOfResource>text</mods:typeOfResource>
<mods:relatedItem type="host">
<mods:titleInfo>
<mods:title>European Journal of Taxonomy</mods:title>
</mods:titleInfo>
<mods:part>
<mods:date>2021</mods:date>
<mods:detail type="pubDate">
<mods:number>2021-04-05</mods:number>
</mods:detail>
<mods:detail type="volume">
<mods:number>744</mods:number>
</mods:detail>
<mods:extent unit="page">
<mods:start>1</mods:start>
<mods:end>37</mods:end>
</mods:extent>
</mods:part>
</mods:relatedItem>
<mods:location>
<mods:url>http://dx.doi.org/10.5852/ejt.2021.744.1295</mods:url>
</mods:location>
<mods:classification>journal article</mods:classification>
<mods:identifier type="DOI">https://doi.org/10.5852/ejt.2021.744.1295</mods:identifier>
<mods:identifier type="GBIF-Dataset">accc158b-4f19-427e-8b8b-6f0cd70e7b6e</mods:identifier>
<mods:identifier type="ISSN">2118-9773</mods:identifier>
<mods:identifier type="Zenodo-Dep">4663771</mods:identifier>
<mods:identifier type="ZooBank">E5B1C00A-1863-4076-8415-FE55CED1F9BA</mods:identifier>
</mods:mods>
<treatment ID-DOI="http://doi.org/10.5281/zenodo.4680943" ID-Zenodo-Dep="4680943" LSID="urn:lsid:plazi:treatment:03D77A7DFFCBF71EFDC3DFE0B0E0FBC5" httpUri="http://treatment.plazi.org/id/03D77A7DFFCBF71EFDC3DFE0B0E0FBC5" lastPageId="28" lastPageNumber="29" pageId="26" pageNumber="27">
<subSubSection box="[519,1069,735,762]" pageId="26" pageNumber="27" type="nomenclature">
<paragraph blockId="26.[519,1069,735,797]" box="[519,1069,735,762]" pageId="26" pageNumber="27">
<heading box="[519,1069,735,762]" centered="true" fontSize="11" level="2" pageId="26" pageNumber="27" reason="2">
<taxonomicName authority="Remane &amp; Hoch, 1986" authorityName="Remane &amp; Hoch" authorityYear="1986" box="[519,1069,735,762]" class="Insecta" family="Cixiidae" genus="Hyalesthes" kingdom="Animalia" order="Hemiptera" pageId="26" pageNumber="27" phylum="Arthropoda" rank="species" species="portonoves">
<emphasis bold="true" box="[519,790,735,762]" italics="true" pageId="26" pageNumber="27">Hyalesthes portonoves</emphasis>
<bibRefCitation author="Remane R. &amp; Hoch H." box="[798,1069,735,762]" pageId="26" pageNumber="27" pagination="123 - 151" refId="ref19883" refString="Remane R. &amp; Hoch H. 1986. Sechs neue Arten der Gattung Hyalesthes Signoret, 1865 (Homoptera Fulgoroidea Cixiidae) von den Mittelatlantischen Inseln und aus dem Irak. Marburger Entomologische Publikationen 2 (3): 123 - 151." type="journal article" year="1986">Remane &amp; Hoch, 1986</bibRefCitation>
</taxonomicName>
</heading>
</paragraph>
</subSubSection>
<subSubSection box="[652,935,770,797]" pageId="26" pageNumber="27" type="description">
<paragraph blockId="26.[519,1069,735,797]" box="[652,935,770,797]" pageId="26" pageNumber="27">
<figureCitation box="[652,746,770,797]" captionStart="Fig" captionStartId="12.[189,232,1776,1802]" captionTargetBox="[256,1304,288,1714]" captionTargetId="figure-18@12.[233,1353,266,1738]" captionTargetPageId="12" captionText="Fig. 5. Male forewings. A. Cixius madeirensis China, 1938 from Vereda Paul, 23 Jul. 2002, on Pteridium aquilinum (L.) Kuhn. B. Cixius verticalis Noualhier, 1897 from Chão da Ribeira, 30 Apr. 2002, on Diplazium caudatum (Cav.) Jermy. C. Cixius wollastoni sp. nov. from Ribeiro Frio, 24 Apr. 2002, on Digitalis purpurea L. D. Hyalesthes madeires Remane &amp; Hoch, 1986 from Serra de Água, 9 Jul. 2001, on Globularia salicina Lam. E. Hyalesthes portonoves Remane &amp; Hoch, 1986 from Porto Novo, 16 Apr. 2003, on G. salicina. F. Tachycixius chaoensis (China, 1938) from Ponta de São Lourenço, 11 May 2001, on Suaeda vera Forssk. ex J.F.Gmel." figureDoi="http://doi.org/10.5281/zenodo.4663783" httpUri="https://zenodo.org/record/4663783/files/figure.png" pageId="26" pageNumber="27">Figs 5E</figureCitation>
, 
<figureCitation box="[757,832,771,797]" captionStart="Fig" captionStartId="16.[189,232,1812,1838]" captionTargetBox="[307,1267,287,1757]" captionTargetId="figure-18@16.[295,1292,265,1769]" captionTargetPageId="16" captionText="Fig. 8. Female genitalia. A–B. Cixius madeirensis China, 1938 from Vereda do Paul da Serra, 23 Jul. 2002, onPeteridium aquilinum (L.) Kuhn. C–D. Cixius verticalis Noualhier, 1897 from Chão da Ribeira (500 m a.s.l.), 30 Apr. 2002, on Diplazium caudatum (Cav.) Jermy. E–F. Tachycixius chaoensis (China, 1938) from Ponta de São Lourenço, 11 May 2001, on Suaeda vera Forssk. ex J.F.Gmel. G–H. Hyalesthes portonoves Remane &amp; Hoch, 1986. G. Specimen from Porto Novo, 25 Apr. 2003, on G. salicina Lam. H. Specimen from Cristo Rei, 26 Apr. 1998, on G. salicina." figureDoi="http://doi.org/10.5281/zenodo.4663795" httpUri="https://zenodo.org/record/4663795/files/figure.png" pageId="26" pageNumber="27">8G–H</figureCitation>
, 
<figureCitation box="[844,935,771,797]" captionStart="Fig" captionStartId="27.[189,232,1778,1804]" captionTargetBox="[263,1326,273,1724]" captionTargetId="figure-12@27.[250,1338,265,1735]" captionTargetPageId="27" captionText="Fig. 12. Hyalesthes portonoves Remane &amp; Hoch, 1986. A–B. Specimen from Porto Novo, 16 Apr. 2003, on Globularia salicina Lam. C, G. Specimen from Casa Fogo, 16 Apr. 2002, on G. salicina. D, J–K. Specimens from Pedras Brancas, 14Apr. 2002, onSuaeda vera Forssk. ex J.F.Gmel.E–F. Specimen from Gaula, 29 Apr. 2003, on G. salicina. H–I, L–M. Specimen from Porto Novo, 29 Apr. 2003, on G. salicina.A. Head (frontal view).B. Head, pronotum and scutellum (dorsal view).C–D. Left paramere. E. Pygofer (ventral view). F. Anal tube (caudal view). G. Pygofer (left lateral view). H. Anal tube (left lateral view). I–M. Aedeagus (I–J, left lateral view; K–L, dorsal view; M, ventral view)." figureDoi="http://doi.org/10.5281/zenodo.4663805" httpUri="https://zenodo.org/record/4663805/files/figure.png" pageId="26" pageNumber="27">12A– M</figureCitation>
</paragraph>
</subSubSection>
<subSubSection pageId="26" pageNumber="27" type="reference_group">
<paragraph blockId="26.[189,1107,836,863]" box="[189,1107,836,863]" pageId="26" pageNumber="27">
<treatmentCitationGroup box="[189,1107,836,863]" pageId="26" pageNumber="27">
<treatmentCitation author="Remane R. &amp; Hoch H." box="[189,846,836,863]" page="135" pageId="26" pageNumber="27" year="1986">
<taxonomicName authority="Remane &amp; Hoch 1986: 133 - 135" authorityName="Remane &amp; Hoch" authorityPageNumber="133 - 135" authorityYear="1986" box="[189,846,836,863]" class="Insecta" family="Cixiidae" genus="Hyalesthes" kingdom="Animalia" order="Hemiptera" pageId="26" pageNumber="27" phylum="Arthropoda" rank="species" species="portonoves">
<emphasis box="[189,455,836,862]" italics="true" pageId="26" pageNumber="27">Hyalesthes portonoves</emphasis>
<bibRefCitation author="Remane R. &amp; Hoch H." box="[463,846,836,863]" pageId="26" pageNumber="27" pagination="123 - 151" refId="ref19883" refString="Remane R. &amp; Hoch H. 1986. Sechs neue Arten der Gattung Hyalesthes Signoret, 1865 (Homoptera Fulgoroidea Cixiidae) von den Mittelatlantischen Inseln und aus dem Irak. Marburger Entomologische Publikationen 2 (3): 123 - 151." type="journal article" year="1986">Remane &amp; Hoch 1986: 133–135</bibRefCitation>
</taxonomicName>
</treatmentCitation>
, 150–151, figs 17–20.
</treatmentCitationGroup>
</paragraph>
<paragraph blockId="26.[189,1096,901,928]" box="[189,1096,901,928]" pageId="26" pageNumber="27">
<treatmentCitationGroup box="[189,1096,901,928]" pageId="26" pageNumber="27">
<taxonomicName authorityName="Remane &amp; Hoch" authorityYear="1986" box="[189,455,901,927]" class="Insecta" family="Cixiidae" genus="Hyalesthes" kingdom="Animalia" order="Hemiptera" pageId="26" pageNumber="27" phylum="Arthropoda" rank="species" species="portonoves">
<emphasis box="[189,455,901,927]" italics="true" pageId="26" pageNumber="27">Hyalesthes portonoves</emphasis>
</taxonomicName>
– 
<treatmentCitation author="Hoch H. &amp; Remane R." box="[485,809,901,928]" page="143" pageId="26" pageNumber="27" year="1985">
<bibRefCitation author="Hoch H. &amp; Remane R." box="[485,809,901,928]" pageId="26" pageNumber="27" pagination="1 - 427" refId="ref18966" refString="Hoch H. &amp; Remane R. 1985. Evolution und Speziation der Zikaden-Gattung Hyalesthes Sign., 1865 (Homoptera Auchenorrhyncha Fulgoroidea Cixiidae). Marburger Entomologische Publikationen 2 (2): 1 - 427." type="journal article" year="1985">Hoch &amp; Remane 1985: 143</bibRefCitation>
</treatmentCitation>
, 145, 425, figs 65e–76e.
</treatmentCitationGroup>
</paragraph>
</subSubSection>
<subSubSection pageId="26" pageNumber="27" type="diagnosis">
<paragraph blockId="26.[189,310,967,993]" box="[189,310,967,993]" pageId="26" pageNumber="27">
<heading bold="true" box="[189,310,967,993]" fontSize="11" level="3" pageId="26" pageNumber="27" reason="3">
<emphasis bold="true" box="[189,310,967,993]" pageId="26" pageNumber="27">Diagnosis</emphasis>
</heading>
</paragraph>
<paragraph blockId="26.[189,1399,1013,1145]" pageId="26" pageNumber="27">
This species differs from species of the 
<taxonomicName authorityName="Horvath" authorityYear="1909" box="[670,834,1013,1039]" class="Insecta" family="Cixiidae" genus="Hyalesthes" kingdom="Animalia" order="Hemiptera" pageId="26" pageNumber="27" phylum="Arthropoda" rank="species" species="angustulus">
<emphasis box="[670,834,1013,1039]" italics="true" pageId="26" pageNumber="27">H. angustulus</emphasis>
</taxonomicName>
group of the 
<collectingRegion box="[1001,1178,1013,1039]" country="Spain" name="Canarias" pageId="26" pageNumber="27">Canary Islands</collectingRegion>
(
<bibRefCitation author="Hoch H. &amp; Remane R." pageId="26" pageNumber="27" pagination="1 - 427" refId="ref18966" refString="Hoch H. &amp; Remane R. 1985. Evolution und Speziation der Zikaden-Gattung Hyalesthes Sign., 1865 (Homoptera Auchenorrhyncha Fulgoroidea Cixiidae). Marburger Entomologische Publikationen 2 (2): 1 - 427." type="journal article" year="1985">Hoch &amp; Remane 1985</bibRefCitation>
) in the following characters (1) it has, far basally, on the left lateroventral side of the theca, a short spine, directed caudally, of variable size and thickness, absent in the Canarian species (
<figureCitation box="[1243,1385,1084,1110]" captionStart="Fig" captionStartId="27.[189,232,1778,1804]" captionTargetBox="[263,1326,273,1724]" captionTargetId="figure-12@27.[250,1338,265,1735]" captionTargetPageId="27" captionText="Fig. 12. Hyalesthes portonoves Remane &amp; Hoch, 1986. A–B. Specimen from Porto Novo, 16 Apr. 2003, on Globularia salicina Lam. C, G. Specimen from Casa Fogo, 16 Apr. 2002, on G. salicina. D, J–K. Specimens from Pedras Brancas, 14Apr. 2002, onSuaeda vera Forssk. ex J.F.Gmel.E–F. Specimen from Gaula, 29 Apr. 2003, on G. salicina. H–I, L–M. Specimen from Porto Novo, 29 Apr. 2003, on G. salicina.A. Head (frontal view).B. Head, pronotum and scutellum (dorsal view).C–D. Left paramere. E. Pygofer (ventral view). F. Anal tube (caudal view). G. Pygofer (left lateral view). H. Anal tube (left lateral view). I–M. Aedeagus (I–J, left lateral view; K–L, dorsal view; M, ventral view)." figureDoi="http://doi.org/10.5281/zenodo.4663805" httpUri="https://zenodo.org/record/4663805/files/figure.png" pageId="26" pageNumber="27">Fig. 12I–M</figureCitation>
); (2) on the left ventral side, the long thorns are almost parallel and tips are not divergent.
</paragraph>
</subSubSection>
<subSubSection pageId="26" pageNumber="27" type="materials_examined">
<paragraph blockId="26.[189,426,1184,1210]" box="[189,426,1184,1210]" pageId="26" pageNumber="27">
<heading bold="true" box="[189,426,1184,1210]" fontSize="11" level="3" pageId="26" pageNumber="27" reason="3">
<emphasis bold="true" box="[189,426,1184,1210]" pageId="26" pageNumber="27">Material examined</emphasis>
</heading>
</paragraph>
<paragraph blockId="26.[189,1400,1230,1647]" pageId="26" pageNumber="27">
<materialsCitation collectedFrom="on Globularia salicina" collectingDate="2001-08-20" collectionCode="UMACI" collectorName="Curral das Freiras &amp; Fabio Reis" elevation="610" location="Camara de Lobos" pageId="26" pageNumber="27" specimenCount="17" specimenCount-male="17" stateProvince="MADEIRA ISLANDS">
<collectingRegion box="[189,457,1231,1257]" country="Portugal" name="Madeira" pageId="26" pageNumber="27">MADEIRA ISLANDS</collectingRegion>
– 
<emphasis bold="true" box="[489,716,1230,1257]" pageId="26" pageNumber="27">
<location LSID="urn:lsid:plazi:treatment:03D77A7DFFCBF71EFDC3DFE0B0E0FBC5:8EA19DB0FFCBF718FE2DD9F1B3DBFB22" box="[489,716,1230,1257]" name="Camara de Lobos" pageId="26" pageNumber="27" stateProvince="MADEIRA ISLANDS">Câmara de Lobos</location>
</emphasis>
• 
<specimenCount box="[745,830,1231,1257]" pageId="26" pageNumber="27" type="male">17 ♂♂</specimenCount>
; 
<collectorName box="[844,1061,1231,1257]" pageId="26" pageNumber="27">Curral das Freiras</collectorName>
; 
<elevation box="[1074,1215,1231,1257]" metricMagnitude="2" metricUnit="m" metricValue="6.1" pageId="26" pageNumber="27" unit="m" value="610.0">
<quantity box="[1074,1150,1231,1257]" metricMagnitude="2" metricUnit="m" metricValue="6.1" pageId="26" pageNumber="27" unit="m" value="610.0">610 m</quantity>
a.s.l.
</elevation>
; 
<date box="[1230,1395,1231,1257]" pageId="26" pageNumber="27" value="2001-08-20">
<collectingDate box="[1230,1395,1231,1257]" pageId="26" pageNumber="27" value="2001-08-20">20 Aug. 2001</collectingDate>
</date>
; 
<collectorName box="[189,314,1266,1292]" pageId="26" pageNumber="27">Fábio Reis</collectorName>
leg.; 
<collectedFrom box="[377,642,1266,1293]" pageId="26" pageNumber="27">
on 
<taxonomicName box="[411,642,1266,1292]" class="Magnoliopsida" family="Plantaginaceae" genus="Globularia" kingdom="Animalia" order="Lamiales" pageId="26" pageNumber="27" phylum="Tracheophyta" rank="species" species="salicina">
<emphasis box="[411,642,1266,1292]" italics="true" pageId="26" pageNumber="27">Globularia salicina</emphasis>
</taxonomicName>
</collectedFrom>
; 
<collectionCode box="[656,758,1266,1292]" pageId="26" pageNumber="27">UMACI</collectionCode>
. –
</materialsCitation>
<materialsCitation collectedFrom="on Globularia salicina" collectingDate="2001-08-20" collectionCode="UMACI" collectorName="Curral das Freiras &amp; Fabio Reis" elevation="610" location="Camara de Lobos" pageId="26" pageNumber="27" specimenCount="17" specimenCount-female="3" specimenCount-male="17" stateProvince="MADEIRA ISLANDS">
<emphasis bold="true" box="[788,891,1266,1292]" pageId="26" pageNumber="27">Funchal</emphasis>
• 
<specimenCount box="[913,994,1266,1293]" pageId="26" pageNumber="27" type="male">13 ♂♂</specimenCount>
, 
<specimenCount box="[1005,1071,1266,1293]" pageId="26" pageNumber="27" type="female">3 ♀♀</specimenCount>
; 
<location LSID="urn:lsid:plazi:treatment:03D77A7DFFCBF71EFDC3DFE0B0E0FBC5:8EA19DB0FFCBF718FBF8D9CDB5ACFAC6" box="[1084,1211,1266,1293]" name="Casa Fogo" pageId="26" pageNumber="27" stateProvince="Madeira">Casa Fogo</location>
; 
<elevation box="[1222,1357,1266,1293]" metricMagnitude="2" metricUnit="m" metricValue="2.0" pageId="26" pageNumber="27" unit="m" value="200.0">
<quantity box="[1222,1295,1266,1293]" metricMagnitude="2" metricUnit="m" metricValue="2.0" pageId="26" pageNumber="27" unit="m" value="200.0">200 m</quantity>
a.s.l.
</elevation>
; 
<date pageId="26" pageNumber="27" value="2002-04-16">
<collectingDate pageId="26" pageNumber="27" value="2002-04-16">16 Apr. 2002</collectingDate>
</date>
; 
<collectorName box="[318,491,1301,1330]" pageId="26" pageNumber="27">Énio B. Freitas</collectorName>
leg.; 
<collectedFrom box="[554,713,1301,1328]" pageId="26" pageNumber="27">
on 
<taxonomicName box="[586,713,1301,1328]" class="Magnoliopsida" family="Plantaginaceae" genus="Globularia" kingdom="Animalia" order="Lamiales" pageId="26" pageNumber="27" phylum="Tracheophyta" rank="species" species="salicina">
<emphasis box="[586,713,1301,1328]" italics="true" pageId="26" pageNumber="27">G. salicina</emphasis>
</taxonomicName>
</collectedFrom>
; 
<collectionCode box="[729,831,1301,1327]" pageId="26" pageNumber="27">UMACI</collectionCode>
. –
</materialsCitation>
<materialsCitation collectedFrom="on G. salicina" collectingDate="2002-04-16" collectionCode="UMACI" collectorName="Enio B. Freitas" elevation="200" location="Casa Fogo" pageId="26" pageNumber="27" specimenCount="16" specimenCount-female="3" specimenCount-male="13" stateProvince="Madeira">
<emphasis bold="true" box="[860,968,1301,1327]" pageId="26" pageNumber="27">Machico</emphasis>
• 
<specimenCount box="[988,1055,1301,1328]" pageId="26" pageNumber="27" type="male">2 ♂♂</specimenCount>
; 
<location LSID="urn:lsid:plazi:treatment:03D77A7DFFCBF71EFDC3DFE0B0E0FBC5:8EA19DB0FFCBF718FBEED82AB5F7FAFB" box="[1066,1248,1301,1328]" name="Pedras Brancas" pageId="26" pageNumber="27" stateProvince="Santa Cruz">Pedras Brancas</location>
; 
<elevation box="[1258,1392,1301,1328]" metricMagnitude="2" metricUnit="m" metricValue="1.38" pageId="26" pageNumber="27" unit="m" value="138.0">
<quantity box="[1258,1330,1301,1328]" metricMagnitude="2" metricUnit="m" metricValue="1.38" pageId="26" pageNumber="27" unit="m" value="138.0">138 m</quantity>
a.s.l.
</elevation>
; 
<date box="[189,351,1337,1363]" pageId="26" pageNumber="27" value="2003-05-14">
<collectingDate box="[189,351,1337,1363]" pageId="26" pageNumber="27" value="2003-05-14">14 May 2003</collectingDate>
</date>
; 
<collectorName box="[366,509,1336,1365]" pageId="26" pageNumber="27">Énio Freitas</collectorName>
leg.; 
<collectedFrom box="[577,762,1336,1363]" pageId="26" pageNumber="27">
on 
<taxonomicName box="[616,762,1336,1362]" class="Magnoliopsida" family="Amaranthaceae" genus="Suaeda" kingdom="Plantae" order="Caryophyllales" pageId="26" pageNumber="27" phylum="Tracheophyta" rank="species" species="vera">
<emphasis box="[616,762,1336,1362]" italics="true" pageId="26" pageNumber="27">Suaeda vera</emphasis>
</taxonomicName>
</collectedFrom>
; 
<collectionCode box="[779,881,1337,1363]" pageId="26" pageNumber="27">UMACI</collectionCode>
. –
</materialsCitation>
<materialsCitation collectedFrom="on G. salicina" collectingDate="2002-04-16" collectionCode="UMACI" collectorName="Enio B. Freitas" elevation="200" location="Casa Fogo" pageId="26" pageNumber="27" specimenCount="16" specimenCount-female="3" specimenCount-male="13" stateProvince="Madeira">
<emphasis bold="true" box="[916,1060,1336,1362]" pageId="26" pageNumber="27">
<collectingRegion box="[916,1060,1336,1362]" country="Cape Verde" name="Santa Cruz" pageId="26" pageNumber="27">Santa Cruz</collectingRegion>
</emphasis>
• 
<specimenCount box="[1089,1173,1336,1363]" pageId="26" pageNumber="27" type="male">76 ♂♂</specimenCount>
, 
<specimenCount box="[1186,1253,1337,1363]" pageId="26" pageNumber="27" type="female">8 ♀♀</specimenCount>
; 
<location LSID="urn:lsid:plazi:treatment:03D77A7DFFCBF71EFDC3DFE0B0E0FBC5:8EA19DB0FFCBF718FB31D807B465FA99" box="[1269,1394,1336,1362]" name="Cristo Rei" pageId="26" pageNumber="27" stateProvince="Santa Cruz">Cristo Rei</location>
; 
<elevation box="[189,326,1372,1398]" metricMagnitude="2" metricUnit="m" metricValue="1.2" pageId="26" pageNumber="27" unit="m" value="120.0">
<quantity box="[189,263,1372,1398]" metricMagnitude="2" metricUnit="m" metricValue="1.2" pageId="26" pageNumber="27" unit="m" value="120.0">120 m</quantity>
a.s.l.
</elevation>
; 
<date box="[339,494,1372,1398]" pageId="26" pageNumber="27" value="1998-04-26">
<collectingDate box="[339,494,1372,1398]" pageId="26" pageNumber="27" value="1998-04-26">26 Apr. 1998</collectingDate>
</date>
; 
<collectorName box="[505,654,1372,1398]" pageId="26" pageNumber="27">Dora Pombo</collectorName>
leg.; 
<collectedFrom box="[719,883,1372,1398]" pageId="26" pageNumber="27">
on 
<taxonomicName box="[754,883,1372,1398]" class="Magnoliopsida" family="Plantaginaceae" genus="Globularia" kingdom="Animalia" order="Lamiales" pageId="26" pageNumber="27" phylum="Tracheophyta" rank="species" species="salicina">
<emphasis box="[754,883,1372,1398]" italics="true" pageId="26" pageNumber="27">G. salicina</emphasis>
</taxonomicName>
</collectedFrom>
; 
<collectionCode box="[898,976,1372,1398]" collectionName="Darren A. Pollock" pageId="26" pageNumber="27">DAPC</collectionCode>
</materialsCitation>
• 
<materialsCitation collectedFrom="on G. salicina" collectingDate="2001-08-17" collectionCode="UMACI" collectorName="Enio B. Freitas" elevation="120" location="Cristo Rei" pageId="26" pageNumber="27" specimenCount="6" specimenCount-female="4" specimenCount-male="2" stateProvince="Santa Cruz">
<specimenCount box="[1000,1068,1372,1398]" pageId="26" pageNumber="27" type="male">2 ♂♂</specimenCount>
, 
<specimenCount box="[1080,1146,1372,1398]" pageId="26" pageNumber="27" type="female">4 ♀♀</specimenCount>
; same collection data as for preceding; 
<date box="[392,553,1407,1433]" pageId="26" pageNumber="27" value="2001-08-17">
<collectingDate box="[392,553,1407,1433]" pageId="26" pageNumber="27" value="2001-08-17">17 Aug. 2001</collectingDate>
</date>
; 
<collectorName box="[565,741,1407,1435]" pageId="26" pageNumber="27">Énio B. Freitas</collectorName>
leg.; 
<collectionCode box="[806,904,1407,1433]" pageId="26" pageNumber="27">UMACI</collectionCode>
</materialsCitation>
• 
<materialsCitation collectedFrom="on G. salicina" collectingDate="2003-04-29" collectionCode="DAPC" collectorName="Enio B. Freitas" elevation="120" location="Cristo Rei" pageId="26" pageNumber="27" specimenCount="9" specimenCount-female="4" specimenCount-male="5" stateProvince="Santa Cruz">
<specimenCount box="[927,995,1407,1434]" pageId="26" pageNumber="27" type="male">5 ♂♂</specimenCount>
, 
<specimenCount box="[1007,1074,1407,1433]" pageId="26" pageNumber="27" type="female">4 ♀♀</specimenCount>
; same collection data as for preceding; 
<date box="[321,479,1442,1468]" pageId="26" pageNumber="27" value="2003-04-29">
<collectingDate box="[321,479,1442,1468]" pageId="26" pageNumber="27" value="2003-04-29">29 Apr. 2003</collectingDate>
</date>
; 
<collectionCode box="[492,570,1442,1468]" collectionName="Darren A. Pollock" pageId="26" pageNumber="27">DAPC</collectionCode>
</materialsCitation>
• 
<materialsCitation collectedFrom="on G. salicina" collectingDate="2003-04-29" collectionCode="UMACI" collectorName="Enio B. Freitas" elevation="60" location="Gaula" pageId="26" pageNumber="27" specimenCount="12" specimenCount-female="6" specimenCount-male="6" stateProvince="Santa Cruz">
<specimenCount box="[597,666,1442,1469]" pageId="26" pageNumber="27" type="male">6 ♂♂</specimenCount>
, 
<specimenCount box="[680,748,1442,1469]" pageId="26" pageNumber="27" type="female">6 ♀♀</specimenCount>
; 
<location LSID="urn:lsid:plazi:treatment:03D77A7DFFCBF71EFDC3DFE0B0E0FBC5:8EA19DB0FFCBF718FD3FD89DB252FA77" box="[763,837,1442,1468]" name="Gaula" pageId="26" pageNumber="27" stateProvince="Santa Cruz">Gaula</location>
; 
<elevation box="[849,975,1442,1469]" metricMagnitude="1" metricUnit="m" metricValue="6.0" pageId="26" pageNumber="27" unit="m" value="60.0">
<quantity box="[849,910,1442,1469]" metricMagnitude="1" metricUnit="m" metricValue="6.0" pageId="26" pageNumber="27" unit="m" value="60.0">60 m</quantity>
a.s.l.
</elevation>
; 
<date box="[989,1147,1442,1468]" pageId="26" pageNumber="27" value="2003-04-29">
<collectingDate box="[989,1147,1442,1468]" pageId="26" pageNumber="27" value="2003-04-29">29 Apr. 2003</collectingDate>
</date>
; 
<collectorName box="[1160,1339,1442,1471]" pageId="26" pageNumber="27">Énio B. Freitas</collectorName>
leg.; 
<collectedFrom box="[189,353,1477,1504]" pageId="26" pageNumber="27">
on 
<taxonomicName box="[225,353,1477,1504]" class="Magnoliopsida" family="Plantaginaceae" genus="Globularia" kingdom="Animalia" order="Lamiales" pageId="26" pageNumber="27" phylum="Tracheophyta" rank="species" species="salicina">
<emphasis box="[225,353,1477,1504]" italics="true" pageId="26" pageNumber="27">G. salicina</emphasis>
</taxonomicName>
</collectedFrom>
; 
<collectionCode box="[368,466,1477,1503]" pageId="26" pageNumber="27">UMACI</collectionCode>
</materialsCitation>
• 
<materialsCitation box="[490,1382,1477,1504]" collectedFrom="on G. salicina" collectingDate="2003-04-29" collectionCode="UMACI" collectorName="D. Aguin-Pombo" elevation="60" location="Gaula" pageId="26" pageNumber="27" specimenCount="6" specimenCount-female="6" stateProvince="Santa Cruz">
<specimenCount box="[490,557,1477,1504]" pageId="26" pageNumber="27" type="female">6 ♀♀</specimenCount>
; same collection data as for preceding; 
<collectorName box="[1019,1218,1477,1504]" pageId="26" pageNumber="27">D. Aguín-Pombo</collectorName>
leg.; 
<collectionCode box="[1284,1382,1477,1503]" pageId="26" pageNumber="27">UMACI</collectionCode>
</materialsCitation>
• 
<materialsCitation box="[189,1235,1512,1541]" collectedFrom="on G. salicina" collectingDate="2003-04-16" collectionCode="UMACI" collectorName="Enio B. Freitas" elevation="50" location="Porto Novo" pageId="26" pageNumber="27" specimenCount="2" specimenCount-male="2" stateProvince="Porto Novo">
<specimenCount box="[189,257,1513,1539]" pageId="26" pageNumber="27" type="male">2 ♂♂</specimenCount>
; 
<collectingRegion box="[269,408,1513,1539]" country="Cape Verde" name="Porto Novo" pageId="26" pageNumber="27">Porto Novo</collectingRegion>
; 
<elevation box="[419,541,1512,1539]" metricMagnitude="1" metricUnit="m" metricValue="5.0" pageId="26" pageNumber="27" unit="m" value="50.0">
<quantity box="[419,478,1512,1539]" metricMagnitude="1" metricUnit="m" metricValue="5.0" pageId="26" pageNumber="27" unit="m" value="50.0">50 m</quantity>
a.s.l.
</elevation>
; 
<date box="[553,708,1512,1539]" pageId="26" pageNumber="27" value="2003-04-16">
<collectingDate box="[553,708,1512,1539]" pageId="26" pageNumber="27" value="2003-04-16">16 Apr. 2003</collectingDate>
</date>
; 
<collectorName box="[719,894,1512,1541]" pageId="26" pageNumber="27">Énio B. Freitas</collectorName>
leg.; 
<collectedFrom box="[959,1123,1512,1539]" pageId="26" pageNumber="27">
on 
<taxonomicName box="[994,1123,1512,1539]" class="Magnoliopsida" family="Plantaginaceae" genus="Globularia" kingdom="Animalia" order="Lamiales" pageId="26" pageNumber="27" phylum="Tracheophyta" rank="species" species="salicina">
<emphasis box="[994,1123,1512,1539]" italics="true" pageId="26" pageNumber="27">G. salicina</emphasis>
</taxonomicName>
</collectedFrom>
; 
<collectionCode box="[1137,1235,1513,1539]" pageId="26" pageNumber="27">UMACI</collectionCode>
</materialsCitation>
• 
<materialsCitation collectedFrom="on G. salicina" collectingDate="2003-04-29" collectionCode="UMACI" collectorName="Dora Pombo" elevation="50" location="Porto Novo" pageId="26" pageNumber="27" specimenCount="7" specimenCount-male="7" stateProvince="Porto Novo">
<specimenCount box="[1258,1326,1513,1539]" pageId="26" pageNumber="27" type="male">7 ♂♂</specimenCount>
; same collection data as for preceding; 
<date box="[576,732,1548,1574]" pageId="26" pageNumber="27" value="2003-04-29">
<collectingDate box="[576,732,1548,1574]" pageId="26" pageNumber="27" value="2003-04-29">29 Apr. 2003</collectingDate>
</date>
; 
<collectorName box="[745,895,1548,1574]" pageId="26" pageNumber="27">Dora Pombo</collectorName>
leg.; 
<collectionCode box="[962,1060,1548,1574]" pageId="26" pageNumber="27">UMACI</collectionCode>
</materialsCitation>
• 
<materialsCitation collectedFrom="on G. salicina" collectingDate="2003-04-29" collectionCode="UMACI" collectorName="Enio Freitas" elevation="50" location="Reis Magos" pageId="26" pageNumber="27" specimenCount="8" specimenCount-female="6" specimenCount-male="2" stateProvince="Porto Novo">
<specimenCount box="[1086,1154,1548,1574]" pageId="26" pageNumber="27" type="male">2 ♂♂</specimenCount>
, 
<specimenCount box="[1168,1235,1548,1574]" pageId="26" pageNumber="27" type="female">6 ♀♀</specimenCount>
; 
<location LSID="urn:lsid:plazi:treatment:03D77A7DFFCBF71EFDC3DFE0B0E0FBC5:8EA19DB0FFCBF718FB26DB33B465F9ED" box="[1250,1394,1548,1574]" name="Reis Magos" pageId="26" pageNumber="27" stateProvince="Porto Novo">Reis Magos</location>
; 
<elevation box="[189,319,1583,1610]" metricMagnitude="1" metricUnit="m" metricValue="5.0" pageId="26" pageNumber="27" unit="m" value="50.0">
<quantity box="[189,252,1583,1610]" metricMagnitude="1" metricUnit="m" metricValue="5.0" pageId="26" pageNumber="27" unit="m" value="50.0">50 m</quantity>
a.s.l.
</elevation>
; 
<date box="[335,498,1583,1609]" pageId="26" pageNumber="27" value="2003-04-29">
<collectingDate box="[335,498,1583,1609]" pageId="26" pageNumber="27" value="2003-04-29">29 Apr. 2003</collectingDate>
</date>
; 
<collectorName box="[513,659,1583,1611]" pageId="26" pageNumber="27">Énio Freitas</collectorName>
leg.; 
<collectedFrom box="[731,903,1583,1609]" pageId="26" pageNumber="27">
on 
<taxonomicName box="[771,903,1583,1609]" class="Magnoliopsida" family="Plantaginaceae" genus="Globularia" kingdom="Animalia" order="Lamiales" pageId="26" pageNumber="27" phylum="Tracheophyta" rank="species" species="salicina">
<emphasis box="[771,903,1583,1609]" italics="true" pageId="26" pageNumber="27">G. salicina</emphasis>
</taxonomicName>
</collectedFrom>
; 
<collectionCode box="[922,1020,1583,1609]" pageId="26" pageNumber="27">UMACI</collectionCode>
</materialsCitation>
• 
<materialsCitation collectedFrom="on G. salicina" collectingDate="2001-08-17" collectionCode="UMACI" collectorName="Enio Freitas" elevation="175" location="Urbanizacao Garajau" pageId="26" pageNumber="27" specimenCount="4" specimenCount-female="4" stateProvince="Porto Novo">
<specimenCount box="[1051,1121,1583,1609]" pageId="26" pageNumber="27" type="female">4 ♀♀</specimenCount>
; 
<location LSID="urn:lsid:plazi:treatment:03D77A7DFFCBF71EFDC3DFE0B0E0FBC5:8EA19DB0FFCBF718FBB7DB10B465F982" box="[1139,1394,1583,1609]" name="Urbanizacao Garajau" pageId="26" pageNumber="27" stateProvince="Porto Novo">Urbanização Garajau</location>
; 
<elevation box="[189,327,1618,1645]" metricMagnitude="2" metricUnit="m" metricValue="1.75" pageId="26" pageNumber="27" unit="m" value="175.0">
<quantity box="[189,263,1618,1645]" metricMagnitude="2" metricUnit="m" metricValue="1.75" pageId="26" pageNumber="27" unit="m" value="175.0">175 m</quantity>
a.s.l.
</elevation>
; 
<date box="[341,503,1618,1644]" pageId="26" pageNumber="27" value="2001-08-17">
<collectingDate box="[341,503,1618,1644]" pageId="26" pageNumber="27" value="2001-08-17">17 Aug. 2001</collectingDate>
</date>
; 
<collectorName box="[515,658,1618,1647]" pageId="26" pageNumber="27">Énio Freitas</collectorName>
leg.; 
<collectedFrom box="[723,889,1618,1645]" pageId="26" pageNumber="27">
on 
<taxonomicName box="[760,889,1618,1645]" class="Magnoliopsida" family="Plantaginaceae" genus="Globularia" kingdom="Animalia" order="Lamiales" pageId="26" pageNumber="27" phylum="Tracheophyta" rank="species" species="salicina">
<emphasis box="[760,889,1618,1645]" italics="true" pageId="26" pageNumber="27">G. salicina</emphasis>
</taxonomicName>
</collectedFrom>
; 
<collectionCode box="[904,1006,1618,1644]" pageId="26" pageNumber="27">UMACI</collectionCode>
</materialsCitation>
.
</paragraph>
</subSubSection>
<subSubSection lastPageId="28" lastPageNumber="29" pageId="26" pageNumber="27" type="description">
<paragraph blockId="26.[189,363,1683,1709]" box="[189,363,1683,1709]" pageId="26" pageNumber="27">
<heading bold="true" box="[189,363,1683,1709]" fontSize="11" level="3" pageId="26" pageNumber="27" reason="3">
<emphasis bold="true" box="[189,363,1683,1709]" pageId="26" pageNumber="27">Redescription</emphasis>
</heading>
</paragraph>
<paragraph blockId="26.[188,1398,1730,1792]" pageId="26" pageNumber="27">
BODY MEASUREMENTS (mm). VW: males: 0.20–0.28, 0.24 ± 0.02 (n = 21); females: 0.28–0.34, 0.30 ± 0.02 (n = 13). See also 
<tableCitation box="[401,495,1765,1791]" captionStart="Table 1" captionStartId="4.[182,251,537,565]" captionTargetBox="[190,1917,677,1747]" captionTargetPageId="4" captionText="Table 1. Measurements of males and females of Cixius Latreille, 1804, Hyalesthes Signoret, 1865 and Tachycixius Wagner, 1939. Abbreviations: BL = body length; ML = mesonotum length; MW = mesonotum width; PW = pronotum width; WL = wing length. All measurements in mm." pageId="26" pageNumber="27">Table 1.</tableCitation>
</paragraph>
<paragraph blockId="26.[189,685,1831,1857]" box="[189,685,1831,1857]" pageId="26" pageNumber="27">
COLOURATION. As in 
<taxonomicName authorityName="Remane &amp; Hoch" authorityYear="1986" box="[422,564,1831,1857]" class="Insecta" family="Cixiidae" genus="Hyalesthes" kingdom="Animalia" order="Hemiptera" pageId="26" pageNumber="27" phylum="Arthropoda" rank="species" species="madeires">
<emphasis box="[422,564,1831,1857]" italics="true" pageId="26" pageNumber="27">H. madeires</emphasis>
</taxonomicName>
(
<figureCitation box="[582,672,1831,1857]" captionStart="Fig" captionStartId="7.[189,232,1777,1803]" captionTargetBox="[224,1373,382,1630]" captionTargetId="figure-11@7.[189,1398,339,1665]" captionTargetPageId="7" captionText="Fig. 3. Habitus. A–B. Cixius madeirensis China, 1938. A. ♂ from Vereda Paul, 23 Jul. 2002, on Pteridium aquilinum (L.) Kuhn. B. ♀ from Corredor Verde, 16 Apr. 2002, on P. aquilinum. C. Cixius verticalis Noualhier, 1897, ♂ from Chão da Ribeira, 4 Sep. 1998. D. Cixius wollastoni sp. nov., ♂ from Ribeiro Frio, 24 May 2002, on Digitalis purpurea L. (the arrows indicate the brown stripes). E. Tachycixius chaoensis China, 1938, ♂ from Ponta de São Lourenço, 11 May 2001, on Suaeda vera Forssk. ex J.F.Gmel. F. Hyalesthes madeires Remane &amp; Hoch, 1986, ♂ from Serra de Água, 9 Jul. 2001, on Globularia salicina Lam." figureDoi="http://doi.org/10.5281/zenodo.4663779" httpUri="https://zenodo.org/record/4663779/files/figure.png" pageId="26" pageNumber="27">Fig. 3F</figureCitation>
).
</paragraph>
<paragraph blockId="26.[189,1398,1896,1958]" pageId="26" pageNumber="27">
HEAD. Vertex, frons, clypeus and medial ocellus as in 
<taxonomicName authorityName="Remane &amp; Hoch" authorityYear="1986" box="[861,1007,1896,1922]" class="Insecta" family="Cixiidae" genus="Hyalesthes" kingdom="Animalia" order="Hemiptera" pageId="26" pageNumber="27" phylum="Arthropoda" rank="species" species="madeires">
<emphasis box="[861,1007,1896,1922]" italics="true" pageId="26" pageNumber="27">H. madeires</emphasis>
</taxonomicName>
, but the vertex is usually more elongated and the margins are usually parallel (
<figureCitation box="[744,888,1931,1957]" captionStart="Fig" captionStartId="27.[189,232,1778,1804]" captionTargetBox="[263,1326,273,1724]" captionTargetId="figure-12@27.[250,1338,265,1735]" captionTargetPageId="27" captionText="Fig. 12. Hyalesthes portonoves Remane &amp; Hoch, 1986. A–B. Specimen from Porto Novo, 16 Apr. 2003, on Globularia salicina Lam. C, G. Specimen from Casa Fogo, 16 Apr. 2002, on G. salicina. D, J–K. Specimens from Pedras Brancas, 14Apr. 2002, onSuaeda vera Forssk. ex J.F.Gmel.E–F. Specimen from Gaula, 29 Apr. 2003, on G. salicina. H–I, L–M. Specimen from Porto Novo, 29 Apr. 2003, on G. salicina.A. Head (frontal view).B. Head, pronotum and scutellum (dorsal view).C–D. Left paramere. E. Pygofer (ventral view). F. Anal tube (caudal view). G. Pygofer (left lateral view). H. Anal tube (left lateral view). I–M. Aedeagus (I–J, left lateral view; K–L, dorsal view; M, ventral view)." figureDoi="http://doi.org/10.5281/zenodo.4663805" httpUri="https://zenodo.org/record/4663805/files/figure.png" pageId="26" pageNumber="27">Fig. 12A–B</figureCitation>
).
</paragraph>
<paragraph blockId="26.[189,1312,1997,2024]" lastBlockId="28.[187,1400,265,573]" lastPageId="28" lastPageNumber="29" pageId="26" pageNumber="27">
THORAX. Pronotum, mesonotum, tegula, tegmina, and legs as in 
<taxonomicName authorityName="Remane &amp; Hoch" authorityYear="1986" box="[938,1080,1997,2023]" class="Insecta" family="Cixiidae" genus="Hyalesthes" kingdom="Animalia" order="Hemiptera" pageId="26" pageNumber="27" phylum="Arthropoda" rank="species" species="madeires">
<emphasis box="[938,1080,1997,2023]" italics="true" pageId="26" pageNumber="27">H. madeires</emphasis>
</taxonomicName>
(
<figureCitation box="[1096,1187,1997,2023]" captionStart="Fig" captionStartId="7.[189,232,1777,1803]" captionTargetBox="[224,1373,382,1630]" captionTargetId="figure-11@7.[189,1398,339,1665]" captionTargetPageId="7" captionText="Fig. 3. Habitus. A–B. Cixius madeirensis China, 1938. A. ♂ from Vereda Paul, 23 Jul. 2002, on Pteridium aquilinum (L.) Kuhn. B. ♀ from Corredor Verde, 16 Apr. 2002, on P. aquilinum. C. Cixius verticalis Noualhier, 1897, ♂ from Chão da Ribeira, 4 Sep. 1998. D. Cixius wollastoni sp. nov., ♂ from Ribeiro Frio, 24 May 2002, on Digitalis purpurea L. (the arrows indicate the brown stripes). E. Tachycixius chaoensis China, 1938, ♂ from Ponta de São Lourenço, 11 May 2001, on Suaeda vera Forssk. ex J.F.Gmel. F. Hyalesthes madeires Remane &amp; Hoch, 1986, ♂ from Serra de Água, 9 Jul. 2001, on Globularia salicina Lam." figureDoi="http://doi.org/10.5281/zenodo.4663779" httpUri="https://zenodo.org/record/4663779/files/figure.png" pageId="26" pageNumber="27">Figs 3F</figureCitation>
, 
<figureCitation box="[1199,1234,1997,2024]" captionStart="Fig" captionStartId="12.[189,232,1776,1802]" captionTargetBox="[256,1304,288,1714]" captionTargetId="figure-18@12.[233,1353,266,1738]" captionTargetPageId="12" captionText="Fig. 5. Male forewings. A. Cixius madeirensis China, 1938 from Vereda Paul, 23 Jul. 2002, on Pteridium aquilinum (L.) Kuhn. B. Cixius verticalis Noualhier, 1897 from Chão da Ribeira, 30 Apr. 2002, on Diplazium caudatum (Cav.) Jermy. C. Cixius wollastoni sp. nov. from Ribeiro Frio, 24 Apr. 2002, on Digitalis purpurea L. D. Hyalesthes madeires Remane &amp; Hoch, 1986 from Serra de Água, 9 Jul. 2001, on Globularia salicina Lam. E. Hyalesthes portonoves Remane &amp; Hoch, 1986 from Porto Novo, 16 Apr. 2003, on G. salicina. F. Tachycixius chaoensis (China, 1938) from Ponta de São Lourenço, 11 May 2001, on Suaeda vera Forssk. ex J.F.Gmel." figureDoi="http://doi.org/10.5281/zenodo.4663783" httpUri="https://zenodo.org/record/4663783/files/figure.png" pageId="26" pageNumber="27">5E</figureCitation>
, 
<figureCitation box="[1246,1299,1997,2023]" captionStart="Fig" captionStartId="27.[189,232,1778,1804]" captionTargetBox="[263,1326,273,1724]" captionTargetId="figure-12@27.[250,1338,265,1735]" captionTargetPageId="27" captionText="Fig. 12. Hyalesthes portonoves Remane &amp; Hoch, 1986. A–B. Specimen from Porto Novo, 16 Apr. 2003, on Globularia salicina Lam. C, G. Specimen from Casa Fogo, 16 Apr. 2002, on G. salicina. D, J–K. Specimens from Pedras Brancas, 14Apr. 2002, onSuaeda vera Forssk. ex J.F.Gmel.E–F. Specimen from Gaula, 29 Apr. 2003, on G. salicina. H–I, L–M. Specimen from Porto Novo, 29 Apr. 2003, on G. salicina.A. Head (frontal view).B. Head, pronotum and scutellum (dorsal view).C–D. Left paramere. E. Pygofer (ventral view). F. Anal tube (caudal view). G. Pygofer (left lateral view). H. Anal tube (left lateral view). I–M. Aedeagus (I–J, left lateral view; K–L, dorsal view; M, ventral view)." figureDoi="http://doi.org/10.5281/zenodo.4663805" httpUri="https://zenodo.org/record/4663805/files/figure.png" pageId="26" pageNumber="27">12B</figureCitation>
). MALE GENITALIA (see also 
<bibRefCitation author="Remane R. &amp; Hoch H." box="[498,766,265,291]" pageId="28" pageNumber="29" pagination="123 - 151" refId="ref19883" refString="Remane R. &amp; Hoch H. 1986. Sechs neue Arten der Gattung Hyalesthes Signoret, 1865 (Homoptera Fulgoroidea Cixiidae) von den Mittelatlantischen Inseln und aus dem Irak. Marburger Entomologische Publikationen 2 (3): 123 - 151." type="journal article" year="1986">Remane &amp; Hoch 1986</bibRefCitation>
). Pygofer, anal tube, anal styles and parameres as in 
<taxonomicName authorityName="Remane &amp; Hoch" authorityYear="1986" box="[191,331,300,326]" class="Insecta" family="Cixiidae" genus="Hyalesthes" kingdom="Animalia" order="Hemiptera" pageId="28" pageNumber="29" phylum="Arthropoda" rank="species" species="madeires">
<emphasis box="[191,331,300,326]" italics="true" pageId="28" pageNumber="29">H. madeires</emphasis>
</taxonomicName>
(
<figureCitation box="[344,487,300,326]" captionStart="Fig" captionStartId="27.[189,232,1778,1804]" captionTargetBox="[263,1326,273,1724]" captionTargetId="figure-12@27.[250,1338,265,1735]" captionTargetPageId="27" captionText="Fig. 12. Hyalesthes portonoves Remane &amp; Hoch, 1986. A–B. Specimen from Porto Novo, 16 Apr. 2003, on Globularia salicina Lam. C, G. Specimen from Casa Fogo, 16 Apr. 2002, on G. salicina. D, J–K. Specimens from Pedras Brancas, 14Apr. 2002, onSuaeda vera Forssk. ex J.F.Gmel.E–F. Specimen from Gaula, 29 Apr. 2003, on G. salicina. H–I, L–M. Specimen from Porto Novo, 29 Apr. 2003, on G. salicina.A. Head (frontal view).B. Head, pronotum and scutellum (dorsal view).C–D. Left paramere. E. Pygofer (ventral view). F. Anal tube (caudal view). G. Pygofer (left lateral view). H. Anal tube (left lateral view). I–M. Aedeagus (I–J, left lateral view; K–L, dorsal view; M, ventral view)." figureDoi="http://doi.org/10.5281/zenodo.4663805" httpUri="https://zenodo.org/record/4663805/files/figure.png" pageId="28" pageNumber="29">Fig. 12C–H</figureCitation>
). Body length, position, and curvature of the ventral spine, and the dorsocaudal thorns of the aedeagus as in 
<taxonomicName authorityName="Remane &amp; Hoch" authorityYear="1986" box="[536,681,335,361]" class="Insecta" family="Cixiidae" genus="Hyalesthes" kingdom="Animalia" order="Hemiptera" pageId="28" pageNumber="29" phylum="Arthropoda" rank="species" species="madeires">
<emphasis box="[536,681,335,361]" italics="true" pageId="28" pageNumber="29">H. madeires</emphasis>
</taxonomicName>
, but the thorns are almost parallel or divergent distally and sometimes the dorsal thorn medially touches the ventral spine (
<figureCitation box="[956,1083,370,397]" captionStart="Fig" captionStartId="27.[189,232,1778,1804]" captionTargetBox="[263,1326,273,1724]" captionTargetId="figure-12@27.[250,1338,265,1735]" captionTargetPageId="27" captionText="Fig. 12. Hyalesthes portonoves Remane &amp; Hoch, 1986. A–B. Specimen from Porto Novo, 16 Apr. 2003, on Globularia salicina Lam. C, G. Specimen from Casa Fogo, 16 Apr. 2002, on G. salicina. D, J–K. Specimens from Pedras Brancas, 14Apr. 2002, onSuaeda vera Forssk. ex J.F.Gmel.E–F. Specimen from Gaula, 29 Apr. 2003, on G. salicina. H–I, L–M. Specimen from Porto Novo, 29 Apr. 2003, on G. salicina.A. Head (frontal view).B. Head, pronotum and scutellum (dorsal view).C–D. Left paramere. E. Pygofer (ventral view). F. Anal tube (caudal view). G. Pygofer (left lateral view). H. Anal tube (left lateral view). I–M. Aedeagus (I–J, left lateral view; K–L, dorsal view; M, ventral view)." figureDoi="http://doi.org/10.5281/zenodo.4663805" httpUri="https://zenodo.org/record/4663805/files/figure.png" pageId="28" pageNumber="29">Fig. 12I–J</figureCitation>
). The thorns extend along 4/5 of the aedeagus but without overlapping distally. The dorsal thorn is oblique and straight, and is basally directed towards the ventral spine (
<figureCitation box="[713,841,441,467]" captionStart="Fig" captionStartId="27.[189,232,1778,1804]" captionTargetBox="[263,1326,273,1724]" captionTargetId="figure-12@27.[250,1338,265,1735]" captionTargetPageId="27" captionText="Fig. 12. Hyalesthes portonoves Remane &amp; Hoch, 1986. A–B. Specimen from Porto Novo, 16 Apr. 2003, on Globularia salicina Lam. C, G. Specimen from Casa Fogo, 16 Apr. 2002, on G. salicina. D, J–K. Specimens from Pedras Brancas, 14Apr. 2002, onSuaeda vera Forssk. ex J.F.Gmel.E–F. Specimen from Gaula, 29 Apr. 2003, on G. salicina. H–I, L–M. Specimen from Porto Novo, 29 Apr. 2003, on G. salicina.A. Head (frontal view).B. Head, pronotum and scutellum (dorsal view).C–D. Left paramere. E. Pygofer (ventral view). F. Anal tube (caudal view). G. Pygofer (left lateral view). H. Anal tube (left lateral view). I–M. Aedeagus (I–J, left lateral view; K–L, dorsal view; M, ventral view)." figureDoi="http://doi.org/10.5281/zenodo.4663805" httpUri="https://zenodo.org/record/4663805/files/figure.png" pageId="28" pageNumber="29">Fig. 12I–J</figureCitation>
). The ventral thorn is thicker and longer than the dorsal; it is approximately 3 times as wide and thick in the middle part than it is at the base, and sometimes the ventral margin is slightly arched in the middle part; in dorsal and ventral view they cross (
<figureCitation box="[197,348,546,573]" captionStart="Fig" captionStartId="27.[189,232,1778,1804]" captionTargetBox="[263,1326,273,1724]" captionTargetId="figure-12@27.[250,1338,265,1735]" captionTargetPageId="27" captionText="Fig. 12. Hyalesthes portonoves Remane &amp; Hoch, 1986. A–B. Specimen from Porto Novo, 16 Apr. 2003, on Globularia salicina Lam. C, G. Specimen from Casa Fogo, 16 Apr. 2002, on G. salicina. D, J–K. Specimens from Pedras Brancas, 14Apr. 2002, onSuaeda vera Forssk. ex J.F.Gmel.E–F. Specimen from Gaula, 29 Apr. 2003, on G. salicina. H–I, L–M. Specimen from Porto Novo, 29 Apr. 2003, on G. salicina.A. Head (frontal view).B. Head, pronotum and scutellum (dorsal view).C–D. Left paramere. E. Pygofer (ventral view). F. Anal tube (caudal view). G. Pygofer (left lateral view). H. Anal tube (left lateral view). I–M. Aedeagus (I–J, left lateral view; K–L, dorsal view; M, ventral view)." figureDoi="http://doi.org/10.5281/zenodo.4663805" httpUri="https://zenodo.org/record/4663805/files/figure.png" pageId="28" pageNumber="29">Fig. 12K–M</figureCitation>
).
</paragraph>
<caption ID-DOI="http://doi.org/10.5281/zenodo.4663805" ID-Zenodo-Dep="4663805" httpUri="https://zenodo.org/record/4663805/files/figure.png" pageId="27" pageNumber="28" startId="27.[189,232,1778,1804]" targetBox="[263,1326,273,1724]" targetPageId="27">
<paragraph blockId="27.[186,1399,1778,2017]" pageId="27" pageNumber="28">
<emphasis bold="true" box="[189,285,1778,1804]" pageId="27" pageNumber="28">Fig. 12.</emphasis>
<taxonomicName authority="Remane &amp; Hoch, 1986" authorityName="Remane &amp; Hoch" authorityYear="1986" box="[296,864,1779,1805]" class="Insecta" family="Cixiidae" genus="Hyalesthes" kingdom="Animalia" order="Hemiptera" pageId="27" pageNumber="28" phylum="Arthropoda" rank="species" species="portonoves">
<emphasis box="[296,567,1779,1805]" italics="true" pageId="27" pageNumber="28">Hyalesthes portonoves</emphasis>
<bibRefCitation author="Remane R. &amp; Hoch H." box="[578,864,1779,1805]" pageId="27" pageNumber="28" pagination="123 - 151" refId="ref19883" refString="Remane R. &amp; Hoch H. 1986. Sechs neue Arten der Gattung Hyalesthes Signoret, 1865 (Homoptera Fulgoroidea Cixiidae) von den Mittelatlantischen Inseln und aus dem Irak. Marburger Entomologische Publikationen 2 (3): 123 - 151." type="journal article" year="1986">Remane &amp; Hoch, 1986</bibRefCitation>
</taxonomicName>
. 
<emphasis bold="true" box="[880,935,1778,1804]" pageId="27" pageNumber="28">A–B</emphasis>
. Specimen from Porto Novo, 16 Apr. 2003, on 
<taxonomicName authority="Lam. C" authorityName="Lam. C" box="[302,633,1814,1840]" class="Magnoliopsida" family="Plantaginaceae" genus="Globularia" kingdom="Animalia" order="Lamiales" pageId="27" pageNumber="28" phylum="Tracheophyta" rank="species" species="salicina">
<emphasis box="[302,534,1814,1840]" italics="true" pageId="27" pageNumber="28">Globularia salicina</emphasis>
Lam. 
<emphasis bold="true" box="[611,633,1814,1840]" pageId="27" pageNumber="28">C</emphasis>
</taxonomicName>
<emphasis bold="true" box="[634,670,1814,1840]" pageId="27" pageNumber="28">, G</emphasis>
. Specimen from Casa Fogo, 16 Apr. 2002, on 
<taxonomicName box="[1225,1354,1814,1840]" class="Magnoliopsida" family="Plantaginaceae" genus="Globularia" kingdom="Animalia" order="Lamiales" pageId="27" pageNumber="28" phylum="Tracheophyta" rank="species" species="salicina">
<emphasis box="[1225,1354,1814,1840]" italics="true" pageId="27" pageNumber="28">G. salicina</emphasis>
</taxonomicName>
. 
<emphasis bold="true" pageId="27" pageNumber="28">D, J–K</emphasis>
. Specimens from Pedras Brancas, 14Apr. 2002, on 
<taxonomicName authority="Forssk. ex J. F. Gmel. E" authorityName="J. F. Gmel. E" box="[828,1235,1849,1876]" class="Magnoliopsida" family="Amaranthaceae" genus="Suaeda" kingdom="Plantae" order="Caryophyllales" pageId="27" pageNumber="28" phylum="Tracheophyta" rank="species" species="vera">
<emphasis box="[828,971,1849,1875]" italics="true" pageId="27" pageNumber="28">Suaeda vera</emphasis>
Forssk. ex J.F.Gmel. 
<emphasis bold="true" box="[1216,1235,1849,1875]" pageId="27" pageNumber="28">E</emphasis>
</taxonomicName>
<emphasis bold="true" box="[1235,1268,1849,1875]" pageId="27" pageNumber="28">–F</emphasis>
. Specimen from Gaula, 29 Apr. 2003, on 
<taxonomicName box="[558,687,1884,1911]" class="Magnoliopsida" family="Plantaginaceae" genus="Globularia" kingdom="Animalia" order="Lamiales" pageId="27" pageNumber="28" phylum="Tracheophyta" rank="species" species="salicina">
<emphasis box="[558,687,1884,1911]" italics="true" pageId="27" pageNumber="28">G. salicina</emphasis>
</taxonomicName>
. 
<emphasis bold="true" box="[703,831,1884,1910]" pageId="27" pageNumber="28">H–I, L–M</emphasis>
. Specimen from Porto Novo, 29 Apr. 2003, on 
<emphasis box="[191,325,1919,1946]" italics="true" pageId="27" pageNumber="28">
<taxonomicName box="[191,322,1919,1946]" class="Magnoliopsida" family="Plantaginaceae" genus="Globularia" kingdom="Animalia" order="Lamiales" pageId="27" pageNumber="28" phylum="Tracheophyta" rank="species" species="salicina">G. salicina</taxonomicName>
.
</emphasis>
<emphasis bold="true" box="[326,347,1919,1945]" pageId="27" pageNumber="28">A</emphasis>
. Head (frontal view). 
<emphasis bold="true" box="[599,619,1920,1946]" pageId="27" pageNumber="28">B</emphasis>
. Head, pronotum and scutellum (dorsal view). 
<emphasis bold="true" box="[1156,1213,1919,1945]" pageId="27" pageNumber="28">C–D</emphasis>
. Left paramere. 
<emphasis bold="true" box="[187,207,1955,1981]" pageId="27" pageNumber="28">E</emphasis>
. Pygofer (ventral view). 
<emphasis bold="true" box="[505,523,1955,1981]" pageId="27" pageNumber="28">F</emphasis>
. Anal tube (caudal view). 
<emphasis bold="true" box="[834,857,1954,1980]" pageId="27" pageNumber="28">G</emphasis>
. Pygofer (left lateral view). 
<emphasis bold="true" box="[1191,1214,1955,1981]" pageId="27" pageNumber="28">H</emphasis>
. Anal tube (left lateral view). 
<emphasis bold="true" box="[351,405,1990,2016]" pageId="27" pageNumber="28">I–M</emphasis>
. Aedeagus (I–J, left lateral view; K–L, dorsal view; M, ventral view).
</paragraph>
</caption>
<paragraph blockId="28.[189,694,612,639]" box="[189,694,612,639]" pageId="28" pageNumber="29">
FEMALE GENITALIA. As shown in 
<figureCitation box="[561,690,612,638]" captionStart="Fig" captionStartId="16.[189,232,1812,1838]" captionTargetBox="[307,1267,287,1757]" captionTargetId="figure-18@16.[295,1292,265,1769]" captionTargetPageId="16" captionText="Fig. 8. Female genitalia. A–B. Cixius madeirensis China, 1938 from Vereda do Paul da Serra, 23 Jul. 2002, onPeteridium aquilinum (L.) Kuhn. C–D. Cixius verticalis Noualhier, 1897 from Chão da Ribeira (500 m a.s.l.), 30 Apr. 2002, on Diplazium caudatum (Cav.) Jermy. E–F. Tachycixius chaoensis (China, 1938) from Ponta de São Lourenço, 11 May 2001, on Suaeda vera Forssk. ex J.F.Gmel. G–H. Hyalesthes portonoves Remane &amp; Hoch, 1986. G. Specimen from Porto Novo, 25 Apr. 2003, on G. salicina Lam. H. Specimen from Cristo Rei, 26 Apr. 1998, on G. salicina." figureDoi="http://doi.org/10.5281/zenodo.4663795" httpUri="https://zenodo.org/record/4663795/files/figure.png" pageId="28" pageNumber="29">Fig. 8G–H</figureCitation>
.
</paragraph>
</subSubSection>
<subSubSection pageId="28" pageNumber="29" type="distribution">
<paragraph blockId="28.[189,497,677,704]" box="[189,497,677,704]" pageId="28" pageNumber="29">
<heading bold="true" box="[189,497,677,704]" fontSize="11" level="3" pageId="28" pageNumber="29" reason="3">
<emphasis bold="true" box="[189,497,677,704]" pageId="28" pageNumber="29">Distribution and ecology</emphasis>
</heading>
</paragraph>
<paragraph blockId="28.[188,1398,724,891]" pageId="28" pageNumber="29">
Endemic to the island of 
<collectingRegion box="[477,579,724,750]" country="Portugal" name="Madeira" pageId="28" pageNumber="29">Madeira</collectingRegion>
. It is present from low to medium altitudes within the xerophytic shrub communities of the south of the island both in the coastal regions and in the gorges. Adults occur from April to August on 
<taxonomicName box="[411,641,794,820]" class="Magnoliopsida" family="Plantaginaceae" genus="Globularia" kingdom="Animalia" order="Lamiales" pageId="28" pageNumber="29" phylum="Tracheophyta" rank="species" species="salicina">
<emphasis box="[411,641,794,820]" italics="true" pageId="28" pageNumber="29">Globularia salicina</emphasis>
</taxonomicName>
and 
<taxonomicName box="[696,840,794,820]" class="Magnoliopsida" family="Amaranthaceae" genus="Suaeda" kingdom="Plantae" order="Caryophyllales" pageId="28" pageNumber="29" phylum="Tracheophyta" rank="species" species="vera">
<emphasis box="[696,840,794,820]" italics="true" pageId="28" pageNumber="29">Suaeda vera</emphasis>
</taxonomicName>
, but they have also been collected from 
<taxonomicName box="[1308,1398,794,820]" class="Magnoliopsida" family="Boraginaceae" genus="Echium" kingdom="Plantae" order="Boraginales" pageId="28" pageNumber="29" phylum="Tracheophyta" rank="genus">
<emphasis box="[1308,1398,794,820]" italics="true" pageId="28" pageNumber="29">Echium</emphasis>
</taxonomicName>
and 
<taxonomicName box="[238,363,829,855]" class="Magnoliopsida" family="Euphorbiaceae" genus="Euphorbia" kingdom="Plantae" order="Malpighiales" pageId="28" pageNumber="29" phylum="Tracheophyta" rank="genus">
<emphasis box="[238,363,829,855]" italics="true" pageId="28" pageNumber="29">Euphorbia</emphasis>
</taxonomicName>
species (
<bibRefCitation author="Hoch H. &amp; Remane R." box="[468,734,829,856]" pageId="28" pageNumber="29" pagination="1 - 427" refId="ref18966" refString="Hoch H. &amp; Remane R. 1985. Evolution und Speziation der Zikaden-Gattung Hyalesthes Sign., 1865 (Homoptera Auchenorrhyncha Fulgoroidea Cixiidae). Marburger Entomologische Publikationen 2 (2): 1 - 427." type="journal article" year="1985">Hoch &amp; Remane 1985</bibRefCitation>
; 
<bibRefCitation author="Remane R. &amp; Hoch H." box="[745,1009,829,856]" pageId="28" pageNumber="29" pagination="123 - 151" refId="ref19883" refString="Remane R. &amp; Hoch H. 1986. Sechs neue Arten der Gattung Hyalesthes Signoret, 1865 (Homoptera Fulgoroidea Cixiidae) von den Mittelatlantischen Inseln und aus dem Irak. Marburger Entomologische Publikationen 2 (3): 123 - 151." type="journal article" year="1986">Remane &amp; Hoch 1986</bibRefCitation>
). It seems to prefer more exposed areas than 
<taxonomicName authorityName="Remane &amp; Hoch" authorityYear="1986" box="[314,456,865,891]" class="Insecta" family="Cixiidae" genus="Hyalesthes" kingdom="Animalia" order="Hemiptera" pageId="28" pageNumber="29" phylum="Arthropoda" rank="species" species="madeires">
<emphasis box="[314,456,865,891]" italics="true" pageId="28" pageNumber="29">H. madeires</emphasis>
</taxonomicName>
.
</paragraph>
</subSubSection>
<subSubSection pageId="28" pageNumber="29" type="discussion">
<paragraph blockId="28.[189,303,930,956]" box="[189,303,930,956]" pageId="28" pageNumber="29">
<heading bold="true" box="[189,303,930,956]" fontSize="11" level="3" pageId="28" pageNumber="29" reason="3">
<emphasis bold="true" box="[189,303,930,956]" pageId="28" pageNumber="29">Remarks</emphasis>
</heading>
</paragraph>
<paragraph blockId="28.[189,1398,977,1038]" pageId="28" pageNumber="29">
There are intraspecific differences in the male genitalia. The ventral spine can vary in length, thickness, and curvature (
<figureCitation box="[365,490,1012,1038]" captionStart="Fig" captionStartId="27.[189,232,1778,1804]" captionTargetBox="[263,1326,273,1724]" captionTargetId="figure-12@27.[250,1338,265,1735]" captionTargetPageId="27" captionText="Fig. 12. Hyalesthes portonoves Remane &amp; Hoch, 1986. A–B. Specimen from Porto Novo, 16 Apr. 2003, on Globularia salicina Lam. C, G. Specimen from Casa Fogo, 16 Apr. 2002, on G. salicina. D, J–K. Specimens from Pedras Brancas, 14Apr. 2002, onSuaeda vera Forssk. ex J.F.Gmel.E–F. Specimen from Gaula, 29 Apr. 2003, on G. salicina. H–I, L–M. Specimen from Porto Novo, 29 Apr. 2003, on G. salicina.A. Head (frontal view).B. Head, pronotum and scutellum (dorsal view).C–D. Left paramere. E. Pygofer (ventral view). F. Anal tube (caudal view). G. Pygofer (left lateral view). H. Anal tube (left lateral view). I–M. Aedeagus (I–J, left lateral view; K–L, dorsal view; M, ventral view)." figureDoi="http://doi.org/10.5281/zenodo.4663805" httpUri="https://zenodo.org/record/4663805/files/figure.png" pageId="28" pageNumber="29">Fig. 12I–J</figureCitation>
).
</paragraph>
</subSubSection>
</treatment>
</document>