<document ID-DOI="http://doi.org/10.5281/zenodo.4595515" ID-GBIF-Dataset="781a8ed3-5380-4ae3-aa71-a338c10a782f" ID-ISSN="1175-5326" ID-Zenodo-Dep="4595515" ID-ZooBank="F0C9FC3F-0D05-4340-9407-5DAD4D47FC1C" _generate="added" checkinTime="1615422893985" checkinUser="plazi" docAuthor="Tabell, Jukka, Wikström, Bo, Mutanen, Marko, Bruckner, Harald &amp; Sihvonen, Pasi" docDate="2021" docId="03D88782FFA12201FF7BFD731F22FD7E" docLanguage="en" docName="zootaxa.4941.4.1.pdf" docOrigin="Zootaxa 4941 (4)" docStyle="DocumentStyle:647186512141C8FC8976D5BCC54AEB7D.6:Zootaxa.2013.journal_article" docStyleId="647186512141C8FC8976D5BCC54AEB7D" docStyleName="Zootaxa.2013.journal_article" docStyleVersion="6" docTitle="Pleurota aragonella Chretien, GP 1925, stat. rev." docType="treatment" docVersion="4" lastPageId="11" lastPageNumber="462" masterDocId="FFE1FFFAFFAB220AFFECFFA51C59FFB3" masterDocTitle="Subspecies of Pleurota bicostella (Clerck, 1759) revisited and descriptions of nine new species in the P. bicostella species group (Lepidoptera: Gelechioidea Oecophoridae: Pleurotinae)" masterLastPageNumber="486" masterPageNumber="451" pageId="10" pageNumber="461" updateTime="1616071110854" updateUser="ExternalLinkService" zenodo-license-document="CLOSED">
<mods:mods xmlns:mods="http://www.loc.gov/mods/v3">
<mods:titleInfo>
<mods:title>Subspecies of Pleurota bicostella (Clerck, 1759) revisited and descriptions of nine new species in the P. bicostella species group (Lepidoptera: Gelechioidea Oecophoridae: Pleurotinae)</mods:title>
</mods:titleInfo>
<mods:name type="personal">
<mods:role>
<mods:roleTerm>Author</mods:roleTerm>
</mods:role>
<mods:namePart>Tabell, Jukka</mods:namePart>
</mods:name>
<mods:name type="personal">
<mods:role>
<mods:roleTerm>Author</mods:roleTerm>
</mods:role>
<mods:namePart>Wikström, Bo</mods:namePart>
<mods:affiliation>Ylihaakkointie 13, FI- 03100 Nummela, Finland.</mods:affiliation>
</mods:name>
<mods:name type="personal">
<mods:role>
<mods:roleTerm>Author</mods:roleTerm>
</mods:role>
<mods:namePart>Mutanen, Marko</mods:namePart>
<mods:affiliation>Ecology and Genetics Research Unit, Po Box 3000, FI- 900014 University of Oulu, Finland.</mods:affiliation>
</mods:name>
<mods:name type="personal">
<mods:role>
<mods:roleTerm>Author</mods:roleTerm>
</mods:role>
<mods:namePart>Bruckner, Harald</mods:namePart>
<mods:affiliation>Naturhistorisches Museum Wien, Burgring 7, 1010 Wien, Austria.</mods:affiliation>
</mods:name>
<mods:name type="personal">
<mods:role>
<mods:roleTerm>Author</mods:roleTerm>
</mods:role>
<mods:namePart>Sihvonen, Pasi</mods:namePart>
<mods:nameIdentifier type="ORCID">0000-0003-2237-9325</mods:nameIdentifier>
<mods:affiliation>Finnish Museum of Natural History, Zoology Unit, University of Helsinki, P. O. Box 17, FI- 00014, Finland. pasi. sihvonen @ helsinki. fi; https: // orcid. org / 0000 - 0003 - 2237 - 9325</mods:affiliation>
<mods:nameIdentifier type="email">pasi.sihvonen@helsinki.fi</mods:nameIdentifier>
</mods:name>
<mods:typeOfResource>text</mods:typeOfResource>
<mods:relatedItem type="host">
<mods:titleInfo>
<mods:title>Zootaxa</mods:title>
</mods:titleInfo>
<mods:part>
<mods:date>2021</mods:date>
<mods:detail type="pubDate">
<mods:number>2021-03-10</mods:number>
</mods:detail>
<mods:detail type="volume">
<mods:number>4941</mods:number>
</mods:detail>
<mods:detail type="issue">
<mods:number>4</mods:number>
</mods:detail>
<mods:extent unit="page">
<mods:start>451</mods:start>
<mods:end>486</mods:end>
</mods:extent>
</mods:part>
</mods:relatedItem>
<mods:classification>journal article</mods:classification>
<mods:identifier type="DOI">https://doi.org/10.11646/zootaxa.4941.4.1</mods:identifier>
<mods:identifier type="GBIF-Dataset">781a8ed3-5380-4ae3-aa71-a338c10a782f</mods:identifier>
<mods:identifier type="ISSN">1175-5326</mods:identifier>
<mods:identifier type="Zenodo-Dep">4595501</mods:identifier>
<mods:identifier type="ZooBank">F0C9FC3F-0D05-4340-9407-5DAD4D47FC1C</mods:identifier>
</mods:mods>
<treatment ID-DOI="http://doi.org/10.5281/zenodo.4595515" ID-Zenodo-Dep="4595515" LSID="urn:lsid:plazi:treatment:03D88782FFA12201FF7BFD731F22FD7E" httpUri="http://treatment.plazi.org/id/03D88782FFA12201FF7BFD731F22FD7E" lastPageId="11" lastPageNumber="462" pageId="10" pageNumber="461">
<subSubSection pageId="10" pageNumber="461" type="nomenclature">
<paragraph blockId="10.[151,698,726,825]" box="[151,698,726,753]" pageId="10" pageNumber="461">
<heading bold="true" box="[151,698,726,753]" fontSize="11" level="1" pageId="10" pageNumber="461" reason="1">
<emphasis bold="true" box="[151,698,726,753]" pageId="10" pageNumber="461">
<taxonomicName authority="Chretien, 1925" authorityName="Chretien, GP" authorityYear="1925" baseAuthorityName="Chretien" baseAuthorityYear="1925" box="[151,585,726,753]" class="Insecta" family="Oecophoridae" genus="Pleurota" kingdom="Animalia" order="Lepidoptera" pageId="10" pageNumber="461" phylum="Arthropoda" rank="species" species="aragonella" status="stat. rev.">
<emphasis bold="true" box="[151,393,726,753]" italics="true" pageId="10" pageNumber="461">Pleurota aragonella</emphasis>
<bibRefCitation author="Chretien, P." box="[401,585,726,753]" pageId="10" pageNumber="461" pagination="241 - 258" refId="ref16976" refString="Chretien, P. (1925) La legende de Graellsia (Saturnia) isabellae Graells. Appendice. l'Amateur de papillons, 2, 241 - 258." type="journal article" year="1925">Chrétien, 1925</bibRefCitation>
</taxonomicName>
<taxonomicNameLabel box="[592,698,727,753]" pageId="10" pageNumber="461">stat. rev.</taxonomicNameLabel>
</emphasis>
</heading>
</paragraph>
<paragraph blockId="10.[151,698,726,825]" box="[151,619,763,789]" pageId="10" pageNumber="461">Barcode Index Number: BOLD:ADI1646</paragraph>
</subSubSection>
<subSubSection box="[151,478,798,825]" pageId="10" pageNumber="461" type="description">
<paragraph blockId="10.[151,698,726,825]" box="[151,478,798,825]" pageId="10" pageNumber="461">
<tableCitation box="[151,234,799,825]" captionStart="TABLE 1" captionStartId="27.[151,239,723,747]" captionText="TABLE 1. Interspecific mean Kimura 2-parameter divergences (%) among members of the Pleurota bicostella species group, based on the analysis of the DNA barcode sequence of the COI gene. Maximum intraspecific distances are shown in grey cells. Number of examined specimens are given in parentheses." pageId="10" pageNumber="461">Table 1</tableCitation>
, 
<figureCitation box="[248,355,799,825]" captionStart="FIGURES 1–8" captionStartId="3.[151,264,1906,1930]" captionTargetBox="[154,1434,345,1882]" captionTargetId="figure-88@3.[153,1434,345,1882]" captionTargetPageId="3" captionText="FIGURES 1–8. Adults and labels of Pleurota spp. 1–2. P. bicostella (Clerck). 1. ♂. 2. ♀. 3. P. andalusica Back, ♂. 4–5. P. asiatica Back. 4. ♂ holotype. 5. ♀ paratype. 6–8. P. aragonella Chrétien. 6. ♂ holotype. 7. ♂. 8. ♀." figureDoi="http://doi.org/10.5281/zenodo.4595503" httpUri="https://zenodo.org/record/4595503/files/figure.png" pageId="10" pageNumber="461">Figs. 6–8</figureCitation>
, 
<figureCitation box="[366,396,799,825]" captionStart="FIGURES 35–36" captionStartId="9.[151,264,1788,1812]" captionTargetBox="[176,1419,273,1764]" captionTargetId="figure-56@9.[167,1420,273,1764]" captionTargetPageId="9" captionText="FIGURES 35–36. Male genitalia of Pleurota spp. 35. P. andalusica Back, GP 5625 J. Tabell. 36. P. aragonella Chrétien, GP 5575 J. Tabell." figureDoi="http://doi.org/10.5281/zenodo.4595517" httpUri="https://zenodo.org/record/4595517/files/figure.png" pageId="10" pageNumber="461">36</figureCitation>
, 
<figureCitation box="[408,438,798,825]" captionStart="FIGURES 51–53" captionStartId="28.[151,264,1833,1857]" captionTargetBox="[159,1428,181,1808]" captionTargetId="figure-23@28.[159,1428,181,1809]" captionTargetPageId="28" captionText="FIGURES 51–53. Female genitalia of Pleurota spp. 51. P. bicostella (Clerck), GP 6026 J. Tabell. 52. P. andalusica Back, GP 5879 J. Tabell. 53. P. aragonella Chrétien, GP 5878 J. Tabell." figureDoi="http://doi.org/10.5281/zenodo.4595535" httpUri="https://zenodo.org/record/4595535/files/figure.png" pageId="10" pageNumber="461">53</figureCitation>
, 
<figureCitation box="[450,478,798,825]" captionStart="FIGURE 65" captionStartId="33.[151,250,1943,1967]" captionTargetBox="[383,1204,181,1920]" captionTargetId="figure-17@33.[383,1204,181,1920]" captionTargetPageId="33" captionText="FIGURE 65. Neighbor-joining tree based on the barcoding fragment of the COI gene (p-distance model) of all available species of the Pleurota bicostella species group. “MM26262” etc. are BOLD sample IDs." figureDoi="http://doi.org/10.5281/zenodo.4595545" httpUri="https://zenodo.org/record/4595545/files/figure.png" pageId="10" pageNumber="461">65</figureCitation>
</paragraph>
</subSubSection>
<subSubSection pageId="10" pageNumber="461" type="reference_group">
<paragraph blockId="10.[151,1436,867,953]" pageId="10" pageNumber="461">
<treatmentCitationGroup pageId="10" pageNumber="461">
<treatmentCitation author="Chretien, P." box="[151,567,867,891]" page="258" pageId="10" pageNumber="461" year="1925">
<taxonomicName authority="Chretien, 1925: 258" authorityName="Chretien, GP" authorityPageNumber="258" authorityYear="1925" baseAuthorityName="Chretien" baseAuthorityYear="1925" box="[151,567,867,891]" class="Insecta" family="Oecophoridae" genus="Pleurota" kingdom="Animalia" order="Lepidoptera" pageId="10" pageNumber="461" phylum="Arthropoda" rank="species" species="aragonella">
<emphasis box="[151,356,867,891]" italics="true" pageId="10" pageNumber="461">Pleurota aragonella</emphasis>
<bibRefCitation author="Chretien, P." box="[362,567,867,891]" pageId="10" pageNumber="461" pagination="241 - 258" refId="ref16976" refString="Chretien, P. (1925) La legende de Graellsia (Saturnia) isabellae Graells. Appendice. l'Amateur de papillons, 2, 241 - 258." type="journal article" year="1925">Chrétien, 1925: 258</bibRefCitation>
</taxonomicName>
</treatmentCitation>
. Type locality: 
<collectingCountry box="[721,783,867,891]" name="Spain" pageId="10" pageNumber="461">Spain</collectingCountry>
: Sierra da Guadarrama, San Ildefonso [=La Granja]. 
<typeStatus box="[1317,1411,867,891]" pageId="10" pageNumber="461">Holotype</typeStatus>
♂ (MNHNP; examined from photographs). Lowered to subspecies by 
<bibRefCitation author="Back, H. E." box="[881,1010,898,922]" pageId="10" pageNumber="461" refId="ref16879" refString="Back, H. E. (1973) Untersuchungen uber die Systematik und Zoogeographie der Gattung Pleurota (Lepidoptera: Oecophoridae). Dissertation zur Erlangung des Grades eines Doktors der philosophie der Philosophischen Fakultat der Universitat des Saarlandes, vorleget von Hans-Erkmar Back. Philosophischen Fakultat der Universitat des Saarlandes, Saarbrucken, 414 pp., 33 Tafeln." type="book" year="1973">Back (1973)</bibRefCitation>
. Here elevated from subspecies to species, based on constant differential features in habitus, genitalia structure and DNA barcode (
<emphasis bold="true" box="[1089,1180,929,953]" pageId="10" pageNumber="461">stat. rev.</emphasis>
).
</treatmentCitationGroup>
</paragraph>
</subSubSection>
<subSubSection pageId="10" pageNumber="461" type="materials_examined">
<paragraph blockId="10.[151,1437,998,2033]" pageId="10" pageNumber="461">
<emphasis bold="true" box="[151,363,998,1024]" pageId="10" pageNumber="461">Material studied:</emphasis>
<materialsCitation collectingDate="2016-05-20" collectingDateMax="2016-05-21" collectingDateMin="2016-05-20" collectionCode="TAB" collectorName="J. Tabell &amp; Lepid. Phyl" country="Spain" location="Albarracin" pageId="10" pageNumber="461" specimenCount="4" specimenCount-female="4" stateProvince="Aragon">
6 ♂ (GP 5692 
<collectorName box="[555,657,999,1026]" pageId="10" pageNumber="461">J. Tabell</collectorName>
), 
<specimenCount box="[680,727,999,1025]" pageId="10" pageNumber="461" type="female">2 ♀</specimenCount>
(GP 5878 
<collectorName box="[861,963,999,1026]" pageId="10" pageNumber="461">J. Tabell</collectorName>
), 
<collectingCountry box="[986,1053,999,1025]" name="Spain" pageId="10" pageNumber="461">Spain</collectingCountry>
, 
<collectingRegion box="[1067,1154,999,1025]" country="Spain" name="Aragon" pageId="10" pageNumber="461">Aragon</collectingRegion>
, 
<quantity box="[1169,1251,998,1025]" metricMagnitude="3" metricUnit="m" metricValue="4.5" pageId="10" pageNumber="461" unit="km" value="4.5">4.5 km</quantity>
NE 
<location LSID="urn:lsid:plazi:treatment:03D88782FFA12201FF7BFD731F22FD7E:8EAE604FFFA12200FAF2FC4219C0FBB2" box="[1310,1433,999,1025]" country="Spain" name="Albarracin" pageId="10" pageNumber="461" stateProvince="Aragon">Albarracin</location>
, 
<date box="[151,268,1035,1061]" pageId="10" pageNumber="461" value="2016-05-20">
<collectingDate box="[151,268,1035,1061]" pageId="10" pageNumber="461" value="2016-05-20">20.V.2016</collectingDate>
</date>
, 
<collectorName box="[282,378,1035,1061]" pageId="10" pageNumber="461">J. Tabell</collectorName>
leg.; 13 ♂ (DNA sample 25579 
<collectorName box="[755,892,1035,1061]" pageId="10" pageNumber="461">Lepid. Phyl</collectorName>
; DNA sample 25608 
<collectorName box="[1140,1276,1035,1061]" pageId="10" pageNumber="461">Lepid. Phyl</collectorName>
; DNA sample 25609 
<collectorName box="[228,362,1071,1098]" pageId="10" pageNumber="461">Lepid. Phyl</collectorName>
), 
<specimenCount box="[382,424,1071,1097]" pageId="10" pageNumber="461" type="female">2 ♀</specimenCount>
(GP 5702 
<collectorName box="[545,641,1071,1097]" pageId="10" pageNumber="461">J. Tabell</collectorName>
, DNA sample 25595 
<collectorName box="[882,1017,1071,1098]" pageId="10" pageNumber="461">Lepid. Phyl</collectorName>
), same collecting data, but 
<date box="[1322,1436,1071,1097]" pageId="10" pageNumber="461" value="2016-05-21">
<collectingDate box="[1322,1436,1071,1097]" pageId="10" pageNumber="461" value="2016-05-21">21.V.2016</collectingDate>
</date>
(all coll. 
<collectionCode box="[251,310,1107,1133]" pageId="10" pageNumber="461">TAB</collectionCode>
)
</materialsCitation>
.
</paragraph>
</subSubSection>
<subSubSection pageId="10" pageNumber="461" type="diagnosis">
<paragraph blockId="10.[151,1437,998,2033]" pageId="10" pageNumber="461">
<emphasis bold="true" box="[199,322,1142,1168]" pageId="10" pageNumber="461">Diagnosis.</emphasis>
Externally 
<taxonomicName authorityName="Chretien, GP" authorityYear="1925" baseAuthorityName="Chretien" baseAuthorityYear="1925" box="[454,605,1143,1169]" class="Insecta" family="Oecophoridae" genus="Pleurota" kingdom="Animalia" order="Lepidoptera" pageId="10" pageNumber="461" phylum="Arthropoda" rank="species" species="aragonella">
<emphasis box="[454,605,1143,1169]" italics="true" pageId="10" pageNumber="461">P. aragonella</emphasis>
</taxonomicName>
can be distinguished from 
<taxonomicName baseAuthorityName="Clerck" baseAuthorityYear="1759" box="[913,1050,1143,1169]" class="Insecta" family="Oecophoridae" genus="Pleurota" kingdom="Animalia" order="Lepidoptera" pageId="10" pageNumber="461" phylum="Arthropoda" rank="species" species="bicostella">
<emphasis box="[913,1050,1143,1169]" italics="true" pageId="10" pageNumber="461">P. bicostella</emphasis>
</taxonomicName>
by its darker forewing with white longitudinal apical stripes and without distinct dark spots. In the male genitalia, the longer uncus, differently shaped gnathos (subtriangular in 
<taxonomicName baseAuthorityName="Clerck" baseAuthorityYear="1759" box="[434,543,1215,1241]" class="Insecta" family="Oecophoridae" genus="Pleurota" kingdom="Animalia" order="Lepidoptera" pageId="10" pageNumber="461" phylum="Arthropoda" rank="species" species="bicostella">
<emphasis box="[434,543,1215,1241]" italics="true" pageId="10" pageNumber="461">bicostella</emphasis>
</taxonomicName>
, funnel-shaped in 
<taxonomicName authorityName="Chretien, GP" authorityYear="1925" baseAuthorityName="Chretien" baseAuthorityYear="1925" box="[748,871,1215,1241]" class="Insecta" family="Oecophoridae" genus="Pleurota" kingdom="Animalia" order="Lepidoptera" pageId="10" pageNumber="461" phylum="Arthropoda" rank="species" species="aragonella">
<emphasis box="[748,871,1215,1241]" italics="true" pageId="10" pageNumber="461">aragonella</emphasis>
</taxonomicName>
), broader sacculus and strongly sclerotized phallus are distinguishing characters. In the female genitalia, the long papillae anales, the shape of segment 8 (in 
<taxonomicName baseAuthorityName="Clerck" baseAuthorityYear="1759" box="[1327,1436,1251,1277]" class="Insecta" family="Oecophoridae" genus="Pleurota" kingdom="Animalia" order="Lepidoptera" pageId="10" pageNumber="461" phylum="Arthropoda" rank="species" species="bicostella">
<emphasis box="[1327,1436,1251,1277]" italics="true" pageId="10" pageNumber="461">bicostella</emphasis>
</taxonomicName>
quadrate, in 
<taxonomicName authorityName="Chretien, GP" authorityYear="1925" baseAuthorityName="Chretien" baseAuthorityYear="1925" box="[288,411,1287,1313]" class="Insecta" family="Oecophoridae" genus="Pleurota" kingdom="Animalia" order="Lepidoptera" pageId="10" pageNumber="461" phylum="Arthropoda" rank="species" species="aragonella">
<emphasis box="[288,411,1287,1313]" italics="true" pageId="10" pageNumber="461">aragonella</emphasis>
</taxonomicName>
obcordate, constricted proximally) and the absence of two posterior signa are distinguishing details.
</paragraph>
<paragraph blockId="10.[151,1437,998,2033]" pageId="10" pageNumber="461">
<emphasis bold="true" box="[199,392,1359,1385]" pageId="10" pageNumber="461">Molecular data.</emphasis>
Four specimens of 
<taxonomicName authorityName="Chretien, GP" authorityYear="1925" baseAuthorityName="Chretien" baseAuthorityYear="1925" box="[629,752,1359,1385]" class="Insecta" family="Oecophoridae" genus="Pleurota" kingdom="Animalia" order="Lepidoptera" pageId="10" pageNumber="461" phylum="Arthropoda" rank="species" species="aragonella">
<emphasis box="[629,752,1359,1385]" italics="true" pageId="10" pageNumber="461">aragonella</emphasis>
</taxonomicName>
were sequenced, resulting in 658 (n=3) and 622 bp (n=1) barcode sequences. The results revealed distinct, 8.78 %–13.07 % divergence between 
<taxonomicName authorityName="Chretien, GP" authorityYear="1925" baseAuthorityName="Chretien" baseAuthorityYear="1925" box="[1153,1276,1395,1421]" class="Insecta" family="Oecophoridae" genus="Pleurota" kingdom="Animalia" order="Lepidoptera" pageId="10" pageNumber="461" phylum="Arthropoda" rank="species" species="aragonella">
<emphasis box="[1153,1276,1395,1421]" italics="true" pageId="10" pageNumber="461">aragonella</emphasis>
</taxonomicName>
and the other barcoded taxa of the 
<taxonomicName baseAuthorityName="Clerck" baseAuthorityYear="1759" box="[397,506,1431,1457]" class="Insecta" family="Oecophoridae" genus="Pleurota" kingdom="Animalia" order="Lepidoptera" pageId="10" pageNumber="461" phylum="Arthropoda" rank="species" species="bicostella">
<emphasis box="[397,506,1431,1457]" italics="true" pageId="10" pageNumber="461">bicostella</emphasis>
</taxonomicName>
species group (
<tableCitation box="[689,775,1431,1457]" captionStart="TABLE 1" captionStartId="27.[151,239,723,747]" captionText="TABLE 1. Interspecific mean Kimura 2-parameter divergences (%) among members of the Pleurota bicostella species group, based on the analysis of the DNA barcode sequence of the COI gene. Maximum intraspecific distances are shown in grey cells. Number of examined specimens are given in parentheses." pageId="10" pageNumber="461">Table 1</tableCitation>
). The nearest neighbour to 
<taxonomicName authorityName="Chretien, GP" authorityYear="1925" baseAuthorityName="Chretien" baseAuthorityYear="1925" box="[1099,1222,1431,1457]" class="Insecta" family="Oecophoridae" genus="Pleurota" kingdom="Animalia" order="Lepidoptera" pageId="10" pageNumber="461" phylum="Arthropoda" rank="species" species="aragonella">
<emphasis box="[1099,1222,1431,1457]" italics="true" pageId="10" pageNumber="461">aragonella</emphasis>
</taxonomicName>
is 
<taxonomicName authorityName="Lucas, GP" authorityYear="1937" baseAuthorityName="Lucas" baseAuthorityYear="1937" box="[1260,1377,1431,1457]" class="Insecta" family="Oecophoridae" genus="Pleurota" kingdom="Animalia" order="Lepidoptera" pageId="10" pageNumber="461" phylum="Arthropoda" rank="species" species="lepigrei">
<emphasis box="[1260,1377,1431,1457]" italics="true" pageId="10" pageNumber="461">P. lepigrei</emphasis>
</taxonomicName>
with an 8.78 % divergence. The divergence between 
<taxonomicName authorityName="Chretien, GP" authorityYear="1925" baseAuthorityName="Chretien" baseAuthorityYear="1925" box="[693,816,1467,1493]" class="Insecta" family="Oecophoridae" genus="Pleurota" kingdom="Animalia" order="Lepidoptera" pageId="10" pageNumber="461" phylum="Arthropoda" rank="species" species="aragonella">
<emphasis box="[693,816,1467,1493]" italics="true" pageId="10" pageNumber="461">aragonella</emphasis>
</taxonomicName>
and 
<taxonomicName baseAuthorityName="Clerck" baseAuthorityYear="1759" box="[872,981,1467,1493]" class="Insecta" family="Oecophoridae" genus="Pleurota" kingdom="Animalia" order="Lepidoptera" pageId="10" pageNumber="461" phylum="Arthropoda" rank="species" species="bicostella">
<emphasis box="[872,981,1467,1493]" italics="true" pageId="10" pageNumber="461">bicostella</emphasis>
</taxonomicName>
is 10.06 %. The barcodes of 
<taxonomicName authorityName="Chretien, GP" authorityYear="1925" baseAuthorityName="Chretien" baseAuthorityYear="1925" box="[1313,1436,1467,1493]" class="Insecta" family="Oecophoridae" genus="Pleurota" kingdom="Animalia" order="Lepidoptera" pageId="10" pageNumber="461" phylum="Arthropoda" rank="species" species="aragonella">
<emphasis box="[1313,1436,1467,1493]" italics="true" pageId="10" pageNumber="461">aragonella</emphasis>
</taxonomicName>
exhibit no intraspecific variation.
</paragraph>
</subSubSection>
<subSubSection lastPageId="11" lastPageNumber="462" pageId="10" pageNumber="461" type="description">
<paragraph blockId="10.[151,1437,998,2033]" pageId="10" pageNumber="461">
<emphasis bold="true" box="[199,345,1538,1564]" pageId="10" pageNumber="461">Description.</emphasis>
Adult. Wingspan 21.0–24.0 mm, male larger than female. Labial palpus off-white, mixed with a few pale brown scales, ventrally brown, mixed with white, 7.2 x as long as diameter of eye (1 
<superScript attach="left" box="[1190,1201,1575,1589]" fontSize="6" pageId="10" pageNumber="461">st</superScript>
and 2 
<superScript attach="left" box="[1268,1284,1574,1588]" fontSize="6" pageId="10" pageNumber="461">nd</superScript>
palpomeres), 3 
<superScript attach="left" box="[165,179,1610,1624]" fontSize="6" pageId="10" pageNumber="461">rd</superScript>
palpomere 0.28 x length of 1 
<superScript attach="left" box="[504,515,1611,1625]" fontSize="6" pageId="10" pageNumber="461">st</superScript>
and 2 
<superScript attach="left" box="[581,597,1610,1624]" fontSize="6" pageId="10" pageNumber="461">nd</superScript>
palpomeres.Antenna brown, laterally white. Head white, thorax and tegula mixed with white and pale brown. Forewing white, with scattered pale brown and pale grey scales, distinct dark spots absent, median area apically with several short, longitudinal white stripes; costal line white, from near base to apex, tapered towards apex; subcostal line brown, suffused with ochre, expanded towards apex. Fringe white, with pale brown median line. Hindwing grey; fringe paler, with a broad median line. Abdomen grey, slightly lustrous, each segment with a transverse row of ochre scales.
</paragraph>
<paragraph blockId="10.[151,1437,998,2033]" lastBlockId="11.[151,1437,151,717]" lastPageId="11" lastPageNumber="462" pageId="10" pageNumber="461">Male genitalia. Uncus bell-shaped from ventral view, elongate, distal half covered with several long bristles, apex with beak-shaped protuberance. Gnathos funnel-shaped from ventral view, as long as uncus, basally broad, medially strongly constricted, apical 0.4 oval and basally surfaced with scobination. Tegumen large, anterior dorsal margin slightly, ventral margin strongly concave. Valva broad, subtriangular, upwardly oblique, ventral margin medially slightly bulged, costa slightly bulged, almost horizontal; cucullus thimble-shaped; sacculus moderately broad and short, covered with several bristles; valval lobe well delineated, crescent-shaped, covered with several bristles. Anterior extension of juxta robust, median plate narrow; posterior lobe moderately broad, not reaching base of uncus. Phallus slightly arched, broad, well sclerotized, slightly tapered towards apex, with one small plate-shaped cornutus and a few small granules around cornutus.</paragraph>
<paragraph blockId="11.[151,1437,151,717]" pageId="11" pageNumber="462">Female genitalia. Papilla analis elongate, long, densely covered with short bristles. Apophysis posterioris 2.4 x as long as papilla analis and 1.4 x as long as apophysis anterioris, which is 1.2 x as long as segment 8. Segment 8 obcordate or cup-shaped, lateral and proximal margins shallowly more strongly sclerotized, proximal margin strongly convex, caudal margin indistinct, concave, lined with several bristles; ventral longitudinal sclerotization rectangular. Antrum short and moderately broad, sclerotized. Ductus bursae straight, expanded towards corpus bursae. Corpus bursae ovoid, with one medially constricted arched signum bearing two narrow and long protuberances, posterior signa absent.</paragraph>
</subSubSection>
<subSubSection box="[199,420,510,537]" pageId="11" pageNumber="462" type="biology_ecology">
<paragraph blockId="11.[151,1437,151,717]" box="[199,420,510,537]" pageId="11" pageNumber="462">
<emphasis bold="true" box="[199,295,510,536]" pageId="11" pageNumber="462">Biology.</emphasis>
Unknown.
</paragraph>
</subSubSection>
<subSubSection pageId="11" pageNumber="462" type="distribution">
<paragraph blockId="11.[151,1437,151,717]" box="[199,1211,546,573]" pageId="11" pageNumber="462">
<emphasis bold="true" box="[199,353,546,572]" pageId="11" pageNumber="462">Distribution.</emphasis>
Known from Central Spain, Sierra da Guadarrama and Sierra de Albarracín.
</paragraph>
<paragraph blockId="11.[151,1437,151,717]" pageId="11" pageNumber="462">
<emphasis bold="true" box="[199,293,583,609]" pageId="11" pageNumber="462">Results.</emphasis>
<taxonomicName authorityName="Chretien, GP" authorityYear="1925" baseAuthorityName="Chretien" baseAuthorityYear="1925" box="[305,464,583,609]" class="Insecta" family="Oecophoridae" genus="Pleurota" kingdom="Animalia" order="Lepidoptera" pageId="11" pageNumber="462" phylum="Arthropoda" rank="species" species="aragonella">
<emphasis box="[305,322,583,608]" italics="true" pageId="11" pageNumber="462">P</emphasis>
. 
<emphasis box="[341,464,583,609]" italics="true" pageId="11" pageNumber="462">aragonella</emphasis>
</taxonomicName>
was synonymized with 
<taxonomicName baseAuthorityName="Clerck" baseAuthorityYear="1759" box="[754,863,583,609]" class="Insecta" family="Oecophoridae" genus="Pleurota" kingdom="Animalia" order="Lepidoptera" pageId="11" pageNumber="462" phylum="Arthropoda" rank="species" species="bicostella">
<emphasis box="[754,863,583,609]" italics="true" pageId="11" pageNumber="462">bicostella</emphasis>
</taxonomicName>
by 
<bibRefCitation author="Back, H. E." box="[914,1062,583,609]" pageId="11" pageNumber="462" refId="ref16879" refString="Back, H. E. (1973) Untersuchungen uber die Systematik und Zoogeographie der Gattung Pleurota (Lepidoptera: Oecophoridae). Dissertation zur Erlangung des Grades eines Doktors der philosophie der Philosophischen Fakultat der Universitat des Saarlandes, vorleget von Hans-Erkmar Back. Philosophischen Fakultat der Universitat des Saarlandes, Saarbrucken, 414 pp., 33 Tafeln." type="book" year="1973">Back (1973)</bibRefCitation>
. Both morphology and genetics suggest it is a valid species (
<emphasis bold="true" box="[470,571,619,645]" pageId="11" pageNumber="462">stat. rev.</emphasis>
).
</paragraph>
<paragraph blockId="11.[151,1437,151,717]" pageId="11" pageNumber="462">
<emphasis bold="true" box="[199,255,655,681]" pageId="11" pageNumber="462">Note</emphasis>
. According to 
<bibRefCitation author="Back, H. E." box="[418,555,655,681]" pageId="11" pageNumber="462" refId="ref16879" refString="Back, H. E. (1973) Untersuchungen uber die Systematik und Zoogeographie der Gattung Pleurota (Lepidoptera: Oecophoridae). Dissertation zur Erlangung des Grades eines Doktors der philosophie der Philosophischen Fakultat der Universitat des Saarlandes, vorleget von Hans-Erkmar Back. Philosophischen Fakultat der Universitat des Saarlandes, Saarbrucken, 414 pp., 33 Tafeln." type="book" year="1973">Back (1973)</bibRefCitation>
the female genitalia of 
<taxonomicName authorityName="Chretien, GP" authorityYear="1925" baseAuthorityName="Chretien" baseAuthorityYear="1925" box="[814,937,655,681]" class="Insecta" family="Oecophoridae" genus="Pleurota" kingdom="Animalia" order="Lepidoptera" pageId="11" pageNumber="462" phylum="Arthropoda" rank="species" species="aragonella">
<emphasis box="[814,937,655,681]" italics="true" pageId="11" pageNumber="462">aragonella</emphasis>
</taxonomicName>
are identical to those of 
<taxonomicName baseAuthorityName="Clerck" baseAuthorityYear="1759" box="[1206,1315,655,681]" class="Insecta" family="Oecophoridae" genus="Pleurota" kingdom="Animalia" order="Lepidoptera" pageId="11" pageNumber="462" phylum="Arthropoda" rank="species" species="bicostella">
<emphasis box="[1206,1315,655,681]" italics="true" pageId="11" pageNumber="462">bicostella</emphasis>
</taxonomicName>
. However, the specimens studied by us are markedly distinct from 
<taxonomicName baseAuthorityName="Clerck" baseAuthorityYear="1759" box="[776,885,691,717]" class="Insecta" family="Oecophoridae" genus="Pleurota" kingdom="Animalia" order="Lepidoptera" pageId="11" pageNumber="462" phylum="Arthropoda" rank="species" species="bicostella">
<emphasis box="[776,885,691,717]" italics="true" pageId="11" pageNumber="462">bicostella</emphasis>
</taxonomicName>
.
</paragraph>
</subSubSection>
</treatment>
</document>