<document ID-DOI="http://doi.org/10.5281/zenodo.4734662" ID-GBIF-Dataset="5faf6141-44b0-4d8e-95cb-8dd6067d2b6e" ID-ISSN="2189-7301" ID-Zenodo-Dep="4734662" ID-ZooBank="FED7D8D3-F9F5-4D12-A606-A8DEAB7D3B55" _generate="added" checkinTime="1614947859782" checkinUser="felipe" docAuthor="Nishikawa, Teruaki &amp; Namikawa, Hiroshi" docDate="2021" docId="03D8B2799A3FFFD4FC7AFE101A175403" docLanguage="en" docName="SpeciesDiversity.26.1.1-5.pdf" docOrigin="Species Diversity 26 (1)" docSource="http://dx.doi.org/10.12782/specdiv.26.1" docStyle="DocumentStyle:27FECD2C3CD153DA405029F2D33C9514.2:SpeciesDiversity.2012-.journal_article" docStyleId="27FECD2C3CD153DA405029F2D33C9514" docStyleName="SpeciesDiversity.2012-.journal_article" docStyleVersion="2" docTitle="Ascidia protecta Van Name, Conception Bay, Gulf 1945" docType="treatment" docVersion="4" lastPageId="2" lastPageNumber="3" masterDocId="FFE1CA019A3EFFD6FFC6FC1B1F675359" masterDocTitle="A Detailed Description of the Long-Overlooked Tunicate Ascidia protecta (Ascidiacea), Based on the Type and Non-Type Specimens from the Gulf of California" masterLastPageNumber="5" masterPageNumber="1" pageId="1" pageNumber="2" updateTime="1620065534199" updateUser="ExternalLinkService" zenodo-license-document="CC-BY-4.0">
<mods:mods xmlns:mods="http://www.loc.gov/mods/v3">
<mods:titleInfo>
<mods:title>A Detailed Description of the Long-Overlooked Tunicate Ascidia protecta (Ascidiacea), Based on the Type and Non-Type Specimens from the Gulf of California</mods:title>
</mods:titleInfo>
<mods:name type="personal">
<mods:role>
<mods:roleTerm>Author</mods:roleTerm>
</mods:role>
<mods:namePart>Nishikawa, Teruaki</mods:namePart>
<mods:affiliation>Department of Zoology, National Museum of Nature and Science, 4 - 1 - 1 Amakubo, Tsukuba, Ibaraki 305 - 0005, Japan E-mail: nishikawateruaki @ gmail. com &amp; Corresponding author</mods:affiliation>
<mods:nameIdentifier type="email">nishikawateruaki@gmail.com</mods:nameIdentifier>
</mods:name>
<mods:name type="personal">
<mods:role>
<mods:roleTerm>Author</mods:roleTerm>
</mods:role>
<mods:namePart>Namikawa, Hiroshi</mods:namePart>
<mods:affiliation>Department of Zoology, National Museum of Nature and Science, 4 - 1 - 1 Amakubo, Tsukuba, Ibaraki 305 - 0005, Japan E-mail: nishikawateruaki @ gmail. com</mods:affiliation>
<mods:nameIdentifier type="email">nishikawateruaki@gmail.com</mods:nameIdentifier>
</mods:name>
<mods:typeOfResource>text</mods:typeOfResource>
<mods:relatedItem type="host">
<mods:titleInfo>
<mods:title>Species Diversity</mods:title>
</mods:titleInfo>
<mods:part>
<mods:date>2021</mods:date>
<mods:detail type="pubDate">
<mods:number>2021-01-01</mods:number>
</mods:detail>
<mods:detail type="volume">
<mods:number>26</mods:number>
</mods:detail>
<mods:detail type="issue">
<mods:number>1</mods:number>
</mods:detail>
<mods:extent unit="page">
<mods:start>1</mods:start>
<mods:end>5</mods:end>
</mods:extent>
</mods:part>
</mods:relatedItem>
<mods:location>
<mods:url>http://dx.doi.org/10.12782/specdiv.26.1</mods:url>
</mods:location>
<mods:classification>journal article</mods:classification>
<mods:identifier type="DOI">10.12782/specdiv.26.1</mods:identifier>
<mods:identifier type="GBIF-Dataset">5faf6141-44b0-4d8e-95cb-8dd6067d2b6e</mods:identifier>
<mods:identifier type="ISSN">2189-7301</mods:identifier>
<mods:identifier type="Zenodo-Dep">4585274</mods:identifier>
<mods:identifier type="ZooBank">FED7D8D3-F9F5-4D12-A606-A8DEAB7D3B55</mods:identifier>
</mods:mods>
<treatment ID-DOI="http://doi.org/10.5281/zenodo.4734662" ID-Zenodo-Dep="4734662" LSID="urn:lsid:plazi:treatment:03D8B2799A3FFFD4FC7AFE101A175403" httpUri="http://treatment.plazi.org/id/03D8B2799A3FFFD4FC7AFE101A175403" lastPageId="2" lastPageNumber="3" pageId="1" pageNumber="2">
<subSubSection pageId="1" pageNumber="2" type="nomenclature">
<paragraph blockId="1.[956,1296,523,580]" pageId="1" pageNumber="2">
<heading centered="true" fontSize="10" level="2" pageId="1" pageNumber="2" reason="2">
<taxonomicName authority="Van Name, 1945" authorityName="Van Name, Conception Bay, Gulf" authorityYear="1945" box="[956,1296,523,548]" class="Ascidiacea" family="Ascidiidae" genus="Ascidia" kingdom="Animalia" order="Enterogona" pageId="1" pageNumber="2" phylum="Chordata" rank="species" species="protecta">
<emphasis bold="true" box="[956,1124,523,547]" italics="true" pageId="1" pageNumber="2">Ascidia protecta</emphasis>
<bibRefCitation author="Van Name, W." box="[1130,1296,524,548]" pageId="1" pageNumber="2" pagination="1 - 476" refId="ref4286" refString="Van Name, W. 1945. The North and South American ascidians. Bulletin of the American Museum of Natural History 84: 1 - 476." type="journal article" year="1945">Van Name, 1945</bibRefCitation>
</taxonomicName>
(
<figureCitation box="[1037,1131,556,580]" captionStart-0="Fig" captionStart-1="Fig" captionStartId-0="1.[156,187,2028,2050]" captionStartId-1="2.[156,187,1397,1419]" captionTargetBox-0="[159,766,1307,1988]" captionTargetBox-1="[189,1398,209,1359]" captionTargetId-0="figure-770@1.[158,766,1306,1989]" captionTargetId-1="figure-246@2.[189,1398,205,1359]" captionTargetPageId-0="1" captionTargetPageId-1="2" captionText-0="Fig. 1. Map showing localities of Ascidia protecta Van Name, 1945, including unconfirmed “Angel de la Guardia Island”." captionText-1="Fig. 2. Ascidia protecta Van Name, 1945 from the Gulf of California. A–D, lectotype (AMNH No. 1711, 49.0mm); E, paralectotype (AMNH No. 1711, 61.7mm); F, NSMT-Pc 4481; G–H, NSMT-Pc 4482. A, tunic, right side, arrow indicates cut made during original examination; B, G, left side of mantle body, LMT and RMT indicate left and right mantle thickening, respectively (probably underlying siphonal area tunic ridge) (both omitted for G); C, H, right side of mantle body (RMT of H omitted); D, E, ciliated groove; F, tunic, left side, hydrozoan colonies over surface omitted. Scales for A–C indicate 10mm; for D–E, 1mm; F–H, 5mm." figureDoi-0="http://doi.org/10.5281/zenodo.4585276" figureDoi-1="http://doi.org/10.5281/zenodo.4585278" httpUri-0="https://zenodo.org/record/4585276/files/figure.png" httpUri-1="https://zenodo.org/record/4585278/files/figure.png" pageId="1" pageNumber="2">Figs. 1–2</figureCitation>
; 
<tableCitation box="[1141,1212,556,580]" captionStart="Table 1" captionStartId="3.[156,204,190,212]" captionTargetPageId="3" captionText="Table 1. Comparison of morphological features among Ascidia species with the mantle (except siphonal) musculature comprising only short dense transverse fibers along the dorsal edge." pageId="1" pageNumber="2">Table 1</tableCitation>
)
</heading>
</paragraph>
</subSubSection>
<subSubSection box="[821,1371,621,645]" pageId="1" pageNumber="2" type="reference_group">
<paragraph blockId="1.[821,1371,621,645]" box="[821,1371,621,645]" pageId="1" pageNumber="2">
<treatmentCitationGroup box="[821,1371,621,645]" pageId="1" pageNumber="2">
<treatmentCitation author="Van Name, W." box="[821,1367,621,645]" page="191" pageId="1" pageNumber="2" year="1945">
<taxonomicName authority="Van Name, 1945: 190 - 191" authorityName="Van Name" authorityPageNumber="190 - 191" authorityYear="1945" box="[821,1367,621,645]" class="Ascidiacea" family="Ascidiidae" genus="Ascidia" kingdom="Animalia" order="Enterogona" pageId="1" pageNumber="2" phylum="Chordata" rank="subSpecies" species="sydneiensis" subSpecies="protecta">
<emphasis box="[821,1095,621,645]" italics="true" pageId="1" pageNumber="2">Ascidia sydneiensis protecta</emphasis>
<bibRefCitation author="Van Name, W." box="[1101,1367,621,645]" pageId="1" pageNumber="2" pagination="1 - 476" refId="ref4286" refString="Van Name, W. 1945. The North and South American ascidians. Bulletin of the American Museum of Natural History 84: 1 - 476." type="journal article" year="1945">Van Name, 1945: 190–191</bibRefCitation>
</taxonomicName>
</treatmentCitation>
.
</treatmentCitationGroup>
</paragraph>
</subSubSection>
<subSubSection lastPageId="2" lastPageNumber="3" pageId="1" pageNumber="2" type="description">
<paragraph blockId="1.[821,1432,686,2077]" pageId="1" pageNumber="2">
<emphasis bold="true" box="[846,978,686,710]" pageId="1" pageNumber="2">Description.</emphasis>
Body 26.0– 
<quantity box="[1101,1188,686,710]" metricMagnitude="-2" metricUnit="m" metricValue="6.17" pageId="1" pageNumber="2" unit="mm" value="61.7">61.7 mm</quantity>
long, with oval outline, flattened laterally, and attached to substratum usually by entire right (usually more or less depressed) side (entire left side in 
<typeStatus box="[900,1042,784,808]" pageId="1" pageNumber="2">paralectotype</typeStatus>
). Both siphons conspicuous, 6-lobed, completely surrounded by a longitudinally elongate, conspicuously ridged oval ring (
<figureCitation box="[1123,1232,849,873]" captionStart="Fig" captionStartId="2.[156,187,1397,1419]" captionTargetBox="[189,1398,209,1359]" captionTargetId="figure-246@2.[189,1398,205,1359]" captionTargetPageId="2" captionText="Fig. 2. Ascidia protecta Van Name, 1945 from the Gulf of California. A–D, lectotype (AMNH No. 1711, 49.0mm); E, paralectotype (AMNH No. 1711, 61.7mm); F, NSMT-Pc 4481; G–H, NSMT-Pc 4482. A, tunic, right side, arrow indicates cut made during original examination; B, G, left side of mantle body, LMT and RMT indicate left and right mantle thickening, respectively (probably underlying siphonal area tunic ridge) (both omitted for G); C, H, right side of mantle body (RMT of H omitted); D, E, ciliated groove; F, tunic, left side, hydrozoan colonies over surface omitted. Scales for A–C indicate 10mm; for D–E, 1mm; F–H, 5mm." figureDoi="http://doi.org/10.5281/zenodo.4585278" httpUri="https://zenodo.org/record/4585278/files/figure.png" pageId="1" pageNumber="2">Fig. 2A, F</figureCitation>
) (a low ridge only on right side in AMNH Ch. 1739), with minute conical or round papillae, up to 
<quantity box="[1038,1112,914,938]" metricMagnitude="-4" metricUnit="m" metricValue="5.0" pageId="1" pageNumber="2" unit="mm" value="0.5">0.5 mm</quantity>
tall (
<figureCitation box="[1164,1240,914,938]" captionStart="Fig" captionStartId="2.[156,187,1397,1419]" captionTargetBox="[189,1398,209,1359]" captionTargetId="figure-246@2.[189,1398,205,1359]" captionTargetPageId="2" captionText="Fig. 2. Ascidia protecta Van Name, 1945 from the Gulf of California. A–D, lectotype (AMNH No. 1711, 49.0mm); E, paralectotype (AMNH No. 1711, 61.7mm); F, NSMT-Pc 4481; G–H, NSMT-Pc 4482. A, tunic, right side, arrow indicates cut made during original examination; B, G, left side of mantle body, LMT and RMT indicate left and right mantle thickening, respectively (probably underlying siphonal area tunic ridge) (both omitted for G); C, H, right side of mantle body (RMT of H omitted); D, E, ciliated groove; F, tunic, left side, hydrozoan colonies over surface omitted. Scales for A–C indicate 10mm; for D–E, 1mm; F–H, 5mm." figureDoi="http://doi.org/10.5281/zenodo.4585278" httpUri="https://zenodo.org/record/4585278/files/figure.png" pageId="1" pageNumber="2">Fig. 2A</figureCitation>
) (type specimens), or elongate conical projections extending onto ridge and siphon vicinity, up to 
<quantity box="[1034,1091,979,1003]" metricMagnitude="-3" metricUnit="m" metricValue="3.0" pageId="1" pageNumber="2" unit="mm" value="3.0">3 mm</quantity>
long (NSMT-Pc 4481) (
<figureCitation box="[1343,1421,979,1003]" captionStart="Fig" captionStartId="2.[156,187,1397,1419]" captionTargetBox="[189,1398,209,1359]" captionTargetId="figure-246@2.[189,1398,205,1359]" captionTargetPageId="2" captionText="Fig. 2. Ascidia protecta Van Name, 1945 from the Gulf of California. A–D, lectotype (AMNH No. 1711, 49.0mm); E, paralectotype (AMNH No. 1711, 61.7mm); F, NSMT-Pc 4481; G–H, NSMT-Pc 4482. A, tunic, right side, arrow indicates cut made during original examination; B, G, left side of mantle body, LMT and RMT indicate left and right mantle thickening, respectively (probably underlying siphonal area tunic ridge) (both omitted for G); C, H, right side of mantle body (RMT of H omitted); D, E, ciliated groove; F, tunic, left side, hydrozoan colonies over surface omitted. Scales for A–C indicate 10mm; for D–E, 1mm; F–H, 5mm." figureDoi="http://doi.org/10.5281/zenodo.4585278" httpUri="https://zenodo.org/record/4585278/files/figure.png" pageId="1" pageNumber="2">Fig. 2F</figureCitation>
). Tunic cartilaginous; thick (up to 
<quantity box="[1154,1215,1012,1036]" metricMagnitude="-3" metricUnit="m" metricValue="7.0" pageId="1" pageNumber="2" unit="mm" value="7.0">7 mm</quantity>
), rather tough, translucent pale yellowish (49.0– 
<quantity box="[1116,1202,1044,1068]" metricMagnitude="-2" metricUnit="m" metricValue="6.17" pageId="1" pageNumber="2" unit="mm" value="61.7">61.7mm</quantity>
specimens), thin but tough, translucent white (26.0–34.0 mm specimens). Surface sometimes covered with hydrozoan colonies.
</paragraph>
<paragraph blockId="1.[821,1432,686,2077]" lastBlockId="2.[820,1431,1597,1882]" lastPageId="2" lastPageNumber="3" pageId="1" pageNumber="2">
Mantle body often damaged on right side at time of collection (
<figureCitation box="[902,1010,1174,1198]" captionStart="Fig" captionStartId="2.[156,187,1397,1419]" captionTargetBox="[189,1398,209,1359]" captionTargetId="figure-246@2.[189,1398,205,1359]" captionTargetPageId="2" captionText="Fig. 2. Ascidia protecta Van Name, 1945 from the Gulf of California. A–D, lectotype (AMNH No. 1711, 49.0mm); E, paralectotype (AMNH No. 1711, 61.7mm); F, NSMT-Pc 4481; G–H, NSMT-Pc 4482. A, tunic, right side, arrow indicates cut made during original examination; B, G, left side of mantle body, LMT and RMT indicate left and right mantle thickening, respectively (probably underlying siphonal area tunic ridge) (both omitted for G); C, H, right side of mantle body (RMT of H omitted); D, E, ciliated groove; F, tunic, left side, hydrozoan colonies over surface omitted. Scales for A–C indicate 10mm; for D–E, 1mm; F–H, 5mm." figureDoi="http://doi.org/10.5281/zenodo.4585278" httpUri="https://zenodo.org/record/4585278/files/figure.png" pageId="1" pageNumber="2">Fig. 2C, H</figureCitation>
). Branchial siphon terminal, base of more or less elongated atrial siphon at anterior two-fifths of mantle proper (3 larger specimens), near midpoint of mantle (2 smaller specimens); both siphons 6-lobed. Siphonal musculature very well developed; mantle musculature developed only along entire dorsal edge, comprising short, thick, dense, yellowish or fleshy pink transverse fibers (
<figureCitation box="[1250,1419,1370,1394]" captionStart="Fig" captionStartId="2.[156,187,1397,1419]" captionTargetBox="[189,1398,209,1359]" captionTargetId="figure-246@2.[189,1398,205,1359]" captionTargetPageId="2" captionText="Fig. 2. Ascidia protecta Van Name, 1945 from the Gulf of California. A–D, lectotype (AMNH No. 1711, 49.0mm); E, paralectotype (AMNH No. 1711, 61.7mm); F, NSMT-Pc 4481; G–H, NSMT-Pc 4482. A, tunic, right side, arrow indicates cut made during original examination; B, G, left side of mantle body, LMT and RMT indicate left and right mantle thickening, respectively (probably underlying siphonal area tunic ridge) (both omitted for G); C, H, right side of mantle body (RMT of H omitted); D, E, ciliated groove; F, tunic, left side, hydrozoan colonies over surface omitted. Scales for A–C indicate 10mm; for D–E, 1mm; F–H, 5mm." figureDoi="http://doi.org/10.5281/zenodo.4585278" httpUri="https://zenodo.org/record/4585278/files/figure.png" pageId="1" pageNumber="2">Fig. 2B, C, G, H</figureCitation>
); muscles absent around neural complex. Epidermis and connective tissue of mantle wall narrowly thickened around siphonal area (
<figureCitation box="[955,1032,1467,1491]" captionStart="Fig" captionStartId="2.[156,187,1397,1419]" captionTargetBox="[189,1398,209,1359]" captionTargetId="figure-246@2.[189,1398,205,1359]" captionTargetPageId="2" captionText="Fig. 2. Ascidia protecta Van Name, 1945 from the Gulf of California. A–D, lectotype (AMNH No. 1711, 49.0mm); E, paralectotype (AMNH No. 1711, 61.7mm); F, NSMT-Pc 4481; G–H, NSMT-Pc 4482. A, tunic, right side, arrow indicates cut made during original examination; B, G, left side of mantle body, LMT and RMT indicate left and right mantle thickening, respectively (probably underlying siphonal area tunic ridge) (both omitted for G); C, H, right side of mantle body (RMT of H omitted); D, E, ciliated groove; F, tunic, left side, hydrozoan colonies over surface omitted. Scales for A–C indicate 10mm; for D–E, 1mm; F–H, 5mm." figureDoi="http://doi.org/10.5281/zenodo.4585278" httpUri="https://zenodo.org/record/4585278/files/figure.png" pageId="1" pageNumber="2">Fig. 2B</figureCitation>
), probably underlying oval tunic ridge. Tentacles simple, mostly elongated of variable size, distribution crowded, numbering ca. 100 (smaller specimens) to ca. 180 (largest specimen); prebranchial zone narrow, smoothsurfaced. Ciliated groove basically C-shaped with both horns rolled inwards (
<figureCitation box="[986,1069,1630,1654]" captionStart="Fig" captionStartId="2.[156,187,1397,1419]" captionTargetBox="[189,1398,209,1359]" captionTargetId="figure-246@2.[189,1398,205,1359]" captionTargetPageId="2" captionText="Fig. 2. Ascidia protecta Van Name, 1945 from the Gulf of California. A–D, lectotype (AMNH No. 1711, 49.0mm); E, paralectotype (AMNH No. 1711, 61.7mm); F, NSMT-Pc 4481; G–H, NSMT-Pc 4482. A, tunic, right side, arrow indicates cut made during original examination; B, G, left side of mantle body, LMT and RMT indicate left and right mantle thickening, respectively (probably underlying siphonal area tunic ridge) (both omitted for G); C, H, right side of mantle body (RMT of H omitted); D, E, ciliated groove; F, tunic, left side, hydrozoan colonies over surface omitted. Scales for A–C indicate 10mm; for D–E, 1mm; F–H, 5mm." figureDoi="http://doi.org/10.5281/zenodo.4585278" httpUri="https://zenodo.org/record/4585278/files/figure.png" pageId="1" pageNumber="2">Fig. 2D</figureCitation>
), but often somewhat complicated (
<figureCitation box="[828,907,1662,1686]" captionStart="Fig" captionStartId="2.[156,187,1397,1419]" captionTargetBox="[189,1398,209,1359]" captionTargetId="figure-246@2.[189,1398,205,1359]" captionTargetPageId="2" captionText="Fig. 2. Ascidia protecta Van Name, 1945 from the Gulf of California. A–D, lectotype (AMNH No. 1711, 49.0mm); E, paralectotype (AMNH No. 1711, 61.7mm); F, NSMT-Pc 4481; G–H, NSMT-Pc 4482. A, tunic, right side, arrow indicates cut made during original examination; B, G, left side of mantle body, LMT and RMT indicate left and right mantle thickening, respectively (probably underlying siphonal area tunic ridge) (both omitted for G); C, H, right side of mantle body (RMT of H omitted); D, E, ciliated groove; F, tunic, left side, hydrozoan colonies over surface omitted. Scales for A–C indicate 10mm; for D–E, 1mm; F–H, 5mm." figureDoi="http://doi.org/10.5281/zenodo.4585278" httpUri="https://zenodo.org/record/4585278/files/figure.png" pageId="1" pageNumber="2">Fig. 2E</figureCitation>
); a narrow longitudinal groove behind dorsal tubercle 1.5 to 3.5 times as long as tubercle, a neural complex along groove. Edge of dorsal lamina markedly serrated by tips of ribs projecting beyond laminal edge, each rib derived from adjoining transverse vessel. Number of inner longitudinal vessels 36 (L) and&gt;40 (
<collectionCode box="[1109,1128,1825,1849]" country="Chile" name="Departamento de Geologia, Universidad de Chile" pageId="1" pageNumber="2">R</collectionCode>
, uncertain due to damage) in 
<typeStatus box="[821,914,1858,1882]" pageId="1" pageNumber="2">lectotype</typeStatus>
, 44 (L) and 44 (
<collectionCode box="[1080,1098,1858,1882]" country="Chile" name="Departamento de Geologia, Universidad de Chile" pageId="1" pageNumber="2">R</collectionCode>
) in 
<typeStatus box="[1142,1280,1858,1882]" pageId="1" pageNumber="2">paralectotype</typeStatus>
, 24 (L) and 35 (
<collectionCode box="[828,846,1890,1914]" country="Chile" name="Departamento de Geologia, Universidad de Chile" pageId="1" pageNumber="2">R</collectionCode>
) in NSMT-Pc 4481, 45 (L) and 50 (
<collectionCode box="[1210,1228,1890,1914]" country="Chile" name="Departamento de Geologia, Universidad de Chile" pageId="1" pageNumber="2">R</collectionCode>
) in NSMT-Pc 4482; up to 140 transverse vessels; secondary papillae distinct, but lacking intermediate papillae. Up to 12 stigmata per mesh in larger specimens, 3–4 stigmata in smaller specimens. Stomach usually oval (
<figureCitation box="[1053,1131,2020,2044]" captionStart="Fig" captionStartId="2.[156,187,1397,1419]" captionTargetBox="[189,1398,209,1359]" captionTargetId="figure-246@2.[189,1398,205,1359]" captionTargetPageId="2" captionText="Fig. 2. Ascidia protecta Van Name, 1945 from the Gulf of California. A–D, lectotype (AMNH No. 1711, 49.0mm); E, paralectotype (AMNH No. 1711, 61.7mm); F, NSMT-Pc 4481; G–H, NSMT-Pc 4482. A, tunic, right side, arrow indicates cut made during original examination; B, G, left side of mantle body, LMT and RMT indicate left and right mantle thickening, respectively (probably underlying siphonal area tunic ridge) (both omitted for G); C, H, right side of mantle body (RMT of H omitted); D, E, ciliated groove; F, tunic, left side, hydrozoan colonies over surface omitted. Scales for A–C indicate 10mm; for D–E, 1mm; F–H, 5mm." figureDoi="http://doi.org/10.5281/zenodo.4585278" httpUri="https://zenodo.org/record/4585278/files/figure.png" pageId="1" pageNumber="2">Fig. 2B</figureCitation>
), rarely cylindrical (
<figureCitation box="[1339,1420,2020,2044]" captionStart="Fig" captionStartId="2.[156,187,1397,1419]" captionTargetBox="[189,1398,209,1359]" captionTargetId="figure-246@2.[189,1398,205,1359]" captionTargetPageId="2" captionText="Fig. 2. Ascidia protecta Van Name, 1945 from the Gulf of California. A–D, lectotype (AMNH No. 1711, 49.0mm); E, paralectotype (AMNH No. 1711, 61.7mm); F, NSMT-Pc 4481; G–H, NSMT-Pc 4482. A, tunic, right side, arrow indicates cut made during original examination; B, G, left side of mantle body, LMT and RMT indicate left and right mantle thickening, respectively (probably underlying siphonal area tunic ridge) (both omitted for G); C, H, right side of mantle body (RMT of H omitted); D, E, ciliated groove; F, tunic, left side, hydrozoan colonies over surface omitted. Scales for A–C indicate 10mm; for D–E, 1mm; F–H, 5mm." figureDoi="http://doi.org/10.5281/zenodo.4585278" httpUri="https://zenodo.org/record/4585278/files/figure.png" pageId="1" pageNumber="2">Fig. 2G</figureCitation>
), located at postero-dorsal corner of mantle body; internal plication obscure. Intestine almost isodiametric (except in lectotype—bottom part of second loop weakly swollen; 
<figureCitation captionStart="Fig" captionStartId="2.[156,187,1397,1419]" captionTargetBox="[189,1398,209,1359]" captionTargetId="figure-246@2.[189,1398,205,1359]" captionTargetPageId="2" captionText="Fig. 2. Ascidia protecta Van Name, 1945 from the Gulf of California. A–D, lectotype (AMNH No. 1711, 49.0mm); E, paralectotype (AMNH No. 1711, 61.7mm); F, NSMT-Pc 4481; G–H, NSMT-Pc 4482. A, tunic, right side, arrow indicates cut made during original examination; B, G, left side of mantle body, LMT and RMT indicate left and right mantle thickening, respectively (probably underlying siphonal area tunic ridge) (both omitted for G); C, H, right side of mantle body (RMT of H omitted); D, E, ciliated groove; F, tunic, left side, hydrozoan colonies over surface omitted. Scales for A–C indicate 10mm; for D–E, 1mm; F–H, 5mm." figureDoi="http://doi.org/10.5281/zenodo.4585278" httpUri="https://zenodo.org/record/4585278/files/figure.png" pageId="2" pageNumber="3">Fig. 2B</figureCitation>
). Visceral mass occupying posterior 75% (
<typeStatus box="[634,729,1662,1686]" pageId="2" pageNumber="3">lectotype</typeStatus>
) to 90% of mantle body proper, usually anteriorly well beyond anterior base of atrial siphon (
<figureCitation box="[474,554,1727,1752]" captionStart="Fig" captionStartId="2.[156,187,1397,1419]" captionTargetBox="[189,1398,209,1359]" captionTargetId="figure-246@2.[189,1398,205,1359]" captionTargetPageId="2" captionText="Fig. 2. Ascidia protecta Van Name, 1945 from the Gulf of California. A–D, lectotype (AMNH No. 1711, 49.0mm); E, paralectotype (AMNH No. 1711, 61.7mm); F, NSMT-Pc 4481; G–H, NSMT-Pc 4482. A, tunic, right side, arrow indicates cut made during original examination; B, G, left side of mantle body, LMT and RMT indicate left and right mantle thickening, respectively (probably underlying siphonal area tunic ridge) (both omitted for G); C, H, right side of mantle body (RMT of H omitted); D, E, ciliated groove; F, tunic, left side, hydrozoan colonies over surface omitted. Scales for A–C indicate 10mm; for D–E, 1mm; F–H, 5mm." figureDoi="http://doi.org/10.5281/zenodo.4585278" httpUri="https://zenodo.org/record/4585278/files/figure.png" pageId="2" pageNumber="3">Fig. 2G</figureCitation>
) (except lectotypevisceral mass extending to midlevel of atrial siphon; 
<figureCitation box="[682,756,1760,1784]" captionStart="Fig" captionStartId="2.[156,187,1397,1419]" captionTargetBox="[189,1398,209,1359]" captionTargetId="figure-246@2.[189,1398,205,1359]" captionTargetPageId="2" captionText="Fig. 2. Ascidia protecta Van Name, 1945 from the Gulf of California. A–D, lectotype (AMNH No. 1711, 49.0mm); E, paralectotype (AMNH No. 1711, 61.7mm); F, NSMT-Pc 4481; G–H, NSMT-Pc 4482. A, tunic, right side, arrow indicates cut made during original examination; B, G, left side of mantle body, LMT and RMT indicate left and right mantle thickening, respectively (probably underlying siphonal area tunic ridge) (both omitted for G); C, H, right side of mantle body (RMT of H omitted); D, E, ciliated groove; F, tunic, left side, hydrozoan colonies over surface omitted. Scales for A–C indicate 10mm; for D–E, 1mm; F–H, 5mm." figureDoi="http://doi.org/10.5281/zenodo.4585278" httpUri="https://zenodo.org/record/4585278/files/figure.png" pageId="2" pageNumber="3">Fig. 2B</figureCitation>
). A tunic vessel issuing from mantle near stomach in 
<typeStatus box="[676,767,1792,1816]" pageId="2" pageNumber="3">lectotype</typeStatus>
(
<figureCitation box="[163,241,1825,1849]" captionStart="Fig" captionStartId="2.[156,187,1397,1419]" captionTargetBox="[189,1398,209,1359]" captionTargetId="figure-246@2.[189,1398,205,1359]" captionTargetPageId="2" captionText="Fig. 2. Ascidia protecta Van Name, 1945 from the Gulf of California. A–D, lectotype (AMNH No. 1711, 49.0mm); E, paralectotype (AMNH No. 1711, 61.7mm); F, NSMT-Pc 4481; G–H, NSMT-Pc 4482. A, tunic, right side, arrow indicates cut made during original examination; B, G, left side of mantle body, LMT and RMT indicate left and right mantle thickening, respectively (probably underlying siphonal area tunic ridge) (both omitted for G); C, H, right side of mantle body (RMT of H omitted); D, E, ciliated groove; F, tunic, left side, hydrozoan colonies over surface omitted. Scales for A–C indicate 10mm; for D–E, 1mm; F–H, 5mm." figureDoi="http://doi.org/10.5281/zenodo.4585278" httpUri="https://zenodo.org/record/4585278/files/figure.png" pageId="2" pageNumber="3">Fig. 2B</figureCitation>
) and 
<typeStatus box="[307,445,1825,1849]" pageId="2" pageNumber="3">paralectotype</typeStatus>
. Bottom (=distal) half of first intestinal loop bent dorsad at 90 degrees or deeper, its axis almost parallel to that of second loop (long axis) of stomach (
<figureCitation box="[163,272,1923,1947]" captionStart="Fig" captionStartId="2.[156,187,1397,1419]" captionTargetBox="[189,1398,209,1359]" captionTargetId="figure-246@2.[189,1398,205,1359]" captionTargetPageId="2" captionText="Fig. 2. Ascidia protecta Van Name, 1945 from the Gulf of California. A–D, lectotype (AMNH No. 1711, 49.0mm); E, paralectotype (AMNH No. 1711, 61.7mm); F, NSMT-Pc 4481; G–H, NSMT-Pc 4482. A, tunic, right side, arrow indicates cut made during original examination; B, G, left side of mantle body, LMT and RMT indicate left and right mantle thickening, respectively (probably underlying siphonal area tunic ridge) (both omitted for G); C, H, right side of mantle body (RMT of H omitted); D, E, ciliated groove; F, tunic, left side, hydrozoan colonies over surface omitted. Scales for A–C indicate 10mm; for D–E, 1mm; F–H, 5mm." figureDoi="http://doi.org/10.5281/zenodo.4585278" httpUri="https://zenodo.org/record/4585278/files/figure.png" pageId="2" pageNumber="3">Fig. 2B, G</figureCitation>
). Second loop very deep, narrow and closed, its axis passing through middle to end of proximal (pre-bent) half of ascending branch of first loop. Rectum short, with bi-lobed anus. Gonad more or less mature in bottom half of first loop, even in smallest specimen (NSMT-Pc 4482, 34.0 mm long).
</paragraph>
</subSubSection>
<caption ID-DOI="http://doi.org/10.5281/zenodo.4585276" ID-Zenodo-Dep="4585276" httpUri="https://zenodo.org/record/4585276/files/figure.png" pageId="1" pageNumber="2" startId="1.[156,187,2028,2050]" targetBox="[159,766,1307,1988]" targetPageId="1">
<paragraph blockId="1.[156,768,2028,2078]" pageId="1" pageNumber="2">
Fig. 1. Map showing localities of 
<taxonomicName authority="Van Name, 1945" authorityName="Van Name, Conception Bay, Gulf" authorityYear="1945" class="Ascidiacea" family="Ascidiidae" genus="Ascidia" kingdom="Animalia" order="Enterogona" pageId="1" pageNumber="2" phylum="Chordata" rank="species" species="protecta">
<emphasis box="[501,649,2028,2049]" italics="true" pageId="1" pageNumber="2">Ascidia protecta</emphasis>
<bibRefCitation author="Van Name, W." pageId="1" pageNumber="2" pagination="1 - 476" refId="ref4286" refString="Van Name, W. 1945. The North and South American ascidians. Bulletin of the American Museum of Natural History 84: 1 - 476." type="journal article" year="1945">Van Name, 1945</bibRefCitation>
</taxonomicName>
, including unconfirmed “Angel de la Guardia Island”.
</paragraph>
</caption>
<caption ID-DOI="http://doi.org/10.5281/zenodo.4585278" ID-Zenodo-Dep="4585278" httpUri="https://zenodo.org/record/4585278/files/figure.png" pageId="2" pageNumber="3" startId="2.[156,187,1397,1419]" targetBox="[189,1398,209,1359]" targetPageId="2">
<paragraph blockId="2.[156,1432,1397,1531]" pageId="2" pageNumber="3">
Fig. 2. 
<taxonomicName authority="Van Name, 1945" authorityName="Van Name, Conception Bay, Gulf" authorityYear="1945" box="[240,555,1397,1419]" class="Ascidiacea" family="Ascidiidae" genus="Ascidia" kingdom="Animalia" order="Enterogona" pageId="2" pageNumber="3" phylum="Chordata" rank="species" species="protecta">
<emphasis box="[240,387,1397,1419]" italics="true" pageId="2" pageNumber="3">Ascidia protecta</emphasis>
<bibRefCitation author="Van Name, W." box="[397,555,1397,1419]" pageId="2" pageNumber="3" pagination="1 - 476" refId="ref4286" refString="Van Name, W. 1945. The North and South American ascidians. Bulletin of the American Museum of Natural History 84: 1 - 476." type="journal article" year="1945">Van Name, 1945</bibRefCitation>
</taxonomicName>
from the Gulf of California. A–D, lectotype (AMNH No. 1711, 49.0 mm); E, paralectotype (AMNH No. 1711, 61.7mm); F, NSMT-Pc 4481; G–H, NSMT-Pc 4482. A, tunic, right side, arrow indicates cut made during original examination; B, G, left side of mantle body, LMT and RMT indicate left and right mantle thickening, respectively (probably underlying siphonal area tunic ridge) (both omitted for G); C, H, right side of mantle body (RMT of H omitted); D, E, ciliated groove; F, tunic, left side, hydrozoan colonies over surface omitted. Scales for A–C indicate 10 mm; for D–E, 1 mm; F–H, 5mm.
</paragraph>
</caption>
<subSubSection pageId="2" pageNumber="3" type="discussion">
<paragraph blockId="2.[820,1431,1597,1882]" pageId="2" pageNumber="3">
<emphasis bold="true" box="[846,946,1630,1654]" pageId="2" pageNumber="3">Remarks.</emphasis>
The examined specimens from the Gulf of 
<collectingRegion box="[821,924,1662,1686]" country="United States of America" name="California" pageId="2" pageNumber="3">California</collectingRegion>
can all be regarded as conspecific on the basis of similarities in the tunic depression around the siphonal area with distinct siphons, the mantle musculature (excepting siphonal musculature) situated only along the entire dorsal edge and comprising dense short thick transverse fibers, and a massive visceral mass with a markedly curved first intestinal loop and deep narrow second loop (see also 
<tableCitation box="[1305,1377,1857,1882]" captionStart="Table 1" captionStartId="3.[156,204,190,212]" captionTargetPageId="3" captionText="Table 1. Comparison of morphological features among Ascidia species with the mantle (except siphonal) musculature comprising only short dense transverse fibers along the dorsal edge." pageId="2" pageNumber="3">Table 1</tableCitation>
).
</paragraph>
</subSubSection>
</treatment>
</document>