<document ID-DOI="http://doi.org/10.5281/zenodo.4617035" ID-GBIF-Dataset="781a8ed3-5380-4ae3-aa71-a338c10a782f" ID-ISSN="1175-5326" ID-Zenodo-Dep="4617035" ID-ZooBank="F0C9FC3F-0D05-4340-9407-5DAD4D47FC1C" _generate="added" checkinTime="1615422893985" checkinUser="plazi" docAuthor="Tabell, Jukka, Wikström, Bo, Mutanen, Marko, Bruckner, Harald &amp; Sihvonen, Pasi" docDate="2021" docId="03D88782FFA32200FF7BFC0B1F6AFD36" docLanguage="en" docName="zootaxa.4941.4.1.pdf" docOrigin="Zootaxa 4941 (4)" docStyle="DocumentStyle:647186512141C8FC8976D5BCC54AEB7D.6:Zootaxa.2013.journal_article" docStyleId="647186512141C8FC8976D5BCC54AEB7D" docStyleName="Zootaxa.2013.journal_article" docStyleVersion="6" docTitle="Pleurota andalusica Back, D. 1973, stat. nov." docType="treatment" docVersion="4" lastPageId="10" lastPageNumber="461" masterDocId="FFE1FFFAFFAB220AFFECFFA51C59FFB3" masterDocTitle="Subspecies of Pleurota bicostella (Clerck, 1759) revisited and descriptions of nine new species in the P. bicostella species group (Lepidoptera: Gelechioidea Oecophoridae: Pleurotinae)" masterLastPageNumber="486" masterPageNumber="451" pageId="8" pageNumber="459" updateTime="1616071110854" updateUser="ExternalLinkService" zenodo-license-document="CLOSED">
<mods:mods xmlns:mods="http://www.loc.gov/mods/v3">
<mods:titleInfo>
<mods:title>Subspecies of Pleurota bicostella (Clerck, 1759) revisited and descriptions of nine new species in the P. bicostella species group (Lepidoptera: Gelechioidea Oecophoridae: Pleurotinae)</mods:title>
</mods:titleInfo>
<mods:name type="personal">
<mods:role>
<mods:roleTerm>Author</mods:roleTerm>
</mods:role>
<mods:namePart>Tabell, Jukka</mods:namePart>
</mods:name>
<mods:name type="personal">
<mods:role>
<mods:roleTerm>Author</mods:roleTerm>
</mods:role>
<mods:namePart>Wikström, Bo</mods:namePart>
<mods:affiliation>Ylihaakkointie 13, FI- 03100 Nummela, Finland.</mods:affiliation>
</mods:name>
<mods:name type="personal">
<mods:role>
<mods:roleTerm>Author</mods:roleTerm>
</mods:role>
<mods:namePart>Mutanen, Marko</mods:namePart>
<mods:affiliation>Ecology and Genetics Research Unit, Po Box 3000, FI- 900014 University of Oulu, Finland.</mods:affiliation>
</mods:name>
<mods:name type="personal">
<mods:role>
<mods:roleTerm>Author</mods:roleTerm>
</mods:role>
<mods:namePart>Bruckner, Harald</mods:namePart>
<mods:affiliation>Naturhistorisches Museum Wien, Burgring 7, 1010 Wien, Austria.</mods:affiliation>
</mods:name>
<mods:name type="personal">
<mods:role>
<mods:roleTerm>Author</mods:roleTerm>
</mods:role>
<mods:namePart>Sihvonen, Pasi</mods:namePart>
<mods:nameIdentifier type="ORCID">0000-0003-2237-9325</mods:nameIdentifier>
<mods:affiliation>Finnish Museum of Natural History, Zoology Unit, University of Helsinki, P. O. Box 17, FI- 00014, Finland. pasi. sihvonen @ helsinki. fi; https: // orcid. org / 0000 - 0003 - 2237 - 9325</mods:affiliation>
<mods:nameIdentifier type="email">pasi.sihvonen@helsinki.fi</mods:nameIdentifier>
</mods:name>
<mods:typeOfResource>text</mods:typeOfResource>
<mods:relatedItem type="host">
<mods:titleInfo>
<mods:title>Zootaxa</mods:title>
</mods:titleInfo>
<mods:part>
<mods:date>2021</mods:date>
<mods:detail type="pubDate">
<mods:number>2021-03-10</mods:number>
</mods:detail>
<mods:detail type="volume">
<mods:number>4941</mods:number>
</mods:detail>
<mods:detail type="issue">
<mods:number>4</mods:number>
</mods:detail>
<mods:extent unit="page">
<mods:start>451</mods:start>
<mods:end>486</mods:end>
</mods:extent>
</mods:part>
</mods:relatedItem>
<mods:classification>journal article</mods:classification>
<mods:identifier type="DOI">https://doi.org/10.11646/zootaxa.4941.4.1</mods:identifier>
<mods:identifier type="GBIF-Dataset">781a8ed3-5380-4ae3-aa71-a338c10a782f</mods:identifier>
<mods:identifier type="ISSN">1175-5326</mods:identifier>
<mods:identifier type="Zenodo-Dep">4595501</mods:identifier>
<mods:identifier type="ZooBank">F0C9FC3F-0D05-4340-9407-5DAD4D47FC1C</mods:identifier>
</mods:mods>
<treatment ID-DOI="http://doi.org/10.5281/zenodo.4617035" ID-Zenodo-Dep="4617035" LSID="urn:lsid:plazi:treatment:03D88782FFA32200FF7BFC0B1F6AFD36" httpUri="http://treatment.plazi.org/id/03D88782FFA32200FF7BFC0B1F6AFD36" lastPageId="10" lastPageNumber="461" pageId="8" pageNumber="459">
<subSubSection pageId="8" pageNumber="459" type="nomenclature">
<paragraph blockId="8.[151,658,942,1041]" box="[151,658,942,969]" pageId="8" pageNumber="459">
<heading bold="true" box="[151,658,942,969]" fontSize="11" level="1" pageId="8" pageNumber="459" reason="1">
<emphasis bold="true" box="[151,658,942,969]" pageId="8" pageNumber="459">
<taxonomicName authority="Back, 1973" authorityName="Back, D." authorityYear="1973" baseAuthorityName="Back" baseAuthorityYear="1973" box="[151,539,942,969]" class="Insecta" family="Oecophoridae" genus="Pleurota" kingdom="Animalia" order="Lepidoptera" pageId="8" pageNumber="459" phylum="Arthropoda" rank="species" species="andalusica" status="stat. nov.">
<emphasis bold="true" box="[151,395,942,969]" italics="true" pageId="8" pageNumber="459">Pleurota andalusica</emphasis>
<bibRefCitation author="Back, H. E." box="[402,539,942,969]" pageId="8" pageNumber="459" refId="ref16879" refString="Back, H. E. (1973) Untersuchungen uber die Systematik und Zoogeographie der Gattung Pleurota (Lepidoptera: Oecophoridae). Dissertation zur Erlangung des Grades eines Doktors der philosophie der Philosophischen Fakultat der Universitat des Saarlandes, vorleget von Hans-Erkmar Back. Philosophischen Fakultat der Universitat des Saarlandes, Saarbrucken, 414 pp., 33 Tafeln." type="book" year="1973">Back, 1973</bibRefCitation>
</taxonomicName>
<taxonomicNameLabel box="[546,658,943,969]" pageId="8" pageNumber="459">stat. nov.</taxonomicNameLabel>
</emphasis>
</heading>
</paragraph>
<paragraph blockId="8.[151,658,942,1041]" box="[151,628,978,1005]" pageId="8" pageNumber="459">Barcode Index Number: BOLD:ACY5987</paragraph>
</subSubSection>
<subSubSection box="[151,450,1014,1041]" pageId="8" pageNumber="459" type="description">
<paragraph blockId="8.[151,658,942,1041]" box="[151,450,1014,1041]" pageId="8" pageNumber="459">
<tableCitation box="[151,234,1015,1041]" captionStart="TABLE 1" captionStartId="27.[151,239,723,747]" captionText="TABLE 1. Interspecific mean Kimura 2-parameter divergences (%) among members of the Pleurota bicostella species group, based on the analysis of the DNA barcode sequence of the COI gene. Maximum intraspecific distances are shown in grey cells. Number of examined specimens are given in parentheses." pageId="8" pageNumber="459">Table 1</tableCitation>
, 
<figureCitation box="[248,325,1015,1041]" captionStart="FIGURES 1–8" captionStartId="3.[151,264,1906,1930]" captionTargetBox="[154,1434,345,1882]" captionTargetId="figure-88@3.[153,1434,345,1882]" captionTargetPageId="3" captionText="FIGURES 1–8. Adults and labels of Pleurota spp. 1–2. P. bicostella (Clerck). 1. ♂. 2. ♀. 3. P. andalusica Back, ♂. 4–5. P. asiatica Back. 4. ♂ holotype. 5. ♀ paratype. 6–8. P. aragonella Chrétien. 6. ♂ holotype. 7. ♂. 8. ♀." figureDoi="http://doi.org/10.5281/zenodo.4595503" httpUri="https://zenodo.org/record/4595503/files/figure.png" pageId="8" pageNumber="459">Figs. 3</figureCitation>
, 
<figureCitation box="[338,368,1014,1041]" captionStart="FIGURES 35–36" captionStartId="9.[151,264,1788,1812]" captionTargetBox="[176,1419,273,1764]" captionTargetId="figure-56@9.[167,1420,273,1764]" captionTargetPageId="9" captionText="FIGURES 35–36. Male genitalia of Pleurota spp. 35. P. andalusica Back, GP 5625 J. Tabell. 36. P. aragonella Chrétien, GP 5575 J. Tabell." figureDoi="http://doi.org/10.5281/zenodo.4595517" httpUri="https://zenodo.org/record/4595517/files/figure.png" pageId="8" pageNumber="459">35</figureCitation>
, 
<figureCitation box="[380,410,1014,1041]" captionStart="FIGURES 51–53" captionStartId="28.[151,264,1833,1857]" captionTargetBox="[159,1428,181,1808]" captionTargetId="figure-23@28.[159,1428,181,1809]" captionTargetPageId="28" captionText="FIGURES 51–53. Female genitalia of Pleurota spp. 51. P. bicostella (Clerck), GP 6026 J. Tabell. 52. P. andalusica Back, GP 5879 J. Tabell. 53. P. aragonella Chrétien, GP 5878 J. Tabell." figureDoi="http://doi.org/10.5281/zenodo.4595535" httpUri="https://zenodo.org/record/4595535/files/figure.png" pageId="8" pageNumber="459">52</figureCitation>
, 
<figureCitation box="[422,450,1014,1041]" captionStart="FIGURE 65" captionStartId="33.[151,250,1943,1967]" captionTargetBox="[383,1204,181,1920]" captionTargetId="figure-17@33.[383,1204,181,1920]" captionTargetPageId="33" captionText="FIGURE 65. Neighbor-joining tree based on the barcoding fragment of the COI gene (p-distance model) of all available species of the Pleurota bicostella species group. “MM26262” etc. are BOLD sample IDs." figureDoi="http://doi.org/10.5281/zenodo.4595545" httpUri="https://zenodo.org/record/4595545/files/figure.png" pageId="8" pageNumber="459">65</figureCitation>
</paragraph>
</subSubSection>
<subSubSection pageId="8" pageNumber="459" type="reference_group">
<paragraph blockId="8.[151,1436,1083,1169]" pageId="8" pageNumber="459">
<treatmentCitationGroup pageId="8" pageNumber="459">
<treatmentCitation author="Back, H. E." box="[151,694,1083,1107]" page="105" pageId="8" pageNumber="459" year="1973">
<taxonomicName authority="Back, 1973: 103 - 105" authorityName="Back" authorityPageNumber="103 - 105" authorityYear="1973" box="[151,694,1083,1107]" class="Insecta" family="Oecophoridae" genus="Pleurota" kingdom="Animalia" order="Lepidoptera" pageId="8" pageNumber="459" phylum="Arthropoda" rank="subSpecies" species="bicostella" subSpecies="andalusica">
<emphasis box="[151,464,1083,1107]" italics="true" pageId="8" pageNumber="459">Pleurota bicostella andalusica</emphasis>
<materialsCitation box="[472,694,1083,1107]" collectionCode="ZSM" country="Spain" location="Bb" municipality="Granada" pageId="8" pageNumber="459" specimenCount="1" specimenCount-female="1" typeStatus="holotype">
<bibRefCitation author="Back, H. E." box="[472,694,1083,1107]" pageId="8" pageNumber="459" refId="ref16879" refString="Back, H. E. (1973) Untersuchungen uber die Systematik und Zoogeographie der Gattung Pleurota (Lepidoptera: Oecophoridae). Dissertation zur Erlangung des Grades eines Doktors der philosophie der Philosophischen Fakultat der Universitat des Saarlandes, vorleget von Hans-Erkmar Back. Philosophischen Fakultat der Universitat des Saarlandes, Saarbrucken, 414 pp., 33 Tafeln." type="book" year="1973">Back, 1973: 103–105</bibRefCitation>
</materialsCitation>
</taxonomicName>
</treatmentCitation>
, pls. H (♂ genitalia), 
<location LSID="urn:lsid:plazi:treatment:03D88782FFA32200FF7BFC0B1F6AFD36:8EAE604FFFA32202FC75FB9E1FEEFBE0" box="[921,951,1083,1107]" country="Spain" municipality="Granada" name="Bb" pageId="8" pageNumber="459">Bb</location>
1 (
<specimenCount box="[989,1006,1083,1107]" pageId="8" pageNumber="459" type="female">♀</specimenCount>
genitalia). Type locality: 
<collectingCountry box="[1271,1333,1083,1107]" name="Spain" pageId="8" pageNumber="459">Spain</collectingCountry>
: 
<collectingMunicipality box="[1344,1432,1083,1107]" pageId="8" pageNumber="459">Granada</collectingMunicipality>
, Diezma. 
<typeStatus box="[290,384,1114,1138]" pageId="8" pageNumber="459">Holotype</typeStatus>
♂ (ZSM; not found). Here raised from subspecies to species, based on congruent differences in habitus, genitalia structure, and DNA barcodes (
<emphasis bold="true" box="[602,713,1144,1169]" pageId="8" pageNumber="459">stat. nov.).</emphasis>
</treatmentCitationGroup>
</paragraph>
</subSubSection>
<subSubSection pageId="8" pageNumber="459" type="materials_examined">
<paragraph blockId="8.[151,1437,1214,2033]" pageId="8" pageNumber="459">
<emphasis bold="true" box="[151,357,1214,1240]" pageId="8" pageNumber="459">Material studied.</emphasis>
<materialsCitation collectingDate="2015-07-02" collectingDateMax="2016-07-05" collectingDateMin="2015-07-02" collectionCode="TAB" collectorName="J. Tabell" country="Spain" elevation="1490" location="Huesca" pageId="8" pageNumber="459" specimenCount="15" specimenCount-female="15" stateProvince="Aragon">
4 ♂ (GP 5625 
<collectorName box="[529,626,1215,1241]" pageId="8" pageNumber="459">J. Tabell</collectorName>
, DNA sample 24568 
<collectorName box="[869,997,1215,1242]" pageId="8" pageNumber="459">Lepid Phyl</collectorName>
), 
<specimenCount box="[1017,1059,1215,1241]" pageId="8" pageNumber="459" type="female">7 ♀</specimenCount>
(GP 5478 
<collectorName box="[1182,1278,1215,1241]" pageId="8" pageNumber="459">J. Tabell</collectorName>
, DNA sample 23569 
<collectorName box="[227,354,1251,1277]" pageId="8" pageNumber="459">Lepid Phyl</collectorName>
; GP 5775 
<collectorName box="[468,565,1251,1278]" pageId="8" pageNumber="459">J. Tabell</collectorName>
), 
<collectingCountry box="[584,651,1251,1277]" name="Spain" pageId="8" pageNumber="459">Spain</collectingCountry>
, 
<collectorName box="[661,759,1251,1277]" pageId="8" pageNumber="459">Granada</collectorName>
, 
<collectorName box="[769,928,1251,1277]" pageId="8" pageNumber="459">Sierra Nevada</collectorName>
<quantity box="[934,1020,1251,1277]" metricMagnitude="3" metricUnit="m" metricValue="1.49" pageId="8" pageNumber="459" unit="m" value="1490.0">
<elevation box="[934,1020,1251,1277]" metricMagnitude="3" metricUnit="m" metricValue="1.49" pageId="8" pageNumber="459" unit="m" value="1490.0">1490 m</elevation>
</quantity>
, 
<quantity box="[1031,1087,1251,1277]" metricMagnitude="3" metricUnit="m" metricValue="4.0" pageId="8" pageNumber="459" unit="km" value="4.0">4 km</quantity>
SW G̹ejár-Sierra, 
<date box="[1306,1431,1250,1277]" pageId="8" pageNumber="459" value="2015-07-02">
<collectingDate box="[1306,1431,1250,1277]" pageId="8" pageNumber="459" value="2015-07-02">2.VII.2015</collectingDate>
</date>
, 
<collectorName box="[151,245,1287,1313]" pageId="8" pageNumber="459">J. Tabell</collectorName>
leg.;
</materialsCitation>
<materialsCitation collectingDate="2015-07-02" collectingDateMax="2016-07-05" collectingDateMin="2015-07-02" collectionCode="TAB" collectorName="J. Tabell" country="Spain" elevation="1490" location="Huesca" pageId="8" pageNumber="459" specimenCount="15" specimenCount-female="15" stateProvince="Aragon">
4 ♂, 
<specimenCount box="[364,406,1287,1313]" pageId="8" pageNumber="459" type="female">8 ♀</specimenCount>
(GP 5879 
<collectorName box="[526,624,1287,1313]" pageId="8" pageNumber="459">J. Tabell</collectorName>
; DNA sample 24570 
<collectorName box="[864,991,1287,1313]" pageId="8" pageNumber="459">Lepid Phyl</collectorName>
; DNA sample 24571 
<collectorName box="[1232,1359,1287,1314]" pageId="8" pageNumber="459">Lepid Phyl</collectorName>
), same collecting data, but 
<date box="[371,497,1322,1349]" pageId="8" pageNumber="459" value="2015-07-09">
<collectingDate box="[371,497,1322,1349]" pageId="8" pageNumber="459" value="2015-07-09">9.VII.2015</collectingDate>
</date>
;
</materialsCitation>
<materialsCitation collectingDate="2015-07-02" collectingDateMax="2016-07-05" collectingDateMin="2015-07-02" collectionCode="TAB" collectorName="J. Tabell " country="Spain" elevation="1490" location="Huesca" pageId="8" pageNumber="459" specimenCount="15" specimenCount-female="15" stateProvince="Aragon">
2 ♂ (GP 5711 
<collectorName box="[669,765,1323,1349]" pageId="8" pageNumber="459">J. Tabell</collectorName>
, DNA sample 25599 
<collectorName box="[1005,1132,1323,1349]" pageId="8" pageNumber="459">Lepid Phyl</collectorName>
; DNA sample 25600 
<collectorName pageId="8" pageNumber="459">Lepid Phyl</collectorName>
), 
<collectingCountry box="[226,293,1359,1385]" name="Spain" pageId="8" pageNumber="459">Spain</collectingCountry>
, 
<collectingRegion box="[302,389,1359,1385]" country="Spain" name="Aragon" pageId="8" pageNumber="459">Aragon</collectingRegion>
, 
<location LSID="urn:lsid:plazi:treatment:03D88782FFA32200FF7BFC0B1F6AFD36:8EAE604FFFA32202FE7CFAEA1DBCFADA" box="[400,485,1359,1385]" country="Spain" name="Huesca" pageId="8" pageNumber="459" stateProvince="Aragon">Huesca</location>
, 
<locationDeviation box="[496,860,1358,1385]" location="Castejon de Monegros" pageId="8" pageNumber="459">
<quantity box="[496,574,1358,1385]" metricMagnitude="3" metricUnit="m" metricValue="4.5" pageId="8" pageNumber="459" unit="km" value="4.5">4.5 km</quantity>
E Castejón de Monegros
</locationDeviation>
, 
<quantity box="[871,944,1358,1385]" metricMagnitude="2" metricUnit="m" metricValue="5.4" pageId="8" pageNumber="459" unit="m" value="540.0">
<elevation box="[871,944,1358,1385]" metricMagnitude="2" metricUnit="m" metricValue="5.4" pageId="8" pageNumber="459" unit="m" value="540.0">540 m</elevation>
</quantity>
, 
<date box="[956,1081,1358,1385]" pageId="8" pageNumber="459" value="2016-07-05">
<collectingDate box="[956,1081,1358,1385]" pageId="8" pageNumber="459" value="2016-07-05">5.VII.2016</collectingDate>
</date>
, 
<collectorName box="[1093,1187,1359,1385]" pageId="8" pageNumber="459">J. Tabell</collectorName>
leg. (all coll. 
<collectionCode box="[1342,1401,1359,1385]" pageId="8" pageNumber="459">TAB</collectionCode>
)
</materialsCitation>
.
</paragraph>
</subSubSection>
<subSubSection pageId="8" pageNumber="459" type="diagnosis">
<paragraph blockId="8.[151,1437,1214,2033]" pageId="8" pageNumber="459">
<emphasis bold="true" box="[199,322,1394,1420]" pageId="8" pageNumber="459">Diagnosis.</emphasis>
According to 
<bibRefCitation author="Back, H. E." box="[483,625,1395,1421]" pageId="8" pageNumber="459" refId="ref16879" refString="Back, H. E. (1973) Untersuchungen uber die Systematik und Zoogeographie der Gattung Pleurota (Lepidoptera: Oecophoridae). Dissertation zur Erlangung des Grades eines Doktors der philosophie der Philosophischen Fakultat der Universitat des Saarlandes, vorleget von Hans-Erkmar Back. Philosophischen Fakultat der Universitat des Saarlandes, Saarbrucken, 414 pp., 33 Tafeln." type="book" year="1973">Back (1973)</bibRefCitation>
, the taxon can be distinguished from 
<emphasis box="[1051,1217,1395,1421]" italics="true" pageId="8" pageNumber="459">
P. b. 
<taxonomicName baseAuthorityName="Clerck" baseAuthorityYear="1759" box="[1108,1217,1395,1421]" class="Insecta" family="Oecophoridae" genus="Pleurota" kingdom="Animalia" order="Lepidoptera" pageId="8" pageNumber="459" phylum="Arthropoda" rank="species" species="bicostella">bicostella</taxonomicName>
</emphasis>
by its smaller size, longer labial palp and more contrasted and brightly coloured forewing, in the male genitalia by longer and differently shaped gnathos and longer posterior lobe of juxta, and in the female genitalia by longer ventral longitudinal sclerotization and longer apophysis posterioris. Judging from these characters, combined with the shape of valval lobe in the male genitalia and barcoding information, the systematic position of 
<taxonomicName authorityName="Back, D." authorityYear="1973" baseAuthorityName="Back" baseAuthorityYear="1973" box="[1056,1179,1539,1565]" class="Insecta" family="Oecophoridae" genus="Pleurota" kingdom="Animalia" order="Lepidoptera" pageId="8" pageNumber="459" phylum="Arthropoda" rank="species" species="andalusica">
<emphasis box="[1056,1179,1539,1565]" italics="true" pageId="8" pageNumber="459">andalusica</emphasis>
</taxonomicName>
is not in the 
<taxonomicName baseAuthorityName="Clerck" baseAuthorityYear="1759" box="[1327,1436,1539,1565]" class="Insecta" family="Oecophoridae" genus="Pleurota" kingdom="Animalia" order="Lepidoptera" pageId="8" pageNumber="459" phylum="Arthropoda" rank="species" species="bicostella">
<emphasis box="[1327,1436,1539,1565]" italics="true" pageId="8" pageNumber="459">bicostella</emphasis>
</taxonomicName>
group but in the 
<taxonomicName baseAuthorityName="Linnaeus" baseAuthorityYear="1767" box="[336,460,1575,1601]" class="Insecta" family="Oecophoridae" genus="Pleurota" kingdom="Animalia" order="Lepidoptera" pageId="8" pageNumber="459" phylum="Arthropoda" rank="species" species="aristella">
<emphasis box="[336,353,1575,1600]" italics="true" pageId="8" pageNumber="459">P</emphasis>
. 
<emphasis box="[367,460,1575,1601]" italics="true" pageId="8" pageNumber="459">aristella</emphasis>
</taxonomicName>
<taxonomicNameLabel box="[468,501,1575,1601]" pageId="8" pageNumber="459" sensu="lato">s.l.</taxonomicNameLabel>
species group (see 
<bibRefCitation author="Kaila, L. &amp; Mutanen, M. &amp; Sihvonen, P. &amp; Tyllinen, J. &amp; Tabell, J." box="[720,911,1575,1601]" pageId="8" pageNumber="459" pagination="451 - 477" refId="ref17137" refString="Kaila, L., Mutanen, M., Sihvonen, P., Tyllinen, J. &amp; Tabell, J. (2019) Characterization of Pleurotinae, with review of Pleurota species close to P. aristella (Linnaeus) from Morocco (Lepidoptera: Gelechioidea: Oecophoridae). Zootaxa, 4545 (4), 451 - 477. https: // doi. org / 10.11646 / zootaxa. 4545.4.1" type="journal article" year="2019">
Kaila 
<emphasis box="[787,836,1575,1601]" italics="true" pageId="8" pageNumber="459">et al</emphasis>
. 2019
</bibRefCitation>
).
</paragraph>
<paragraph blockId="8.[151,1437,1214,2033]" pageId="8" pageNumber="459">
<emphasis bold="true" box="[199,395,1611,1637]" pageId="8" pageNumber="459">Molecular data.</emphasis>
Six specimens of 
<taxonomicName authorityName="Back, D." authorityYear="1973" baseAuthorityName="Back" baseAuthorityYear="1973" box="[625,748,1611,1637]" class="Insecta" family="Oecophoridae" genus="Pleurota" kingdom="Animalia" order="Lepidoptera" pageId="8" pageNumber="459" phylum="Arthropoda" rank="species" species="andalusica">
<emphasis box="[625,748,1611,1637]" italics="true" pageId="8" pageNumber="459">andalusica</emphasis>
</taxonomicName>
were sequenced, resulting in 658 bp, full-length barcode sequences for all specimens. The results revealed 7.74 %–10.94 % divergence between 
<taxonomicName authorityName="Back, D." authorityYear="1973" baseAuthorityName="Back" baseAuthorityYear="1973" box="[1155,1278,1647,1673]" class="Insecta" family="Oecophoridae" genus="Pleurota" kingdom="Animalia" order="Lepidoptera" pageId="8" pageNumber="459" phylum="Arthropoda" rank="species" species="andalusica">
<emphasis box="[1155,1278,1647,1673]" italics="true" pageId="8" pageNumber="459">andalusica</emphasis>
</taxonomicName>
and the other barcoded taxa of the 
<taxonomicName baseAuthorityName="Clerck" baseAuthorityYear="1759" box="[385,494,1683,1709]" class="Insecta" family="Oecophoridae" genus="Pleurota" kingdom="Animalia" order="Lepidoptera" pageId="8" pageNumber="459" phylum="Arthropoda" rank="species" species="bicostella">
<emphasis box="[385,494,1683,1709]" italics="true" pageId="8" pageNumber="459">bicostella</emphasis>
</taxonomicName>
species group (
<tableCitation box="[668,752,1683,1709]" captionStart="TABLE 1" captionStartId="27.[151,239,723,747]" captionText="TABLE 1. Interspecific mean Kimura 2-parameter divergences (%) among members of the Pleurota bicostella species group, based on the analysis of the DNA barcode sequence of the COI gene. Maximum intraspecific distances are shown in grey cells. Number of examined specimens are given in parentheses." pageId="8" pageNumber="459">Table 1</tableCitation>
). The nearest neighbour to 
<taxonomicName authorityName="Back, D." authorityYear="1973" baseAuthorityName="Back" baseAuthorityYear="1973" box="[1061,1184,1683,1709]" class="Insecta" family="Oecophoridae" genus="Pleurota" kingdom="Animalia" order="Lepidoptera" pageId="8" pageNumber="459" phylum="Arthropoda" rank="species" species="andalusica">
<emphasis box="[1061,1184,1683,1709]" italics="true" pageId="8" pageNumber="459">andalusica</emphasis>
</taxonomicName>
is a Moroccan species 
<taxonomicName authority="Tabell, 2019" authorityName="Tabell" authorityYear="2019" box="[151,505,1719,1745]" class="Insecta" family="Oecophoridae" genus="Pleurota" kingdom="Animalia" order="Lepidoptera" pageId="8" pageNumber="459" phylum="Arthropoda" rank="species" species="ochreopalpella">
<emphasis box="[151,351,1719,1745]" italics="true" pageId="8" pageNumber="459">P. ochreopalpella</emphasis>
<bibRefCitation author="Tabell, J. &amp; Mutanen, M. &amp; Sihvonen, P." box="[360,505,1719,1745]" pageId="8" pageNumber="459" pagination="442 - 450" refId="ref17391" refString="Tabell, J., Mutanen, M. &amp; Sihvonen, P. (2019) Three morphologically and genetically confirmed new Pleurota species from Morocco (Lepidoptera: Gelechioidea: Oecophoridae: Pleurotinae). Zootaxa, 4624 (3), 442 - 450. https: // doi. org / 10.11646 / zootaxa. 4624.3.12" type="journal article" year="2019">Tabell, 2019</bibRefCitation>
</taxonomicName>
, which belongs to the 
<taxonomicName baseAuthorityName="Linnaeus" baseAuthorityYear="1767" box="[771,864,1719,1745]" class="Insecta" family="Oecophoridae" genus="Pleurota" kingdom="Animalia" order="Lepidoptera" pageId="8" pageNumber="459" phylum="Arthropoda" rank="species" species="aristella">
<emphasis box="[771,864,1719,1745]" italics="true" pageId="8" pageNumber="459">aristella</emphasis>
</taxonomicName>
species group (
<bibRefCitation author="Kaila, L. &amp; Mutanen, M. &amp; Sihvonen, P. &amp; Tyllinen, J. &amp; Tabell, J." box="[1048,1249,1719,1745]" pageId="8" pageNumber="459" pagination="451 - 477" refId="ref17137" refString="Kaila, L., Mutanen, M., Sihvonen, P., Tyllinen, J. &amp; Tabell, J. (2019) Characterization of Pleurotinae, with review of Pleurota species close to P. aristella (Linnaeus) from Morocco (Lepidoptera: Gelechioidea: Oecophoridae). Zootaxa, 4545 (4), 451 - 477. https: // doi. org / 10.11646 / zootaxa. 4545.4.1" type="journal article" year="2019">
Kaila 
<emphasis box="[1120,1180,1719,1745]" italics="true" pageId="8" pageNumber="459">et al.</emphasis>
2019
</bibRefCitation>
), with a 4.26 % divergence. The divergence between 
<taxonomicName authorityName="Back, D." authorityYear="1973" baseAuthorityName="Back" baseAuthorityYear="1973" box="[570,693,1755,1781]" class="Insecta" family="Oecophoridae" genus="Pleurota" kingdom="Animalia" order="Lepidoptera" pageId="8" pageNumber="459" phylum="Arthropoda" rank="species" species="andalusica">
<emphasis box="[570,693,1755,1781]" italics="true" pageId="8" pageNumber="459">andalusica</emphasis>
</taxonomicName>
and 
<taxonomicName baseAuthorityName="Clerck" baseAuthorityYear="1759" box="[748,857,1755,1781]" class="Insecta" family="Oecophoridae" genus="Pleurota" kingdom="Animalia" order="Lepidoptera" pageId="8" pageNumber="459" phylum="Arthropoda" rank="species" species="bicostella">
<emphasis box="[748,857,1755,1781]" italics="true" pageId="8" pageNumber="459">bicostella</emphasis>
</taxonomicName>
is 8.95 % (
<tableCitation box="[986,1071,1755,1781]" captionStart="TABLE 1" captionStartId="27.[151,239,723,747]" captionText="TABLE 1. Interspecific mean Kimura 2-parameter divergences (%) among members of the Pleurota bicostella species group, based on the analysis of the DNA barcode sequence of the COI gene. Maximum intraspecific distances are shown in grey cells. Number of examined specimens are given in parentheses." pageId="8" pageNumber="459">Table 1</tableCitation>
). There exists a 1.24 % barcode gap between the populations of Sierra Nevada and Sierra de los Monegros, which may indicate cryptic diversity. The intraspecific variation within these clusters is 0.46 % (n=4) and 0.15 % (n=2), respectively.
</paragraph>
</subSubSection>
<subSubSection lastPageId="10" lastPageNumber="461" pageId="8" pageNumber="459" type="description">
<paragraph blockId="8.[151,1437,1214,2033]" lastBlockId="9.[151,1436,150,249]" lastPageId="9" lastPageNumber="460" pageId="8" pageNumber="459">
<emphasis bold="true" box="[199,345,1862,1888]" pageId="8" pageNumber="459">Description.</emphasis>
Adult. Wingspan 
<quantity box="[561,732,1863,1889]" metricMagnitude="-2" metricUnit="m" metricValue="1.755" metricValueMax="2.12" metricValueMin="1.39" pageId="8" pageNumber="459" unit="mm" value="17.55" valueMax="21.2" valueMin="13.9">13.9–21.2 mm</quantity>
. Labial palpus long, off-white, mixed with brown, ventrally brown, mixed with white, 8 x as long as diameter of eye (1 
<superScript attach="left" box="[794,805,1899,1913]" fontSize="6" pageId="8" pageNumber="459">st</superScript>
and 2 
<superScript attach="left" box="[871,887,1898,1912]" fontSize="6" pageId="8" pageNumber="459">nd</superScript>
palpomeres), 3 
<superScript attach="left" box="[1057,1071,1898,1912]" fontSize="6" pageId="8" pageNumber="459">rd</superScript>
palpomere 0.3 x length of 1 
<superScript attach="left" box="[1379,1390,1899,1913]" fontSize="6" pageId="8" pageNumber="459">st</superScript>
and 2 
<superScript attach="left" box="[165,181,1934,1948]" fontSize="6" pageId="8" pageNumber="459">nd</superScript>
palpomeres. Scape off-white, flagellum smooth, brown, slightly serrate. Head and thorax white, tegula mixed with pale brown. Forewing white, dispersed with brown and blackish brown scales, discal spot distinct, blackish brown, hind margin with several blackish brown scales forming a fringe line; costal line white, narrow, from near base to 0.75; subcostal line brown, broad, basally slightly narrower. Costal fringe brown, dorsal fringe pale brown, apically off-white. Hindwing brownish grey, margin brown, fringe concolorous. Abdomen grey, slightly lustrous, each segment with a transverse row of ochre scales.
</paragraph>
<caption ID-DOI="http://doi.org/10.5281/zenodo.4595517" ID-Zenodo-Dep="4595517" httpUri="https://zenodo.org/record/4595517/files/figure.png" pageId="9" pageNumber="460" startId="9.[151,264,1788,1812]" targetBox="[176,1419,273,1764]" targetPageId="9">
<paragraph blockId="9.[151,1436,1788,1848]" pageId="9" pageNumber="460">
<emphasis bold="true" box="[151,341,1788,1812]" pageId="9" pageNumber="460">FIGURES 35–36.</emphasis>
Male genitalia of 
<taxonomicName authorityName="Hubner" authorityYear="1825" box="[531,619,1788,1812]" class="Insecta" family="Oecophoridae" genus="Pleurota" kingdom="Animalia" order="Lepidoptera" pageId="9" pageNumber="460" phylum="Arthropoda" rank="genus">
<emphasis box="[531,619,1788,1812]" italics="true" pageId="9" pageNumber="460">Pleurota</emphasis>
</taxonomicName>
spp. 35. 
<taxonomicName authority="Back, GP" authorityName="Back, GP" box="[714,955,1788,1812]" class="Insecta" family="Oecophoridae" genus="Pleurota" kingdom="Animalia" order="Lepidoptera" pageId="9" pageNumber="460" phylum="Arthropoda" rank="species" species="andalusica">
<emphasis box="[714,851,1788,1812]" italics="true" pageId="9" pageNumber="460">P. andalusica</emphasis>
Back, GP
</taxonomicName>
5625 J. Tabell. 36. 
<taxonomicName authority="Chretien, GP" authorityName="Chretien, GP" authorityYear="1925" baseAuthorityName="Chretien" baseAuthorityYear="1925" box="[1159,1436,1788,1812]" class="Insecta" family="Oecophoridae" genus="Pleurota" kingdom="Animalia" order="Lepidoptera" pageId="9" pageNumber="460" phylum="Arthropoda" rank="species" species="aragonella">
<emphasis box="[1159,1296,1788,1812]" italics="true" pageId="9" pageNumber="460">P. aragonella</emphasis>
Chrétien, GP
</taxonomicName>
5575 J. Tabell.
</paragraph>
</caption>
<paragraph blockId="9.[151,1436,1894,2029]" lastBlockId="10.[151,1437,151,645]" lastPageId="10" lastPageNumber="461" pageId="9" pageNumber="460">Male genitalia. Uncus triangular from ventral view, markedly shorter than gnathos, covered with several long bristles, apex with parallel-sided stout protuberance. Gnathos elongate, funnel-shaped from ventral view, with extensive scobination, evenly tapered towards apex, apex stout. Valva elongate, upwardly oblique, ventral margin medially bulged, costa straight, oblique; cucullus narrow; sacculus broad, covered with several bristles; valval lobe well delineated, club-shaped, distally covered with several bristles. Juxta tuning-fork-shaped; posterior lobe moderately narrow, long, exceeding the base of uncus. Phallus slightly arched, with one plate-shaped cornutus and two patches of small spines, at apex and around cornutus.</paragraph>
<paragraph blockId="10.[151,1437,151,645]" pageId="10" pageNumber="461">Female genitalia. Papilla analis ovoid, covered with short and long bristles. Apophysis posterioris 4.7 x as long as papilla analis and 1.4 x as long as apophysis anterioris, which is 1.4 x as long as segment 8. Segment 8 longitudinally rectangular, dorsolaterally reinforced by sclerotized band, distally covered with a few short bristles, proximal margin deeply U-shaped; ventral longitudinal sclerotization narrow and long.Antrum as long as segment 8, posterior third membranous, anterior part slightly sclerotized, with two crescent-shaped opposite patches of different size. Ductus bursae short. Corpus bursae ovoid, with one arched robust signum bearing two long moderately broad thorn-like protuberances, and two narrow leaf-shaped posterior signa of different size.</paragraph>
</subSubSection>
<subSubSection box="[199,420,510,537]" pageId="10" pageNumber="461" type="biology_ecology">
<paragraph blockId="10.[151,1437,151,645]" box="[199,420,510,537]" pageId="10" pageNumber="461">
<emphasis bold="true" box="[199,295,510,536]" pageId="10" pageNumber="461">Biology.</emphasis>
Unknown.
</paragraph>
</subSubSection>
<subSubSection pageId="10" pageNumber="461" type="distribution">
<paragraph blockId="10.[151,1437,151,645]" box="[199,1349,546,574]" pageId="10" pageNumber="461">
<emphasis bold="true" box="[199,353,546,572]" pageId="10" pageNumber="461">Distribution.</emphasis>
<collectingCountry box="[359,426,547,573]" name="Spain" pageId="10" pageNumber="461">Spain</collectingCountry>
, Sierra Nevada (Granada) and Sierra de los Monegros (
<collectingRegion box="[1047,1137,547,573]" country="Spain" name="Aragon" pageId="10" pageNumber="461">Aragon</collectingRegion>
), locally abundant.
</paragraph>
<paragraph blockId="10.[151,1437,151,645]" pageId="10" pageNumber="461">
<emphasis bold="true" box="[199,262,583,609]" pageId="10" pageNumber="461">Note.</emphasis>
<bibRefCitation author="Back, H. E." box="[270,409,583,609]" pageId="10" pageNumber="461" refId="ref16879" refString="Back, H. E. (1973) Untersuchungen uber die Systematik und Zoogeographie der Gattung Pleurota (Lepidoptera: Oecophoridae). Dissertation zur Erlangung des Grades eines Doktors der philosophie der Philosophischen Fakultat der Universitat des Saarlandes, vorleget von Hans-Erkmar Back. Philosophischen Fakultat der Universitat des Saarlandes, Saarbrucken, 414 pp., 33 Tafeln." type="book" year="1973">Back (1973)</bibRefCitation>
stated that the 
<typeStatus box="[582,630,583,609]" pageId="10" pageNumber="461">type</typeStatus>
material was in ZSM, but it has not been found there despite searching efforts (Ulf Buchsbaum and Axel Hausmann, pers. comm.).
</paragraph>
</subSubSection>
</treatment>
</document>