<document ID-DOI="http://doi.org/10.5281/zenodo.4617050" ID-GBIF-Dataset="781a8ed3-5380-4ae3-aa71-a338c10a782f" ID-ISSN="1175-5326" ID-Zenodo-Dep="4617050" ID-ZooBank="F0C9FC3F-0D05-4340-9407-5DAD4D47FC1C" _generate="added" checkinTime="1615422893985" checkinUser="plazi" docAuthor="Tabell, Jukka, Wikström, Bo, Mutanen, Marko, Bruckner, Harald &amp; Sihvonen, Pasi" docDate="2021" docId="03D88782FFA62207FF7BFF321DA8F835" docLanguage="en" docName="zootaxa.4941.4.1.pdf" docOrigin="Zootaxa 4941 (4)" docStyle="DocumentStyle:647186512141C8FC8976D5BCC54AEB7D.6:Zootaxa.2013.journal_article" docStyleId="647186512141C8FC8976D5BCC54AEB7D" docStyleName="Zootaxa.2013.journal_article" docStyleVersion="6" docTitle="Pleurota illucidella Chretien, GP 1915, stat. rev." docType="treatment" docVersion="4" lastPageNumber="464" masterDocId="FFE1FFFAFFAB220AFFECFFA51C59FFB3" masterDocTitle="Subspecies of Pleurota bicostella (Clerck, 1759) revisited and descriptions of nine new species in the P. bicostella species group (Lepidoptera: Gelechioidea Oecophoridae: Pleurotinae)" masterLastPageNumber="486" masterPageNumber="451" pageId="13" pageNumber="464" updateTime="1616071110854" updateUser="ExternalLinkService" zenodo-license-document="CLOSED">
<mods:mods xmlns:mods="http://www.loc.gov/mods/v3">
<mods:titleInfo>
<mods:title>Subspecies of Pleurota bicostella (Clerck, 1759) revisited and descriptions of nine new species in the P. bicostella species group (Lepidoptera: Gelechioidea Oecophoridae: Pleurotinae)</mods:title>
</mods:titleInfo>
<mods:name type="personal">
<mods:role>
<mods:roleTerm>Author</mods:roleTerm>
</mods:role>
<mods:namePart>Tabell, Jukka</mods:namePart>
</mods:name>
<mods:name type="personal">
<mods:role>
<mods:roleTerm>Author</mods:roleTerm>
</mods:role>
<mods:namePart>Wikström, Bo</mods:namePart>
<mods:affiliation>Ylihaakkointie 13, FI- 03100 Nummela, Finland.</mods:affiliation>
</mods:name>
<mods:name type="personal">
<mods:role>
<mods:roleTerm>Author</mods:roleTerm>
</mods:role>
<mods:namePart>Mutanen, Marko</mods:namePart>
<mods:affiliation>Ecology and Genetics Research Unit, Po Box 3000, FI- 900014 University of Oulu, Finland.</mods:affiliation>
</mods:name>
<mods:name type="personal">
<mods:role>
<mods:roleTerm>Author</mods:roleTerm>
</mods:role>
<mods:namePart>Bruckner, Harald</mods:namePart>
<mods:affiliation>Naturhistorisches Museum Wien, Burgring 7, 1010 Wien, Austria.</mods:affiliation>
</mods:name>
<mods:name type="personal">
<mods:role>
<mods:roleTerm>Author</mods:roleTerm>
</mods:role>
<mods:namePart>Sihvonen, Pasi</mods:namePart>
<mods:nameIdentifier type="ORCID">0000-0003-2237-9325</mods:nameIdentifier>
<mods:affiliation>Finnish Museum of Natural History, Zoology Unit, University of Helsinki, P. O. Box 17, FI- 00014, Finland. pasi. sihvonen @ helsinki. fi; https: // orcid. org / 0000 - 0003 - 2237 - 9325</mods:affiliation>
<mods:nameIdentifier type="email">pasi.sihvonen@helsinki.fi</mods:nameIdentifier>
</mods:name>
<mods:typeOfResource>text</mods:typeOfResource>
<mods:relatedItem type="host">
<mods:titleInfo>
<mods:title>Zootaxa</mods:title>
</mods:titleInfo>
<mods:part>
<mods:date>2021</mods:date>
<mods:detail type="pubDate">
<mods:number>2021-03-10</mods:number>
</mods:detail>
<mods:detail type="volume">
<mods:number>4941</mods:number>
</mods:detail>
<mods:detail type="issue">
<mods:number>4</mods:number>
</mods:detail>
<mods:extent unit="page">
<mods:start>451</mods:start>
<mods:end>486</mods:end>
</mods:extent>
</mods:part>
</mods:relatedItem>
<mods:classification>journal article</mods:classification>
<mods:identifier type="DOI">https://doi.org/10.11646/zootaxa.4941.4.1</mods:identifier>
<mods:identifier type="GBIF-Dataset">781a8ed3-5380-4ae3-aa71-a338c10a782f</mods:identifier>
<mods:identifier type="ISSN">1175-5326</mods:identifier>
<mods:identifier type="Zenodo-Dep">4595501</mods:identifier>
<mods:identifier type="ZooBank">F0C9FC3F-0D05-4340-9407-5DAD4D47FC1C</mods:identifier>
</mods:mods>
<treatment ID-DOI="http://doi.org/10.5281/zenodo.4617050" ID-Zenodo-Dep="4617050" LSID="urn:lsid:plazi:treatment:03D88782FFA62207FF7BFF321DA8F835" httpUri="http://treatment.plazi.org/id/03D88782FFA62207FF7BFF321DA8F835" lastPageNumber="464" pageId="13" pageNumber="464">
<subSubSection pageId="13" pageNumber="464" type="nomenclature">
<paragraph blockId="13.[151,688,150,250]" box="[151,688,150,178]" pageId="13" pageNumber="464">
<heading bold="true" box="[151,688,150,178]" fontSize="11" level="1" pageId="13" pageNumber="464" reason="1">
<emphasis bold="true" box="[151,688,150,178]" pageId="13" pageNumber="464">
<taxonomicName authority="Chretien, 1915" authorityName="Chretien, GP" authorityYear="1915" baseAuthorityName="Chretien" baseAuthorityYear="1915" box="[151,575,150,178]" class="Insecta" family="Oecophoridae" genus="Pleurota" kingdom="Animalia" order="Lepidoptera" pageId="13" pageNumber="464" phylum="Arthropoda" rank="species" species="illucidella" status="stat. rev.">
<emphasis bold="true" box="[151,384,151,178]" italics="true" pageId="13" pageNumber="464">Pleurota illucidella</emphasis>
<bibRefCitation author="Chretien, P." box="[391,575,150,177]" pageId="13" pageNumber="464" pagination="289 - 374" refId="ref16941" refString="Chretien, P. (1915) Contribution a la connaissance des Lepidopteres du Nord de l'Afrique. Annales de la Societe entomologique de France, 84 (3), 289 - 374." type="journal article" year="1915">Chrétien, 1915</bibRefCitation>
</taxonomicName>
<taxonomicNameLabel box="[582,688,151,177]" pageId="13" pageNumber="464">stat. rev.</taxonomicNameLabel>
</emphasis>
</heading>
</paragraph>
<paragraph blockId="13.[151,688,150,250]" box="[151,628,187,213]" pageId="13" pageNumber="464">Barcode Index Number: BOLD:ADR8160</paragraph>
</subSubSection>
<subSubSection box="[151,533,223,250]" pageId="13" pageNumber="464" type="description">
<paragraph blockId="13.[151,688,150,250]" box="[151,533,223,250]" pageId="13" pageNumber="464">
<tableCitation box="[151,234,223,249]" captionStart="TABLE 1" captionStartId="27.[151,239,723,747]" captionText="TABLE 1. Interspecific mean Kimura 2-parameter divergences (%) among members of the Pleurota bicostella species group, based on the analysis of the DNA barcode sequence of the COI gene. Maximum intraspecific distances are shown in grey cells. Number of examined specimens are given in parentheses." pageId="13" pageNumber="464">Table 1</tableCitation>
, 
<figureCitation box="[248,367,223,249]" captionStart="FIGURES 9–16" captionStartId="4.[151,264,1743,1767]" captionTargetBox="[154,1433,181,1718]" captionTargetId="figure-23@4.[154,1433,181,1718]" captionTargetPageId="4" captionText="FIGURES 9–16. Adults and labels of Pleurota spp. 9–11. P. illucidella Chrétien. 9. ♀ holotype. 10. ♂. 11. ♀. 12–14. P. lepigrei Lucas. 12. ♂ holotype. 13. ♂. 14. ♂. 15. P. ericella (Duponchel), ♂. 16. P. phaeolepida sp. nov., ♂ holotype." figureDoi="http://doi.org/10.5281/zenodo.4595505" httpUri="https://zenodo.org/record/4595505/files/figure.png" pageId="13" pageNumber="464">Figs. 9–11</figureCitation>
, 
<figureCitation box="[379,409,223,249]" captionStart="FIGURES 37–38" captionStartId="12.[151,264,1884,1908]" captionTargetBox="[162,1417,350,1860]" captionTargetId="figure-69@12.[162,1426,345,1861]" captionTargetPageId="12" captionText="FIGURES 37–38. Male genitalia of Pleurota spp. 37. P. asiatica Back, holotype, Genitalpräparat Nr. 00597 H.-E. Back. 38. P. illucidella Chrétien, GP 6021 J. Tabell." figureDoi="http://doi.org/10.5281/zenodo.4595519" httpUri="https://zenodo.org/record/4595519/files/figure.png" pageId="13" pageNumber="464">38</figureCitation>
, 
<figureCitation box="[421,451,223,250]" captionStart="FIGURES 54–56" captionStartId="29.[151,264,1833,1857]" captionTargetBox="[172,1428,181,1808]" captionTargetId="figure-17@29.[159,1428,181,1809]" captionTargetPageId="29" captionText="FIGURES 54–56. Female genitalia of Pleurota spp. 54. P. asiatica Back, paratype, Genitalpräparat Nr. 00605 H.-E. Back. 55. P. illucidella Chrétien, GP 5917 J. Tabell. 56. P. lepigrei Lucas, GP 5444 J. Tabell." figureDoi="http://doi.org/10.5281/zenodo.4595537" httpUri="https://zenodo.org/record/4595537/files/figure.png" pageId="13" pageNumber="464">55</figureCitation>
, 
<figureCitation box="[463,493,223,250]" captionStart="FIGURE 65" captionStartId="33.[151,250,1943,1967]" captionTargetBox="[383,1204,181,1920]" captionTargetId="figure-17@33.[383,1204,181,1920]" captionTargetPageId="33" captionText="FIGURE 65. Neighbor-joining tree based on the barcoding fragment of the COI gene (p-distance model) of all available species of the Pleurota bicostella species group. “MM26262” etc. are BOLD sample IDs." figureDoi="http://doi.org/10.5281/zenodo.4595545" httpUri="https://zenodo.org/record/4595545/files/figure.png" pageId="13" pageNumber="464">65</figureCitation>
, 
<figureCitation box="[505,533,223,249]" captionStart="FIGURE 66" captionStartId="34.[151,250,812,836]" captionTargetBox="[154,1434,181,788]" captionTargetId="figure-23@34.[154,1434,181,788]" captionTargetPageId="34" captionText="FIGURE 66. Distribution map of P. illucidella Chrétien, P. lepigrei Lucas and nine new species of the P. bicostella species group. Map based on Google Maps © 2021." figureDoi="http://doi.org/10.5281/zenodo.4595547" httpUri="https://zenodo.org/record/4595547/files/figure.png" pageId="13" pageNumber="464">66</figureCitation>
</paragraph>
</subSubSection>
<subSubSection pageId="13" pageNumber="464" type="reference_group">
<paragraph blockId="13.[151,1437,291,377]" pageId="13" pageNumber="464">
<treatmentCitationGroup pageId="13" pageNumber="464">
<treatmentCitation author="Chretien, P." box="[151,566,291,316]" page="336" pageId="13" pageNumber="464" year="1915">
<taxonomicName authority="Chretien, 1915: 336" authorityName="Chretien, GP" authorityPageNumber="336" authorityYear="1915" baseAuthorityName="Chretien" baseAuthorityYear="1915" box="[151,566,291,316]" class="Insecta" family="Oecophoridae" genus="Pleurota" kingdom="Animalia" order="Lepidoptera" pageId="13" pageNumber="464" phylum="Arthropoda" rank="species" species="illucidella">
<emphasis box="[151,350,292,316]" italics="true" pageId="13" pageNumber="464">Pleurota illucidella</emphasis>
<bibRefCitation author="Chretien, P." box="[357,566,291,316]" pageId="13" pageNumber="464" pagination="289 - 374" refId="ref16941" refString="Chretien, P. (1915) Contribution a la connaissance des Lepidopteres du Nord de l'Afrique. Annales de la Societe entomologique de France, 84 (3), 289 - 374." type="journal article" year="1915">Chrétien, 1915: 336</bibRefCitation>
</taxonomicName>
</treatmentCitation>
. Type locality: 
<collectingCountry box="[725,804,292,316]" name="Tunisia" pageId="13" pageNumber="464">Tunisia</collectingCountry>
: 
<collectingRegion box="[815,877,292,316]" country="Tunisia" name="Gafsa" pageId="13" pageNumber="464">Gafsa</collectingRegion>
. 
<typeStatus box="[889,983,292,316]" pageId="13" pageNumber="464">Holotype</typeStatus>
<specimenCount box="[991,1010,292,315]" pageId="13" pageNumber="464" type="female">♀</specimenCount>
(MNHNP; examined from photographs). Originally described as a species, lowered to subspecies by 
<bibRefCitation author="Back, H. E." box="[822,953,322,346]" pageId="13" pageNumber="464" refId="ref16879" refString="Back, H. E. (1973) Untersuchungen uber die Systematik und Zoogeographie der Gattung Pleurota (Lepidoptera: Oecophoridae). Dissertation zur Erlangung des Grades eines Doktors der philosophie der Philosophischen Fakultat der Universitat des Saarlandes, vorleget von Hans-Erkmar Back. Philosophischen Fakultat der Universitat des Saarlandes, Saarbrucken, 414 pp., 33 Tafeln." type="book" year="1973">Back (1973)</bibRefCitation>
. Here elevated again to species level based on differential features in habitus, genitalia structure and DNA barcode (
<emphasis bold="true" box="[902,1002,353,377]" pageId="13" pageNumber="464">stat. rev.)</emphasis>
</treatmentCitationGroup>
</paragraph>
</subSubSection>
<subSubSection pageId="13" pageNumber="464" type="materials_examined">
<paragraph blockId="13.[151,1437,422,1926]" pageId="13" pageNumber="464">
<emphasis bold="true" box="[151,387,423,449]" pageId="13" pageNumber="464">Material examined.</emphasis>
<materialsCitation collectingDate="2000-05-03" collectionCode="NUP" collectorName="K. Nupponen" country="Tunisia" elevation="1000" location="Lepid Phyl" municipality="Atlas" pageId="13" pageNumber="464" specimenCount="1" specimenCount-female="1">
<specimenCount box="[396,440,423,450]" pageId="13" pageNumber="464" type="female">1 ♀</specimenCount>
(GP 5766 
<collectorName box="[568,666,423,450]" pageId="13" pageNumber="464">J. Tabell</collectorName>
, DNA sample 24833 
<location LSID="urn:lsid:plazi:treatment:03D88782FFA62207FF7BFF321DA8F835:8EAE604FFFA62207FC78FE021848FE72" box="[916,1041,423,449]" country="Tunisia" municipality="Atlas" name="Lepid Phyl" pageId="13" pageNumber="464">Lepid Phyl</location>
[barcoding failed]), 
<collectingCountry box="[1279,1365,423,449]" name="Tunisia" pageId="13" pageNumber="464">Tunisia</collectingCountry>
, 
<collectingMunicipality box="[1377,1436,423,449]" pageId="13" pageNumber="464">Atlas</collectingMunicipality>
mnts, 
<locationDeviation box="[219,521,459,486]" location="Makhtar village" pageId="13" pageNumber="464">
<quantity box="[219,290,459,486]" metricMagnitude="4" metricUnit="m" metricValue="1.5" pageId="13" pageNumber="464" unit="km" value="15.0">15 km</quantity>
NE Makhtar village
</locationDeviation>
, conifer forest, 
<quantity box="[695,781,459,486]" metricMagnitude="3" metricUnit="m" metricValue="1.0" pageId="13" pageNumber="464" unit="m" value="1000.0">
<elevation box="[695,781,459,486]" metricMagnitude="3" metricUnit="m" metricValue="1.0" pageId="13" pageNumber="464" unit="m" value="1000.0">1000 m</elevation>
</quantity>
, 
<date box="[793,896,459,485]" pageId="13" pageNumber="464" value="2000-05-03">
<collectingDate box="[793,896,459,485]" pageId="13" pageNumber="464" value="2000-05-03">3.V.2000</collectingDate>
</date>
, 
<collectorName box="[907,1058,460,486]" pageId="13" pageNumber="464">K. Nupponen</collectorName>
leg. (coll. 
<collectionCode box="[1177,1238,460,486]" pageId="13" pageNumber="464">NUP</collectionCode>
); 1 ♂ (GP 6021 
<collectorName pageId="13" pageNumber="464">J. Tabell</collectorName>
, DNA sample 26140 
<collectorName box="[462,589,495,522]" pageId="13" pageNumber="464">Lepid Phyl</collectorName>
)
</materialsCitation>
, 
<materialsCitation collectingDate="2018-05-07" collectionCode="TAB" collectorName="J. Tabell" country="Tunisia" elevation="810" latitude="35.8022" location="Lepid Phyl" longLatPrecision="6" longitude="9.3386" pageId="13" pageNumber="464" specimenCount="1" specimenCount-female="1">
<specimenCount box="[608,649,495,522]" pageId="13" pageNumber="464" type="female">1 ♀</specimenCount>
(GP 5917 
<collectorName box="[769,864,495,522]" pageId="13" pageNumber="464">J. Tabell</collectorName>
, DNA sample 26141 
<location LSID="urn:lsid:plazi:treatment:03D88782FFA62207FF7BFF321DA8F835:8EAE604FFFA62207FBA3FE4A1897FDB9" box="[1103,1230,495,522]" country="Tunisia" latitude="35.8022" longLatPrecision="6" longitude="9.3386" name="Lepid Phyl" pageId="13" pageNumber="464">Lepid Phyl</location>
), 
<collectingCountry box="[1248,1334,495,521]" name="Tunisia" pageId="13" pageNumber="464">Tunisia</collectingCountry>
, 
<locationDeviation location="Maktar" pageId="13" pageNumber="464">
<quantity box="[1345,1436,495,522]" metricMagnitude="4" metricUnit="m" metricValue="1.35" pageId="13" pageNumber="464" unit="km" value="13.5">13.5 km</quantity>
ESE Maktar
</locationDeviation>
, 
<quantity box="[302,375,531,558]" metricMagnitude="2" metricUnit="m" metricValue="8.1" pageId="13" pageNumber="464" unit="m" value="810.0">
<elevation box="[302,375,531,558]" metricMagnitude="2" metricUnit="m" metricValue="8.1" pageId="13" pageNumber="464" unit="m" value="810.0">810 m</elevation>
</quantity>
, 
<geoCoordinate box="[386,497,531,558]" degrees="35.8022" direction="north" orientation="latitude" pageId="13" pageNumber="464" precision="5" value="35.8022">N35.8022</geoCoordinate>
<geoCoordinate box="[505,602,531,557]" degrees="9.3386" direction="east" orientation="longitude" pageId="13" pageNumber="464" precision="5" value="9.3386">E9.3386</geoCoordinate>
, 
<date box="[613,716,531,557]" pageId="13" pageNumber="464" value="2018-05-07">
<collectingDate box="[613,716,531,557]" pageId="13" pageNumber="464" value="2018-05-07">7.V.2018</collectingDate>
</date>
, 
<collectorName box="[727,822,531,558]" pageId="13" pageNumber="464">J. Tabell</collectorName>
leg. (coll. 
<collectionCode box="[941,1000,531,557]" pageId="13" pageNumber="464">TAB</collectionCode>
)
</materialsCitation>
.
</paragraph>
<paragraph blockId="13.[151,1437,422,1926]" pageId="13" pageNumber="464">
The genitalia are illustrated and described by 
<bibRefCitation author="Back, H. E." box="[715,857,567,593]" pageId="13" pageNumber="464" refId="ref16879" refString="Back, H. E. (1973) Untersuchungen uber die Systematik und Zoogeographie der Gattung Pleurota (Lepidoptera: Oecophoridae). Dissertation zur Erlangung des Grades eines Doktors der philosophie der Philosophischen Fakultat der Universitat des Saarlandes, vorleget von Hans-Erkmar Back. Philosophischen Fakultat der Universitat des Saarlandes, Saarbrucken, 414 pp., 33 Tafeln." type="book" year="1973">Back (1973)</bibRefCitation>
, but the drawing of male genitalia belongs to some other species, probably to 
<taxonomicName authorityName="Lucas, GP" authorityYear="1937" baseAuthorityName="Lucas" baseAuthorityYear="1937" box="[450,565,603,629]" class="Insecta" family="Oecophoridae" genus="Pleurota" kingdom="Animalia" order="Lepidoptera" pageId="13" pageNumber="464" phylum="Arthropoda" rank="species" species="lepigrei">
<emphasis box="[450,565,603,629]" italics="true" pageId="13" pageNumber="464">P. lepigrei</emphasis>
</taxonomicName>
. Only the corpus bursae with signa is illustrated for the female genitalia, but the characteristic crescent-shaped anterior signum together with the coloration of the adult, enables a plausible identification.
</paragraph>
</subSubSection>
<subSubSection pageId="13" pageNumber="464" type="diagnosis">
<paragraph blockId="13.[151,1437,422,1926]" pageId="13" pageNumber="464">
<emphasis bold="true" box="[199,322,711,737]" pageId="13" pageNumber="464">Diagnosis.</emphasis>
Externally 
<taxonomicName authorityName="Chretien, GP" authorityYear="1915" baseAuthorityName="Chretien" baseAuthorityYear="1915" box="[451,593,711,737]" class="Insecta" family="Oecophoridae" genus="Pleurota" kingdom="Animalia" order="Lepidoptera" pageId="13" pageNumber="464" phylum="Arthropoda" rank="species" species="illucidella">
<emphasis box="[451,593,711,737]" italics="true" pageId="13" pageNumber="464">P. illucidella</emphasis>
</taxonomicName>
is somewhat similar to 
<taxonomicName authorityName="Tabell &amp; Wikström &amp; Mutanen &amp; Bruckner &amp; Sihvonen" authorityYear="2021" box="[857,963,711,737]" class="Insecta" family="Oecophoridae" genus="Pleurota" kingdom="Animalia" order="Lepidoptera" pageId="13" pageNumber="464" phylum="Arthropoda" rank="species" species="dalilae">
<emphasis box="[857,963,711,737]" italics="true" pageId="13" pageNumber="464">P. dalilae</emphasis>
</taxonomicName>
, but the forewing is slightly darker, due to irroration of blackish brown scales. The strongly concave ventral margin of valva, and finger-shaped valval lobe in the male genitalia are distinguishing details. In the female genitalia, the shape of the proximal margin of segment 8 and anterior signum are distinctive.
</paragraph>
<paragraph blockId="13.[151,1437,422,1926]" pageId="13" pageNumber="464">
<emphasis bold="true" box="[199,387,855,881]" pageId="13" pageNumber="464">Molecular data.</emphasis>
Two specimens of 
<taxonomicName authorityName="Chretien, GP" authorityYear="1915" baseAuthorityName="Chretien" baseAuthorityYear="1915" box="[597,711,855,881]" class="Insecta" family="Oecophoridae" genus="Pleurota" kingdom="Animalia" order="Lepidoptera" pageId="13" pageNumber="464" phylum="Arthropoda" rank="species" species="illucidella">
<emphasis box="[597,711,855,881]" italics="true" pageId="13" pageNumber="464">illucidella</emphasis>
</taxonomicName>
were sequenced successfully, resulting in 658 and 637 bp barcode sequences. The sequences are 6.29 %–10.55 % divergent from the other barcoded taxa of the 
<taxonomicName baseAuthorityName="Clerck" baseAuthorityYear="1759" box="[1237,1346,891,917]" class="Insecta" family="Oecophoridae" genus="Pleurota" kingdom="Animalia" order="Lepidoptera" pageId="13" pageNumber="464" phylum="Arthropoda" rank="species" species="bicostella">
<emphasis box="[1237,1346,891,917]" italics="true" pageId="13" pageNumber="464">bicostella</emphasis>
</taxonomicName>
species group (
<tableCitation box="[234,322,927,953]" captionStart="TABLE 1" captionStartId="27.[151,239,723,747]" captionText="TABLE 1. Interspecific mean Kimura 2-parameter divergences (%) among members of the Pleurota bicostella species group, based on the analysis of the DNA barcode sequence of the COI gene. Maximum intraspecific distances are shown in grey cells. Number of examined specimens are given in parentheses." pageId="13" pageNumber="464">Table 1</tableCitation>
). The nearest neighbour to 
<taxonomicName authorityName="Chretien, GP" authorityYear="1915" baseAuthorityName="Chretien" baseAuthorityYear="1915" box="[649,763,927,953]" class="Insecta" family="Oecophoridae" genus="Pleurota" kingdom="Animalia" order="Lepidoptera" pageId="13" pageNumber="464" phylum="Arthropoda" rank="species" species="illucidella">
<emphasis box="[649,763,927,953]" italics="true" pageId="13" pageNumber="464">illucidella</emphasis>
</taxonomicName>
is 
<taxonomicName authorityName="Tabell &amp; Wikström &amp; Mutanen &amp; Bruckner &amp; Sihvonen" authorityYear="2021" box="[802,933,927,953]" class="Insecta" family="Oecophoridae" genus="Pleurota" kingdom="Animalia" order="Lepidoptera" pageId="13" pageNumber="464" phylum="Arthropoda" rank="species" species="kullbergi">
<emphasis box="[802,933,927,953]" italics="true" pageId="13" pageNumber="464">P. kullbergi</emphasis>
</taxonomicName>
with a 6.29 % divergence. The divergence between 
<taxonomicName authorityName="Chretien, GP" authorityYear="1915" baseAuthorityName="Chretien" baseAuthorityYear="1915" box="[251,365,963,989]" class="Insecta" family="Oecophoridae" genus="Pleurota" kingdom="Animalia" order="Lepidoptera" pageId="13" pageNumber="464" phylum="Arthropoda" rank="species" species="illucidella">
<emphasis box="[251,365,963,989]" italics="true" pageId="13" pageNumber="464">illucidella</emphasis>
</taxonomicName>
and 
<taxonomicName baseAuthorityName="Clerck" baseAuthorityYear="1759" box="[419,528,963,989]" class="Insecta" family="Oecophoridae" genus="Pleurota" kingdom="Animalia" order="Lepidoptera" pageId="13" pageNumber="464" phylum="Arthropoda" rank="species" species="bicostella">
<emphasis box="[419,528,963,989]" italics="true" pageId="13" pageNumber="464">bicostella</emphasis>
</taxonomicName>
is 8.68 %. The barcodes of 
<taxonomicName authorityName="Chretien, GP" authorityYear="1915" baseAuthorityName="Chretien" baseAuthorityYear="1915" box="[841,955,963,989]" class="Insecta" family="Oecophoridae" genus="Pleurota" kingdom="Animalia" order="Lepidoptera" pageId="13" pageNumber="464" phylum="Arthropoda" rank="species" species="illucidella">
<emphasis box="[841,955,963,989]" italics="true" pageId="13" pageNumber="464">illucidella</emphasis>
</taxonomicName>
exhibit no intraspecific variation.
</paragraph>
</subSubSection>
<subSubSection pageId="13" pageNumber="464" type="description">
<paragraph blockId="13.[151,1437,422,1926]" pageId="13" pageNumber="464">
<emphasis bold="true" box="[199,345,999,1025]" pageId="13" pageNumber="464">Description.</emphasis>
Adult. Wingspan 16.6–18.0 mm. Labial palpus off-white, ventrally brown, mixed with white, 6.9 x as long as diameter of eye (1 
<superScript attach="left" box="[491,502,1035,1049]" fontSize="6" pageId="13" pageNumber="464">st</superScript>
and 2 
<superScript attach="left" box="[569,585,1035,1049]" fontSize="6" pageId="13" pageNumber="464">nd</superScript>
palpomeres), 3 
<superScript attach="left" box="[758,772,1035,1049]" fontSize="6" pageId="13" pageNumber="464">rd</superScript>
palpomere 0.27 x length of 1 
<superScript attach="left" box="[1099,1110,1035,1049]" fontSize="6" pageId="13" pageNumber="464">st</superScript>
and 2 
<superScript attach="left" box="[1177,1193,1035,1049]" fontSize="6" pageId="13" pageNumber="464">nd</superScript>
palpomeres. Antenna brown. Head, thorax and tegula off-white, mixed with pale brown. Forewing off-white, mixed with pale ochre, pale grey and pale brown scales, small but distinct discal and discocellular spots formed of dark brown scales, plical streak distinct, in outer 0.5 indistinct brown longitudinal streaks, fringe line distinct; costal line white, from near base to 0.8; subcostal line brown, slightly expanded towards apex. Fringe off-white, with subapical pale grey line. Hindwing pale grey, fringe pale grey, apically white. Abdomen pale grey, slightly lustrous, each segment with a transverse row of ochre scales.
</paragraph>
<paragraph blockId="13.[151,1437,422,1926]" pageId="13" pageNumber="464">Male genitalia. Uncus triangular from ventral view, slightly longer than gnathos, covered with several long and short bristles, apex with finger-shaped protuberance. Gnathos funnel-shaped from ventral view, evenly tapered towards apex, apical half surfaced with scobination, apex rounded. Valva slightly upwardly oblique, ventral margin medially bulged; cucullus moderately narrow; valval lobe finger-shaped, distal margin lined with a few nodules with short bristles. Anterior extension of juxta straight, median plate broad; posterior lobe exceeding the base of uncus. Phallus slightly arched, parallel-sided, with one plate-shaped cornutus and a few indistinct small nodules.</paragraph>
<paragraph blockId="13.[151,1437,422,1926]" pageId="13" pageNumber="464">Female genitalia. Papilla analis elongate, covered with short and long bristles. Apophysis posterioris 3.5 x as long as papilla analis and 1.9 x as long as apophysis anterioris, apophysis anterioris 1.35 x as long as segment 8. Segment 8 quadrate, lateral margin sclerotized by a narrow band, proximal margin convex, strongly sclerotized, medially broader, caudal margin indistinct, concave, lined with several bristles; ventral longitudinal sclerotization broad, ovoid. Antrum slightly shorter than segment 8, anteriorly tapered and more sclerotized. Ductus bursae membranous, as broad as antrum. Corpus bursae ovoid, very large, with one crescent-shaped signum bearing two narrow and long protuberances, and two smaller leaf-shaped posterior signa of different size.</paragraph>
</subSubSection>
<subSubSection pageId="13" pageNumber="464" type="biology_ecology">
<paragraph blockId="13.[151,1437,422,1926]" pageId="13" pageNumber="464">
<emphasis bold="true" box="[199,295,1755,1781]" pageId="13" pageNumber="464">Biology.</emphasis>
Unknown. The specimens collected by the first author were netted from 
<taxonomicName authority="Spenn" authorityName="Spenn" box="[1150,1436,1755,1781]" class="Magnoliopsida" family="Lamiaceae" genus="Salvia" kingdom="Plantae" order="Lamiales" pageId="13" pageNumber="464" phylum="Tracheophyta" rank="species" species="rosmarinus">
<emphasis box="[1150,1357,1755,1781]" italics="true" pageId="13" pageNumber="464">Salvia rosmarinus</emphasis>
Spenn
</taxonomicName>
(
<taxonomicName box="[159,284,1791,1818]" class="Magnoliopsida" family="Lamiaceae" kingdom="Plantae" order="Lamiales" pageId="13" pageNumber="464" phylum="Tracheophyta" rank="family">Lamiaceae</taxonomicName>
) in a pine forest.
</paragraph>
</subSubSection>
<subSubSection pageId="13" pageNumber="464" type="distribution">
<paragraph blockId="13.[151,1437,422,1926]" box="[199,450,1827,1853]" pageId="13" pageNumber="464">
<emphasis bold="true" box="[199,353,1827,1853]" pageId="13" pageNumber="464">Distribution.</emphasis>
<collectingCountry box="[359,446,1827,1853]" name="Tunisia" pageId="13" pageNumber="464">Tunisia</collectingCountry>
.
</paragraph>
<paragraph blockId="13.[151,1437,422,1926]" pageId="13" pageNumber="464">
<emphasis bold="true" box="[199,293,1863,1889]" pageId="13" pageNumber="464">Results.</emphasis>
<taxonomicName authorityName="Chretien, GP" authorityYear="1915" baseAuthorityName="Chretien" baseAuthorityYear="1915" box="[299,440,1863,1889]" class="Insecta" family="Oecophoridae" genus="Pleurota" kingdom="Animalia" order="Lepidoptera" pageId="13" pageNumber="464" phylum="Arthropoda" rank="species" species="illucidella">
<emphasis box="[299,440,1863,1889]" italics="true" pageId="13" pageNumber="464">P. illucidella</emphasis>
</taxonomicName>
was synonymized with 
<taxonomicName baseAuthorityName="Clerck" baseAuthorityYear="1759" box="[705,814,1863,1889]" class="Insecta" family="Oecophoridae" genus="Pleurota" kingdom="Animalia" order="Lepidoptera" pageId="13" pageNumber="464" phylum="Arthropoda" rank="species" species="bicostella">
<emphasis box="[705,814,1863,1889]" italics="true" pageId="13" pageNumber="464">bicostella</emphasis>
</taxonomicName>
by 
<bibRefCitation author="Back, H. E." box="[854,996,1863,1889]" pageId="13" pageNumber="464" refId="ref16879" refString="Back, H. E. (1973) Untersuchungen uber die Systematik und Zoogeographie der Gattung Pleurota (Lepidoptera: Oecophoridae). Dissertation zur Erlangung des Grades eines Doktors der philosophie der Philosophischen Fakultat der Universitat des Saarlandes, vorleget von Hans-Erkmar Back. Philosophischen Fakultat der Universitat des Saarlandes, Saarbrucken, 414 pp., 33 Tafeln." type="book" year="1973">Back (1973)</bibRefCitation>
. Both morphology and genetics suggest it is a valid species (
<emphasis bold="true" box="[379,480,1899,1925]" pageId="13" pageNumber="464">stat. rev.</emphasis>
).
</paragraph>
</subSubSection>
</treatment>
</document>