<document ID-DOI="http://doi.org/10.5281/zenodo.4619202" ID-GBIF-Dataset="49db60e3-3b12-4786-a37a-1f841fc34156" ID-ISSN="1175-5326" ID-Zenodo-Dep="4619202" ID-ZooBank="92B6D482-C073-452F-A6BC-69AD4F6CF16A" _generate="added" checkinTime="1615796040537" checkinUser="plazi" docAuthor="Figueiredo-Filho, Jessé Miranda De, Marceniuk, Alexandre P., Feijó, Anderson, Siccha-Ramirez, Raquel, Ribeiro, Giovana S., Oliveira, Claudio &amp; Rosa, Ricardo S." docDate="2021" docId="03DB87830E40FF8AFF6B670CEB0B7718" docLanguage="en" docName="zootaxa.4942.3.1.pdf" docOrigin="Zootaxa 4942 (3)" docStyle="DocumentStyle:647186512141C8FC8976D5BCC54AEB7D.6:Zootaxa.2013.journal_article" docStyleId="647186512141C8FC8976D5BCC54AEB7D" docStyleName="Zootaxa.2013.journal_article" docStyleVersion="6" docTitle="Centropomus parallelus Poey 1860" docType="treatment" docVersion="6" lastPageId="22" lastPageNumber="323" masterDocId="FFE2FFFB0E54FF9CFFFC6218E9117445" masterDocTitle="Taxonomy of Centropomus Lacépède, 1802 (Perciformes: Centropomidae), with focus on the Atlantic species of the genus" masterLastPageNumber="338" masterPageNumber="301" pageId="20" pageNumber="321" updateTime="1616152912681" updateUser="tatiana" zenodo-license-document="CLOSED">
<mods:mods xmlns:mods="http://www.loc.gov/mods/v3">
<mods:titleInfo>
<mods:title>Taxonomy of Centropomus Lacépède, 1802 (Perciformes: Centropomidae), with focus on the Atlantic species of the genus</mods:title>
</mods:titleInfo>
<mods:name type="personal">
<mods:role>
<mods:roleTerm>Author</mods:roleTerm>
</mods:role>
<mods:namePart>Figueiredo-Filho, Jessé Miranda De</mods:namePart>
</mods:name>
<mods:name type="personal">
<mods:role>
<mods:roleTerm>Author</mods:roleTerm>
</mods:role>
<mods:namePart>Marceniuk, Alexandre P.</mods:namePart>
<mods:affiliation>Museu Paraense Emílio Goeldi, Belém, Pará, Brazil</mods:affiliation>
</mods:name>
<mods:name type="personal">
<mods:role>
<mods:roleTerm>Author</mods:roleTerm>
</mods:role>
<mods:namePart>Feijó, Anderson</mods:namePart>
<mods:affiliation>Key Laboratory of Zoological Systematics and Evolution, Institute of Zoology, Chinese Academy of Sciences, Beichen West Road, Chaoyang District, Beijing 100101, China</mods:affiliation>
</mods:name>
<mods:name type="personal">
<mods:role>
<mods:roleTerm>Author</mods:roleTerm>
</mods:role>
<mods:namePart>Siccha-Ramirez, Raquel</mods:namePart>
<mods:affiliation>Instituto del Mar del Perú, Laboratorio Costero de Tumbes, Zorritos, Peru &amp; Facultad de Ciencias Biológicas, Universidad Nacional Mayor de San Marcos, Lima, Peru</mods:affiliation>
</mods:name>
<mods:name type="personal">
<mods:role>
<mods:roleTerm>Author</mods:roleTerm>
</mods:role>
<mods:namePart>Ribeiro, Giovana S.</mods:namePart>
<mods:affiliation>Departamento de Biologia Estruturual e Funcional, Instituto de Biociências, Universidade Estadual Paulista, Botucatu, São Paulo, Brazil</mods:affiliation>
</mods:name>
<mods:name type="personal">
<mods:role>
<mods:roleTerm>Author</mods:roleTerm>
</mods:role>
<mods:namePart>Oliveira, Claudio</mods:namePart>
<mods:affiliation>Departamento de Biologia Estruturual e Funcional, Instituto de Biociências, Universidade Estadual Paulista, Botucatu, São Paulo, Brazil</mods:affiliation>
</mods:name>
<mods:name type="personal">
<mods:role>
<mods:roleTerm>Author</mods:roleTerm>
</mods:role>
<mods:namePart>Rosa, Ricardo S.</mods:namePart>
</mods:name>
<mods:typeOfResource>text</mods:typeOfResource>
<mods:relatedItem type="host">
<mods:titleInfo>
<mods:title>Zootaxa</mods:title>
</mods:titleInfo>
<mods:part>
<mods:date>2021</mods:date>
<mods:detail type="pubDate">
<mods:number>2021-03-15</mods:number>
</mods:detail>
<mods:detail type="volume">
<mods:number>4942</mods:number>
</mods:detail>
<mods:detail type="issue">
<mods:number>3</mods:number>
</mods:detail>
<mods:extent unit="page">
<mods:start>301</mods:start>
<mods:end>338</mods:end>
</mods:extent>
</mods:part>
</mods:relatedItem>
<mods:classification>journal article</mods:classification>
<mods:identifier type="DOI">https://doi.org/10.11646/zootaxa.4942.3.1</mods:identifier>
<mods:identifier type="GBIF-Dataset">49db60e3-3b12-4786-a37a-1f841fc34156</mods:identifier>
<mods:identifier type="ISSN">1175-5326</mods:identifier>
<mods:identifier type="Zenodo-Dep">4604256</mods:identifier>
<mods:identifier type="ZooBank">92B6D482-C073-452F-A6BC-69AD4F6CF16A</mods:identifier>
</mods:mods>
<treatment ID-DOI="http://doi.org/10.5281/zenodo.4619202" ID-Zenodo-Dep="4619202" LSID="urn:lsid:plazi:treatment:03DB87830E40FF8AFF6B670CEB0B7718" httpUri="http://treatment.plazi.org/id/03DB87830E40FF8AFF6B670CEB0B7718" lastPageId="22" lastPageNumber="323" pageId="20" pageNumber="321">
<subSubSection box="[151,582,1300,1327]" pageId="20" pageNumber="321" type="nomenclature">
<paragraph blockId="20.[151,582,1300,1363]" box="[151,582,1300,1327]" pageId="20" pageNumber="321">
<heading bold="true" box="[151,582,1300,1327]" fontSize="11" level="1" pageId="20" pageNumber="321" reason="1">
<taxonomicName authority="Poey, 1860" authorityName="Poey" authorityYear="1860" box="[151,582,1300,1327]" class="Actinopterygii" family="Centropomidae" genus="Centropomus" kingdom="Animalia" order="Perciformes" pageId="20" pageNumber="321" phylum="Chordata" rank="species" species="parallelus">
<emphasis bold="true" box="[151,582,1300,1327]" pageId="20" pageNumber="321">
<emphasis bold="true" box="[151,443,1300,1327]" italics="true" pageId="20" pageNumber="321">Centropomus parallelus</emphasis>
<bibRefCitation author="Poey, F." box="[449,582,1300,1327]" pageId="20" pageNumber="321" refId="ref28485" refString="Poey, F. (1860) Poissons de Cuba, especes nouvelles. In: Poey, F. (Ed.), Memorias sobre la historia natural de la Isla de Cuba. Vol. 2. Imprenta Barcina, Habana, pp. 115 - 427." type="book" year="1860">Poey, 1860</bibRefCitation>
</emphasis>
</taxonomicName>
</heading>
</paragraph>
</subSubSection>
<subSubSection box="[151,278,1336,1363]" pageId="20" pageNumber="321" type="description">
<paragraph blockId="20.[151,582,1300,1363]" box="[151,278,1336,1363]" pageId="20" pageNumber="321">
(
<figureCitation box="[159,269,1336,1363]" captionStart="FIGURE 13" captionStartId="22.[151,250,1267,1291]" captionTargetBox="[182,1402,895,1238]" captionTargetId="figure-384@22.[175,1412,884,1243]" captionTargetPageId="22" captionText="FIGURE 13. Neotype of Centropomus parallelus Poey, 1860, MCZ 10307, 228 mm SL. Photo: Meaghan Sorce, MCZ." figureDoi="http://doi.org/10.5281/zenodo.4604284" httpUri="https://zenodo.org/record/4604284/files/figure.png" pageId="20" pageNumber="321">Figure 13</figureCitation>
)
</paragraph>
</subSubSection>
<subSubSection pageId="20" pageNumber="321" type="reference_group">
<paragraph blockId="20.[151,991,1405,1583]" box="[151,854,1405,1429]" pageId="20" pageNumber="321">
<treatmentCitationGroup box="[151,854,1405,1429]" pageId="20" pageNumber="321">
<treatmentCitation author="Poey, F." box="[151,566,1405,1429]" page="120" pageId="20" pageNumber="321" year="1860">
<taxonomicName authority="Poey, 1860: 120" authorityName="Poey" authorityPageNumber="120" authorityYear="1860" box="[151,566,1405,1429]" class="Actinopterygii" family="Centropomidae" genus="Centropomus" kingdom="Animalia" order="Perciformes" pageId="20" pageNumber="321" phylum="Chordata" rank="species" species="parallelus">
<emphasis box="[151,396,1405,1429]" italics="true" pageId="20" pageNumber="321">Centropomus parallelus</emphasis>
<bibRefCitation author="Poey, F." box="[402,566,1405,1429]" pageId="20" pageNumber="321" refId="ref28485" refString="Poey, F. (1860) Poissons de Cuba, especes nouvelles. In: Poey, F. (Ed.), Memorias sobre la historia natural de la Isla de Cuba. Vol. 2. Imprenta Barcina, Habana, pp. 115 - 427." type="book" year="1860">Poey, 1860: 120</bibRefCitation>
</taxonomicName>
</treatmentCitation>
(original description; 
<collectingCountry box="[792,847,1405,1429]" name="Cuba" pageId="20" pageNumber="321">Cuba</collectingCountry>
)
</treatmentCitationGroup>
</paragraph>
<paragraph blockId="20.[151,991,1405,1583]" box="[151,991,1436,1460]" pageId="20" pageNumber="321">
<treatmentCitationGroup box="[151,991,1436,1460]" pageId="20" pageNumber="321">
<treatmentCitation author="Bocourt, M. F." box="[151,590,1436,1460]" page="90" pageId="20" pageNumber="321" year="1868">
<taxonomicName authority="Bocourt, 1868: 90" authorityName="Bocourt" authorityPageNumber="90" authorityYear="1868" box="[151,590,1436,1460]" class="Actinopterygii" family="Centropomidae" genus="Centropomus" kingdom="Animalia" order="Perciformes" pageId="20" pageNumber="321" phylum="Chordata" rank="species" species="mexicanus">
<emphasis box="[151,400,1436,1459]" italics="true" pageId="20" pageNumber="321">Centropomus mexicanus</emphasis>
<bibRefCitation author="Bocourt, M. F." box="[406,590,1436,1460]" pageId="20" pageNumber="321" pagination="90 - 91" refId="ref26265" refString="Bocourt, M. F. (1868) Note sur des poissons percoides appurtenant au genre Centropome. Annales des sciences naturelles Zoologie et biologie animale, 5 (9), 90 - 91." type="journal article" year="1868">Bocourt, 1868: 90</bibRefCitation>
</taxonomicName>
</treatmentCitation>
(original description; 
<collectingRegion box="[816,895,1436,1460]" country="Mexico" name="Oaxaca" pageId="20" pageNumber="321">Oaxaca</collectingRegion>
, 
<collectingCountry box="[905,984,1436,1460]" name="Mexico" pageId="20" pageNumber="321">Mexico</collectingCountry>
)
</treatmentCitationGroup>
</paragraph>
<paragraph blockId="20.[151,991,1405,1583]" box="[151,954,1466,1490]" pageId="20" pageNumber="321">
<treatmentCitationGroup box="[151,954,1466,1490]" pageId="20" pageNumber="321">
<taxonomicName authorityName="Jordan &amp; Starks in Jordan &amp; Evermann" authorityYear="1896" box="[151,421,1467,1490]" class="Actinopterygii" family="Centropomidae" genus="Centropomus" kingdom="Animalia" order="Perciformes" pageId="20" pageNumber="321" phylum="Chordata" rank="species" species="constantinus">
<emphasis box="[151,421,1467,1490]" italics="true" pageId="20" pageNumber="321">Centropomus constantinus</emphasis>
</taxonomicName>
<collectingCountry box="[428,496,1466,1490]" name="Jordan" pageId="20" pageNumber="321">Jordan</collectingCountry>
&amp; Starks in 
<treatmentCitation author="Jordan, D. S. &amp; Evermann, B. W." box="[623,954,1466,1490]" page="1125" pageId="20" pageNumber="321" year="1896">
<bibRefCitation author="Jordan, D. S. &amp; Evermann, B. W." box="[623,954,1466,1490]" pageId="20" pageNumber="321" pagination="1 - 1240" refId="ref27331" refString="Jordan, D. S. &amp; Evermann, B. W. (1896) The fishes of North and Middle America: a descriptive catalogue of the species of fishlike vertebrates found in the waters of North America, north of the Isthmus of Panama, Proceedings of the United States National Museum, 47, 1 - 1240. https: // doi. org / 10.5962 / bhl. title. 39714" type="journal article" year="1896">
<collectingCountry box="[623,691,1466,1490]" name="Jordan" pageId="20" pageNumber="321">Jordan</collectingCountry>
&amp; Evermann, 1896: 1125
</bibRefCitation>
</treatmentCitation>
</treatmentCitationGroup>
</paragraph>
<paragraph blockId="20.[151,991,1405,1583]" box="[151,558,1497,1521]" pageId="20" pageNumber="321">
<treatmentCitationGroup box="[151,558,1497,1521]" pageId="20" pageNumber="321">
<treatmentCitation author="Fowler, H. W." box="[151,558,1497,1521]" page="425" pageId="20" pageNumber="321" year="1906">
<taxonomicName authority="Fowler, 1906: 425" authorityName="Fowler" authorityPageNumber="425" authorityYear="1906" box="[151,558,1497,1521]" class="Actinopterygii" family="Centropomidae" genus="Centropomus" kingdom="Animalia" order="Perciformes" pageId="20" pageNumber="321" phylum="Chordata" rank="species" species="heringi">
<emphasis box="[151,366,1497,1521]" italics="true" pageId="20" pageNumber="321">Centropomus heringi</emphasis>
<bibRefCitation author="Fowler, H. W." box="[373,558,1497,1521]" pageId="20" pageNumber="321" pagination="423 - 428" refId="ref26833" refString="Fowler, H. W. (1906) Descriptions of two new species of Centropomus. Proceedings of the Academy of Natural Sciences of Philadelphia, 58, 423 - 428." type="journal article" year="1906">Fowler, 1906: 425</bibRefCitation>
</taxonomicName>
</treatmentCitation>
</treatmentCitationGroup>
</paragraph>
<paragraph blockId="20.[151,991,1405,1583]" box="[151,543,1528,1552]" pageId="20" pageNumber="321">
<treatmentCitationGroup box="[151,543,1528,1552]" pageId="20" pageNumber="321">
<treatmentCitation author="Fowler, H. W." box="[151,543,1528,1552]" page="423" pageId="20" pageNumber="321" year="1906">
<taxonomicName authority="Fowler, 1906: 423" authorityName="Fowler" authorityPageNumber="423" authorityYear="1906" box="[151,543,1528,1552]" class="Actinopterygii" family="Centropomidae" genus="Centropomus" kingdom="Animalia" order="Perciformes" pageId="20" pageNumber="321" phylum="Chordata" rank="species" species="gabbi">
<emphasis box="[151,351,1528,1552]" italics="true" pageId="20" pageNumber="321">Centropomus gabbi</emphasis>
<bibRefCitation author="Fowler, H. W." box="[357,543,1528,1552]" pageId="20" pageNumber="321" pagination="423 - 428" refId="ref26833" refString="Fowler, H. W. (1906) Descriptions of two new species of Centropomus. Proceedings of the Academy of Natural Sciences of Philadelphia, 58, 423 - 428." type="journal article" year="1906">Fowler, 1906: 423</bibRefCitation>
</taxonomicName>
</treatmentCitation>
</treatmentCitationGroup>
</paragraph>
<paragraph blockId="20.[151,991,1405,1583]" box="[151,565,1558,1583]" pageId="20" pageNumber="321">
<treatmentCitationGroup box="[151,565,1558,1583]" pageId="20" pageNumber="321">
<treatmentCitation author="Puyo, J." box="[151,565,1558,1583]" page="213" pageId="20" pageNumber="321" year="1936">
<taxonomicName authority="Puyo, 1936: 213" authorityName="Puyo" authorityPageNumber="213" authorityYear="1936" box="[151,565,1558,1583]" class="Actinopterygii" family="Centropomidae" genus="Centropomus" kingdom="Animalia" order="Perciformes" pageId="20" pageNumber="321" phylum="Chordata" rank="species" species="pellegrini">
<emphasis box="[151,392,1558,1582]" italics="true" pageId="20" pageNumber="321">Centropomus pellegrini</emphasis>
<bibRefCitation author="Puyo, J." box="[398,565,1558,1583]" pageId="20" pageNumber="321" pagination="5 - 258" refId="ref28644" refString="Puyo, J. (1936) Contribution a l'etude ichthyologique de la Guyane Francaise. Bulletin de la Societe d'histoire naturelle de Toulouse, 70, 5 - 258." type="journal article" year="1936">Puyo, 1936: 213</bibRefCitation>
</taxonomicName>
</treatmentCitation>
</treatmentCitationGroup>
</paragraph>
</subSubSection>
<subSubSection pageId="20" pageNumber="321" type="materials_examined">
<paragraph blockId="20.[151,1437,1628,2015]" box="[151,1013,1628,1655]" pageId="20" pageNumber="321">
<materialsCitation accessionNumber="MCZ 10307" box="[151,1013,1628,1655]" collectorName="Poey." country="Cuba" location="Havana" pageId="20" pageNumber="321" specimenCount="1" stateProvince="La Habana" typeStatus="holotype">
<emphasis bold="true" box="[151,217,1629,1655]" pageId="20" pageNumber="321">
<typeStatus box="[151,212,1629,1655]" pageId="20" pageNumber="321">Type</typeStatus>
.
</emphasis>
<accessionNumber box="[224,364,1629,1655]" httpUri="http://www.ncbi.nlm.nih.gov/protein/MCZ10307" pageId="20" pageNumber="321">
MCZ 
<quantity box="[291,364,1629,1655]" metricMagnitude="4" metricUnit="m" metricValue="1.0307228" pageId="20" pageNumber="321" unit="mm" value="1.0307228E7">10307</quantity>
</accessionNumber>
, 228 mm SL (
<figureCitation box="[522,604,1628,1655]" captionStart="FIGURE 13" captionStartId="22.[151,250,1267,1291]" captionTargetBox="[182,1402,895,1238]" captionTargetId="figure-384@22.[175,1412,884,1243]" captionTargetPageId="22" captionText="FIGURE 13. Neotype of Centropomus parallelus Poey, 1860, MCZ 10307, 228 mm SL. Photo: Meaghan Sorce, MCZ." figureDoi="http://doi.org/10.5281/zenodo.4604284" httpUri="https://zenodo.org/record/4604284/files/figure.png" pageId="20" pageNumber="321">Fig. 13</figureCitation>
), loc.: 
<collectingRegion box="[682,770,1629,1655]" country="Cuba" name="La Habana" pageId="20" pageNumber="321">Havana</collectingRegion>
, 
<collectingCountry box="[781,843,1628,1654]" name="Cuba" pageId="20" pageNumber="321">Cuba</collectingCountry>
, ex coll.: 
<collectorName box="[951,1013,1629,1655]" pageId="20" pageNumber="321">Poey.</collectorName>
</materialsCitation>
</paragraph>
<paragraph blockId="20.[151,1437,1628,2015]" pageId="20" pageNumber="321">
<bibRefCitation author="Poey, F." box="[199,337,1664,1691]" pageId="20" pageNumber="321" refId="ref28485" refString="Poey, F. (1860) Poissons de Cuba, especes nouvelles. In: Poey, F. (Ed.), Memorias sobre la historia natural de la Isla de Cuba. Vol. 2. Imprenta Barcina, Habana, pp. 115 - 427." type="book" year="1860">Poey (1860)</bibRefCitation>
described 
<taxonomicName authorityName="Poey" authorityYear="1860" box="[459,607,1664,1691]" class="Actinopterygii" family="Centropomidae" genus="Centropomus" kingdom="Animalia" order="Perciformes" pageId="20" pageNumber="321" phylum="Chordata" rank="species" species="parallelus">
<emphasis box="[459,607,1664,1691]" italics="true" pageId="20" pageNumber="321">C. parallelus</emphasis>
</taxonomicName>
based on 
<quantity box="[720,814,1664,1691]" metricMagnitude="-1" metricUnit="m" metricValue="1.5" pageId="20" pageNumber="321" unit="mm" value="150.0">150 mm</quantity>
TL specimen, collected off 
<collectingRegion box="[1129,1259,1664,1690]" country="Cuba" name="Cienfuegos" pageId="20" pageNumber="321">Cienfuegos</collectingRegion>
, 
<collectingCountry box="[1271,1334,1664,1690]" name="Cuba" pageId="20" pageNumber="321">Cuba</collectingCountry>
. Howell-Rivero (1938) proposed that a specimen deposited in the Museum of Comparative Zoology (
<accessionNumber box="[1194,1335,1701,1727]" httpUri="http://www.ncbi.nlm.nih.gov/protein/MCZ10271" pageId="20" pageNumber="321">MCZ 10271</accessionNumber>
) was the 
<typeStatus box="[151,253,1736,1762]" pageId="20" pageNumber="321">holotype</typeStatus>
. 
<bibRefCitation author="Rivas, L. R." box="[263,407,1736,1763]" pageId="20" pageNumber="321" pagination="579 - 611" refId="ref28867" refString="Rivas, L. R. (1986) Systematic review of the perciform fishes of the genus Centropomus. Copeia, 3, 579 - 611. https: // doi. org / 10.2307 / 1444940" type="journal article" year="1986">Rivas (1986)</bibRefCitation>
rejected the specimen as 
<typeStatus box="[691,792,1736,1762]" pageId="20" pageNumber="321">holotype</typeStatus>
, due to discrepancies in characters of the original description. The 
<typeStatus box="[263,352,1773,1799]" pageId="20" pageNumber="321">neotype</typeStatus>
(
<accessionNumber box="[368,514,1773,1799]" httpUri="http://www.ncbi.nlm.nih.gov/protein/MCZ10307" pageId="20" pageNumber="321">MCZ 10307</accessionNumber>
), designated by 
<bibRefCitation author="Rivas, L. R." box="[702,851,1772,1799]" pageId="20" pageNumber="321" pagination="579 - 611" refId="ref28867" refString="Rivas, L. R. (1986) Systematic review of the perciform fishes of the genus Centropomus. Copeia, 3, 579 - 611. https: // doi. org / 10.2307 / 1444940" type="journal article" year="1986">Rivas (1986)</bibRefCitation>
, is a 
<quantity box="[915,1010,1773,1799]" metricMagnitude="-1" metricUnit="m" metricValue="2.28" pageId="20" pageNumber="321" unit="mm" value="228.0">228 mm</quantity>
SL specimen also from 
<collectingCountry box="[1293,1355,1772,1798]" name="Cuba" pageId="20" pageNumber="321">Cuba</collectingCountry>
, which conforms to the original description of the species.
</paragraph>
</subSubSection>
<subSubSection lastPageId="21" lastPageNumber="322" pageId="20" pageNumber="321" type="diagnosis">
<paragraph blockId="20.[151,1437,1628,2015]" box="[199,1023,1844,1871]" pageId="20" pageNumber="321">
<emphasis bold="true" box="[199,322,1844,1870]" pageId="20" pageNumber="321">Diagnosis.</emphasis>
<taxonomicName authorityName="Poey" authorityYear="1860" box="[328,599,1844,1871]" class="Actinopterygii" family="Centropomidae" genus="Centropomus" kingdom="Animalia" order="Perciformes" pageId="20" pageNumber="321" phylum="Chordata" rank="species" species="parallelus">
<emphasis box="[328,599,1844,1871]" italics="true" pageId="20" pageNumber="321">Centropomus parallelus</emphasis>
</taxonomicName>
differs from its congeners as follows:
</paragraph>
<paragraph blockId="20.[151,1437,1628,2015]" lastBlockId="21.[151,1437,151,2013]" lastPageId="21" lastPageNumber="322" pageId="20" pageNumber="321">
Western Atlantic: from 
<taxonomicName authorityName="Bloch" authorityYear="1792" box="[469,639,1880,1907]" class="Actinopterygii" family="Sciaenidae" genus="Sciaena" kingdom="Animalia" order="Perciformes" pageId="20" pageNumber="321" phylum="Chordata" rank="species" species="undecimalis">
<emphasis box="[469,639,1880,1907]" italics="true" pageId="20" pageNumber="321">C. undecimalis</emphasis>
</taxonomicName>
, by having 60–88 (usually 64–70) scales on lateral line to caudal-fin base (
<emphasis box="[218,241,1917,1942]" italics="true" pageId="20" pageNumber="321">vs</emphasis>
61–79, usually 66–75), 10–13 lower limb gill rakers on first arch (
<emphasis box="[994,1017,1917,1942]" italics="true" pageId="20" pageNumber="321">vs</emphasis>
8–11), 13–18 gill rakers on first arch (
<emphasis box="[161,184,1953,1978]" italics="true" pageId="20" pageNumber="321">vs</emphasis>
11–14), the longest anal-fin spine usually reaching caudal-fin base when adpressed (
<emphasis box="[1125,1148,1953,1978]" italics="true" pageId="20" pageNumber="321">vs</emphasis>
longest anal-fin spine not reaching caudal-fin base), pelvic fin usually reaching the anus (
<emphasis box="[861,884,1989,2014]" italics="true" pageId="20" pageNumber="321">vs</emphasis>
pelvic fin not reaching anus), and a less elongate and higher body, with a mean body height of 26.6% SL (
<emphasis box="[781,804,151,176]" italics="true" pageId="21" pageNumber="322">vs</emphasis>
more elongate and lower body, with a mean body height of 22.9% SL; from 
<taxonomicName authorityName="Carvalho-Filho, Oliveira, Soares &amp; Araripe" authorityYear="2019" box="[376,455,187,213]" class="Actinopterygii" family="Centropomidae" genus="Centropomus" kingdom="Animalia" order="Perciformes" pageId="21" pageNumber="322" phylum="Chordata" rank="species" species="irae">
<emphasis box="[376,395,187,213]" italics="true" pageId="21" pageNumber="322">C</emphasis>
. 
<emphasis box="[410,455,187,212]" italics="true" pageId="21" pageNumber="322">irae</emphasis>
</taxonomicName>
, by having 60–88 (usually 64–70) scales on lateral line to caudal-fin base (
<emphasis box="[1318,1341,187,212]" italics="true" pageId="21" pageNumber="322">vs</emphasis>
79–96), 10–13 lower limb gill rakers on first arch (
<emphasis box="[639,662,223,248]" italics="true" pageId="21" pageNumber="322">vs</emphasis>
7–8), 13–18 gill rakers on first arch (
<emphasis box="[1092,1115,223,248]" italics="true" pageId="21" pageNumber="322">vs</emphasis>
11–13), the longest anal-fin spine usually reaching caudal-fin base when adpressed (
<emphasis box="[803,826,259,284]" italics="true" pageId="21" pageNumber="322">vs</emphasis>
longest anal-fin spine not reaching caudal-fin base), pelvic fin usually reaching the anus (
<emphasis box="[566,589,295,320]" italics="true" pageId="21" pageNumber="322">vs</emphasis>
pelvic fin not reaching the anus), and a less elongate and higher body, with a mean body height of 26.6% SL (
<emphasis box="[540,563,331,356]" italics="true" pageId="21" pageNumber="322">vs</emphasis>
more elongate and lower body, with a mean body height of 22.3% SL); from 
<taxonomicName authorityName="Poey" authorityYear="1860" box="[151,284,367,393]" class="Actinopterygii" family="Centropomidae" genus="Centropomus" kingdom="Animalia" order="Perciformes" pageId="21" pageNumber="322" phylum="Chordata" rank="species" species="ensiferus">
<emphasis box="[151,284,367,393]" italics="true" pageId="21" pageNumber="322">C. ensiferus</emphasis>
</taxonomicName>
, by having 60–88 (usually 64–70) scales on lateral line to caudal-fin base (
<emphasis box="[1117,1140,367,392]" italics="true" pageId="21" pageNumber="322">vs</emphasis>
48–58), 10–13 lower limb gill rakers on first arch (
<emphasis box="[416,439,403,428]" italics="true" pageId="21" pageNumber="322">vs</emphasis>
10–15), 13–18 gill rakers on first arch (
<emphasis box="[878,901,403,428]" italics="true" pageId="21" pageNumber="322">vs</emphasis>
15–20), and pelvic fin usually reaching the anus (
<emphasis box="[161,184,439,464]" italics="true" pageId="21" pageNumber="322">vs</emphasis>
pelvic fin usually not reaching the anus); from 
<taxonomicName authorityName="Poey" authorityYear="1860" box="[717,864,439,465]" class="Actinopterygii" family="Centropomidae" genus="Centropomus" kingdom="Animalia" order="Perciformes" pageId="21" pageNumber="322" phylum="Chordata" rank="species" species="pectinatus">
<emphasis box="[717,864,439,465]" italics="true" pageId="21" pageNumber="322">C. pectinatus</emphasis>
</taxonomicName>
, by having 60–88 (usually 64–70) scales on lateral line to caudal-fin base (
<emphasis box="[419,442,475,500]" italics="true" pageId="21" pageNumber="322">vs</emphasis>
47–52), 10–13 lower limb gill rakers on first arch (
<emphasis box="[1030,1053,475,500]" italics="true" pageId="21" pageNumber="322">vs</emphasis>
14–16), 13–18 gill rakers on first arch (
<emphasis box="[216,239,511,536]" italics="true" pageId="21" pageNumber="322">vs</emphasis>
20–23), and anal fin with III,7 (
<emphasis box="[603,626,511,536]" italics="true" pageId="21" pageNumber="322">vs</emphasis>
III,8); from 
<taxonomicName authorityName="Chavez" authorityYear="1961" box="[769,863,511,537]" class="Actinopterygii" family="Centropomidae" genus="Centropomus" kingdom="Animalia" order="Perciformes" pageId="21" pageNumber="322" phylum="Chordata" rank="species" species="poeyi">
<emphasis box="[769,863,511,537]" italics="true" pageId="21" pageNumber="322">C. poeyi</emphasis>
</taxonomicName>
, by having 60–88 (usually 64–70) scales on lateral line to caudal-fin base (
<emphasis box="[418,441,547,572]" italics="true" pageId="21" pageNumber="322">vs</emphasis>
69–74), 10–13 lower limb gill rakers on first arch (
<emphasis box="[1026,1049,547,572]" italics="true" pageId="21" pageNumber="322">vs</emphasis>
9–12), pelvic fin usually reaching the anus (
<emphasis box="[260,283,583,608]" italics="true" pageId="21" pageNumber="322">vs</emphasis>
pelvic fin not reaching anus), and second dorsal fin with I,11 (rarely I,10) (
<emphasis box="[1129,1152,583,608]" italics="true" pageId="21" pageNumber="322">vs</emphasis>
I,9).
</paragraph>
<paragraph blockId="21.[151,1437,151,2013]" pageId="21" pageNumber="322">
Eastern Pacific: from 
<taxonomicName box="[447,599,619,645]" class="Actinopterygii" family="Centropomidae" genus="Centropomus" kingdom="Animalia" order="Perciformes" pageId="21" pageNumber="322" phylum="Chordata" rank="species" species="nigrescens">
<emphasis box="[447,599,619,645]" italics="true" pageId="21" pageNumber="322">C. nigrescens</emphasis>
</taxonomicName>
, by having 60–88 (usually 64–70) scales on lateral line to caudal-fin base (
<emphasis box="[161,184,655,680]" italics="true" pageId="21" pageNumber="322">vs</emphasis>
68–76), 10–13 lower limb gill rakers on first arch (
<emphasis box="[794,817,655,680]" italics="true" pageId="21" pageNumber="322">vs</emphasis>
8–9), and the longest anal-fin spine usually reaching caudal-fin base when adpressed (
<emphasis box="[526,549,691,716]" italics="true" pageId="21" pageNumber="322">vs</emphasis>
longest anal-fin spine not reaching caudal-fin base); from 
<taxonomicName authorityName="Lockington" authorityYear="1877" box="[1212,1309,691,717]" class="Actinopterygii" family="Centropomidae" genus="Centropomus" kingdom="Animalia" order="Perciformes" pageId="21" pageNumber="322" phylum="Chordata" rank="species" species="viridis">
<emphasis box="[1212,1309,691,717]" italics="true" pageId="21" pageNumber="322">C.viridis</emphasis>
</taxonomicName>
, by having 60–88 (usually 64–70) scales on lateral line to caudal-fin base (
<emphasis box="[848,871,727,752]" italics="true" pageId="21" pageNumber="322">vs</emphasis>
67–75), the longest anal-fin spine usually reaching caudal-fin base when adpressed (
<emphasis box="[523,546,763,788]" italics="true" pageId="21" pageNumber="322">vs</emphasis>
longest anal-fin spine not reaching caudal-fin base), and second dorsal fin with I,11 (rarely I,10) (
<emphasis box="[351,374,799,824]" italics="true" pageId="21" pageNumber="322">vs</emphasis>
I,9); from 
<taxonomicName authorityName="Gill" authorityYear="1863" box="[495,619,799,825]" class="Actinopterygii" family="Centropomidae" genus="Centropomus" kingdom="Animalia" order="Perciformes" pageId="21" pageNumber="322" phylum="Chordata" rank="species" species="armatus">
<emphasis box="[495,619,799,825]" italics="true" pageId="21" pageNumber="322">C. armatus</emphasis>
</taxonomicName>
, by having 60–88 (usually 64–70) scales on lateral line to caudal-fin base (
<emphasis box="[161,184,835,860]" italics="true" pageId="21" pageNumber="322">vs</emphasis>
47–59); from 
<taxonomicName authorityName="Jordan &amp; Gilbert" authorityYear="1882" box="[348,470,835,861]" class="Actinopterygii" family="Centropomidae" genus="Centropomus" kingdom="Animalia" order="Perciformes" pageId="21" pageNumber="322" phylum="Chordata" rank="species" species="robalito">
<emphasis box="[348,470,835,861]" italics="true" pageId="21" pageNumber="322">C. robalito</emphasis>
</taxonomicName>
, by having 60–88 (usually 64–70) scales on lateral line to caudal-fin base (
<emphasis box="[1319,1342,835,860]" italics="true" pageId="21" pageNumber="322">vs</emphasis>
47–59), 10–13 lower limb gill rakers on first arch (
<emphasis box="[633,656,871,896]" italics="true" pageId="21" pageNumber="322">vs</emphasis>
14–17), and 13–18 gill rakers on first arch (
<emphasis box="[1157,1180,871,896]" italics="true" pageId="21" pageNumber="322">vs</emphasis>
21–25); from 
<taxonomicName authorityName="Bocourt" authorityYear="1868" class="Actinopterygii" family="Centropomidae" genus="Centropomus" kingdom="Animalia" order="Perciformes" pageId="21" pageNumber="322" phylum="Chordata" rank="species" species="unionensis">
<emphasis italics="true" pageId="21" pageNumber="322">C. unionensis</emphasis>
</taxonomicName>
, by having 60–88 (usually 64–70) scales on lateral line to caudal-fin base (
<emphasis box="[1081,1104,907,932]" italics="true" pageId="21" pageNumber="322">vs</emphasis>
46–52), 13–18 gill rakers on first arch (
<emphasis box="[266,289,943,968]" italics="true" pageId="21" pageNumber="322">vs</emphasis>
15–20), the longest anal-fin spine usually reaching caudal-fin base when adpressed (
<emphasis box="[1233,1256,943,968]" italics="true" pageId="21" pageNumber="322">vs</emphasis>
longest anal-fin spine not reaching caudal-fin base), and second dorsal fin with I,11 (rarely I,10) (
<emphasis box="[1056,1079,979,1004]" italics="true" pageId="21" pageNumber="322">vs</emphasis>
I,9); from 
<taxonomicName authorityName="Gunther" authorityYear="1864" box="[1200,1312,979,1005]" class="Actinopterygii" family="Centropomidae" genus="Centropomus" kingdom="Animalia" order="Perciformes" pageId="21" pageNumber="322" phylum="Chordata" rank="species" species="medius">
<emphasis box="[1200,1312,979,1005]" italics="true" pageId="21" pageNumber="322">C. medius</emphasis>
</taxonomicName>
, by having 60–88 (usually 64–70) scales on lateral line to caudal-fin base (
<emphasis box="[856,879,1015,1040]" italics="true" pageId="21" pageNumber="322">vs</emphasis>
53–65), 10–13 lower limb gill rakers on first arch (
<emphasis box="[161,184,1051,1076]" italics="true" pageId="21" pageNumber="322">vs</emphasis>
14–16), 13–18 gill rakers on first arch (
<emphasis box="[646,669,1051,1076]" italics="true" pageId="21" pageNumber="322">vs</emphasis>
18–23), the longest anal-fin spine usually reaching caudal-fin base when adpressed (
<emphasis box="[346,369,1087,1112]" italics="true" pageId="21" pageNumber="322">vs</emphasis>
longest anal-fin spine not reaching caudal-fin base), and anal fin with III,7 (
<emphasis box="[1225,1248,1087,1112]" italics="true" pageId="21" pageNumber="322">vs</emphasis>
III,8).
</paragraph>
<paragraph blockId="21.[151,1437,151,2013]" pageId="21" pageNumber="322">
<emphasis bold="true" box="[199,391,1123,1149]" pageId="21" pageNumber="322">Molecular data.</emphasis>
Specimens of 
<taxonomicName authorityName="Bloch" authorityYear="1792" box="[566,737,1123,1149]" class="Actinopterygii" family="Sciaenidae" genus="Sciaena" kingdom="Animalia" order="Perciformes" pageId="21" pageNumber="322" phylum="Chordata" rank="species" species="undecimalis">
<emphasis box="[566,737,1123,1149]" italics="true" pageId="21" pageNumber="322">C. undecimalis</emphasis>
</taxonomicName>
forms a distinct cluster in the COI sequences analysis, with 100% bootstrap value (
<figureCitation box="[421,522,1159,1185]" captionStart="FIGURE 8" captionStartId="15.[151,250,1944,1968]" captionTargetBox="[603,994,186,1913]" captionTargetId="figure-21@15.[594,994,181,1920]" captionTargetPageId="15" captionText="FIGURE 8. Best maximum likelihood tree of Centropomus species elaborated with partial COI sequences. Numbers in the branches represent the percentage of occurrence of each group in 1000 pseudoreplicates by bootstrap. Values lower than 50% are not showed. Log likelihood = -3507.12." figureDoi="http://doi.org/10.5281/zenodo.4604274" httpUri="https://zenodo.org/record/4604274/files/figure.png" pageId="21" pageNumber="322">Figure 8</figureCitation>
). The genetic distance between this species and other species of 
<taxonomicName authorityName="Lacepede" authorityYear="1802" box="[1286,1436,1159,1185]" class="Actinopterygii" family="Centropomidae" genus="Centropomus" kingdom="Animalia" order="Perciformes" pageId="21" pageNumber="322" phylum="Chordata" rank="genus">
<emphasis box="[1286,1436,1159,1185]" italics="true" pageId="21" pageNumber="322">Centropomus</emphasis>
</taxonomicName>
ranged from 0.142 to 0.184 (
<tableCitation box="[481,569,1195,1221]" captionStart="TABLE 7" captionStartId="14.[151,239,609,635]" captionText="TABLE 7. Genetic distance (Kimura-2-parameter) obtained among the studied species. Mean below diagonal, standard error above diagonal. In the main diagonal mean values and standard error obtained for each species (n/c= not computed)." pageId="21" pageNumber="322">Table 7</tableCitation>
). The 
<taxonomicName box="[644,784,1195,1221]" class="Actinopterygii" family="Centropomidae" genus="Centropomus" kingdom="Animalia" order="Perciformes" pageId="21" pageNumber="322" phylum="Chordata" rank="species" species="paralleus">
<emphasis box="[644,784,1195,1221]" italics="true" pageId="21" pageNumber="322">C. paralleus</emphasis>
</taxonomicName>
clade is the sister group of a large clade that includes 
<taxonomicName authorityName="Bloch" authorityYear="1792" class="Actinopterygii" family="Sciaenidae" genus="Sciaena" kingdom="Animalia" order="Perciformes" pageId="21" pageNumber="322" phylum="Chordata" rank="species" species="undecimalis">
<emphasis italics="true" pageId="21" pageNumber="322">C. undecimalis</emphasis>
</taxonomicName>
, 
<taxonomicName authorityName="Carvalho-Filho, Oliveira, Soares &amp; Araripe" authorityYear="2019" box="[300,378,1231,1257]" class="Actinopterygii" family="Centropomidae" genus="Centropomus" kingdom="Animalia" order="Perciformes" pageId="21" pageNumber="322" phylum="Chordata" rank="species" species="irae">
<emphasis box="[300,378,1231,1257]" italics="true" pageId="21" pageNumber="322">C. irae</emphasis>
</taxonomicName>
, 
<taxonomicName box="[392,544,1231,1257]" class="Actinopterygii" family="Centropomidae" genus="Centropomus" kingdom="Animalia" order="Perciformes" pageId="21" pageNumber="322" phylum="Chordata" rank="species" species="nigrescens">
<emphasis box="[392,544,1231,1257]" italics="true" pageId="21" pageNumber="322">C. nigrescens</emphasis>
</taxonomicName>
, 
<taxonomicName authorityName="Lockington" authorityYear="1877" box="[558,662,1231,1257]" class="Actinopterygii" family="Centropomidae" genus="Centropomus" kingdom="Animalia" order="Perciformes" pageId="21" pageNumber="322" phylum="Chordata" rank="species" species="viridis">
<emphasis box="[558,662,1231,1257]" italics="true" pageId="21" pageNumber="322">C. viridis</emphasis>
</taxonomicName>
, 
<taxonomicName authorityName="Poey" authorityYear="1860" box="[676,824,1231,1257]" class="Actinopterygii" family="Centropomidae" genus="Centropomus" kingdom="Animalia" order="Perciformes" pageId="21" pageNumber="322" phylum="Chordata" rank="species" species="pectinatus">
<emphasis box="[676,824,1231,1257]" italics="true" pageId="21" pageNumber="322">C. pectinatus</emphasis>
</taxonomicName>
and 
<taxonomicName authorityName="Gunther" authorityYear="1864" box="[878,990,1231,1257]" class="Actinopterygii" family="Centropomidae" genus="Centropomus" kingdom="Animalia" order="Perciformes" pageId="21" pageNumber="322" phylum="Chordata" rank="species" species="medius">
<emphasis box="[878,990,1231,1257]" italics="true" pageId="21" pageNumber="322">C. medius</emphasis>
</taxonomicName>
.
</paragraph>
</subSubSection>
<subSubSection pageId="21" pageNumber="322" type="description">
<paragraph blockId="21.[151,1437,151,2013]" pageId="21" pageNumber="322">
<emphasis bold="true" box="[199,345,1266,1292]" pageId="21" pageNumber="322">Description.</emphasis>
Morphometrics and meristics data are summarized in 
<tableCitation box="[947,1041,1267,1293]" captionStart="TABLE 8" captionStartId="27.[151,235,151,175]" captionText="TABLE 8. External measurements (in milimeters) of Centropomus species. Mean ± standard deviation/minimum-maximum (n)." pageId="21" pageNumber="322">Tables 8</tableCitation>
, 
<tableCitation box="[1054,1068,1267,1293]" captionStart="TABLE 9" captionStartId="28.[151,239,1281,1305]" captionTargetBox="[166,1395,1356,1915]" captionTargetPageId="28" captionText="TABLE 9. Ratio of external measurements as percentage standard length (SL) of Centropomus species. Mean ± standard deviation/minimum-maximum (n)." pageId="21" pageNumber="322">9</tableCitation>
and 
<tableCitation box="[1120,1148,1267,1293]" captionStart="TABLE 10" captionStartId="30.[151,239,511,535]" captionText="TABLE 10. Meristics of Centropomus species. Mean ± standard deviation/minimum-maximum (n)." pageId="21" pageNumber="322">10</tableCitation>
on the basis of 
<specimenCount pageId="21" pageNumber="322" type="generic">182 specimens</specimenCount>
, 
<quantity box="[223,377,1303,1329]" metricMagnitude="-1" metricUnit="m" metricValue="2.382" metricValueMax="4.32" metricValueMin="0.44399999999999995" pageId="21" pageNumber="322" unit="mm" value="238.2" valueMax="432.0" valueMin="44.4">44.4–432 mm</quantity>
TL (
<quantity box="[427,541,1303,1329]" metricMagnitude="-1" metricUnit="m" metricValue="2.018" pageId="21" pageNumber="322" unit="mm" value="201.8">201.8 mm</quantity>
average). Body high, mean body height 26.6% SL (10.0%–31.0%); body slightly elongate, head moderately elongate, mean head length 37.6% SL (29.6%–71.3%); head moderately high, mean head height 24.2% SL (18.9%–28.4%); largest specimen measured 
<quantity box="[859,953,1374,1401]" metricMagnitude="-1" metricUnit="m" metricValue="3.57" pageId="21" pageNumber="322" unit="mm" value="357.0">357 mm</quantity>
SL. Lower jaw protractile, slightly longer than upper jaw, extending beyond tip of snout. Snout narrow and long, mean snout length 11.4% SL (7.6%–22.5%); eye relatively small, mean orbital diameter 19.1% HL. Preoperculum heavily serrated in adults; operculum smooth, without spines, bordered by a membrane that extends beyond origin of pectoral fin; 3–8 small spines in dorsal part of operculum.
</paragraph>
<paragraph blockId="21.[151,1437,151,2013]" pageId="21" pageNumber="322">Dorsal fins separated by a small gap, not connected by membrane, first dorsal fin VII–IX, second dorsal fin I,10–I,12. Pectoral fin with 13–16 rays, longest ray extending beyond origin of pelvic fin. Pelvic fin I,5, longest ray usually reaching anus. Anal fin III,7 (rarely III,6 or III,8), second spine usually longer than first spine; longest spine usually reaching caudal-fin base when adpressed. Caudal fin deeply forked. Lateral line slightly arched with ctenoid scales, extending onto caudal fin. Lateral line with 60–88 scales to caudal-fin base, usually 64–70; 64–90 scales extending onto end of caudal fin. Scale rows between lateral line and origin of second dorsal fin 8–14; scale rows between lateral line and origin of anal fin 10–15. 8–13 (usually 10–13) lower limb gill rakers on first arch; 12–18 (usually 13–18) gill rakers on first arch, excluding rudiments; 12–21 (usually 18–20) gill rakers on second arch, including rudiments.</paragraph>
</subSubSection>
<subSubSection pageId="21" pageNumber="322" type="distribution">
<paragraph blockId="21.[151,1437,151,2013]" pageId="21" pageNumber="322">
<emphasis bold="true" box="[199,353,1878,1904]" pageId="21" pageNumber="322">Distribution.</emphasis>
<taxonomicName authorityName="Poey" authorityYear="1860" box="[363,638,1879,1905]" class="Actinopterygii" family="Centropomidae" genus="Centropomus" kingdom="Animalia" order="Perciformes" pageId="21" pageNumber="322" phylum="Chordata" rank="species" species="parallelus">
<emphasis box="[363,638,1879,1905]" italics="true" pageId="21" pageNumber="322">Centropomus parallelus</emphasis>
</taxonomicName>
occurs between the southeastern portion of the Gulf of Mexico, the Antilles, and 
<collectingRegion box="[307,477,1915,1941]" country="Brazil" name="Santa Catarina" pageId="21" pageNumber="322">Santa Catarina</collectingRegion>
, 
<collectingCountry box="[491,563,1915,1941]" name="Brazil" pageId="21" pageNumber="322">Brazil</collectingCountry>
. The distribution of 
<taxonomicName authorityName="Poey" authorityYear="1860" box="[801,951,1915,1941]" class="Actinopterygii" family="Centropomidae" genus="Centropomus" kingdom="Animalia" order="Perciformes" pageId="21" pageNumber="322" phylum="Chordata" rank="species" species="parallelus">
<emphasis box="[801,951,1915,1941]" italics="true" pageId="21" pageNumber="322">C. parallelus</emphasis>
</taxonomicName>
is in accordance with previous records in the literature (
<bibRefCitation author="Meek, S. E. &amp; Hildebrand, S. F." box="[310,606,1950,1977]" pageId="21" pageNumber="322" pagination="331 - 707" refId="ref27879" refString="Meek, S. E. &amp; Hildebrand, S. F. (1925) The marine fishes of Panama, Part 2. Field Museum of Natural History. Zoological series, 15, 331 - 707." type="journal article" year="1925">Meek &amp; Hildebrand 1925</bibRefCitation>
; 
<bibRefCitation author="Cervigon, F." box="[619,790,1951,1977]" pageId="21" pageNumber="322" refId="ref26472" refString="Cervigon, F. (1966) Los peces marinos de Venezuela. Vol. 1. Fundacion La Salle de Ciencias Naturales, Caracas, 436 pp." type="book" year="1966">Cervigón 1966</bibRefCitation>
; 
<bibRefCitation author="Figueiredo, J. L. &amp; Menezes, N. A." box="[803,1129,1951,1977]" pageId="21" pageNumber="322" refId="ref26782" refString="Figueiredo, J. L. &amp; Menezes, N. A. (1980) Manual de Peixes Marinhos do Sudeste do Brasil, III, Telostei (2). Museu de Zoologia, Universidade de S &quot; o Paulo, S &quot; o Paulo, 90 pp." type="book" year="1980">Figueiredo &amp; Menezes 1980</bibRefCitation>
; 
<bibRefCitation author="Guitart, D. J." box="[1142,1288,1950,1977]" pageId="21" pageNumber="322" refId="ref27058" refString="Guitart, D. J. (1985) Sinopsis de los peces marinos de Cuba. Vol. 2. Editorial Cientifico Tecnica, Havana, 562 pp." type="book" year="1985">Guitart 1985</bibRefCitation>
; 
<bibRefCitation author="Rivas, L. R." box="[1301,1431,1951,1977]" pageId="21" pageNumber="322" pagination="579 - 611" refId="ref28867" refString="Rivas, L. R. (1986) Systematic review of the perciform fishes of the genus Centropomus. Copeia, 3, 579 - 611. https: // doi. org / 10.2307 / 1444940" type="journal article" year="1986">Rivas 1986</bibRefCitation>
; 
<bibRefCitation author="Carvalho-Filho, A." box="[151,389,1987,2013]" pageId="21" pageNumber="322" refId="ref26369" refString="Carvalho-Filho, A. (1999) Peixes, Costa Brasileira. 3 rd Edition. Melro, S &quot; o Paulo, 320 pp." type="book" year="1999">Carvalho-Filho 1999</bibRefCitation>
).
</paragraph>
</subSubSection>
<subSubSection pageId="22" pageNumber="323" type="discussion">
<paragraph blockId="22.[151,1437,150,861]" pageId="22" pageNumber="323">
<emphasis bold="true" box="[199,315,150,176]" pageId="22" pageNumber="323">Remarks.</emphasis>
<bibRefCitation author="Rivas, L. R." box="[321,466,150,177]" pageId="22" pageNumber="323" pagination="579 - 611" refId="ref28867" refString="Rivas, L. R. (1986) Systematic review of the perciform fishes of the genus Centropomus. Copeia, 3, 579 - 611. https: // doi. org / 10.2307 / 1444940" type="journal article" year="1986">Rivas (1986)</bibRefCitation>
stated that it is possible to differentiate 
<taxonomicName authorityName="Poey" authorityYear="1860" box="[907,1053,150,177]" class="Actinopterygii" family="Centropomidae" genus="Centropomus" kingdom="Animalia" order="Perciformes" pageId="22" pageNumber="323" phylum="Chordata" rank="species" species="parallelus">
<emphasis box="[907,1053,150,177]" italics="true" pageId="22" pageNumber="323">C. parallelus</emphasis>
</taxonomicName>
from 
<taxonomicName authorityName="Bocourt" authorityYear="1868" box="[1120,1270,151,177]" class="Actinopterygii" family="Centropomidae" genus="Centropomus" kingdom="Animalia" order="Perciformes" pageId="22" pageNumber="323" phylum="Chordata" rank="species" species="mexicanus">
<emphasis box="[1120,1270,151,177]" italics="true" pageId="22" pageNumber="323">C. mexicanus</emphasis>
</taxonomicName>
based on scale counts in lateral line, above lateral line, below lateral line, and around the caudal peduncle, and that both species are sympatric in the Atlantic. However, as shown here, these characters exhibit high overlap and large variation within species and thus are non-informative for species diagnosis. 
<bibRefCitation author="Rivas, L. R." box="[814,959,258,285]" pageId="22" pageNumber="323" pagination="579 - 611" refId="ref28867" refString="Rivas, L. R. (1986) Systematic review of the perciform fishes of the genus Centropomus. Copeia, 3, 579 - 611. https: // doi. org / 10.2307 / 1444940" type="journal article" year="1986">Rivas (1986)</bibRefCitation>
also stated that the number of scales in the lateral line is the main character for separation between the two species, with 
<taxonomicName authorityName="Poey" authorityYear="1860" box="[1012,1158,294,321]" class="Actinopterygii" family="Centropomidae" genus="Centropomus" kingdom="Animalia" order="Perciformes" pageId="22" pageNumber="323" phylum="Chordata" rank="species" species="parallelus">
<emphasis box="[1012,1158,294,321]" italics="true" pageId="22" pageNumber="323">C. parallelus</emphasis>
</taxonomicName>
having 79–92 scales and 
<taxonomicName authorityName="Bocourt" authorityYear="1868" box="[151,301,331,357]" class="Actinopterygii" family="Centropomidae" genus="Centropomus" kingdom="Animalia" order="Perciformes" pageId="22" pageNumber="323" phylum="Chordata" rank="species" species="mexicanus">
<emphasis box="[151,301,331,357]" italics="true" pageId="22" pageNumber="323">C. mexicanus</emphasis>
</taxonomicName>
68–78 scales. This character is also presented in the description of their type specimens, 
<taxonomicName authorityName="Poey" authorityYear="1860" box="[1291,1437,330,357]" class="Actinopterygii" family="Centropomidae" genus="Centropomus" kingdom="Animalia" order="Perciformes" pageId="22" pageNumber="323" phylum="Chordata" rank="species" species="parallelus">
<emphasis box="[1291,1437,330,357]" italics="true" pageId="22" pageNumber="323">C. parallelus</emphasis>
</taxonomicName>
with 85 scales and 
<taxonomicName authorityName="Bocourt" authorityYear="1868" box="[364,514,367,393]" class="Actinopterygii" family="Centropomidae" genus="Centropomus" kingdom="Animalia" order="Perciformes" pageId="22" pageNumber="323" phylum="Chordata" rank="species" species="mexicanus">
<emphasis box="[364,514,367,393]" italics="true" pageId="22" pageNumber="323">C. mexicanus</emphasis>
</taxonomicName>
with 67 scales, although 
<bibRefCitation author="Rivas, L. R." box="[798,943,366,393]" pageId="22" pageNumber="323" pagination="579 - 611" refId="ref28867" refString="Rivas, L. R. (1986) Systematic review of the perciform fishes of the genus Centropomus. Copeia, 3, 579 - 611. https: // doi. org / 10.2307 / 1444940" type="journal article" year="1986">Rivas (1986)</bibRefCitation>
noticed counting discrepancies between the original description of 
<taxonomicName authorityName="Poey" authorityYear="1860" box="[405,551,402,429]" class="Actinopterygii" family="Centropomidae" genus="Centropomus" kingdom="Animalia" order="Perciformes" pageId="22" pageNumber="323" phylum="Chordata" rank="species" species="parallelus">
<emphasis box="[405,551,402,429]" italics="true" pageId="22" pageNumber="323">C. parallelus</emphasis>
</taxonomicName>
and its 
<typeStatus box="[637,735,402,428]" pageId="22" pageNumber="323">holotype</typeStatus>
(
<accessionNumber box="[749,892,402,428]" httpUri="http://www.ncbi.nlm.nih.gov/protein/MCZ10271" pageId="22" pageNumber="323">MCZ 10271</accessionNumber>
). Previous studies indeed indicate a strong variation in the number of lateral line scales of 
<taxonomicName authorityName="Poey" authorityYear="1860" box="[614,760,438,465]" class="Actinopterygii" family="Centropomidae" genus="Centropomus" kingdom="Animalia" order="Perciformes" pageId="22" pageNumber="323" phylum="Chordata" rank="species" species="parallelus">
<emphasis box="[614,760,438,465]" italics="true" pageId="22" pageNumber="323">C. parallelus</emphasis>
</taxonomicName>
(
<bibRefCitation author="Meek, S. E. &amp; Hildebrand, S. F." box="[773,1060,438,465]" pageId="22" pageNumber="323" pagination="331 - 707" refId="ref27879" refString="Meek, S. E. &amp; Hildebrand, S. F. (1925) The marine fishes of Panama, Part 2. Field Museum of Natural History. Zoological series, 15, 331 - 707." type="journal article" year="1925">Meek &amp; Hildebrand 1925</bibRefCitation>
[77–90]; 
<bibRefCitation author="Cervigon, F." box="[1168,1334,438,464]" pageId="22" pageNumber="323" refId="ref26472" refString="Cervigon, F. (1966) Los peces marinos de Venezuela. Vol. 1. Fundacion La Salle de Ciencias Naturales, Caracas, 436 pp." type="book" year="1966">Cervigón 1966</bibRefCitation>
[80–86]; 
<bibRefCitation author="Figueiredo, J. L. &amp; Menezes, N. A." box="[151,475,474,501]" pageId="22" pageNumber="323" refId="ref26782" refString="Figueiredo, J. L. &amp; Menezes, N. A. (1980) Manual de Peixes Marinhos do Sudeste do Brasil, III, Telostei (2). Museu de Zoologia, Universidade de S &quot; o Paulo, S &quot; o Paulo, 90 pp." type="book" year="1980">Figueiredo &amp; Menezes 1980</bibRefCitation>
[70–75]; 
<bibRefCitation author="Guitart, D. J." box="[588,732,474,501]" pageId="22" pageNumber="323" refId="ref27058" refString="Guitart, D. J. (1985) Sinopsis de los peces marinos de Cuba. Vol. 2. Editorial Cientifico Tecnica, Havana, 562 pp." type="book" year="1985">Guitart 1985</bibRefCitation>
[79–89]; 
<bibRefCitation author="Rivas, L. R." box="[845,973,474,500]" pageId="22" pageNumber="323" pagination="579 - 611" refId="ref28867" refString="Rivas, L. R. (1986) Systematic review of the perciform fishes of the genus Centropomus. Copeia, 3, 579 - 611. https: // doi. org / 10.2307 / 1444940" type="journal article" year="1986">Rivas 1986</bibRefCitation>
[79–92]; 
<bibRefCitation author="Carvalho-Filho, A." box="[1087,1322,474,500]" pageId="22" pageNumber="323" refId="ref26369" refString="Carvalho-Filho, A. (1999) Peixes, Costa Brasileira. 3 rd Edition. Melro, S &quot; o Paulo, 320 pp." type="book" year="1999">Carvalho-Filho 1999</bibRefCitation>
[79–92]); the number of lateral line scales of 
<taxonomicName authorityName="Bocourt" authorityYear="1868" box="[536,686,511,537]" class="Actinopterygii" family="Centropomidae" genus="Centropomus" kingdom="Animalia" order="Perciformes" pageId="22" pageNumber="323" phylum="Chordata" rank="species" species="mexicanus">
<emphasis box="[536,686,511,537]" italics="true" pageId="22" pageNumber="323">C. mexicanus</emphasis>
</taxonomicName>
, in turn, is only mentioned by 
<bibRefCitation author="Carvalho-Filho, A." box="[1021,1254,510,536]" pageId="22" pageNumber="323" refId="ref26369" refString="Carvalho-Filho, A. (1999) Peixes, Costa Brasileira. 3 rd Edition. Melro, S &quot; o Paulo, 320 pp." type="book" year="1999">Carvalho-Filho 1999</bibRefCitation>
[68–79] and 
<bibRefCitation author="Rivas, L. R." pageId="22" pageNumber="323" pagination="579 - 611" refId="ref28867" refString="Rivas, L. R. (1986) Systematic review of the perciform fishes of the genus Centropomus. Copeia, 3, 579 - 611. https: // doi. org / 10.2307 / 1444940" type="journal article" year="1986">Rivas 1986</bibRefCitation>
[68–78]. Specimens of 
<taxonomicName authorityName="Poey" authorityYear="1860" box="[519,666,546,573]" class="Actinopterygii" family="Centropomidae" genus="Centropomus" kingdom="Animalia" order="Perciformes" pageId="22" pageNumber="323" phylum="Chordata" rank="species" species="parallelus">
<emphasis box="[519,666,546,573]" italics="true" pageId="22" pageNumber="323">C. parallelus</emphasis>
</taxonomicName>
and 
<taxonomicName authorityName="Bocourt" authorityYear="1868" box="[720,870,547,573]" class="Actinopterygii" family="Centropomidae" genus="Centropomus" kingdom="Animalia" order="Perciformes" pageId="22" pageNumber="323" phylum="Chordata" rank="species" species="mexicanus">
<emphasis box="[720,870,547,573]" italics="true" pageId="22" pageNumber="323">C. mexicanus</emphasis>
</taxonomicName>
are morphologically very similar and have largely overlapping geographic distributions. The character variation found here in previously identified specimens of both species are: lateral line scales (
<quantity box="[496,596,618,644]" metricMagnitude="0" metricUnit="m" metricValue="1.9558" metricValueMax="2.2352" metricValueMin="1.6764" pageId="22" pageNumber="323" unit="in" value="77.0" valueMax="88.0" valueMin="66.0">66–88 in</quantity>
<emphasis box="[603,780,618,645]" italics="true" pageId="22" pageNumber="323">
<taxonomicName authorityName="Poey" authorityYear="1860" box="[603,750,618,645]" class="Actinopterygii" family="Centropomidae" genus="Centropomus" kingdom="Animalia" order="Perciformes" pageId="22" pageNumber="323" phylum="Chordata" rank="species" species="parallelus">C. parallelus</taxonomicName>
vs
</emphasis>
<quantity box="[787,886,618,644]" metricMagnitude="0" metricUnit="m" metricValue="1.905" metricValueMax="2.1844" metricValueMin="1.6256" pageId="22" pageNumber="323" unit="in" value="75.0" valueMax="86.0" valueMin="64.0">64–86 in</quantity>
<taxonomicName authorityName="Bocourt" authorityYear="1868" box="[893,1044,619,645]" class="Actinopterygii" family="Centropomidae" genus="Centropomus" kingdom="Animalia" order="Perciformes" pageId="22" pageNumber="323" phylum="Chordata" rank="species" species="mexicanus">
<emphasis box="[893,1044,619,645]" italics="true" pageId="22" pageNumber="323">C. mexicanus</emphasis>
</taxonomicName>
); scales above lateral line (
<quantity box="[1350,1436,618,644]" metricMagnitude="-1" metricUnit="m" metricValue="2.667" metricValueMax="3.048" metricValueMin="2.286" pageId="22" pageNumber="323" unit="in" value="10.5" valueMax="12.0" valueMin="9.0">9–12 in</quantity>
<emphasis box="[151,325,654,681]" italics="true" pageId="22" pageNumber="323">
<taxonomicName authorityName="Poey" authorityYear="1860" box="[151,297,654,681]" class="Actinopterygii" family="Centropomidae" genus="Centropomus" kingdom="Animalia" order="Perciformes" pageId="22" pageNumber="323" phylum="Chordata" rank="species" species="parallelus">C. parallelus</taxonomicName>
vs
</emphasis>
<quantity box="[331,427,654,680]" metricMagnitude="-1" metricUnit="m" metricValue="2.667" metricValueMax="2.794" metricValueMin="2.54" pageId="22" pageNumber="323" unit="in" value="10.5" valueMax="11.0" valueMin="10.0">10–11 in</quantity>
<taxonomicName authorityName="Bocourt" authorityYear="1868" box="[433,582,655,681]" class="Actinopterygii" family="Centropomidae" genus="Centropomus" kingdom="Animalia" order="Perciformes" pageId="22" pageNumber="323" phylum="Chordata" rank="species" species="mexicanus">
<emphasis box="[433,582,655,681]" italics="true" pageId="22" pageNumber="323">C. mexicanus</emphasis>
</taxonomicName>
); scales below lateral line (
<quantity box="[884,981,654,680]" metricMagnitude="-1" metricUnit="m" metricValue="3.175" metricValueMax="3.556" metricValueMin="2.794" pageId="22" pageNumber="323" unit="in" value="12.5" valueMax="14.0" valueMin="11.0">11–14 in</quantity>
<emphasis box="[987,1160,654,681]" italics="true" pageId="22" pageNumber="323">
<taxonomicName authorityName="Poey" authorityYear="1860" box="[987,1132,654,681]" class="Actinopterygii" family="Centropomidae" genus="Centropomus" kingdom="Animalia" order="Perciformes" pageId="22" pageNumber="323" phylum="Chordata" rank="species" species="parallelus">C. parallelus</taxonomicName>
vs
</emphasis>
<quantity box="[1166,1264,654,681]" metricMagnitude="-1" metricUnit="m" metricValue="3.429" metricValueMax="3.81" metricValueMin="3.048" pageId="22" pageNumber="323" unit="in" value="13.5" valueMax="15.0" valueMin="12.0">12–15 in</quantity>
<taxonomicName authorityName="Bocourt" authorityYear="1868" box="[1270,1419,655,681]" class="Actinopterygii" family="Centropomidae" genus="Centropomus" kingdom="Animalia" order="Perciformes" pageId="22" pageNumber="323" phylum="Chordata" rank="species" species="mexicanus">
<emphasis box="[1270,1419,655,681]" italics="true" pageId="22" pageNumber="323">C. mexicanus</emphasis>
</taxonomicName>
); lower limb gill rakers on first arch (
<quantity box="[542,641,690,716]" metricMagnitude="-1" metricUnit="m" metricValue="2.921" metricValueMax="3.302" metricValueMin="2.54" pageId="22" pageNumber="323" unit="in" value="11.5" valueMax="13.0" valueMin="10.0">10–13 in</quantity>
<emphasis box="[646,820,690,717]" italics="true" pageId="22" pageNumber="323">
<taxonomicName authorityName="Poey" authorityYear="1860" box="[646,792,690,717]" class="Actinopterygii" family="Centropomidae" genus="Centropomus" kingdom="Animalia" order="Perciformes" pageId="22" pageNumber="323" phylum="Chordata" rank="species" species="parallelus">C. parallelus</taxonomicName>
vs
</emphasis>
<quantity box="[826,923,690,716]" metricMagnitude="-1" metricUnit="m" metricValue="2.921" metricValueMax="3.048" metricValueMin="2.794" pageId="22" pageNumber="323" unit="in" value="11.5" valueMax="12.0" valueMin="11.0">11–12 in</quantity>
<taxonomicName authorityName="Bocourt" authorityYear="1868" box="[929,1078,691,717]" class="Actinopterygii" family="Centropomidae" genus="Centropomus" kingdom="Animalia" order="Perciformes" pageId="22" pageNumber="323" phylum="Chordata" rank="species" species="mexicanus">
<emphasis box="[929,1078,691,717]" italics="true" pageId="22" pageNumber="323">C. mexicanus</emphasis>
</taxonomicName>
); gill rakers on first arch (
<quantity metricMagnitude="-1" metricUnit="m" metricValue="3.937" metricValueMax="4.572" metricValueMin="3.302" pageId="22" pageNumber="323" unit="in" value="15.5" valueMax="18.0" valueMin="13.0">13–18 in</quantity>
<emphasis box="[180,356,726,753]" italics="true" pageId="22" pageNumber="323">
<taxonomicName authorityName="Poey" authorityYear="1860" box="[180,326,726,753]" class="Actinopterygii" family="Centropomidae" genus="Centropomus" kingdom="Animalia" order="Perciformes" pageId="22" pageNumber="323" phylum="Chordata" rank="species" species="parallelus">C. parallelus</taxonomicName>
vs
</emphasis>
<quantity box="[363,462,726,753]" metricMagnitude="-1" metricUnit="m" metricValue="4.064" metricValueMax="4.318" metricValueMin="3.81" pageId="22" pageNumber="323" unit="in" value="16.0" valueMax="17.0" valueMin="15.0">15–17 in</quantity>
<taxonomicName authorityName="Bocourt" authorityYear="1868" box="[468,619,727,753]" class="Actinopterygii" family="Centropomidae" genus="Centropomus" kingdom="Animalia" order="Perciformes" pageId="22" pageNumber="323" phylum="Chordata" rank="species" species="mexicanus">
<emphasis box="[468,619,727,753]" italics="true" pageId="22" pageNumber="323">C. mexicanus</emphasis>
</taxonomicName>
). It is clear that formely proposed diagnostic characters for the genus are highly overlapping between 
<taxonomicName authorityName="Poey" authorityYear="1860" box="[472,619,762,789]" class="Actinopterygii" family="Centropomidae" genus="Centropomus" kingdom="Animalia" order="Perciformes" pageId="22" pageNumber="323" phylum="Chordata" rank="species" species="parallelus">
<emphasis box="[472,619,762,789]" italics="true" pageId="22" pageNumber="323">C. parallelus</emphasis>
</taxonomicName>
and 
<taxonomicName authorityName="Bocourt" authorityYear="1868" box="[674,825,763,789]" class="Actinopterygii" family="Centropomidae" genus="Centropomus" kingdom="Animalia" order="Perciformes" pageId="22" pageNumber="323" phylum="Chordata" rank="species" species="mexicanus">
<emphasis box="[674,825,763,789]" italics="true" pageId="22" pageNumber="323">C. mexicanus</emphasis>
</taxonomicName>
in this study and those presented by previous authors. Therefore, based on the molecular and morphological evidence retrieved here, 
<taxonomicName authorityName="Bocourt" authorityYear="1868" box="[1040,1191,799,825]" class="Actinopterygii" family="Centropomidae" genus="Centropomus" kingdom="Animalia" order="Perciformes" pageId="22" pageNumber="323" phylum="Chordata" rank="species" species="mexicanus">
<emphasis box="[1040,1191,799,825]" italics="true" pageId="22" pageNumber="323">C. mexicanus</emphasis>
</taxonomicName>
is herein proposed as a junior synonym of 
<taxonomicName authorityName="Poey" authorityYear="1860" box="[384,531,834,861]" class="Actinopterygii" family="Centropomidae" genus="Centropomus" kingdom="Animalia" order="Perciformes" pageId="22" pageNumber="323" phylum="Chordata" rank="species" species="parallelus">
<emphasis box="[384,531,834,861]" italics="true" pageId="22" pageNumber="323">C. parallelus</emphasis>
</taxonomicName>
.
</paragraph>
</subSubSection>
</treatment>
</document>