<document ID-DOI="http://doi.org/10.5281/zenodo.4619204" ID-GBIF-Dataset="49db60e3-3b12-4786-a37a-1f841fc34156" ID-ISSN="1175-5326" ID-Zenodo-Dep="4619204" ID-ZooBank="92B6D482-C073-452F-A6BC-69AD4F6CF16A" _generate="added" checkinTime="1615796040537" checkinUser="plazi" docAuthor="Figueiredo-Filho, Jessé Miranda De, Marceniuk, Alexandre P., Feijó, Anderson, Siccha-Ramirez, Raquel, Ribeiro, Giovana S., Oliveira, Claudio &amp; Rosa, Ricardo S." docDate="2021" docId="03DB87830E42FF8BFF6B6746EC5D73D3" docLanguage="en" docName="zootaxa.4942.3.1.pdf" docOrigin="Zootaxa 4942 (3)" docStyle="DocumentStyle:647186512141C8FC8976D5BCC54AEB7D.6:Zootaxa.2013.journal_article" docStyleId="647186512141C8FC8976D5BCC54AEB7D" docStyleName="Zootaxa.2013.journal_article" docStyleVersion="6" docTitle="Centropomus ensiferus Poey 1860" docType="treatment" docVersion="6" lastPageId="23" lastPageNumber="324" masterDocId="FFE2FFFB0E54FF9CFFFC6218E9117445" masterDocTitle="Taxonomy of Centropomus Lacépède, 1802 (Perciformes: Centropomidae), with focus on the Atlantic species of the genus" masterLastPageNumber="338" masterPageNumber="301" pageId="22" pageNumber="323" updateTime="1616152912681" updateUser="tatiana" zenodo-license-document="CLOSED">
<mods:mods xmlns:mods="http://www.loc.gov/mods/v3">
<mods:titleInfo>
<mods:title>Taxonomy of Centropomus Lacépède, 1802 (Perciformes: Centropomidae), with focus on the Atlantic species of the genus</mods:title>
</mods:titleInfo>
<mods:name type="personal">
<mods:role>
<mods:roleTerm>Author</mods:roleTerm>
</mods:role>
<mods:namePart>Figueiredo-Filho, Jessé Miranda De</mods:namePart>
</mods:name>
<mods:name type="personal">
<mods:role>
<mods:roleTerm>Author</mods:roleTerm>
</mods:role>
<mods:namePart>Marceniuk, Alexandre P.</mods:namePart>
<mods:affiliation>Museu Paraense Emílio Goeldi, Belém, Pará, Brazil</mods:affiliation>
</mods:name>
<mods:name type="personal">
<mods:role>
<mods:roleTerm>Author</mods:roleTerm>
</mods:role>
<mods:namePart>Feijó, Anderson</mods:namePart>
<mods:affiliation>Key Laboratory of Zoological Systematics and Evolution, Institute of Zoology, Chinese Academy of Sciences, Beichen West Road, Chaoyang District, Beijing 100101, China</mods:affiliation>
</mods:name>
<mods:name type="personal">
<mods:role>
<mods:roleTerm>Author</mods:roleTerm>
</mods:role>
<mods:namePart>Siccha-Ramirez, Raquel</mods:namePart>
<mods:affiliation>Instituto del Mar del Perú, Laboratorio Costero de Tumbes, Zorritos, Peru &amp; Facultad de Ciencias Biológicas, Universidad Nacional Mayor de San Marcos, Lima, Peru</mods:affiliation>
</mods:name>
<mods:name type="personal">
<mods:role>
<mods:roleTerm>Author</mods:roleTerm>
</mods:role>
<mods:namePart>Ribeiro, Giovana S.</mods:namePart>
<mods:affiliation>Departamento de Biologia Estruturual e Funcional, Instituto de Biociências, Universidade Estadual Paulista, Botucatu, São Paulo, Brazil</mods:affiliation>
</mods:name>
<mods:name type="personal">
<mods:role>
<mods:roleTerm>Author</mods:roleTerm>
</mods:role>
<mods:namePart>Oliveira, Claudio</mods:namePart>
<mods:affiliation>Departamento de Biologia Estruturual e Funcional, Instituto de Biociências, Universidade Estadual Paulista, Botucatu, São Paulo, Brazil</mods:affiliation>
</mods:name>
<mods:name type="personal">
<mods:role>
<mods:roleTerm>Author</mods:roleTerm>
</mods:role>
<mods:namePart>Rosa, Ricardo S.</mods:namePart>
</mods:name>
<mods:typeOfResource>text</mods:typeOfResource>
<mods:relatedItem type="host">
<mods:titleInfo>
<mods:title>Zootaxa</mods:title>
</mods:titleInfo>
<mods:part>
<mods:date>2021</mods:date>
<mods:detail type="pubDate">
<mods:number>2021-03-15</mods:number>
</mods:detail>
<mods:detail type="volume">
<mods:number>4942</mods:number>
</mods:detail>
<mods:detail type="issue">
<mods:number>3</mods:number>
</mods:detail>
<mods:extent unit="page">
<mods:start>301</mods:start>
<mods:end>338</mods:end>
</mods:extent>
</mods:part>
</mods:relatedItem>
<mods:classification>journal article</mods:classification>
<mods:identifier type="DOI">https://doi.org/10.11646/zootaxa.4942.3.1</mods:identifier>
<mods:identifier type="GBIF-Dataset">49db60e3-3b12-4786-a37a-1f841fc34156</mods:identifier>
<mods:identifier type="ISSN">1175-5326</mods:identifier>
<mods:identifier type="Zenodo-Dep">4604256</mods:identifier>
<mods:identifier type="ZooBank">92B6D482-C073-452F-A6BC-69AD4F6CF16A</mods:identifier>
</mods:mods>
<treatment ID-DOI="http://doi.org/10.5281/zenodo.4619204" ID-Zenodo-Dep="4619204" LSID="urn:lsid:plazi:treatment:03DB87830E42FF8BFF6B6746EC5D73D3" httpUri="http://treatment.plazi.org/id/03DB87830E42FF8BFF6B6746EC5D73D3" lastPageId="23" lastPageNumber="324" pageId="22" pageNumber="323">
<subSubSection box="[151,572,1373,1400]" pageId="22" pageNumber="323" type="nomenclature">
<paragraph blockId="22.[151,572,1373,1436]" box="[151,572,1373,1400]" pageId="22" pageNumber="323">
<heading bold="true" box="[151,572,1373,1400]" fontSize="11" level="1" pageId="22" pageNumber="323" reason="1">
<taxonomicName authority="Poey, 1860" authorityName="Poey" authorityYear="1860" box="[151,572,1373,1400]" class="Actinopterygii" family="Centropomidae" genus="Centropomus" kingdom="Animalia" order="Perciformes" pageId="22" pageNumber="323" phylum="Chordata" rank="species" species="ensiferus">
<emphasis bold="true" box="[151,572,1373,1400]" pageId="22" pageNumber="323">
<emphasis bold="true" box="[151,433,1373,1400]" italics="true" pageId="22" pageNumber="323">Centropomus ensiferus</emphasis>
<bibRefCitation author="Poey, F." box="[440,572,1374,1400]" pageId="22" pageNumber="323" refId="ref28485" refString="Poey, F. (1860) Poissons de Cuba, especes nouvelles. In: Poey, F. (Ed.), Memorias sobre la historia natural de la Isla de Cuba. Vol. 2. Imprenta Barcina, Habana, pp. 115 - 427." type="book" year="1860">Poey, 1860</bibRefCitation>
</emphasis>
</taxonomicName>
</heading>
</paragraph>
</subSubSection>
<subSubSection box="[151,278,1410,1436]" pageId="22" pageNumber="323" type="description">
<paragraph blockId="22.[151,572,1373,1436]" box="[151,278,1410,1436]" pageId="22" pageNumber="323">
(
<figureCitation box="[159,270,1410,1436]" captionStart="FIGURE 14" captionStartId="24.[151,250,558,582]" captionTargetBox="[172,1414,192,527]" captionTargetId="figure-24@24.[162,1425,181,535]" captionTargetPageId="24" captionText="FIGURE 14. Neotype of Centropomus ensiferus Poey, 1860, MCZ 10299, 206 mm SL. Photo: Meaghan Sorce, MCZ." figureDoi="http://doi.org/10.5281/zenodo.4604286" httpUri="https://zenodo.org/record/4604286/files/figure.png" pageId="22" pageNumber="323">Figure 14</figureCitation>
)
</paragraph>
</subSubSection>
<subSubSection pageId="22" pageNumber="323" type="reference_group">
<paragraph blockId="22.[151,843,1478,1625]" box="[151,843,1478,1503]" pageId="22" pageNumber="323">
<treatmentCitationGroup box="[151,843,1478,1503]" pageId="22" pageNumber="323">
<treatmentCitation author="Poey, F." box="[151,555,1478,1503]" page="122" pageId="22" pageNumber="323" year="1860">
<taxonomicName authority="Poey, 1860: 122" authorityName="Poey" authorityPageNumber="122" authorityYear="1860" box="[151,555,1478,1503]" class="Actinopterygii" family="Centropomidae" genus="Centropomus" kingdom="Animalia" order="Perciformes" pageId="22" pageNumber="323" phylum="Chordata" rank="species" species="ensiferus">
<emphasis box="[151,384,1478,1502]" italics="true" pageId="22" pageNumber="323">Centropomus ensiferus</emphasis>
<bibRefCitation author="Poey, F." box="[391,555,1478,1503]" pageId="22" pageNumber="323" refId="ref28485" refString="Poey, F. (1860) Poissons de Cuba, especes nouvelles. In: Poey, F. (Ed.), Memorias sobre la historia natural de la Isla de Cuba. Vol. 2. Imprenta Barcina, Habana, pp. 115 - 427." type="book" year="1860">Poey, 1860: 122</bibRefCitation>
</taxonomicName>
</treatmentCitation>
(original description; 
<collectingCountry box="[781,836,1478,1502]" name="Cuba" pageId="22" pageNumber="323">Cuba</collectingCountry>
)
</treatmentCitationGroup>
</paragraph>
<paragraph blockId="22.[151,843,1478,1625]" box="[151,584,1509,1533]" pageId="22" pageNumber="323">
<treatmentCitationGroup box="[151,584,1509,1533]" pageId="22" pageNumber="323">
<treatmentCitation author="Steindachner, F." box="[151,584,1509,1533]" page="1" pageId="22" pageNumber="323" year="1864">
<taxonomicName authority="Steindachner, 1864: 1" authorityName="Steindachner" authorityPageNumber="1" authorityYear="1864" box="[151,584,1509,1533]" class="Actinopterygii" family="Centropomidae" genus="Centropomus" kingdom="Animalia" order="Perciformes" pageId="22" pageNumber="323" phylum="Chordata" rank="species" species="affinis">
<emphasis box="[151,356,1509,1533]" italics="true" pageId="22" pageNumber="323">Centropomus affinis</emphasis>
<bibRefCitation author="Steindachner, F." box="[363,584,1509,1533]" pageId="22" pageNumber="323" pagination="200 - 214" refId="ref29107" refString="Steindachner, F. (1864) Ichthyologische Notizen Sitzungsberichte der kaiserlichen Akademie der Wissenschaften, 49, 200 - 214." type="journal article" year="1864">Steindachner, 1864: 1</bibRefCitation>
</taxonomicName>
</treatmentCitation>
</treatmentCitationGroup>
</paragraph>
<paragraph blockId="22.[151,843,1478,1625]" box="[151,550,1540,1564]" pageId="22" pageNumber="323">
<treatmentCitationGroup box="[151,550,1540,1564]" pageId="22" pageNumber="323">
<treatmentCitation author="Bocourt, M. F." box="[151,550,1540,1564]" page="90" pageId="22" pageNumber="323" year="1868">
<taxonomicName authority="Bocourt, 1868: 90" authorityName="Bocourt" authorityPageNumber="90" authorityYear="1868" box="[151,550,1540,1564]" class="Actinopterygii" family="Centropomidae" genus="Centropomus" kingdom="Animalia" order="Perciformes" pageId="22" pageNumber="323" phylum="Chordata" rank="species" species="scaber">
<emphasis box="[151,361,1540,1564]" italics="true" pageId="22" pageNumber="323">Centropomus scaber</emphasis>
<bibRefCitation author="Bocourt, M. F." box="[367,550,1540,1564]" pageId="22" pageNumber="323" pagination="90 - 91" refId="ref26265" refString="Bocourt, M. F. (1868) Note sur des poissons percoides appurtenant au genre Centropome. Annales des sciences naturelles Zoologie et biologie animale, 5 (9), 90 - 91." type="journal article" year="1868">Bocourt, 1868: 90</bibRefCitation>
</taxonomicName>
</treatmentCitation>
</treatmentCitationGroup>
</paragraph>
<paragraph blockId="22.[151,843,1478,1625]" box="[151,515,1570,1595]" pageId="22" pageNumber="323">
<taxonomicName authority="Regan, 1907: 53" authorityName="Regan" authorityPageNumber="53" authorityYear="1907" box="[151,515,1570,1595]" class="Actinopterygii" family="Centropomidae" genus="Centropomus" kingdom="Animalia" order="Perciformes" pageId="22" pageNumber="323" phylum="Chordata" rank="species" species="altus">
<emphasis box="[151,342,1570,1594]" italics="true" pageId="22" pageNumber="323">Centropomus altus</emphasis>
Regan, 1907: 53
</taxonomicName>
</paragraph>
<paragraph blockId="22.[151,843,1478,1625]" box="[151,590,1601,1625]" pageId="22" pageNumber="323">
<treatmentCitationGroup box="[151,590,1601,1625]" pageId="22" pageNumber="323">
<treatmentCitation author="Poey F." box="[151,590,1601,1625]" page="245" pageId="22" pageNumber="323" year="1955">
<taxonomicName authority="Poey, 1955: 245" authorityName="Poey" authorityPageNumber="245" authorityYear="1955" box="[151,590,1601,1625]" class="Actinopterygii" family="Centropomidae" genus="Centropomus" kingdom="Animalia" order="Perciformes" pageId="22" pageNumber="323" phylum="Chordata" rank="species" species="macrochirus">
<emphasis box="[151,420,1601,1625]" italics="true" pageId="22" pageNumber="323">Centropomus macrochirus</emphasis>
<bibRefCitation author="Poey F." box="[427,590,1601,1625]" pageId="22" pageNumber="323" refId="ref28536" refString="Poey F. (1955) Ictiologia Cubana. Posthumous transcription of original unpublished manuscript (1884) by M. Sanchez Roig and F. Gomez de la Maza. Vol. 1. Ministerio de Educacion, Habana, 372 pp." type="book" year="1955">Poey, 1955: 245</bibRefCitation>
</taxonomicName>
</treatmentCitation>
</treatmentCitationGroup>
</paragraph>
</subSubSection>
<subSubSection pageId="22" pageNumber="323" type="materials_examined">
<paragraph blockId="22.[151,1437,1671,2022]" box="[151,748,1671,1698]" pageId="22" pageNumber="323">
<materialsCitation accessionNumber="MCZ 10299" box="[151,745,1671,1698]" country="Cuba" location="Cuba" pageId="22" pageNumber="323" specimenCount="1" typeStatus="holotype">
<emphasis bold="true" box="[151,217,1671,1697]" pageId="22" pageNumber="323">
<typeStatus box="[151,212,1671,1697]" pageId="22" pageNumber="323">Type</typeStatus>
.
</emphasis>
<accessionNumber box="[224,364,1671,1697]" httpUri="http://www.ncbi.nlm.nih.gov/protein/MCZ10299" pageId="22" pageNumber="323">
MCZ 
<quantity box="[291,364,1671,1697]" metricMagnitude="4" metricUnit="m" metricValue="1.0299206" pageId="22" pageNumber="323" unit="mm" value="1.0299206E7">10299</quantity>
</accessionNumber>
, 206 mm SL (
<figureCitation box="[522,604,1671,1697]" captionStart="FIGURE 14" captionStartId="24.[151,250,558,582]" captionTargetBox="[172,1414,192,527]" captionTargetId="figure-24@24.[162,1425,181,535]" captionTargetPageId="24" captionText="FIGURE 14. Neotype of Centropomus ensiferus Poey, 1860, MCZ 10299, 206 mm SL. Photo: Meaghan Sorce, MCZ." figureDoi="http://doi.org/10.5281/zenodo.4604286" httpUri="https://zenodo.org/record/4604286/files/figure.png" pageId="22" pageNumber="323">Fig. 14</figureCitation>
), loc.: 
<collectingCountry box="[682,745,1671,1697]" name="Cuba" pageId="22" pageNumber="323">Cuba</collectingCountry>
</materialsCitation>
.
</paragraph>
<paragraph blockId="22.[151,1437,1671,2022]" pageId="22" pageNumber="323">
<bibRefCitation author="Poey, F." box="[199,337,1707,1734]" pageId="22" pageNumber="323" refId="ref28485" refString="Poey, F. (1860) Poissons de Cuba, especes nouvelles. In: Poey, F. (Ed.), Memorias sobre la historia natural de la Isla de Cuba. Vol. 2. Imprenta Barcina, Habana, pp. 115 - 427." type="book" year="1860">Poey (1860)</bibRefCitation>
described 
<taxonomicName authorityName="Poey" authorityYear="1860" box="[458,591,1707,1734]" class="Actinopterygii" family="Centropomidae" genus="Centropomus" kingdom="Animalia" order="Perciformes" pageId="22" pageNumber="323" phylum="Chordata" rank="species" species="ensiferus">
<emphasis box="[458,591,1707,1734]" italics="true" pageId="22" pageNumber="323">C. ensiferus</emphasis>
</taxonomicName>
based on a single 
<quantity box="[796,889,1707,1734]" metricMagnitude="-1" metricUnit="m" metricValue="2.05" pageId="22" pageNumber="323" unit="mm" value="205.0">205 mm</quantity>
TL specimen. However, 
<bibRefCitation author="Rivas, L. R." box="[1170,1315,1707,1734]" pageId="22" pageNumber="323" pagination="579 - 611" refId="ref28867" refString="Rivas, L. R. (1986) Systematic review of the perciform fishes of the genus Centropomus. Copeia, 3, 579 - 611. https: // doi. org / 10.2307 / 1444940" type="journal article" year="1986">Rivas (1986)</bibRefCitation>
stated that no specimen qualified as a 
<typeStatus box="[454,552,1743,1769]" pageId="22" pageNumber="323">holotype</typeStatus>
could be found in the MCZ, USNM, or any other museum. The 
<typeStatus box="[1271,1360,1744,1770]" pageId="22" pageNumber="323">neotype</typeStatus>
(
<accessionNumber httpUri="http://www.ncbi.nlm.nih.gov/protein/MCZ10299" pageId="22" pageNumber="323">MCZ 10299</accessionNumber>
) is a specimen of 
<quantity box="[426,519,1779,1806]" metricMagnitude="-1" metricUnit="m" metricValue="2.06" pageId="22" pageNumber="323" unit="mm" value="206.0">206 mm</quantity>
SL designated by 
<bibRefCitation author="Rivas, L. R." box="[726,873,1779,1806]" pageId="22" pageNumber="323" pagination="579 - 611" refId="ref28867" refString="Rivas, L. R. (1986) Systematic review of the perciform fishes of the genus Centropomus. Copeia, 3, 579 - 611. https: // doi. org / 10.2307 / 1444940" type="journal article" year="1986">Rivas (1986)</bibRefCitation>
, from 
<collectingCountry box="[947,1009,1779,1805]" name="Cuba" pageId="22" pageNumber="323">Cuba</collectingCountry>
, sent from Poey to Agassiz as a representative specimen of 
<taxonomicName authorityName="Poey" authorityYear="1860" box="[401,534,1815,1842]" class="Actinopterygii" family="Centropomidae" genus="Centropomus" kingdom="Animalia" order="Perciformes" pageId="22" pageNumber="323" phylum="Chordata" rank="species" species="ensiferus">
<emphasis box="[401,534,1815,1842]" italics="true" pageId="22" pageNumber="323">C. ensiferus</emphasis>
</taxonomicName>
.
</paragraph>
</subSubSection>
<subSubSection lastPageId="23" lastPageNumber="324" pageId="22" pageNumber="323" type="diagnosis">
<paragraph blockId="22.[151,1437,1671,2022]" pageId="22" pageNumber="323">
<emphasis bold="true" box="[199,322,1851,1877]" pageId="22" pageNumber="323">Diagnosis.</emphasis>
<taxonomicName authorityName="Poey" authorityYear="1860" box="[328,586,1851,1878]" class="Actinopterygii" family="Centropomidae" genus="Centropomus" kingdom="Animalia" order="Perciformes" pageId="22" pageNumber="323" phylum="Chordata" rank="species" species="ensiferus">
<emphasis box="[328,586,1851,1878]" italics="true" pageId="22" pageNumber="323">Centropomus ensiferus</emphasis>
</taxonomicName>
has the second anal-fin spine extremely long, extending far beyond the caudal fin origin when adpressed. Other characters that differ from congeners are:
</paragraph>
<paragraph blockId="22.[151,1437,1671,2022]" lastBlockId="23.[151,1437,150,1942]" lastPageId="23" lastPageNumber="324" pageId="22" pageNumber="323">
Western Atlantic: from 
<taxonomicName authorityName="Bloch" authorityYear="1792" box="[468,637,1923,1950]" class="Actinopterygii" family="Sciaenidae" genus="Sciaena" kingdom="Animalia" order="Perciformes" pageId="22" pageNumber="323" phylum="Chordata" rank="species" species="undecimalis">
<emphasis box="[468,637,1923,1950]" italics="true" pageId="22" pageNumber="323">C. undecimalis</emphasis>
</taxonomicName>
, by having 48–58 scales on lateral line to caudal-fin base (
<emphasis box="[1318,1341,1924,1949]" italics="true" pageId="22" pageNumber="323">vs</emphasis>
66–75), 10–15 lower limb gill rakers on first arch (
<emphasis box="[633,656,1960,1985]" italics="true" pageId="22" pageNumber="323">vs</emphasis>
8–11), 15–20 gill rakers on first arch (
<emphasis box="[1095,1118,1960,1985]" italics="true" pageId="22" pageNumber="323">vs</emphasis>
11–14), the longest anal-fin spine reaching caudal-fin base when adpressed (
<emphasis box="[699,722,1996,2021]" italics="true" pageId="22" pageNumber="323">vs</emphasis>
longest anal-fin spine not reaching caudal-fin base), and a less elongate and higher body, with a mean body height of 25.9% SL (
<emphasis box="[905,928,151,176]" italics="true" pageId="23" pageNumber="324">vs</emphasis>
more elongate and lower body, with a mean body height of 22.9% SL); from 
<taxonomicName authorityName="Carvalho-Filho, Oliveira, Soares &amp; Araripe" authorityYear="2019" box="[515,592,187,213]" class="Actinopterygii" family="Centropomidae" genus="Centropomus" kingdom="Animalia" order="Perciformes" pageId="23" pageNumber="324" phylum="Chordata" rank="species" species="irae">
<emphasis box="[515,592,187,213]" italics="true" pageId="23" pageNumber="324">C. irae</emphasis>
</taxonomicName>
, by having 48–58 scales on lateral line to caudal-fin base (
<emphasis box="[1244,1267,187,212]" italics="true" pageId="23" pageNumber="324">vs</emphasis>
79–96), 10–15 lower limb gill rakers on first arch (
<emphasis box="[564,587,223,248]" italics="true" pageId="23" pageNumber="324">vs</emphasis>
7–8), 15–20 gill rakers on first arch (
<emphasis box="[1022,1045,223,248]" italics="true" pageId="23" pageNumber="324">vs</emphasis>
11–13), the longest anal-fin spine reaching caudal-fin base when adpressed (
<emphasis box="[620,643,259,284]" italics="true" pageId="23" pageNumber="324">vs</emphasis>
longest anal-fin spine not reaching caudal-fin base), and a less elongate and higher body, with a mean body height of 25.9% SL (
<emphasis box="[781,804,295,320]" italics="true" pageId="23" pageNumber="324">vs</emphasis>
more elongate and lower body, with a mean body height of 22.3% SL); from 
<taxonomicName authorityName="Poey" authorityYear="1860" box="[376,522,331,357]" class="Actinopterygii" family="Centropomidae" genus="Centropomus" kingdom="Animalia" order="Perciformes" pageId="23" pageNumber="324" phylum="Chordata" rank="species" species="parallelus">
<emphasis box="[376,522,331,357]" italics="true" pageId="23" pageNumber="324">C. parallelus</emphasis>
</taxonomicName>
, by having 48–58 scales on lateral line to caudal-fin base (
<emphasis box="[1174,1197,331,356]" italics="true" pageId="23" pageNumber="324">vs</emphasis>
64–70), 10–15 lower limb gill rakers on first arch (
<emphasis box="[473,496,367,392]" italics="true" pageId="23" pageNumber="324">vs</emphasis>
10–13), 15–20 gill rakers on first arch (
<emphasis box="[934,957,367,392]" italics="true" pageId="23" pageNumber="324">vs</emphasis>
13–18), and pelvic fin usually not reaching the anus (
<emphasis box="[260,283,403,428]" italics="true" pageId="23" pageNumber="324">vs</emphasis>
pelvic fin usually reaching anus); from 
<taxonomicName authorityName="Poey" authorityYear="1860" box="[733,880,403,429]" class="Actinopterygii" family="Centropomidae" genus="Centropomus" kingdom="Animalia" order="Perciformes" pageId="23" pageNumber="324" phylum="Chordata" rank="species" species="pectinatus">
<emphasis box="[733,880,403,429]" italics="true" pageId="23" pageNumber="324">C. pectinatus</emphasis>
</taxonomicName>
, by having 48–58 scales on lateral line to caudalfin base (
<emphasis box="[255,278,439,464]" italics="true" pageId="23" pageNumber="324">vs</emphasis>
47–52), 10–15 lower limb gill rakers on first arch (
<emphasis box="[851,874,439,464]" italics="true" pageId="23" pageNumber="324">vs</emphasis>
14–16), 15–20 gill rakers on first arch (
<emphasis box="[1320,1343,439,464]" italics="true" pageId="23" pageNumber="324">vs</emphasis>
20–23), the second anal-fin spine longer than the third, and when adpressed, reaching caudal-fin base (
<emphasis box="[1196,1219,475,500]" italics="true" pageId="23" pageNumber="324">vs</emphasis>
third anal-fin spine longer than the second, reaching caudal-fin base), pelvic fin usually not reaching the anus (
<emphasis box="[1192,1215,511,536]" italics="true" pageId="23" pageNumber="324">vs</emphasis>
pelvic fin reaching anus), and anal fin with III,7 (
<emphasis box="[489,512,547,572]" italics="true" pageId="23" pageNumber="324">vs</emphasis>
III,8); from 
<taxonomicName authorityName="Chavez" authorityYear="1961" box="[655,750,547,573]" class="Actinopterygii" family="Centropomidae" genus="Centropomus" kingdom="Animalia" order="Perciformes" pageId="23" pageNumber="324" phylum="Chordata" rank="species" species="poeyi">
<emphasis box="[655,750,547,573]" italics="true" pageId="23" pageNumber="324">C. poeyi</emphasis>
</taxonomicName>
, by having 48–58 scales on lateral line to caudal-fin base (
<emphasis box="[1413,1436,547,572]" italics="true" pageId="23" pageNumber="324">vs</emphasis>
69–74), 10–15 lower limb gill rakers on first arch (
<emphasis box="[722,745,583,608]" italics="true" pageId="23" pageNumber="324">vs</emphasis>
9–12), and second dorsal fin with I,11 (
<emphasis box="[1194,1217,583,608]" italics="true" pageId="23" pageNumber="324">vs</emphasis>
I,9).
</paragraph>
<paragraph blockId="23.[151,1437,150,1942]" pageId="23" pageNumber="324">
Eastern Pacific: from 
<taxonomicName box="[442,593,619,645]" class="Actinopterygii" family="Centropomidae" genus="Centropomus" kingdom="Animalia" order="Perciformes" pageId="23" pageNumber="324" phylum="Chordata" rank="species" species="nigrescens">
<emphasis box="[442,593,619,645]" italics="true" pageId="23" pageNumber="324">C. nigrescens</emphasis>
</taxonomicName>
, by having 48–58 scales on lateral line to caudal-fin base (
<emphasis box="[1244,1267,619,644]" italics="true" pageId="23" pageNumber="324">vs</emphasis>
68–76), 10–15 lower limb gill rakers on first arch (
<emphasis box="[547,570,655,680]" italics="true" pageId="23" pageNumber="324">vs</emphasis>
8–9); 15–20 gill rakers on first arch (
<emphasis box="[987,1010,655,680]" italics="true" pageId="23" pageNumber="324">vs</emphasis>
11–14), and the longest anal-fin spine reaching caudal-fin base when adpressed (
<emphasis box="[632,655,691,716]" italics="true" pageId="23" pageNumber="324">vs</emphasis>
longest anal-fin spine not reaching caudal-fin base); from 
<taxonomicName authorityName="Lockington" authorityYear="1877" box="[1324,1430,691,717]" class="Actinopterygii" family="Centropomidae" genus="Centropomus" kingdom="Animalia" order="Perciformes" pageId="23" pageNumber="324" phylum="Chordata" rank="species" species="viridis">
<emphasis box="[1324,1430,691,717]" italics="true" pageId="23" pageNumber="324">C. viridis</emphasis>
</taxonomicName>
, by having 48–58 scales on lateral line to caudal-fin base (
<emphasis box="[804,827,727,752]" italics="true" pageId="23" pageNumber="324">vs</emphasis>
67–75), 10–15 lower limb gill rakers on first arch (
<emphasis box="[1413,1436,727,752]" italics="true" pageId="23" pageNumber="324">vs</emphasis>
9–12); 15–20 gill rakers on first arch (
<emphasis box="[573,596,763,788]" italics="true" pageId="23" pageNumber="324">vs</emphasis>
14–15), the longest anal-fin spine reaching caudal-fin base when adpressed (
<emphasis box="[161,184,799,824]" italics="true" pageId="23" pageNumber="324">vs</emphasis>
longest anal-fin spine not reaching caudal-fin base); and second dorsal fin with I,11 (
<emphasis box="[1128,1151,799,824]" italics="true" pageId="23" pageNumber="324">vs</emphasis>
I,9); from 
<taxonomicName authorityName="Gill" authorityYear="1863" box="[1272,1395,799,825]" class="Actinopterygii" family="Centropomidae" genus="Centropomus" kingdom="Animalia" order="Perciformes" pageId="23" pageNumber="324" phylum="Chordata" rank="species" species="armatus">
<emphasis box="[1272,1395,799,825]" italics="true" pageId="23" pageNumber="324">C. armatus</emphasis>
</taxonomicName>
, by having the second anal-fin spine extremely long, extending beyond caudal-fin base when adpressed (
<emphasis box="[1277,1300,835,860]" italics="true" pageId="23" pageNumber="324">vs</emphasis>
shorter second anal-fin spine, reaching caudal-fin base); from 
<taxonomicName authorityName="Jordan &amp; Gilbert" authorityYear="1882" box="[724,846,871,897]" class="Actinopterygii" family="Centropomidae" genus="Centropomus" kingdom="Animalia" order="Perciformes" pageId="23" pageNumber="324" phylum="Chordata" rank="species" species="robalito">
<emphasis box="[724,846,871,897]" italics="true" pageId="23" pageNumber="324">C. robalito</emphasis>
</taxonomicName>
, by having 10–15 lower limb gill rakers on first arch (
<emphasis box="[161,184,907,932]" italics="true" pageId="23" pageNumber="324">vs</emphasis>
14–17); and 15–20 gill rakers on first arch (
<emphasis box="[672,695,907,932]" italics="true" pageId="23" pageNumber="324">vs</emphasis>
21–25); from 
<taxonomicName authorityName="Bocourt" authorityYear="1868" box="[855,1006,907,933]" class="Actinopterygii" family="Centropomidae" genus="Centropomus" kingdom="Animalia" order="Perciformes" pageId="23" pageNumber="324" phylum="Chordata" rank="species" species="unionensis">
<emphasis box="[855,1006,907,933]" italics="true" pageId="23" pageNumber="324">C. unionensis</emphasis>
</taxonomicName>
, by having 48–58 scales on lateral line to caudal-fin base (
<emphasis box="[368,391,943,968]" italics="true" pageId="23" pageNumber="324">vs</emphasis>
46–52), the longest anal-fin spine reaching caudal-fin base when adpressed (
<emphasis box="[1261,1284,943,968]" italics="true" pageId="23" pageNumber="324">vs</emphasis>
longest analfin spine not reaching caudal-fin base), and second dorsal fin with I,11 (
<emphasis box="[969,992,979,1004]" italics="true" pageId="23" pageNumber="324">vs</emphasis>
I,9); from 
<taxonomicName authorityName="Gunther" authorityYear="1864" box="[1118,1231,979,1005]" class="Actinopterygii" family="Centropomidae" genus="Centropomus" kingdom="Animalia" order="Perciformes" pageId="23" pageNumber="324" phylum="Chordata" rank="species" species="medius">
<emphasis box="[1118,1231,979,1005]" italics="true" pageId="23" pageNumber="324">C. medius</emphasis>
</taxonomicName>
, by having 48–58 scales on lateral line to caudal-fin base (
<emphasis box="[600,623,1015,1040]" italics="true" pageId="23" pageNumber="324">vs</emphasis>
53–65), 10–15 lower limb gill rakers on first arch (
<emphasis box="[1198,1221,1015,1040]" italics="true" pageId="23" pageNumber="324">vs</emphasis>
14–16); 15–20 gill rakers on first arch (
<emphasis box="[377,400,1051,1076]" italics="true" pageId="23" pageNumber="324">vs</emphasis>
18–23), the longest anal-fin spine reaching caudal-fin base when adpressed (
<emphasis box="[1263,1286,1051,1076]" italics="true" pageId="23" pageNumber="324">vs</emphasis>
longest analfin spine not reaching caudal-fin base), and anal fin with III,7 (
<emphasis box="[856,879,1087,1112]" italics="true" pageId="23" pageNumber="324">vs</emphasis>
III,8).
</paragraph>
<paragraph blockId="23.[151,1437,150,1942]" pageId="23" pageNumber="324">
<emphasis bold="true" box="[199,390,1123,1149]" pageId="23" pageNumber="324">Molecular data.</emphasis>
Specimens of 
<taxonomicName authorityName="Poey" authorityYear="1860" box="[562,698,1123,1149]" class="Actinopterygii" family="Centropomidae" genus="Centropomus" kingdom="Animalia" order="Perciformes" pageId="23" pageNumber="324" phylum="Chordata" rank="species" species="ensiferus">
<emphasis box="[562,698,1123,1149]" italics="true" pageId="23" pageNumber="324">C. ensiferus</emphasis>
</taxonomicName>
form a cluster with 100% bootstrap value in the COI sequences analysis (
<figureCitation box="[255,352,1159,1185]" captionStart="FIGURE 8" captionStartId="15.[151,250,1944,1968]" captionTargetBox="[603,994,186,1913]" captionTargetId="figure-21@15.[594,994,181,1920]" captionTargetPageId="15" captionText="FIGURE 8. Best maximum likelihood tree of Centropomus species elaborated with partial COI sequences. Numbers in the branches represent the percentage of occurrence of each group in 1000 pseudoreplicates by bootstrap. Values lower than 50% are not showed. Log likelihood = -3507.12." figureDoi="http://doi.org/10.5281/zenodo.4604274" httpUri="https://zenodo.org/record/4604274/files/figure.png" pageId="23" pageNumber="324">Figure 8</figureCitation>
). The genetic distance between 
<taxonomicName authorityName="Poey" authorityYear="1860" box="[707,840,1159,1185]" class="Actinopterygii" family="Centropomidae" genus="Centropomus" kingdom="Animalia" order="Perciformes" pageId="23" pageNumber="324" phylum="Chordata" rank="species" species="ensiferus">
<emphasis box="[707,840,1159,1185]" italics="true" pageId="23" pageNumber="324">C. ensiferus</emphasis>
</taxonomicName>
and 
<taxonomicName authorityName="Gill" authorityYear="1863" box="[893,1017,1159,1185]" class="Actinopterygii" family="Centropomidae" genus="Centropomus" kingdom="Animalia" order="Perciformes" pageId="23" pageNumber="324" phylum="Chordata" rank="species" species="armatus">
<emphasis box="[893,1017,1159,1185]" italics="true" pageId="23" pageNumber="324">C. armatus</emphasis>
</taxonomicName>
is 0.112 (
<tableCitation box="[1123,1209,1159,1185]" captionStart="TABLE 7" captionStartId="14.[151,239,609,635]" captionText="TABLE 7. Genetic distance (Kimura-2-parameter) obtained among the studied species. Mean below diagonal, standard error above diagonal. In the main diagonal mean values and standard error obtained for each species (n/c= not computed)." pageId="23" pageNumber="324">Table 7</tableCitation>
). The genetic analyses indicate that 
<taxonomicName authorityName="Poey" authorityYear="1860" box="[337,471,1195,1221]" class="Actinopterygii" family="Centropomidae" genus="Centropomus" kingdom="Animalia" order="Perciformes" pageId="23" pageNumber="324" phylum="Chordata" rank="species" species="ensiferus">
<emphasis box="[337,471,1195,1221]" italics="true" pageId="23" pageNumber="324">C. ensiferus</emphasis>
</taxonomicName>
is the sister group of 
<taxonomicName authorityName="Bocourt" authorityYear="1868" box="[713,866,1195,1221]" class="Actinopterygii" family="Centropomidae" genus="Centropomus" kingdom="Animalia" order="Perciformes" pageId="23" pageNumber="324" phylum="Chordata" rank="species" species="unionensis">
<emphasis box="[713,866,1195,1221]" italics="true" pageId="23" pageNumber="324">C. unionensis</emphasis>
</taxonomicName>
.
</paragraph>
</subSubSection>
<subSubSection pageId="23" pageNumber="324" type="description">
<paragraph blockId="23.[151,1437,150,1942]" pageId="23" pageNumber="324">
<emphasis bold="true" box="[199,345,1230,1256]" pageId="23" pageNumber="324">Description.</emphasis>
Morphometrics and meristics data are summarized in 
<tableCitation box="[954,1048,1231,1257]" captionStart="TABLE 8" captionStartId="27.[151,235,151,175]" captionText="TABLE 8. External measurements (in milimeters) of Centropomus species. Mean ± standard deviation/minimum-maximum (n)." pageId="23" pageNumber="324">Tables 8</tableCitation>
, 
<tableCitation box="[1061,1075,1231,1257]" captionStart="TABLE 9" captionStartId="28.[151,239,1281,1305]" captionTargetBox="[166,1395,1356,1915]" captionTargetPageId="28" captionText="TABLE 9. Ratio of external measurements as percentage standard length (SL) of Centropomus species. Mean ± standard deviation/minimum-maximum (n)." pageId="23" pageNumber="324">9</tableCitation>
and 
<tableCitation box="[1130,1158,1231,1257]" captionStart="TABLE 10" captionStartId="30.[151,239,511,535]" captionText="TABLE 10. Meristics of Centropomus species. Mean ± standard deviation/minimum-maximum (n)." pageId="23" pageNumber="324">10</tableCitation>
on the basis of 
<specimenCount pageId="23" pageNumber="324" type="generic">10 specimens</specimenCount>
, 41.4–345.0 mm TL (
<quantity box="[461,578,1267,1293]" metricMagnitude="-1" metricUnit="m" metricValue="1.934" pageId="23" pageNumber="324" unit="mm" value="193.4">193.4 mm</quantity>
average). Body slightly elongate, body height moderate, mean body height 25.9% SL (22.4%–28.6%); head moderately elongate, mean head length 38.0% SL (34.9%–41.5%); head moderately high, mean head height 23.5% SL (20.2%–28.4%); largest specimen measured 
<quantity box="[1156,1253,1338,1365]" metricMagnitude="-1" metricUnit="m" metricValue="2.85" pageId="23" pageNumber="324" unit="mm" value="285.0">285 mm</quantity>
SL. Lower jaw protractile, longer than upper jaw, extending beyond tip of snout. Snout narrow and long, mean snout length 11.4% SL (10.4%–12.7%); eye relatively small, mean orbit diameter 12.3% HL. Preoperculum heavily serrated in adults; operculum smooth, without spines, bordered by a membrane that extends beyond origin of pectoral fin; 3–6 small spines in dorsal part of operculum.
</paragraph>
<paragraph blockId="23.[151,1437,150,1942]" pageId="23" pageNumber="324">Dorsal fins separated by a small gap, not connected by membrane, first dorsal fin VIII, second dorsal fin I,11. Pectoral fin with 14–16 rays, longest ray extending beyond origin of pelvic fin. Pelvic fin I,5, longest ray usually not reaching anus. Anal fin III,7 (rarely III,8), second spine extremely long, longer than third spine, extending far beyond caudal fin origin when adpressed. Caudal fin deeply forked. Lateral line with ctenoid scales, extending onto caudal fin. Lateral line with 45–58 scales to caudal-fin base, usually 48–58; 48–62 scales extending onto end of caudal fin. Scale rows between lateral line and origin of second dorsal fin 7–10; scale rows between lateral line and origin of anal fin 10–11. 10–18 (usually 10–15) lower limb gill rakers on first arch; 15–26 (usually 15–20) gill rakers on first arch, excluding rudiments; 14–20 (usually 18–20) gill rakers on second arch, including rudiments.</paragraph>
</subSubSection>
<subSubSection pageId="23" pageNumber="324" type="distribution">
<paragraph blockId="23.[151,1437,150,1942]" pageId="23" pageNumber="324">
<emphasis bold="true" box="[199,353,1806,1832]" pageId="23" pageNumber="324">Distribution.</emphasis>
<taxonomicName authorityName="Poey" authorityYear="1860" box="[360,618,1807,1833]" class="Actinopterygii" family="Centropomidae" genus="Centropomus" kingdom="Animalia" order="Perciformes" pageId="23" pageNumber="324" phylum="Chordata" rank="species" species="ensiferus">
<emphasis box="[360,618,1807,1833]" italics="true" pageId="23" pageNumber="324">Centropomus ensiferus</emphasis>
</taxonomicName>
occurs from south Florida, Gulf of Mexico, along the Antilles, to 
<collectingRegion country="Brazil" name="Rio de Janeiro" pageId="23" pageNumber="324">Rio de Janeiro</collectingRegion>
, 
<collectingCountry box="[246,318,1843,1869]" name="Brazil" pageId="23" pageNumber="324">Brazil</collectingCountry>
. The occurrence of 
<taxonomicName authorityName="Poey" authorityYear="1860" box="[538,671,1843,1869]" class="Actinopterygii" family="Centropomidae" genus="Centropomus" kingdom="Animalia" order="Perciformes" pageId="23" pageNumber="324" phylum="Chordata" rank="species" species="ensiferus">
<emphasis box="[538,671,1843,1869]" italics="true" pageId="23" pageNumber="324">C. ensiferus</emphasis>
</taxonomicName>
in S„o Paulo indicated by 
<bibRefCitation author="Carvalho-Filho, A. &amp; De Oliveira, J. &amp; Soares, C. &amp; Araripe, J." box="[971,1287,1843,1869]" pageId="23" pageNumber="324" pagination="81 - 92" refId="ref26395" refString="Carvalho-Filho, A., De Oliveira, J., Soares, C. &amp; Araripe, J. (2019) A new species of snook, Centropomus (Teleostei: Centropomidae), from northern South America, with notes on the geographic distribution of other species of the genus. Zootaxa, 4671 (1), 81 - 92. https: // doi. org / 10.11646 / zootaxa. 4671.1.6" type="journal article" year="2019">
Carvalho-Filho 
<emphasis box="[1149,1198,1843,1869]" italics="true" pageId="23" pageNumber="324">et al</emphasis>
. (2019)
</bibRefCitation>
is erroneous, since the specimen in which that record was based (MZUSP 71557) was examined herein and identified as 
<taxonomicName authorityName="Poey" authorityYear="1860" class="Actinopterygii" family="Centropomidae" genus="Centropomus" kingdom="Animalia" order="Perciformes" pageId="23" pageNumber="324" phylum="Chordata" rank="species" species="parallelus">
<emphasis italics="true" pageId="23" pageNumber="324">C. parallelus</emphasis>
</taxonomicName>
, based on the presence of 68 scales in the lateral line (
<taxonomicName authorityName="Poey" authorityYear="1860" box="[814,948,1915,1941]" class="Actinopterygii" family="Centropomidae" genus="Centropomus" kingdom="Animalia" order="Perciformes" pageId="23" pageNumber="324" phylum="Chordata" rank="species" species="ensiferus">
<emphasis box="[814,948,1915,1941]" italics="true" pageId="23" pageNumber="324">C. ensiferus</emphasis>
</taxonomicName>
has 48–58 scales in the lateral line).
</paragraph>
</subSubSection>
</treatment>
</document>