<document ID-DOI="http://doi.org/10.5281/zenodo.4685085" ID-GBIF-Dataset="a2120d24-68fa-4774-acda-400fbcb0e9e8" ID-ISSN="1175-5326" ID-Zenodo-Dep="4685085" ID-ZooBank="84F55133-748D-4EC8-9EC5-9EC9E5088ECC" LSID="urn:lsid:zoobank.org:act:A9FDC949-20D5-45F4-A7DF-E5A889BF9ECD" _generate="added" checkinTime="1617782581144" checkinUser="plazi" docAuthor="Makarchenko, Eugenyi A., Semenchenko, Alexander A. &amp; Palatov, Dmitry M." docDate="2021" docId="261DBB48FF83FFA2758FFF2CFEDEF862" docLanguage="en" docName="zootaxa.4951.3.8.pdf" docOrigin="Zootaxa 4951 (3)" docStyle="DocumentStyle:647186512141C8FC8976D5BCC54AEB7D.6:Zootaxa.2013.journal_article" docStyleId="647186512141C8FC8976D5BCC54AEB7D" docStyleName="Zootaxa.2013.journal_article" docStyleVersion="6" docTitle="Pagastia (Pagastia) caelestomontana Oliver 1959, sp. nov." docType="treatment" docUuid="A9FDC949-20D5-45F4-A7DF-E5A889BF9ECD" docUuidSource="ZooBank" docVersion="6" lastPageId="5" lastPageNumber="564" masterDocId="DA24C330FF80FFA77518FFBBFFEBFFDF" masterDocTitle="New species and findings of Pagastia Oliver (Diptera: Chironomidae: Diamesinae) from Central Asia, with DNA barcoding of known species of the genus" masterLastPageNumber="570" masterPageNumber="559" pageId="3" pageNumber="562" updateTime="1618339006717" updateUser="ExternalLinkService" zenodo-license-document="CLOSED">
<mods:mods xmlns:mods="http://www.loc.gov/mods/v3">
<mods:titleInfo>
<mods:title>New species and findings of Pagastia Oliver (Diptera: Chironomidae: Diamesinae) from Central Asia, with DNA barcoding of known species of the genus</mods:title>
</mods:titleInfo>
<mods:name type="personal">
<mods:role>
<mods:roleTerm>Author</mods:roleTerm>
</mods:role>
<mods:namePart>Makarchenko, Eugenyi A.</mods:namePart>
<mods:nameIdentifier type="ORCID">0000-0003-2765-8729</mods:nameIdentifier>
<mods:affiliation>Federal Scientific Center of the East Asia Terrestrial Biodiversity, Far East Branch of the Russian Academy of Sciences, 100 let Vladivostoku 159, 690022 Vladivostok, Russia. makarchenko @ biosoil. ru; http: // orcid. org / 0000 - 0003 - 2765 - 8729</mods:affiliation>
<mods:nameIdentifier type="email">makarchenko@biosoil.ru</mods:nameIdentifier>
</mods:name>
<mods:name type="personal">
<mods:role>
<mods:roleTerm>Author</mods:roleTerm>
</mods:role>
<mods:namePart>Semenchenko, Alexander A.</mods:namePart>
<mods:nameIdentifier type="ORCID">0000-0001-7207-9529</mods:nameIdentifier>
<mods:affiliation>Laboratory of Ecology and Evolutionary Biology of Aquatic Organisms, Far Eastern Federal University, Suhanova St. 8, 690950 Vladivostok, Russia. semenchenko _ alexander @ mail. ru; https: // orcid. org / 0000 - 0001 - 7207 - 9529</mods:affiliation>
<mods:nameIdentifier type="email">semenchenko_alexander@mail.ru</mods:nameIdentifier>
</mods:name>
<mods:name type="personal">
<mods:role>
<mods:roleTerm>Author</mods:roleTerm>
</mods:role>
<mods:namePart>Palatov, Dmitry M.</mods:namePart>
<mods:nameIdentifier type="ORCID">0000-0002-8826-9316</mods:nameIdentifier>
<mods:affiliation>A. N. Severtsov Institute of Ecology and Evolution of the Russian Academy of Sciences, Leninskij prosp. 33, 119071 Moscow, Russia. triops @ yandex. ru; https: // orcid. org / 0000 - 0002 - 8826 - 9316</mods:affiliation>
<mods:nameIdentifier type="email">triops@yandex.ru</mods:nameIdentifier>
</mods:name>
<mods:typeOfResource>text</mods:typeOfResource>
<mods:relatedItem type="host">
<mods:titleInfo>
<mods:title>Zootaxa</mods:title>
</mods:titleInfo>
<mods:part>
<mods:date>2021</mods:date>
<mods:detail type="pubDate">
<mods:number>2021-04-07</mods:number>
</mods:detail>
<mods:detail type="volume">
<mods:number>4951</mods:number>
</mods:detail>
<mods:detail type="issue">
<mods:number>3</mods:number>
</mods:detail>
<mods:extent unit="page">
<mods:start>559</mods:start>
<mods:end>570</mods:end>
</mods:extent>
</mods:part>
</mods:relatedItem>
<mods:classification>journal article</mods:classification>
<mods:identifier type="DOI">https://doi.org/10.11646/zootaxa.4951.3.8</mods:identifier>
<mods:identifier type="GBIF-Dataset">a2120d24-68fa-4774-acda-400fbcb0e9e8</mods:identifier>
<mods:identifier type="ISSN">1175-5326</mods:identifier>
<mods:identifier type="Zenodo-Dep">4668485</mods:identifier>
<mods:identifier type="ZooBank">84F55133-748D-4EC8-9EC5-9EC9E5088ECC</mods:identifier>
</mods:mods>
<treatment ID-DOI="http://doi.org/10.5281/zenodo.4685085" ID-Zenodo-Dep="4685085" LSID="urn:lsid:zoobank.org:act:A9FDC949-20D5-45F4-A7DF-E5A889BF9ECD" httpUri="http://treatment.plazi.org/id/261DBB48FF83FFA2758FFF2CFEDEF862" lastPageId="5" lastPageNumber="564" pageId="3" pageNumber="562">
<subSubSection box="[151,1127,151,178]" pageId="3" pageNumber="562" type="nomenclature">
<paragraph blockId="3.[151,1127,151,250]" box="[151,1127,151,178]" pageId="3" pageNumber="562">
<heading bold="true" box="[151,1127,151,178]" fontSize="11" level="1" pageId="3" pageNumber="562" reason="1">
<emphasis bold="true" box="[151,1127,151,178]" pageId="3" pageNumber="562">
<taxonomicName authority="Makarchenko, Semenchenko et Palatov" authorityName="Oliver" authorityYear="1959" box="[151,1021,151,178]" class="Insecta" family="Chironomidae" genus="Pagastia" kingdom="Animalia" order="Diptera" pageId="3" pageNumber="562" phylum="Arthropoda" rank="genus" species="caelestomontana" status="sp. nov." subGenus="Pagastia">
<emphasis bold="true" box="[151,255,151,177]" italics="true" pageId="3" pageNumber="562">Pagastia</emphasis>
(
<emphasis bold="true" box="[273,291,151,177]" italics="true" pageId="3" pageNumber="562">P</emphasis>
.) 
<emphasis bold="true" box="[315,519,151,178]" italics="true" pageId="3" pageNumber="562">caelestomontana</emphasis>
Makarchenko, Semenchenko et Palatov
</taxonomicName>
, 
<taxonomicNameLabel box="[1034,1127,151,177]" pageId="3" pageNumber="562" rank="species">sp. nov.</taxonomicNameLabel>
</emphasis>
</heading>
</paragraph>
</subSubSection>
<subSubSection pageId="3" pageNumber="562" type="description">
<paragraph blockId="3.[151,1127,151,250]" box="[151,330,187,213]" pageId="3" pageNumber="562">
(
<figureCitation box="[159,266,187,213]" captionStart="FIGURES 1–7" captionStartId="4.[151,264,1710,1734]" captionTargetBox="[162,1428,201,1667]" captionTargetId="figure-24@4.[151,1436,181,1686]" captionTargetPageId="4" captionText="FIGURES 1–7. Pagastia (P.) caelestomontana sp. nov. (1–4) and P. (P.) hanseni sp. nov. (5–7), males. 1, 6, anteropronotum in dorsal view; 2, 7, aedeagal lobes; 3, 5, hypopygium in dorsal view; 4, anal point. Bl, basal lobe of gonocoxite; LAl, lateral aedeagal lobe; MAl, median aedeagal lobe TSa, transverse sternapodeme. Scale bars for figures 1, 3, 5, 6 – 200 µm, for figures 2, 4, 7 – 50 µm." figureDoi="http://doi.org/10.5281/zenodo.4668489" httpUri="https://zenodo.org/record/4668489/files/figure.png" pageId="3" pageNumber="562">Figs. 1–4</figureCitation>
, 
<figureCitation box="[279,322,187,213]" captionStart="FIGURES 8–11" captionStartId="5.[151,264,1704,1728]" captionTargetBox="[151,1435,429,1666]" captionTargetId="figure-134@5.[151,1435,417,1680]" captionTargetPageId="5" captionText="FIGURES 8–11. Pagastia (P.) caelestomontana sp. nov. (8–9) and P. (P.) hanseni sp. nov. (10–11), males. 8, 10, hypopygium in dorsal view; 9, gonostylus; 11, anal point." figureDoi="http://doi.org/10.5281/zenodo.4668491" httpUri="https://zenodo.org/record/4668491/files/figure.png" pageId="3" pageNumber="562">8–9</figureCitation>
)
</paragraph>
<paragraph blockId="3.[151,1127,151,250]" box="[151,993,223,250]" pageId="3" pageNumber="562">
<uri box="[151,993,223,250]" pageId="3" pageNumber="562">
urn:lsid:zoobank.org:act: 
<uuid box="[437,993,223,250]" pageId="3" pageNumber="562">A9FDC949-20D5-45F4-A7DF-E5A889BF9ECD</uuid>
</uri>
</paragraph>
</subSubSection>
<subSubSection pageId="3" pageNumber="562" type="reference_group">
<paragraph blockId="3.[151,880,292,346]" box="[151,730,292,316]" pageId="3" pageNumber="562">
<treatmentCitationGroup box="[151,730,292,316]" pageId="3" pageNumber="562">
<taxonomicName authorityName="Kieffer" authorityYear="1918" box="[151,272,292,316]" class="Insecta" family="Chironomidae" genus="Syndiamesa" kingdom="Animalia" order="Diptera" pageId="3" pageNumber="562" phylum="Arthropoda" rank="species" species="sp. 1">
<emphasis box="[151,272,292,316]" italics="true" pageId="3" pageNumber="562">Syndiamesa</emphasis>
</taxonomicName>
sp. 1, 
<treatmentCitation author="Kustareva, L. A. &amp; Ivanova, L. M." box="[339,653,292,316]" page="39" pageId="3" pageNumber="562" year="1980">
<bibRefCitation author="Kustareva, L. A. &amp; Ivanova, L. M." box="[339,653,292,316]" pageId="3" pageNumber="562" refId="ref8325" refString="Kustareva, L. A. &amp; Ivanova, L. M. (1980) Benthos of Issyk-Kul Lake tributaries, Frunze, Ilim, 103 p. [in Russian]" type="book" year="1980">Kustareva &amp; Ivanova 1980: 39</bibRefCitation>
</treatmentCitation>
, 
<figureCitation box="[664,726,292,316]" captionStart="FIGURES 8–11" captionStartId="5.[151,264,1704,1728]" captionTargetBox="[151,1435,429,1666]" captionTargetId="figure-134@5.[151,1435,417,1680]" captionTargetPageId="5" captionText="FIGURES 8–11. Pagastia (P.) caelestomontana sp. nov. (8–9) and P. (P.) hanseni sp. nov. (10–11), males. 8, 10, hypopygium in dorsal view; 9, gonostylus; 11, anal point." figureDoi="http://doi.org/10.5281/zenodo.4668491" httpUri="https://zenodo.org/record/4668491/files/figure.png" pageId="3" pageNumber="562">Fig. 9</figureCitation>
.
</treatmentCitationGroup>
</paragraph>
<paragraph blockId="3.[151,880,292,346]" box="[151,880,322,346]" pageId="3" pageNumber="562">
<treatmentCitationGroup box="[151,880,322,346]" pageId="3" pageNumber="562">
<taxonomicName authorityName="Oliver" authorityYear="1959" box="[151,241,323,346]" class="Insecta" family="Chironomidae" genus="Pagastia" kingdom="Animalia" order="Diptera" pageId="3" pageNumber="562" phylum="Arthropoda" rank="species" species="sp. 1">
<emphasis box="[151,241,323,346]" italics="true" pageId="3" pageNumber="562">Pagastia</emphasis>
</taxonomicName>
(
<emphasis box="[256,271,323,346]" italics="true" pageId="3" pageNumber="562">P</emphasis>
.) sp. 1 
<treatmentCitation author="Makarchenko, E. A. &amp; Makarchenko, M. A." box="[347,768,322,346]" page="175" pageId="3" pageNumber="562" year="2000">
<bibRefCitation author="Makarchenko, E. A. &amp; Makarchenko, M. A." box="[347,768,322,346]" pageId="3" pageNumber="562" pagination="171 - 176" refId="ref8565" refString="Makarchenko, E. A. &amp; Makarchenko, M. A. (2000) Revision of Pagastia Oliver, 1959 (Diptera, Chironomidae) of the Holarctic region. In: Hoffrichter, O. (Ed.), Late 20 th Century Research on Chironomidae: an Anthology from the 13 th International Symposium on Chironomidae. Shaker Verlag, Achen, pp. 171 - 176." type="book chapter" year="2000">Makarchenko &amp; Makarchenko 2000: 175</bibRefCitation>
</treatmentCitation>
, 
<figureCitation box="[779,875,322,346]" captionStart-0="FIGURES 1–7" captionStart-1="FIGURES 8–11" captionStartId-0="4.[151,264,1710,1734]" captionStartId-1="5.[151,264,1704,1728]" captionTargetBox-0="[162,1428,201,1667]" captionTargetBox-1="[151,1435,429,1666]" captionTargetId-0="figure-24@4.[151,1436,181,1686]" captionTargetId-1="figure-134@5.[151,1435,417,1680]" captionTargetPageId-0="4" captionTargetPageId-1="5" captionText-0="FIGURES 1–7. Pagastia (P.) caelestomontana sp. nov. (1–4) and P. (P.) hanseni sp. nov. (5–7), males. 1, 6, anteropronotum in dorsal view; 2, 7, aedeagal lobes; 3, 5, hypopygium in dorsal view; 4, anal point. Bl, basal lobe of gonocoxite; LAl, lateral aedeagal lobe; MAl, median aedeagal lobe TSa, transverse sternapodeme. Scale bars for figures 1, 3, 5, 6 – 200 µm, for figures 2, 4, 7 – 50 µm." captionText-1="FIGURES 8–11. Pagastia (P.) caelestomontana sp. nov. (8–9) and P. (P.) hanseni sp. nov. (10–11), males. 8, 10, hypopygium in dorsal view; 9, gonostylus; 11, anal point." figureDoi-0="http://doi.org/10.5281/zenodo.4668489" figureDoi-1="http://doi.org/10.5281/zenodo.4668491" httpUri-0="https://zenodo.org/record/4668489/files/figure.png" httpUri-1="https://zenodo.org/record/4668491/files/figure.png" pageId="3" pageNumber="562">Figs. 1–9</figureCitation>
.
</treatmentCitationGroup>
</paragraph>
</subSubSection>
<subSubSection pageId="3" pageNumber="562" type="materials_examined">
<paragraph blockId="3.[151,1437,392,1427]" pageId="3" pageNumber="562">
<emphasis bold="true" box="[151,262,392,418]" pageId="3" pageNumber="562">Material.</emphasis>
<materialsCitation collectingDate="2016-05-27" collectorName="D. Palatov." county="Ala-Archa National Park" elevation="1717" latitude="42.62905" location="Central Asia" longLatPrecision="1" longitude="74.48822" municipality="Ala-Archa River" pageId="3" pageNumber="562" specimenCount="1" typeStatus="holotype">
<typeStatus box="[271,380,392,418]" pageId="3" pageNumber="562">Holotype</typeStatus>
: adult male, 
<location LSID="urn:lsid:plazi:treatment:261DBB48FF83FFA2758FFF2CFEDEF862:AB6B5C85FF83FFA47715FE33FD76FE7D" box="[525,669,392,418]" county="Ala-Archa National Park" latitude="42.62905" longLatPrecision="1" longitude="74.48822" municipality="Ala-Archa River" name="Central Asia" pageId="3" pageNumber="562">Central Asia</location>
, 
<location LSID="urn:lsid:plazi:treatment:261DBB48FF83FFA2758FFF2CFEDEF862:AB6B5C85FF83FFA477B1FE33FCCBFE7D" box="[681,800,392,418]" county="Ala-Archa National Park" latitude="42.62905" longLatPrecision="1" longitude="74.48822" municipality="Ala-Archa River" name="Kirgizstan" pageId="3" pageNumber="562">Kirgizstan</location>
, 
<location LSID="urn:lsid:plazi:treatment:261DBB48FF83FFA2758FFF2CFEDEF862:AB6B5C85FF83FFA47635FE33FC2DFE7D" box="[813,966,392,418]" county="Ala-Archa National Park" latitude="42.62905" longLatPrecision="1" longitude="74.48822" municipality="Ala-Archa River" name="Chuy Region" pageId="3" pageNumber="562">Chuy Region</location>
, 
<location LSID="urn:lsid:plazi:treatment:261DBB48FF83FFA2758FFF2CFEDEF862:AB6B5C85FF83FFA476C9FE33FB4AFE7D" box="[977,1185,392,418]" county="Ala-Archa National Park" latitude="42.62905" longLatPrecision="1" longitude="74.48822" municipality="Ala-Archa River" name="Alamudun district" pageId="3" pageNumber="562">Alamudun district</location>
, 
<location LSID="urn:lsid:plazi:treatment:261DBB48FF83FFA2758FFF2CFEDEF862:AB6B5C85FF83FFA471B5FE32FAEBFE7C" box="[1197,1280,393,419]" county="Ala-Archa National Park" latitude="42.62905" longLatPrecision="1" longitude="74.48822" municipality="Ala-Archa River" name="Kyrgyz" pageId="3" pageNumber="562">Kyrgyz</location>
ridge of 
<location LSID="urn:lsid:plazi:treatment:261DBB48FF83FFA2758FFF2CFEDEF862:AB6B5C85FF83FFA47072FE33FEA4FE19" county="Ala-Archa National Park" latitude="42.62905" longLatPrecision="1" longitude="74.48822" municipality="Ala-Archa River" name="Tien Shan mountains" pageId="3" pageNumber="562">Tien Shan mountains</location>
, left tributary of the 
<collectingMunicipality box="[565,755,428,454]" pageId="3" pageNumber="562">Ala-Archa River</collectingMunicipality>
, 
<quantity box="[767,845,428,455]" metricMagnitude="3" metricUnit="m" metricValue="2.5" pageId="3" pageNumber="562" unit="km" value="2.5">2.5 km</quantity>
above the cordon – the checkpoint of the 
<collectingCounty pageId="3" pageNumber="562">Ala-Archa National Park</collectingCounty>
, 
<date box="[325,442,464,490]" pageId="3" pageNumber="562" value="2016-05-27">
<collectingDate box="[325,442,464,490]" pageId="3" pageNumber="562" value="2016-05-27">27.V.2016</collectingDate>
</date>
, alt. 
<elevation box="[501,778,464,491]" metricMagnitude="3" metricUnit="m" metricValue="1.7169999999999999" pageId="3" pageNumber="562" unit="m" value="1717.0">
<quantity box="[501,589,465,491]" metricMagnitude="3" metricUnit="m" metricValue="1.7169999999999999" pageId="3" pageNumber="562" unit="m" value="1717.0">1717 m</quantity>
above sea level
</elevation>
, 
<geoCoordinate box="[792,949,465,491]" degrees="42" direction="north" minutes="37.743" orientation="latitude" pageId="3" pageNumber="562" precision="1" value="42.62905">N 42°37.743’</geoCoordinate>
, 
<geoCoordinate box="[964,1118,465,491]" degrees="74" direction="east" minutes="29.293" orientation="longitude" pageId="3" pageNumber="562" precision="1" value="74.48822">E 74°29.293’</geoCoordinate>
, leg. 
<collectorName box="[1184,1311,464,491]" pageId="3" pageNumber="562">D. Palatov.</collectorName>
</materialsCitation>
<materialsCitation collectingDate="2016-05-28" collectionCode="V" collectorName="D. Palatov" county="Ala-Archa National Park" elevation="2061" latitude="42.603333" location="Karabulak River" longLatPrecision="1" longitude="74.480316" municipality="Ala-Archa River" pageId="3" pageNumber="562" specimenCount="10" specimenCount-larva="10" typeStatus="paratype">
<typeStatus box="[1320,1433,465,491]" pageId="3" pageNumber="562">Paratypes</typeStatus>
: 
<specimenCount box="[151,260,500,527]" pageId="3" pageNumber="562" type="larva">10 larvae</specimenCount>
, same data as holotype, same data as 
<typeStatus box="[701,799,500,526]" pageId="3" pageNumber="562">holotype</typeStatus>
except 
<collectingMunicipality box="[890,1080,500,526]" pageId="3" pageNumber="562">Ala-Archa River</collectingMunicipality>
at the confluence of the 
<location LSID="urn:lsid:plazi:treatment:261DBB48FF83FFA2758FFF2CFEDEF862:AB6B5C85FF83FFA47045FE4EFEF5FDED" latitude="42.603333" longLatPrecision="1" longitude="74.480316" municipality="Ala-Archa River" name="Karabulak River" pageId="3" pageNumber="562">Karabulak River</location>
, 
<date box="[300,416,536,562]" pageId="3" pageNumber="562" value="2016-05-28">
<collectingDate box="[300,416,536,562]" pageId="3" pageNumber="562" value="2016-05-28">
28. 
<collectionCode box="[332,353,536,562]" country="Canada" lsid="urn:lsid:biocol.org:col:13946" name="Royal British Columbia Museum - Herbarium" pageId="3" pageNumber="562" type="Museum">V</collectionCode>
.2016
</collectingDate>
</date>
, alt. 
<elevation box="[474,748,536,563]" metricMagnitude="3" metricUnit="m" metricValue="2.061" pageId="3" pageNumber="562" unit="m" value="2061.0">
<quantity box="[474,561,536,563]" metricMagnitude="3" metricUnit="m" metricValue="2.061" pageId="3" pageNumber="562" unit="m" value="2061.0">2061 m</quantity>
above sea level
</elevation>
, 
<geoCoordinate box="[761,918,536,563]" degrees="42" direction="north" minutes="36.200" orientation="latitude" pageId="3" pageNumber="562" precision="1" value="42.603333">N 42°36.200’</geoCoordinate>
, 
<geoCoordinate box="[932,1086,537,563]" degrees="74" direction="east" minutes="28.819" orientation="longitude" pageId="3" pageNumber="562" precision="1" value="74.480316">E 74°28.819’</geoCoordinate>
, leg. 
<collectorName box="[1150,1274,536,563]" pageId="3" pageNumber="562">D. Palatov</collectorName>
</materialsCitation>
; 
<specimenCount box="[1287,1366,536,563]" pageId="3" pageNumber="562" type="adult">1 adult</specimenCount>
male, 
<materialsCitation collectingDate="2016-06-12" collectionCode="VI" collectorName="D. Palatov" county="Kirgizstan" elevation="2801" latitude="42.318066" location="Talas district" longLatPrecision="1" longitude="73.09617" municipality="Talas Region" pageId="3" pageNumber="562" specimenCount="4" specimenCount-larva="4" typeStatus="paratype">
<specimenCount box="[151,245,572,599]" pageId="3" pageNumber="562" type="larva">4 larvae</specimenCount>
, 
<collectingCounty box="[259,378,572,598]" pageId="3" pageNumber="562">Kirgizstan</collectingCounty>
, 
<collectingMunicipality box="[391,543,572,598]" pageId="3" pageNumber="562">Talas Region</collectingMunicipality>
, 
<location LSID="urn:lsid:plazi:treatment:261DBB48FF83FFA2758FFF2CFEDEF862:AB6B5C85FF83FFA47733FD87FD2BFD89" box="[555,704,572,598]" county="Kirgizstan" latitude="42.318066" longLatPrecision="1" longitude="73.09617" municipality="Talas Region" name="Talas district" pageId="3" pageNumber="562">Talas district</location>
, 
<location LSID="urn:lsid:plazi:treatment:261DBB48FF83FFA2758FFF2CFEDEF862:AB6B5C85FF83FFA477D5FD87FCBDFD89" box="[717,854,572,598]" county="Kirgizstan" latitude="42.318066" longLatPrecision="1" longitude="73.09617" municipality="Talas Region" name="Talas valley" pageId="3" pageNumber="562">Talas valley</location>
, 
<location LSID="urn:lsid:plazi:treatment:261DBB48FF83FFA2758FFF2CFEDEF862:AB6B5C85FF83FFA4767CFD87FC1CFD89" box="[868,1015,572,598]" county="Kirgizstan" latitude="42.318066" longLatPrecision="1" longitude="73.09617" municipality="Talas Region" name="Otmek River" pageId="3" pageNumber="562">Otmek River</location>
(left source), under the 
<location LSID="urn:lsid:plazi:treatment:261DBB48FF83FFA2758FFF2CFEDEF862:AB6B5C85FF83FFA47008FD87FAB7FD89" box="[1296,1372,572,598]" county="Kirgizstan" latitude="42.318066" longLatPrecision="1" longitude="73.09617" municipality="Talas Region" name="Otmek" pageId="3" pageNumber="562">Otmek</location>
pass, 
<date box="[151,282,608,634]" pageId="3" pageNumber="562" value="2016-06-12">
<collectingDate box="[151,282,608,634]" pageId="3" pageNumber="562" value="2016-06-12">
12. 
<collectionCode box="[183,216,608,634]" country="Norway" name="Mykotektet, National Veterinary Institute" pageId="3" pageNumber="562">VI</collectionCode>
.2016
</collectingDate>
</date>
. alt. 
<elevation box="[335,601,608,635]" metricMagnitude="3" metricUnit="m" metricValue="2.801" pageId="3" pageNumber="562" unit="m" value="2801.0">
<quantity box="[335,420,609,635]" metricMagnitude="3" metricUnit="m" metricValue="2.801" pageId="3" pageNumber="562" unit="m" value="2801.0">2801 m</quantity>
above sea level
</elevation>
, 
<geoCoordinate box="[613,768,609,635]" degrees="42" direction="north" minutes="19.084" orientation="latitude" pageId="3" pageNumber="562" precision="1" value="42.318066">N 42°19.084’</geoCoordinate>
, 
<geoCoordinate box="[780,932,608,635]" degrees="73" direction="east" minutes="05.770" orientation="longitude" pageId="3" pageNumber="562" precision="1" value="73.09617">E 73°05.770’</geoCoordinate>
, leg. 
<collectorName box="[992,1115,608,635]" pageId="3" pageNumber="562">D. Palatov</collectorName>
</materialsCitation>
; 
<materialsCitation collectingDate="1984-08-20" collectorName="N. Petrova." county="Kirgizstan" location="Turgen River" municipality="Zailiyskiy Alatau" pageId="3" pageNumber="562" specimenCount="18" specimenCount-larva="18" typeStatus="paratype">
<specimenCount box="[1126,1232,608,635]" pageId="3" pageNumber="562" type="larva">18 larvae</specimenCount>
, 
<collectingCounty box="[1244,1363,608,634]" pageId="3" pageNumber="562">Kirgizstan</collectingCounty>
, 
<collectingMunicipality pageId="3" pageNumber="562">Zailiyskiy Alatau</collectingMunicipality>
, 
<location LSID="urn:lsid:plazi:treatment:261DBB48FF83FFA2758FFF2CFEDEF862:AB6B5C85FF83FFA4742FFD3EFE3BFD41" box="[311,464,644,671]" county="Kirgizstan" municipality="Zailiyskiy Alatau" name="Turgen River" pageId="3" pageNumber="562">Turgen River</location>
, 
<date box="[478,626,645,671]" pageId="3" pageNumber="562" value="1984-08-20">
<collectingDate box="[478,626,645,671]" pageId="3" pageNumber="562" value="1984-08-20">20.VIII.1984</collectingDate>
</date>
, leg. 
<collectorName box="[691,822,645,671]" pageId="3" pageNumber="562">N. Petrova.</collectorName>
</materialsCitation>
<materialsCitation collectingDate="2016-07-03" collectorName="D. Palatov." country="Tajikistan" county="Autonomous Region" elevation="2025" latitude="37.924885" location="Bartang River" longLatPrecision="1" longitude="71.60305" municipality="Rushanskiy District" pageId="3" pageNumber="562" specimenCount="3" specimenCount-larva="3" stateProvince="Kuhistoni Badakhshon" typeStatus="paratype">
<specimenCount box="[831,925,644,671]" pageId="3" pageNumber="562" type="larva">3 larvae</specimenCount>
, 
<collectingCountry box="[939,1052,644,670]" name="Tajikistan" pageId="3" pageNumber="562">Tajikistan</collectingCountry>
, 
<collectingRegion box="[1066,1284,644,670]" country="Tajikistan" name="Kuhistoni Badakhshon" pageId="3" pageNumber="562">Gorno-Badakhshan</collectingRegion>
<collectingCounty pageId="3" pageNumber="562">Autonomous Region</collectingCounty>
, 
<collectingMunicipality box="[246,471,680,706]" pageId="3" pageNumber="562">Rushanskiy District</collectingMunicipality>
, spring in front of the mouth of the 
<location LSID="urn:lsid:plazi:treatment:261DBB48FF83FFA2758FFF2CFEDEF862:AB6B5C85FF83FFA4767FFD12FBECFD1D" box="[871,1031,680,707]" country="Tajikistan" county="Autonomous Region" latitude="37.924885" longLatPrecision="1" longitude="71.60305" municipality="Rushanskiy District" name="Bartang River" pageId="3" pageNumber="562" stateProvince="Kuhistoni Badakhshon">Bartang River</location>
, 
<date box="[1042,1181,680,706]" pageId="3" pageNumber="562" value="2016-07-03">
<collectingDate box="[1042,1181,680,706]" pageId="3" pageNumber="562" value="2016-07-03">03.VII.2016</collectingDate>
</date>
, alt. 
<elevation metricMagnitude="3" metricUnit="m" metricValue="2.025" pageId="3" pageNumber="562" unit="m" value="2025.0">
<quantity box="[1235,1320,680,707]" metricMagnitude="3" metricUnit="m" metricValue="2.025" pageId="3" pageNumber="562" unit="m" value="2025.0">2025 m</quantity>
above sea level
</elevation>
, 
<geoCoordinate box="[220,374,716,743]" degrees="37" direction="north" minutes="55.493" orientation="latitude" pageId="3" pageNumber="562" precision="1" value="37.924885">N 37°55.493’</geoCoordinate>
, 
<geoCoordinate box="[393,546,716,743]" degrees="71" direction="east" minutes="36.183" orientation="longitude" pageId="3" pageNumber="562" precision="1" value="71.60305">E 71°36.183’</geoCoordinate>
, leg. 
<collectorName box="[605,729,716,743]" pageId="3" pageNumber="562">D. Palatov.</collectorName>
</materialsCitation>
</paragraph>
</subSubSection>
<subSubSection pageId="3" pageNumber="562" type="etymology">
<paragraph blockId="3.[151,1437,392,1427]" pageId="3" pageNumber="562">
<emphasis bold="true" box="[199,421,752,778]" pageId="3" pageNumber="562">Derivatio nominis.</emphasis>
From name of Tien-Shan mountains where was collected 
<typeStatus box="[1087,1135,753,779]" pageId="3" pageNumber="562">type</typeStatus>
material of a new species. Tien-Shan mountains in Chinese means &quot;celestial mountains&quot; and in Latin celestial is mean 
<emphasis box="[1208,1311,788,814]" italics="true" pageId="3" pageNumber="562">caelestis,</emphasis>
mountains – 
<emphasis box="[172,281,825,850]" italics="true" pageId="3" pageNumber="562">montanus</emphasis>
.
</paragraph>
<paragraph blockId="3.[151,1437,392,1427]" box="[199,416,860,887]" pageId="3" pageNumber="562">
<emphasis bold="true" box="[199,326,860,887]" italics="true" pageId="3" pageNumber="562">Adult male</emphasis>
(n = 1).
</paragraph>
</subSubSection>
<subSubSection pageId="3" pageNumber="562" type="description">
<paragraph blockId="3.[151,1437,392,1427]" box="[199,778,896,923]" pageId="3" pageNumber="562">
Total length 
<quantity box="[340,429,896,923]" metricMagnitude="-3" metricUnit="m" metricValue="4.5" pageId="3" pageNumber="562" unit="mm" value="4.5">4.5 mm</quantity>
. Total length/wing length 1.01.
</paragraph>
<paragraph blockId="3.[151,1437,392,1427]" pageId="3" pageNumber="562">Coloration. Head, thorax (except scutellum), legs, and abdomen brown to dark brown; antennae light brown; scutellum gray; wings greyish.</paragraph>
<paragraph blockId="3.[151,1437,392,1427]" pageId="3" pageNumber="562">
Head. Eyes bare and strongly extended dorsomedially. Temporal setae 29–34, including 4 coronals, 20 preoculars, 5–6 verticals, and 13 postorbitals. Clypeus with 42 setae. Antenna with 13 flagellomeres and well developed plume, these setae 840–1040 μm long; pedicel with 4 setae 38–40 μm long; terminal flagellomere with 1 subapical setae 56 μm long. AR 2.21. Palpomeres lengths (in μm): 112; 132; 200; 284; 340. Palpomere 
<quantity box="[1214,1258,1112,1139]" metricMagnitude="-2" metricUnit="m" metricValue="7.62" pageId="3" pageNumber="562" unit="in" value="3.0">3 in</quantity>
distal part with sensilla capitata (diameter 20 μm). Palpomeres 1–5 length/head width 1.21.
</paragraph>
<paragraph blockId="3.[151,1437,392,1427]" pageId="3" pageNumber="562">
Thorax. Antepronotum with 4–5 dorsomedial and 12–18 ventrolateral setae. Acrostichals 15 (in middle part of mesonotum), dorsocentrals 26 (in 1–2 rows, in middle part), prealars 20–24 (in 2 groups), scutellars 
<emphasis box="[1276,1302,1221,1246]" italics="true" pageId="3" pageNumber="562">ca</emphasis>
60.
</paragraph>
<paragraph blockId="3.[151,1437,392,1427]" pageId="3" pageNumber="562">
Wing. Length 
<quantity box="[360,463,1257,1283]" metricMagnitude="-3" metricUnit="m" metricValue="4.44" pageId="3" pageNumber="562" unit="mm" value="4.44">4.44 mm</quantity>
; width 
<quantity box="[545,648,1257,1283]" metricMagnitude="-3" metricUnit="m" metricValue="1.14" pageId="3" pageNumber="562" unit="mm" value="1.14">1.14 mm</quantity>
. Membrane without setae. R and R 
<subScript attach="left" box="[1040,1048,1275,1289]" fontSize="6" pageId="3" pageNumber="562">1</subScript>
with 39–40 setae; R 
<subScript attach="left" box="[1277,1303,1275,1289]" fontSize="6" pageId="3" pageNumber="562">4+5</subScript>
with 15–16 setae. Costa extension 56 μm long. RM length/MCu length 2.83–3.2. Anal lobe well developed and protrude for- ward, rounded. Squama with 39–40 setae 100–180 μm long, in 1–2 rows. VR 0.85.
</paragraph>
<paragraph blockId="3.[151,1437,392,1427]" pageId="3" pageNumber="562">
Legs. Spur of fore tibia 112 μm long; spurs of mid tibia 80 μm; of hind tibia 124 μm and 84 μm long. Hind tibial comb with 16 setae. Lengths and proportions of leg segments as in 
<tableCitation box="[904,988,1400,1427]" captionStart="TABLE 1" captionStartId="3.[151,239,1474,1498]" captionTargetPageId="3" captionText="TABLE 1. Lengths (in µm) and proportions of leg segments of Pagastia (P.) caelestomontana sp. nov., male (n=1)." pageId="3" pageNumber="562">Table 1</tableCitation>
.
</paragraph>
<caption box="[151,1387,1474,1499]" pageId="3" pageNumber="562" startId="3.[151,239,1474,1498]" targetBox="[166,1383,1514,1665]" targetIsTable="true" targetPageId="3">
<paragraph blockId="3.[151,1387,1474,1499]" box="[151,1387,1474,1499]" pageId="3" pageNumber="562">
<emphasis bold="true" box="[151,266,1474,1498]" pageId="3" pageNumber="562">TABLE 1.</emphasis>
Lengths (in µm) and proportions of leg segments of 
<taxonomicName authority="Makarchenko &amp; Semenchenko &amp; Palatov, 2021" authorityName="Makarchenko &amp; Semenchenko &amp; Palatov" authorityYear="2021" box="[831,1158,1474,1498]" class="Insecta" family="Chironomidae" genus="Pagastia" kingdom="Animalia" order="Diptera" pageId="3" pageNumber="562" phylum="Arthropoda" rank="species" species="caelestomontana" status="sp. nov." subGenus="Pagastia">
<emphasis box="[831,1158,1474,1498]" italics="true" pageId="3" pageNumber="562">Pagastia (P.) caelestomontana</emphasis>
</taxonomicName>
<emphasis bold="true" box="[1164,1249,1474,1498]" pageId="3" pageNumber="562">
<taxonomicNameLabel box="[1164,1249,1474,1498]" pageId="3" pageNumber="562" rank="species">sp. nov.</taxonomicNameLabel>
</emphasis>
, male (n=1).
</paragraph>
</caption>
<paragraph pageId="3" pageNumber="562">
<table box="[166,1383,1514,1665]" colsContinueIn="6.[166,1385,1273,1424]" gridcols="12" gridrows="4" pageId="3" pageNumber="562">
<tr box="[166,1383,1514,1545]" gridrow="0" pageId="3" pageNumber="562" rowspan-0="1">
<td box="[255,306,1514,1545]" gridcol="1" gridrow="0" pageId="3" pageNumber="562">fe</td>
<td box="[381,432,1514,1545]" gridcol="2" gridrow="0" pageId="3" pageNumber="562">ti</td>
<td box="[506,557,1514,1545]" gridcol="3" gridrow="0" pageId="3" pageNumber="562">ta1</td>
<td box="[632,670,1514,1545]" gridcol="4" gridrow="0" pageId="3" pageNumber="562">ta2</td>
<td box="[734,772,1514,1545]" gridcol="5" gridrow="0" pageId="3" pageNumber="562">ta3</td>
<td box="[837,875,1514,1545]" gridcol="6" gridrow="0" pageId="3" pageNumber="562">ta4</td>
<td box="[939,977,1514,1545]" gridcol="7" gridrow="0" pageId="3" pageNumber="562">ta5</td>
<td box="[1042,1086,1514,1545]" gridcol="8" gridrow="0" pageId="3" pageNumber="562">LR</td>
<td box="[1144,1188,1514,1545]" gridcol="9" gridrow="0" pageId="3" pageNumber="562">BV</td>
<td box="[1247,1291,1514,1545]" gridcol="10" gridrow="0" pageId="3" pageNumber="562">SV</td>
<td box="[1349,1383,1514,1545]" gridcol="11" gridrow="0" pageId="3" pageNumber="562">BR</td>
</tr>
<tr box="[166,1383,1555,1584]" gridrow="1" pageId="3" pageNumber="562">
<td box="[166,187,1555,1584]" gridcol="0" gridrow="1" pageId="3" pageNumber="562">P1</td>
<td box="[255,306,1555,1584]" gridcol="1" gridrow="1" pageId="3" pageNumber="562">1600</td>
<td box="[381,432,1555,1584]" gridcol="2" gridrow="1" pageId="3" pageNumber="562">1840</td>
<td box="[506,557,1555,1584]" gridcol="3" gridrow="1" pageId="3" pageNumber="562">1320</td>
<td box="[632,670,1555,1584]" gridcol="4" gridrow="1" pageId="3" pageNumber="562">760</td>
<td box="[734,772,1555,1584]" gridcol="5" gridrow="1" pageId="3" pageNumber="562">480</td>
<td box="[837,875,1555,1584]" gridcol="6" gridrow="1" pageId="3" pageNumber="562">260</td>
<td box="[939,977,1555,1584]" gridcol="7" gridrow="1" pageId="3" pageNumber="562">200</td>
<td box="[1042,1086,1555,1584]" gridcol="8" gridrow="1" pageId="3" pageNumber="562">0.72</td>
<td box="[1144,1188,1555,1584]" gridcol="9" gridrow="1" pageId="3" pageNumber="562">2.80</td>
<td box="[1247,1291,1555,1584]" gridcol="10" gridrow="1" pageId="3" pageNumber="562">2.61</td>
<td box="[1349,1383,1555,1584]" gridcol="11" gridrow="1" pageId="3" pageNumber="562">2.7</td>
</tr>
<tr box="[166,1383,1595,1625]" gridrow="2" pageId="3" pageNumber="562">
<td box="[166,187,1595,1625]" gridcol="0" gridrow="2" pageId="3" pageNumber="562">P2</td>
<td box="[255,306,1595,1625]" gridcol="1" gridrow="2" pageId="3" pageNumber="562">1640</td>
<td box="[381,432,1595,1625]" gridcol="2" gridrow="2" pageId="3" pageNumber="562">1720</td>
<td box="[506,557,1595,1625]" gridcol="3" gridrow="2" pageId="3" pageNumber="562">940</td>
<td box="[632,670,1595,1625]" gridcol="4" gridrow="2" pageId="3" pageNumber="562">520</td>
<td box="[734,772,1595,1625]" gridcol="5" gridrow="2" pageId="3" pageNumber="562">340</td>
<td box="[837,875,1595,1625]" gridcol="6" gridrow="2" pageId="3" pageNumber="562">200</td>
<td box="[939,977,1595,1625]" gridcol="7" gridrow="2" pageId="3" pageNumber="562">180</td>
<td box="[1042,1086,1595,1625]" gridcol="8" gridrow="2" pageId="3" pageNumber="562">0.55</td>
<td box="[1144,1188,1595,1625]" gridcol="9" gridrow="2" pageId="3" pageNumber="562">3.47</td>
<td box="[1247,1291,1595,1625]" gridcol="10" gridrow="2" pageId="3" pageNumber="562">3.57</td>
<td box="[1349,1383,1595,1625]" gridcol="11" gridrow="2" pageId="3" pageNumber="562">3.3</td>
</tr>
<tr box="[166,1383,1635,1665]" gridrow="3" pageId="3" pageNumber="562">
<td box="[166,187,1635,1665]" gridcol="0" gridrow="3" pageId="3" pageNumber="562">P3</td>
<td box="[255,306,1635,1665]" gridcol="1" gridrow="3" pageId="3" pageNumber="562">1600</td>
<td box="[381,432,1635,1665]" gridcol="2" gridrow="3" pageId="3" pageNumber="562">2180</td>
<td box="[506,557,1635,1665]" gridcol="3" gridrow="3" pageId="3" pageNumber="562">1320</td>
<td box="[632,670,1635,1665]" gridcol="4" gridrow="3" pageId="3" pageNumber="562">680</td>
<td box="[734,772,1635,1665]" gridcol="5" gridrow="3" pageId="3" pageNumber="562">440</td>
<td box="[837,875,1635,1665]" gridcol="6" gridrow="3" pageId="3" pageNumber="562">240</td>
<td box="[939,977,1635,1665]" gridcol="7" gridrow="3" pageId="3" pageNumber="562">180</td>
<td box="[1042,1086,1635,1665]" gridcol="8" gridrow="3" pageId="3" pageNumber="562">0.52</td>
<td box="[1144,1188,1635,1665]" gridcol="9" gridrow="3" pageId="3" pageNumber="562">3.31</td>
<td box="[1247,1291,1635,1665]" gridcol="10" gridrow="3" pageId="3" pageNumber="562">2.86</td>
<td box="[1349,1383,1635,1665]" gridcol="11" gridrow="3" pageId="3" pageNumber="562">3.2</td>
</tr>
</table>
</paragraph>
<paragraph blockId="3.[151,1436,1707,2021]" pageId="3" pageNumber="562">
Hypopygium (
<figureCitation box="[364,474,1707,1733]" captionStart="FIGURES 1–7" captionStartId="4.[151,264,1710,1734]" captionTargetBox="[162,1428,201,1667]" captionTargetId="figure-24@4.[151,1436,181,1686]" captionTargetPageId="4" captionText="FIGURES 1–7. Pagastia (P.) caelestomontana sp. nov. (1–4) and P. (P.) hanseni sp. nov. (5–7), males. 1, 6, anteropronotum in dorsal view; 2, 7, aedeagal lobes; 3, 5, hypopygium in dorsal view; 4, anal point. Bl, basal lobe of gonocoxite; LAl, lateral aedeagal lobe; MAl, median aedeagal lobe TSa, transverse sternapodeme. Scale bars for figures 1, 3, 5, 6 – 200 µm, for figures 2, 4, 7 – 50 µm." figureDoi="http://doi.org/10.5281/zenodo.4668489" httpUri="https://zenodo.org/record/4668489/files/figure.png" pageId="3" pageNumber="562">Figs. 2–4</figureCitation>
, 
<figureCitation box="[487,533,1707,1733]" captionStart="FIGURES 8–11" captionStartId="5.[151,264,1704,1728]" captionTargetBox="[151,1435,429,1666]" captionTargetId="figure-134@5.[151,1435,417,1680]" captionTargetPageId="5" captionText="FIGURES 8–11. Pagastia (P.) caelestomontana sp. nov. (8–9) and P. (P.) hanseni sp. nov. (10–11), males. 8, 10, hypopygium in dorsal view; 9, gonostylus; 11, anal point." figureDoi="http://doi.org/10.5281/zenodo.4668491" httpUri="https://zenodo.org/record/4668491/files/figure.png" pageId="3" pageNumber="562">8–9</figureCitation>
). Tergite IX with 18–24 setae on each side and with an anal point 80 μm long, apically with peg 28 μm long. Tergite IX laterally from anal point on each side with rounded small lobe (
<figureCitation box="[1352,1423,1743,1769]" captionStart="FIGURES 1–7" captionStartId="4.[151,264,1710,1734]" captionTargetBox="[162,1428,201,1667]" captionTargetId="figure-24@4.[151,1436,181,1686]" captionTargetPageId="4" captionText="FIGURES 1–7. Pagastia (P.) caelestomontana sp. nov. (1–4) and P. (P.) hanseni sp. nov. (5–7), males. 1, 6, anteropronotum in dorsal view; 2, 7, aedeagal lobes; 3, 5, hypopygium in dorsal view; 4, anal point. Bl, basal lobe of gonocoxite; LAl, lateral aedeagal lobe; MAl, median aedeagal lobe TSa, transverse sternapodeme. Scale bars for figures 1, 3, 5, 6 – 200 µm, for figures 2, 4, 7 – 50 µm." figureDoi="http://doi.org/10.5281/zenodo.4668489" httpUri="https://zenodo.org/record/4668489/files/figure.png" pageId="3" pageNumber="562">Fig. 4</figureCitation>
). Laterosternite IX with 14–16 setae. Transverse sternapodeme trapezoidal, 312 μm long. Phallapodeme 52–56 μm long. Gonocoxite 292 μm long, basal lobe large, angular, with long setae along outer margin and with 2 setae at in- ner part (
<figureCitation box="[254,333,1851,1877]" captionStart="FIGURES 1–7" captionStartId="4.[151,264,1710,1734]" captionTargetBox="[162,1428,201,1667]" captionTargetId="figure-24@4.[151,1436,181,1686]" captionTargetPageId="4" captionText="FIGURES 1–7. Pagastia (P.) caelestomontana sp. nov. (1–4) and P. (P.) hanseni sp. nov. (5–7), males. 1, 6, anteropronotum in dorsal view; 2, 7, aedeagal lobes; 3, 5, hypopygium in dorsal view; 4, anal point. Bl, basal lobe of gonocoxite; LAl, lateral aedeagal lobe; MAl, median aedeagal lobe TSa, transverse sternapodeme. Scale bars for figures 1, 3, 5, 6 – 200 µm, for figures 2, 4, 7 – 50 µm." figureDoi="http://doi.org/10.5281/zenodo.4668489" httpUri="https://zenodo.org/record/4668489/files/figure.png" pageId="3" pageNumber="562">Figs. 3</figureCitation>
, 
<figureCitation box="[347,363,1851,1877]" captionStart="FIGURES 8–11" captionStartId="5.[151,264,1704,1728]" captionTargetBox="[151,1435,429,1666]" captionTargetId="figure-134@5.[151,1435,417,1680]" captionTargetPageId="5" captionText="FIGURES 8–11. Pagastia (P.) caelestomontana sp. nov. (8–9) and P. (P.) hanseni sp. nov. (10–11), males. 8, 10, hypopygium in dorsal view; 9, gonostylus; 11, anal point." figureDoi="http://doi.org/10.5281/zenodo.4668491" httpUri="https://zenodo.org/record/4668491/files/figure.png" pageId="3" pageNumber="562">8</figureCitation>
). Median aedeagal lobe 80–88 μm long, wedge-shaped and with toothed apex; lateral aedeagal lobe narrow, 156–164 μm long (
<figureCitation box="[510,579,1887,1913]" captionStart="FIGURES 1–7" captionStartId="4.[151,264,1710,1734]" captionTargetBox="[162,1428,201,1667]" captionTargetId="figure-24@4.[151,1436,181,1686]" captionTargetPageId="4" captionText="FIGURES 1–7. Pagastia (P.) caelestomontana sp. nov. (1–4) and P. (P.) hanseni sp. nov. (5–7), males. 1, 6, anteropronotum in dorsal view; 2, 7, aedeagal lobes; 3, 5, hypopygium in dorsal view; 4, anal point. Bl, basal lobe of gonocoxite; LAl, lateral aedeagal lobe; MAl, median aedeagal lobe TSa, transverse sternapodeme. Scale bars for figures 1, 3, 5, 6 – 200 µm, for figures 2, 4, 7 – 50 µm." figureDoi="http://doi.org/10.5281/zenodo.4668489" httpUri="https://zenodo.org/record/4668489/files/figure.png" pageId="3" pageNumber="562">Fig. 2</figureCitation>
). Gonostylus 252–256 μm long, massive, with a rounded or rounded-angular protrusion basally along the outer edge, with megaseta 20 μm long. HR 1.14–1.16.
</paragraph>
<paragraph blockId="3.[151,1436,1707,2021]" box="[199,379,1959,1985]" pageId="3" pageNumber="562">
<emphasis bold="true" box="[199,260,1959,1985]" italics="true" pageId="3" pageNumber="562">Pupa</emphasis>
unknown.
</paragraph>
</subSubSection>
<subSubSection box="[199,1154,1995,2021]" pageId="3" pageNumber="562" type="reference_group">
<paragraph blockId="3.[151,1436,1707,2021]" box="[199,1154,1995,2021]" pageId="3" pageNumber="562">
<emphasis bold="true" box="[199,267,1995,2021]" italics="true" pageId="3" pageNumber="562">Larva</emphasis>
was described as 
<taxonomicName authorityName="Oliver" authorityYear="1959" box="[470,570,1996,2021]" class="Insecta" family="Chironomidae" genus="Pagastia" kingdom="Animalia" order="Diptera" pageId="3" pageNumber="562" phylum="Arthropoda" rank="species" species="sp. 1">
<emphasis box="[470,570,1996,2021]" italics="true" pageId="3" pageNumber="562">Pagastia</emphasis>
</taxonomicName>
(
<emphasis box="[586,603,1996,2021]" italics="true" pageId="3" pageNumber="562">P</emphasis>
.) sp. 1 by 
<bibRefCitation author="Makarchenko, E. A. &amp; Makarchenko, M. A." box="[721,1150,1995,2021]" pageId="3" pageNumber="562" pagination="171 - 176" refId="ref8565" refString="Makarchenko, E. A. &amp; Makarchenko, M. A. (2000) Revision of Pagastia Oliver, 1959 (Diptera, Chironomidae) of the Holarctic region. In: Hoffrichter, O. (Ed.), Late 20 th Century Research on Chironomidae: an Anthology from the 13 th International Symposium on Chironomidae. Shaker Verlag, Achen, pp. 171 - 176." type="book chapter" year="2000">Makarchenko &amp; Makarchenko (2000)</bibRefCitation>
.
</paragraph>
</subSubSection>
<caption ID-DOI="http://doi.org/10.5281/zenodo.4668489" ID-Zenodo-Dep="4668489" httpUri="https://zenodo.org/record/4668489/files/figure.png" pageId="4" pageNumber="563" startId="4.[151,264,1710,1734]" targetBox="[162,1428,201,1667]" targetPageId="4">
<paragraph blockId="4.[151,1436,1710,1843]" pageId="4" pageNumber="563">
<emphasis bold="true" box="[151,315,1710,1734]" pageId="4" pageNumber="563">FIGURES 1–7.</emphasis>
<taxonomicName authority="Makarchenko &amp; Semenchenko &amp; Palatov, 2021" authorityName="Makarchenko &amp; Semenchenko &amp; Palatov" authorityYear="2021" box="[322,637,1710,1734]" class="Insecta" family="Chironomidae" genus="Pagastia" kingdom="Animalia" order="Diptera" pageId="4" pageNumber="562" phylum="Arthropoda" rank="species" species="caelestomontana" status="sp. nov." subGenus="Pagastia">
<emphasis box="[322,412,1711,1734]" italics="true" pageId="4" pageNumber="563">Pagastia</emphasis>
(
<emphasis box="[427,442,1711,1734]" italics="true" pageId="4" pageNumber="563">P</emphasis>
.) 
<emphasis box="[465,637,1710,1734]" italics="true" pageId="4" pageNumber="563">caelestomontana</emphasis>
</taxonomicName>
<emphasis bold="true" box="[643,724,1710,1734]" pageId="4" pageNumber="563">
<taxonomicNameLabel box="[643,724,1710,1734]" pageId="4" pageNumber="563" rank="species">sp. nov.</taxonomicNameLabel>
</emphasis>
(1–4) and 
<taxonomicName authority="Makarchenko &amp; Semenchenko &amp; Palatov, 2021" authorityName="Makarchenko &amp; Semenchenko &amp; Palatov" authorityYear="2021" box="[837,987,1710,1734]" class="Insecta" family="Chironomidae" genus="Pagastia" kingdom="Animalia" order="Diptera" pageId="4" pageNumber="563" phylum="Arthropoda" rank="species" species="hanseni" status="sp. nov." subGenus="Pagastia">
<emphasis box="[837,852,1711,1734]" italics="true" pageId="4" pageNumber="563">P</emphasis>
. (
<emphasis box="[874,894,1711,1734]" italics="true" pageId="4" pageNumber="563">P.</emphasis>
) 
<emphasis box="[908,987,1710,1734]" italics="true" pageId="4" pageNumber="563">hanseni</emphasis>
</taxonomicName>
<emphasis bold="true" box="[994,1075,1710,1734]" pageId="4" pageNumber="563">
<taxonomicNameLabel box="[994,1075,1710,1734]" pageId="4" pageNumber="563" rank="species">sp. nov.</taxonomicNameLabel>
</emphasis>
(5–7), males. 
<emphasis bold="true" box="[1223,1268,1710,1734]" pageId="4" pageNumber="563">1, 6,</emphasis>
anteropronotum in dorsal view; 
<emphasis bold="true" box="[311,356,1746,1770]" pageId="4" pageNumber="563">2, 7,</emphasis>
aedeagal lobes; 
<emphasis bold="true" box="[527,573,1746,1770]" pageId="4" pageNumber="563">3, 5,</emphasis>
hypopygium in dorsal view; 
<emphasis bold="true" box="[874,893,1746,1770]" pageId="4" pageNumber="563">4,</emphasis>
anal point. Bl, basal lobe of gonocoxite; LAl, lateral aedeagal lobe; MAl, median aedeagal lobe TSa, transverse sternapodeme. Scale bars for figures 1, 3, 5, 6 – 200 µm, for figures 2, 4, 7 – 50 µm.
</paragraph>
</caption>
<subSubSection lastPageId="5" lastPageNumber="564" pageId="4" pageNumber="563" type="diagnosis">
<paragraph blockId="4.[151,1437,1888,2023]" lastBlockId="5.[151,1436,151,393]" lastPageId="5" lastPageNumber="564" pageId="4" pageNumber="563">
<emphasis bold="true" box="[199,322,1888,1914]" pageId="4" pageNumber="563">Diagnosis.</emphasis>
The male of this new species is most closely related to 
<taxonomicName authority="Makarchenko &amp; Semenchenko &amp; Palatov, 2021" authorityName="Makarchenko &amp; Semenchenko &amp; Palatov" authorityYear="2021" box="[940,1103,1888,1915]" class="Insecta" family="Chironomidae" genus="Pagastia" kingdom="Animalia" order="Diptera" pageId="4" pageNumber="567" phylum="Arthropoda" rank="species" species="hanseni" status="sp. nov." subGenus="Pagastia">
<emphasis box="[940,961,1889,1914]" italics="true" pageId="4" pageNumber="563">P.</emphasis>
(
<emphasis box="[976,993,1889,1914]" italics="true" pageId="4" pageNumber="563">P</emphasis>
.) 
<emphasis box="[1016,1103,1888,1914]" italics="true" pageId="4" pageNumber="563">hanseni</emphasis>
</taxonomicName>
<emphasis bold="true" box="[1110,1199,1889,1915]" pageId="4" pageNumber="563">
<taxonomicNameLabel box="[1110,1199,1889,1915]" pageId="4" pageNumber="563" rank="species">sp. nov.</taxonomicNameLabel>
</emphasis>
and can be separated in the following features: antepronotum with dorsomedial and ventrolateral setae; clypeus with 42 setae; AR 2.21; Dc 26 (in 1–2 rows), Pa 20–24; basal lobe of gonocoxite large and angular, median aedeagal lobe wedge-shaped and with toothed apex, lateral aedeagal lobe 156–164 μm long, gonostylus massive and with rounded or rounded- angular protrusion basally along the outer edge. The male of 
<taxonomicName authority="Makarchenko &amp; Semenchenko &amp; Palatov, 2021" authorityName="Makarchenko &amp; Semenchenko &amp; Palatov" authorityYear="2021" box="[836,1000,151,177]" class="Insecta" family="Chironomidae" genus="Pagastia" kingdom="Animalia" order="Diptera" pageId="5" pageNumber="567" phylum="Arthropoda" rank="species" species="hanseni" status="sp. nov." subGenus="Pagastia">
<emphasis box="[836,857,151,176]" italics="true" pageId="5" pageNumber="564">P.</emphasis>
(
<emphasis box="[873,890,151,176]" italics="true" pageId="5" pageNumber="564">P</emphasis>
.) 
<emphasis box="[913,1000,151,177]" italics="true" pageId="5" pageNumber="564">hanseni</emphasis>
</taxonomicName>
<emphasis bold="true" box="[1008,1098,151,177]" pageId="5" pageNumber="564">
<taxonomicNameLabel box="[1008,1098,151,177]" pageId="5" pageNumber="564" rank="species">sp. nov.</taxonomicNameLabel>
</emphasis>
has antepronotum completely covered with setae; clypeus with 
<emphasis box="[521,547,187,212]" italics="true" pageId="5" pageNumber="564">ca</emphasis>
90 setae; AR 3.80; Dc 53–54 (in 2–4 rows), Pa 47–50; basal lobe of gonocoxite middle-sized and rounded, median aedeagal lobe wedge-shaped and with fingerlike apex, lateral aedeagal lobe 132–140 μm long; gonostylus slender, almost straight, of same thickness, sometimes slightly widened at the base, slightly curved apically. The larva of 
<emphasis box="[561,582,295,320]" italics="true" pageId="5" pageNumber="564">P.</emphasis>
<taxonomicName authority="Makarchenko &amp; Semenchenko &amp; Palatov, 2021" authorityName="Makarchenko &amp; Semenchenko &amp; Palatov" authorityYear="2021" box="[587,826,295,321]" class="Insecta" family="Chironomidae" genus="Pagastia" kingdom="Animalia" order="Diptera" pageId="5" pageNumber="564" phylum="Arthropoda" rank="species" species="caelestomontana" status="sp. nov." subGenus="Pagastia">
(
<emphasis box="[597,614,295,320]" italics="true" pageId="5" pageNumber="564">P</emphasis>
.) 
<emphasis box="[636,826,295,321]" italics="true" pageId="5" pageNumber="564">caelestomontana</emphasis>
</taxonomicName>
<emphasis bold="true" box="[831,919,295,321]" pageId="5" pageNumber="564">
<taxonomicNameLabel box="[831,919,295,321]" pageId="5" pageNumber="564" rank="species">sp. nov.</taxonomicNameLabel>
</emphasis>
differs from all known species by the presence on the head capsule dorsal and dorsolateral dark markings (
<bibRefCitation author="Makarchenko, E. A. &amp; Makarchenko, M. A." box="[809,1219,331,357]" pageId="5" pageNumber="564" pagination="171 - 176" refId="ref8565" refString="Makarchenko, E. A. &amp; Makarchenko, M. A. (2000) Revision of Pagastia Oliver, 1959 (Diptera, Chironomidae) of the Holarctic region. In: Hoffrichter, O. (Ed.), Late 20 th Century Research on Chironomidae: an Anthology from the 13 th International Symposium on Chironomidae. Shaker Verlag, Achen, pp. 171 - 176." type="book chapter" year="2000">Makarchenko &amp; Makarchenko 2000</bibRefCitation>
, 
<figureCitation box="[1229,1326,331,357]" captionStart="FIGURES 8–11" captionStartId="5.[151,264,1704,1728]" captionTargetBox="[151,1435,429,1666]" captionTargetId="figure-134@5.[151,1435,417,1680]" captionTargetPageId="5" captionText="FIGURES 8–11. Pagastia (P.) caelestomontana sp. nov. (8–9) and P. (P.) hanseni sp. nov. (10–11), males. 8, 10, hypopygium in dorsal view; 9, gonostylus; 11, anal point." figureDoi="http://doi.org/10.5281/zenodo.4668491" httpUri="https://zenodo.org/record/4668491/files/figure.png" pageId="5" pageNumber="564">Fig. 8–9</figureCitation>
). See also key above and results of DNA barcoding.
</paragraph>
</subSubSection>
<caption ID-DOI="http://doi.org/10.5281/zenodo.4668491" ID-Zenodo-Dep="4668491" httpUri="https://zenodo.org/record/4668491/files/figure.png" pageId="5" pageNumber="564" startId="5.[151,264,1704,1728]" targetBox="[151,1435,429,1666]" targetPageId="5">
<paragraph blockId="5.[151,1436,1704,1764]" pageId="5" pageNumber="564">
<emphasis bold="true" box="[151,326,1704,1728]" pageId="5" pageNumber="564">FIGURES 8–11.</emphasis>
<taxonomicName authority="Makarchenko &amp; Semenchenko &amp; Palatov, 2021" authorityName="Makarchenko &amp; Semenchenko &amp; Palatov" authorityYear="2021" box="[332,645,1704,1728]" class="Insecta" family="Chironomidae" genus="Pagastia" kingdom="Animalia" order="Diptera" pageId="5" pageNumber="562" phylum="Arthropoda" rank="species" species="caelestomontana" status="sp. nov." subGenus="Pagastia">
<emphasis box="[332,422,1705,1728]" italics="true" pageId="5" pageNumber="564">Pagastia</emphasis>
(
<emphasis box="[436,451,1705,1728]" italics="true" pageId="5" pageNumber="564">P</emphasis>
.) 
<emphasis box="[473,645,1704,1728]" italics="true" pageId="5" pageNumber="564">caelestomontana</emphasis>
</taxonomicName>
<emphasis bold="true" box="[650,731,1704,1728]" pageId="5" pageNumber="564">
<taxonomicNameLabel box="[650,731,1704,1728]" pageId="5" pageNumber="564" rank="species">sp. nov.</taxonomicNameLabel>
</emphasis>
(8–9) and 
<taxonomicName authority="Makarchenko &amp; Semenchenko &amp; Palatov, 2021" authorityName="Makarchenko &amp; Semenchenko &amp; Palatov" authorityYear="2021" box="[841,989,1704,1728]" class="Insecta" family="Chironomidae" genus="Pagastia" kingdom="Animalia" order="Diptera" pageId="5" pageNumber="564" phylum="Arthropoda" rank="species" species="hanseni" status="sp. nov." subGenus="Pagastia">
<emphasis box="[841,856,1705,1728]" italics="true" pageId="5" pageNumber="564">P</emphasis>
. (
<emphasis box="[877,897,1705,1728]" italics="true" pageId="5" pageNumber="564">P.</emphasis>
) 
<emphasis box="[910,989,1704,1728]" italics="true" pageId="5" pageNumber="564">hanseni</emphasis>
</taxonomicName>
<emphasis bold="true" box="[995,1075,1704,1728]" pageId="5" pageNumber="564">
<taxonomicNameLabel box="[995,1075,1704,1728]" pageId="5" pageNumber="564" rank="species">sp. nov.</taxonomicNameLabel>
</emphasis>
(10–11), males. 
<emphasis bold="true" box="[1245,1302,1704,1728]" pageId="5" pageNumber="564">8, 10,</emphasis>
hypopygium in dorsal view; 
<emphasis bold="true" box="[308,328,1740,1764]" pageId="5" pageNumber="564">9,</emphasis>
gonostylus; 
<emphasis bold="true" box="[457,487,1740,1764]" pageId="5" pageNumber="564">11,</emphasis>
anal point.
</paragraph>
</caption>
<subSubSection pageId="5" pageNumber="564" type="biology_ecology">
<paragraph blockId="5.[151,1436,1810,1981]" pageId="5" pageNumber="564">
<emphasis bold="true" box="[199,300,1810,1836]" pageId="5" pageNumber="564">Ecology.</emphasis>
Larvae were collected from stones and bowlders covered with algae and moss in mountain rivers, located at an altitude of 
<quantity box="[428,585,1846,1873]" metricMagnitude="3" metricUnit="m" metricValue="2.259" metricValueMax="2.801" metricValueMin="1.7169999999999999" pageId="5" pageNumber="564" unit="m" value="2259.0" valueMax="2801.0" valueMin="1717.0">1717–2801 m</quantity>
, at a flow rate of 
<quantity box="[780,895,1846,1872]" metricMagnitude="-1" metricUnit="m" metricValue="5.5" metricValueMax="8.0" metricValueMin="3.0" pageId="5" pageNumber="564" unit="m" value="0.55" valueMax="0.8" valueMin="0.3">0.3–0.8 m</quantity>
/s, with water temperature 
<emphasis box="[1192,1218,1847,1872]" italics="true" pageId="5" pageNumber="564">ca</emphasis>
12°C and in spring at an altitude of 
<quantity box="[340,428,1882,1909]" metricMagnitude="3" metricUnit="m" metricValue="2.025" pageId="5" pageNumber="564" unit="m" value="2025.0">2025 m</quantity>
.
</paragraph>
</subSubSection>
<subSubSection pageId="5" pageNumber="564" type="distribution">
<paragraph blockId="5.[151,1436,1810,1981]" pageId="5" pageNumber="564">
<emphasis bold="true" box="[199,353,1918,1944]" pageId="5" pageNumber="564">Distribution.</emphasis>
Known only from the 
<typeStatus box="[604,652,1919,1945]" pageId="5" pageNumber="564">type</typeStatus>
locality in Tien Shan and Pamir Mountains (Kirgizstan and 
<collectingCountry box="[1317,1429,1918,1945]" name="Tajikistan" pageId="5" pageNumber="564">Tajikistan</collectingCountry>
) (
<figureCitation box="[159,296,1954,1981]" captionStart="FIGURES 12–15" captionStartId="7.[151,264,1495,1519]" captionTargetBox="[151,1435,194,1457]" captionTargetId="figure-18@7.[151,1435,181,1471]" captionTargetPageId="7" captionText="FIGURES 12–15. Type localities of Pagastia (P.) caelestomontana sp. nov. (12), P. (P.) hanseni sp. nov. (13), and P. (P.) aff. lanceolata (Tokunaga) (14–15). 12, Otmek River, Talas district, Kirgizstan (photo by E.S. Chertoprud); 13, Soktosh River, Gorno-Badakhshan Autonomous Region, Roshtqal’a District, Tajikistan (photo by D.M. Palatov); 14, Tuzumtaikul River, Gorno- Badakhshan Autonomous Region, Shughnon District, Tajikistan (photo by M.V. Vinarski); 15, spring in front of the mouth of the Bartang River, Gorno-Badakhshan Autonomous Region, Rushanskiy District, Tajikistan (photo by M.V. Vinarski)." figureDoi="http://doi.org/10.5281/zenodo.4668493" httpUri="https://zenodo.org/record/4668493/files/figure.png" pageId="5" pageNumber="564">Figs. 12, 15</figureCitation>
).
</paragraph>
</subSubSection>
</treatment>
</document>