<document ID-DOI="http://doi.org/10.5281/zenodo.4474399" ID-GBIF-Dataset="1e6b9c6c-c1ae-43ed-8417-70324a727566" ID-ISSN="1175-5326" ID-Zenodo-Dep="4474399" ID-ZooBank="3FEF9EA2-B755-4B22-8B6A-FAFC5C0FFCDF" _generate="added" approvalRequired="80" approvalRequired_for_bibRefs="2" approvalRequired_for_illustrations="40" approvalRequired_for_taxonomicNames="30" approvalRequired_for_treatments="8" checkinTime="1611651206508" checkinUser="plazi" docAuthor="Gill, Anthony C., Pogonoski, John J., Moore, Glenn I. &amp; Johnson, Jeffrey W." docDate="2021" docId="335587B2C41B1C41FF28F81AFEEEFEC4" docLanguage="en" docName="zootaxa.4918.1.1.pdf" docOrigin="Zootaxa 4918 (1)" docStyle="DocumentStyle:5EBBA59367AD13919D70D935FA04F6A3.5:Zootaxa.2013.monograph" docStyleId="5EBBA59367AD13919D70D935FA04F6A3" docStyleName="Zootaxa.2013.monograph" docStyleVersion="5" docTitle="Plectranthias longimanus Weber 1913" docType="treatment" docVersion="8" lastPageId="79" lastPageNumber="79" masterDocId="CF6CFFCAC4571C0EFFBFFA70FFE5FFD9" masterDocTitle="Review of Australian species of Plectranthias Bleeker and Selenanthias Tanaka (Teleostei: Serranidae: Anthiadinae), with descriptions of four new species" masterLastPageNumber="116" masterPageNumber="1" pageId="76" pageNumber="77" updateTime="1611781754199" updateUser="ExternalLinkService">
<mods:mods xmlns:mods="http://www.loc.gov/mods/v3">
<mods:titleInfo>
<mods:title>Review of Australian species of Plectranthias Bleeker and Selenanthias Tanaka (Teleostei: Serranidae: Anthiadinae), with descriptions of four new species</mods:title>
</mods:titleInfo>
<mods:name type="personal">
<mods:role>
<mods:roleTerm>Author</mods:roleTerm>
</mods:role>
<mods:namePart>Gill, Anthony C.</mods:namePart>
<mods:nameIdentifier type="ORCID">0000-0002-8990-3657</mods:nameIdentifier>
<mods:nameIdentifier type="email">anthony.c.gill@sydney.edu.au</mods:nameIdentifier>
</mods:name>
<mods:name type="personal">
<mods:role>
<mods:roleTerm>Author</mods:roleTerm>
</mods:role>
<mods:namePart>Pogonoski, John J.</mods:namePart>
<mods:nameIdentifier type="ORCID">0000-0002-4878-3919</mods:nameIdentifier>
<mods:nameIdentifier type="email">john.pogonoski@csiro.au</mods:nameIdentifier>
</mods:name>
<mods:name type="personal">
<mods:role>
<mods:roleTerm>Author</mods:roleTerm>
</mods:role>
<mods:namePart>Moore, Glenn I.</mods:namePart>
<mods:nameIdentifier type="ORCID">0000-0003-2413-5260</mods:nameIdentifier>
<mods:nameIdentifier type="email">moore@museum.wa.gov.au</mods:nameIdentifier>
</mods:name>
<mods:name type="personal">
<mods:role>
<mods:roleTerm>Author</mods:roleTerm>
</mods:role>
<mods:namePart>Johnson, Jeffrey W.</mods:namePart>
<mods:nameIdentifier type="ORCID">0000-0002-8990-3657</mods:nameIdentifier>
<mods:nameIdentifier type="email">anthony.c.gill@sydney.edu.au</mods:nameIdentifier>
</mods:name>
<mods:typeOfResource>text</mods:typeOfResource>
<mods:relatedItem type="host">
<mods:titleInfo>
<mods:title>Zootaxa</mods:title>
</mods:titleInfo>
<mods:part>
<mods:date>2021</mods:date>
<mods:detail type="pubDate">
<mods:number>2021-01-26</mods:number>
</mods:detail>
<mods:detail type="volume">
<mods:number>4918</mods:number>
</mods:detail>
<mods:detail type="issue">
<mods:number>1</mods:number>
</mods:detail>
<mods:extent unit="page">
<mods:start>1</mods:start>
<mods:end>116</mods:end>
</mods:extent>
</mods:part>
</mods:relatedItem>
<mods:classification>journal article</mods:classification>
<mods:identifier type="DOI">https://doi.org/10.11646/zootaxa.4918.1.1</mods:identifier>
<mods:identifier type="GBIF-Dataset">1e6b9c6c-c1ae-43ed-8417-70324a727566</mods:identifier>
<mods:identifier type="ISSN">1175-5326</mods:identifier>
<mods:identifier type="Zenodo-Dep">4471922</mods:identifier>
<mods:identifier type="ZooBank">3FEF9EA2-B755-4B22-8B6A-FAFC5C0FFCDF</mods:identifier>
</mods:mods>
<treatment ID-DOI="http://doi.org/10.5281/zenodo.4474399" ID-Zenodo-Dep="4474399" LSID="urn:lsid:plazi:treatment:335587B2C41B1C41FF28F81AFEEEFEC4" httpUri="http://treatment.plazi.org/id/335587B2C41B1C41FF28F81AFEEEFEC4" lastPageId="79" lastPageNumber="79" pageId="76" pageNumber="77">
<subSubSection box="[151,573,618,645]" pageId="76" pageNumber="77" type="nomenclature">
<paragraph blockId="76.[151,599,618,717]" box="[151,573,618,645]" pageId="76" pageNumber="77">
<heading bold="true" box="[151,573,618,645]" fontSize="11" level="2" pageId="76" pageNumber="77" reason="4">
<taxonomicName authority="(Weber)" baseAuthorityName="Weber" baseAuthorityYear="1913" box="[151,573,618,645]" class="Actinopterygii" family="Serranidae" genus="Plectranthias" kingdom="Animalia" order="Perciformes" pageId="76" pageNumber="77" phylum="Chordata" rank="species" species="longimanus">
<emphasis bold="true" box="[151,573,618,645]" pageId="76" pageNumber="77">
<emphasis bold="true" box="[151,463,618,645]" italics="true" pageId="76" pageNumber="77">Plectranthias longimanus</emphasis>
(Weber)
</emphasis>
</taxonomicName>
</heading>
</paragraph>
</subSubSection>
<subSubSection box="[151,599,654,681]" pageId="76" pageNumber="77" type="description">
<paragraph blockId="76.[151,599,618,717]" box="[151,599,654,681]" pageId="76" pageNumber="77">
<figureCitation box="[151,278,655,681]" captionStart="FIGURE 3" captionStartId="6.[151,250,1831,1855]" captionTargetBox="[151,1436,181,1807]" captionTargetId="figure-21@6.[151,1436,181,1807]" captionTargetPageId="6" captionText="FIGURE 3. Lower part of left cheek in ventrolateral view showing serrations on interopercle (IOP), preopercle (POP) and subopercle (SOP) in: A) Plectranthias longimanus, WAM P.28534-021, 22.8 mm SL (note that mouth is open); B) P. nanus, WAM P.28541-039, 24.3 mm SL. Dotted line shows junction between interopercle and subopercle; arrows indicate antrorse serrations on preopercle; scale bars = 2 mm. Illustrations by A.C. Gill." figureDoi="http://doi.org/10.5281/zenodo.4471928" httpUri="https://zenodo.org/record/4471928/files/figure.png" pageId="76" pageNumber="77">Figures 3A</figureCitation>
, 
<figureCitation box="[290,325,654,681]" captionStart="FIGURE 5" captionStartId="7.[151,250,1865,1889]" captionTargetBox="[180,1407,1030,1841]" captionTargetId="figure-60@7.[180,1407,1030,1841]" captionTargetPageId="7" captionText="FIGURE 5. Caudal skeletons of A) Plectranthias inermis, AMS I.45300-250, 28.0 mm SL, showing autogenous hypurals 1 and 2; B) P. longimanus, AMS I.22613-052, 20.3 mm SL, showing undifferentiated hypurals 1 and 2. Abbreviations: EP1–3, epurals 1–3; HSP, haemal spines; HYP1–5, hypurals 1 through 5; HYPAP, hypurapophysis; NSP, neural spines; PARHYP, parhypural; PU2–3, preural centrum 2 and 3; UR, uroneural. Cartilage shown in dark grey; arrows indicate outer principal caudal rays; scale bars = 1 mm. Illustrations by A.C. Gill." figureDoi="http://doi.org/10.5281/zenodo.4471932" httpUri="https://zenodo.org/record/4471932/files/figure.png" pageId="76" pageNumber="77">5B</figureCitation>
, 
<figureCitation box="[337,410,655,681]" captionStart-0="FIGURE 31" captionStart-1="FIGURE 32" captionStartId-0="77.[151,250,1957,1981]" captionStartId-1="78.[151,250,1153,1177]" captionTargetBox-0="[179,1408,345,1934]" captionTargetBox-1="[155,1432,185,1127]" captionTargetId-0="figure-100@77.[179,1408,345,1934]" captionTargetId-1="figure-21@78.[151,1436,181,1130]" captionTargetPageId-0="77" captionTargetPageId-1="78" captionText-0="FIGURE 31. Plectranthias longimanus: A) aquarium specimen (not retained); B) NTM S.11373-034, 25.4 mm SL, preserved, east of Sandy Islet, Scott Reef, Western Australia. Photos by Y.K. Tea (A) and A.C. Gill (B)." captionText-1="FIGURE 32. Australian distribution records for Plectranthias longimanus (closed circles) and P. maculicauda (open circles)." figureDoi-0="http://doi.org/10.5281/zenodo.4471989" figureDoi-1="http://doi.org/10.5281/zenodo.4471991" httpUri-0="https://zenodo.org/record/4471989/files/figure.png" httpUri-1="https://zenodo.org/record/4471991/files/figure.png" pageId="76" pageNumber="77">31–32</figureCitation>
; 
<tableCitation box="[421,559,655,681]" captionStart-0="TABLE 1" captionStart-1="TABLE 2" captionStart-10="TABLE 11" captionStart-11="TABLE 12" captionStart-12="TABLE 13" captionStart-13="TABLE 14" captionStart-14="TABLE 15" captionStart-15="TABLE 16" captionStart-2="TABLE 3" captionStart-3="TABLE 4" captionStart-4="TABLE 5" captionStart-5="TABLE 6" captionStart-6="TABLE 7" captionStart-7="TABLE 8" captionStart-8="TABLE 9" captionStart-9="TABLE 10" captionStartId-0="8.[151,239,520,546]" captionStartId-1="9.[151,239,566,592]" captionStartId-10="20.[151,239,540,566]" captionStartId-11="21.[151,239,542,568]" captionStartId-12="22.[151,239,484,510]" captionStartId-13="24.[151,239,462,488]" captionStartId-14="26.[151,239,559,585]" captionStartId-15="27.[151,239,486,512]" captionStartId-2="10.[151,239,538,564]" captionStartId-3="11.[151,239,558,584]" captionStartId-4="12.[151,239,538,564]" captionStartId-5="13.[151,239,487,513]" captionStartId-6="14.[151,239,151,175]" captionStartId-7="15.[151,239,522,548]" captionStartId-8="17.[151,239,519,545]" captionStartId-9="19.[151,239,872,896]" captionText-0="TABLE 1. Frequency distributions for counts of dorsal, anal and pectoral rays of Australian Plectranthias and Selenanthias species. Frequencies are based on examined specimens. Frequencies for pectoral rays include bilateral counts. “L” indicates additional variation noted in literature on each species. Data for S. analis based on Australian specimens only." captionText-1="TABLE 2. Frequency distributions for counts of caudal rays of Australian Plectranthias and Selenanthias species. Data for S. analis based on Australian specimens only." captionText-10="TABLE 11. Summary of fin characters of Australian Plectranthias and Selenanthias species. Data for S. analis based on Australian specimens only. Caudal ray counts are presented as upper procurrent + upper principal + lower principal + lower procurrent = total rays." captionText-11="TABLE 12. Summary of body squamation characters for Australian species of Plectranthias and Selenanthias. Data for S. analis based on Australian specimens only." captionText-12="TABLE 13. Summary of selected head squamation characters for Australian species of Plectranthias and Selenanthias. Data for S. analis based on Australian specimens only." captionText-13="TABLE 14. Summary of gill-raker counts and selected osteological characters for Australian species of Plectranthias and Selenanthias. Data for S. analis based on Australian specimens only." captionText-14="TABLE 15. Summary of head serration characters for Australian species of Plectranthias and Selenanthias. Data for S. analis based on Australian specimens only." captionText-15="TABLE 16. Distribution and known depth ranges for Australian species of Plectranthias and Selenanthias. Data for Plectranthias species are from Allen &amp; Walsh (2015: tab. 1), supplemented with new observations." captionText-2="TABLE 3. Frequency distributions for counts of upper and lower gill rakers of Australian Plectranthias and Selenanthias species. “L” indicates additional variation noted in literature on each species. Data for S. analis based on Australian specimens only." captionText-3="TABLE 4. Frequency distributions for counts of total gill rakers of Australian Plectranthias and Selenanthias species. “L” indicates additional variation noted in literature on each species. Data for S. analis based on Australian specimens only." captionText-4="TABLE 5. Vertebral counts for Australian Plectranthias and Selenanthias species. “L” indicates additional variation noted in literature on each species. Data for S. analis based on Australian specimens only." captionText-5="TABLE 6. Supraneural and dorsal pterygiophore insertion patterns for Australian Plectranthias and Selenanthias species." captionText-6="TABLE 7. Position of terminal dorsal and anal pterygiophores in interneural and interhaemal spaces for Australian Plectranthias and Selenanthias species." captionText-7="TABLE 8. Frequency distributions for counts of tubed lateral-line scales of Australian Plectranthias and Selenanthias species. Frequencies are based on examined specimens and include bilateral counts. Where series are interrupted in P. inermis, P. fourmanoiri and P. winniensis, counts are of the anterior series of tubed scales. “L” indicates additional variation noted in literature on each species. Data for S. analis based only on Australian specimens." captionText-8="TABLE 9. Frequency distributions for counts of scales above and below the lateral line for Australian Plectranthias and Selenanthias species. Frequencies include bilateral counts. Data for S. analis based only on Australian specimens." captionText-9="TABLE 10. Frequency distributions for counts of circumpeduncular scales for Australian Plectranthias and Selenanthias species. Data for S. analis based only on Australian specimens." pageId="76" pageNumber="77">Tables 1–16</tableCitation>
, 
<tableCitation box="[571,599,655,681]" captionStart="TABLE 24" captionStartId="60.[151,239,613,639]" captionText="TABLE 24. Morphometric values for examined specimens of Plectranthias fourmanoiri, P. inermis, P. longimanus, P. nanus and P. winniensis expressed as percentages of SL." pageId="76" pageNumber="77">24</tableCitation>
</paragraph>
</subSubSection>
<subSubSection box="[151,527,691,717]" pageId="76" pageNumber="77" type="vernacular_names">
<paragraph blockId="76.[151,599,618,717]" box="[151,527,691,717]" pageId="76" pageNumber="77">Common name: Longfin Perchlet</paragraph>
</subSubSection>
<subSubSection pageId="76" pageNumber="77" type="reference_group">
<paragraph blockId="76.[151,1437,759,875]" box="[151,1126,759,783]" pageId="76" pageNumber="77">
<treatmentCitationGroup box="[151,1126,759,783]" pageId="76" pageNumber="77">
<taxonomicName authority="Weber 1913: 209" authorityName="Weber" authorityPageNumber="209" authorityYear="1913" box="[151,576,759,783]" genus="Pteranthias" kingdom="Animalia" pageId="76" pageNumber="77" rank="species" species="longimanus">
<treatmentCitation author="Weber, M." box="[151,576,759,783]" page="209" pageId="76" pageNumber="77" year="1913">
<emphasis box="[151,394,759,783]" italics="true" pageId="76" pageNumber="77">Pteranthias longimanus</emphasis>
<materialsCitation box="[400,576,759,783]" country="Indonesia" location="Paternoster Islands" pageId="76" pageNumber="77" specimenCount="1">
<bibRefCitation author="Weber, M." box="[400,576,759,783]" pageId="76" pageNumber="77" pagination="1 - 12" refId="ref75919" refString="Weber, M. (1913) Die Fische der Siboga-Expedition. E. J. Brill, Leiden, pp. i-xii + 1 - 710, pls. 1 - 12." type="book chapter" year="1913">Weber 1913: 209</bibRefCitation>
</materialsCitation>
</treatmentCitation>
</taxonomicName>
, fig. 54 (
<typeStatus box="[666,711,759,783]" pageId="76" pageNumber="77">type</typeStatus>
locality: 
<location LSID="urn:lsid:plazi:treatment:335587B2C41B1C41FF28F81AFEEEFEC4:BE23607FC41B1C42FC98F888FC0CFCD6" box="[807,1001,759,783]" country="Indonesia" name="Paternoster Islands" pageId="76" pageNumber="77">Paternoster Islands</location>
, 
<collectingCountry box="[1012,1115,759,783]" name="Indonesia" pageId="76" pageNumber="77">Indonesia</collectingCountry>
).
</treatmentCitationGroup>
</paragraph>
<paragraph blockId="76.[151,1437,759,875]" pageId="76" pageNumber="77">
<treatmentCitationGroup pageId="76" pageNumber="77">
<taxonomicName baseAuthorityName="Weber" baseAuthorityYear="1913" box="[151,413,790,814]" class="Actinopterygii" family="Serranidae" genus="Plectranthias" kingdom="Animalia" order="Perciformes" pageId="76" pageNumber="77" phylum="Chordata" rank="species" species="longimanus">
<emphasis box="[151,413,790,814]" italics="true" pageId="76" pageNumber="77">Plectranthias longimanus</emphasis>
</taxonomicName>
.— 
<bibRefCitation author="Allen, G. R. &amp; Russell, B. C." box="[443,705,790,814]" pageId="76" pageNumber="77" pagination="75 - 103" refId="ref69772" refString="Allen, G. R. &amp; Russell, B. C. (1986) Faunal survey of the Rowley Shoals, Scott Reef and Seringapatam Reef, north-western Australia. Part VII. Fishes. Records of the Western Australian Museum Supplement, 25, 75 - 103." type="journal article" year="1986">
<treatmentCitation author="Allen, G. R. &amp; Russell, B. C." box="[443,705,790,814]" page="85" pageId="76" pageNumber="77" year="1986">Allen &amp; Russell 1986: 85</treatmentCitation>
</bibRefCitation>
(checklist, Scott Reef).— 
<bibRefCitation author="Paxton, J. R. &amp; Hoese, D. F. &amp; Allen, G. R. &amp; Hanley, J. E." box="[970,1209,790,814]" pageId="76" pageNumber="77" refId="ref73693" refString="Paxton, J. R., Hoese, D. F., Allen, G. R. &amp; Hanley, J. E. (1989) Zoological Catalogue of Australia. Volume 7. Pisces: Petromyzontidae to Carangidae. Australian Government Publishing Service, Canberra, 665 pp." type="book" year="1989">
<treatmentCitation author="Paxton, J. R. &amp; Hoese, D. F. &amp; Allen, G. R. &amp; Hanley, J. E." box="[970,1209,790,814]" page="507" pageId="76" pageNumber="77" year="1989">
Paxton 
<emphasis box="[1049,1100,790,814]" italics="true" pageId="76" pageNumber="77">et al.</emphasis>
1989: 507
</treatmentCitation>
</bibRefCitation>
(checklist).— 
<bibRefCitation author="Allen, G. R. &amp; Hoese, D. F. &amp; Cross, N. J. &amp; Bray, D. J." pageId="76" pageNumber="77" pagination="982 - 997" refId="ref69597" refString="Allen, G. R., Hoese, D. F., Cross, N. J. &amp; Bray, D. J. (2006) Anthiinae. Basslets, seaperches. In: Beesley, P. L. &amp; Wells, A., Zoological Catalogue of Australia. Vol. 35. Fishes. Part 2. ABRS &amp; CSIRO Publishing, Collingwood, pp. 982 - 997." type="book chapter" year="2006">
<treatmentCitation author="Allen, G. R. &amp; Hoese, D. F. &amp; Cross, N. J. &amp; Bray, D. J." page="990" pageId="76" pageNumber="77" year="2006">
Allen 
<emphasis italics="true" pageId="76" pageNumber="77">et al.</emphasis>
2006: 990
</treatmentCitation>
</bibRefCitation>
(checklist).— 
<bibRefCitation author="Moore, G. I. &amp; Morrison, S. M. &amp; Hutchins, J. B. &amp; Allen, G. R. &amp; Sampey, A." box="[475,708,820,845]" pageId="76" pageNumber="77" pagination="161 - 204" refId="ref73193" refString="Moore, G. I., Morrison, S. M., Hutchins, J. B., Allen, G. R. &amp; Sampey, A. (2014) Kimberley marine biota. Historical data: fishes. Records of the Western Australian Museum Supplement, 84, 161 - 204. https: // doi. org / 10.18195 / issn. 0313 - 122 x. 84.2014.161 - 206" type="journal article" year="2014">
<treatmentCitation author="Moore, G. I. &amp; Morrison, S. M. &amp; Hutchins, J. B. &amp; Allen, G. R. &amp; Sampey, A." box="[475,708,820,845]" page="182" pageId="76" pageNumber="77" year="2014">
Moore 
<emphasis box="[551,601,820,844]" italics="true" pageId="76" pageNumber="77">et al.</emphasis>
2014: 182
</treatmentCitation>
</bibRefCitation>
(checklist).— 
<bibRefCitation author="Anderson, W. D. Jr" box="[850,1046,820,845]" pageId="76" pageNumber="77" pagination="1 - 62" refId="ref70044" refString="Anderson, W. D. Jr (2018) Annotated checklist of anthiadine fishes (Percoidei: Serranidae). Zootaxa, 4475 (1), 1 - 62. https: // doi. org / 10.11646 / zootaxa. 4475.1.1" type="journal article" year="2018">
<treatmentCitation author="Anderson, W. D. Jr" box="[850,1046,820,845]" httpUri="http://treatment.plazi.org/id/03FC347CFFD3FFC8FF5AFCDDBF8EFB27" page="30" pageId="76" pageNumber="77" year="2018">Anderson 2018: 30</treatmentCitation>
</bibRefCitation>
(checklist).— 
<bibRefCitation author="Parenti, P. &amp; Randall, J. E." pageId="76" pageNumber="77" pagination="1 - 170" refId="ref73460" refString="Parenti, P. &amp; Randall, J. E. (2020) An annotated checklist of the fishes of the family Serranidae of the world with description of two new related families of fishes. FishTaxa, 15, 1 - 170." type="journal article" year="2020">
<treatmentCitation author="Parenti, P. &amp; Randall, J. E." page="26" pageId="76" pageNumber="77" year="2020">Parenti &amp; Randall 2020: 26</treatmentCitation>
</bibRefCitation>
(checklist). — 
<bibRefCitation author="Moore, G. I. &amp; Morrison, S. M. &amp; Johnson, J. W." box="[376,562,851,875]" pageId="76" pageNumber="77" pagination="105 - 115" refId="ref73270" refString="Moore, G. I., Morrison, S. M. &amp; Johnson, J. W. (2020) The distribution of shallow marine fishes of the Kimberley, Western Australia, based on a long-term dataset and multiple methods. Records of the Western Australian Museum Supplement, 85, 105 - 115, appendix tab. 1. https: // doi. org / 10.18195 / issn. 0313 - 122 x. 85.2020.105 - 115" type="journal article" year="2020">
Moore 
<emphasis box="[450,501,851,875]" italics="true" pageId="76" pageNumber="77">et al.</emphasis>
2020
</bibRefCitation>
: appendix 1 (checklist).
</treatmentCitationGroup>
</paragraph>
</subSubSection>
<subSubSection pageId="76" pageNumber="77" type="diagnosis">
<paragraph blockId="76.[151,1437,921,2028]" pageId="76" pageNumber="77">
<emphasis bold="true" box="[151,274,921,947]" pageId="76" pageNumber="77">Diagnosis.</emphasis>
The following combination of characters distinguishes 
<taxonomicName baseAuthorityName="Weber" baseAuthorityYear="1913" box="[906,1066,921,947]" class="Actinopterygii" family="Serranidae" genus="Plectranthias" kingdom="Animalia" order="Perciformes" pageId="76" pageNumber="77" phylum="Chordata" rank="species" species="longimanus">
<emphasis box="[906,1066,921,947]" italics="true" pageId="76" pageNumber="77">P. longimanus</emphasis>
</taxonomicName>
from all other congeners: dorsal rays X,12–15; fourth dorsal spine longest; pectoral rays 12–13, all rays unbranched; lateral line incomplete, with 10–17 tubed scales; greatest body depth 32.3–39.9 % SL.
</paragraph>
</subSubSection>
<subSubSection pageId="76" pageNumber="77" type="discussion">
<paragraph blockId="76.[151,1437,921,2028]" pageId="76" pageNumber="77">
<emphasis bold="true" box="[199,315,1029,1055]" pageId="76" pageNumber="77">Remarks.</emphasis>
A small 
<taxonomicName authorityName=", Randall" authorityYear="1980" box="[418,569,1029,1055]" class="Actinopterygii" family="Serranidae" genus="Plectranthias" kingdom="Animalia" order="Perciformes" pageId="76" pageNumber="77" phylum="Chordata" rank="genus">
<emphasis box="[418,569,1029,1055]" italics="true" pageId="76" pageNumber="77">Plectranthias</emphasis>
</taxonomicName>
species (largest known specimen 
<quantity box="[957,1037,1029,1056]" metricMagnitude="-2" metricUnit="m" metricValue="2.9" pageId="76" pageNumber="77" unit="mm" value="29.0">29 mm</quantity>
SL; 
<bibRefCitation author="Heemstra, P. C. &amp; Randall, J. E." box="[1094,1395,1029,1056]" pageId="76" pageNumber="77" pagination="3 - 17" refId="ref71700" refString="Heemstra, P. C. &amp; Randall, J. E. (2009) A review of the anthiine fish genus Plectranthias (Perciformes: Serranidae) of the Western Indian Ocean, with description of a new species, and a key to the species. Smithiana Bulletin, 10, 3 - 17." type="journal article" year="2009">Heemstra &amp; Randall 2009</bibRefCitation>
), 
<taxonomicName baseAuthorityName="Weber" baseAuthorityYear="1913" class="Actinopterygii" family="Serranidae" genus="Plectranthias" kingdom="Animalia" order="Perciformes" pageId="76" pageNumber="77" phylum="Chordata" rank="species" species="longimanus">
<emphasis italics="true" pageId="76" pageNumber="77">P. longimanus</emphasis>
</taxonomicName>
is known in 
<collectingCountry box="[437,540,1065,1091]" name="Australia" pageId="76" pageNumber="77">Australia</collectingCountry>
from the Timor Sea, Great Barrier Reef, Coral Sea and southern 
<collectingRegion box="[1304,1436,1065,1091]" country="Australia" name="Queensland" pageId="76" pageNumber="77">Queensland</collectingRegion>
(
<figureCitation box="[159,276,1101,1127]" captionStart="FIGURE 32" captionStartId="78.[151,250,1153,1177]" captionTargetBox="[155,1432,185,1127]" captionTargetId="figure-21@78.[151,1436,181,1130]" captionTargetPageId="78" captionText="FIGURE 32. Australian distribution records for Plectranthias longimanus (closed circles) and P. maculicauda (open circles)." figureDoi="http://doi.org/10.5281/zenodo.4471991" httpUri="https://zenodo.org/record/4471991/files/figure.png" pageId="76" pageNumber="77">Figure 32</figureCitation>
). Elsewhere it ranges widely throughout the Indo-west Pacific, from the east African coast to 
<collectingCountry box="[1367,1437,1102,1128]" name="Tonga" pageId="76" pageNumber="77">Tonga</collectingCountry>
(
<bibRefCitation author="Heemstra, P. C. &amp; Randall, J. E." box="[159,457,1137,1163]" pageId="76" pageNumber="77" pagination="3 - 17" refId="ref71700" refString="Heemstra, P. C. &amp; Randall, J. E. (2009) A review of the anthiine fish genus Plectranthias (Perciformes: Serranidae) of the Western Indian Ocean, with description of a new species, and a key to the species. Smithiana Bulletin, 10, 3 - 17." type="journal article" year="2009">Heemstra &amp; Randall 2009</bibRefCitation>
, 
<bibRefCitation author="Randall, J. E. &amp; Williams, J. T. &amp; Smith, D. G. &amp; Kulbicki, M. &amp; Mou Tham, G. &amp; Labrosse, P. &amp; Kronen, M. &amp; Clua, E. &amp; Mann, B. S." box="[468,686,1137,1163]" pageId="76" pageNumber="77" pagination="1 - 35" refId="ref74315" refString="Randall, J. E., Williams, J. T., Smith, D. G., Kulbicki, M., Mou Tham, G., Labrosse, P., Kronen, M., Clua, E. &amp; Mann, B. S. (2003) Checklist of the shore and epipelagic fishes of Tonga. Atoll Reseach Bulletin, 502, i-ii + 1 - 35. https: // doi. org / 10.5479 / si. 00775630.502.1" type="journal article" year="2003">
Randall 
<emphasis box="[562,618,1137,1163]" italics="true" pageId="76" pageNumber="77">et al.</emphasis>
2003
</bibRefCitation>
).
</paragraph>
<paragraph blockId="76.[151,1437,921,2028]" pageId="76" pageNumber="77">
In their table 1 for western Indian Ocean 
<taxonomicName authority=", Heemstra &amp; Randall (2009)" authorityName=", Heemstra &amp; Randall" authorityYear="2009" box="[650,1121,1173,1200]" class="Actinopterygii" family="Serranidae" genus="Plectranthias" kingdom="Animalia" order="Perciformes" pageId="76" pageNumber="77" phylum="Chordata" rank="genus">
<emphasis box="[650,801,1173,1199]" italics="true" pageId="76" pageNumber="77">Plectranthias</emphasis>
, 
<bibRefCitation author="Heemstra, P. C. &amp; Randall, J. E." box="[813,1121,1173,1200]" pageId="76" pageNumber="77" pagination="3 - 17" refId="ref71700" refString="Heemstra, P. C. &amp; Randall, J. E. (2009) A review of the anthiine fish genus Plectranthias (Perciformes: Serranidae) of the Western Indian Ocean, with description of a new species, and a key to the species. Smithiana Bulletin, 10, 3 - 17." type="journal article" year="2009">Heemstra &amp; Randall (2009)</bibRefCitation>
</taxonomicName>
gave a count of 15 branched caudal-fin rays for this species. In their account for the species, however, they gave a range of 13–15 branched caudal rays. All specimens examined by us had 13 (7+6) branched caudal rays.
</paragraph>
</subSubSection>
<subSubSection pageId="76" pageNumber="77" type="description">
<paragraph blockId="76.[151,1437,921,2028]" pageId="76" pageNumber="77">
We add the following new observations: scales with peripheral cteni; vertebrae 10+16, rarely 10+17; supraneurals 2; predorsal formula 0/0/2/1+1; dorsal pterygiophores in interneural spaces 9–13 1/1/1+1/1+1/1; no trisegmental pterygiophores associated with dorsal fin; terminal dorsal pterygiophore in interneural space 17; no trisegmental pterygiophores associated with anal fin; terminal anal pterygiophore in interhaemal space 5; ribs present on vertebrae 3 through 9–10; epineurals present on vertebrae 1 through 8–10; hypurals 1 and 2 represented by undifferentiated plate, other hypurals and parhypural autogenous (
<figureCitation box="[765,884,1461,1488]" captionStart="FIGURE 5" captionStartId="7.[151,250,1865,1889]" captionTargetBox="[180,1407,1030,1841]" captionTargetId="figure-60@7.[180,1407,1030,1841]" captionTargetPageId="7" captionText="FIGURE 5. Caudal skeletons of A) Plectranthias inermis, AMS I.45300-250, 28.0 mm SL, showing autogenous hypurals 1 and 2; B) P. longimanus, AMS I.22613-052, 20.3 mm SL, showing undifferentiated hypurals 1 and 2. Abbreviations: EP1–3, epurals 1–3; HSP, haemal spines; HYP1–5, hypurals 1 through 5; HYPAP, hypurapophysis; NSP, neural spines; PARHYP, parhypural; PU2–3, preural centrum 2 and 3; UR, uroneural. Cartilage shown in dark grey; arrows indicate outer principal caudal rays; scale bars = 1 mm. Illustrations by A.C. Gill." figureDoi="http://doi.org/10.5281/zenodo.4471932" httpUri="https://zenodo.org/record/4471932/files/figure.png" pageId="76" pageNumber="77">Figure 5B</figureCitation>
); well-developed hypurapophysis on parhypural; epurals 3; single uroneural (posterior uroneural absent); ventral tip of cleithrum with well-developed posteroventral process; proximal tip of first anal-fin pterygiophore near distal tips of parapophyses on vertebra 10.
</paragraph>
<paragraph blockId="76.[151,1437,921,2028]" box="[199,737,1569,1596]" pageId="76" pageNumber="77">
Morphometric data are summarised in 
<tableCitation box="[633,733,1569,1595]" captionStart="TABLE 24" captionStartId="60.[151,239,613,639]" captionText="TABLE 24. Morphometric values for examined specimens of Plectranthias fourmanoiri, P. inermis, P. longimanus, P. nanus and P. winniensis expressed as percentages of SL." pageId="76" pageNumber="77">Table 24</tableCitation>
.
</paragraph>
</subSubSection>
<subSubSection lastPageId="77" lastPageNumber="78" pageId="76" pageNumber="77" type="discussion">
<paragraph blockId="76.[151,1437,921,2028]" lastBlockId="77.[151,1437,151,321]" lastPageId="77" lastPageNumber="78" pageId="76" pageNumber="77">
<taxonomicName baseAuthorityName="Weber" baseAuthorityYear="1913" box="[199,487,1605,1631]" class="Actinopterygii" family="Serranidae" genus="Plectranthias" kingdom="Animalia" order="Perciformes" pageId="76" pageNumber="77" phylum="Chordata" rank="species" species="longimanus">
<emphasis box="[199,487,1605,1631]" italics="true" pageId="76" pageNumber="77">Plectranthias longimanus</emphasis>
</taxonomicName>
is very similar to 
<taxonomicName box="[683,776,1606,1631]" class="Actinopterygii" family="Serranidae" genus="Plectranthias" kingdom="Animalia" order="Perciformes" pageId="76" pageNumber="77" phylum="Chordata" rank="species" species="nanus">
<emphasis box="[683,776,1606,1631]" italics="true" pageId="76" pageNumber="77">P. nanus</emphasis>
</taxonomicName>
in coloration and most morphometric and meristic features. They are apparently unique within the genus in having hypurals 1 and 2 present as an undifferentiated plate (
<figureCitation captionStart="FIGURE 5" captionStartId="7.[151,250,1865,1889]" captionTargetBox="[180,1407,1030,1841]" captionTargetId="figure-60@7.[180,1407,1030,1841]" captionTargetPageId="7" captionText="FIGURE 5. Caudal skeletons of A) Plectranthias inermis, AMS I.45300-250, 28.0 mm SL, showing autogenous hypurals 1 and 2; B) P. longimanus, AMS I.22613-052, 20.3 mm SL, showing undifferentiated hypurals 1 and 2. Abbreviations: EP1–3, epurals 1–3; HSP, haemal spines; HYP1–5, hypurals 1 through 5; HYPAP, hypurapophysis; NSP, neural spines; PARHYP, parhypural; PU2–3, preural centrum 2 and 3; UR, uroneural. Cartilage shown in dark grey; arrows indicate outer principal caudal rays; scale bars = 1 mm. Illustrations by A.C. Gill." figureDoi="http://doi.org/10.5281/zenodo.4471932" httpUri="https://zenodo.org/record/4471932/files/figure.png" pageId="76" pageNumber="77">Figure 5B</figureCitation>
). This potential synapomorphy has not been found in other examined 
<taxonomicName authorityName=", Heemstra &amp; Randall" authorityYear="2009" box="[983,1134,1677,1703]" class="Actinopterygii" family="Serranidae" genus="Plectranthias" kingdom="Animalia" order="Perciformes" pageId="76" pageNumber="77" phylum="Chordata" rank="genus">
<emphasis box="[983,1134,1677,1703]" italics="true" pageId="76" pageNumber="77">Plectranthias</emphasis>
</taxonomicName>
species, where instead the two hypurals are autogenous (
<figureCitation box="[485,604,1713,1740]" captionStart="FIGURE 5" captionStartId="7.[151,250,1865,1889]" captionTargetBox="[180,1407,1030,1841]" captionTargetId="figure-60@7.[180,1407,1030,1841]" captionTargetPageId="7" captionText="FIGURE 5. Caudal skeletons of A) Plectranthias inermis, AMS I.45300-250, 28.0 mm SL, showing autogenous hypurals 1 and 2; B) P. longimanus, AMS I.22613-052, 20.3 mm SL, showing undifferentiated hypurals 1 and 2. Abbreviations: EP1–3, epurals 1–3; HSP, haemal spines; HYP1–5, hypurals 1 through 5; HYPAP, hypurapophysis; NSP, neural spines; PARHYP, parhypural; PU2–3, preural centrum 2 and 3; UR, uroneural. Cartilage shown in dark grey; arrows indicate outer principal caudal rays; scale bars = 1 mm. Illustrations by A.C. Gill." figureDoi="http://doi.org/10.5281/zenodo.4471932" httpUri="https://zenodo.org/record/4471932/files/figure.png" pageId="76" pageNumber="77">Figure 5A</figureCitation>
). The two species are distinguished from each other by the following characters: number of pectoral rays (
<quantity box="[507,605,1749,1775]" metricMagnitude="-1" metricUnit="m" metricValue="3.175" metricValueMax="3.302" metricValueMin="3.048" pageId="76" pageNumber="77" unit="in" value="12.5" valueMax="13.0" valueMin="12.0">12–13 in</quantity>
<taxonomicName baseAuthorityName="Weber" baseAuthorityYear="1913" box="[611,768,1749,1775]" class="Actinopterygii" family="Serranidae" genus="Plectranthias" kingdom="Animalia" order="Perciformes" pageId="76" pageNumber="77" phylum="Chordata" rank="species" species="longimanus">
<emphasis box="[611,768,1749,1775]" italics="true" pageId="76" pageNumber="77">P. longimanus</emphasis>
</taxonomicName>
versus 14–15, rarely 
<quantity box="[1004,1060,1749,1775]" metricMagnitude="-1" metricUnit="m" metricValue="3.302" pageId="76" pageNumber="77" unit="in" value="13.0">13 in</quantity>
<taxonomicName box="[1065,1159,1750,1775]" class="Actinopterygii" family="Serranidae" genus="Plectranthias" kingdom="Animalia" order="Perciformes" pageId="76" pageNumber="77" phylum="Chordata" rank="species" species="nanus">
<emphasis box="[1065,1159,1750,1775]" italics="true" pageId="76" pageNumber="77">P. nanus</emphasis>
</taxonomicName>
); number of tubed scales in the lateral line (12–17 versus 15–21); number of circumpeduncular scales (12 versus 12–15, usually 14); degree of development of serrations on the interopercle and subopercle (bones with 2–6 and 2–7 conspicuous serrations, respectively, versus each bone with 0–2 weak serrations; 
<figureCitation box="[792,887,1857,1883]" captionStart="FIGURE 3" captionStartId="6.[151,250,1831,1855]" captionTargetBox="[151,1436,181,1807]" captionTargetId="figure-21@6.[151,1436,181,1807]" captionTargetPageId="6" captionText="FIGURE 3. Lower part of left cheek in ventrolateral view showing serrations on interopercle (IOP), preopercle (POP) and subopercle (SOP) in: A) Plectranthias longimanus, WAM P.28534-021, 22.8 mm SL (note that mouth is open); B) P. nanus, WAM P.28541-039, 24.3 mm SL. Dotted line shows junction between interopercle and subopercle; arrows indicate antrorse serrations on preopercle; scale bars = 2 mm. Illustrations by A.C. Gill." figureDoi="http://doi.org/10.5281/zenodo.4471928" httpUri="https://zenodo.org/record/4471928/files/figure.png" pageId="76" pageNumber="77">Figure 3</figureCitation>
); and body depth (greatest body depth 32.3–39.9 % SL and body depth at anal origin 27.1–32.0 % SL versus 29.4–33.3 % SL and 24.6–27.2 % SL, respectively). The two species also differ slightly in coloration. In particular, 
<taxonomicName box="[856,951,1930,1955]" class="Actinopterygii" family="Serranidae" genus="Plectranthias" kingdom="Animalia" order="Perciformes" pageId="76" pageNumber="77" phylum="Chordata" rank="species" species="nanus">
<emphasis box="[856,951,1930,1955]" italics="true" pageId="76" pageNumber="77">P. nanus</emphasis>
</taxonomicName>
is distinguished in having a pale bar on the caudal-fin base, edged posteriorly with a dark bar (or series of short bars). In contrast, 
<taxonomicName baseAuthorityName="Weber" baseAuthorityYear="1913" box="[1126,1285,1965,1991]" class="Actinopterygii" family="Serranidae" genus="Plectranthias" kingdom="Animalia" order="Perciformes" pageId="76" pageNumber="77" phylum="Chordata" rank="species" species="longimanus">
<emphasis box="[1126,1285,1965,1991]" italics="true" pageId="76" pageNumber="77">P. longimanus</emphasis>
</taxonomicName>
has two dark basal spots on the caudal fin, which are edged dorsally and ventrally by pale spots (cf. 
<figureCitation box="[1130,1249,2001,2027]" captionStart="FIGURE 31" captionStartId="77.[151,250,1957,1981]" captionTargetBox="[179,1408,345,1934]" captionTargetId="figure-100@77.[179,1408,345,1934]" captionTargetPageId="77" captionText="FIGURE 31. Plectranthias longimanus: A) aquarium specimen (not retained); B) NTM S.11373-034, 25.4 mm SL, preserved, east of Sandy Islet, Scott Reef, Western Australia. Photos by Y.K. Tea (A) and A.C. Gill (B)." figureDoi="http://doi.org/10.5281/zenodo.4471989" httpUri="https://zenodo.org/record/4471989/files/figure.png" pageId="76" pageNumber="77">Figures 31</figureCitation>
and 
<figureCitation box="[1305,1336,2001,2027]" captionStart="FIGURE 39" captionStartId="95.[151,250,1414,1438]" captionTargetBox="[151,1436,211,1390]" captionTargetId="figure-18@95.[151,1436,181,1390]" captionTargetPageId="95" captionText="FIGURE 39. Plectranthias nanus, specimens from Holmes Reef, Coral Sea, Australia: A) photo of aquarium specimen (not retained); B) WAM P.28541-039, 25.1 mm SL, preserved. Photos by Y.K. Tea (A) and A.C. Gill (B)." figureDoi="http://doi.org/10.5281/zenodo.4472005" httpUri="https://zenodo.org/record/4472005/files/figure.png" pageId="76" pageNumber="77">39</figureCitation>
; see also 
<bibRefCitation author="Kawaji, Y. &amp; Senou, H. &amp; Muto, N. &amp; Motomura, H." box="[151,367,151,177]" pageId="77" pageNumber="78" pagination="137 - 154" refId="ref72727" refString="Kawaji, Y., Senou, H., Muto, N. &amp; Motomura, H. (2019) Records of three anthiadine species, Plectranthias longimanus, P. nanus, and P. winniensis, from Japanese waters, with morphological and genetic comparisons (Perciformes: Serranidae). Japanese Journal of Ichthyology, 66, 137 - 154." type="journal article" year="2019">
Kawaji 
<emphasis box="[241,299,151,177]" italics="true" pageId="77" pageNumber="78">et al.</emphasis>
2019
</bibRefCitation>
: fig. 4). As noted by 
<bibRefCitation author="Randall, J. E." box="[612,785,151,177]" pageId="77" pageNumber="78" pagination="101 - 187" refId="ref74071" refString="Randall, J. E. (1980) Revision of the fish genus Plectranthias (Serranidae: Anthiinae) with descriptions of 13 new species. Micronesica, 16, 101 - 187." type="journal article" year="1980">Randall (1980)</bibRefCitation>
, the two species appear to have different habitat requirements: 
<taxonomicName baseAuthorityName="Weber" baseAuthorityYear="1913" box="[235,395,187,213]" class="Actinopterygii" family="Serranidae" genus="Plectranthias" kingdom="Animalia" order="Perciformes" pageId="77" pageNumber="78" phylum="Chordata" rank="species" species="longimanus">
<emphasis box="[235,395,187,213]" italics="true" pageId="77" pageNumber="78">P. longimanus</emphasis>
</taxonomicName>
appears to be found mostly around continental areas or larger islands, whereas 
<taxonomicName box="[1312,1409,187,212]" class="Actinopterygii" family="Serranidae" genus="Plectranthias" kingdom="Animalia" order="Perciformes" pageId="77" pageNumber="78" phylum="Chordata" rank="species" species="nanus">
<emphasis box="[1312,1409,187,212]" italics="true" pageId="77" pageNumber="78">P. nanus</emphasis>
</taxonomicName>
is restricted to smaller oceanic islands and reefs. However, the two species overlap in distribution in 
<collectingCountry box="[1257,1360,223,249]" name="Australia" pageId="77" pageNumber="78">Australia</collectingCountry>
on the Great Barrier Reef and northern Coral Sea and have been collected from the same rotenone stations (e.g. at Osprey Reef and Boot Reef, Coral Sea).
</paragraph>
</subSubSection>
<caption ID-DOI="http://doi.org/10.5281/zenodo.4471989" ID-Zenodo-Dep="4471989" httpUri="https://zenodo.org/record/4471989/files/figure.png" pageId="77" pageNumber="78" startId="77.[151,250,1957,1981]" targetBox="[179,1408,345,1934]" targetPageId="77">
<paragraph blockId="77.[151,1437,1957,2017]" pageId="77" pageNumber="78">
<emphasis bold="true" box="[151,288,1957,1981]" pageId="77" pageNumber="78">FIGURE 31.</emphasis>
<taxonomicName baseAuthorityName="Weber" baseAuthorityYear="1913" box="[294,555,1957,1981]" class="Actinopterygii" family="Serranidae" genus="Plectranthias" kingdom="Animalia" order="Perciformes" pageId="77" pageNumber="78" phylum="Chordata" rank="species" species="longimanus">
<emphasis box="[294,555,1957,1981]" italics="true" pageId="77" pageNumber="78">Plectranthias longimanus</emphasis>
</taxonomicName>
: A) aquarium specimen (not retained); B) NTM S.11373-034, 25.4 mm SL, preserved, east of Sandy Islet, Scott Reef, Western Australia. Photos by Y.K. Tea (A) and A.C. Gill (B).
</paragraph>
</caption>
<caption ID-DOI="http://doi.org/10.5281/zenodo.4471991" ID-Zenodo-Dep="4471991" box="[151,1423,1153,1178]" httpUri="https://zenodo.org/record/4471991/files/figure.png" pageId="78" pageNumber="79" startId="78.[151,250,1153,1177]" targetBox="[155,1432,185,1127]" targetPageId="78">
<paragraph blockId="78.[151,1423,1153,1178]" box="[151,1423,1153,1178]" pageId="78" pageNumber="79">
<emphasis bold="true" box="[151,288,1153,1177]" pageId="78" pageNumber="79">FIGURE 32.</emphasis>
Australian distribution records for 
<taxonomicName baseAuthorityName="Weber" baseAuthorityYear="1913" box="[644,905,1154,1178]" class="Actinopterygii" family="Serranidae" genus="Plectranthias" kingdom="Animalia" order="Perciformes" pageId="78" pageNumber="79" phylum="Chordata" rank="species" species="longimanus">
<emphasis box="[644,905,1154,1178]" italics="true" pageId="78" pageNumber="79">Plectranthias longimanus</emphasis>
</taxonomicName>
(closed circles) and 
<taxonomicName authorityName="Regan" authorityYear="1914" box="[1115,1271,1154,1178]" genus="Serranops" kingdom="Animalia" pageId="78" pageNumber="79" rank="species" species="maculicauda">
<emphasis box="[1115,1271,1154,1178]" italics="true" pageId="78" pageNumber="79">P. maculicauda</emphasis>
</taxonomicName>
(open circles).
</paragraph>
</caption>
<subSubSection lastPageId="79" lastPageNumber="80" pageId="78" pageNumber="79" type="materials_examined">
<paragraph blockId="78.[151,1437,1224,2044]" pageId="78" pageNumber="79">
<emphasis bold="true" box="[199,436,1224,1250]" pageId="78" pageNumber="79">Material examined.</emphasis>
<materialsCitation collectionCode="AMS" country="Australia" county="Great Barrier Reef" elevation="15" latitude="-14.583333" location="Carter Reefs" longLatPrecision="1287" longitude="145.6" municipality="Yonge" pageId="78" pageNumber="79" specimenCount="1" stateProvince="Queensland">
<emphasis bold="true" box="[447,566,1224,1250]" pageId="78" pageNumber="79">
<collectingCountry box="[447,561,1224,1250]" name="Australia" pageId="78" pageNumber="79">Australia</collectingCountry>
.
</emphasis>
<collectionCode box="[577,638,1224,1250]" pageId="78" pageNumber="79">AMS</collectionCode>
I.19445-095, 2: 
<quantity box="[836,1003,1224,1250]" metricMagnitude="-2" metricUnit="m" metricValue="2.2399999999999998" metricValueMax="2.27" metricValueMin="2.21" pageId="78" pageNumber="79" unit="mm" value="22.4" valueMax="22.7" valueMin="22.1">22.1–22.7 mm</quantity>
SL, 
<collectingRegion box="[1063,1198,1224,1250]" country="Australia" name="Queensland" pageId="78" pageNumber="79">Queensland</collectingRegion>
, 
<collectingCounty box="[1213,1432,1224,1250]" pageId="78" pageNumber="79">Great Barrier Reef</collectingCounty>
, channel between 
<collectingMunicipality box="[344,416,1260,1286]" pageId="78" pageNumber="79">Yonge</collectingMunicipality>
and 
<location LSID="urn:lsid:plazi:treatment:335587B2C41B1C41FF28F81AFEEEFEC4:BE23607FC4191C40FE69FE9CFD83FADF" box="[470,614,1260,1286]" country="Australia" county="Great Barrier Reef" latitude="-14.583333" longLatPrecision="1287" longitude="145.6" municipality="Yonge" name="Carter Reefs" pageId="78" pageNumber="79" stateProvince="Queensland">Carter Reefs</location>
, 
<geoCoordinate box="[625,716,1261,1288]" degrees="14" direction="south" minutes="35" orientation="latitude" pageId="78" pageNumber="79" precision="925" value="-14.583333">14°35′S</geoCoordinate>
, 
<geoCoordinate box="[727,834,1261,1288]" degrees="145" direction="east" minutes="36" orientation="longitude" pageId="78" pageNumber="79" precision="925" value="145.6">145°36′E</geoCoordinate>
, 
<quantity box="[846,904,1260,1287]" metricMagnitude="1" metricUnit="m" metricValue="1.5" pageId="78" pageNumber="79" unit="m" value="15.0">
<elevation box="[846,904,1260,1287]" metricMagnitude="1" metricUnit="m" metricValue="1.5" pageId="78" pageNumber="79" unit="m" value="15.0">15 m</elevation>
</quantity>
</materialsCitation>
, 
<materialsCitation box="[915,1185,1260,1287]" collectingDate="1975-11-08" collectionCode="AMS" country="Australia" pageId="78" pageNumber="79" specimenCount="1">
<collectionCode box="[915,976,1260,1286]" pageId="78" pageNumber="79">AMS</collectionCode>
team, 
<date box="[1050,1185,1260,1287]" pageId="78" pageNumber="79" value="1975-11-08">
<collectingDate box="[1050,1185,1260,1287]" pageId="78" pageNumber="79" value="1975-11-08">8 Nov 1975</collectingDate>
</date>
</materialsCitation>
; 
<materialsCitation collectionCode="AMS" country="Australia" elevation="11" latitude="-14.583333" location="Yonge" longLatPrecision="1287" longitude="145.6" municipality="Great Barrier Reef" pageId="78" pageNumber="79" specimenCount="1" stateProvince="Queensland">
<collectionCode box="[1195,1256,1260,1286]" pageId="78" pageNumber="79">AMS</collectionCode>
I.19472-121, 3: 
<quantity box="[151,313,1296,1322]" metricMagnitude="-2" metricUnit="m" metricValue="2.34" metricValueMax="2.42" metricValueMin="2.26" pageId="78" pageNumber="79" unit="mm" value="23.4" valueMax="24.2" valueMin="22.6">22.6–24.2 mm</quantity>
SL (radiographs only), 
<collectingRegion box="[576,711,1296,1322]" country="Australia" name="Queensland" pageId="78" pageNumber="79">Queensland</collectingRegion>
, 
<collectingMunicipality box="[721,930,1296,1322]" pageId="78" pageNumber="79">Great Barrier Reef</collectingMunicipality>
, north end of 
<location LSID="urn:lsid:plazi:treatment:335587B2C41B1C41FF28F81AFEEEFEC4:BE23607FC4191C40FB88FF60FB9AFAF3" box="[1079,1151,1296,1322]" country="Australia" latitude="-14.583333" longLatPrecision="1287" longitude="145.6" municipality="Great Barrier Reef" name="Yonge" pageId="78" pageNumber="79" stateProvince="Queensland">Yonge</location>
Reef, 
<geoCoordinate box="[1223,1314,1297,1324]" degrees="14" direction="south" minutes="35" orientation="latitude" pageId="78" pageNumber="79" precision="925" value="-14.583333">14°35′S</geoCoordinate>
, 
<geoCoordinate box="[1325,1432,1297,1324]" degrees="145" direction="east" minutes="36" orientation="longitude" pageId="78" pageNumber="79" precision="925" value="145.6">145°36′E</geoCoordinate>
, 
<quantity box="[151,237,1332,1359]" metricMagnitude="1" metricUnit="m" metricValue="1.1" metricValueMax="1.5" metricValueMin="0.7" pageId="78" pageNumber="79" unit="m" value="11.0" valueMax="15.0" valueMin="7.0">
<elevation box="[151,237,1332,1359]" metricMagnitude="1" metricUnit="m" metricValue="1.1" metricValueMax="1.5" metricValueMin="0.7" pageId="78" pageNumber="79" unit="m" value="11.0" valueMax="15.0" valueMin="7.0">7–15 m</elevation>
</quantity>
</materialsCitation>
, 
<materialsCitation box="[246,527,1332,1359]" collectingDate="1975-11-23" collectionCode="AMS" country="Australia" pageId="78" pageNumber="79" specimenCount="1">
<collectionCode box="[246,307,1332,1358]" pageId="78" pageNumber="79">AMS</collectionCode>
team, 
<date box="[380,527,1332,1359]" pageId="78" pageNumber="79" value="1975-11-23">
<collectingDate box="[380,527,1332,1359]" pageId="78" pageNumber="79" value="1975-11-23">23 Nov 1975</collectingDate>
</date>
</materialsCitation>
; 
<materialsCitation collectionCode="AMS" country="Australia" elevation="34" latitude="-15.833333" location="Escape Reef" longLatPrecision="1284" longitude="145.83333" municipality="Great Barrier Reef" pageId="78" pageNumber="79" specimenCount="1" stateProvince="Queensland">
<collectionCode box="[536,597,1332,1358]" pageId="78" pageNumber="79">AMS</collectionCode>
I.22576-013, 2: 
<quantity box="[780,942,1332,1359]" metricMagnitude="-2" metricUnit="m" metricValue="2.6049999999999995" metricValueMax="2.6399999999999997" metricValueMin="2.57" pageId="78" pageNumber="79" unit="mm" value="26.049999999999997" valueMax="26.4" valueMin="25.7">25.7–26.4 mm</quantity>
SL, 
<collectingRegion box="[993,1128,1332,1358]" country="Australia" name="Queensland" pageId="78" pageNumber="79">Queensland</collectingRegion>
, 
<collectingMunicipality box="[1138,1347,1332,1358]" pageId="78" pageNumber="79">Great Barrier Reef</collectingMunicipality>
, 
<location LSID="urn:lsid:plazi:treatment:335587B2C41B1C41FF28F81AFEEEFEC4:BE23607FC4191C40FAF2FF44FF2AFAAB" country="Australia" latitude="-15.833333" longLatPrecision="1284" longitude="145.83333" municipality="Great Barrier Reef" name="Escape Reef" pageId="78" pageNumber="79" stateProvince="Queensland">Escape Reef</location>
, middle of back reef edge, 
<geoCoordinate box="[518,609,1369,1396]" degrees="15" direction="south" minutes="50" orientation="latitude" pageId="78" pageNumber="79" precision="925" value="-15.833333">15°50′S</geoCoordinate>
, 
<geoCoordinate box="[622,730,1369,1396]" degrees="145" direction="east" minutes="50" orientation="longitude" pageId="78" pageNumber="79" precision="925" value="145.83333">145°50′E</geoCoordinate>
, coral bommie on sand, 
<quantity box="[1009,1070,1368,1394]" metricMagnitude="1" metricUnit="m" metricValue="3.4" pageId="78" pageNumber="79" unit="m" value="34.0">
<elevation box="[1009,1070,1368,1394]" metricMagnitude="1" metricUnit="m" metricValue="3.4" pageId="78" pageNumber="79" unit="m" value="34.0">34 m</elevation>
</quantity>
</materialsCitation>
, 
<materialsCitation box="[1081,1364,1368,1394]" collectingDate="1981-10-27" collectionCode="AMS" country="Australia" pageId="78" pageNumber="79" specimenCount="1">
<collectionCode box="[1081,1142,1368,1394]" pageId="78" pageNumber="79">AMS</collectionCode>
team, 
<date box="[1220,1364,1368,1394]" pageId="78" pageNumber="79" value="1981-10-27">
<collectingDate box="[1220,1364,1368,1394]" pageId="78" pageNumber="79" value="1981-10-27">27 Oct 1981</collectingDate>
</date>
</materialsCitation>
; 
<collectionCode box="[1375,1436,1368,1394]" pageId="78" pageNumber="79">AMS</collectionCode>
I.22613-016, 2: 17.0– 
<quantity box="[392,492,1404,1430]" metricMagnitude="-2" metricUnit="m" metricValue="2.48" pageId="78" pageNumber="79" unit="mm" value="24.8">24.8 mm</quantity>
SL, 
<materialsCitation collectionCode="AMS" country="Australia" elevation="27" latitude="-15.816667" location="Escape Reef North" longLatPrecision="1284" longitude="145.83333" municipality="Great Barrier Reef" pageId="78" pageNumber="79" specimenCount="1" stateProvince="Queensland">
<collectionCode box="[541,602,1404,1430]" pageId="78" pageNumber="79">AMS</collectionCode>
I.22613-052, 
<quantity box="[759,858,1404,1430]" metricMagnitude="-2" metricUnit="m" metricValue="2.03" pageId="78" pageNumber="79" unit="mm" value="20.3">20.3 mm</quantity>
SL (subsequently cleared and stained), 
<collectingRegion box="[1297,1432,1404,1430]" country="Australia" name="Queensland" pageId="78" pageNumber="79">Queensland</collectingRegion>
, 
<collectingMunicipality box="[151,361,1440,1466]" pageId="78" pageNumber="79">Great Barrier Reef</collectingMunicipality>
, 
<location LSID="urn:lsid:plazi:treatment:335587B2C41B1C41FF28F81AFEEEFEC4:BE23607FC4191C40FECBFFD0FDADFA63" box="[372,584,1440,1466]" country="Australia" latitude="-15.816667" longLatPrecision="1284" longitude="145.83333" municipality="Great Barrier Reef" name="Escape Reef North" pageId="78" pageNumber="79" stateProvince="Queensland">Escape Reef North</location>
, back reef floor, 
<geoCoordinate box="[771,862,1441,1468]" degrees="15" direction="south" minutes="49" orientation="latitude" pageId="78" pageNumber="79" precision="925" value="-15.816667">15°49′S</geoCoordinate>
, 
<geoCoordinate box="[873,980,1441,1468]" degrees="145" direction="east" minutes="50" orientation="longitude" pageId="78" pageNumber="79" precision="925" value="145.83333">145°50′E</geoCoordinate>
, coral and sand, 
<quantity box="[1165,1223,1440,1466]" metricMagnitude="1" metricUnit="m" metricValue="2.7" pageId="78" pageNumber="79" unit="m" value="27.0">
<elevation box="[1165,1223,1440,1466]" metricMagnitude="1" metricUnit="m" metricValue="2.7" pageId="78" pageNumber="79" unit="m" value="27.0">27 m</elevation>
</quantity>
</materialsCitation>
, 
<materialsCitation collectingDate="1981-11-01" collectionCode="AMS" country="Australia" pageId="78" pageNumber="79" specimenCount="1">
<collectionCode box="[1233,1294,1440,1466]" pageId="78" pageNumber="79">AMS</collectionCode>
team, 
<date pageId="78" pageNumber="79" value="1981-11-01">
<collectingDate pageId="78" pageNumber="79" value="1981-11-01">1 Nov 1981</collectingDate>
</date>
</materialsCitation>
; 
<materialsCitation collectionCode="AMS" country="Australia" elevation="15" latitude="-10.574667" location="northern Great Barrier Reef" longLatPrecision="13" longitude="143.588" pageId="78" pageNumber="79" specimenCount="1">
<collectionCode box="[221,282,1476,1502]" pageId="78" pageNumber="79">AMS</collectionCode>
I.33711-062, 
<quantity box="[441,541,1476,1502]" metricMagnitude="-2" metricUnit="m" metricValue="2.23" pageId="78" pageNumber="79" unit="mm" value="22.3">22.3 mm</quantity>
SL, far 
<location LSID="urn:lsid:plazi:treatment:335587B2C41B1C41FF28F81AFEEEFEC4:BE23607FC4191C40FDC5FFB4FC57FA07" box="[634,946,1476,1502]" country="Australia" latitude="-10.574667" longLatPrecision="13" longitude="143.588" name="northern Great Barrier Reef" pageId="78" pageNumber="79">northern Great Barrier Reef</location>
lagoon, 1–2 nautical miles from outer reef, 
<geoCoordinate box="[151,277,1513,1540]" degrees="10" direction="south" minutes="34.48" orientation="latitude" pageId="78" pageNumber="79" precision="9" value="-10.574667">10°34.48′S</geoCoordinate>
, 
<geoCoordinate box="[289,431,1513,1540]" degrees="143" direction="east" minutes="35.28" orientation="longitude" pageId="78" pageNumber="79" precision="9" value="143.588">143°35.28′E</geoCoordinate>
, 
<quantity box="[443,544,1512,1539]" metricMagnitude="1" metricUnit="m" metricValue="1.45" metricValueMax="1.5" metricValueMin="1.4" pageId="78" pageNumber="79" unit="m" value="14.5" valueMax="15.0" valueMin="14.0">
<elevation box="[443,544,1512,1539]" metricMagnitude="1" metricUnit="m" metricValue="1.45" metricValueMax="1.5" metricValueMin="1.4" pageId="78" pageNumber="79" unit="m" value="14.5" valueMax="15.0" valueMin="14.0">14–15 m</elevation>
</quantity>
</materialsCitation>
, 
<materialsCitation box="[554,829,1512,1538]" collectingDate="1993-01-16" collectionCode="AMS" country="Australia" pageId="78" pageNumber="79" specimenCount="1">
<collectionCode box="[554,615,1512,1538]" pageId="78" pageNumber="79">AMS</collectionCode>
team, 
<date box="[690,829,1512,1538]" pageId="78" pageNumber="79" value="1993-01-16">
<collectingDate box="[690,829,1512,1538]" pageId="78" pageNumber="79" value="1993-01-16">16 Jan 1993</collectingDate>
</date>
</materialsCitation>
; 
<materialsCitation collectionCode="AMS" country="Australia" elevation="15" latitude="-10.444333" location="Ashmore Reef" longLatPrecision="13" longitude="144.447" municipality="Coral Sea" pageId="78" pageNumber="79" specimenCount="1">
<collectionCode box="[839,900,1512,1538]" pageId="78" pageNumber="79">AMS</collectionCode>
I.33715-110, 
<quantity box="[1058,1158,1512,1538]" metricMagnitude="-2" metricUnit="m" metricValue="2.4699999999999998" pageId="78" pageNumber="79" unit="mm" value="24.7">24.7 mm</quantity>
SL, 
<collectingMunicipality box="[1211,1324,1512,1538]" pageId="78" pageNumber="79">Coral Sea</collectingMunicipality>
, 
<location LSID="urn:lsid:plazi:treatment:335587B2C41B1C41FF28F81AFEEEFEC4:BE23607FC4191C40FA8AFF98FF2AF9FF" country="Australia" latitude="-10.444333" longLatPrecision="13" longitude="144.447" municipality="Coral Sea" name="Ashmore Reef" pageId="78" pageNumber="79">Ashmore Reef</location>
, southeast corner of lagoon, 
<geoCoordinate box="[524,650,1549,1576]" degrees="10" direction="south" minutes="26.66" orientation="latitude" pageId="78" pageNumber="79" precision="9" value="-10.444333">10°26.66′S</geoCoordinate>
, 
<geoCoordinate box="[661,803,1549,1576]" degrees="144" direction="east" minutes="26.82" orientation="longitude" pageId="78" pageNumber="79" precision="9" value="144.447">144°26.82′E</geoCoordinate>
, 
<quantity box="[814,914,1548,1574]" metricMagnitude="1" metricUnit="m" metricValue="1.45" metricValueMax="1.7" metricValueMin="1.2" pageId="78" pageNumber="79" unit="m" value="14.5" valueMax="17.0" valueMin="12.0">
<elevation box="[814,914,1548,1574]" metricMagnitude="1" metricUnit="m" metricValue="1.45" metricValueMax="1.7" metricValueMin="1.2" pageId="78" pageNumber="79" unit="m" value="14.5" valueMax="17.0" valueMin="12.0">12–17 m</elevation>
</quantity>
</materialsCitation>
, 
<materialsCitation box="[923,1256,1548,1574]" collectingDate="1993-01-17" collectionCode="AMS" country="Australia" pageId="78" pageNumber="79" specimenCount="1">
<collectionCode box="[923,984,1548,1574]" pageId="78" pageNumber="79">AMS</collectionCode>
team 
<emphasis box="[1051,1106,1548,1574]" italics="true" pageId="78" pageNumber="79">et al.</emphasis>
, 
<date box="[1119,1256,1548,1574]" pageId="78" pageNumber="79" value="1993-01-17">
<collectingDate box="[1119,1256,1548,1574]" pageId="78" pageNumber="79" value="1993-01-17">17 Jan 1993</collectingDate>
</date>
</materialsCitation>
; 
<materialsCitation collectingDate="1984-09-08" collectionCode="NTM" collectorName="B. C. Russell" country="Australia" elevation="24" latitude="-14.066667" location="Sandy Islet" longLatPrecision="1289" longitude="121.78333" municipality="Scott Reef" pageId="78" pageNumber="79" specimenCount="1" stateProvince="Western Australia">
<collectionCode box="[1267,1329,1548,1574]" country="Australia" httpUri="http://grbio.org/cool/jg13-7fbc" name="Northern Territory Museum of Arts and Sciences" pageId="78" pageNumber="79">NTM</collectionCode>
S.11373- 034, 
<quantity box="[209,311,1584,1611]" metricMagnitude="-2" metricUnit="m" metricValue="2.54" pageId="78" pageNumber="79" unit="mm" value="25.4">25.4 mm</quantity>
SL, 
<collectingRegion box="[367,571,1584,1610]" country="Australia" name="Western Australia" pageId="78" pageNumber="79">Western Australia</collectingRegion>
, 
<collectingMunicipality box="[584,706,1584,1610]" pageId="78" pageNumber="79">Scott Reef</collectingMunicipality>
, east of 
<location LSID="urn:lsid:plazi:treatment:335587B2C41B1C41FF28F81AFEEEFEC4:BE23607FC4191C40FC9CFC40FC40F993" box="[803,933,1584,1610]" country="Australia" latitude="-14.066667" longLatPrecision="1289" longitude="121.78333" municipality="Scott Reef" name="Sandy Islet" pageId="78" pageNumber="79" stateProvince="Western Australia">Sandy Islet</location>
, 
<geoCoordinate box="[946,1037,1585,1612]" degrees="14" direction="south" minutes="04" orientation="latitude" pageId="78" pageNumber="79" precision="925" value="-14.066667">14°04′S</geoCoordinate>
, 
<geoCoordinate box="[1050,1157,1585,1612]" degrees="121" direction="east" minutes="47" orientation="longitude" pageId="78" pageNumber="79" precision="925" value="121.78333">121°47′E</geoCoordinate>
, 
<quantity box="[1170,1273,1584,1611]" metricMagnitude="1" metricUnit="m" metricValue="2.35" metricValueMax="2.5" metricValueMin="2.2" pageId="78" pageNumber="79" unit="m" value="23.5" valueMax="25.0" valueMin="22.0">
<elevation box="[1170,1273,1584,1611]" metricMagnitude="1" metricUnit="m" metricValue="2.35" metricValueMax="2.5" metricValueMin="2.2" pageId="78" pageNumber="79" unit="m" value="23.5" valueMax="25.0" valueMin="22.0">22–25 m</elevation>
</quantity>
, 
<collectorName box="[1287,1432,1584,1610]" pageId="78" pageNumber="79">B.C. Russell</collectorName>
, 
<date box="[151,281,1620,1646]" pageId="78" pageNumber="79" value="1984-09-08">
<collectingDate box="[151,281,1620,1646]" pageId="78" pageNumber="79" value="1984-09-08">8 Sep 1984</collectingDate>
</date>
</materialsCitation>
; 
<materialsCitation collectingDate="1984-09-12" collectionCode="NTM" collectorName="B. C. Russell" country="Australia" elevation="15" latitude="-13.25" location="North Reef" longLatPrecision="1291" longitude="121.9" pageId="78" pageNumber="79" specimenCount="1" stateProvince="Western Australia">
<collectionCode box="[294,356,1620,1646]" country="Australia" httpUri="http://grbio.org/cool/jg13-7fbc" name="Northern Territory Museum of Arts and Sciences" pageId="78" pageNumber="79">NTM</collectionCode>
S.11387-010, 
<quantity box="[521,622,1620,1646]" metricMagnitude="-2" metricUnit="m" metricValue="1.49" pageId="78" pageNumber="79" unit="mm" value="14.9">14.9 mm</quantity>
SL, 
<collectingRegion box="[675,879,1620,1646]" country="Australia" name="Western Australia" pageId="78" pageNumber="79">Western Australia</collectingRegion>
, 
<location LSID="urn:lsid:plazi:treatment:335587B2C41B1C41FF28F81AFEEEFEC4:BE23607FC4191C40FCC5FC24FC1EF9B7" box="[890,1019,1620,1646]" country="Australia" latitude="-13.25" longLatPrecision="1291" longitude="121.9" name="North Reef" pageId="78" pageNumber="79" stateProvince="Western Australia">North Reef</location>
, east side, north of passage, 
<geoCoordinate box="[1340,1431,1621,1648]" degrees="13" direction="south" minutes="15" orientation="latitude" pageId="78" pageNumber="79" precision="925" value="-13.25">13°15′S</geoCoordinate>
, 
<geoCoordinate box="[151,258,1657,1684]" degrees="121" direction="east" minutes="54" orientation="longitude" pageId="78" pageNumber="79" precision="925" value="121.9">121°54′E</geoCoordinate>
, 
<quantity box="[271,359,1656,1682]" metricMagnitude="1" metricUnit="m" metricValue="1.45" metricValueMax="2.2" metricValueMin="0.7" pageId="78" pageNumber="79" unit="m" value="14.5" valueMax="22.0" valueMin="7.0">
<elevation box="[271,359,1656,1682]" metricMagnitude="1" metricUnit="m" metricValue="1.45" metricValueMax="2.2" metricValueMin="0.7" pageId="78" pageNumber="79" unit="m" value="14.5" valueMax="22.0" valueMin="7.0">7–22 m</elevation>
</quantity>
, 
<collectorName box="[372,517,1656,1682]" pageId="78" pageNumber="79">B.C. Russell</collectorName>
, 
<date box="[530,675,1656,1682]" pageId="78" pageNumber="79" value="1984-09-12">
<collectingDate box="[530,675,1656,1682]" pageId="78" pageNumber="79" value="1984-09-12">12 Sep 1984</collectingDate>
</date>
</materialsCitation>
; 
<materialsCitation collectingDate="1992-05-07" collectionCode="NTM" collectorName="J. Short" country="Australia" elevation="18" latitude="-12.523334" location="Cartier Reef" longLatPrecision="129" longitude="123.555" pageId="78" pageNumber="79" specimenCount="1" stateProvince="Western Australia">
<collectionCode box="[688,750,1656,1682]" country="Australia" httpUri="http://grbio.org/cool/jg13-7fbc" name="Northern Territory Museum of Arts and Sciences" pageId="78" pageNumber="79">NTM</collectionCode>
S.13410-001, 
<quantity box="[918,1019,1656,1682]" metricMagnitude="-2" metricUnit="m" metricValue="1.8199999999999998" pageId="78" pageNumber="79" unit="mm" value="18.2">18.2 mm</quantity>
SL, 
<collectingRegion box="[1075,1278,1656,1682]" country="Australia" name="Western Australia" pageId="78" pageNumber="79">Western Australia</collectingRegion>
, 
<location LSID="urn:lsid:plazi:treatment:335587B2C41B1C41FF28F81AFEEEFEC4:BE23607FC4191C40FAB5FC08FA7DF94B" box="[1290,1432,1656,1682]" country="Australia" latitude="-12.523334" longLatPrecision="129" longitude="123.555" name="Cartier Reef" pageId="78" pageNumber="79" stateProvince="Western Australia">Cartier Reef</location>
, 
<geoCoordinate box="[151,264,1693,1720]" degrees="12" direction="south" minutes="31.4" orientation="latitude" pageId="78" pageNumber="79" precision="92" value="-12.523334">12°31.4′S</geoCoordinate>
, 
<geoCoordinate box="[275,404,1693,1720]" degrees="123" direction="east" minutes="33.3" orientation="longitude" pageId="78" pageNumber="79" precision="92" value="123.555">123°33.3′E</geoCoordinate>
, 
<quantity box="[415,516,1692,1718]" metricMagnitude="1" metricUnit="m" metricValue="1.75" metricValueMax="2.3" metricValueMin="1.2" pageId="78" pageNumber="79" unit="m" value="17.5" valueMax="23.0" valueMin="12.0">
<elevation box="[415,516,1692,1718]" metricMagnitude="1" metricUnit="m" metricValue="1.75" metricValueMax="2.3" metricValueMin="1.2" pageId="78" pageNumber="79" unit="m" value="17.5" valueMax="23.0" valueMin="12.0">12–23 m</elevation>
</quantity>
, 
<collectorName box="[528,616,1692,1718]" pageId="78" pageNumber="79">J. Short</collectorName>
, 
<date box="[628,767,1692,1718]" pageId="78" pageNumber="79" value="1992-05-07">
<collectingDate box="[628,767,1692,1718]" pageId="78" pageNumber="79" value="1992-05-07">7 May 1992</collectingDate>
</date>
</materialsCitation>
; 
<materialsCitation collectionCode="WAM" country="Australia" elevation="33" latitude="-14.966666" location="Reefs" longLatPrecision="1286" longitude="145.73334" municipality="Great Barrier Reef" pageId="78" pageNumber="79" specimenCount="1">
<collectionCode box="[779,847,1692,1718]" country="Australia" httpUri="http://biocol.org/urn:lsid:biocol.org:col:34981" lsid="urn:lsid:biocol.org:col:34981" name="Western Australian Museum" pageId="78" pageNumber="79" type="Museum">WAM</collectionCode>
P.28534-021, 
<quantity box="[1009,1110,1692,1718]" metricMagnitude="-2" metricUnit="m" metricValue="2.28" pageId="78" pageNumber="79" unit="mm" value="22.8">22.8 mm</quantity>
SL, 
<collectingMunicipality box="[1163,1375,1692,1718]" pageId="78" pageNumber="79">Great Barrier Reef</collectingMunicipality>
, Ribbon 
<location LSID="urn:lsid:plazi:treatment:335587B2C41B1C41FF28F81AFEEEFEC4:BE23607FC4191C40FF77FCB0FEEEF903" box="[200,267,1728,1754]" country="Australia" latitude="-14.966666" longLatPrecision="1286" longitude="145.73334" municipality="Great Barrier Reef" name="Reefs" pageId="78" pageNumber="79">Reefs</location>
, 
<geoCoordinate box="[278,369,1729,1756]" degrees="14" direction="south" minutes="58" orientation="latitude" pageId="78" pageNumber="79" precision="925" value="-14.966666">14°58′S</geoCoordinate>
, 
<geoCoordinate box="[381,488,1729,1756]" degrees="145" direction="east" minutes="44" orientation="longitude" pageId="78" pageNumber="79" precision="925" value="145.73334">145°44′E</geoCoordinate>
, 
<quantity box="[499,600,1728,1755]" metricMagnitude="1" metricUnit="m" metricValue="3.25" metricValueMax="4.0" metricValueMin="2.5" pageId="78" pageNumber="79" unit="m" value="32.5" valueMax="40.0" valueMin="25.0">
<elevation box="[499,600,1728,1755]" metricMagnitude="1" metricUnit="m" metricValue="3.25" metricValueMax="4.0" metricValueMin="2.5" pageId="78" pageNumber="79" unit="m" value="32.5" valueMax="40.0" valueMin="25.0">25–40 m</elevation>
</quantity>
, G
</materialsCitation>
. 
<materialsCitation box="[639,896,1728,1755]" collectingDate="1985-11-13" collectionCode="R" country="Australia" location="Allen" pageId="78" pageNumber="79" specimenCount="1">
<collectionCode box="[639,661,1728,1754]" country="Chile" name="Departamento de Geologia, Universidad de Chile" pageId="78" pageNumber="79">R</collectionCode>
. 
<location LSID="urn:lsid:plazi:treatment:335587B2C41B1C41FF28F81AFEEEFEC4:BE23607FC4191C40FD21FCB0FD3AF903" box="[670,735,1728,1754]" country="Australia" name="Allen" pageId="78" pageNumber="79">Allen</location>
, 
<date box="[747,896,1728,1755]" pageId="78" pageNumber="79" value="1985-11-13">
<collectingDate box="[747,896,1728,1755]" pageId="78" pageNumber="79" value="1985-11-13">13 Nov 1985</collectingDate>
</date>
</materialsCitation>
.
</paragraph>
<paragraph blockId="78.[151,1437,1224,2044]" lastBlockId="79.[151,1436,150,285]" lastPageId="79" lastPageNumber="80" pageId="78" pageNumber="79">
<emphasis bold="true" box="[199,928,1764,1790]" pageId="78" pageNumber="79">Additional specimens identified for distribution information.</emphasis>
<materialsCitation collectionCode="AMS" elevation="4" location="Queensland" longitude="143.28334" municipality="Haggerstone Island" pageId="78" pageNumber="79" specimenCount="1">
<collectionCode box="[934,995,1764,1790]" pageId="78" pageNumber="79">AMS</collectionCode>
I.20937-027, 
<quantity box="[1155,1242,1764,1790]" metricMagnitude="-3" metricUnit="m" metricValue="9.7" pageId="78" pageNumber="79" unit="mm" value="9.7">9.7 mm</quantity>
SL, 
<location LSID="urn:lsid:plazi:treatment:335587B2C41B1C41FF28F81AFEEEFEC4:BE23607FC4191C40FAAEFC94FA7DF927" box="[1297,1432,1764,1790]" longitude="143.28334" municipality="Haggerstone Island" name="Queensland" pageId="78" pageNumber="79">Queensland</location>
, 
<collectingMunicipality box="[151,371,1800,1826]" pageId="78" pageNumber="79">Haggerstone Island</collectingMunicipality>
, 
<geoCoordinate box="[382,475,1801,1828]" degrees="12" direction="east" minutes="02" orientation="longitude" pageId="78" pageNumber="79" precision="925" value="12.033334">12°02′E</geoCoordinate>
, 
<geoCoordinate box="[487,593,1801,1828]" degrees="143" direction="east" minutes="17" orientation="longitude" pageId="78" pageNumber="79" precision="925" value="143.28334">143°17′E</geoCoordinate>
, 
<quantity box="[605,678,1800,1827]" metricMagnitude="0" metricUnit="m" metricValue="3.5" metricValueMax="5.0" metricValueMin="2.0" pageId="78" pageNumber="79" unit="m" value="3.5" valueMax="5.0" valueMin="2.0">
<elevation box="[605,678,1800,1827]" metricMagnitude="0" metricUnit="m" metricValue="3.5" metricValueMax="5.0" metricValueMin="2.0" pageId="78" pageNumber="79" unit="m" value="3.5" valueMax="5.0" valueMin="2.0">2–5 m</elevation>
</quantity>
</materialsCitation>
, 
<materialsCitation box="[689,968,1800,1826]" collectingDate="1979-02-20" collectionCode="AMS" pageId="78" pageNumber="79" specimenCount="1">
<collectionCode box="[689,750,1800,1826]" pageId="78" pageNumber="79">AMS</collectionCode>
team, 
<date box="[825,968,1800,1826]" pageId="78" pageNumber="79" value="1979-02-20">
<collectingDate box="[825,968,1800,1826]" pageId="78" pageNumber="79" value="1979-02-20">20 Feb 1979</collectingDate>
</date>
</materialsCitation>
; 
<materialsCitation collectionCode="AMS" elevation="18" latitude="-13.933333" location="Coral Sea" longLatPrecision="1289" longitude="146.56667" municipality="Osprey Reef" pageId="78" pageNumber="79" specimenCount="1">
<collectionCode box="[978,1039,1800,1826]" pageId="78" pageNumber="79">AMS</collectionCode>
I.25107-071, 5: 13.6–17.0 mm SL, 
<location LSID="urn:lsid:plazi:treatment:335587B2C41B1C41FF28F81AFEEEFEC4:BE23607FC4191C40FF28FD5CFEEDF89F" box="[151,264,1836,1862]" latitude="-13.933333" longLatPrecision="1289" longitude="146.56667" municipality="Osprey Reef" name="Coral Sea" pageId="78" pageNumber="79">Coral Sea</location>
, 
<collectingMunicipality box="[276,420,1836,1862]" pageId="78" pageNumber="79">Osprey Reef</collectingMunicipality>
, west edge dropoff (
<geoCoordinate box="[650,740,1837,1864]" degrees="13" direction="south" minutes="56" orientation="latitude" pageId="78" pageNumber="79" precision="925" value="-13.933333">13°56′S</geoCoordinate>
<geoCoordinate box="[748,856,1837,1864]" degrees="146" direction="east" minutes="34" orientation="longitude" pageId="78" pageNumber="79" precision="925" value="146.56667">146°34′E</geoCoordinate>
), 
<quantity box="[876,977,1836,1863]" metricMagnitude="1" metricUnit="m" metricValue="1.75" metricValueMax="2.5" metricValueMin="1.0" pageId="78" pageNumber="79" unit="m" value="17.5" valueMax="25.0" valueMin="10.0">
<elevation box="[876,977,1836,1863]" metricMagnitude="1" metricUnit="m" metricValue="1.75" metricValueMax="2.5" metricValueMin="1.0" pageId="78" pageNumber="79" unit="m" value="17.5" valueMax="25.0" valueMin="10.0">10–25 m</elevation>
</quantity>
</materialsCitation>
, 
<materialsCitation box="[988,1262,1836,1862]" collectingDate="1984-11-06" collectionCode="AMS" pageId="78" pageNumber="79" specimenCount="1">
<collectionCode box="[988,1049,1836,1862]" pageId="78" pageNumber="79">AMS</collectionCode>
team, 
<date box="[1125,1262,1836,1862]" pageId="78" pageNumber="79" value="1984-11-06">
<collectingDate box="[1125,1262,1836,1862]" pageId="78" pageNumber="79" value="1984-11-06">6 Nov 1984</collectingDate>
</date>
</materialsCitation>
; 
<materialsCitation collectionCode="AMS" elevation="7" latitude="-16.508333" location="Coral Sea" longLatPrecision="127" longitude="149.5" municipality="Holmes Reef" pageId="78" pageNumber="79" specimenCount="1">
<collectionCode box="[1272,1333,1836,1862]" pageId="78" pageNumber="79">AMS</collectionCode>
I.30465- 048, 2: 15.1–22.0 mm SL, 
<location LSID="urn:lsid:plazi:treatment:335587B2C41B1C41FF28F81AFEEEFEC4:BE23607FC4191C40FE01FD20FDC8F8B3" box="[446,557,1872,1898]" latitude="-16.508333" longLatPrecision="127" longitude="149.5" municipality="Holmes Reef" name="Coral Sea" pageId="78" pageNumber="79">Coral Sea</location>
, 
<collectingMunicipality box="[567,716,1872,1898]" pageId="78" pageNumber="79">Holmes Reef</collectingMunicipality>
, lee side, 
<geoCoordinate box="[822,935,1873,1900]" degrees="16" direction="south" minutes="30.5" orientation="latitude" pageId="78" pageNumber="79" precision="92" value="-16.508333">16°30.5′S</geoCoordinate>
, 
<geoCoordinate box="[945,1073,1873,1900]" degrees="149" direction="east" minutes="30.0" orientation="longitude" pageId="78" pageNumber="79" precision="92" value="149.5">149°30.0′E</geoCoordinate>
, patch reef, 
<quantity box="[1206,1292,1872,1898]" metricMagnitude="0" metricUnit="m" metricValue="6.5" metricValueMax="10.0" metricValueMin="3.0" pageId="78" pageNumber="79" unit="m" value="6.5" valueMax="10.0" valueMin="3.0">
<elevation box="[1206,1292,1872,1898]" metricMagnitude="0" metricUnit="m" metricValue="6.5" metricValueMax="10.0" metricValueMin="3.0" pageId="78" pageNumber="79" unit="m" value="6.5" valueMax="10.0" valueMin="3.0">3–10 m</elevation>
</quantity>
</materialsCitation>
, 
<collectionCode box="[1301,1362,1872,1898]" pageId="78" pageNumber="79">AMS</collectionCode>
Team; 
<materialsCitation collectionCode="AMS" country="Ashmore and Cartier Islands" elevation="14" latitude="-10.158667" location="Coral Sea" longLatPrecision="13" longitude="144.59067" municipality="Reef" pageId="78" pageNumber="79" specimenCount="1">
<collectionCode box="[151,212,1908,1934]" pageId="78" pageNumber="79">AMS</collectionCode>
I.33728-083, 4: 
<quantity box="[400,563,1908,1934]" metricMagnitude="-2" metricUnit="m" metricValue="1.5" metricValueMax="1.81" metricValueMin="1.19" pageId="78" pageNumber="79" unit="mm" value="15.0" valueMax="18.1" valueMin="11.9">11.9–18.1 mm</quantity>
SL, 
<location LSID="urn:lsid:plazi:treatment:335587B2C41B1C41FF28F81AFEEEFEC4:BE23607FC4191C40FDD6FD04FD3CF857" box="[617,729,1908,1934]" country="Ashmore and Cartier Islands" latitude="-10.158667" longLatPrecision="13" longitude="144.59067" municipality="Reef" name="Coral Sea" pageId="78" pageNumber="79">Coral Sea</location>
, 
<collectingCountry box="[740,843,1908,1934]" name="Ashmore and Cartier Islands" pageId="78" pageNumber="79">Ashmore</collectingCountry>
<collectingMunicipality box="[850,906,1908,1934]" pageId="78" pageNumber="79">Reef</collectingMunicipality>
, northeast side, 
<geoCoordinate box="[1087,1213,1909,1936]" degrees="10" direction="south" minutes="09.52" orientation="latitude" pageId="78" pageNumber="79" precision="9" value="-10.158667">10°09.52′S</geoCoordinate>
, 
<geoCoordinate box="[1225,1367,1909,1936]" degrees="144" direction="east" minutes="35.44" orientation="longitude" pageId="78" pageNumber="79" precision="9" value="144.59067">144°35.44′E</geoCoordinate>
, outer slope, 
<quantity box="[223,309,1944,1970]" metricMagnitude="1" metricUnit="m" metricValue="1.4" metricValueMax="2.4" metricValueMin="0.4" pageId="78" pageNumber="79" unit="m" value="14.0" valueMax="24.0" valueMin="4.0">
<elevation box="[223,309,1944,1970]" metricMagnitude="1" metricUnit="m" metricValue="1.4" metricValueMax="2.4" metricValueMin="0.4" pageId="78" pageNumber="79" unit="m" value="14.0" valueMax="24.0" valueMin="4.0">4–24 m</elevation>
</quantity>
</materialsCitation>
, 
<materialsCitation box="[319,589,1944,1971]" collectingDate="1993-01-25" collectionCode="AMS" country="Ashmore and Cartier Islands" pageId="78" pageNumber="79" specimenCount="1">
<collectionCode box="[319,380,1944,1970]" pageId="78" pageNumber="79">AMS</collectionCode>
team, 
<date box="[453,589,1944,1971]" pageId="78" pageNumber="79" value="1993-01-25">
<collectingDate box="[453,589,1944,1971]" pageId="78" pageNumber="79" value="1993-01-25">25 Jan 1993</collectingDate>
</date>
</materialsCitation>
; 
<materialsCitation collectionCode="AMS" country="Ashmore and Cartier Islands" elevation="27" latitude="-9.978333" location="Coral Sea" longLatPrecision="13" longitude="144.70866" municipality="Boot Reef" pageId="78" pageNumber="79" specimenCount="1">
<collectionCode box="[599,660,1944,1970]" pageId="78" pageNumber="79">AMS</collectionCode>
I.33747-053, 2: 10.0–16.0 mm SL, 
<location LSID="urn:lsid:plazi:treatment:335587B2C41B1C41FF28F81AFEEEFEC4:BE23607FC4191C40FB9EFDE8FB75F86B" box="[1057,1168,1944,1970]" country="Ashmore and Cartier Islands" latitude="-9.978333" longLatPrecision="13" longitude="144.70866" municipality="Boot Reef" name="Coral Sea" pageId="78" pageNumber="79">Coral Sea</location>
, 
<collectingMunicipality box="[1179,1295,1944,1970]" pageId="78" pageNumber="79">Boot Reef</collectingMunicipality>
, 
<geoCoordinate box="[1305,1432,1945,1972]" degrees="09" direction="south" minutes="58.70" orientation="latitude" pageId="78" pageNumber="79" precision="9" value="-9.978333">09°58.70′S</geoCoordinate>
, 
<geoCoordinate box="[151,293,1981,2008]" degrees="144" direction="east" minutes="42.52" orientation="longitude" pageId="78" pageNumber="79" precision="9" value="144.70866">144°42.52′E</geoCoordinate>
, coral, sand and rubble, 
<quantity box="[562,662,1980,2006]" metricMagnitude="1" metricUnit="m" metricValue="2.65" metricValueMax="3.0" metricValueMin="2.3" pageId="78" pageNumber="79" unit="m" value="26.5" valueMax="30.0" valueMin="23.0">
<elevation box="[562,662,1980,2006]" metricMagnitude="1" metricUnit="m" metricValue="2.65" metricValueMax="3.0" metricValueMin="2.3" pageId="78" pageNumber="79" unit="m" value="26.5" valueMax="30.0" valueMin="23.0">23–30 m</elevation>
</quantity>
</materialsCitation>
, 
<materialsCitation box="[671,942,1980,2006]" collectingDate="1993-01-27" collectionCode="AMS" country="Ashmore and Cartier Islands" pageId="78" pageNumber="79" specimenCount="1">
<collectionCode box="[671,732,1980,2006]" pageId="78" pageNumber="79">AMS</collectionCode>
team, 
<date box="[806,942,1980,2006]" pageId="78" pageNumber="79" value="1993-01-27">
<collectingDate box="[806,942,1980,2006]" pageId="78" pageNumber="79" value="1993-01-27">27 Jan 1993</collectingDate>
</date>
</materialsCitation>
; 
<materialsCitation collectionCode="AMS" country="Ashmore and Cartier Islands" elevation="18" latitude="-9.5865" location="Coral Sea" longLatPrecision="13" longitude="144.81033" municipality="Portlock Reef" pageId="78" pageNumber="79" specimenCount="1">
<collectionCode box="[952,1013,1980,2006]" pageId="78" pageNumber="79">AMS</collectionCode>
I.33751-053, 20.0 mm SL, 
<location LSID="urn:lsid:plazi:treatment:335587B2C41B1C41FF28F81AFEEEFEC4:BE23607FC4191C40FA97FDCCFA7DF80F" box="[1320,1432,1980,2006]" country="Ashmore and Cartier Islands" latitude="-9.5865" longLatPrecision="13" longitude="144.81033" municipality="Portlock Reef" name="Coral Sea" pageId="78" pageNumber="79">Coral Sea</location>
, 
<collectingMunicipality box="[151,309,2016,2042]" pageId="78" pageNumber="79">Portlock Reef</collectingMunicipality>
, east side of eastern reef in southern group, 
<geoCoordinate box="[798,924,2017,2044]" degrees="09" direction="south" minutes="35.19" orientation="latitude" pageId="78" pageNumber="79" precision="9" value="-9.5865">09°35.19′S</geoCoordinate>
, 
<geoCoordinate box="[936,1078,2017,2044]" degrees="144" direction="east" minutes="48.62" orientation="longitude" pageId="78" pageNumber="79" precision="9" value="144.81033">144°48.62′E</geoCoordinate>
, steep slope with coral, 
<quantity box="[1345,1431,2016,2043]" metricMagnitude="1" metricUnit="m" metricValue="1.8" metricValueMax="3.1" metricValueMin="0.5" pageId="78" pageNumber="79" unit="m" value="18.0" valueMax="31.0" valueMin="5.0">
<elevation box="[1345,1431,2016,2043]" metricMagnitude="1" metricUnit="m" metricValue="1.8" metricValueMax="3.1" metricValueMin="0.5" pageId="78" pageNumber="79" unit="m" value="18.0" valueMax="31.0" valueMin="5.0">5–31 m</elevation>
</quantity>
</materialsCitation>
, 
<materialsCitation box="[151,432,151,177]" collectingDate="1993-01-29" collectionCode="AMS" country="Ashmore and Cartier Islands" pageId="79" pageNumber="80" specimenCount="1">
<collectionCode box="[151,212,151,177]" pageId="79" pageNumber="80">AMS</collectionCode>
team, 
<date box="[291,432,151,177]" pageId="79" pageNumber="80" value="1993-01-29">
<collectingDate box="[291,432,151,177]" pageId="79" pageNumber="80" value="1993-01-29">29 Jan 1993</collectingDate>
</date>
</materialsCitation>
; 
<materialsCitation collectingDate="2004-05-23" collectionCode="QM" collectorName="Seabed Biodiversity Team" country="Ashmore and Cartier Islands" elevation="50" latitude="-23.825" location="Queensland" longLatPrecision="125" longitude="152.325" municipality="Bunker Group" pageId="79" pageNumber="80" specimenCount="1">
<collectionCode box="[445,490,151,177]" country="Australia" lsid="urn:lsid:biocol.org:col:35019" name="Queensland Museum" pageId="79" pageNumber="80" type="Museum">QM</collectionCode>
I.36357, 
<quantity box="[601,703,150,177]" metricMagnitude="-2" metricUnit="m" metricValue="2.55" pageId="79" pageNumber="80" unit="mm" value="25.5">25.5 mm</quantity>
SL, 
<location LSID="urn:lsid:plazi:treatment:335587B2C41B1C41FF28F81AFEEEFEC4:BE23607FC4181C41FD48FAE7FC9BFF68" box="[759,894,151,177]" country="Ashmore and Cartier Islands" latitude="-23.825" longLatPrecision="125" longitude="152.325" municipality="Bunker Group" name="Queensland" pageId="79" pageNumber="80">Queensland</location>
, off 
<collectingMunicipality box="[948,1113,151,177]" pageId="79" pageNumber="80">Bunker Group</collectingMunicipality>
, 
<geoCoordinate box="[1126,1238,152,179]" degrees="23" direction="south" minutes="49.5" orientation="latitude" pageId="79" pageNumber="80" precision="92" value="-23.825">23°49.5′S</geoCoordinate>
, 
<geoCoordinate box="[1252,1380,152,179]" degrees="152" direction="east" minutes="19.5" orientation="longitude" pageId="79" pageNumber="80" precision="92" value="152.325">152°19.5′E</geoCoordinate>
, epibenthic sled, 
<quantity box="[302,362,186,213]" metricMagnitude="1" metricUnit="m" metricValue="5.0" pageId="79" pageNumber="80" unit="m" value="50.0">
<elevation box="[302,362,186,213]" metricMagnitude="1" metricUnit="m" metricValue="5.0" pageId="79" pageNumber="80" unit="m" value="50.0">50 m</elevation>
</quantity>
, 
<collectorName box="[375,675,187,213]" pageId="79" pageNumber="80">Seabed Biodiversity Team</collectorName>
, 
<date box="[687,843,187,213]" pageId="79" pageNumber="80" value="2004-05-23">
<collectingDate box="[687,843,187,213]" pageId="79" pageNumber="80" value="2004-05-23">23 May 2004</collectingDate>
</date>
</materialsCitation>
; 
<materialsCitation collectingDate="2005-12-14" collectionCode="QM" collectorName="J. Johnson &amp; M. Ekins" country="Ashmore and Cartier Islands" county="Manta Ray Bommie" elevation="9" latitude="-27.416666" location="Queensland" longLatPrecision="1237" longitude="153.55" municipality="Point Lookout" pageId="79" pageNumber="80" specimenCount="1">
<collectionCode box="[855,900,187,213]" country="Australia" lsid="urn:lsid:biocol.org:col:35019" name="Queensland Museum" pageId="79" pageNumber="80" type="Museum">QM</collectionCode>
I.37740, 
<quantity box="[1009,1111,187,213]" metricMagnitude="-2" metricUnit="m" metricValue="2.88" pageId="79" pageNumber="80" unit="mm" value="28.8">28.8 mm</quantity>
SL, 
<location LSID="urn:lsid:plazi:treatment:335587B2C41B1C41FF28F81AFEEEFEC4:BE23607FC4181C41FB31FACBFAF0FF0C" box="[1166,1301,187,213]" country="Ashmore and Cartier Islands" county="Manta Ray Bommie" latitude="-27.416666" longLatPrecision="1237" longitude="153.55" municipality="Point Lookout" name="Queensland" pageId="79" pageNumber="80">Queensland</location>
, 
<location LSID="urn:lsid:plazi:treatment:335587B2C41B1C41FF28F81AFEEEFEC4:BE23607FC4181C41FA9EFACBFF3BFF20" country="Ashmore and Cartier Islands" county="Manta Ray Bommie" latitude="-27.416666" longLatPrecision="1237" longitude="153.55" municipality="Point Lookout" name="Stradbroke Island" pageId="79" pageNumber="80">Stradbroke Island</location>
, off 
<collectingMunicipality box="[275,440,223,249]" pageId="79" pageNumber="80">Point Lookout</collectingMunicipality>
, 
<collectingCounty box="[452,684,223,249]" pageId="79" pageNumber="80">Manta Ray Bommie</collectingCounty>
, 
<geoCoordinate box="[697,788,224,251]" degrees="27" direction="south" minutes="25" orientation="latitude" pageId="79" pageNumber="80" precision="925" value="-27.416666">27°25′S</geoCoordinate>
, 
<geoCoordinate box="[801,908,224,251]" degrees="153" direction="east" minutes="33" orientation="longitude" pageId="79" pageNumber="80" precision="925" value="153.55">153°33′E</geoCoordinate>
, rotenone, 
<quantity box="[1033,1120,223,249]" metricMagnitude="0" metricUnit="m" metricValue="9.0" metricValueMax="11.0" metricValueMin="7.0" pageId="79" pageNumber="80" unit="m" value="9.0" valueMax="11.0" valueMin="7.0">
<elevation box="[1033,1120,223,249]" metricMagnitude="0" metricUnit="m" metricValue="9.0" metricValueMax="11.0" metricValueMin="7.0" pageId="79" pageNumber="80" unit="m" value="9.0" valueMax="11.0" valueMin="7.0">7–11 m</elevation>
</quantity>
, 
<collectorName box="[1133,1251,223,249]" pageId="79" pageNumber="80">J. Johnson</collectorName>
&amp; 
<collectorName box="[1289,1396,223,249]" pageId="79" pageNumber="80">M. Ekins</collectorName>
, 
<date pageId="79" pageNumber="80" value="2005-12-14">
<collectingDate pageId="79" pageNumber="80" value="2005-12-14">14 Dec 2005</collectingDate>
</date>
</materialsCitation>
.
</paragraph>
</subSubSection>
</treatment>
</document>