<document ID-DOI="http://doi.org/10.5281/zenodo.4474415" ID-GBIF-Dataset="1e6b9c6c-c1ae-43ed-8417-70324a727566" ID-ISSN="1175-5326" ID-Zenodo-Dep="4474415" ID-ZooBank="3FEF9EA2-B755-4B22-8B6A-FAFC5C0FFCDF" _generate="added" approvalRequired="80" approvalRequired_for_bibRefs="2" approvalRequired_for_illustrations="40" approvalRequired_for_taxonomicNames="30" approvalRequired_for_treatments="8" checkinTime="1611651206508" checkinUser="plazi" docAuthor="Gill, Anthony C., Pogonoski, John J., Moore, Glenn I. &amp; Johnson, Jeffrey W." docDate="2021" docId="335587B2C4311C66FF28FE6AFA65FEC4" docLanguage="en" docName="zootaxa.4918.1.1.pdf" docOrigin="Zootaxa 4918 (1)" docStyle="DocumentStyle:5EBBA59367AD13919D70D935FA04F6A3.5:Zootaxa.2013.monograph" docStyleId="5EBBA59367AD13919D70D935FA04F6A3" docStyleName="Zootaxa.2013.monograph" docStyleVersion="5" docTitle="Plectranthias winniensis Tyler 1966" docType="treatment" docVersion="7" lastPageId="104" lastPageNumber="105" masterDocId="CF6CFFCAC4571C0EFFBFFA70FFE5FFD9" masterDocTitle="Review of Australian species of Plectranthias Bleeker and Selenanthias Tanaka (Teleostei: Serranidae: Anthiadinae), with descriptions of four new species" masterLastPageNumber="116" masterPageNumber="1" pageId="102" pageNumber="103" updateTime="1611781754199" updateUser="ExternalLinkService">
<mods:mods xmlns:mods="http://www.loc.gov/mods/v3">
<mods:titleInfo>
<mods:title>Review of Australian species of Plectranthias Bleeker and Selenanthias Tanaka (Teleostei: Serranidae: Anthiadinae), with descriptions of four new species</mods:title>
</mods:titleInfo>
<mods:name type="personal">
<mods:role>
<mods:roleTerm>Author</mods:roleTerm>
</mods:role>
<mods:namePart>Gill, Anthony C.</mods:namePart>
<mods:nameIdentifier type="ORCID">0000-0002-8990-3657</mods:nameIdentifier>
<mods:nameIdentifier type="email">anthony.c.gill@sydney.edu.au</mods:nameIdentifier>
</mods:name>
<mods:name type="personal">
<mods:role>
<mods:roleTerm>Author</mods:roleTerm>
</mods:role>
<mods:namePart>Pogonoski, John J.</mods:namePart>
<mods:nameIdentifier type="ORCID">0000-0002-4878-3919</mods:nameIdentifier>
<mods:nameIdentifier type="email">john.pogonoski@csiro.au</mods:nameIdentifier>
</mods:name>
<mods:name type="personal">
<mods:role>
<mods:roleTerm>Author</mods:roleTerm>
</mods:role>
<mods:namePart>Moore, Glenn I.</mods:namePart>
<mods:nameIdentifier type="ORCID">0000-0003-2413-5260</mods:nameIdentifier>
<mods:nameIdentifier type="email">moore@museum.wa.gov.au</mods:nameIdentifier>
</mods:name>
<mods:name type="personal">
<mods:role>
<mods:roleTerm>Author</mods:roleTerm>
</mods:role>
<mods:namePart>Johnson, Jeffrey W.</mods:namePart>
<mods:nameIdentifier type="ORCID">0000-0002-8990-3657</mods:nameIdentifier>
<mods:nameIdentifier type="email">anthony.c.gill@sydney.edu.au</mods:nameIdentifier>
</mods:name>
<mods:typeOfResource>text</mods:typeOfResource>
<mods:relatedItem type="host">
<mods:titleInfo>
<mods:title>Zootaxa</mods:title>
</mods:titleInfo>
<mods:part>
<mods:date>2021</mods:date>
<mods:detail type="pubDate">
<mods:number>2021-01-26</mods:number>
</mods:detail>
<mods:detail type="volume">
<mods:number>4918</mods:number>
</mods:detail>
<mods:detail type="issue">
<mods:number>1</mods:number>
</mods:detail>
<mods:extent unit="page">
<mods:start>1</mods:start>
<mods:end>116</mods:end>
</mods:extent>
</mods:part>
</mods:relatedItem>
<mods:classification>journal article</mods:classification>
<mods:identifier type="DOI">https://doi.org/10.11646/zootaxa.4918.1.1</mods:identifier>
<mods:identifier type="GBIF-Dataset">1e6b9c6c-c1ae-43ed-8417-70324a727566</mods:identifier>
<mods:identifier type="ISSN">1175-5326</mods:identifier>
<mods:identifier type="Zenodo-Dep">4471922</mods:identifier>
<mods:identifier type="ZooBank">3FEF9EA2-B755-4B22-8B6A-FAFC5C0FFCDF</mods:identifier>
</mods:mods>
<treatment ID-DOI="http://doi.org/10.5281/zenodo.4474415" ID-Zenodo-Dep="4474415" LSID="urn:lsid:plazi:treatment:335587B2C4311C66FF28FE6AFA65FEC4" httpUri="http://treatment.plazi.org/id/335587B2C4311C66FF28FE6AFA65FEC4" lastPageId="104" lastPageNumber="105" pageId="102" pageNumber="103">
<subSubSection box="[151,542,1050,1077]" pageId="102" pageNumber="103" type="nomenclature">
<paragraph blockId="102.[151,552,1050,1149]" box="[151,542,1050,1077]" pageId="102" pageNumber="103">
<heading bold="true" box="[151,542,1050,1077]" fontSize="11" level="2" pageId="102" pageNumber="103" reason="4">
<taxonomicName authority="(Tyler)" baseAuthorityName="Tyler" baseAuthorityYear="1966" box="[151,542,1050,1077]" class="Actinopterygii" family="Serranidae" genus="Plectranthias" kingdom="Animalia" order="Perciformes" pageId="102" pageNumber="103" phylum="Chordata" rank="species" species="winniensis">
<emphasis bold="true" box="[151,542,1050,1077]" pageId="102" pageNumber="103">
<emphasis bold="true" box="[151,449,1050,1077]" italics="true" pageId="102" pageNumber="103">Plectranthias winniensis</emphasis>
(Tyler)
</emphasis>
</taxonomicName>
</heading>
</paragraph>
</subSubSection>
<subSubSection box="[151,504,1087,1113]" pageId="102" pageNumber="103" type="description">
<paragraph blockId="102.[151,552,1050,1149]" box="[151,504,1087,1113]" pageId="102" pageNumber="103">
<figureCitation box="[151,272,1087,1113]" captionStart="FIGURE 18" captionStartId="53.[151,250,1930,1954]" captionTargetBox="[155,1431,962,1902]" captionTargetId="figure-353@53.[151,1436,957,1907]" captionTargetPageId="53" captionText="FIGURE 18. Distribution records for Plectranthias ferrugineus n. sp. (closed circles; arrow indicates type locality), P. kamii (open circles; Australian records only, excluding Christmas Island) and P. winniensis (triangles; Australian records only)." figureDoi="http://doi.org/10.5281/zenodo.4471961" httpUri="https://zenodo.org/record/4471961/files/figure.png" pageId="102" pageNumber="103">Figures 18</figureCitation>
, 
<figureCitation box="[284,315,1087,1113]" captionStart="FIGURE 43" captionStartId="103.[151,250,1308,1332]" captionTargetBox="[151,1436,181,1285]" captionTargetId="figure-18@103.[151,1436,181,1285]" captionTargetPageId="103" captionText="FIGURE 43. Plectranthias winniensis: A) BPBM 13528, 40.0 mm SL, freshly dead, Tomoe Atoll, Tuamotu Archipelago, French Polynesia; B) AMS I.22584-026, 30.8 mm SL, preserved, Escape Reef North, Great Barrier Reef, Australia. Photos by J.E. Randall (A) and A.C. Gill (B)." figureDoi="http://doi.org/10.5281/zenodo.4472015" httpUri="https://zenodo.org/record/4472015/files/figure.png" pageId="102" pageNumber="103">43</figureCitation>
; 
<tableCitation box="[326,464,1087,1113]" captionStart-0="TABLE 1" captionStart-1="TABLE 2" captionStart-10="TABLE 11" captionStart-11="TABLE 12" captionStart-12="TABLE 13" captionStart-13="TABLE 14" captionStart-14="TABLE 15" captionStart-15="TABLE 16" captionStart-2="TABLE 3" captionStart-3="TABLE 4" captionStart-4="TABLE 5" captionStart-5="TABLE 6" captionStart-6="TABLE 7" captionStart-7="TABLE 8" captionStart-8="TABLE 9" captionStart-9="TABLE 10" captionStartId-0="8.[151,239,520,546]" captionStartId-1="9.[151,239,566,592]" captionStartId-10="20.[151,239,540,566]" captionStartId-11="21.[151,239,542,568]" captionStartId-12="22.[151,239,484,510]" captionStartId-13="24.[151,239,462,488]" captionStartId-14="26.[151,239,559,585]" captionStartId-15="27.[151,239,486,512]" captionStartId-2="10.[151,239,538,564]" captionStartId-3="11.[151,239,558,584]" captionStartId-4="12.[151,239,538,564]" captionStartId-5="13.[151,239,487,513]" captionStartId-6="14.[151,239,151,175]" captionStartId-7="15.[151,239,522,548]" captionStartId-8="17.[151,239,519,545]" captionStartId-9="19.[151,239,872,896]" captionText-0="TABLE 1. Frequency distributions for counts of dorsal, anal and pectoral rays of Australian Plectranthias and Selenanthias species. Frequencies are based on examined specimens. Frequencies for pectoral rays include bilateral counts. “L” indicates additional variation noted in literature on each species. Data for S. analis based on Australian specimens only." captionText-1="TABLE 2. Frequency distributions for counts of caudal rays of Australian Plectranthias and Selenanthias species. Data for S. analis based on Australian specimens only." captionText-10="TABLE 11. Summary of fin characters of Australian Plectranthias and Selenanthias species. Data for S. analis based on Australian specimens only. Caudal ray counts are presented as upper procurrent + upper principal + lower principal + lower procurrent = total rays." captionText-11="TABLE 12. Summary of body squamation characters for Australian species of Plectranthias and Selenanthias. Data for S. analis based on Australian specimens only." captionText-12="TABLE 13. Summary of selected head squamation characters for Australian species of Plectranthias and Selenanthias. Data for S. analis based on Australian specimens only." captionText-13="TABLE 14. Summary of gill-raker counts and selected osteological characters for Australian species of Plectranthias and Selenanthias. Data for S. analis based on Australian specimens only." captionText-14="TABLE 15. Summary of head serration characters for Australian species of Plectranthias and Selenanthias. Data for S. analis based on Australian specimens only." captionText-15="TABLE 16. Distribution and known depth ranges for Australian species of Plectranthias and Selenanthias. Data for Plectranthias species are from Allen &amp; Walsh (2015: tab. 1), supplemented with new observations." captionText-2="TABLE 3. Frequency distributions for counts of upper and lower gill rakers of Australian Plectranthias and Selenanthias species. “L” indicates additional variation noted in literature on each species. Data for S. analis based on Australian specimens only." captionText-3="TABLE 4. Frequency distributions for counts of total gill rakers of Australian Plectranthias and Selenanthias species. “L” indicates additional variation noted in literature on each species. Data for S. analis based on Australian specimens only." captionText-4="TABLE 5. Vertebral counts for Australian Plectranthias and Selenanthias species. “L” indicates additional variation noted in literature on each species. Data for S. analis based on Australian specimens only." captionText-5="TABLE 6. Supraneural and dorsal pterygiophore insertion patterns for Australian Plectranthias and Selenanthias species." captionText-6="TABLE 7. Position of terminal dorsal and anal pterygiophores in interneural and interhaemal spaces for Australian Plectranthias and Selenanthias species." captionText-7="TABLE 8. Frequency distributions for counts of tubed lateral-line scales of Australian Plectranthias and Selenanthias species. Frequencies are based on examined specimens and include bilateral counts. Where series are interrupted in P. inermis, P. fourmanoiri and P. winniensis, counts are of the anterior series of tubed scales. “L” indicates additional variation noted in literature on each species. Data for S. analis based only on Australian specimens." captionText-8="TABLE 9. Frequency distributions for counts of scales above and below the lateral line for Australian Plectranthias and Selenanthias species. Frequencies include bilateral counts. Data for S. analis based only on Australian specimens." captionText-9="TABLE 10. Frequency distributions for counts of circumpeduncular scales for Australian Plectranthias and Selenanthias species. Data for S. analis based only on Australian specimens." pageId="102" pageNumber="103">Tables 1–16</tableCitation>
, 
<tableCitation box="[476,504,1087,1113]" captionStart="TABLE 24" captionStartId="60.[151,239,613,639]" captionText="TABLE 24. Morphometric values for examined specimens of Plectranthias fourmanoiri, P. inermis, P. longimanus, P. nanus and P. winniensis expressed as percentages of SL." pageId="102" pageNumber="103">24</tableCitation>
</paragraph>
</subSubSection>
<subSubSection box="[151,552,1123,1149]" pageId="102" pageNumber="103" type="vernacular_names">
<paragraph blockId="102.[151,552,1050,1149]" box="[151,552,1123,1149]" pageId="102" pageNumber="103">Common name: Redblotch Perchlet</paragraph>
</subSubSection>
<subSubSection pageId="102" pageNumber="103" type="reference_group">
<paragraph blockId="102.[151,1437,1191,1277]" pageId="102" pageNumber="103">
<treatmentCitationGroup pageId="102" pageNumber="103">
<taxonomicName authority="Tyler 1966: 2" authorityName="Tyler" authorityPageNumber="2" authorityYear="1966" box="[151,536,1191,1215]" genus="Pteranthias" kingdom="Animalia" pageId="102" pageNumber="103" rank="species" species="winniensis">
<treatmentCitation author="Tyler, J. C." box="[151,536,1191,1215]" page="2" pageId="102" pageNumber="103" year="1966">
<emphasis box="[151,385,1191,1215]" italics="true" pageId="102" pageNumber="103">Pteranthias winniensis</emphasis>
<bibRefCitation author="Tyler, J. C." box="[394,536,1191,1215]" pageId="102" pageNumber="103" pagination="1 - 6" refId="ref75611" refString="Tyler, J. C. (1966) A new species of serranoid fish of the family Anthiidae from the Indian Ocean. Notulae Naturae of the Academy of Natural Sciences of Philadelphia, 389, 1 - 6." type="journal article" year="1966">Tyler 1966: 2</bibRefCitation>
</treatmentCitation>
</taxonomicName>
, fig. 1 (
<typeStatus box="[622,667,1191,1215]" pageId="102" pageNumber="103">type</typeStatus>
locality: Saint Joseph Atoll, Amirante Group, 
<collectingCountry box="[1155,1264,1191,1215]" name="Seychelles" pageId="102" pageNumber="103">Seychelles</collectingCountry>
).— 
<bibRefCitation author="Paxton, J. R. &amp; Hoese, D. F. &amp; Allen, G. R. &amp; Hanley, J. E." pageId="102" pageNumber="103" refId="ref73693" refString="Paxton, J. R., Hoese, D. F., Allen, G. R. &amp; Hanley, J. E. (1989) Zoological Catalogue of Australia. Volume 7. Pisces: Petromyzontidae to Carangidae. Australian Government Publishing Service, Canberra, 665 pp." type="book" year="1989">
<treatmentCitation author="Paxton, J. R. &amp; Hoese, D. F. &amp; Allen, G. R. &amp; Hanley, J. E." page="507" pageId="102" pageNumber="103" year="1989">
Paxton 
<emphasis box="[1383,1437,1191,1215]" italics="true" pageId="102" pageNumber="103">et al.</emphasis>
1989: 507
</treatmentCitation>
</bibRefCitation>
(checklist).— 
<bibRefCitation author="Allen, G. R. &amp; Hoese, D. F. &amp; Cross, N. J. &amp; Bray, D. J." box="[443,661,1222,1246]" pageId="102" pageNumber="103" pagination="982 - 997" refId="ref69597" refString="Allen, G. R., Hoese, D. F., Cross, N. J. &amp; Bray, D. J. (2006) Anthiinae. Basslets, seaperches. In: Beesley, P. L. &amp; Wells, A., Zoological Catalogue of Australia. Vol. 35. Fishes. Part 2. ABRS &amp; CSIRO Publishing, Collingwood, pp. 982 - 997." type="book chapter" year="2006">
<treatmentCitation author="Allen, G. R. &amp; Hoese, D. F. &amp; Cross, N. J. &amp; Bray, D. J." box="[443,661,1222,1246]" page="991" pageId="102" pageNumber="103" year="2006">
Allen 
<emphasis box="[506,556,1222,1246]" italics="true" pageId="102" pageNumber="103">et al.</emphasis>
2006: 991
</treatmentCitation>
</bibRefCitation>
(checklist).— 
<bibRefCitation author="Randall, J. E." box="[804,990,1222,1246]" pageId="102" pageNumber="103" pagination="113 - 131" refId="ref74170" refString="Randall, J. E. (1996) Two new anthiine fishes of the genus Plectranthias (Perciformes: Serranidae), with a key to the species. Micronesica, 29, 113 - 131." type="journal article" year="1996">
<treatmentCitation author="Randall, J. E." box="[804,990,1222,1246]" page="129" pageId="102" pageNumber="103" year="1996">Randall 1996: 129</treatmentCitation>
</bibRefCitation>
(Bougainville Reef, Coral Sea).— 
<bibRefCitation author="Anderson, W. D. Jr" pageId="102" pageNumber="103" pagination="1 - 62" refId="ref70044" refString="Anderson, W. D. Jr (2018) Annotated checklist of anthiadine fishes (Percoidei: Serranidae). Zootaxa, 4475 (1), 1 - 62. https: // doi. org / 10.11646 / zootaxa. 4475.1.1" type="journal article" year="2018">
<treatmentCitation author="Anderson, W. D. Jr" page="34" pageId="102" pageNumber="103" year="2018">Anderson 2018: 34</treatmentCitation>
</bibRefCitation>
(checklist). — 
<bibRefCitation author="Parenti, P. &amp; Randall, J. E." box="[440,718,1252,1277]" pageId="102" pageNumber="103" pagination="1 - 170" refId="ref73460" refString="Parenti, P. &amp; Randall, J. E. (2020) An annotated checklist of the fishes of the family Serranidae of the world with description of two new related families of fishes. FishTaxa, 15, 1 - 170." type="journal article" year="2020">
<treatmentCitation author="Parenti, P. &amp; Randall, J. E." box="[440,718,1252,1277]" page="31" pageId="102" pageNumber="103" year="2020">Parenti &amp; Randall 2020: 31</treatmentCitation>
</bibRefCitation>
(checklist).
</treatmentCitationGroup>
</paragraph>
</subSubSection>
<subSubSection pageId="102" pageNumber="103" type="diagnosis">
<paragraph blockId="102.[151,1437,1322,2033]" pageId="102" pageNumber="103">
<emphasis bold="true" box="[151,274,1322,1348]" pageId="102" pageNumber="103">Diagnosis.</emphasis>
The following combination of characters distinguishes 
<taxonomicName authorityName="Tyler" authorityYear="1966" box="[903,1049,1323,1348]" genus="Pteranthias" kingdom="Animalia" pageId="102" pageNumber="103" rank="species" species="winniensis">
<emphasis box="[903,1049,1323,1348]" italics="true" pageId="102" pageNumber="103">P. winniensis</emphasis>
</taxonomicName>
from all known congeners: dorsal rays X,15–17; fourth dorsal spine longest; pectoral rays 16–18, all unbranched; 2–3 enlarged antrorse serrations on ventral edge of preopercle; lateral line complete, interrupted or incomplete, consisting of 14–28 + 0–3 tubed scales; and greatest body depth 29.1–32.6 % SL.
</paragraph>
</subSubSection>
<subSubSection pageId="102" pageNumber="103" type="discussion">
<paragraph blockId="102.[151,1437,1322,2033]" pageId="102" pageNumber="103">
<emphasis bold="true" box="[199,315,1467,1493]" pageId="102" pageNumber="103">Remarks.</emphasis>
A relatively small species (largest specimen 
<quantity box="[829,910,1467,1493]" metricMagnitude="-2" metricUnit="m" metricValue="4.0" pageId="102" pageNumber="103" unit="mm" value="40.0">40 mm</quantity>
SL; 
<bibRefCitation author="Heemstra, P. C. &amp; Randall, J. E." box="[967,1268,1467,1493]" pageId="102" pageNumber="103" pagination="3 - 17" refId="ref71700" refString="Heemstra, P. C. &amp; Randall, J. E. (2009) A review of the anthiine fish genus Plectranthias (Perciformes: Serranidae) of the Western Indian Ocean, with description of a new species, and a key to the species. Smithiana Bulletin, 10, 3 - 17." type="journal article" year="2009">Heemstra &amp; Randall 2009</bibRefCitation>
), 
<taxonomicName authorityName="Tyler" authorityYear="1966" box="[1289,1436,1467,1492]" genus="Pteranthias" kingdom="Animalia" pageId="102" pageNumber="103" rank="species" species="winniensis">
<emphasis box="[1289,1436,1467,1492]" italics="true" pageId="102" pageNumber="103">P. winniensis</emphasis>
</taxonomicName>
was originally described from the 
<collectingCountry box="[553,676,1503,1529]" name="Seychelles" pageId="102" pageNumber="103">Seychelles</collectingCountry>
, western Indian Ocean, but has since been recorded from widely throughout the Indo-Pacific, from the Red Sea to the 
<collectingCountry box="[745,832,1539,1565]" name="Pitcairn" pageId="102" pageNumber="103">Pitcairn</collectingCountry>
and Hawaiian Islands (
<bibRefCitation author="Randall, J. E." box="[1094,1248,1539,1565]" pageId="102" pageNumber="103" pagination="101 - 187" refId="ref74071" refString="Randall, J. E. (1980) Revision of the fish genus Plectranthias (Serranidae: Anthiinae) with descriptions of 13 new species. Micronesica, 16, 101 - 187." type="journal article" year="1980">Randall 1980</bibRefCitation>
, 
<bibRefCitation author="Heemstra, P. C." box="[1259,1432,1539,1565]" pageId="102" pageNumber="103" pagination="139 - 146" refId="ref71512" refString="Heemstra, P. C. (1996) A review of species of the anthiine fish genus Plectranthias (Perciformes: Serranidae) from Mauritius. Transactions of the Royal Society of South Africa, 51, 139 - 146. https: // doi. org / 10.1080 / 00359199609520604" type="journal article" year="1996">Heemstra 1996</bibRefCitation>
, 
<bibRefCitation author="Heemstra, P. C. &amp; Randall, J. E." box="[151,449,1575,1601]" pageId="102" pageNumber="103" pagination="3 - 17" refId="ref71700" refString="Heemstra, P. C. &amp; Randall, J. E. (2009) A review of the anthiine fish genus Plectranthias (Perciformes: Serranidae) of the Western Indian Ocean, with description of a new species, and a key to the species. Smithiana Bulletin, 10, 3 - 17." type="journal article" year="2009">Heemstra &amp; Randall 2009</bibRefCitation>
). In 
<collectingCountry box="[496,602,1575,1601]" name="Australia" pageId="102" pageNumber="103">Australia</collectingCountry>
, it is known from the northern Great Barrier Reef and reefs in the adjacent Coral Sea (
<figureCitation box="[279,394,1611,1637]" captionStart="FIGURE 18" captionStartId="53.[151,250,1930,1954]" captionTargetBox="[155,1431,962,1902]" captionTargetId="figure-353@53.[151,1436,957,1907]" captionTargetPageId="53" captionText="FIGURE 18. Distribution records for Plectranthias ferrugineus n. sp. (closed circles; arrow indicates type locality), P. kamii (open circles; Australian records only, excluding Christmas Island) and P. winniensis (triangles; Australian records only)." figureDoi="http://doi.org/10.5281/zenodo.4471961" httpUri="https://zenodo.org/record/4471961/files/figure.png" pageId="102" pageNumber="103">Figure 18</figureCitation>
). However, P.C. Heemstra (in Williams 
<emphasis box="[854,912,1611,1637]" italics="true" pageId="102" pageNumber="103">et al.</emphasis>
2013) noted that specimens from the western Indian Ocean differ in live coloration from those from 
<collectingCountry box="[759,956,1647,1673]" name="French Polynesia" pageId="102" pageNumber="103">French Polynesia</collectingCountry>
, and it is possible that there are at least two species involved. Our use of the name for Australian specimens is therefore tentative.
</paragraph>
</subSubSection>
<subSubSection lastPageId="103" lastPageNumber="104" pageId="102" pageNumber="103" type="description">
<paragraph blockId="102.[151,1437,1322,2033]" pageId="102" pageNumber="103">We add the following new observations: scales with peripheral cteni; vertebrae 10+16; supraneurals 3; predorsal formula 0/0+0/2/1+1; dorsal pterygiophores in interneural spaces 9–13 1/1/1+1/1+1/1+1 or 1/1/1+1/1+1+1/1; no trisegmental pterygiophores associated with dorsal fin; terminal dorsal pterygiophore in interneural space 17–18; no trisegmental pterygiophores associated with anal fin; terminal anal pterygiophore in interhaemal space 5–6; ribs present on vertebrae 3 through 10; epineurals present on vertebrae 1 through 11; parhypural and hypurals autogenous; well-developed hypurapophysis on parhypural; epurals 3; single uroneural (posterior uroneural absent); ventral tip of cleithrum with well-developed posteroventral process; proximal tip of first anal-fin pterygiophore near distal tips of parapophyses on vertebra 10.</paragraph>
<paragraph blockId="102.[151,1437,1322,2033]" box="[199,737,2007,2033]" pageId="102" pageNumber="103">
Morphometric data are summarised in 
<tableCitation box="[633,733,2007,2033]" captionStart="TABLE 24" captionStartId="60.[151,239,613,639]" captionText="TABLE 24. Morphometric values for examined specimens of Plectranthias fourmanoiri, P. inermis, P. longimanus, P. nanus and P. winniensis expressed as percentages of SL." pageId="102" pageNumber="103">Table 24</tableCitation>
.
</paragraph>
<caption ID-DOI="http://doi.org/10.5281/zenodo.4472015" ID-Zenodo-Dep="4472015" httpUri="https://zenodo.org/record/4472015/files/figure.png" pageId="103" pageNumber="104" startId="103.[151,250,1308,1332]" targetBox="[151,1436,181,1285]" targetPageId="103">
<paragraph blockId="103.[151,1437,1308,1405]" pageId="103" pageNumber="104">
<emphasis bold="true" box="[151,291,1308,1333]" pageId="103" pageNumber="104">FIGURE 43.</emphasis>
<taxonomicName baseAuthorityName="Tyler" baseAuthorityYear="1966" box="[301,554,1309,1333]" class="Actinopterygii" family="Serranidae" genus="Plectranthias" kingdom="Animalia" order="Perciformes" pageId="103" pageNumber="104" phylum="Chordata" rank="species" species="winniensis">
<emphasis box="[301,554,1309,1333]" italics="true" pageId="103" pageNumber="104">Plectranthias winniensis</emphasis>
</taxonomicName>
: A) BPBM 13528, 40.0 mm SL, freshly dead, Tomoe Atoll, Tuamotu Archipelago, French Polynesia; B) AMS I.22584-026, 30.8 mm SL, preserved, Escape Reef North, Great Barrier Reef, Australia. Photos by J.E. Randall (A) and A.C. Gill (B).
</paragraph>
</caption>
<paragraph blockId="103.[151,1437,1451,2019]" pageId="103" pageNumber="104">
This species is relatively distinctive in having the following combination of characters: dorsal rays X,15–17; fourth dorsal spine longest; pectoral rays 16–18, all unbranched; and two enlarged antrorse serrations on ventral edge of preopercle. Only one other species approaches this character combination, 
<taxonomicName authority="Shepherd, Phelps, Pinheiro, Perez-Matus &amp; Rocha, 2018" authorityName="Shepherd, Phelps, Pinheiro, Perez-Matus &amp; Rocha" authorityYear="2018" class="Actinopterygii" family="Serranidae" genus="Plectranthias" kingdom="Animalia" order="Perciformes" pageId="103" pageNumber="104" phylum="Chordata" rank="species" species="ahiahiata">
<emphasis box="[1090,1226,1523,1549]" italics="true" pageId="103" pageNumber="104">P. ahiahiata</emphasis>
<bibRefCitation author="Shepherd, B. &amp; Phelps, T. &amp; Pinheiro, H. T. &amp; Perez-Matus, A. &amp; Rocha, L. A." pageId="103" pageNumber="104" pagination="105 - 116" refId="ref74735" refString="Shepherd, B., Phelps, T., Pinheiro, H. T., Perez-Matus, A. &amp; Rocha, L. A. (2018) Plectranthias ahiahiata, a new species of perchlet from a mesophotic ecosystem at Rapa Nui (Easter Island) (Teleostei, Serranidae, Anthiadinae). ZooKeys, 762, 105 - 116. https: // doi. org / 10.3897 / zookeys. 762.24618" type="journal article" year="2018">Shepherd, Phelps, Pinheiro, Pérez-Matus &amp; Rocha, 2018</bibRefCitation>
</taxonomicName>
, described from the 
<typeStatus box="[829,927,1559,1585]" pageId="103" pageNumber="104">holotype</typeStatus>
from Rapa Nui (Easter Island). The authors noted that, of species surveyed, mtDNA COI sequence data for 
<taxonomicName authorityName="Shepherd, Phelps, Pinheiro, Perez-Matus &amp; Rocha" authorityYear="2018" box="[883,1020,1595,1621]" class="Actinopterygii" family="Serranidae" genus="Plectranthias" kingdom="Animalia" order="Perciformes" pageId="103" pageNumber="104" phylum="Chordata" rank="species" species="ahiahiata">
<emphasis box="[883,1020,1595,1621]" italics="true" pageId="103" pageNumber="104">P. ahiahiata</emphasis>
</taxonomicName>
was closest to 
<taxonomicName baseAuthorityName="Tyler" baseAuthorityYear="1966" box="[1198,1345,1596,1621]" class="Actinopterygii" family="Serranidae" genus="Plectranthias" kingdom="Animalia" order="Perciformes" pageId="103" pageNumber="104" phylum="Chordata" rank="species" species="winniensis">
<emphasis box="[1198,1345,1596,1621]" italics="true" pageId="103" pageNumber="104">P. winniensis</emphasis>
</taxonomicName>
(12.3% uncorrected differences). The two species differ in number of dorsal-fin rays (X, 
<quantity box="[1054,1111,1631,1657]" metricMagnitude="-1" metricUnit="m" metricValue="4.572" pageId="103" pageNumber="104" unit="in" value="18.0">18 in</quantity>
<taxonomicName authorityName="Shepherd, Phelps, Pinheiro, Perez-Matus &amp; Rocha" authorityYear="2018" box="[1118,1253,1631,1657]" class="Actinopterygii" family="Serranidae" genus="Plectranthias" kingdom="Animalia" order="Perciformes" pageId="103" pageNumber="104" phylum="Chordata" rank="species" species="ahiahiata">
<emphasis box="[1118,1253,1631,1657]" italics="true" pageId="103" pageNumber="104">P. ahiahiata</emphasis>
</taxonomicName>
versus X, 
<quantity metricMagnitude="-1" metricUnit="m" metricValue="4.064" metricValueMax="4.318" metricValueMin="3.81" pageId="103" pageNumber="104" unit="in" value="16.0" valueMax="17.0" valueMin="15.0">15–17 in</quantity>
<taxonomicName baseAuthorityName="Tyler" baseAuthorityYear="1966" box="[179,324,1668,1693]" class="Actinopterygii" family="Serranidae" genus="Plectranthias" kingdom="Animalia" order="Perciformes" pageId="103" pageNumber="104" phylum="Chordata" rank="species" species="winniensis">
<emphasis box="[179,324,1668,1693]" italics="true" pageId="103" pageNumber="104">P. winniensis</emphasis>
</taxonomicName>
), tubed lateral-line scales (lateral line complete with 31 tubed scales versus complete, interrupted or incomplete with 14–28 + 0–3 tubed scales) and live coloration.
</paragraph>
</subSubSection>
<subSubSection lastPageId="104" lastPageNumber="105" pageId="103" pageNumber="104" type="materials_examined">
<paragraph blockId="103.[151,1437,1451,2019]" pageId="103" pageNumber="104">
<emphasis bold="true" box="[199,431,1739,1765]" pageId="103" pageNumber="104">Material examined.</emphasis>
<materialsCitation collectionCode="AMS" country="Australia" elevation="36" latitude="-15.816667" location="Great Barrier Reef" longLatPrecision="1284" longitude="145.83333" municipality="Escape Reef North" pageId="103" pageNumber="104" specimenCount="1" stateProvince="Queensland">
<emphasis bold="true" box="[437,709,1739,1765]" pageId="103" pageNumber="104">
<collectingRegion box="[437,580,1739,1765]" country="Australia" name="Queensland" pageId="103" pageNumber="104">Queensland</collectingRegion>
, 
<collectingCountry box="[590,704,1739,1765]" name="Australia" pageId="103" pageNumber="104">Australia</collectingCountry>
.
</emphasis>
<collectionCode box="[714,775,1739,1765]" pageId="103" pageNumber="104">AMS</collectionCode>
I.22584-026, 
<quantity box="[931,1029,1739,1765]" metricMagnitude="-2" metricUnit="m" metricValue="3.08" pageId="103" pageNumber="104" unit="mm" value="30.8">30.8 mm</quantity>
SL, 
<location LSID="urn:lsid:plazi:treatment:335587B2C4311C66FF28FE6AFA65FEC4:BE23607FC4301C69FB87FCBBFAECF93C" box="[1080,1289,1739,1765]" country="Australia" latitude="-15.816667" longLatPrecision="1284" longitude="145.83333" municipality="Escape Reef North" name="Great Barrier Reef" pageId="103" pageNumber="104" stateProvince="Queensland">Great Barrier Reef</location>
, 
<collectingMunicipality pageId="103" pageNumber="104">Escape Reef North</collectingMunicipality>
, outer barrier, 
<geoCoordinate box="[383,472,1775,1803]" degrees="15" direction="south" minutes="49" orientation="latitude" pageId="103" pageNumber="104" precision="925" value="-15.816667">
15 
<superScript attach="none" box="[411,419,1775,1789]" fontSize="6" pageId="103" pageNumber="104">o</superScript>
49′S
</geoCoordinate>
, 
<geoCoordinate box="[483,587,1775,1803]" degrees="145" direction="east" minutes="50" orientation="longitude" pageId="103" pageNumber="104" precision="925" value="145.83333">
145 
<superScript attach="none" box="[525,533,1775,1789]" fontSize="6" pageId="103" pageNumber="104">o</superScript>
50′E
</geoCoordinate>
, 
<quantity box="[599,700,1775,1801]" metricMagnitude="1" metricUnit="m" metricValue="3.6" metricValueMax="4.2" metricValueMin="3.0" pageId="103" pageNumber="104" unit="m" value="36.0" valueMax="42.0" valueMin="30.0">
<elevation box="[599,700,1775,1801]" metricMagnitude="1" metricUnit="m" metricValue="3.6" metricValueMax="4.2" metricValueMin="3.0" pageId="103" pageNumber="104" unit="m" value="36.0" valueMax="42.0" valueMin="30.0">30–42 m</elevation>
</quantity>
</materialsCitation>
, 
<materialsCitation box="[710,990,1775,1801]" collectingDate="1981-10-29" collectionCode="AMS" country="Australia" pageId="103" pageNumber="104" specimenCount="1">
<collectionCode box="[710,771,1775,1801]" pageId="103" pageNumber="104">AMS</collectionCode>
party, 
<date box="[848,990,1775,1801]" pageId="103" pageNumber="104" value="1981-10-29">
<collectingDate box="[848,990,1775,1801]" pageId="103" pageNumber="104" value="1981-10-29">29 Oct 1981</collectingDate>
</date>
</materialsCitation>
; 
<materialsCitation collectionCode="AMS" country="Australia" elevation="39" latitude="-15.816667" location="Great Barrier Reef" longLatPrecision="1284" longitude="145.83333" municipality="Escape Reef" pageId="103" pageNumber="104" specimenCount="1">
<collectionCode box="[1000,1061,1775,1801]" pageId="103" pageNumber="104">AMS</collectionCode>
I.22620-014, 
<quantity box="[1220,1320,1775,1801]" metricMagnitude="-2" metricUnit="m" metricValue="3.09" pageId="103" pageNumber="104" unit="mm" value="30.9">30.9 mm</quantity>
SL, 
<location LSID="urn:lsid:plazi:treatment:335587B2C4311C66FF28FE6AFA65FEC4:BE23607FC4301C69FAE1FC9FFECDF8F4" country="Australia" latitude="-15.816667" longLatPrecision="1284" longitude="145.83333" municipality="Escape Reef" name="Great Barrier Reef" pageId="103" pageNumber="104">Great Barrier Reef</location>
, 
<collectingMunicipality box="[309,454,1811,1837]" pageId="103" pageNumber="104">Escape Reef</collectingMunicipality>
, 
<geoCoordinate box="[468,559,1812,1839]" degrees="15" direction="south" minutes="49" orientation="latitude" pageId="103" pageNumber="104" precision="925" value="-15.816667">15°49′S</geoCoordinate>
, 
<geoCoordinate box="[573,680,1812,1839]" degrees="145" direction="east" minutes="50" orientation="longitude" pageId="103" pageNumber="104" precision="925" value="145.83333">145°50′E</geoCoordinate>
, 
<quantity box="[694,798,1811,1837]" metricMagnitude="1" metricUnit="m" metricValue="3.9" metricValueMax="4.0" metricValueMin="3.8" pageId="103" pageNumber="104" unit="m" value="39.0" valueMax="40.0" valueMin="38.0">
<elevation box="[694,798,1811,1837]" metricMagnitude="1" metricUnit="m" metricValue="3.9" metricValueMax="4.0" metricValueMin="3.8" pageId="103" pageNumber="104" unit="m" value="39.0" valueMax="40.0" valueMin="38.0">38–40 m</elevation>
</quantity>
, G
</materialsCitation>
. 
<materialsCitation box="[839,1370,1811,1837]" collectingDate="1981-11-03" collectionCode="R" collectorName="W. Starck &amp; A. Ayling" country="Australia" location="Allen" pageId="103" pageNumber="104" specimenCount="1">
<collectionCode box="[839,861,1811,1837]" country="Chile" name="Departamento de Geologia, Universidad de Chile" pageId="103" pageNumber="104">R</collectionCode>
. 
<location LSID="urn:lsid:plazi:treatment:335587B2C4311C66FF28FE6AFA65FEC4:BE23607FC4301C69FCD6FD63FC4FF8F4" box="[873,938,1811,1837]" country="Australia" name="Allen" pageId="103" pageNumber="104">Allen</location>
, 
<collectorName box="[951,1064,1811,1837]" pageId="103" pageNumber="104">W. Starck</collectorName>
&amp; 
<collectorName box="[1102,1216,1811,1837]" pageId="103" pageNumber="104">A. Ayling</collectorName>
, 
<date box="[1229,1370,1811,1837]" pageId="103" pageNumber="104" value="1981-11-03">
<collectingDate box="[1229,1370,1811,1837]" pageId="103" pageNumber="104" value="1981-11-03">3 Nov 1981</collectingDate>
</date>
</materialsCitation>
. 
<materialsCitation collectionCode="AMS" country="New Caledonia" location="New Caledonia" pageId="103" pageNumber="104" specimenCount="1">
<emphasis bold="true" pageId="103" pageNumber="104">
<collectingCountry name="New Caledonia" pageId="103" pageNumber="104">New Caledonia</collectingCountry>
.
</emphasis>
<collectionCode box="[286,347,1847,1873]" pageId="103" pageNumber="104">AMS</collectionCode>
I.47353-051, 3: 
<quantity box="[533,696,1847,1873]" metricMagnitude="-2" metricUnit="m" metricValue="2.555" metricValueMax="2.88" metricValueMin="2.23" pageId="103" pageNumber="104" unit="mm" value="25.55" valueMax="28.8" valueMin="22.3">22.3–28.8 mm</quantity>
SL
</materialsCitation>
, 
<materialsCitation collectingDate="2017-07-29" collectionCode="AMS" collectorName="Ichthyology" country="New Caledonia" elevation="26" latitude="-22.601334" location="Walpole Island" longLatPrecision="12" longitude="168.9455" pageId="103" pageNumber="104" specimenCount="1">
<collectionCode box="[746,807,1847,1873]" pageId="103" pageNumber="104">AMS</collectionCode>
I.47353.059, 2: 
<quantity box="[991,1149,1847,1873]" metricMagnitude="-2" metricUnit="m" metricValue="2.4" metricValueMax="2.42" metricValueMin="2.38" pageId="103" pageNumber="104" unit="mm" value="24.0" valueMax="24.2" valueMin="23.8">23.8-24.2 mm</quantity>
SL (subsequently cleared and stained), northwest side of 
<location LSID="urn:lsid:plazi:treatment:335587B2C4311C66FF28FE6AFA65FEC4:BE23607FC4301C69FE46FD2BFD40F8AC" box="[505,677,1883,1909]" country="New Caledonia" latitude="-22.601334" longLatPrecision="12" longitude="168.9455" name="Walpole Island" pageId="103" pageNumber="104">Walpole Island</location>
, 
<geoCoordinate box="[689,814,1884,1911]" degrees="22" direction="south" minutes="36.08" orientation="latitude" pageId="103" pageNumber="104" precision="9" value="-22.601334">22°36.08′S</geoCoordinate>
<geoCoordinate box="[821,963,1884,1911]" degrees="168" direction="east" minutes="56.73" orientation="longitude" pageId="103" pageNumber="104" precision="9" value="168.9455">168°56.73′E</geoCoordinate>
, 
<quantity box="[976,1078,1883,1909]" metricMagnitude="1" metricUnit="m" metricValue="2.6" metricValueMax="2.9" metricValueMin="2.3" pageId="103" pageNumber="104" unit="m" value="26.0" valueMax="29.0" valueMin="23.0">
<elevation box="[976,1078,1883,1909]" metricMagnitude="1" metricUnit="m" metricValue="2.6" metricValueMax="2.9" metricValueMin="2.3" pageId="103" pageNumber="104" unit="m" value="26.0" valueMax="29.0" valueMin="23.0">23–29 m</elevation>
</quantity>
, SWP 
<collectorName box="[1155,1290,1883,1909]" pageId="103" pageNumber="104">Ichthyology</collectorName>
team, 
<date pageId="103" pageNumber="104" value="2017-07-29">
<collectingDate pageId="103" pageNumber="104" value="2017-07-29">29 Jul 2017</collectingDate>
</date>
</materialsCitation>
. 
<materialsCitation collectingDate="1996-05-24" collectionCode="AMS" collectorName="M. McGrouther" country="Vanuatu" county="Wilson's Point" elevation="27" latitude="-18.8275" location="Erromango Island" longLatPrecision="13" longitude="169.00633" municipality="Dillon's Bay" pageId="103" pageNumber="104" specimenCount="1">
<emphasis bold="true" box="[221,330,1919,1945]" pageId="103" pageNumber="104">
<collectingCountry box="[221,325,1919,1945]" name="Vanuatu" pageId="103" pageNumber="104">Vanuatu</collectingCountry>
.
</emphasis>
<collectionCode box="[337,398,1919,1945]" pageId="103" pageNumber="104">AMS</collectionCode>
I.37304, 
<quantity box="[505,605,1919,1945]" metricMagnitude="-2" metricUnit="m" metricValue="3.26" pageId="103" pageNumber="104" unit="mm" value="32.6">32.6 mm</quantity>
SL, 
<location LSID="urn:lsid:plazi:treatment:335587B2C4311C66FF28FE6AFA65FEC4:BE23607FC4301C69FD2DFD0FFCBBF840" box="[658,862,1919,1945]" country="Vanuatu" county="Wilson's Point" latitude="-18.8275" longLatPrecision="13" longitude="169.00633" municipality="Dillon's Bay" name="Erromango Island" pageId="103" pageNumber="104">Erromango Island</location>
, south side of 
<collectingMunicipality box="[1023,1165,1919,1947]" pageId="103" pageNumber="104">Dillon′s Bay</collectingMunicipality>
, north shore of 
<collectingCounty pageId="103" pageNumber="104">Wilson′s Point</collectingCounty>
, 
<geoCoordinate box="[225,351,1956,1983]" degrees="18" direction="south" minutes="49.65" orientation="latitude" pageId="103" pageNumber="104" precision="9" value="-18.8275">18°49.65′S</geoCoordinate>
, 
<geoCoordinate box="[363,505,1956,1983]" degrees="169" direction="east" minutes="00.38" orientation="longitude" pageId="103" pageNumber="104" precision="9" value="169.00633">169°00.38′E</geoCoordinate>
, 
<quantity box="[517,619,1955,1982]" metricMagnitude="1" metricUnit="m" metricValue="2.7" metricValueMax="2.9" metricValueMin="2.5" pageId="103" pageNumber="104" unit="m" value="27.0" valueMax="29.0" valueMin="25.0">
<elevation box="[517,619,1955,1982]" metricMagnitude="1" metricUnit="m" metricValue="2.7" metricValueMax="2.9" metricValueMin="2.5" pageId="103" pageNumber="104" unit="m" value="27.0" valueMax="29.0" valueMin="25.0">25–29 m</elevation>
</quantity>
, 
<collectorName box="[631,808,1955,1981]" pageId="103" pageNumber="104">M. McGrouther</collectorName>
<emphasis box="[816,873,1955,1981]" italics="true" pageId="103" pageNumber="104">et al.</emphasis>
, 
<date box="[887,1041,1955,1981]" pageId="103" pageNumber="104" value="1996-05-24">
<collectingDate box="[887,1041,1955,1981]" pageId="103" pageNumber="104" value="1996-05-24">24 May 1996</collectingDate>
</date>
</materialsCitation>
. 
<materialsCitation collectingDate="2015-01-05" collectionCode="AMS" collectorName="S. E. Reader" country="Cook Islands" elevation="21" latitude="-19.983334" location="Nieu Beveridge Reef" longLatPrecision="1269" longitude="-167.75" pageId="103" pageNumber="104" specimenCount="1">
<emphasis bold="true" box="[1052,1216,1955,1981]" pageId="103" pageNumber="104">
<collectingCountry box="[1052,1211,1955,1981]" name="Cook Islands" pageId="103" pageNumber="104">Cook Islands</collectingCountry>
.
</emphasis>
<collectionCode box="[1223,1284,1955,1981]" pageId="103" pageNumber="104">AMS</collectionCode>
I.46733-033, 
<quantity box="[151,251,1991,2017]" metricMagnitude="-2" metricUnit="m" metricValue="3.96" pageId="103" pageNumber="104" unit="mm" value="39.6">39.6 mm</quantity>
SL, 
<location LSID="urn:lsid:plazi:treatment:335587B2C4311C66FF28FE6AFA65FEC4:BE23607FC4301C69FE8FFDB7FDC5F838" box="[304,544,1991,2017]" country="Cook Islands" latitude="-19.983334" longLatPrecision="1269" longitude="-167.75" name="Nieu Beveridge Reef" pageId="103" pageNumber="104">Nieu Beveridge Reef</location>
, west side of atoll, 
<geoCoordinate box="[759,850,1992,2019]" degrees="19" direction="south" minutes="59" orientation="latitude" pageId="103" pageNumber="104" precision="925" value="-19.983334">19°59′S</geoCoordinate>
, 
<geoCoordinate box="[862,973,1992,2019]" degrees="167" direction="west" minutes="45" orientation="longitude" pageId="103" pageNumber="104" precision="925" value="-167.75">167°45′W</geoCoordinate>
, 
<quantity box="[987,1088,1991,2017]" metricMagnitude="1" metricUnit="m" metricValue="2.05" metricValueMax="2.3" metricValueMin="1.8" pageId="103" pageNumber="104" unit="m" value="20.5" valueMax="23.0" valueMin="18.0">
<elevation box="[987,1088,1991,2017]" metricMagnitude="1" metricUnit="m" metricValue="2.05" metricValueMax="2.3" metricValueMin="1.8" pageId="103" pageNumber="104" unit="m" value="20.5" valueMax="23.0" valueMin="18.0">18–23 m</elevation>
</quantity>
, 
<collectorName box="[1100,1235,1991,2017]" pageId="103" pageNumber="104">S.E. Reader</collectorName>
, 
<date box="[1246,1371,1991,2018]" pageId="103" pageNumber="104" value="2015-01-05">
<collectingDate box="[1246,1371,1991,2018]" pageId="103" pageNumber="104" value="2015-01-05">5 Jan 2015</collectingDate>
</date>
</materialsCitation>
.
</paragraph>
<paragraph blockId="104.[151,1437,150,287]" pageId="104" pageNumber="105">
<emphasis bold="true" box="[199,931,150,176]" pageId="104" pageNumber="105">Additional specimens identified for distribution information.</emphasis>
<materialsCitation collectionCode="AMS" country="Australia" elevation="18" latitude="-13.933333" location="Coral Sea" longLatPrecision="1289" longitude="146.56667" municipality="Osprey Reef" pageId="104" pageNumber="105" specimenCount="1">
<emphasis bold="true" box="[938,1057,150,176]" pageId="104" pageNumber="105">
<collectingCountry box="[938,1052,150,176]" name="Australia" pageId="104" pageNumber="105">Australia</collectingCountry>
.
</emphasis>
<collectionCode box="[1065,1126,151,177]" pageId="104" pageNumber="105">AMS</collectionCode>
I.25107-072, 
<quantity box="[1287,1389,150,177]" metricMagnitude="-2" metricUnit="m" metricValue="2.85" pageId="104" pageNumber="105" unit="mm" value="28.5">28.5 mm</quantity>
SL, 
<location LSID="urn:lsid:plazi:treatment:335587B2C4311C66FF28FE6AFA65FEC4:BE23607FC43F1C66FF28FACBFEE2FF0C" box="[151,263,187,213]" country="Australia" latitude="-13.933333" longLatPrecision="1289" longitude="146.56667" municipality="Osprey Reef" name="Coral Sea" pageId="104" pageNumber="105">Coral Sea</location>
, 
<collectingMunicipality box="[274,418,187,213]" pageId="104" pageNumber="105">Osprey Reef</collectingMunicipality>
, west edge dropoff (
<geoCoordinate box="[645,735,188,215]" degrees="13" direction="south" minutes="56" orientation="latitude" pageId="104" pageNumber="105" precision="925" value="-13.933333">13°56′S</geoCoordinate>
<geoCoordinate box="[742,850,188,215]" degrees="146" direction="east" minutes="34" orientation="longitude" pageId="104" pageNumber="105" precision="925" value="146.56667">146°34′E</geoCoordinate>
), 
<quantity box="[870,970,186,213]" metricMagnitude="1" metricUnit="m" metricValue="1.75" metricValueMax="2.5" metricValueMin="1.0" pageId="104" pageNumber="105" unit="m" value="17.5" valueMax="25.0" valueMin="10.0">
<elevation box="[870,970,186,213]" metricMagnitude="1" metricUnit="m" metricValue="1.75" metricValueMax="2.5" metricValueMin="1.0" pageId="104" pageNumber="105" unit="m" value="17.5" valueMax="25.0" valueMin="10.0">10–25 m</elevation>
</quantity>
</materialsCitation>
, 
<materialsCitation box="[980,1251,187,213]" collectingDate="1984-11-06" collectionCode="AMS" country="Australia" pageId="104" pageNumber="105" specimenCount="1">
<collectionCode box="[980,1041,187,213]" pageId="104" pageNumber="105">AMS</collectionCode>
team, 
<date box="[1116,1251,187,213]" pageId="104" pageNumber="105" value="1984-11-06">
<collectingDate box="[1116,1251,187,213]" pageId="104" pageNumber="105" value="1984-11-06">6 Nov 1984</collectingDate>
</date>
</materialsCitation>
; 
<materialsCitation collectionCode="WAM" country="Australia" elevation="13" latitude="-16.516666" location="Coral Sea" longLatPrecision="1282" longitude="147.83333" municipality="Holmes Reef" pageId="104" pageNumber="105" specimenCount="1">
<collectionCode box="[1262,1330,187,213]" country="Australia" httpUri="http://biocol.org/urn:lsid:biocol.org:col:34981" lsid="urn:lsid:biocol.org:col:34981" name="Western Australian Museum" pageId="104" pageNumber="105" type="Museum">WAM</collectionCode>
P.28541- 038, 4: 
<quantity box="[241,364,223,249]" metricMagnitude="-2" metricUnit="m" metricValue="2.55" metricValueMax="3.0" metricValueMin="2.1" pageId="104" pageNumber="105" unit="mm" value="25.5" valueMax="30.0" valueMin="21.0">21–30 mm</quantity>
SL, 
<location LSID="urn:lsid:plazi:treatment:335587B2C4311C66FF28FE6AFA65FEC4:BE23607FC43F1C66FE19FAAFFDFCFF20" box="[422,537,223,249]" country="Australia" latitude="-16.516666" longLatPrecision="1282" longitude="147.83333" municipality="Holmes Reef" name="Coral Sea" pageId="104" pageNumber="105">Coral Sea</location>
, 
<collectingMunicipality box="[551,703,223,249]" pageId="104" pageNumber="105">Holmes Reef</collectingMunicipality>
, 
<geoCoordinate box="[717,807,224,251]" degrees="16" direction="south" minutes="31" orientation="latitude" pageId="104" pageNumber="105" precision="925" value="-16.516666">16°31′S</geoCoordinate>
, 
<geoCoordinate box="[822,929,224,251]" degrees="147" direction="east" minutes="50" orientation="longitude" pageId="104" pageNumber="105" precision="925" value="147.83333">147°50′E</geoCoordinate>
, 
<quantity box="[943,1046,223,249]" metricMagnitude="1" metricUnit="m" metricValue="1.3" metricValueMax="1.4" metricValueMin="1.2" pageId="104" pageNumber="105" unit="m" value="13.0" valueMax="14.0" valueMin="12.0">
<elevation box="[943,1046,223,249]" metricMagnitude="1" metricUnit="m" metricValue="1.3" metricValueMax="1.4" metricValueMin="1.2" pageId="104" pageNumber="105" unit="m" value="13.0" valueMax="14.0" valueMin="12.0">12–14 m</elevation>
</quantity>
, G
</materialsCitation>
. 
<materialsCitation box="[1088,1354,222,249]" collectingDate="1985-11-20" collectionCode="R" country="Australia" pageId="104" pageNumber="105" specimenCount="1">
<collectionCode box="[1088,1110,223,249]" country="Chile" name="Departamento de Geologia, Universidad de Chile" pageId="104" pageNumber="105">R</collectionCode>
. Allen, 
<date box="[1200,1354,222,249]" pageId="104" pageNumber="105" value="1985-11-20">
<collectingDate box="[1200,1354,222,249]" pageId="104" pageNumber="105" value="1985-11-20">20 Nov 1985</collectingDate>
</date>
</materialsCitation>
; 
<materialsCitation collectionCode="WAM" country="Australia" elevation="20" latitude="-17.0" location="Coral Sea" longLatPrecision="1280" longitude="149.11667" municipality="Herald Cays" pageId="104" pageNumber="105" specimenCount="1">
<collectionCode box="[1368,1436,223,249]" country="Australia" httpUri="http://biocol.org/urn:lsid:biocol.org:col:34981" lsid="urn:lsid:biocol.org:col:34981" name="Western Australian Museum" pageId="104" pageNumber="105" type="Museum">WAM</collectionCode>
P.28537-008, 3: 
<quantity box="[335,456,259,285]" metricMagnitude="-2" metricUnit="m" metricValue="2.4" metricValueMax="2.7" metricValueMin="2.1" pageId="104" pageNumber="105" unit="mm" value="24.0" valueMax="27.0" valueMin="21.0">21–27 mm</quantity>
SL, 
<location LSID="urn:lsid:plazi:treatment:335587B2C4311C66FF28FE6AFA65FEC4:BE23607FC43F1C66FE42FB73FD88FEC4" box="[509,621,259,285]" country="Australia" latitude="-17.0" longLatPrecision="1280" longitude="149.11667" municipality="Herald Cays" name="Coral Sea" pageId="104" pageNumber="105">Coral Sea</location>
, 
<collectingMunicipality box="[633,775,259,285]" pageId="104" pageNumber="105">Herald Cays</collectingMunicipality>
, 
<geoCoordinate box="[786,877,260,287]" degrees="17" direction="south" minutes="00" orientation="latitude" pageId="104" pageNumber="105" precision="925" value="-17.0">17°00′S</geoCoordinate>
, 
<geoCoordinate box="[889,996,260,287]" degrees="149" direction="east" minutes="07" orientation="longitude" pageId="104" pageNumber="105" precision="925" value="149.11667">149°07′E</geoCoordinate>
, 
<quantity box="[1007,1108,258,285]" metricMagnitude="1" metricUnit="m" metricValue="2.0" metricValueMax="2.5" metricValueMin="1.5" pageId="104" pageNumber="105" unit="m" value="20.0" valueMax="25.0" valueMin="15.0">
<elevation box="[1007,1108,258,285]" metricMagnitude="1" metricUnit="m" metricValue="2.0" metricValueMax="2.5" metricValueMin="1.5" pageId="104" pageNumber="105" unit="m" value="20.0" valueMax="25.0" valueMin="15.0">15–25 m</elevation>
</quantity>
, G
</materialsCitation>
. 
<materialsCitation box="[1147,1404,258,285]" collectingDate="1985-11-17" collectionCode="R" country="Australia" pageId="104" pageNumber="105" specimenCount="1">
<collectionCode box="[1147,1169,259,285]" country="Chile" name="Departamento de Geologia, Universidad de Chile" pageId="104" pageNumber="105">R</collectionCode>
. Allen, 
<date box="[1254,1404,258,285]" pageId="104" pageNumber="105" value="1985-11-17">
<collectingDate box="[1254,1404,258,285]" pageId="104" pageNumber="105" value="1985-11-17">17 Nov 1985</collectingDate>
</date>
</materialsCitation>
.
</paragraph>
</subSubSection>
</treatment>
</document>