<document ID-DOI="http://doi.org/10.5281/zenodo.4474413" ID-GBIF-Dataset="1e6b9c6c-c1ae-43ed-8417-70324a727566" ID-ISSN="1175-5326" ID-Zenodo-Dep="4474413" ID-ZooBank="3FEF9EA2-B755-4B22-8B6A-FAFC5C0FFCDF" _generate="added" approvalRequired="80" approvalRequired_for_bibRefs="2" approvalRequired_for_illustrations="40" approvalRequired_for_taxonomicNames="30" approvalRequired_for_treatments="8" checkinTime="1611651206508" checkinUser="plazi" docAuthor="Gill, Anthony C., Pogonoski, John J., Moore, Glenn I. &amp; Johnson, Jeffrey W." docDate="2021" docId="335587B2C4321C68FF28FAE7FAC5FC10" docLanguage="en" docName="zootaxa.4918.1.1.pdf" docOrigin="Zootaxa 4918 (1)" docStyle="DocumentStyle:5EBBA59367AD13919D70D935FA04F6A3.5:Zootaxa.2013.monograph" docStyleId="5EBBA59367AD13919D70D935FA04F6A3" docStyleName="Zootaxa.2013.monograph" docStyleVersion="5" docTitle="Plectranthias robertsi Randall &amp; Hoese" docType="treatment" docVersion="8" lastPageId="102" lastPageNumber="103" masterDocId="CF6CFFCAC4571C0EFFBFFA70FFE5FFD9" masterDocTitle="Review of Australian species of Plectranthias Bleeker and Selenanthias Tanaka (Teleostei: Serranidae: Anthiadinae), with descriptions of four new species" masterLastPageNumber="116" masterPageNumber="1" pageId="101" pageNumber="102" updateTime="1611781754199" updateUser="ExternalLinkService">
<mods:mods xmlns:mods="http://www.loc.gov/mods/v3">
<mods:titleInfo>
<mods:title>Review of Australian species of Plectranthias Bleeker and Selenanthias Tanaka (Teleostei: Serranidae: Anthiadinae), with descriptions of four new species</mods:title>
</mods:titleInfo>
<mods:name type="personal">
<mods:role>
<mods:roleTerm>Author</mods:roleTerm>
</mods:role>
<mods:namePart>Gill, Anthony C.</mods:namePart>
<mods:nameIdentifier type="ORCID">0000-0002-8990-3657</mods:nameIdentifier>
<mods:nameIdentifier type="email">anthony.c.gill@sydney.edu.au</mods:nameIdentifier>
</mods:name>
<mods:name type="personal">
<mods:role>
<mods:roleTerm>Author</mods:roleTerm>
</mods:role>
<mods:namePart>Pogonoski, John J.</mods:namePart>
<mods:nameIdentifier type="ORCID">0000-0002-4878-3919</mods:nameIdentifier>
<mods:nameIdentifier type="email">john.pogonoski@csiro.au</mods:nameIdentifier>
</mods:name>
<mods:name type="personal">
<mods:role>
<mods:roleTerm>Author</mods:roleTerm>
</mods:role>
<mods:namePart>Moore, Glenn I.</mods:namePart>
<mods:nameIdentifier type="ORCID">0000-0003-2413-5260</mods:nameIdentifier>
<mods:nameIdentifier type="email">moore@museum.wa.gov.au</mods:nameIdentifier>
</mods:name>
<mods:name type="personal">
<mods:role>
<mods:roleTerm>Author</mods:roleTerm>
</mods:role>
<mods:namePart>Johnson, Jeffrey W.</mods:namePart>
<mods:nameIdentifier type="ORCID">0000-0002-8990-3657</mods:nameIdentifier>
<mods:nameIdentifier type="email">anthony.c.gill@sydney.edu.au</mods:nameIdentifier>
</mods:name>
<mods:typeOfResource>text</mods:typeOfResource>
<mods:relatedItem type="host">
<mods:titleInfo>
<mods:title>Zootaxa</mods:title>
</mods:titleInfo>
<mods:part>
<mods:date>2021</mods:date>
<mods:detail type="pubDate">
<mods:number>2021-01-26</mods:number>
</mods:detail>
<mods:detail type="volume">
<mods:number>4918</mods:number>
</mods:detail>
<mods:detail type="issue">
<mods:number>1</mods:number>
</mods:detail>
<mods:extent unit="page">
<mods:start>1</mods:start>
<mods:end>116</mods:end>
</mods:extent>
</mods:part>
</mods:relatedItem>
<mods:classification>journal article</mods:classification>
<mods:identifier type="DOI">https://doi.org/10.11646/zootaxa.4918.1.1</mods:identifier>
<mods:identifier type="GBIF-Dataset">1e6b9c6c-c1ae-43ed-8417-70324a727566</mods:identifier>
<mods:identifier type="ISSN">1175-5326</mods:identifier>
<mods:identifier type="Zenodo-Dep">4471922</mods:identifier>
<mods:identifier type="ZooBank">3FEF9EA2-B755-4B22-8B6A-FAFC5C0FFCDF</mods:identifier>
</mods:mods>
<treatment ID-DOI="http://doi.org/10.5281/zenodo.4474413" ID-Zenodo-Dep="4474413" LSID="urn:lsid:plazi:treatment:335587B2C4321C68FF28FAE7FAC5FC10" httpUri="http://treatment.plazi.org/id/335587B2C4321C68FF28FAE7FAC5FC10" lastPageId="102" lastPageNumber="103" pageId="101" pageNumber="102">
<subSubSection box="[151,634,151,178]" pageId="101" pageNumber="102" type="nomenclature">
<paragraph blockId="101.[151,634,151,250]" box="[151,634,151,178]" pageId="101" pageNumber="102">
<heading bold="true" box="[151,634,151,178]" fontSize="11" level="2" pageId="101" pageNumber="102" reason="4">
<taxonomicName authority="Randall &amp; Hoese" authorityName="Randall &amp; Hoese" box="[151,634,151,178]" class="Actinopterygii" family="Serranidae" genus="Plectranthias" kingdom="Animalia" order="Perciformes" pageId="101" pageNumber="102" phylum="Chordata" rank="species" species="robertsi">
<emphasis bold="true" box="[151,634,151,178]" pageId="101" pageNumber="102">
<emphasis bold="true" box="[151,413,151,178]" italics="true" pageId="101" pageNumber="102">Plectranthias robertsi</emphasis>
Randall &amp; Hoese
</emphasis>
</taxonomicName>
</heading>
</paragraph>
</subSubSection>
<subSubSection box="[151,490,187,213]" pageId="101" pageNumber="102" type="description">
<paragraph blockId="101.[151,634,151,250]" box="[151,490,187,213]" pageId="101" pageNumber="102">
<figureCitation box="[151,258,187,213]" captionStart="FIGURE 9" captionStartId="37.[151,250,1712,1736]" captionTargetBox="[157,1432,745,1686]" captionTargetId="figure-274@37.[151,1436,741,1689]" captionTargetPageId="37" captionText="FIGURE 9. Distribution records for Plectranthias alleni (closed circles), P. grahami (open circle) and P. robertsi (triangles)." figureDoi="http://doi.org/10.5281/zenodo.4471941" httpUri="https://zenodo.org/record/4471941/files/figure.png" pageId="101" pageNumber="102">Figures 9</figureCitation>
, 
<figureCitation box="[270,301,187,213]" captionStart="FIGURE 42" captionStartId="101.[151,250,1492,1516]" captionTargetBox="[160,1425,912,1459]" captionTargetId="figure-271@101.[151,1435,905,1469]" captionTargetPageId="101" captionText="FIGURE 42. Plectranthias robertsi, CSIRO H 3645-13, 97.8 mm SL, freshly dead, east of Rockingham Bay, Queensland. Photo by T. Carter, CSIRO." figureDoi="http://doi.org/10.5281/zenodo.4472013" httpUri="https://zenodo.org/record/4472013/files/figure.png" pageId="101" pageNumber="102">42</figureCitation>
; 
<tableCitation box="[312,450,187,213]" captionStart-0="TABLE 1" captionStart-1="TABLE 2" captionStart-10="TABLE 11" captionStart-11="TABLE 12" captionStart-12="TABLE 13" captionStart-13="TABLE 14" captionStart-14="TABLE 15" captionStart-15="TABLE 16" captionStart-2="TABLE 3" captionStart-3="TABLE 4" captionStart-4="TABLE 5" captionStart-5="TABLE 6" captionStart-6="TABLE 7" captionStart-7="TABLE 8" captionStart-8="TABLE 9" captionStart-9="TABLE 10" captionStartId-0="8.[151,239,520,546]" captionStartId-1="9.[151,239,566,592]" captionStartId-10="20.[151,239,540,566]" captionStartId-11="21.[151,239,542,568]" captionStartId-12="22.[151,239,484,510]" captionStartId-13="24.[151,239,462,488]" captionStartId-14="26.[151,239,559,585]" captionStartId-15="27.[151,239,486,512]" captionStartId-2="10.[151,239,538,564]" captionStartId-3="11.[151,239,558,584]" captionStartId-4="12.[151,239,538,564]" captionStartId-5="13.[151,239,487,513]" captionStartId-6="14.[151,239,151,175]" captionStartId-7="15.[151,239,522,548]" captionStartId-8="17.[151,239,519,545]" captionStartId-9="19.[151,239,872,896]" captionText-0="TABLE 1. Frequency distributions for counts of dorsal, anal and pectoral rays of Australian Plectranthias and Selenanthias species. Frequencies are based on examined specimens. Frequencies for pectoral rays include bilateral counts. “L” indicates additional variation noted in literature on each species. Data for S. analis based on Australian specimens only." captionText-1="TABLE 2. Frequency distributions for counts of caudal rays of Australian Plectranthias and Selenanthias species. Data for S. analis based on Australian specimens only." captionText-10="TABLE 11. Summary of fin characters of Australian Plectranthias and Selenanthias species. Data for S. analis based on Australian specimens only. Caudal ray counts are presented as upper procurrent + upper principal + lower principal + lower procurrent = total rays." captionText-11="TABLE 12. Summary of body squamation characters for Australian species of Plectranthias and Selenanthias. Data for S. analis based on Australian specimens only." captionText-12="TABLE 13. Summary of selected head squamation characters for Australian species of Plectranthias and Selenanthias. Data for S. analis based on Australian specimens only." captionText-13="TABLE 14. Summary of gill-raker counts and selected osteological characters for Australian species of Plectranthias and Selenanthias. Data for S. analis based on Australian specimens only." captionText-14="TABLE 15. Summary of head serration characters for Australian species of Plectranthias and Selenanthias. Data for S. analis based on Australian specimens only." captionText-15="TABLE 16. Distribution and known depth ranges for Australian species of Plectranthias and Selenanthias. Data for Plectranthias species are from Allen &amp; Walsh (2015: tab. 1), supplemented with new observations." captionText-2="TABLE 3. Frequency distributions for counts of upper and lower gill rakers of Australian Plectranthias and Selenanthias species. “L” indicates additional variation noted in literature on each species. Data for S. analis based on Australian specimens only." captionText-3="TABLE 4. Frequency distributions for counts of total gill rakers of Australian Plectranthias and Selenanthias species. “L” indicates additional variation noted in literature on each species. Data for S. analis based on Australian specimens only." captionText-4="TABLE 5. Vertebral counts for Australian Plectranthias and Selenanthias species. “L” indicates additional variation noted in literature on each species. Data for S. analis based on Australian specimens only." captionText-5="TABLE 6. Supraneural and dorsal pterygiophore insertion patterns for Australian Plectranthias and Selenanthias species." captionText-6="TABLE 7. Position of terminal dorsal and anal pterygiophores in interneural and interhaemal spaces for Australian Plectranthias and Selenanthias species." captionText-7="TABLE 8. Frequency distributions for counts of tubed lateral-line scales of Australian Plectranthias and Selenanthias species. Frequencies are based on examined specimens and include bilateral counts. Where series are interrupted in P. inermis, P. fourmanoiri and P. winniensis, counts are of the anterior series of tubed scales. “L” indicates additional variation noted in literature on each species. Data for S. analis based only on Australian specimens." captionText-8="TABLE 9. Frequency distributions for counts of scales above and below the lateral line for Australian Plectranthias and Selenanthias species. Frequencies include bilateral counts. Data for S. analis based only on Australian specimens." captionText-9="TABLE 10. Frequency distributions for counts of circumpeduncular scales for Australian Plectranthias and Selenanthias species. Data for S. analis based only on Australian specimens." pageId="101" pageNumber="102">Tables 1–16</tableCitation>
, 
<tableCitation box="[462,490,187,213]" captionStart="TABLE 19" captionStartId="35.[151,234,637,661]" captionText="TABLE 19. Morphometric values for Plectranthias alleni, P. japonicus, P. maculicauda and P. robertsi expressed as percentages of SL." pageId="101" pageNumber="102">19</tableCitation>
</paragraph>
</subSubSection>
<subSubSection box="[151,575,223,250]" pageId="101" pageNumber="102" type="vernacular_names">
<paragraph blockId="101.[151,634,151,250]" box="[151,575,223,250]" pageId="101" pageNumber="102">Common name: Filamentous Perchlet</paragraph>
</subSubSection>
<subSubSection pageId="101" pageNumber="102" type="reference_group">
<paragraph blockId="101.[151,1437,291,377]" pageId="101" pageNumber="102">
<treatmentCitationGroup pageId="101" pageNumber="102">
<taxonomicName authority="Randall &amp; Hoese 1995: 328" authorityName="Randall &amp; Hoese" authorityPageNumber="328" authorityYear="1995" box="[151,660,291,316]" class="Actinopterygii" family="Serranidae" genus="Plectranthias" kingdom="Animalia" order="Perciformes" pageId="101" pageNumber="102" phylum="Chordata" rank="species" species="robertsi">
<treatmentCitation author="Randall, J. E. &amp; Hoese, D. F." box="[151,660,291,316]" page="328" pageId="101" pageNumber="102" year="1995">
<emphasis box="[151,372,292,316]" italics="true" pageId="101" pageNumber="102">Plectranthias robertsi</emphasis>
<bibRefCitation author="Randall, J. E. &amp; Hoese, D. F." box="[378,660,291,316]" pageId="101" pageNumber="102" pagination="327 - 335" refId="ref74208" refString="Randall, J. E. &amp; Hoese, D. F. (1995) Three new species of Australian fishes of the genus Plectranthias (Perciformes: Serranidae: Anthiinae). Records of the Australian Museum, 47, 327 - 335. https: // doi. org / 10.3853 / j. 0067 - 1975.47.1995.241" type="journal article" year="1995">Randall &amp; Hoese 1995: 328</bibRefCitation>
</treatmentCitation>
</taxonomicName>
, fig. 2, table 1 (
<typeStatus box="[814,859,292,316]" pageId="101" pageNumber="102">type</typeStatus>
locality, east of Hinchinbrook Island, 
<collectingRegion box="[1243,1366,292,316]" country="Australia" name="Queensland" pageId="101" pageNumber="102">Queensland</collectingRegion>
).— 
<bibRefCitation author="Allen, G. R. &amp; Hoese, D. F. &amp; Cross, N. J. &amp; Bray, D. J." pageId="101" pageNumber="102" pagination="982 - 997" refId="ref69597" refString="Allen, G. R., Hoese, D. F., Cross, N. J. &amp; Bray, D. J. (2006) Anthiinae. Basslets, seaperches. In: Beesley, P. L. &amp; Wells, A., Zoological Catalogue of Australia. Vol. 35. Fishes. Part 2. ABRS &amp; CSIRO Publishing, Collingwood, pp. 982 - 997." type="book chapter" year="2006">
<treatmentCitation author="Allen, G. R. &amp; Hoese, D. F. &amp; Cross, N. J. &amp; Bray, D. J." page="991" pageId="101" pageNumber="102" year="2006">
Allen 
<emphasis box="[237,289,322,346]" italics="true" pageId="101" pageNumber="102">et al.</emphasis>
2006: 991
</treatmentCitation>
</bibRefCitation>
(checklist).— 
<bibRefCitation author="Last, P. R. &amp; Pogonoski, J. P. &amp; Gledhill, D. C. &amp; White, W. T. &amp; Walker, C. J." box="[542,754,322,346]" pageId="101" pageNumber="102" pagination="191 - 224" refId="ref73022" refString="Last, P. R., Pogonoski, J. P., Gledhill, D. C., White, W. T. &amp; Walker, C. J. (2014) The deepwater demersal ichthyofauna of the western Coral Sea. Zootaxa, 3887, 191 - 224." type="journal article" year="2014">
<treatmentCitation author="Last, P. R. &amp; Pogonoski, J. P. &amp; Gledhill, D. C. &amp; White, W. T. &amp; Walker, C. J." box="[542,754,322,346]" page="217" pageId="101" pageNumber="102" year="2014">
Last 
<emphasis box="[593,645,322,346]" italics="true" pageId="101" pageNumber="102">et al.</emphasis>
2014: 217
</treatmentCitation>
</bibRefCitation>
(list).— 
<bibRefCitation author="Anderson, W. D. Jr" box="[836,1035,322,346]" pageId="101" pageNumber="102" pagination="1 - 62" refId="ref70044" refString="Anderson, W. D. Jr (2018) Annotated checklist of anthiadine fishes (Percoidei: Serranidae). Zootaxa, 4475 (1), 1 - 62. https: // doi. org / 10.11646 / zootaxa. 4475.1.1" type="journal article" year="2018">
<treatmentCitation author="Anderson, W. D. Jr" box="[836,1035,322,346]" httpUri="http://treatment.plazi.org/id/03FC347CFFD1FFF5FF5AF888BEF7FF4D" page="32" pageId="101" pageNumber="102" year="2018">Anderson 2018: 32</treatmentCitation>
</bibRefCitation>
(checklist). — 
<bibRefCitation author="Parenti, P. &amp; Randall, J. E." pageId="101" pageNumber="102" pagination="1 - 170" refId="ref73460" refString="Parenti, P. &amp; Randall, J. E. (2020) An annotated checklist of the fishes of the family Serranidae of the world with description of two new related families of fishes. FishTaxa, 15, 1 - 170." type="journal article" year="2020">
<treatmentCitation author="Parenti, P. &amp; Randall, J. E." page="29" pageId="101" pageNumber="102" year="2020">Parenti &amp; Randall 2020: 29</treatmentCitation>
</bibRefCitation>
(checklist).
</treatmentCitationGroup>
</paragraph>
</subSubSection>
<subSubSection pageId="101" pageNumber="102" type="diagnosis">
<paragraph blockId="101.[151,1437,423,882]" pageId="101" pageNumber="102">
<emphasis bold="true" box="[151,274,423,449]" pageId="101" pageNumber="102">Diagnosis.</emphasis>
The following combination of characters distinguishes 
<taxonomicName box="[916,1034,423,449]" class="Actinopterygii" family="Serranidae" genus="Plectranthias" kingdom="Animalia" order="Perciformes" pageId="101" pageNumber="102" phylum="Chordata" rank="species" species="robertsi">
<emphasis box="[916,1034,423,449]" italics="true" pageId="101" pageNumber="102">P. robertsi</emphasis>
</taxonomicName>
from congeners: segmented dorsal rays 15; fourth or fifth dorsal-fin spine longest; pectoral rays 15–16, usually 16; lateral line complete, with 30–35 tubed scales; circumpeduncular scales 15–16; outer margin of preopercle with 26–52 serrae, and no enlarged antrorse serrations ventrally; scales present on maxilla; scales present on anguloarticular, none on dentary; gill rakers 5–8+13–16, usually 6–7+13–14. The species is also distinctive in having the posterior branch of the second segmented pelvic-fin ray filamentous, and a generally pale preserved coloration with dusky spots on the anterior few lateral-line scales.
</paragraph>
</subSubSection>
<subSubSection pageId="101" pageNumber="102" type="discussion">
<paragraph blockId="101.[151,1437,423,882]" pageId="101" pageNumber="102">
<emphasis bold="true" box="[199,315,675,701]" pageId="101" pageNumber="102">Remarks.</emphasis>
<bibRefCitation author="Randall, J. E. &amp; Hoese, D. F." box="[324,603,675,702]" pageId="101" pageNumber="102" pagination="327 - 335" refId="ref74208" refString="Randall, J. E. &amp; Hoese, D. F. (1995) Three new species of Australian fishes of the genus Plectranthias (Perciformes: Serranidae: Anthiinae). Records of the Australian Museum, 47, 327 - 335. https: // doi. org / 10.3853 / j. 0067 - 1975.47.1995.241" type="journal article" year="1995">Randall &amp; Hoese (1995)</bibRefCitation>
described 
<taxonomicName box="[728,845,675,701]" class="Actinopterygii" family="Serranidae" genus="Plectranthias" kingdom="Animalia" order="Perciformes" pageId="101" pageNumber="102" phylum="Chordata" rank="species" species="robertsi">
<emphasis box="[728,845,675,701]" italics="true" pageId="101" pageNumber="102">P. robertsi</emphasis>
</taxonomicName>
on the basis of the 
<typeStatus box="[1073,1171,675,701]" pageId="101" pageNumber="102">holotype</typeStatus>
and 
<specimenCount box="[1229,1373,675,702]" pageId="101" pageNumber="102" type="generic" typeStatus="paratypes">32 paratypes</specimenCount>
from various localities off the 
<collectingRegion box="[429,561,711,737]" country="Australia" name="Queensland" pageId="101" pageNumber="102">Queensland</collectingRegion>
coast (ranging from about 17° to 
<geoCoordinate box="[940,998,711,737]" degrees="23" direction="south" orientation="latitude" pageId="101" pageNumber="102" precision="55555" value="-23.0">23°S</geoCoordinate>
). Although Randall &amp; Hoese described freshly dead coloration for the species based on a colour slide of one of their specimens, they did not publish the photo. We located three specimens from east of Rockingham Bay, two of which were photographed when fresh. We reproduce one of the photos here (
<figureCitation box="[593,709,819,845]" captionStart="FIGURE 42" captionStartId="101.[151,250,1492,1516]" captionTargetBox="[160,1425,912,1459]" captionTargetId="figure-271@101.[151,1435,905,1469]" captionTargetPageId="101" captionText="FIGURE 42. Plectranthias robertsi, CSIRO H 3645-13, 97.8 mm SL, freshly dead, east of Rockingham Bay, Queensland. Photo by T. Carter, CSIRO." figureDoi="http://doi.org/10.5281/zenodo.4472013" httpUri="https://zenodo.org/record/4472013/files/figure.png" pageId="101" pageNumber="102">Figure 42</figureCitation>
). Additional type and non-type specimens were examined from throughout the range of the species (
<figureCitation box="[558,656,855,881]" captionStart="FIGURE 9" captionStartId="37.[151,250,1712,1736]" captionTargetBox="[157,1432,745,1686]" captionTargetId="figure-274@37.[151,1436,741,1689]" captionTargetPageId="37" captionText="FIGURE 9. Distribution records for Plectranthias alleni (closed circles), P. grahami (open circle) and P. robertsi (triangles)." figureDoi="http://doi.org/10.5281/zenodo.4471941" httpUri="https://zenodo.org/record/4471941/files/figure.png" pageId="101" pageNumber="102">Figure 9</figureCitation>
).
</paragraph>
</subSubSection>
<caption ID-DOI="http://doi.org/10.5281/zenodo.4472013" ID-Zenodo-Dep="4472013" httpUri="https://zenodo.org/record/4472013/files/figure.png" pageId="101" pageNumber="102" startId="101.[151,250,1492,1516]" targetBox="[160,1425,912,1459]" targetPageId="101">
<paragraph blockId="101.[151,1437,1492,1553]" pageId="101" pageNumber="102">
<emphasis bold="true" box="[151,291,1492,1516]" pageId="101" pageNumber="102">FIGURE 42.</emphasis>
<taxonomicName authority=", CSIRO H" authorityName="CSIRO H" box="[299,641,1493,1517]" class="Actinopterygii" family="Serranidae" genus="Plectranthias" kingdom="Animalia" order="Perciformes" pageId="101" pageNumber="102" phylum="Chordata" rank="species" species="robertsi">
<emphasis box="[299,524,1493,1517]" italics="true" pageId="101" pageNumber="102">Plectranthias robertsi</emphasis>
, CSIRO H
</taxonomicName>
3645-13, 97.8 mm SL, freshly dead, east of Rockingham Bay, Queensland. Photo by T. Carter, CSIRO.
</paragraph>
</caption>
<subSubSection pageId="101" pageNumber="102" type="description">
<paragraph blockId="101.[151,1437,1599,2023]" pageId="101" pageNumber="102">We add the following new observations: scales with basal cteni; vertebrae 10+16; supraneurals 2; predorsal formula 0/0/2/1+1; dorsal pterygiophores in interneural spaces 9–13 1/1/1+1/1+1/1 or 1/1/1+1/1+1/1+1; 8–9 trisegmental pterygiophores associated with dorsal fin; terminal dorsal pterygiophore in interneural space 17; 4–6 trisegmental pterygiophores associated with anal fin; terminal anal pterygiophore in interhaemal space 4–5; ribs present on vertebrae 3 through 9–10; epineurals present on vertebrae 1 through 9–10; parhypural and hypurals autogenous; well-developed hypurapophysis on parhypural; epurals 3; single uroneural (posterior uroneural absent); ventral tip of cleithrum with well-developed posteroventral process; proximal tip of first anal-fin pterygiophore near distal tips of parapophyses on vertebra 10.</paragraph>
<paragraph blockId="101.[151,1437,1599,2023]" box="[199,737,1887,1913]" pageId="101" pageNumber="102">
Morphometric data are summarised in 
<tableCitation box="[633,733,1887,1913]" captionStart="TABLE 19" captionStartId="35.[151,234,637,661]" captionText="TABLE 19. Morphometric values for Plectranthias alleni, P. japonicus, P. maculicauda and P. robertsi expressed as percentages of SL." pageId="101" pageNumber="102">Table 19</tableCitation>
.
</paragraph>
</subSubSection>
<subSubSection lastPageId="102" lastPageNumber="103" pageId="101" pageNumber="102" type="materials_examined">
<paragraph blockId="101.[151,1437,1599,2023]" lastBlockId="102.[151,1437,150,971]" lastPageId="102" lastPageNumber="103" pageId="101" pageNumber="102">
<emphasis bold="true" box="[199,432,1922,1948]" pageId="101" pageNumber="102">Material examined.</emphasis>
<materialsCitation collectingDate="1979-02-27" collectionCode="AMS" country="Australia" elevation="357" latitude="-18.05" location="Hinchinbrook Island" longLatPrecision="1276" longitude="147.16667" municipality="Australian Institute of Marine Science" pageId="101" pageNumber="102" specimenCount="1" stateProvince="Queensland" typeStatus="holotype">
<emphasis bold="true" box="[437,709,1922,1948]" pageId="101" pageNumber="102">
<collectingRegion box="[437,580,1922,1948]" country="Australia" name="Queensland" pageId="101" pageNumber="102">Queensland</collectingRegion>
, 
<collectingCountry box="[590,704,1922,1948]" name="Australia" pageId="101" pageNumber="102">Australia</collectingCountry>
.
</emphasis>
<collectionCode box="[714,775,1923,1949]" pageId="101" pageNumber="102">AMS</collectionCode>
I.20968-003, 
<quantity box="[931,1030,1923,1949]" metricMagnitude="-2" metricUnit="m" metricValue="8.709999999999999" pageId="101" pageNumber="102" unit="mm" value="87.1">87.1 mm</quantity>
SL (
<typeStatus box="[1080,1184,1923,1950]" pageId="101" pageNumber="102">holotype</typeStatus>
), east of 
<location LSID="urn:lsid:plazi:treatment:335587B2C4321C68FF28FAE7FAC5FC10:BE23607FC4321C6BFABEFDF3FF3BF818" country="Australia" latitude="-18.05" longLatPrecision="1276" longitude="147.16667" municipality="Australian Institute of Marine Science" name="Hinchinbrook Island" pageId="101" pageNumber="102" stateProvince="Queensland">Hinchinbrook Island</location>
, 
<geoCoordinate box="[237,328,1960,1987]" degrees="18" direction="south" minutes="03" orientation="latitude" pageId="101" pageNumber="102" precision="925" value="-18.05">18°03′S</geoCoordinate>
, 
<geoCoordinate box="[343,450,1960,1987]" degrees="147" direction="east" minutes="10" orientation="longitude" pageId="101" pageNumber="102" precision="925" value="147.16667">147°10′E</geoCoordinate>
, 
<quantity box="[465,541,1959,1986]" metricMagnitude="2" metricUnit="m" metricValue="3.57" pageId="101" pageNumber="102" unit="m" value="357.0">
<elevation box="[465,541,1959,1986]" metricMagnitude="2" metricUnit="m" metricValue="3.57" pageId="101" pageNumber="102" unit="m" value="357.0">357 m</elevation>
</quantity>
, prawn trawl, Australian Museum and 
<collectingMunicipality box="[995,1436,1959,1985]" pageId="101" pageNumber="102">Australian Institute of Marine Science</collectingMunicipality>
team, 
<date box="[220,365,1995,2021]" pageId="101" pageNumber="102" value="1979-02-27">
<collectingDate box="[220,365,1995,2021]" pageId="101" pageNumber="102" value="1979-02-27">27 Feb 1979</collectingDate>
</date>
</materialsCitation>
; 
<materialsCitation box="[376,1432,1995,2023]" collectionCode="AMS" country="Australia" latitude="-22.009666" location="Swains Reef" longLatPrecision="12" longitude="152.999" pageId="101" pageNumber="102" specimenCount="1" stateProvince="Queensland" typeStatus="holotype">
<collectionCode box="[376,437,1995,2021]" pageId="101" pageNumber="102">AMS</collectionCode>
I.37598-006, 
<quantity box="[596,697,1995,2021]" metricMagnitude="-2" metricUnit="m" metricValue="7.33" pageId="101" pageNumber="102" unit="mm" value="73.3">73.3 mm</quantity>
SL, east of 
<location LSID="urn:lsid:plazi:treatment:335587B2C4321C68FF28FAE7FAC5FC10:BE23607FC4321C6BFCFDFDBBFC36F83C" box="[834,979,1995,2021]" country="Australia" latitude="-22.009666" longLatPrecision="12" longitude="152.999" name="Swains Reef" pageId="101" pageNumber="102" stateProvince="Queensland">Swains Reef</location>
, 
<geoCoordinate box="[990,1116,1996,2023]" degrees="21" direction="south" minutes="48.44" orientation="latitude" pageId="101" pageNumber="102" precision="9" value="-21.807333">21°48.44′S</geoCoordinate>
, 
<geoCoordinate box="[1129,1269,1996,2023]" degrees="152" direction="east" minutes="59.94" orientation="longitude" pageId="101" pageNumber="102" precision="9" value="152.999">152°59.94′E</geoCoordinate>
to 22°00.58′S
</materialsCitation>
, 153°06.88′E, 
<quantity box="[307,382,151,177]" metricMagnitude="2" metricUnit="m" metricValue="2.01" pageId="102" pageNumber="103" unit="m" value="201.0">201 m</quantity>
, trap, J. Lowry &amp; K. Dempsey, FV 
<emphasis box="[797,936,151,177]" italics="true" pageId="102" pageNumber="103">Capricorn 1</emphasis>
, 
<date box="[952,1099,150,177]" pageId="102" pageNumber="103" value="1995-09-14">14 Sep 1995</date>
; 
<materialsCitation collectionCode="AMS" location="Swains Reef" pageId="102" pageNumber="103" specimenCount="1">
<collectionCode box="[1111,1172,151,177]" pageId="102" pageNumber="103">AMS</collectionCode>
I.38088-013, 
<quantity box="[1335,1437,151,177]" metricMagnitude="-2" metricUnit="m" metricValue="6.27" pageId="102" pageNumber="103" unit="mm" value="62.7">62.7 mm</quantity>
SL, east of 
<location LSID="urn:lsid:plazi:treatment:335587B2C4321C68FF28FAE7FAC5FC10:BE23607FC4311C68FE9DFACBFE53FF0C" box="[290,438,187,213]" name="Swains Reef" pageId="102" pageNumber="103">Swains Reef</location>
</materialsCitation>
, 
<geoCoordinate box="[452,579,188,215]" degrees="21" direction="south" minutes="50.99" orientation="latitude" pageId="102" pageNumber="103" precision="9" value="-21.849833">21°50.99′S</geoCoordinate>
, 
<geoCoordinate box="[594,734,188,215]" degrees="153" direction="east" minutes="01.40" orientation="longitude" pageId="102" pageNumber="103" precision="9" value="153.02333">153°01.40′E</geoCoordinate>
to 
<materialsCitation collectingDate="1995-09-11" collectorName="J. K. Lowry &amp; K. Dempsey" elevation="199" latitude="-21.99" location="Seadar Bay" longLatPrecision="125" longitude="153.11" pageId="102" pageNumber="103" specimenCount="1">
<geoCoordinate box="[777,889,188,215]" degrees="21" direction="south" minutes="59.4" orientation="latitude" pageId="102" pageNumber="103" precision="92" value="-21.99">21°59.4′S</geoCoordinate>
, 
<geoCoordinate box="[905,1032,188,215]" degrees="153" direction="east" minutes="06.6" orientation="longitude" pageId="102" pageNumber="103" precision="92" value="153.11">153°06.6′E</geoCoordinate>
, 
<quantity box="[1048,1125,187,213]" metricMagnitude="2" metricUnit="m" metricValue="1.9899999999999998" pageId="102" pageNumber="103" unit="m" value="199.0">
<elevation box="[1048,1125,187,213]" metricMagnitude="2" metricUnit="m" metricValue="1.9899999999999998" pageId="102" pageNumber="103" unit="m" value="199.0">199 m</elevation>
</quantity>
, bottom trawl, 
<collectorName box="[1306,1437,187,213]" pageId="102" pageNumber="103">J.K. Lowry</collectorName>
&amp; 
<collectorName box="[182,324,223,249]" pageId="102" pageNumber="103">K. Dempsey</collectorName>
aboard FV 
<emphasis box="[461,594,223,249]" italics="true" pageId="102" pageNumber="103">
<location LSID="urn:lsid:plazi:treatment:335587B2C4321C68FF28FAE7FAC5FC10:BE23607FC4311C68FE72FAAFFDB7FF21" box="[461,594,223,249]" latitude="-21.99" longLatPrecision="125" longitude="153.11" name="Seadar Bay" pageId="102" pageNumber="103">Seadar Bay</location>
</emphasis>
, 
<date box="[609,755,222,249]" pageId="102" pageNumber="103" value="1995-09-11">
<collectingDate box="[609,755,222,249]" pageId="102" pageNumber="103" value="1995-09-11">11 Sep 1995</collectingDate>
</date>
</materialsCitation>
; 
<materialsCitation collectionCode="CSIRO" location="Dunk Island" pageId="102" pageNumber="103" specimenCode="H 682-1" specimenCount="1" typeStatus="paratype">
<collectionCode box="[768,850,223,249]" country="Australia" httpUri="http://grbio.org/cool/0k2v-y6wz" name="Australian National Fish Collection" pageId="102" pageNumber="103" type="Museum">CSIRO</collectionCode>
<specimenCode box="[859,956,223,249]" collectionCode="CSIRO" country="Australia" httpUri="http://grbio.org/cool/0k2v-y6wz" name="Australian National Fish Collection" pageId="102" pageNumber="103" type="Museum">H 682-1</specimenCode>
, 
<quantity box="[970,1071,223,249]" metricMagnitude="-2" metricUnit="m" metricValue="7.88" pageId="102" pageNumber="103" unit="mm" value="78.8">78.8 mm</quantity>
SL (
<typeStatus box="[1128,1230,223,249]" pageId="102" pageNumber="103">paratype</typeStatus>
), east of 
<location LSID="urn:lsid:plazi:treatment:335587B2C4321C68FF28FAE7FAC5FC10:BE23607FC4311C68FA87FAAFFF2FFEC4" name="Dunk Island" pageId="102" pageNumber="103">Dunk Island</location>
</materialsCitation>
, 
<geoCoordinate box="[216,329,260,287]" degrees="17" direction="south" minutes="59.9" orientation="latitude" pageId="102" pageNumber="103" precision="92" value="-17.998333">17°59.9′S</geoCoordinate>
, 
<geoCoordinate box="[343,468,260,287]" degrees="147" direction="east" minutes="02.9" orientation="longitude" pageId="102" pageNumber="103" precision="92" value="147.04834">147°02.9′E</geoCoordinate>
to 
<materialsCitation collectingDate="1985-11-29" collectionCode="RV" collectorName="J. Stevens" elevation="251" latitude="-17.96" location="Soela Station" longLatPrecision="127" longitude="147.005" pageId="102" pageNumber="103" specimenCount="1" typeStatus="paratype">
<geoCoordinate box="[510,622,260,287]" degrees="17" direction="south" minutes="57.6" orientation="latitude" pageId="102" pageNumber="103" precision="92" value="-17.96">17°57.6′S</geoCoordinate>
, 
<geoCoordinate box="[636,764,260,287]" degrees="147" direction="east" minutes="00.3" orientation="longitude" pageId="102" pageNumber="103" precision="92" value="147.005">147°00.3′E</geoCoordinate>
, 
<quantity box="[779,910,258,285]" metricMagnitude="2" metricUnit="m" metricValue="2.51" metricValueMax="2.52" metricValueMin="2.5" pageId="102" pageNumber="103" unit="m" value="251.0" valueMax="252.0" valueMin="250.0">
<elevation box="[779,910,258,285]" metricMagnitude="2" metricUnit="m" metricValue="2.51" metricValueMax="2.52" metricValueMin="2.5" pageId="102" pageNumber="103" unit="m" value="251.0" valueMax="252.0" valueMin="250.0">250–252 m</elevation>
</quantity>
, lobster trawl, 
<collectionCode box="[1085,1121,259,285]" country="Italy" name="Collection of Leptospira Strains" pageId="102" pageNumber="103">RV</collectionCode>
<location LSID="urn:lsid:plazi:treatment:335587B2C4321C68FF28FAE7FAC5FC10:BE23607FC4311C68FBD4FB73FAE7FEC4" box="[1131,1282,259,285]" latitude="-17.96" longLatPrecision="127" longitude="147.005" name="Soela Station" pageId="102" pageNumber="103">
<emphasis box="[1131,1193,259,285]" italics="true" pageId="102" pageNumber="103">Soela</emphasis>
Station
</location>
SO06-85/44, 
<collectorName box="[151,267,295,321]" pageId="102" pageNumber="103">J. Stevens</collectorName>
, 
<date box="[279,430,294,321]" pageId="102" pageNumber="103" value="1985-11-29">
<collectingDate box="[279,430,294,321]" pageId="102" pageNumber="103" value="1985-11-29">29 Nov 1985</collectingDate>
</date>
</materialsCitation>
; 
<materialsCitation box="[443,1144,295,321]" collectionCode="CSIRO" location="Dunk Island" pageId="102" pageNumber="103" specimenCode="H 691-1" specimenCount="1" typeStatus="paratype">
<collectionCode box="[443,525,295,321]" country="Australia" httpUri="http://grbio.org/cool/0k2v-y6wz" name="Australian National Fish Collection" pageId="102" pageNumber="103" type="Museum">CSIRO</collectionCode>
<specimenCode box="[533,629,295,321]" collectionCode="CSIRO" country="Australia" httpUri="http://grbio.org/cool/0k2v-y6wz" name="Australian National Fish Collection" pageId="102" pageNumber="103" type="Museum">H 691-1</specimenCode>
, 81.0 mm SL (
<typeStatus box="[798,900,295,321]" pageId="102" pageNumber="103">paratype</typeStatus>
), east of 
<location LSID="urn:lsid:plazi:treatment:335587B2C4321C68FF28FAE7FAC5FC10:BE23607FC4311C68FC54FB57FB9DFE98" box="[1003,1144,295,321]" name="Dunk Island" pageId="102" pageNumber="103">Dunk Island</location>
</materialsCitation>
, 
<geoCoordinate box="[1156,1269,296,323]" degrees="17" direction="south" minutes="59.1" orientation="latitude" pageId="102" pageNumber="103" precision="92" value="-17.985">17°59.1′S</geoCoordinate>
, 
<geoCoordinate box="[1281,1407,296,323]" degrees="147" direction="east" minutes="09.6" orientation="longitude" pageId="102" pageNumber="103" precision="92" value="147.16">147°09.6′E</geoCoordinate>
to 
<materialsCitation box="[151,1341,330,359]" collectingDate="1985-11-29" collectionCode="RV" collectorName="J. Stevens" elevation="401" latitude="-17.93" location="Soela Station" longLatPrecision="127" longitude="147.115" pageId="102" pageNumber="103" specimenCount="1" typeStatus="paratype">
<geoCoordinate box="[151,264,332,359]" degrees="17" direction="south" minutes="55.8" orientation="latitude" pageId="102" pageNumber="103" precision="92" value="-17.93">17°55.8′S</geoCoordinate>
, 
<geoCoordinate box="[276,403,332,359]" degrees="147" direction="east" minutes="06.9" orientation="longitude" pageId="102" pageNumber="103" precision="92" value="147.115">147°06.9′E</geoCoordinate>
, 
<quantity box="[415,545,331,357]" metricMagnitude="2" metricUnit="m" metricValue="4.01" metricValueMax="4.02" metricValueMin="4.0" pageId="102" pageNumber="103" unit="m" value="401.0" valueMax="402.0" valueMin="400.0">
<elevation box="[415,545,331,357]" metricMagnitude="2" metricUnit="m" metricValue="4.01" metricValueMax="4.02" metricValueMin="4.0" pageId="102" pageNumber="103" unit="m" value="401.0" valueMax="402.0" valueMin="400.0">400–402 m</elevation>
</quantity>
, lobster trawl, 
<collectionCode box="[713,749,331,357]" country="Italy" name="Collection of Leptospira Strains" pageId="102" pageNumber="103">RV</collectionCode>
<location LSID="urn:lsid:plazi:treatment:335587B2C4321C68FF28FAE7FAC5FC10:BE23607FC4311C68FD4AFB3BFC6CFEBC" box="[757,905,331,357]" latitude="-17.93" longLatPrecision="127" longitude="147.115" name="Soela Station" pageId="102" pageNumber="103">
<emphasis box="[757,819,331,357]" italics="true" pageId="102" pageNumber="103">Soela</emphasis>
Station
</location>
SO06-85/47, 
<collectorName box="[1064,1180,331,357]" pageId="102" pageNumber="103">J. Stevens</collectorName>
, 
<date box="[1191,1341,330,357]" pageId="102" pageNumber="103" value="1985-11-29">
<collectingDate box="[1191,1341,330,357]" pageId="102" pageNumber="103" value="1985-11-29">29 Nov 1985</collectingDate>
</date>
</materialsCitation>
; 
<materialsCitation collectionCode="CSIRO" location="Rockingham Bay" pageId="102" pageNumber="103" specimenCode="H 3645-13, H 3645-14, H 3645-15" specimenCount="1" typeStatus="paratype">
<collectionCode box="[1354,1436,331,357]" country="Australia" httpUri="http://grbio.org/cool/0k2v-y6wz" name="Australian National Fish Collection" pageId="102" pageNumber="103" type="Museum">CSIRO</collectionCode>
<specimenCode box="[151,276,366,393]" collectionCode="CSIRO" country="Australia" httpUri="http://grbio.org/cool/0k2v-y6wz" name="Australian National Fish Collection" pageId="102" pageNumber="103" type="Museum">H 3645-13</specimenCode>
, 
<quantity box="[288,389,367,393]" metricMagnitude="-2" metricUnit="m" metricValue="9.78" pageId="102" pageNumber="103" unit="mm" value="97.8">97.8 mm</quantity>
SL, 
<collectionCode box="[444,526,367,393]" country="Australia" httpUri="http://grbio.org/cool/0k2v-y6wz" name="Australian National Fish Collection" pageId="102" pageNumber="103" type="Museum">CSIRO</collectionCode>
<specimenCode box="[534,658,366,393]" collectionCode="CSIRO" country="Australia" httpUri="http://grbio.org/cool/0k2v-y6wz" name="Australian National Fish Collection" pageId="102" pageNumber="103" type="Museum">H 3645-14</specimenCode>
, 
<quantity box="[671,772,367,393]" metricMagnitude="-2" metricUnit="m" metricValue="7.659999999999999" pageId="102" pageNumber="103" unit="mm" value="76.6">76.6 mm</quantity>
SL, 
<collectionCode box="[827,909,367,393]" country="Australia" httpUri="http://grbio.org/cool/0k2v-y6wz" name="Australian National Fish Collection" pageId="102" pageNumber="103" type="Museum">CSIRO</collectionCode>
<specimenCode box="[917,1042,366,393]" collectionCode="CSIRO" country="Australia" httpUri="http://grbio.org/cool/0k2v-y6wz" name="Australian National Fish Collection" pageId="102" pageNumber="103" type="Museum">H 3645-15</specimenCode>
, 
<quantity box="[1054,1155,367,393]" metricMagnitude="-2" metricUnit="m" metricValue="9.72" pageId="102" pageNumber="103" unit="mm" value="97.2">97.2 mm</quantity>
SL, east of 
<location LSID="urn:lsid:plazi:treatment:335587B2C4321C68FF28FAE7FAC5FC10:BE23607FC4311C68FAB2FB1FFF20FE74" name="Rockingham Bay" pageId="102" pageNumber="103">Rockingham Bay</location>
</materialsCitation>
, 
<geoCoordinate box="[209,321,404,431]" degrees="18" direction="south" minutes="01.5" orientation="latitude" pageId="102" pageNumber="103" precision="92" value="-18.025">18°01.5′S</geoCoordinate>
, 
<geoCoordinate box="[333,458,404,431]" degrees="147" direction="east" minutes="06.2" orientation="longitude" pageId="102" pageNumber="103" precision="92" value="147.10333">147°06.2′E</geoCoordinate>
to 
<materialsCitation collectingDate="1993-11-30" collectionCode="FRV" collectorName="G. Yearsley" elevation="253" latitude="-18.098333" location="Southern Surveyor" longLatPrecision="127" longitude="147.14833" pageId="102" pageNumber="103" specimenCode="T4" specimenCount="1" typeStatus="paratype">
<geoCoordinate box="[494,607,404,431]" degrees="18" direction="south" minutes="05.9" orientation="latitude" pageId="102" pageNumber="103" precision="92" value="-18.098333">18°05.9′S</geoCoordinate>
, 
<geoCoordinate box="[618,746,404,431]" degrees="147" direction="east" minutes="08.9" orientation="longitude" pageId="102" pageNumber="103" precision="92" value="147.14833">147°08.9′E</geoCoordinate>
, 
<quantity box="[758,887,403,429]" metricMagnitude="2" metricUnit="m" metricValue="2.525" metricValueMax="2.66" metricValueMin="2.3899999999999997" pageId="102" pageNumber="103" unit="m" value="252.5" valueMax="266.0" valueMin="239.0">
<elevation box="[758,887,403,429]" metricMagnitude="2" metricUnit="m" metricValue="2.525" metricValueMax="2.66" metricValueMin="2.3899999999999997" pageId="102" pageNumber="103" unit="m" value="252.5" valueMax="266.0" valueMin="239.0">239–266 m</elevation>
</quantity>
, demersal trawl, 
<collectorName box="[1079,1210,403,429]" pageId="102" pageNumber="103">G. Yearsley</collectorName>
, 
<collectionCode box="[1221,1273,403,429]" pageId="102" pageNumber="103">FRV</collectionCode>
<emphasis italics="true" pageId="102" pageNumber="103">
<location LSID="urn:lsid:plazi:treatment:335587B2C4321C68FF28FAE7FAC5FC10:BE23607FC4311C68FABFFBE3FF30FE09" latitude="-18.098333" longLatPrecision="127" longitude="147.14833" name="Southern Surveyor" pageId="102" pageNumber="103">Southern Surveyor</location>
</emphasis>
, 
<date box="[227,372,439,465]" pageId="102" pageNumber="103" value="1993-11-30">
<collectingDate box="[227,372,439,465]" pageId="102" pageNumber="103" value="1993-11-30">30 Nov 1993</collectingDate>
</date>
(field station number SS0793/ 
<specimenCode box="[718,750,439,465]" collectionCode="T" name="Tavera, Department of Geology and Geophysics" pageId="102" pageNumber="103">T4</specimenCode>
)
</materialsCitation>
; 
<materialsCitation box="[769,1432,439,465]" collectionCode="CSIRO" location="Rockingham Bay" pageId="102" pageNumber="103" specimenCount="1" typeStatus="paratype">
<collectionCode box="[769,851,439,465]" country="Australia" httpUri="http://grbio.org/cool/0k2v-y6wz" name="Australian National Fish Collection" pageId="102" pageNumber="103" type="Museum">CSIRO</collectionCode>
H 
<quantity box="[885,1104,439,465]" metricMagnitude="0" metricUnit="m" metricValue="8.8783" metricValueMax="14.1126" metricValueMin="3.6439999999999997" pageId="102" pageNumber="103" unit="mm" value="8878.3" valueMax="14112.6" valueMin="3644.0">3644-14, 112.6 mm</quantity>
SL, east of 
<location LSID="urn:lsid:plazi:treatment:335587B2C4321C68FF28FAE7FAC5FC10:BE23607FC4311C68FB6BFBC7FA7DFE08" box="[1236,1432,439,465]" name="Rockingham Bay" pageId="102" pageNumber="103">Rockingham Bay</location>
</materialsCitation>
, 
<geoCoordinate box="[151,264,476,503]" degrees="17" direction="south" minutes="56.4" orientation="latitude" pageId="102" pageNumber="103" precision="92" value="-17.94">17°56.4′S</geoCoordinate>
, 
<geoCoordinate box="[275,401,476,503]" degrees="147" direction="east" minutes="02.7" orientation="longitude" pageId="102" pageNumber="103" precision="92" value="147.045">147°02.7′E</geoCoordinate>
to 
<materialsCitation collectingDate="1993-11-30" collectionCode="FRV" collectorName="G. Yearsley" elevation="312" latitude="-17.995" location="Southern Surveyor" longLatPrecision="127" longitude="147.125" pageId="102" pageNumber="103" specimenCode="T3" specimenCount="1" typeStatus="paratype">
<geoCoordinate box="[436,549,476,503]" degrees="17" direction="south" minutes="59.7" orientation="latitude" pageId="102" pageNumber="103" precision="92" value="-17.995">17°59.7′S</geoCoordinate>
, 
<geoCoordinate box="[560,688,476,503]" degrees="147" direction="east" minutes="07.5" orientation="longitude" pageId="102" pageNumber="103" precision="92" value="147.125">147°07.5′E</geoCoordinate>
, 
<quantity box="[699,828,475,501]" metricMagnitude="2" metricUnit="m" metricValue="3.1149999999999998" metricValueMax="3.2" metricValueMin="3.03" pageId="102" pageNumber="103" unit="m" value="311.5" valueMax="320.0" valueMin="303.0">
<elevation box="[699,828,475,501]" metricMagnitude="2" metricUnit="m" metricValue="3.1149999999999998" metricValueMax="3.2" metricValueMin="3.03" pageId="102" pageNumber="103" unit="m" value="311.5" valueMax="320.0" valueMin="303.0">303–320 m</elevation>
</quantity>
, demersal trawl, 
<collectorName box="[1020,1151,475,501]" pageId="102" pageNumber="103">G. Yearsley</collectorName>
, 
<collectionCode box="[1161,1213,475,501]" pageId="102" pageNumber="103">FRV</collectionCode>
<emphasis box="[1220,1429,475,501]" italics="true" pageId="102" pageNumber="103">
<location LSID="urn:lsid:plazi:treatment:335587B2C4321C68FF28FAE7FAC5FC10:BE23607FC4311C68FB7BFBABFA70FE2C" box="[1220,1429,475,501]" latitude="-17.995" longLatPrecision="127" longitude="147.125" name="Southern Surveyor" pageId="102" pageNumber="103">Southern Surveyor</location>
</emphasis>
, 
<date box="[151,300,511,537]" pageId="102" pageNumber="103" value="1993-11-30">
<collectingDate box="[151,300,511,537]" pageId="102" pageNumber="103" value="1993-11-30">30 Nov 1993</collectingDate>
</date>
(field station number SS0793/ 
<specimenCode box="[655,685,511,537]" collectionCode="T" name="Tavera, Department of Geology and Geophysics" pageId="102" pageNumber="103">T3</specimenCode>
)
</materialsCitation>
; 
<materialsCitation box="[706,1432,510,537]" collectionCode="NMV" location="Dunk Island" pageId="102" pageNumber="103" specimenCode="A 4504, 2" specimenCount="1" typeStatus="paratype">
<collectionCode box="[706,771,511,537]" country="Australia" httpUri="http://biocol.org/urn:lsid:biocol.org:col:34978" lsid="urn:lsid:biocol.org:col:34978" name="Museum Victoria" pageId="102" pageNumber="103" type="Museum">NMV</collectionCode>
<specimenCode box="[777,863,510,537]" collectionCode="NMV" country="Australia" httpUri="http://biocol.org/urn:lsid:biocol.org:col:34978" lsid="urn:lsid:biocol.org:col:34978" name="Museum Victoria" pageId="102" pageNumber="103" type="Museum">A 4504</specimenCode>
, 
<specimenCode box="[876,893,511,537]" collectionCode="NMV" country="Australia" httpUri="http://biocol.org/urn:lsid:biocol.org:col:34978" lsid="urn:lsid:biocol.org:col:34978" name="Museum Victoria" pageId="102" pageNumber="103" type="Museum">2</specimenCode>
: 
<quantity box="[906,1070,511,537]" metricMagnitude="-2" metricUnit="m" metricValue="8.15" metricValueMax="8.97" metricValueMin="7.33" pageId="102" pageNumber="103" unit="mm" value="81.5" valueMax="89.7" valueMin="73.3">73.3–89.7 mm</quantity>
SL, 
<quantity box="[1126,1199,510,537]" metricMagnitude="4" metricUnit="m" metricValue="9.5" pageId="102" pageNumber="103" unit="km" value="95.0">95 km</quantity>
east of 
<location LSID="urn:lsid:plazi:treatment:335587B2C4321C68FF28FAE7FAC5FC10:BE23607FC4311C68FAB5FB8FFA7DFDC0" box="[1290,1432,511,537]" name="Dunk Island" pageId="102" pageNumber="103">Dunk Island</location>
</materialsCitation>
, 
<geoCoordinate box="[151,242,548,575]" degrees="18" direction="south" minutes="00" orientation="latitude" pageId="102" pageNumber="103" precision="925" value="-18.0">18°00′S</geoCoordinate>
, 
<geoCoordinate box="[254,358,548,575]" degrees="147" direction="east" minutes="02" orientation="longitude" pageId="102" pageNumber="103" precision="925" value="147.03334">147°02′E</geoCoordinate>
to 
<materialsCitation box="[394,1088,547,575]" collectingDate="1986-01-08" collectionCode="RV" collectorName="Engel" elevation="220" latitude="-17.95" location="Soela" longLatPrecision="1277" longitude="146.98334" pageId="102" pageNumber="103" specimenCount="1" typeStatus="paratype">
<geoCoordinate box="[394,485,548,575]" degrees="17" direction="south" minutes="57" orientation="latitude" pageId="102" pageNumber="103" precision="925" value="-17.95">17°57′S</geoCoordinate>
, 
<geoCoordinate box="[497,605,548,575]" degrees="146" direction="east" minutes="59" orientation="longitude" pageId="102" pageNumber="103" precision="925" value="146.98334">146°59′E</geoCoordinate>
, 
<quantity box="[616,689,547,573]" metricMagnitude="2" metricUnit="m" metricValue="2.2" pageId="102" pageNumber="103" unit="m" value="220.0">
<elevation box="[616,689,547,573]" metricMagnitude="2" metricUnit="m" metricValue="2.2" pageId="102" pageNumber="103" unit="m" value="220.0">220 m</elevation>
</quantity>
, 
<collectorName box="[700,765,547,573]" pageId="102" pageNumber="103">Engel</collectorName>
trawl, 
<collectionCode box="[844,880,547,573]" country="Italy" name="Collection of Leptospira Strains" pageId="102" pageNumber="103">RV</collectionCode>
<emphasis box="[887,949,547,573]" italics="true" pageId="102" pageNumber="103">
<location LSID="urn:lsid:plazi:treatment:335587B2C4321C68FF28FAE7FAC5FC10:BE23607FC4311C68FCC8F853FC50FDE4" box="[887,949,547,573]" latitude="-17.95" longLatPrecision="1277" longitude="146.98334" name="Soela" pageId="102" pageNumber="103">Soela</location>
</emphasis>
, 
<date box="[964,1088,547,573]" pageId="102" pageNumber="103" value="1986-01-08">
<collectingDate box="[964,1088,547,573]" pageId="102" pageNumber="103" value="1986-01-08">8 Jan 1986</collectingDate>
</date>
</materialsCitation>
.
</paragraph>
<paragraph blockId="102.[151,1437,150,971]" pageId="102" pageNumber="103">
<emphasis bold="true" box="[199,1220,582,608]" pageId="102" pageNumber="103">
<materialsCitation box="[199,1214,582,608]" country="Australia" location="Queensland" pageId="102" pageNumber="103" specimenCount="1" stateProvince="Queensland">
<typeStatus box="[199,457,582,608]" isOtherTypeStatus="true" pageId="102" pageNumber="103">Additional specimens</typeStatus>
identified for distribution information. 
<collectingRegion box="[944,1087,582,608]" country="Australia" name="Queensland" pageId="102" pageNumber="103">Queensland</collectingRegion>
, 
<collectingCountry box="[1100,1214,582,608]" name="Australia" pageId="102" pageNumber="103">Australia</collectingCountry>
</materialsCitation>
.
</emphasis>
<collectionCode box="[1229,1311,583,609]" country="Australia" httpUri="http://grbio.org/cool/0k2v-y6wz" name="Australian National Fish Collection" pageId="102" pageNumber="103" type="Museum">CSIRO</collectionCode>
H 
<quantity metricMagnitude="0" metricUnit="m" metricValue="6.422" metricValueMax="12.125" metricValueMin="0.719" pageId="102" pageNumber="103" unit="mm" value="6422.0" valueMax="12125.0" valueMin="719.0">719-12, 125 mm</quantity>
SL, 
<collectionCode box="[306,388,619,645]" country="Australia" httpUri="http://grbio.org/cool/0k2v-y6wz" name="Australian National Fish Collection" pageId="102" pageNumber="103" type="Museum">CSIRO</collectionCode>
H 
<quantity box="[428,620,618,645]" metricMagnitude="0" metricUnit="m" metricValue="6.912" metricValueMax="13.105" metricValueMin="0.719" pageId="102" pageNumber="103" unit="mm" value="6912.0" valueMax="13105.0" valueMin="719.0">719-13, 105 mm</quantity>
SL, 
<collectionCode box="[679,761,619,645]" country="Australia" httpUri="http://grbio.org/cool/0k2v-y6wz" name="Australian National Fish Collection" pageId="102" pageNumber="103" type="Museum">CSIRO</collectionCode>
H 
<quantity box="[801,993,619,645]" metricMagnitude="0" metricUnit="m" metricValue="7.422999999999999" metricValueMax="14.127" metricValueMin="0.719" pageId="102" pageNumber="103" unit="mm" value="7423.0" valueMax="14127.0" valueMin="719.0">719-14, 127 mm</quantity>
SL, 
<materialsCitation box="[1051,1432,618,645]" collectionCode="CSIRO" country="Australia" pageId="102" pageNumber="103" specimenCode="H 719-15, 127" specimenCount="1" stateProvince="Queensland">
<collectionCode box="[1051,1133,619,645]" country="Australia" httpUri="http://grbio.org/cool/0k2v-y6wz" name="Australian National Fish Collection" pageId="102" pageNumber="103" type="Museum">CSIRO</collectionCode>
<specimenCode box="[1144,1256,618,645]" collectionCode="CSIRO" country="Australia" httpUri="http://grbio.org/cool/0k2v-y6wz" name="Australian National Fish Collection" pageId="102" pageNumber="103" type="Museum">H 719-15</specimenCode>
, 
<specimenCode box="[1270,1312,619,645]" collectionCode="CSIRO" country="Australia" httpUri="http://grbio.org/cool/0k2v-y6wz" name="Australian National Fish Collection" pageId="102" pageNumber="103" type="Museum">127</specimenCode>
mmm SL
</materialsCitation>
, 
<collectionCode box="[151,233,655,681]" country="Australia" httpUri="http://grbio.org/cool/0k2v-y6wz" name="Australian National Fish Collection" pageId="102" pageNumber="103" type="Museum">CSIRO</collectionCode>
H 
<quantity box="[268,455,655,681]" metricMagnitude="0" metricUnit="m" metricValue="8.4205" metricValueMax="16.122" metricValueMin="0.719" pageId="102" pageNumber="103" unit="mm" value="8420.5" valueMax="16122.0" valueMin="719.0">719-16, 122 mm</quantity>
SL, 
<materialsCitation collectingDate="1985-11-18" collectionCode="CSIRO" country="Australia" elevation="332" latitude="-22.888332" location="Capricorn Channel" longLatPrecision="125" longitude="152.98833" municipality="Swain Reefs" pageId="102" pageNumber="103" specimenCount="1" stateProvince="Queensland">
<collectionCode box="[508,590,655,681]" country="Australia" httpUri="http://grbio.org/cool/0k2v-y6wz" name="Australian National Fish Collection" pageId="102" pageNumber="103" type="Museum">CSIRO</collectionCode>
H 
<quantity box="[625,812,654,681]" metricMagnitude="0" metricUnit="m" metricValue="8.922" metricValueMax="17.125" metricValueMin="0.719" pageId="102" pageNumber="103" unit="mm" value="8922.0" valueMax="17125.0" valueMin="719.0">719-17, 125 mm</quantity>
SL (
<typeStatus box="[865,978,655,681]" pageId="102" pageNumber="103">paratypes</typeStatus>
), 
<location LSID="urn:lsid:plazi:treatment:335587B2C4321C68FF28FAE7FAC5FC10:BE23607FC4311C68FC59F8FFFB58FD70" box="[998,1213,655,681]" country="Australia" latitude="-22.888332" longLatPrecision="125" longitude="152.98833" municipality="Swain Reefs" name="Capricorn Channel" pageId="102" pageNumber="103" stateProvince="Queensland">Capricorn Channel</location>
, southeast of 
<collectingMunicipality pageId="102" pageNumber="103">Swain Reefs</collectingMunicipality>
, 
<geoCoordinate box="[228,355,692,719]" degrees="22" direction="south" minutes="56.12" orientation="latitude" pageId="102" pageNumber="103" precision="9" value="-22.935333">22°56.12′S</geoCoordinate>
, 
<geoCoordinate box="[366,505,692,719]" degrees="153" direction="east" minutes="00.13" orientation="longitude" pageId="102" pageNumber="103" precision="9" value="153.00217">153°00.13′E</geoCoordinate>
to 22°53.3′S, 152°59.3′E, 
<quantity box="[803,931,690,717]" metricMagnitude="2" metricUnit="m" metricValue="3.315" metricValueMax="3.38" metricValueMin="3.25" pageId="102" pageNumber="103" unit="m" value="331.5" valueMax="338.0" valueMin="325.0">
<elevation box="[803,931,690,717]" metricMagnitude="2" metricUnit="m" metricValue="3.315" metricValueMax="3.38" metricValueMin="3.25" pageId="102" pageNumber="103" unit="m" value="331.5" valueMax="338.0" valueMin="325.0">325–338 m</elevation>
</quantity>
, mud bottom, lobster trawl, 
<collectionCode box="[1245,1281,691,717]" country="Italy" name="Collection of Leptospira Strains" pageId="102" pageNumber="103">RV</collectionCode>
<location LSID="urn:lsid:plazi:treatment:335587B2C4321C68FF28FAE7FAC5FC10:BE23607FC4311C68FAB7F8C3FA79FD14" box="[1288,1436,691,717]" country="Australia" name="Soela Station" pageId="102" pageNumber="103" stateProvince="Queensland">
<emphasis box="[1288,1350,691,717]" italics="true" pageId="102" pageNumber="103">Soela</emphasis>
Station
</location>
SO06-85/12, 
<date box="[304,459,726,753]" pageId="102" pageNumber="103" value="1985-11-18">
<collectingDate box="[304,459,726,753]" pageId="102" pageNumber="103" value="1985-11-18">18 Nov 1985</collectingDate>
</date>
</materialsCitation>
; 
<materialsCitation collectingDate="1985-11-28" collectionCode="CSIRO" country="Australia" elevation="243" latitude="-21.518333" location="Saumarez Reef" longLatPrecision="126" longitude="152.97333" pageId="102" pageNumber="103" specimenCode="H 690-01, 3" specimenCount="1" stateProvince="Queensland">
<collectionCode box="[473,555,727,753]" country="Australia" httpUri="http://grbio.org/cool/0k2v-y6wz" name="Australian National Fish Collection" pageId="102" pageNumber="103" type="Museum">CSIRO</collectionCode>
<specimenCode box="[565,676,727,753]" collectionCode="CSIRO" country="Australia" httpUri="http://grbio.org/cool/0k2v-y6wz" name="Australian National Fish Collection" pageId="102" pageNumber="103" type="Museum">H 690-01</specimenCode>
, 
<specimenCode box="[690,707,727,753]" collectionCode="CSIRO" country="Australia" httpUri="http://grbio.org/cool/0k2v-y6wz" name="Australian National Fish Collection" pageId="102" pageNumber="103" type="Museum">3</specimenCode>
: 
<quantity box="[721,845,727,753]" metricMagnitude="-2" metricUnit="m" metricValue="7.95" metricValueMax="8.9" metricValueMin="7.0" pageId="102" pageNumber="103" unit="mm" value="79.5" valueMax="89.0" valueMin="70.0">70–89 mm</quantity>
SL (
<typeStatus box="[902,1015,727,753]" pageId="102" pageNumber="103">paratypes</typeStatus>
), west of 
<location LSID="urn:lsid:plazi:treatment:335587B2C4321C68FF28FAE7FAC5FC10:BE23607FC4311C68FBD5F8A7FAFFFD28" box="[1130,1306,727,753]" country="Australia" latitude="-21.518333" longLatPrecision="126" longitude="152.97333" name="Saumarez Reef" pageId="102" pageNumber="103" stateProvince="Queensland">Saumarez Reef</location>
, 
<geoCoordinate box="[1319,1432,728,755]" degrees="21" direction="south" minutes="33.4" orientation="latitude" pageId="102" pageNumber="103" precision="92" value="-21.556667">21°33.4′S</geoCoordinate>
, 
<geoCoordinate box="[151,277,764,791]" degrees="152" direction="east" minutes="58.2" orientation="longitude" pageId="102" pageNumber="103" precision="92" value="152.97">152°58.2′E</geoCoordinate>
to 21°31.1′S, 152°58.4′E, 
<quantity box="[578,707,763,789]" metricMagnitude="2" metricUnit="m" metricValue="2.43" metricValueMax="2.4699999999999998" metricValueMin="2.3899999999999997" pageId="102" pageNumber="103" unit="m" value="243.0" valueMax="247.0" valueMin="239.0">
<elevation box="[578,707,763,789]" metricMagnitude="2" metricUnit="m" metricValue="2.43" metricValueMax="2.4699999999999998" metricValueMin="2.3899999999999997" pageId="102" pageNumber="103" unit="m" value="243.0" valueMax="247.0" valueMin="239.0">239–247 m</elevation>
</quantity>
, 
<collectionCode box="[720,756,763,789]" country="Italy" name="Collection of Leptospira Strains" pageId="102" pageNumber="103">RV</collectionCode>
<location LSID="urn:lsid:plazi:treatment:335587B2C4321C68FF28FAE7FAC5FC10:BE23607FC4311C68FD44F88BFC75FCCC" box="[763,912,763,789]" country="Australia" name="Soela Station" pageId="102" pageNumber="103" stateProvince="Queensland">
<emphasis box="[763,825,763,789]" italics="true" pageId="102" pageNumber="103">Soela</emphasis>
Station
</location>
SO06-85/19, 
<date box="[1071,1221,762,789]" pageId="102" pageNumber="103" value="1985-11-28">
<collectingDate box="[1071,1221,762,789]" pageId="102" pageNumber="103" value="1985-11-28">28 Nov 1985</collectingDate>
</date>
</materialsCitation>
; 
<materialsCitation collectingDate="1980-10-03" collectionCode="QM" collectorName="Craigmin" country="Australia" elevation="261" latitude="-22.861668" location="Capricorn Channel" longLatPrecision="125" longitude="152.76167" pageId="102" pageNumber="103" specimenCount="1" stateProvince="Queensland">
<collectionCode box="[1234,1279,763,789]" country="Australia" lsid="urn:lsid:biocol.org:col:35019" name="Queensland Museum" pageId="102" pageNumber="103" type="Museum">QM</collectionCode>
I.20024, 
<quantity metricMagnitude="-2" metricUnit="m" metricValue="7.84" pageId="102" pageNumber="103" unit="mm" value="78.4">78.4 mm</quantity>
(
<typeStatus box="[210,312,799,825]" pageId="102" pageNumber="103">paratype</typeStatus>
), 
<location LSID="urn:lsid:plazi:treatment:335587B2C4321C68FF28FAE7FAC5FC10:BE23607FC4311C68FEF3F96FFDC1FCE0" box="[332,548,799,825]" country="Australia" latitude="-22.861668" longLatPrecision="125" longitude="152.76167" name="Capricorn Channel" pageId="102" pageNumber="103" stateProvince="Queensland">Capricorn Channel</location>
, 
<geoCoordinate box="[560,672,800,827]" degrees="22" direction="south" minutes="51.7" orientation="latitude" pageId="102" pageNumber="103" precision="92" value="-22.861668">22°51.7′S</geoCoordinate>
, 
<geoCoordinate box="[684,812,800,827]" degrees="152" direction="east" minutes="45.7" orientation="longitude" pageId="102" pageNumber="103" precision="92" value="152.76167">152°45.7′E</geoCoordinate>
, 
<quantity box="[824,898,799,825]" metricMagnitude="2" metricUnit="m" metricValue="2.61" pageId="102" pageNumber="103" unit="m" value="261.0">
<elevation box="[824,898,799,825]" metricMagnitude="2" metricUnit="m" metricValue="2.61" pageId="102" pageNumber="103" unit="m" value="261.0">261 m</elevation>
</quantity>
, trawl, 
<collectionCode box="[983,1019,799,825]" country="Italy" name="Collection of Leptospira Strains" pageId="102" pageNumber="103">RV</collectionCode>
<emphasis box="[1027,1141,799,825]" italics="true" pageId="102" pageNumber="103">
<collectorName box="[1027,1137,799,825]" pageId="102" pageNumber="103">Craigmin</collectorName>
,
</emphasis>
<date box="[1149,1278,799,825]" pageId="102" pageNumber="103" value="1980-10-03">
<collectingDate box="[1149,1278,799,825]" pageId="102" pageNumber="103" value="1980-10-03">3 Oct 1980</collectingDate>
</date>
</materialsCitation>
; 
<materialsCitation collectingDate="1986-05-16" collectionCode="QM" country="Australia" elevation="294" latitude="-17.951" location="Tully" longLatPrecision="88" longitude="147.04167" municipality="Coral Sea" pageId="102" pageNumber="103" specimenCount="1" stateProvince="Queensland">
<collectionCode box="[1290,1335,799,825]" country="Australia" lsid="urn:lsid:biocol.org:col:35019" name="Queensland Museum" pageId="102" pageNumber="103" type="Museum">QM</collectionCode>
I.24075, 2: 
<quantity box="[182,305,835,861]" metricMagnitude="-2" metricUnit="m" metricValue="6.05" metricValueMax="9.2" metricValueMin="2.9" pageId="102" pageNumber="103" unit="mm" value="60.5" valueMax="92.0" valueMin="29.0">29–92 mm</quantity>
SL, east of 
<location LSID="urn:lsid:plazi:treatment:335587B2C4321C68FF28FAE7FAC5FC10:BE23607FC4311C68FE01F933FE1EFC84" box="[446,507,835,861]" country="Australia" latitude="-17.951" longLatPrecision="88" longitude="147.04167" municipality="Coral Sea" name="Tully" pageId="102" pageNumber="103" stateProvince="Queensland">Tully</location>
, 
<collectingMunicipality box="[520,634,835,861]" pageId="102" pageNumber="103">Coral Sea</collectingMunicipality>
, 
<geoCoordinate box="[647,773,836,863]" degrees="17" direction="south" minutes="57.06" orientation="latitude" pageId="102" pageNumber="103" precision="9" value="-17.951">17°57.06′S</geoCoordinate>
, 
<geoCoordinate box="[787,915,836,863]" degrees="147" direction="east" minutes="02.5" orientation="longitude" pageId="102" pageNumber="103" precision="92" value="147.04167">147°02.5′E</geoCoordinate>
, trawl 
<quantity box="[995,1118,835,861]" metricMagnitude="2" metricUnit="m" metricValue="2.935" metricValueMax="3.0" metricValueMin="2.87" pageId="102" pageNumber="103" unit="m" value="293.5" valueMax="300.0" valueMin="287.0">
<elevation box="[995,1118,835,861]" metricMagnitude="2" metricUnit="m" metricValue="2.935" metricValueMax="3.0" metricValueMin="2.87" pageId="102" pageNumber="103" unit="m" value="293.5" valueMax="300.0" valueMin="287.0">287–300m</elevation>
</quantity>
, 
<taxonomicName box="[1130,1214,835,861]" class="Echinoidea" family="Cidaridae" genus="Cidaris" kingdom="Animalia" order="Cidaroida" pageId="102" pageNumber="103" phylum="Echinodermata" rank="genus">
<emphasis box="[1130,1214,835,861]" italics="true" pageId="102" pageNumber="103">Cidaris</emphasis>
</taxonomicName>
, 
<date box="[1230,1378,835,861]" pageId="102" pageNumber="103" value="1986-05-16">
<collectingDate box="[1230,1378,835,861]" pageId="102" pageNumber="103" value="1986-05-16">16 May1986</collectingDate>
</date>
</materialsCitation>
; 
<materialsCitation collectingDate="1986-05-16" collectionCode="QM" country="Australia" elevation="302" latitude="-17.923" location="Tully" longLatPrecision="880" longitude="147.0" municipality="Coral Sea" pageId="102" pageNumber="103" specimenCount="1" stateProvince="Queensland">
<collectionCode box="[1391,1436,835,861]" country="Australia" lsid="urn:lsid:biocol.org:col:35019" name="Queensland Museum" pageId="102" pageNumber="103" type="Museum">QM</collectionCode>
I.24145, 78 mm SL, east of 
<location LSID="urn:lsid:plazi:treatment:335587B2C4321C68FF28FAE7FAC5FC10:BE23607FC4311C68FE6AF917FDF7FC58" box="[469,530,871,897]" country="Australia" latitude="-17.923" longLatPrecision="880" longitude="147.0" municipality="Coral Sea" name="Tully" pageId="102" pageNumber="103" stateProvince="Queensland">Tully</location>
, 
<collectingMunicipality box="[542,655,871,897]" pageId="102" pageNumber="103">Coral Sea</collectingMunicipality>
, 
<geoCoordinate box="[667,793,872,899]" degrees="17" direction="south" minutes="55.38" orientation="latitude" pageId="102" pageNumber="103" precision="9" value="-17.923">17°55.38′S</geoCoordinate>
, 
<geoCoordinate box="[806,914,872,899]" degrees="147" direction="east" minutes="00" orientation="longitude" pageId="102" pageNumber="103" precision="925" value="147.0">147°00′E</geoCoordinate>
, trawl 
<quantity box="[991,1114,870,897]" metricMagnitude="2" metricUnit="m" metricValue="3.02" metricValueMax="3.09" metricValueMin="2.95" pageId="102" pageNumber="103" unit="m" value="302.0" valueMax="309.0" valueMin="295.0">
<elevation box="[991,1114,870,897]" metricMagnitude="2" metricUnit="m" metricValue="3.02" metricValueMax="3.09" metricValueMin="2.95" pageId="102" pageNumber="103" unit="m" value="302.0" valueMax="309.0" valueMin="295.0">295–309m</elevation>
</quantity>
, 
<taxonomicName box="[1125,1209,871,897]" class="Echinoidea" family="Cidaridae" genus="Cidaris" kingdom="Animalia" order="Cidaroida" pageId="102" pageNumber="103" phylum="Echinodermata" rank="genus">
<emphasis box="[1125,1209,871,897]" italics="true" pageId="102" pageNumber="103">Cidaris</emphasis>
</taxonomicName>
, 
<date box="[1224,1378,871,897]" pageId="102" pageNumber="103" value="1986-05-16">
<collectingDate box="[1224,1378,871,897]" pageId="102" pageNumber="103" value="1986-05-16">16 May 1986</collectingDate>
</date>
</materialsCitation>
; 
<collectionCode box="[1391,1436,871,897]" country="Australia" lsid="urn:lsid:biocol.org:col:35019" name="Queensland Museum" pageId="102" pageNumber="103" type="Museum">QM</collectionCode>
I.24430, 30: 
<quantity box="[299,435,907,933]" metricMagnitude="-2" metricUnit="m" metricValue="8.0" metricValueMax="11.3" metricValueMin="4.7" pageId="102" pageNumber="103" unit="mm" value="80.0" valueMax="113.0" valueMin="47.0">47–113 mm</quantity>
SL, 
<collectionCode box="[493,538,907,933]" country="Australia" lsid="urn:lsid:biocol.org:col:35019" name="Queensland Museum" pageId="102" pageNumber="103" type="Museum">QM</collectionCode>
I.24527, 3: 
<quantity box="[681,804,907,933]" metricMagnitude="-2" metricUnit="m" metricValue="8.25" metricValueMax="9.1" metricValueMin="7.4" pageId="102" pageNumber="103" unit="mm" value="82.5" valueMax="91.0" valueMin="74.0">74–91 mm</quantity>
SL, 
<collectionCode box="[862,907,907,933]" country="Australia" lsid="urn:lsid:biocol.org:col:35019" name="Queensland Museum" pageId="102" pageNumber="103" type="Museum">QM</collectionCode>
I.24528, 15: 
<quantity box="[1064,1200,906,933]" metricMagnitude="-2" metricUnit="m" metricValue="8.35" metricValueMax="11.4" metricValueMin="5.3" pageId="102" pageNumber="103" unit="mm" value="83.5" valueMax="114.0" valueMin="53.0">53–114 mm</quantity>
SL, 
<materialsCitation collectingDate="1986-05-15" collectionCode="QM" country="Australia" elevation="300" latitude="-17.633333" location="Coral Sea" longLatPrecision="1278" longitude="146.83333" municipality="Innisfail" pageId="102" pageNumber="103" specimenCount="1" stateProvince="Queensland">
<collectionCode box="[1257,1302,907,933]" country="Australia" lsid="urn:lsid:biocol.org:col:35019" name="Queensland Museum" pageId="102" pageNumber="103" type="Museum">QM</collectionCode>
I.24589, 2: 
<quantity box="[151,272,943,969]" metricMagnitude="-2" metricUnit="m" metricValue="8.55" metricValueMax="8.7" metricValueMin="8.4" pageId="102" pageNumber="103" unit="mm" value="85.5" valueMax="87.0" valueMin="84.0">84–87 mm</quantity>
SL, 
<location LSID="urn:lsid:plazi:treatment:335587B2C4321C68FF28FAE7FAC5FC10:BE23607FC4311C68FEFAF9DFFE53FC10" box="[325,438,943,969]" country="Australia" latitude="-17.633333" longLatPrecision="1278" longitude="146.83333" municipality="Innisfail" name="Coral Sea" pageId="102" pageNumber="103" stateProvince="Queensland">Coral Sea</location>
, east of 
<collectingMunicipality box="[530,626,943,969]" pageId="102" pageNumber="103">Innisfail</collectingMunicipality>
, 
<geoCoordinate box="[637,728,944,971]" degrees="17" direction="south" minutes="38" orientation="latitude" pageId="102" pageNumber="103" precision="925" value="-17.633333">17°38′S</geoCoordinate>
, 
<geoCoordinate box="[740,848,944,971]" degrees="146" direction="east" minutes="50" orientation="longitude" pageId="102" pageNumber="103" precision="925" value="146.83333">146°50′E</geoCoordinate>
, trawl 
<quantity box="[923,1046,943,969]" metricMagnitude="2" metricUnit="m" metricValue="2.995" metricValueMax="3.01" metricValueMin="2.98" pageId="102" pageNumber="103" unit="m" value="299.5" valueMax="301.0" valueMin="298.0">
<elevation box="[923,1046,943,969]" metricMagnitude="2" metricUnit="m" metricValue="2.995" metricValueMax="3.01" metricValueMin="2.98" pageId="102" pageNumber="103" unit="m" value="299.5" valueMax="301.0" valueMin="298.0">298–301m</elevation>
</quantity>
, 
<emphasis box="[1057,1148,943,969]" italics="true" pageId="102" pageNumber="103">
<taxonomicName box="[1057,1144,943,969]" class="Echinoidea" family="Cidaridae" genus="Cidaris" kingdom="Animalia" order="Cidaroida" pageId="102" pageNumber="103" phylum="Echinodermata" rank="genus">Cidaris</taxonomicName>
,
</emphasis>
<date box="[1155,1307,942,969]" pageId="102" pageNumber="103" value="1986-05-15">
<collectingDate box="[1155,1307,942,969]" pageId="102" pageNumber="103" value="1986-05-15">15 May 1986</collectingDate>
</date>
</materialsCitation>
.
</paragraph>
</subSubSection>
</treatment>
</document>