<document ID-DOI="http://doi.org/10.5281/zenodo.4474401" ID-GBIF-Dataset="1e6b9c6c-c1ae-43ed-8417-70324a727566" ID-ISSN="1175-5326" ID-Zenodo-Dep="4474401" ID-ZooBank="3FEF9EA2-B755-4B22-8B6A-FAFC5C0FFCDF" _generate="added" approvalRequired="80" approvalRequired_for_bibRefs="2" approvalRequired_for_illustrations="40" approvalRequired_for_taxonomicNames="30" approvalRequired_for_treatments="8" checkinTime="1611651206508" checkinUser="plazi" docAuthor="Gill, Anthony C., Pogonoski, John J., Moore, Glenn I. &amp; Johnson, Jeffrey W." docDate="2021" docId="335587B2C4181C5EFF28FB1EFF32FC42" docLanguage="en" docName="zootaxa.4918.1.1.pdf" docOrigin="Zootaxa 4918 (1)" docStyle="DocumentStyle:5EBBA59367AD13919D70D935FA04F6A3.5:Zootaxa.2013.monograph" docStyleId="5EBBA59367AD13919D70D935FA04F6A3" docStyleName="Zootaxa.2013.monograph" docStyleVersion="5" docTitle="Plectranthias maculicauda Regan 1914" docType="treatment" docVersion="8" lastPageId="80" lastPageNumber="81" masterDocId="CF6CFFCAC4571C0EFFBFFA70FFE5FFD9" masterDocTitle="Review of Australian species of Plectranthias Bleeker and Selenanthias Tanaka (Teleostei: Serranidae: Anthiadinae), with descriptions of four new species" masterLastPageNumber="116" masterPageNumber="1" pageId="79" pageNumber="80" updateTime="1611781754199" updateUser="ExternalLinkService">
<mods:mods xmlns:mods="http://www.loc.gov/mods/v3">
<mods:titleInfo>
<mods:title>Review of Australian species of Plectranthias Bleeker and Selenanthias Tanaka (Teleostei: Serranidae: Anthiadinae), with descriptions of four new species</mods:title>
</mods:titleInfo>
<mods:name type="personal">
<mods:role>
<mods:roleTerm>Author</mods:roleTerm>
</mods:role>
<mods:namePart>Gill, Anthony C.</mods:namePart>
<mods:nameIdentifier type="ORCID">0000-0002-8990-3657</mods:nameIdentifier>
<mods:nameIdentifier type="email">anthony.c.gill@sydney.edu.au</mods:nameIdentifier>
</mods:name>
<mods:name type="personal">
<mods:role>
<mods:roleTerm>Author</mods:roleTerm>
</mods:role>
<mods:namePart>Pogonoski, John J.</mods:namePart>
<mods:nameIdentifier type="ORCID">0000-0002-4878-3919</mods:nameIdentifier>
<mods:nameIdentifier type="email">john.pogonoski@csiro.au</mods:nameIdentifier>
</mods:name>
<mods:name type="personal">
<mods:role>
<mods:roleTerm>Author</mods:roleTerm>
</mods:role>
<mods:namePart>Moore, Glenn I.</mods:namePart>
<mods:nameIdentifier type="ORCID">0000-0003-2413-5260</mods:nameIdentifier>
<mods:nameIdentifier type="email">moore@museum.wa.gov.au</mods:nameIdentifier>
</mods:name>
<mods:name type="personal">
<mods:role>
<mods:roleTerm>Author</mods:roleTerm>
</mods:role>
<mods:namePart>Johnson, Jeffrey W.</mods:namePart>
<mods:nameIdentifier type="ORCID">0000-0002-8990-3657</mods:nameIdentifier>
<mods:nameIdentifier type="email">anthony.c.gill@sydney.edu.au</mods:nameIdentifier>
</mods:name>
<mods:typeOfResource>text</mods:typeOfResource>
<mods:relatedItem type="host">
<mods:titleInfo>
<mods:title>Zootaxa</mods:title>
</mods:titleInfo>
<mods:part>
<mods:date>2021</mods:date>
<mods:detail type="pubDate">
<mods:number>2021-01-26</mods:number>
</mods:detail>
<mods:detail type="volume">
<mods:number>4918</mods:number>
</mods:detail>
<mods:detail type="issue">
<mods:number>1</mods:number>
</mods:detail>
<mods:extent unit="page">
<mods:start>1</mods:start>
<mods:end>116</mods:end>
</mods:extent>
</mods:part>
</mods:relatedItem>
<mods:classification>journal article</mods:classification>
<mods:identifier type="DOI">https://doi.org/10.11646/zootaxa.4918.1.1</mods:identifier>
<mods:identifier type="GBIF-Dataset">1e6b9c6c-c1ae-43ed-8417-70324a727566</mods:identifier>
<mods:identifier type="ISSN">1175-5326</mods:identifier>
<mods:identifier type="Zenodo-Dep">4471922</mods:identifier>
<mods:identifier type="ZooBank">3FEF9EA2-B755-4B22-8B6A-FAFC5C0FFCDF</mods:identifier>
</mods:mods>
<treatment ID-DOI="http://doi.org/10.5281/zenodo.4474401" ID-Zenodo-Dep="4474401" LSID="urn:lsid:plazi:treatment:335587B2C4181C5EFF28FB1EFF32FC42" httpUri="http://treatment.plazi.org/id/335587B2C4181C5EFF28FB1EFF32FC42" lastPageId="80" lastPageNumber="81" pageId="79" pageNumber="80">
<subSubSection box="[151,583,366,393]" pageId="79" pageNumber="80" type="nomenclature">
<paragraph blockId="79.[151,583,366,465]" box="[151,583,366,393]" pageId="79" pageNumber="80">
<heading bold="true" box="[151,583,366,393]" fontSize="11" level="2" pageId="79" pageNumber="80" reason="4">
<taxonomicName authority="(Regan)" baseAuthorityName="Regan" baseAuthorityYear="1914" box="[151,583,366,393]" class="Actinopterygii" family="Serranidae" genus="Plectranthias" kingdom="Animalia" order="Perciformes" pageId="79" pageNumber="80" phylum="Chordata" rank="species" species="maculicauda">
<emphasis bold="true" box="[151,583,366,393]" pageId="79" pageNumber="80">
<emphasis bold="true" box="[151,476,366,393]" italics="true" pageId="79" pageNumber="80">Plectranthias maculicauda</emphasis>
(Regan)
</emphasis>
</taxonomicName>
</heading>
</paragraph>
</subSubSection>
<subSubSection box="[151,546,403,429]" pageId="79" pageNumber="80" type="description">
<paragraph blockId="79.[151,583,366,465]" box="[151,546,403,429]" pageId="79" pageNumber="80">
<figureCitation box="[151,315,403,429]" captionStart-0="FIGURE 32" captionStart-1="FIGURE 33" captionStartId-0="78.[151,250,1153,1177]" captionStartId-1="79.[151,250,1975,1999]" captionTargetBox-0="[155,1432,185,1127]" captionTargetBox-1="[159,1427,1369,1945]" captionTargetId-0="figure-21@78.[151,1436,181,1130]" captionTargetId-1="figure-417@79.[151,1436,1357,1952]" captionTargetPageId-0="78" captionTargetPageId-1="79" captionText-0="FIGURE 32. Australian distribution records for Plectranthias longimanus (closed circles) and P. maculicauda (open circles)." captionText-1="FIGURE 33. Plectranthias maculicauda, AMS I.42723-001, 67.6 mm SL, large seamount north of Middleton Reef, Lord Howe Rise, Tasman Sea, Australia. Photo by NORFANZ team." figureDoi-0="http://doi.org/10.5281/zenodo.4471991" figureDoi-1="http://doi.org/10.5281/zenodo.4471993" httpUri-0="https://zenodo.org/record/4471991/files/figure.png" httpUri-1="https://zenodo.org/record/4471993/files/figure.png" pageId="79" pageNumber="80">Figures 32–33</figureCitation>
; 
<tableCitation box="[326,464,403,429]" captionStart-0="TABLE 1" captionStart-1="TABLE 2" captionStart-10="TABLE 11" captionStart-11="TABLE 12" captionStart-12="TABLE 13" captionStart-13="TABLE 14" captionStart-14="TABLE 15" captionStart-15="TABLE 16" captionStart-2="TABLE 3" captionStart-3="TABLE 4" captionStart-4="TABLE 5" captionStart-5="TABLE 6" captionStart-6="TABLE 7" captionStart-7="TABLE 8" captionStart-8="TABLE 9" captionStart-9="TABLE 10" captionStartId-0="8.[151,239,520,546]" captionStartId-1="9.[151,239,566,592]" captionStartId-10="20.[151,239,540,566]" captionStartId-11="21.[151,239,542,568]" captionStartId-12="22.[151,239,484,510]" captionStartId-13="24.[151,239,462,488]" captionStartId-14="26.[151,239,559,585]" captionStartId-15="27.[151,239,486,512]" captionStartId-2="10.[151,239,538,564]" captionStartId-3="11.[151,239,558,584]" captionStartId-4="12.[151,239,538,564]" captionStartId-5="13.[151,239,487,513]" captionStartId-6="14.[151,239,151,175]" captionStartId-7="15.[151,239,522,548]" captionStartId-8="17.[151,239,519,545]" captionStartId-9="19.[151,239,872,896]" captionText-0="TABLE 1. Frequency distributions for counts of dorsal, anal and pectoral rays of Australian Plectranthias and Selenanthias species. Frequencies are based on examined specimens. Frequencies for pectoral rays include bilateral counts. “L” indicates additional variation noted in literature on each species. Data for S. analis based on Australian specimens only." captionText-1="TABLE 2. Frequency distributions for counts of caudal rays of Australian Plectranthias and Selenanthias species. Data for S. analis based on Australian specimens only." captionText-10="TABLE 11. Summary of fin characters of Australian Plectranthias and Selenanthias species. Data for S. analis based on Australian specimens only. Caudal ray counts are presented as upper procurrent + upper principal + lower principal + lower procurrent = total rays." captionText-11="TABLE 12. Summary of body squamation characters for Australian species of Plectranthias and Selenanthias. Data for S. analis based on Australian specimens only." captionText-12="TABLE 13. Summary of selected head squamation characters for Australian species of Plectranthias and Selenanthias. Data for S. analis based on Australian specimens only." captionText-13="TABLE 14. Summary of gill-raker counts and selected osteological characters for Australian species of Plectranthias and Selenanthias. Data for S. analis based on Australian specimens only." captionText-14="TABLE 15. Summary of head serration characters for Australian species of Plectranthias and Selenanthias. Data for S. analis based on Australian specimens only." captionText-15="TABLE 16. Distribution and known depth ranges for Australian species of Plectranthias and Selenanthias. Data for Plectranthias species are from Allen &amp; Walsh (2015: tab. 1), supplemented with new observations." captionText-2="TABLE 3. Frequency distributions for counts of upper and lower gill rakers of Australian Plectranthias and Selenanthias species. “L” indicates additional variation noted in literature on each species. Data for S. analis based on Australian specimens only." captionText-3="TABLE 4. Frequency distributions for counts of total gill rakers of Australian Plectranthias and Selenanthias species. “L” indicates additional variation noted in literature on each species. Data for S. analis based on Australian specimens only." captionText-4="TABLE 5. Vertebral counts for Australian Plectranthias and Selenanthias species. “L” indicates additional variation noted in literature on each species. Data for S. analis based on Australian specimens only." captionText-5="TABLE 6. Supraneural and dorsal pterygiophore insertion patterns for Australian Plectranthias and Selenanthias species." captionText-6="TABLE 7. Position of terminal dorsal and anal pterygiophores in interneural and interhaemal spaces for Australian Plectranthias and Selenanthias species." captionText-7="TABLE 8. Frequency distributions for counts of tubed lateral-line scales of Australian Plectranthias and Selenanthias species. Frequencies are based on examined specimens and include bilateral counts. Where series are interrupted in P. inermis, P. fourmanoiri and P. winniensis, counts are of the anterior series of tubed scales. “L” indicates additional variation noted in literature on each species. Data for S. analis based only on Australian specimens." captionText-8="TABLE 9. Frequency distributions for counts of scales above and below the lateral line for Australian Plectranthias and Selenanthias species. Frequencies include bilateral counts. Data for S. analis based only on Australian specimens." captionText-9="TABLE 10. Frequency distributions for counts of circumpeduncular scales for Australian Plectranthias and Selenanthias species. Data for S. analis based only on Australian specimens." pageId="79" pageNumber="80">Tables 1–16</tableCitation>
, 
<tableCitation box="[476,506,403,429]" captionStart="TABLE 19" captionStartId="35.[151,234,637,661]" captionText="TABLE 19. Morphometric values for Plectranthias alleni, P. japonicus, P. maculicauda and P. robertsi expressed as percentages of SL." pageId="79" pageNumber="80">19</tableCitation>
, 
<tableCitation box="[518,546,403,429]" captionStart="TABLE 21" captionStartId="41.[151,239,639,665]" captionText="TABLE 21. Comparison of selected characters of Plectranthias azumanus, P. kelloggi, P. maculicauda and P. melanesius." pageId="79" pageNumber="80">21</tableCitation>
</paragraph>
</subSubSection>
<subSubSection box="[151,533,439,465]" pageId="79" pageNumber="80" type="vernacular_names">
<paragraph blockId="79.[151,583,366,465]" box="[151,533,439,465]" pageId="79" pageNumber="80">Common name: Spot-tail Perchlet</paragraph>
</subSubSection>
<subSubSection pageId="79" pageNumber="80" type="reference_group">
<paragraph blockId="79.[151,1437,507,684]" box="[151,1358,507,532]" pageId="79" pageNumber="80">
<treatmentCitationGroup box="[151,1358,507,532]" pageId="79" pageNumber="80">
<taxonomicName authority="Regan 1914: 15" authorityName="Regan" authorityPageNumber="15" authorityYear="1914" box="[151,559,507,532]" genus="Serranops" kingdom="Animalia" pageId="79" pageNumber="80" rank="species" species="maculicauda">
<treatmentCitation author="Regan, C. T." box="[151,559,507,532]" page="15" pageId="79" pageNumber="80" year="1914">
<emphasis box="[151,393,507,531]" italics="true" pageId="79" pageNumber="80">Serranops maculicauda</emphasis>
<materialsCitation box="[399,559,507,532]" country="New Zealand" county="North Island" location="North Cape" municipality="Aupori Peninsula" pageId="79" pageNumber="80" specimenCount="1">
<bibRefCitation author="Regan, C. T." box="[399,559,507,532]" pageId="79" pageNumber="80" pagination="11 - 17" refId="ref74477" refString="Regan, C. T. (1914) Diagnoses of new marine fishes collected by the British Antarctic (`Terra Nova') expedition. Annals and Magazine of Natural History, Series 8, 13, 11 - 17. https: // doi. org / 10.1080 / 00222931408693450" type="journal article" year="1914">Regan 1914: 15</bibRefCitation>
</materialsCitation>
</treatmentCitation>
</taxonomicName>
(
<typeStatus box="[573,618,507,531]" pageId="79" pageNumber="80">type</typeStatus>
locality: off 
<location LSID="urn:lsid:plazi:treatment:335587B2C4181C5EFF28FB1EFF32FC42:BE23607FC4181C41FD52FB8BFC80FDCA" box="[749,869,507,531]" country="New Zealand" county="North Island" municipality="Aupori Peninsula" name="North Cape" pageId="79" pageNumber="80">North Cape</location>
, 
<collectingMunicipality box="[878,1057,507,531]" pageId="79" pageNumber="80">Aupori Peninsula</collectingMunicipality>
, 
<collectingCounty box="[1067,1196,507,531]" pageId="79" pageNumber="80">North Island</collectingCounty>
, 
<collectingCountry box="[1207,1347,507,531]" name="New Zealand" pageId="79" pageNumber="80">New Zealand</collectingCountry>
).
</treatmentCitationGroup>
</paragraph>
<paragraph blockId="79.[151,1437,507,684]" pageId="79" pageNumber="80">
<treatmentCitationGroup pageId="79" pageNumber="80">
<taxonomicName baseAuthorityName="Regan" baseAuthorityYear="1914" box="[151,425,538,562]" class="Actinopterygii" family="Serranidae" genus="Plectranthias" kingdom="Animalia" order="Perciformes" pageId="79" pageNumber="80" phylum="Chordata" rank="species" species="maculicauda">
<emphasis box="[151,425,538,562]" italics="true" pageId="79" pageNumber="80">Plectranthias maculicauda</emphasis>
</taxonomicName>
.— 
<bibRefCitation author="Randall, J. E." box="[455,644,538,562]" pageId="79" pageNumber="80" pagination="101 - 187" refId="ref74071" refString="Randall, J. E. (1980) Revision of the fish genus Plectranthias (Serranidae: Anthiinae) with descriptions of 13 new species. Micronesica, 16, 101 - 187." type="journal article" year="1980">
<treatmentCitation author="Randall, J. E." box="[455,644,538,562]" page="151" pageId="79" pageNumber="80" year="1980">Randall 1980: 151</treatmentCitation>
</bibRefCitation>
(
<collectingRegion box="[657,841,538,562]" country="Australia" name="New South Wales" pageId="79" pageNumber="80">New South Wales</collectingRegion>
).— 
<bibRefCitation author="Paxton, J. R. &amp; Hoese, D. F. &amp; Allen, G. R. &amp; Hanley, J. E." box="[877,1114,538,562]" pageId="79" pageNumber="80" refId="ref73693" refString="Paxton, J. R., Hoese, D. F., Allen, G. R. &amp; Hanley, J. E. (1989) Zoological Catalogue of Australia. Volume 7. Pisces: Petromyzontidae to Carangidae. Australian Government Publishing Service, Canberra, 665 pp." type="book" year="1989">
<treatmentCitation author="Paxton, J. R. &amp; Hoese, D. F. &amp; Allen, G. R. &amp; Hanley, J. E." box="[877,1114,538,562]" page="507" pageId="79" pageNumber="80" year="1989">
Paxton 
<emphasis box="[955,1007,538,562]" italics="true" pageId="79" pageNumber="80">et al.</emphasis>
1989: 507
</treatmentCitation>
</bibRefCitation>
(checklist).— 
<bibRefCitation author="Allen, G. R. &amp; Hoese, D. F. &amp; Cross, N. J. &amp; Bray, D. J." pageId="79" pageNumber="80" pagination="982 - 997" refId="ref69597" refString="Allen, G. R., Hoese, D. F., Cross, N. J. &amp; Bray, D. J. (2006) Anthiinae. Basslets, seaperches. In: Beesley, P. L. &amp; Wells, A., Zoological Catalogue of Australia. Vol. 35. Fishes. Part 2. ABRS &amp; CSIRO Publishing, Collingwood, pp. 982 - 997." type="book chapter" year="2006">
<treatmentCitation author="Allen, G. R. &amp; Hoese, D. F. &amp; Cross, N. J. &amp; Bray, D. J." page="990" pageId="79" pageNumber="80" year="2006">
Allen 
<emphasis box="[1322,1373,538,562]" italics="true" pageId="79" pageNumber="80">et al.</emphasis>
2006: 990
</treatmentCitation>
</bibRefCitation>
(checklist).— 
<bibRefCitation author="Williams, A. &amp; Gowlett-Holmes, K. &amp; Althaus, F." box="[379,592,568,592]" pageId="79" pageNumber="80" pagination="1 - 8" refId="ref76153" refString="Williams, A., Gowlett-Holmes, K. &amp; Althaus, F. (2006) Biodiversity survey of seamounts and slopes of the Norfolk Ridge and Lord Howe Rise. Final Report to the Department of the Environment and Heritage (National Oceans Office), i-vi + 1 - 203, Append. 1 - 8." type="book chapter" year="2006">
Williams 
<emphasis box="[480,531,568,592]" italics="true" pageId="79" pageNumber="80">et al.</emphasis>
2006
</bibRefCitation>
: appendix 8: 29 (colour photos).— 
<bibRefCitation author="Anderson, W. D. Jr" box="[941,1138,568,593]" pageId="79" pageNumber="80" pagination="1 - 62" refId="ref70044" refString="Anderson, W. D. Jr (2018) Annotated checklist of anthiadine fishes (Percoidei: Serranidae). Zootaxa, 4475 (1), 1 - 62. https: // doi. org / 10.11646 / zootaxa. 4475.1.1" type="journal article" year="2018">
<treatmentCitation author="Anderson, W. D. Jr" box="[941,1138,568,593]" httpUri="http://treatment.plazi.org/id/03FC347CFFD3FFC8FF5AFAD0BF06F9DE" page="30" pageId="79" pageNumber="80" year="2018">Anderson 2018: 30</treatmentCitation>
</bibRefCitation>
(checklist).— 
<bibRefCitation author="Parenti, P. &amp; Randall, J. E." pageId="79" pageNumber="80" pagination="1 - 170" refId="ref73460" refString="Parenti, P. &amp; Randall, J. E. (2020) An annotated checklist of the fishes of the family Serranidae of the world with description of two new related families of fishes. FishTaxa, 15, 1 - 170." type="journal article" year="2020">
<treatmentCitation author="Parenti, P. &amp; Randall, J. E." page="27" pageId="79" pageNumber="80" year="2020">Parenti &amp; Randall 2020: 27</treatmentCitation>
</bibRefCitation>
(checklist).
</treatmentCitationGroup>
</paragraph>
<paragraph blockId="79.[151,1437,507,684]" pageId="79" pageNumber="80">
<treatmentCitationGroup pageId="79" pageNumber="80">
<taxonomicName baseAuthorityName="Regan" baseAuthorityYear="1914" box="[151,462,630,654]" class="Actinopterygii" family="Serranidae" genus="Plectranthias" kingdom="Animalia" order="Perciformes" pageId="79" pageNumber="80" phylum="Chordata" rank="species" species="maculicauda">
<emphasis box="[151,288,630,654]" italics="true" pageId="79" pageNumber="80">Plectranthias</emphasis>
cf. 
<emphasis box="[331,462,630,654]" italics="true" pageId="79" pageNumber="80">maculicauda</emphasis>
</taxonomicName>
.— 
<bibRefCitation author="Kuiter, R. H." box="[492,671,630,654]" pageId="79" pageNumber="80" refId="ref72931" refString="Kuiter, R. H. (2004) Basslets Hamlets and Their Relatives. A Comprehensive Guide to Selected Serranidae and Plesiopidae. TMC Publishing, Chorleywood, 216 pp." type="book" year="2004">
<treatmentCitation author="Kuiter, R. H." box="[492,671,630,654]" page="113" pageId="79" pageNumber="80" year="2004">Kuiter 2004: 113</treatmentCitation>
</bibRefCitation>
(regarded as distinct from 
<collectingCountry box="[958,1096,630,654]" name="New Zealand" pageId="79" pageNumber="80">New Zealand</collectingCountry>
populations; colour figure, New South Wales).
</treatmentCitationGroup>
</paragraph>
</subSubSection>
<subSubSection pageId="79" pageNumber="80" type="diagnosis">
<paragraph blockId="79.[151,1437,730,1333]" pageId="79" pageNumber="80">
<emphasis bold="true" box="[151,274,730,756]" pageId="79" pageNumber="80">Diagnosis.</emphasis>
A species of 
<taxonomicName authorityName=", Heemstra &amp; Randall" authorityYear="2009" box="[421,572,731,757]" class="Actinopterygii" family="Serranidae" genus="Plectranthias" kingdom="Animalia" order="Perciformes" pageId="79" pageNumber="80" phylum="Chordata" rank="genus">
<emphasis box="[421,572,731,757]" italics="true" pageId="79" pageNumber="80">Plectranthias</emphasis>
</taxonomicName>
with the following combination of characters: dorsal rays X,15; pectoral rays 15, rarely 14 or 16; lateral line complete with 32–35 tubed scales; no antrorse serrations on lower edge of preopercle; scales with basal cteni; melanophores on caudal peduncle form a large (larger than pupil) dark spot mid-laterally.
</paragraph>
</subSubSection>
<subSubSection pageId="79" pageNumber="80" type="discussion">
<paragraph blockId="79.[151,1437,730,1333]" pageId="79" pageNumber="80">
<emphasis bold="true" box="[199,315,839,865]" pageId="79" pageNumber="80">Remarks.</emphasis>
<bibRefCitation author="Regan, C. T." box="[322,475,839,865]" pageId="79" pageNumber="80" pagination="11 - 17" refId="ref74477" refString="Regan, C. T. (1914) Diagnoses of new marine fishes collected by the British Antarctic (`Terra Nova') expedition. Annals and Magazine of Natural History, Series 8, 13, 11 - 17. https: // doi. org / 10.1080 / 00222931408693450" type="journal article" year="1914">Regan (1914)</bibRefCitation>
described 
<taxonomicName authorityName="Regan" authorityYear="1914" box="[597,864,839,865]" genus="Serranops" kingdom="Animalia" pageId="79" pageNumber="80" rank="species" species="maculicauda">
<emphasis box="[597,864,839,865]" italics="true" pageId="79" pageNumber="80">Serranops maculicauda</emphasis>
</taxonomicName>
from nine 
<typeStatus box="[987,1085,839,865]" pageId="79" pageNumber="80">syntypes</typeStatus>
collected off North Cape, 
<collectingCountry name="New Zealand" pageId="79" pageNumber="80">New Zealand</collectingCountry>
. 
<bibRefCitation author="Randall, J. E." box="[258,429,875,901]" pageId="79" pageNumber="80" pagination="101 - 187" refId="ref74071" refString="Randall, J. E. (1980) Revision of the fish genus Plectranthias (Serranidae: Anthiinae) with descriptions of 13 new species. Micronesica, 16, 101 - 187." type="journal article" year="1980">Randall (1980)</bibRefCitation>
examined four of the 
<typeStatus box="[691,789,875,901]" pageId="79" pageNumber="80">syntypes</typeStatus>
and compared them with nine specimens from off New South Wales. He noted that the 
<collectingCountry box="[511,662,911,937]" name="New Zealand" pageId="79" pageNumber="80">New Zealand</collectingCountry>
specimens had more gill rakers than the New South Wales (7–8+17 versus 6–7+15). 
<bibRefCitation author="Kuiter, R. H." box="[340,494,947,973]" pageId="79" pageNumber="80" refId="ref72931" refString="Kuiter, R. H. (2004) Basslets Hamlets and Their Relatives. A Comprehensive Guide to Selected Serranidae and Plesiopidae. TMC Publishing, Chorleywood, 216 pp." type="book" year="2004">Kuiter (2004)</bibRefCitation>
recognised two species, based in part on Randall’s observed gill-raker count differences, and in part on apparent differences in live coloration. We refrain from further comment pending the completion of more detailed comparisons in progress by C.D. Roberts &amp; A.C. Gill.
</paragraph>
</subSubSection>
<subSubSection lastPageId="80" lastPageNumber="81" pageId="79" pageNumber="80" type="description">
<paragraph blockId="79.[151,1437,730,1333]" pageId="79" pageNumber="80">We add the following new observations: scales with basal cteni; vertebrae 10+16; supraneurals 3; predorsal formula 0/0+0/2/1+1; dorsal pterygiophores in interneural spaces 9–13 1/1/1/1+1/1 or 1/1/1/1+1/1+1; 0–2 trisegmental pterygiophores associated with dorsal fin; terminal dorsal pterygiophore in interneural space 17–18; 1–5 trisegmental pterygiophores associated with anal fin; terminal anal pterygiophore in interhaemal space 4–6; ribs present on vertebrae 3 through 10; epineurals present on vertebrae 1 through 12–13; parhypural and hypurals autogenous; well-developed hypurapophysis on parhypural; epurals 3; single uroneural (posterior uroneural absent); ventral tip of cleithrum with well-developed posteroventral process; proximal tip of first anal-fin pterygiophore near distal tips of parapophyses on vertebra 10.</paragraph>
<caption ID-DOI="http://doi.org/10.5281/zenodo.4471993" ID-Zenodo-Dep="4471993" httpUri="https://zenodo.org/record/4471993/files/figure.png" pageId="79" pageNumber="80" startId="79.[151,250,1975,1999]" targetBox="[159,1427,1369,1945]" targetPageId="79">
<paragraph blockId="79.[151,1436,1975,2036]" pageId="79" pageNumber="80">
<emphasis bold="true" box="[151,287,1975,1999]" pageId="79" pageNumber="80">FIGURE 33.</emphasis>
<taxonomicName authority=", AMS I." authorityName="AMS I." box="[292,648,1975,2000]" class="Actinopterygii" family="Serranidae" genus="Plectranthias" kingdom="Animalia" order="Perciformes" pageId="79" pageNumber="80" phylum="Chordata" rank="species" species="maculicauda">
<emphasis box="[292,565,1975,1999]" italics="true" pageId="79" pageNumber="80">Plectranthias maculicauda</emphasis>
, AMS I.
</taxonomicName>
42723-001, 67.6 mm SL, large seamount north of Middleton Reef, Lord Howe Rise, Tasman Sea, Australia. Photo by NORFANZ team.
</paragraph>
</caption>
<paragraph blockId="80.[151,1437,151,923]" box="[199,737,151,177]" pageId="80" pageNumber="81">
Morphometric data are summarised in 
<tableCitation box="[633,733,151,177]" captionStart="TABLE 19" captionStartId="35.[151,234,637,661]" captionText="TABLE 19. Morphometric values for Plectranthias alleni, P. japonicus, P. maculicauda and P. robertsi expressed as percentages of SL." pageId="80" pageNumber="81">Table 19</tableCitation>
.
</paragraph>
</subSubSection>
<subSubSection pageId="80" pageNumber="81" type="materials_examined">
<paragraph blockId="80.[151,1437,151,923]" pageId="80" pageNumber="81">
<emphasis bold="true" box="[199,436,186,212]" pageId="80" pageNumber="81">Material examined.</emphasis>
<materialsCitation collectionCode="AMS" country="Australia" elevation="110" latitude="-29.9" location="North Solitary Island" longLatPrecision="1224" longitude="153.6" pageId="80" pageNumber="81" specimenCount="1" stateProvince="New South Wales">
<emphasis bold="true" box="[444,564,186,212]" pageId="80" pageNumber="81">
<collectingCountry box="[444,558,186,212]" name="Australia" pageId="80" pageNumber="81">Australia</collectingCountry>
.
</emphasis>
<collectionCode box="[574,635,187,213]" pageId="80" pageNumber="81">AMS</collectionCode>
I.20605-017, 
<quantity box="[800,903,186,213]" metricMagnitude="-2" metricUnit="m" metricValue="5.4399999999999995" pageId="80" pageNumber="81" unit="mm" value="54.4">54.4 mm</quantity>
SL, 
<collectingRegion box="[963,1172,187,213]" country="Australia" name="New South Wales" pageId="80" pageNumber="81">New South Wales</collectingRegion>
, 
<location LSID="urn:lsid:plazi:treatment:335587B2C4181C5EFF28FB1EFF32FC42:BE23607FC4071C5EFB1DFACBFA7DFF0C" box="[1186,1432,187,213]" country="Australia" latitude="-29.9" longLatPrecision="1224" longitude="153.6" name="North Solitary Island" pageId="80" pageNumber="81" stateProvince="New South Wales">North Solitary Island</location>
, 
<geoCoordinate box="[151,243,224,251]" degrees="29" direction="south" minutes="54" orientation="latitude" pageId="80" pageNumber="81" precision="925" value="-29.9">29°54′S</geoCoordinate>
, 
<geoCoordinate box="[255,362,224,251]" degrees="153" direction="east" minutes="36" orientation="longitude" pageId="80" pageNumber="81" precision="925" value="153.6">153°36′E</geoCoordinate>
, 
<quantity box="[375,504,222,249]" metricMagnitude="2" metricUnit="m" metricValue="1.095" metricValueMax="1.13" metricValueMin="1.06" pageId="80" pageNumber="81" unit="m" value="109.5" valueMax="113.0" valueMin="106.0">
<elevation box="[375,504,222,249]" metricMagnitude="2" metricUnit="m" metricValue="1.095" metricValueMax="1.13" metricValueMin="1.06" pageId="80" pageNumber="81" unit="m" value="109.5" valueMax="113.0" valueMin="106.0">106–113 m</elevation>
</quantity>
, prawn trawl
</materialsCitation>
, 
<materialsCitation box="[668,961,222,249]" collectingDate="1978-08-02" collectionCode="FRV" country="Australia" pageId="80" pageNumber="81" specimenCount="1">
<collectionCode box="[668,720,223,249]" pageId="80" pageNumber="81">FRV</collectionCode>
<taxonomicName box="[728,810,222,248]" class="Insecta" family="Eucharitidae" genus="Kapala" kingdom="Animalia" order="Hymenoptera" pageId="80" pageNumber="81" phylum="Arthropoda" rank="genus">
<emphasis box="[728,810,222,248]" italics="true" pageId="80" pageNumber="81">Kapala</emphasis>
</taxonomicName>
, 
<date box="[825,961,222,248]" pageId="80" pageNumber="81" value="1978-08-02">
<collectingDate box="[825,961,222,248]" pageId="80" pageNumber="81" value="1978-08-02">2 Aug 1978</collectingDate>
</date>
</materialsCitation>
; 
<materialsCitation collectionCode="AMS" collectorName="K. Graham" country="Australia" elevation="155" latitude="-31.083334" location="Hat Head" longLatPrecision="1218" longitude="153.21666" pageId="80" pageNumber="81" specimenCount="1">
<collectionCode box="[973,1034,222,248]" pageId="80" pageNumber="81">AMS</collectionCode>
I.23476-001, 6: 
<quantity box="[1225,1389,222,249]" metricMagnitude="-2" metricUnit="m" metricValue="6.115" metricValueMax="7.52" metricValueMin="4.71" pageId="80" pageNumber="81" unit="mm" value="61.15" valueMax="75.2" valueMin="47.1">47.1–75.2 mm</quantity>
SL, east of 
<location LSID="urn:lsid:plazi:treatment:335587B2C4181C5EFF28FB1EFF32FC42:BE23607FC4071C5EFF56FB72FEB2FEC2" box="[233,343,257,284]" country="Australia" latitude="-31.083334" longLatPrecision="1218" longitude="153.21666" name="Hat Head" pageId="80" pageNumber="81">Hat Head</location>
, 
<geoCoordinate box="[354,446,259,286]" degrees="31" direction="south" minutes="05" orientation="latitude" pageId="80" pageNumber="81" precision="925" value="-31.083334">31°05′S</geoCoordinate>
, 
<geoCoordinate box="[458,564,259,286]" degrees="153" direction="east" minutes="13" orientation="longitude" pageId="80" pageNumber="81" precision="925" value="153.21666">153°13′E</geoCoordinate>
, 
<quantity box="[577,650,257,284]" metricMagnitude="2" metricUnit="m" metricValue="1.55" pageId="80" pageNumber="81" unit="m" value="155.0">
<elevation box="[577,650,257,284]" metricMagnitude="2" metricUnit="m" metricValue="1.55" pageId="80" pageNumber="81" unit="m" value="155.0">155 m</elevation>
</quantity>
, demersal prawn trawl, 
<collectorName box="[921,1048,257,284]" pageId="80" pageNumber="81">K. Graham</collectorName>
</materialsCitation>
, 
<materialsCitation box="[1060,1365,257,284]" collectingDate="1977-08-24" collectionCode="FRV" country="Australia" pageId="80" pageNumber="81" specimenCount="1">
<collectionCode box="[1060,1112,258,284]" pageId="80" pageNumber="81">FRV</collectionCode>
<taxonomicName box="[1119,1201,257,283]" class="Insecta" family="Eucharitidae" genus="Kapala" kingdom="Animalia" order="Hymenoptera" pageId="80" pageNumber="81" phylum="Arthropoda" rank="genus">
<emphasis box="[1119,1201,257,283]" italics="true" pageId="80" pageNumber="81">Kapala</emphasis>
</taxonomicName>
, 
<date box="[1216,1365,258,284]" pageId="80" pageNumber="81" value="1977-08-24">
<collectingDate box="[1216,1365,258,284]" pageId="80" pageNumber="81" value="1977-08-24">24 Aug 1977</collectingDate>
</date>
</materialsCitation>
; 
<materialsCitation collectionCode="AMS" country="Australia" elevation="58" latitude="-29.9" location="North Solitary Island" longLatPrecision="1224" longitude="153.6" pageId="80" pageNumber="81" specimenCount="1">
<collectionCode box="[1376,1437,258,284]" pageId="80" pageNumber="81">AMS</collectionCode>
I.23477-001, 58.0 mm SL (radiograph only), off 
<location LSID="urn:lsid:plazi:treatment:335587B2C4181C5EFF28FB1EFF32FC42:BE23607FC4071C5EFD7FFB55FC55FEE6" box="[704,944,293,319]" country="Australia" latitude="-29.9" longLatPrecision="1224" longitude="153.6" name="North Solitary Island" pageId="80" pageNumber="81">North Solitary Island</location>
, 
<geoCoordinate box="[956,1048,294,321]" degrees="29" direction="south" minutes="54" orientation="latitude" pageId="80" pageNumber="81" precision="925" value="-29.9">29°54′S</geoCoordinate>
, 
<geoCoordinate box="[1060,1167,294,321]" degrees="153" direction="east" minutes="36" orientation="longitude" pageId="80" pageNumber="81" precision="925" value="153.6">153°36′E</geoCoordinate>
, 
<quantity box="[1179,1281,293,320]" metricMagnitude="1" metricUnit="m" metricValue="5.8" metricValueMax="6.0" metricValueMin="5.6" pageId="80" pageNumber="81" unit="m" value="58.0" valueMax="60.0" valueMin="56.0">
<elevation box="[1179,1281,293,320]" metricMagnitude="1" metricUnit="m" metricValue="5.8" metricValueMax="6.0" metricValueMin="5.6" pageId="80" pageNumber="81" unit="m" value="58.0" valueMax="60.0" valueMin="56.0">56–60 m</elevation>
</quantity>
, prawn trawl
</materialsCitation>
, 
<materialsCitation box="[151,446,328,355]" collectingDate="1978-08-02" collectionCode="FRV" country="Australia" pageId="80" pageNumber="81" specimenCount="1">
<collectionCode box="[151,203,329,355]" pageId="80" pageNumber="81">FRV</collectionCode>
<taxonomicName box="[211,293,328,354]" class="Insecta" family="Eucharitidae" genus="Kapala" kingdom="Animalia" order="Hymenoptera" pageId="80" pageNumber="81" phylum="Arthropoda" rank="genus">
<emphasis box="[211,293,328,354]" italics="true" pageId="80" pageNumber="81">Kapala</emphasis>
</taxonomicName>
, 
<date box="[309,446,329,355]" pageId="80" pageNumber="81" value="1978-08-02">
<collectingDate box="[309,446,329,355]" pageId="80" pageNumber="81" value="1978-08-02">2 Aug 1978</collectingDate>
</date>
</materialsCitation>
; 
<materialsCitation collectionCode="AMS" collectorName="K. J. Graham" country="Australia" elevation="125" latitude="-29.933332" location="Wooli" longLatPrecision="1224" longitude="153.6" pageId="80" pageNumber="81" specimenCount="1" stateProvince="New South Wales">
<collectionCode box="[457,518,329,355]" pageId="80" pageNumber="81">AMS</collectionCode>
I.23713-004, 71.0 mm SL, 
<collectingRegion box="[837,1042,328,355]" country="Australia" name="New South Wales" pageId="80" pageNumber="81">New South Wales</collectingRegion>
, east of 
<location LSID="urn:lsid:plazi:treatment:335587B2C4181C5EFF28FB1EFF32FC42:BE23607FC4071C5EFBCEFB38FB5DFEBB" box="[1137,1208,328,354]" country="Australia" latitude="-29.933332" longLatPrecision="1224" longitude="153.6" name="Wooli" pageId="80" pageNumber="81" stateProvince="New South Wales">Wooli</location>
, 
<geoCoordinate box="[1220,1312,330,357]" degrees="29" direction="south" minutes="56" orientation="latitude" pageId="80" pageNumber="81" precision="925" value="-29.933332">29°56′S</geoCoordinate>
, 
<geoCoordinate box="[1325,1432,330,357]" degrees="153" direction="east" minutes="36" orientation="longitude" pageId="80" pageNumber="81" precision="925" value="153.6">153°36′E</geoCoordinate>
, 
<quantity box="[151,280,364,391]" metricMagnitude="2" metricUnit="m" metricValue="1.2449999999999999" metricValueMax="1.28" metricValueMin="1.21" pageId="80" pageNumber="81" unit="m" value="124.5" valueMax="128.0" valueMin="121.0">
<elevation box="[151,280,364,391]" metricMagnitude="2" metricUnit="m" metricValue="1.2449999999999999" metricValueMax="1.28" metricValueMin="1.21" pageId="80" pageNumber="81" unit="m" value="124.5" valueMax="128.0" valueMin="121.0">121–128 m</elevation>
</quantity>
, demersal fish trawl, 
<collectorName box="[518,662,364,391]" pageId="80" pageNumber="81">K.J. Graham</collectorName>
</materialsCitation>
, 
<materialsCitation box="[673,1264,364,391]" collectingDate="1982-07-17" collectionCode="FRV" country="Australia" pageId="80" pageNumber="81" specimenCount="1">
<collectionCode box="[673,725,365,391]" pageId="80" pageNumber="81">FRV</collectionCode>
<taxonomicName box="[731,813,364,390]" class="Insecta" family="Eucharitidae" genus="Kapala" kingdom="Animalia" order="Hymenoptera" pageId="80" pageNumber="81" phylum="Arthropoda" rank="genus">
<emphasis box="[731,813,364,390]" italics="true" pageId="80" pageNumber="81">Kapala</emphasis>
</taxonomicName>
, 
<date box="[827,957,364,390]" pageId="80" pageNumber="81" value="1982-07-17">
<collectingDate box="[827,957,364,390]" pageId="80" pageNumber="81" value="1982-07-17">17 Jul 1982</collectingDate>
</date>
(field number K 82-13-01)
</materialsCitation>
; 
<materialsCitation collectionCode="AMS" collectorName="K. J. Graham" country="Australia" elevation="151" latitude="-30.966667" location="Smoky Cape" longLatPrecision="1218" longitude="153.21666" pageId="80" pageNumber="81" specimenCount="1" stateProvince="New South Wales">
<collectionCode box="[1273,1334,364,390]" pageId="80" pageNumber="81">AMS</collectionCode>
I.24437- 008, 
<quantity box="[209,311,399,426]" metricMagnitude="-2" metricUnit="m" metricValue="6.21" pageId="80" pageNumber="81" unit="mm" value="62.1">62.1 mm</quantity>
SL, 
<collectingRegion box="[367,574,399,426]" country="Australia" name="New South Wales" pageId="80" pageNumber="81">New South Wales</collectingRegion>
, off 
<location LSID="urn:lsid:plazi:treatment:335587B2C4181C5EFF28FB1EFF32FC42:BE23607FC4071C5EFDCCFBFFFCE2FE73" box="[627,775,399,426]" country="Australia" latitude="-30.966667" longLatPrecision="1218" longitude="153.21666" name="Smoky Cape" pageId="80" pageNumber="81" stateProvince="New South Wales">Smoky Cape</location>
, 
<geoCoordinate box="[788,880,401,428]" degrees="30" direction="south" minutes="58" orientation="latitude" pageId="80" pageNumber="81" precision="925" value="-30.966667">30°58′S</geoCoordinate>
, 
<geoCoordinate box="[893,999,401,428]" degrees="153" direction="east" minutes="13" orientation="longitude" pageId="80" pageNumber="81" precision="925" value="153.21666">153°13′E</geoCoordinate>
, 
<quantity box="[1013,1144,399,426]" metricMagnitude="2" metricUnit="m" metricValue="1.505" metricValueMax="1.55" metricValueMin="1.46" pageId="80" pageNumber="81" unit="m" value="150.5" valueMax="155.0" valueMin="146.0">
<elevation box="[1013,1144,399,426]" metricMagnitude="2" metricUnit="m" metricValue="1.505" metricValueMax="1.55" metricValueMin="1.46" pageId="80" pageNumber="81" unit="m" value="150.5" valueMax="155.0" valueMin="146.0">146–155 m</elevation>
</quantity>
, demersal fish trawl, 
<collectorName pageId="80" pageNumber="81">K.J. Graham</collectorName>
</materialsCitation>
, 
<materialsCitation box="[256,860,435,461]" collectingDate="1983-08-08" collectionCode="FRV" country="Australia" pageId="80" pageNumber="81" specimenCount="1">
<collectionCode box="[256,308,435,461]" pageId="80" pageNumber="81">FRV</collectionCode>
<taxonomicName box="[316,398,435,461]" class="Insecta" family="Eucharitidae" genus="Kapala" kingdom="Animalia" order="Hymenoptera" pageId="80" pageNumber="81" phylum="Arthropoda" rank="genus">
<emphasis box="[316,398,435,461]" italics="true" pageId="80" pageNumber="81">Kapala</emphasis>
</taxonomicName>
, 
<date box="[414,546,435,461]" pageId="80" pageNumber="81" value="1983-08-08">
<collectingDate box="[414,546,435,461]" pageId="80" pageNumber="81" value="1983-08-08">8 Aug 1983</collectingDate>
</date>
(field number K 83-07-09)
</materialsCitation>
; 
<materialsCitation collectionCode="AMS" collectorName="K. J. Graham" country="Australia" elevation="143" latitude="-34.583332" location="Bass Point" longLatPrecision="1198" longitude="151.11667" municipality="South Walers" pageId="80" pageNumber="81" specimenCount="1">
<collectionCode box="[871,932,435,461]" pageId="80" pageNumber="81">AMS</collectionCode>
I.26716-001, 
<quantity box="[1092,1193,435,462]" metricMagnitude="-2" metricUnit="m" metricValue="9.45" pageId="80" pageNumber="81" unit="mm" value="94.5">94.5 mm</quantity>
SL, New 
<collectingMunicipality pageId="80" pageNumber="81">South Walers</collectingMunicipality>
, off 
<location LSID="urn:lsid:plazi:treatment:335587B2C4181C5EFF28FB1EFF32FC42:BE23607FC4071C5EFF50FBA7FE8FFE29" box="[239,362,470,497]" country="Australia" latitude="-34.583332" longLatPrecision="1198" longitude="151.11667" municipality="South Walers" name="Bass Point" pageId="80" pageNumber="81">Bass Point</location>
, 
<geoCoordinate box="[374,466,472,499]" degrees="34" direction="south" minutes="35" orientation="latitude" pageId="80" pageNumber="81" precision="925" value="-34.583332">34°35′S</geoCoordinate>
, 
<geoCoordinate box="[478,585,472,499]" degrees="151" direction="east" minutes="07" orientation="longitude" pageId="80" pageNumber="81" precision="925" value="151.11667">151°07′E</geoCoordinate>
, 
<quantity box="[598,728,470,497]" metricMagnitude="2" metricUnit="m" metricValue="1.425" metricValueMax="1.44" metricValueMin="1.41" pageId="80" pageNumber="81" unit="m" value="142.5" valueMax="144.0" valueMin="141.0">
<elevation box="[598,728,470,497]" metricMagnitude="2" metricUnit="m" metricValue="1.425" metricValueMax="1.44" metricValueMin="1.41" pageId="80" pageNumber="81" unit="m" value="142.5" valueMax="144.0" valueMin="141.0">141–144 m</elevation>
</quantity>
, demersal fish trawl, 
<collectorName box="[972,1118,470,497]" pageId="80" pageNumber="81">K.J. Graham</collectorName>
</materialsCitation>
, 
<materialsCitation collectingDate="1985-11-21" collectionCode="FRV" country="Australia" pageId="80" pageNumber="81" specimenCount="1">
<collectionCode box="[1131,1183,471,497]" pageId="80" pageNumber="81">FRV</collectionCode>
<taxonomicName box="[1190,1272,470,496]" class="Insecta" family="Eucharitidae" genus="Kapala" kingdom="Animalia" order="Hymenoptera" pageId="80" pageNumber="81" phylum="Arthropoda" rank="genus">
<emphasis box="[1190,1272,470,496]" italics="true" pageId="80" pageNumber="81">Kapala</emphasis>
</taxonomicName>
, 
<date box="[1288,1436,470,497]" pageId="80" pageNumber="81" value="1985-11-21">
<collectingDate box="[1288,1436,470,497]" pageId="80" pageNumber="81" value="1985-11-21">21 Nov 1985</collectingDate>
</date>
(field number K 85-18-08)
</materialsCitation>
; 
<materialsCitation collectionCode="AMS" country="Australia" county="Tasman Sea" elevation="311" latitude="-29.218666" location="Middleton Reef" longLatPrecision="12" longitude="159.0075" municipality="Lord Howe Rise" pageId="80" pageNumber="81" specimenCount="1">
<collectionCode box="[468,529,506,532]" pageId="80" pageNumber="81">AMS</collectionCode>
I.42723-001, 
<quantity box="[690,791,506,532]" metricMagnitude="-2" metricUnit="m" metricValue="6.76" pageId="80" pageNumber="81" unit="mm" value="67.6">67.6 mm</quantity>
SL, 
<collectingCounty box="[846,983,506,532]" pageId="80" pageNumber="81">Tasman Sea</collectingCounty>
, 
<collectingMunicipality box="[996,1186,506,532]" pageId="80" pageNumber="81">Lord Howe Rise</collectingMunicipality>
, large seamount north of 
<location LSID="urn:lsid:plazi:treatment:335587B2C4181C5EFF28FB1EFF32FC42:BE23607FC4071C5EFF0AF86DFE8DFDEE" box="[181,360,541,567]" country="Australia" county="Tasman Sea" latitude="-29.218666" longLatPrecision="12" longitude="159.0075" municipality="Lord Howe Rise" name="Middleton Reef" pageId="80" pageNumber="81">Middleton Reef</location>
, 
<geoCoordinate box="[371,497,543,570]" degrees="29" direction="south" minutes="13.12" orientation="latitude" pageId="80" pageNumber="81" precision="9" value="-29.218666">29°13.12′S</geoCoordinate>
, 
<geoCoordinate box="[508,650,543,570]" degrees="159" direction="east" minutes="00.45" orientation="longitude" pageId="80" pageNumber="81" precision="9" value="159.0075">159°00.45′E</geoCoordinate>
, 
<quantity box="[661,790,541,568]" metricMagnitude="2" metricUnit="m" metricValue="3.11" metricValueMax="3.3" metricValueMin="2.92" pageId="80" pageNumber="81" unit="m" value="311.0" valueMax="330.0" valueMin="292.0">
<elevation box="[661,790,541,568]" metricMagnitude="2" metricUnit="m" metricValue="3.11" metricValueMax="3.3" metricValueMin="2.92" pageId="80" pageNumber="81" unit="m" value="311.0" valueMax="330.0" valueMin="292.0">292–330 m</elevation>
</quantity>
</materialsCitation>
, 
<collectionCode box="[801,873,542,568]" country="New Zealand" httpUri="http://grbio.org/cool/nyq3-3g6s" name="National Institute of Water and Atmospheric Research" pageId="80" pageNumber="81" type="Other institutional type">NIWA</collectionCode>
epibenthic sled, NORFANZ team, 
<collectionCode box="[1266,1286,542,568]" country="Chile" name="Departamento de Geologia, Universidad de Chile" pageId="80" pageNumber="81">R</collectionCode>
. 
<materialsCitation collectingDate="2003-05-21" collectionCode="V" country="Australia" pageId="80" pageNumber="81" specimenCode="TAN 0308-055" specimenCount="1">
<collectionCode box="[1290,1312,542,568]" country="Canada" lsid="urn:lsid:biocol.org:col:13946" name="Royal British Columbia Museum - Herbarium" pageId="80" pageNumber="81" type="Museum">V</collectionCode>
. 
<taxonomicName box="[1322,1429,542,567]" class="Arachnida" family="Uloboridae" genus="Tangaroa" kingdom="Animalia" order="Araneae" pageId="80" pageNumber="81" phylum="Arthropoda" rank="genus">
<emphasis box="[1322,1429,542,567]" italics="true" pageId="80" pageNumber="81">Tangaroa</emphasis>
</taxonomicName>
, 
<date box="[151,304,577,603]" pageId="80" pageNumber="81" value="2003-05-21">
<collectingDate box="[151,304,577,603]" pageId="80" pageNumber="81" value="2003-05-21">21 May 2003</collectingDate>
</date>
(
<specimenCode box="[320,498,577,604]" collectionCode="TAN" country="Madagascar" lsid="urn:lsid:biocol.org:col:13842" name="Parc de Tsimbazaza" pageId="80" pageNumber="81" type="Herbarium">TAN 0308-055</specimenCode>
)
</materialsCitation>
; 
<materialsCitation collectingDate="1994-08-26" collectionCode="CSIRO" collectorName="G. Yearsley" country="Australia" elevation="180" latitude="-38.926666" location="Lakes Entrance" longLatPrecision="117" longitude="148.46167" municipality="Bass Strait" pageId="80" pageNumber="81" specimenCode="H 3763-01" specimenCount="1" stateProvince="Victoria">
<collectionCode box="[520,602,577,603]" country="Australia" httpUri="http://grbio.org/cool/0k2v-y6wz" name="Australian National Fish Collection" pageId="80" pageNumber="81" type="Museum">CSIRO</collectionCode>
<specimenCode box="[611,737,577,603]" collectionCode="CSIRO" country="Australia" httpUri="http://grbio.org/cool/0k2v-y6wz" name="Australian National Fish Collection" pageId="80" pageNumber="81" type="Museum">H 3763-01</specimenCode>
, 
<quantity box="[750,851,577,604]" metricMagnitude="-2" metricUnit="m" metricValue="5.07" pageId="80" pageNumber="81" unit="mm" value="50.7">50.7 mm</quantity>
SL, 
<collectingRegion box="[908,1001,577,603]" country="Australia" name="Victoria" pageId="80" pageNumber="81">Victoria</collectingRegion>
, 
<collectingMunicipality box="[1014,1140,577,603]" pageId="80" pageNumber="81">Bass Strait</collectingMunicipality>
, south of 
<location LSID="urn:lsid:plazi:treatment:335587B2C4181C5EFF28FB1EFF32FC42:BE23607FC4071C5EFB59F831FA7DFD82" box="[1254,1432,577,603]" country="Australia" latitude="-38.926666" longLatPrecision="117" longitude="148.46167" municipality="Bass Strait" name="Lakes Entrance" pageId="80" pageNumber="81" stateProvince="Victoria">Lakes Entrance</location>
, 
<geoCoordinate box="[151,263,614,641]" degrees="38" direction="south" minutes="55.6" orientation="latitude" pageId="80" pageNumber="81" precision="92" value="-38.926666">38°55.6′S</geoCoordinate>
, 
<geoCoordinate box="[275,403,614,641]" degrees="148" direction="east" minutes="27.7" orientation="longitude" pageId="80" pageNumber="81" precision="92" value="148.46167">148°27.7′E</geoCoordinate>
, 
<quantity box="[415,544,612,639]" metricMagnitude="2" metricUnit="m" metricValue="1.8" metricValueMax="2.1" metricValueMin="1.5" pageId="80" pageNumber="81" unit="m" value="180.0" valueMax="210.0" valueMin="150.0">
<elevation box="[415,544,612,639]" metricMagnitude="2" metricUnit="m" metricValue="1.8" metricValueMax="2.1" metricValueMin="1.5" pageId="80" pageNumber="81" unit="m" value="180.0" valueMax="210.0" valueMin="150.0">150–210 m</elevation>
</quantity>
, benthic sled, 
<collectorName box="[705,837,612,638]" pageId="80" pageNumber="81">G. Yearsley</collectorName>
, 
<collectionCode box="[848,900,613,639]" pageId="80" pageNumber="81">FRV</collectionCode>
<emphasis box="[907,1116,612,639]" italics="true" pageId="80" pageNumber="81">
<location LSID="urn:lsid:plazi:treatment:335587B2C4181C5EFF28FB1EFF32FC42:BE23607FC4071C5EFC34F814FBB9FDA6" box="[907,1116,612,639]" country="Australia" name="Southern Surveyor" pageId="80" pageNumber="81">Southern Surveyor</location>
</emphasis>
, 
<date box="[1130,1276,612,638]" pageId="80" pageNumber="81" value="1994-08-26">
<collectingDate box="[1130,1276,612,638]" pageId="80" pageNumber="81" value="1994-08-26">26 Aug 1994</collectingDate>
</date>
(field number SS0594/4)
</materialsCitation>
; 
<materialsCitation collectingDate="1996-05-07" collectionCode="CSIRO" collectorName="Daley" country="Australia" elevation="92" latitude="-37.335" location="Green Cape" longLatPrecision="92" longitude="150.10867" pageId="80" pageNumber="81" specimenCode="H 4258-01" specimenCount="1" stateProvince="New South Wales">
<collectionCode box="[285,367,648,674]" country="Australia" httpUri="http://grbio.org/cool/0k2v-y6wz" name="Australian National Fish Collection" pageId="80" pageNumber="81" type="Museum">CSIRO</collectionCode>
<specimenCode box="[375,498,647,674]" collectionCode="CSIRO" country="Australia" httpUri="http://grbio.org/cool/0k2v-y6wz" name="Australian National Fish Collection" pageId="80" pageNumber="81" type="Museum">H 4258-01</specimenCode>
, 
<quantity box="[511,611,647,674]" metricMagnitude="-2" metricUnit="m" metricValue="4.45" pageId="80" pageNumber="81" unit="mm" value="44.5">44.5 mm</quantity>
SL, 
<collectingRegion box="[666,870,648,674]" country="Australia" name="New South Wales" pageId="80" pageNumber="81">New South Wales</collectingRegion>
, south of 
<location LSID="urn:lsid:plazi:treatment:335587B2C4181C5EFF28FB1EFF32FC42:BE23607FC4071C5EFC6AF8F8FBB8FD7B" box="[981,1117,648,674]" country="Australia" latitude="-37.335" longLatPrecision="92" longitude="150.10867" name="Green Cape" pageId="80" pageNumber="81" stateProvince="New South Wales">Green Cape</location>
, 
<geoCoordinate box="[1129,1255,649,676]" degrees="37" direction="south" minutes="21.23" orientation="latitude" pageId="80" pageNumber="81" precision="9" value="-37.353832">37°21.23′S</geoCoordinate>
, 
<geoCoordinate box="[1267,1407,649,676]" degrees="150" direction="east" minutes="06.03" orientation="longitude" pageId="80" pageNumber="81" precision="9" value="150.1005">150°06.03′E</geoCoordinate>
to 37°20.1′S, 150°06.52′E, 
<quantity box="[432,534,683,710]" metricMagnitude="1" metricUnit="m" metricValue="9.2" metricValueMax="9.4" metricValueMin="9.0" pageId="80" pageNumber="81" unit="m" value="92.0" valueMax="94.0" valueMin="90.0">
<elevation box="[432,534,683,710]" metricMagnitude="1" metricUnit="m" metricValue="9.2" metricValueMax="9.4" metricValueMin="9.0" pageId="80" pageNumber="81" unit="m" value="92.0" valueMax="94.0" valueMin="90.0">90–94 m</elevation>
</quantity>
, epibenthic sled, 
<collectionCode box="[733,755,684,710]" country="Chile" name="Departamento de Geologia, Universidad de Chile" pageId="80" pageNumber="81">R</collectionCode>
. 
<collectorName box="[767,835,683,709]" pageId="80" pageNumber="81">Daley</collectorName>
, 
<collectionCode box="[848,900,684,710]" pageId="80" pageNumber="81">FRV</collectionCode>
<emphasis box="[908,1119,683,710]" italics="true" pageId="80" pageNumber="81">
<location LSID="urn:lsid:plazi:treatment:335587B2C4181C5EFF28FB1EFF32FC42:BE23607FC4071C5EFC33F8DBFBBAFD1F" box="[908,1119,683,710]" country="Australia" name="Southern Surveyor" pageId="80" pageNumber="81">Southern Surveyor</location>
</emphasis>
, 
<date box="[1135,1273,683,710]" pageId="80" pageNumber="81" value="1996-05-07">
<collectingDate box="[1135,1273,683,710]" pageId="80" pageNumber="81" value="1996-05-07">7 May 1996</collectingDate>
</date>
(field number SS0296/185)
</materialsCitation>
; 
<materialsCitation box="[313,1431,718,747]" collectionCode="CSIRO" country="Australia" elevation="115" latitude="-37.950165" location="Cape Everard" longLatPrecision="11" longitude="149.24217" pageId="80" pageNumber="81" specimenCode="H 6159-02" specimenCount="1" stateProvince="Victoria">
<collectionCode box="[313,395,719,745]" country="Australia" httpUri="http://grbio.org/cool/0k2v-y6wz" name="Australian National Fish Collection" pageId="80" pageNumber="81" type="Museum">CSIRO</collectionCode>
<specimenCode box="[403,527,718,745]" collectionCode="CSIRO" country="Australia" httpUri="http://grbio.org/cool/0k2v-y6wz" name="Australian National Fish Collection" pageId="80" pageNumber="81" type="Museum">H 6159-02</specimenCode>
, 
<quantity box="[539,640,719,745]" metricMagnitude="-2" metricUnit="m" metricValue="3.9299999999999997" pageId="80" pageNumber="81" unit="mm" value="39.3">39.3 mm</quantity>
SL, 
<collectingRegion box="[694,787,719,745]" country="Australia" name="Victoria" pageId="80" pageNumber="81">Victoria</collectingRegion>
, south of 
<location LSID="urn:lsid:plazi:treatment:335587B2C4181C5EFF28FB1EFF32FC42:BE23607FC4071C5EFC3DF8BFFBFAFD30" box="[898,1055,719,745]" country="Australia" latitude="-37.950165" longLatPrecision="11" longitude="149.24217" name="Cape Everard" pageId="80" pageNumber="81" stateProvince="Victoria">Cape Everard</location>
, 
<geoCoordinate box="[1066,1192,720,747]" degrees="37" direction="south" minutes="57.01" orientation="latitude" pageId="80" pageNumber="81" precision="9" value="-37.950165">37°57.01′S</geoCoordinate>
, 
<geoCoordinate box="[1205,1346,720,747]" degrees="149" direction="east" minutes="14.53" orientation="longitude" pageId="80" pageNumber="81" precision="9" value="149.24217">149°14.53′E</geoCoordinate>
, 
<quantity box="[1359,1431,718,745]" metricMagnitude="2" metricUnit="m" metricValue="1.15" pageId="80" pageNumber="81" unit="m" value="115.0">
<elevation box="[1359,1431,718,745]" metricMagnitude="2" metricUnit="m" metricValue="1.15" pageId="80" pageNumber="81" unit="m" value="115.0">115 m</elevation>
</quantity>
</materialsCitation>
, 
<materialsCitation box="[151,976,754,781]" collectingDate="2004-04-26" collectionCode="CSIRO, FRV" country="Australia" location="Southern Surveyor" pageId="80" pageNumber="81" specimenCount="1">
<collectionCode box="[151,236,754,780]" country="Australia" httpUri="http://grbio.org/cool/0k2v-y6wz" name="Australian National Fish Collection" pageId="80" pageNumber="81" type="Museum">CSIRO</collectionCode>
, 
<collectionCode box="[248,300,755,781]" pageId="80" pageNumber="81">FRV</collectionCode>
<emphasis box="[307,517,754,780]" italics="true" pageId="80" pageNumber="81">
<location LSID="urn:lsid:plazi:treatment:335587B2C4181C5EFF28FB1EFF32FC42:BE23607FC4071C5EFE8CF882FDE0FCD5" box="[307,517,754,780]" country="Australia" name="Southern Surveyor" pageId="80" pageNumber="81">Southern Surveyor</location>
</emphasis>
, 
<date box="[531,672,754,780]" pageId="80" pageNumber="81" value="2004-04-26">
<collectingDate box="[531,672,754,780]" pageId="80" pageNumber="81" value="2004-04-26">26 Apr 2004</collectingDate>
</date>
(field number SS0404/86)
</materialsCitation>
. 
<materialsCitation collectionCode="AIM" country="New Zealand" elevation="154" latitude="-34.433334" location="North Cape" longLatPrecision="1199" longitude="173.23334" pageId="80" pageNumber="81" specimenCode="MA2495" specimenCount="1" stateProvince="Northland">
<emphasis bold="true" box="[986,1152,754,780]" pageId="80" pageNumber="81">
<collectingCountry box="[986,1147,754,780]" name="New Zealand" pageId="80" pageNumber="81">New Zealand</collectingCountry>
.
</emphasis>
<collectionCode box="[1159,1213,754,780]" country="New Zealand" httpUri="http://grbio.org/cool/qhws-00k6" name="Auckland Institute and Museum" pageId="80" pageNumber="81">AIM</collectionCode>
<specimenCode box="[1221,1325,754,781]" collectionCode="AIM" country="New Zealand" httpUri="http://grbio.org/cool/qhws-00k6" name="Auckland Institute and Museum" pageId="80" pageNumber="81">MA2495</specimenCode>
, 
<quantity box="[1336,1437,754,781]" metricMagnitude="-2" metricUnit="m" metricValue="8.39" pageId="80" pageNumber="81" unit="mm" value="83.9">83.9 mm</quantity>
SL, 
<collectingRegion box="[198,314,789,815]" country="New Zealand" name="Northland" pageId="80" pageNumber="81">Northland</collectingRegion>
, off 
<location LSID="urn:lsid:plazi:treatment:335587B2C4181C5EFF28FB1EFF32FC42:BE23607FC4071C5EFED2F965FE14FCE9" box="[365,497,789,816]" country="New Zealand" latitude="-34.433334" longLatPrecision="1199" longitude="173.23334" name="North Cape" pageId="80" pageNumber="81" stateProvince="Northland">North Cape</location>
, 
<geoCoordinate box="[508,600,791,818]" degrees="34" direction="south" minutes="26" orientation="latitude" pageId="80" pageNumber="81" precision="925" value="-34.433334">34°26′S</geoCoordinate>
, 
<geoCoordinate box="[611,718,791,818]" degrees="173" direction="east" minutes="14" orientation="longitude" pageId="80" pageNumber="81" precision="925" value="173.23334">173°14′E</geoCoordinate>
, 
<quantity box="[730,859,789,816]" metricMagnitude="2" metricUnit="m" metricValue="1.54" metricValueMax="1.65" metricValueMin="1.43" pageId="80" pageNumber="81" unit="m" value="154.0" valueMax="165.0" valueMin="143.0">
<elevation box="[730,859,789,816]" metricMagnitude="2" metricUnit="m" metricValue="1.54" metricValueMax="1.65" metricValueMin="1.43" pageId="80" pageNumber="81" unit="m" value="154.0" valueMax="165.0" valueMin="143.0">143–165 m</elevation>
</quantity>
</materialsCitation>
, 
<materialsCitation box="[871,1164,789,816]" collectingDate="1974-02-20" collectionCode="RV" country="New Zealand" pageId="80" pageNumber="81" specimenCount="1">
<collectionCode box="[871,907,790,816]" country="Italy" name="Collection of Leptospira Strains" pageId="80" pageNumber="81">RV</collectionCode>
<taxonomicName authorityName="Lefebvre" authorityYear="1842" box="[914,1008,789,815]" class="Insecta" family="Ascalaphidae" genus="Acheron" kingdom="Animalia" order="Neuroptera" pageId="80" pageNumber="81" phylum="Arthropoda" rank="genus">
<emphasis box="[914,1008,789,815]" italics="true" pageId="80" pageNumber="81">Acheron</emphasis>
</taxonomicName>
, 
<date box="[1021,1164,789,816]" pageId="80" pageNumber="81" value="1974-02-20">
<collectingDate box="[1021,1164,789,816]" pageId="80" pageNumber="81" value="1974-02-20">20 Feb 1974</collectingDate>
</date>
</materialsCitation>
.
</paragraph>
<paragraph blockId="80.[151,1437,151,923]" pageId="80" pageNumber="81">
<emphasis bold="true" box="[199,931,825,851]" pageId="80" pageNumber="81">Additional specimens identified for distribution information.</emphasis>
<materialsCitation collectionCode="AMS" collectorName="J. K. Lowry" country="Australia" elevation="0" latitude="-33.280834" location="Taupo Seamount" longLatPrecision="12" longitude="156.1525" pageId="80" pageNumber="81" specimenCount="1" stateProvince="New South Wales">
<emphasis bold="true" box="[938,1057,825,851]" pageId="80" pageNumber="81">
<collectingCountry box="[938,1052,825,851]" name="Australia" pageId="80" pageNumber="81">Australia</collectingCountry>
.
</emphasis>
<collectionCode box="[1065,1126,825,851]" pageId="80" pageNumber="81">AMS</collectionCode>
I.35890-001, 30.0 mm SL, 
<collectingRegion box="[151,354,861,888]" country="Australia" name="New South Wales" pageId="80" pageNumber="81">New South Wales</collectingRegion>
, 
<location LSID="urn:lsid:plazi:treatment:335587B2C4181C5EFF28FB1EFF32FC42:BE23607FC4071C5EFED3F92EFDCEFCA1" box="[364,555,861,888]" country="Australia" latitude="-33.280834" longLatPrecision="12" longitude="156.1525" name="Taupo Seamount" pageId="80" pageNumber="81" stateProvince="New South Wales">Taupo Seamount</location>
, 
<geoCoordinate box="[566,693,862,889]" degrees="33" direction="south" minutes="16.85" orientation="latitude" pageId="80" pageNumber="81" precision="9" value="-33.280834">33°16.85′S</geoCoordinate>
, 
<geoCoordinate box="[704,846,862,889]" degrees="156" direction="east" minutes="09.15" orientation="longitude" pageId="80" pageNumber="81" precision="9" value="156.1525">156°09.15′E</geoCoordinate>
, 
<elevation box="[857,1005,861,888]" isEnumeration="true" pageId="80" pageNumber="81">
<quantity box="[857,930,861,888]" metricMagnitude="2" metricUnit="m" metricValue="2.44" pageId="80" pageNumber="81" unit="m" value="244.0">244 m</quantity>
, 
<quantity box="[941,1005,861,888]" metricMagnitude="0" metricUnit="m" metricValue="1.2" pageId="80" pageNumber="81" unit="m" value="1.2">1.2 m</quantity>
</elevation>
sled, 
<collectorName box="[1071,1199,862,888]" pageId="80" pageNumber="81">J.K. Lowry</collectorName>
</materialsCitation>
, 
<materialsCitation collectingDate="1989-05-02" collectionCode="RV" collectorName="Franklin" country="Australia" pageId="80" pageNumber="81" specimenCount="1">
<collectionCode box="[1209,1245,862,888]" country="Italy" name="Collection of Leptospira Strains" pageId="80" pageNumber="81">RV</collectionCode>
<emphasis box="[1252,1350,861,887]" italics="true" pageId="80" pageNumber="81">
<collectorName box="[1252,1350,861,887]" pageId="80" pageNumber="81">Franklin</collectorName>
</emphasis>
, 
<date pageId="80" pageNumber="81" value="1989-05-02">
<collectingDate pageId="80" pageNumber="81" value="1989-05-02">2 May 1989</collectingDate>
</date>
</materialsCitation>
.
</paragraph>
</subSubSection>
</treatment>
</document>