<document ID-DOI="http://doi.org/10.5281/zenodo.4474385" ID-GBIF-Dataset="1e6b9c6c-c1ae-43ed-8417-70324a727566" ID-ISSN="1175-5326" ID-Zenodo-Dep="4474385" ID-ZooBank="3FEF9EA2-B755-4B22-8B6A-FAFC5C0FFCDF" _generate="added" approvalRequired="80" approvalRequired_for_bibRefs="2" approvalRequired_for_illustrations="40" approvalRequired_for_taxonomicNames="30" approvalRequired_for_treatments="8" checkinTime="1611651206508" checkinUser="plazi" docAuthor="Gill, Anthony C., Pogonoski, John J., Moore, Glenn I. &amp; Johnson, Jeffrey W." docDate="2021" docId="335587B2C46D1C35FF28FC77FE26F8B3" docLanguage="en" docName="zootaxa.4918.1.1.pdf" docOrigin="Zootaxa 4918 (1)" docStyle="DocumentStyle:5EBBA59367AD13919D70D935FA04F6A3.5:Zootaxa.2013.monograph" docStyleId="5EBBA59367AD13919D70D935FA04F6A3" docStyleName="Zootaxa.2013.monograph" docStyleVersion="5" docTitle="Plectranthias fourmanoiri Randall" docType="treatment" docVersion="8" lastPageId="59" lastPageNumber="60" masterDocId="CF6CFFCAC4571C0EFFBFFA70FFE5FFD9" masterDocTitle="Review of Australian species of Plectranthias Bleeker and Selenanthias Tanaka (Teleostei: Serranidae: Anthiadinae), with descriptions of four new species" masterLastPageNumber="116" masterPageNumber="1" pageId="58" pageNumber="59" updateTime="1611781754199" updateUser="ExternalLinkService">
<mods:mods xmlns:mods="http://www.loc.gov/mods/v3">
<mods:titleInfo>
<mods:title>Review of Australian species of Plectranthias Bleeker and Selenanthias Tanaka (Teleostei: Serranidae: Anthiadinae), with descriptions of four new species</mods:title>
</mods:titleInfo>
<mods:name type="personal">
<mods:role>
<mods:roleTerm>Author</mods:roleTerm>
</mods:role>
<mods:namePart>Gill, Anthony C.</mods:namePart>
<mods:nameIdentifier type="ORCID">0000-0002-8990-3657</mods:nameIdentifier>
<mods:nameIdentifier type="email">anthony.c.gill@sydney.edu.au</mods:nameIdentifier>
</mods:name>
<mods:name type="personal">
<mods:role>
<mods:roleTerm>Author</mods:roleTerm>
</mods:role>
<mods:namePart>Pogonoski, John J.</mods:namePart>
<mods:nameIdentifier type="ORCID">0000-0002-4878-3919</mods:nameIdentifier>
<mods:nameIdentifier type="email">john.pogonoski@csiro.au</mods:nameIdentifier>
</mods:name>
<mods:name type="personal">
<mods:role>
<mods:roleTerm>Author</mods:roleTerm>
</mods:role>
<mods:namePart>Moore, Glenn I.</mods:namePart>
<mods:nameIdentifier type="ORCID">0000-0003-2413-5260</mods:nameIdentifier>
<mods:nameIdentifier type="email">moore@museum.wa.gov.au</mods:nameIdentifier>
</mods:name>
<mods:name type="personal">
<mods:role>
<mods:roleTerm>Author</mods:roleTerm>
</mods:role>
<mods:namePart>Johnson, Jeffrey W.</mods:namePart>
<mods:nameIdentifier type="ORCID">0000-0002-8990-3657</mods:nameIdentifier>
<mods:nameIdentifier type="email">anthony.c.gill@sydney.edu.au</mods:nameIdentifier>
</mods:name>
<mods:typeOfResource>text</mods:typeOfResource>
<mods:relatedItem type="host">
<mods:titleInfo>
<mods:title>Zootaxa</mods:title>
</mods:titleInfo>
<mods:part>
<mods:date>2021</mods:date>
<mods:detail type="pubDate">
<mods:number>2021-01-26</mods:number>
</mods:detail>
<mods:detail type="volume">
<mods:number>4918</mods:number>
</mods:detail>
<mods:detail type="issue">
<mods:number>1</mods:number>
</mods:detail>
<mods:extent unit="page">
<mods:start>1</mods:start>
<mods:end>116</mods:end>
</mods:extent>
</mods:part>
</mods:relatedItem>
<mods:classification>journal article</mods:classification>
<mods:identifier type="DOI">https://doi.org/10.11646/zootaxa.4918.1.1</mods:identifier>
<mods:identifier type="GBIF-Dataset">1e6b9c6c-c1ae-43ed-8417-70324a727566</mods:identifier>
<mods:identifier type="ISSN">1175-5326</mods:identifier>
<mods:identifier type="Zenodo-Dep">4471922</mods:identifier>
<mods:identifier type="ZooBank">3FEF9EA2-B755-4B22-8B6A-FAFC5C0FFCDF</mods:identifier>
</mods:mods>
<treatment ID-DOI="http://doi.org/10.5281/zenodo.4474385" ID-Zenodo-Dep="4474385" LSID="urn:lsid:plazi:treatment:335587B2C46D1C35FF28FC77FE26F8B3" httpUri="http://treatment.plazi.org/id/335587B2C46D1C35FF28FC77FE26F8B3" lastPageId="59" lastPageNumber="60" pageId="58" pageNumber="59">
<subSubSection box="[151,575,1543,1570]" pageId="58" pageNumber="59" type="nomenclature">
<paragraph blockId="58.[151,589,1543,1643]" box="[151,575,1543,1570]" pageId="58" pageNumber="59">
<heading bold="true" box="[151,575,1543,1570]" fontSize="11" level="2" pageId="58" pageNumber="59" reason="4">
<taxonomicName authority="Randall" authorityName="Randall" box="[151,575,1543,1570]" class="Actinopterygii" family="Serranidae" genus="Plectranthias" kingdom="Animalia" order="Perciformes" pageId="58" pageNumber="59" phylum="Chordata" rank="species" species="fourmanoiri">
<emphasis bold="true" box="[151,575,1543,1570]" pageId="58" pageNumber="59">
<emphasis bold="true" box="[151,468,1543,1570]" italics="true" pageId="58" pageNumber="59">Plectranthias fourmanoiri</emphasis>
Randall
</emphasis>
</taxonomicName>
</heading>
</paragraph>
</subSubSection>
<subSubSection box="[151,504,1580,1606]" pageId="58" pageNumber="59" type="description">
<paragraph blockId="58.[151,589,1543,1643]" box="[151,504,1580,1606]" pageId="58" pageNumber="59">
<figureCitation box="[151,272,1580,1606]" captionStart="FIGURE 16" captionStartId="51.[151,250,1154,1178]" captionTargetBox="[155,1433,186,1126]" captionTargetId="figure-18@51.[151,1436,181,1130]" captionTargetPageId="51" captionText="FIGURE 16. Distribution records for Plectranthias cruentus (open circles) and P. fourmanoiri (closed circle, mainland Australia only)." figureDoi="http://doi.org/10.5281/zenodo.4471957" httpUri="https://zenodo.org/record/4471957/files/figure.png" pageId="58" pageNumber="59">Figures 16</figureCitation>
, 
<figureCitation box="[284,315,1580,1606]" captionStart="FIGURE 21" captionStartId="59.[151,250,865,889]" captionTargetBox="[151,1436,181,842]" captionTargetId="figure-18@59.[151,1436,181,842]" captionTargetPageId="59" captionText="FIGURE 21. Plectranthias fourmanoiri, aquarium specimen (not retained) from Holmes Reef, Coral Sea, Australia. Photo by Y.K. Tea." figureDoi="http://doi.org/10.5281/zenodo.4471967" httpUri="https://zenodo.org/record/4471967/files/figure.png" pageId="58" pageNumber="59">21</figureCitation>
; 
<tableCitation box="[326,464,1580,1606]" captionStart-0="TABLE 1" captionStart-1="TABLE 2" captionStart-10="TABLE 11" captionStart-11="TABLE 12" captionStart-12="TABLE 13" captionStart-13="TABLE 14" captionStart-14="TABLE 15" captionStart-15="TABLE 16" captionStart-2="TABLE 3" captionStart-3="TABLE 4" captionStart-4="TABLE 5" captionStart-5="TABLE 6" captionStart-6="TABLE 7" captionStart-7="TABLE 8" captionStart-8="TABLE 9" captionStart-9="TABLE 10" captionStartId-0="8.[151,239,520,546]" captionStartId-1="9.[151,239,566,592]" captionStartId-10="20.[151,239,540,566]" captionStartId-11="21.[151,239,542,568]" captionStartId-12="22.[151,239,484,510]" captionStartId-13="24.[151,239,462,488]" captionStartId-14="26.[151,239,559,585]" captionStartId-15="27.[151,239,486,512]" captionStartId-2="10.[151,239,538,564]" captionStartId-3="11.[151,239,558,584]" captionStartId-4="12.[151,239,538,564]" captionStartId-5="13.[151,239,487,513]" captionStartId-6="14.[151,239,151,175]" captionStartId-7="15.[151,239,522,548]" captionStartId-8="17.[151,239,519,545]" captionStartId-9="19.[151,239,872,896]" captionText-0="TABLE 1. Frequency distributions for counts of dorsal, anal and pectoral rays of Australian Plectranthias and Selenanthias species. Frequencies are based on examined specimens. Frequencies for pectoral rays include bilateral counts. “L” indicates additional variation noted in literature on each species. Data for S. analis based on Australian specimens only." captionText-1="TABLE 2. Frequency distributions for counts of caudal rays of Australian Plectranthias and Selenanthias species. Data for S. analis based on Australian specimens only." captionText-10="TABLE 11. Summary of fin characters of Australian Plectranthias and Selenanthias species. Data for S. analis based on Australian specimens only. Caudal ray counts are presented as upper procurrent + upper principal + lower principal + lower procurrent = total rays." captionText-11="TABLE 12. Summary of body squamation characters for Australian species of Plectranthias and Selenanthias. Data for S. analis based on Australian specimens only." captionText-12="TABLE 13. Summary of selected head squamation characters for Australian species of Plectranthias and Selenanthias. Data for S. analis based on Australian specimens only." captionText-13="TABLE 14. Summary of gill-raker counts and selected osteological characters for Australian species of Plectranthias and Selenanthias. Data for S. analis based on Australian specimens only." captionText-14="TABLE 15. Summary of head serration characters for Australian species of Plectranthias and Selenanthias. Data for S. analis based on Australian specimens only." captionText-15="TABLE 16. Distribution and known depth ranges for Australian species of Plectranthias and Selenanthias. Data for Plectranthias species are from Allen &amp; Walsh (2015: tab. 1), supplemented with new observations." captionText-2="TABLE 3. Frequency distributions for counts of upper and lower gill rakers of Australian Plectranthias and Selenanthias species. “L” indicates additional variation noted in literature on each species. Data for S. analis based on Australian specimens only." captionText-3="TABLE 4. Frequency distributions for counts of total gill rakers of Australian Plectranthias and Selenanthias species. “L” indicates additional variation noted in literature on each species. Data for S. analis based on Australian specimens only." captionText-4="TABLE 5. Vertebral counts for Australian Plectranthias and Selenanthias species. “L” indicates additional variation noted in literature on each species. Data for S. analis based on Australian specimens only." captionText-5="TABLE 6. Supraneural and dorsal pterygiophore insertion patterns for Australian Plectranthias and Selenanthias species." captionText-6="TABLE 7. Position of terminal dorsal and anal pterygiophores in interneural and interhaemal spaces for Australian Plectranthias and Selenanthias species." captionText-7="TABLE 8. Frequency distributions for counts of tubed lateral-line scales of Australian Plectranthias and Selenanthias species. Frequencies are based on examined specimens and include bilateral counts. Where series are interrupted in P. inermis, P. fourmanoiri and P. winniensis, counts are of the anterior series of tubed scales. “L” indicates additional variation noted in literature on each species. Data for S. analis based only on Australian specimens." captionText-8="TABLE 9. Frequency distributions for counts of scales above and below the lateral line for Australian Plectranthias and Selenanthias species. Frequencies include bilateral counts. Data for S. analis based only on Australian specimens." captionText-9="TABLE 10. Frequency distributions for counts of circumpeduncular scales for Australian Plectranthias and Selenanthias species. Data for S. analis based only on Australian specimens." pageId="58" pageNumber="59">Tables 1–16</tableCitation>
, 
<tableCitation box="[476,504,1580,1606]" captionStart="TABLE 24" captionStartId="60.[151,239,613,639]" captionText="TABLE 24. Morphometric values for examined specimens of Plectranthias fourmanoiri, P. inermis, P. longimanus, P. nanus and P. winniensis expressed as percentages of SL." pageId="58" pageNumber="59">24</tableCitation>
</paragraph>
</subSubSection>
<subSubSection box="[151,589,1616,1643]" pageId="58" pageNumber="59" type="vernacular_names">
<paragraph blockId="58.[151,589,1543,1643]" box="[151,589,1616,1643]" pageId="58" pageNumber="59">Common name: Fourmanoir’s Perchlet</paragraph>
</subSubSection>
<subSubSection pageId="58" pageNumber="59" type="reference_group">
<paragraph blockId="58.[151,1437,1679,1795]" pageId="58" pageNumber="59">
<treatmentCitationGroup pageId="58" pageNumber="59">
<taxonomicName authority="Randall 1980: 125" authorityName="Randall" authorityPageNumber="125" authorityYear="1980" box="[151,618,1679,1703]" class="Actinopterygii" family="Serranidae" genus="Plectranthias" kingdom="Animalia" order="Perciformes" pageId="58" pageNumber="59" phylum="Chordata" rank="species" species="fourmanoiri">
<treatmentCitation author="Randall, J. E." box="[151,618,1679,1703]" page="125" pageId="58" pageNumber="59" year="1980">
<emphasis box="[151,417,1679,1703]" italics="true" pageId="58" pageNumber="59">Plectranthias fourmanoiri</emphasis>
<bibRefCitation author="Randall, J. E." box="[426,618,1679,1703]" pageId="58" pageNumber="59" pagination="101 - 187" refId="ref74071" refString="Randall, J. E. (1980) Revision of the fish genus Plectranthias (Serranidae: Anthiinae) with descriptions of 13 new species. Micronesica, 16, 101 - 187." type="journal article" year="1980">Randall 1980: 125</bibRefCitation>
</treatmentCitation>
</taxonomicName>
, fig. 7, tab. 7 (type locality: Enewetak Island, 
<collectingCountry box="[1098,1271,1679,1703]" name="Marshall Islands" pageId="58" pageNumber="59">Marshall Islands</collectingCountry>
; 
<typeStatus box="[1282,1379,1680,1704]" pageId="58" pageNumber="59">paratypes</typeStatus>
from 
<collectingCountry box="[199,372,1710,1734]" name="Christmas Island" pageId="58" pageNumber="59">Christmas Island</collectingCountry>
).— 
<bibRefCitation author="Allen, G. R. &amp; Steene, R. C." box="[409,680,1710,1734]" pageId="58" pageNumber="59" refId="ref69870" refString="Allen, G. R. &amp; Steene, R. C. (1988) Fishes of Christmas Island Indian Ocean. Christmas Island Natural History Association, Christmas Island, pp. 199." type="book" year="1988">
<treatmentCitation author="Allen, G. R. &amp; Steene, R. C." box="[409,680,1710,1734]" page="180" pageId="58" pageNumber="59" year="1988">Allen &amp; Steene 1988: 180</treatmentCitation>
</bibRefCitation>
, fig. 133 (checklist, photo, 
<collectingCountry box="[960,1132,1710,1734]" name="Christmas Island" pageId="58" pageNumber="59">Christmas Island</collectingCountry>
).— 
<bibRefCitation author="Allen, G. R." box="[1170,1324,1710,1734]" pageId="58" pageNumber="59" pagination="83 - 95" refId="ref69530" refString="Allen, G. R. (2000) Fishes of Christmas Island, Indian Ocean. Records of the Western Australian Museum, Supplement 59, 83 - 95." type="journal article" year="2000">
<treatmentCitation author="Allen, G. R." box="[1170,1324,1710,1734]" page="87" pageId="58" pageNumber="59" year="2000">Allen 2000: 87</treatmentCitation>
</bibRefCitation>
(checklist, 
<collectingCountry box="[199,373,1740,1764]" name="Christmas Island" pageId="58" pageNumber="59">Christmas Island</collectingCountry>
).— 
<bibRefCitation author="Allen, G. R. &amp; Erdmann, M. V." box="[410,707,1740,1765]" pageId="58" pageNumber="59" refId="ref69561" refString="Allen, G. R. &amp; Erdmann, M. V. (2012) Reef Fishes of the East Indies. Vols. I-III. Tropical Reef Research, Perth, 1292 pp." type="book" year="2012">
<treatmentCitation author="Allen, G. R. &amp; Erdmann, M. V." box="[410,707,1740,1765]" page="288" pageId="58" pageNumber="59" year="2012">Allen &amp; Erdmann 2012: 288</treatmentCitation>
</bibRefCitation>
(diagnosis, photo, 
<collectingCountry box="[904,1078,1740,1764]" name="Christmas Island" pageId="58" pageNumber="59">Christmas Island</collectingCountry>
).— 
<bibRefCitation author="Hobbs, J. P. &amp; Newman, S. J. &amp; Mitsopoulos, G. E. A. &amp; Travers, M. J. &amp; Skepper, C. L. &amp; Gilligan, J. J. &amp; Allen, G. R. &amp; Choat, H. J. &amp; Ayling, A. M." box="[1115,1367,1740,1765]" pageId="58" pageNumber="59" pagination="184 - 202" refId="ref71758" refString="Hobbs, J. P., Newman, S. J., Mitsopoulos, G. E. A., Travers, M. J., Skepper, C. L., Gilligan, J. J., Allen, G. R., Choat, H. J. &amp; Ayling, A. M. (2014 a) Checklist and new records of Christmas Island fishes: the influence of isolation, biogeography and habitat availability on species abundance and community composition. Raffles Bulletin of Zoology, 30, 184 - 202." type="journal article" year="2014">
<treatmentCitation author="Hobbs, J. P. &amp; Newman, S. J. &amp; Mitsopoulos, G. E. A. &amp; Travers, M. J. &amp; Skepper, C. L. &amp; Gilligan, J. J. &amp; Allen, G. R. &amp; Choat, H. J. &amp; Ayling, A. M." box="[1115,1367,1740,1765]" page="194" pageId="58" pageNumber="59" year="2014">
Hobbs 
<emphasis box="[1190,1243,1740,1764]" italics="true" pageId="58" pageNumber="59">et al.</emphasis>
2014a: 194
</treatmentCitation>
</bibRefCitation>
, tab. 1 (checklist, 
<collectingCountry box="[310,482,1771,1795]" name="Christmas Island" pageId="58" pageNumber="59">Christmas Island</collectingCountry>
).— 
<bibRefCitation author="Anderson, W. D. Jr" box="[518,715,1771,1795]" pageId="58" pageNumber="59" pagination="1 - 62" refId="ref70044" refString="Anderson, W. D. Jr (2018) Annotated checklist of anthiadine fishes (Percoidei: Serranidae). Zootaxa, 4475 (1), 1 - 62. https: // doi. org / 10.11646 / zootaxa. 4475.1.1" type="journal article" year="2018">
<treatmentCitation author="Anderson, W. D. Jr" box="[518,715,1771,1795]" httpUri="http://treatment.plazi.org/id/03FC347CFFD4FFCFFF5AFA46BC2FF978" page="27" pageId="58" pageNumber="59" year="2018">Anderson 2018: 27</treatmentCitation>
</bibRefCitation>
(checklist). — 
<bibRefCitation author="Parenti, P. &amp; Randall, J. E." box="[867,1145,1771,1795]" pageId="58" pageNumber="59" pagination="1 - 170" refId="ref73460" refString="Parenti, P. &amp; Randall, J. E. (2020) An annotated checklist of the fishes of the family Serranidae of the world with description of two new related families of fishes. FishTaxa, 15, 1 - 170." type="journal article" year="2020">
<treatmentCitation author="Parenti, P. &amp; Randall, J. E." box="[867,1145,1771,1795]" page="25" pageId="58" pageNumber="59" year="2020">Parenti &amp; Randall 2020: 25</treatmentCitation>
</bibRefCitation>
(checklist).
</treatmentCitationGroup>
</paragraph>
</subSubSection>
<subSubSection pageId="58" pageNumber="59" type="diagnosis">
<paragraph blockId="58.[151,1436,1836,2043]" pageId="58" pageNumber="59">
<emphasis bold="true" box="[151,274,1836,1862]" pageId="58" pageNumber="59">Diagnosis.</emphasis>
The following combination of characters distinguishes 
<taxonomicName box="[904,1067,1836,1862]" class="Actinopterygii" family="Serranidae" genus="Plectranthias" kingdom="Animalia" order="Perciformes" pageId="58" pageNumber="59" phylum="Chordata" rank="species" species="fourmanoiri">
<emphasis box="[904,1067,1836,1862]" italics="true" pageId="58" pageNumber="59">P. fourmanoiri</emphasis>
</taxonomicName>
from congeners: palatines edentate; dorsal segmented rays usually 16–18 (rarely 20); fourth or fifth dorsal spine longest; pectoral rays 12–13, all unbranched; predorsal scales extend anteriorly only to vertical through mid-pupil; lateral line complete or interrupted, with 15–26 + 0–4 tubed scales. It is also distinctive in having a large black spot on the middle portion of dorsal fin, one near the end of the the dorsal fin, one over the base of the last four anal rays, and one mid-ventrally on the abdomen in front of the anus.
</paragraph>
</subSubSection>
<caption ID-DOI="http://doi.org/10.5281/zenodo.4471967" ID-Zenodo-Dep="4471967" httpUri="https://zenodo.org/record/4471967/files/figure.png" pageId="59" pageNumber="60" startId="59.[151,250,865,889]" targetBox="[151,1436,181,842]" targetPageId="59">
<paragraph blockId="59.[151,1436,865,925]" pageId="59" pageNumber="60">
<emphasis bold="true" box="[151,288,865,890]" pageId="59" pageNumber="60">FIGURE 21.</emphasis>
<emphasis box="[295,568,866,890]" italics="true" pageId="59" pageNumber="60">
<taxonomicName box="[295,564,866,890]" class="Actinopterygii" family="Serranidae" genus="Plectranthias" kingdom="Animalia" order="Perciformes" pageId="59" pageNumber="60" phylum="Chordata" rank="species" species="fourmanoiri">Plectranthias fourmanoiri</taxonomicName>
,
</emphasis>
aquarium specimen (not retained) from Holmes Reef, Coral Sea, Australia. Photo by Y.K. Tea.
</paragraph>
</caption>
<subSubSection pageId="59" pageNumber="60" type="discussion">
<paragraph blockId="59.[151,1437,972,1899]" pageId="59" pageNumber="60">
<emphasis bold="true" box="[199,315,972,998]" pageId="59" pageNumber="60">Remarks.</emphasis>
A relatively small species (largest specimen 
<quantity box="[821,921,972,999]" metricMagnitude="-2" metricUnit="m" metricValue="3.95" pageId="59" pageNumber="60" unit="mm" value="39.5">39.5 mm</quantity>
SL), 
<taxonomicName box="[984,1147,972,998]" class="Actinopterygii" family="Serranidae" genus="Plectranthias" kingdom="Animalia" order="Perciformes" pageId="59" pageNumber="60" phylum="Chordata" rank="species" species="fourmanoiri">
<emphasis box="[984,1147,972,998]" italics="true" pageId="59" pageNumber="60">P. fourmanoiri</emphasis>
</taxonomicName>
was previously known in 
<collectingCountry box="[151,254,1008,1034]" name="Australia" pageId="59" pageNumber="60">Australia</collectingCountry>
only from 
<collectingCountry box="[384,578,1008,1034]" name="Christmas Island" pageId="59" pageNumber="60">Christmas Island</collectingCountry>
. We here record it from Holmes Reef, Coral Sea, based on a specimen collected for the aquarium trade by Cairns Marine collecter Cale Bennett. A photograph of the specimen is provided in 
<figureCitation box="[180,291,1080,1106]" captionStart="FIGURE 21" captionStartId="59.[151,250,865,889]" captionTargetBox="[151,1436,181,842]" captionTargetId="figure-18@59.[151,1436,181,842]" captionTargetPageId="59" captionText="FIGURE 21. Plectranthias fourmanoiri, aquarium specimen (not retained) from Holmes Reef, Coral Sea, Australia. Photo by Y.K. Tea." figureDoi="http://doi.org/10.5281/zenodo.4471967" httpUri="https://zenodo.org/record/4471967/files/figure.png" pageId="59" pageNumber="60">Figure 21</figureCitation>
. The species is otherwise known from oceanic islands throughout the West Pacific, ranging as far east as the 
<collectingCountry box="[227,403,1116,1142]" name="Pitcairn" pageId="59" pageNumber="60">Pitcairn Islands</collectingCountry>
(
<bibRefCitation author="Randall, J. E." box="[420,578,1116,1142]" pageId="59" pageNumber="60" pagination="101 - 187" refId="ref74071" refString="Randall, J. E. (1980) Revision of the fish genus Plectranthias (Serranidae: Anthiinae) with descriptions of 13 new species. Micronesica, 16, 101 - 187." type="journal article" year="1980">Randall 1980</bibRefCitation>
). Randall and subsequent authors (e.g., 
<bibRefCitation author="Allen, G. R. &amp; Erdmann, M. V." box="[1035,1309,1116,1142]" pageId="59" pageNumber="60" refId="ref69561" refString="Allen, G. R. &amp; Erdmann, M. V. (2012) Reef Fishes of the East Indies. Vols. I-III. Tropical Reef Research, Perth, 1292 pp." type="book" year="2012">Allen &amp; Erdmann 2012</bibRefCitation>
, 
<bibRefCitation author="Tashiro, S. &amp; Motomura, H." pageId="59" pageNumber="60" pagination="81 - 85" refId="ref75417" refString="Tashiro, S. &amp; Motomura, H. (2017) First Japanese record of the barred perchlet Plectranthias fourmanoiri (Actinopterygii: Perciformes: Serranidae) from the Ryukyu Islands. Species Diversity, 22, 81 - 85. https: // doi. org / 10.12782 / sd. 22 _ 81" type="journal article" year="2017">Tashiro &amp; Motomura 2017</bibRefCitation>
) record the species as having a complete lateral line consisting of 25 tubed scales. However, three specimens examined by us (two from Morane, 
<collectingCountry box="[679,875,1188,1214]" name="French Polynesia" pageId="59" pageNumber="60">French Polynesia</collectingCountry>
, and one from Henderson Island, 
<collectingCountry box="[1253,1429,1188,1215]" name="Pitcairn" pageId="59" pageNumber="60">Pitcairn Islands</collectingCountry>
) have incomplete or interrupted lateral lines bilaterally. The remaining two specimens have complete lateral lines, though one has 26 rather than 25 tubed scales on one side. One of the specimens has 20 segmented dorsal rays (previously known variation 16–18).
</paragraph>
<paragraph blockId="59.[151,1437,972,1899]" pageId="59" pageNumber="60">We add the following new observations: scales with peripheral cteni; vertebrae 10+16; supraneurals 2; predorsal formula 0/0/2/1+1; dorsal pterygiophores in interneural spaces 9–13 1/1+1/1+1/1+1/1+1 or 1/1/1+1/1+1/1+1; no trisegmental pterygiophores associated with dorsal fin; terminal dorsal pterygiophore in interneural space 17–18; 3–4 trisegmental pterygiophores associated with anal fin; terminal anal pterygiophore in interhaemal space 4–5; ribs present on vertebrae 3 through 9–10; epineurals present on vertebrae 1 through 10; parhypural and hypurals autogenous; well-developed hypurapophysis on parhypural; epurals 3; single uroneural (posterior uroneural absent); ventral tip of cleithrum with well-developed posteroventral process; proximal tip of first anal-fin pterygiophore near distal tips of parapophyses on vertebra 10.</paragraph>
</subSubSection>
<subSubSection box="[199,737,1620,1646]" pageId="59" pageNumber="60" type="description">
<paragraph blockId="59.[151,1437,972,1899]" box="[199,737,1620,1646]" pageId="59" pageNumber="60">
Morphometric data are summarised in 
<tableCitation box="[633,733,1620,1646]" captionStart="TABLE 24" captionStartId="60.[151,239,613,639]" captionText="TABLE 24. Morphometric values for examined specimens of Plectranthias fourmanoiri, P. inermis, P. longimanus, P. nanus and P. winniensis expressed as percentages of SL." pageId="59" pageNumber="60">Table 24</tableCitation>
.
</paragraph>
</subSubSection>
<subSubSection pageId="59" pageNumber="60" type="materials_examined">
<paragraph blockId="59.[151,1437,972,1899]" pageId="59" pageNumber="60">
<emphasis bold="true" box="[199,434,1656,1682]" pageId="59" pageNumber="60">Material examined.</emphasis>
<materialsCitation collectionCode="WAM" country="Christmas Island" county="Christmas Island" elevation="18" latitude="-10.433333" location="Indian Ocean" longLatPrecision="1298" longitude="105.666664" municipality="Australia" pageId="59" pageNumber="60" specimenCount="1">
<emphasis bold="true" box="[443,784,1656,1682]" pageId="59" pageNumber="60">
<collectingCountry box="[443,652,1656,1682]" name="Christmas Island" pageId="59" pageNumber="60">Christmas Island</collectingCountry>
, 
<collectingCountry box="[665,779,1656,1682]" name="Australia" pageId="59" pageNumber="60">Australia</collectingCountry>
.
</emphasis>
<collectionCode box="[792,860,1656,1682]" country="Australia" httpUri="http://biocol.org/urn:lsid:biocol.org:col:34981" lsid="urn:lsid:biocol.org:col:34981" name="Western Australian Museum" pageId="59" pageNumber="60" type="Museum">WAM</collectionCode>
P.28990-009, 2: 
<quantity box="[1056,1221,1656,1682]" metricMagnitude="-2" metricUnit="m" metricValue="2.0799999999999996" metricValueMax="2.27" metricValueMin="1.89" pageId="59" pageNumber="60" unit="mm" value="20.799999999999997" valueMax="22.7" valueMin="18.9">18.9–22.7 mm</quantity>
SL, 
<location LSID="urn:lsid:plazi:treatment:335587B2C46D1C35FF28FC77FE26F8B3:BE23607FC46C1C35FB41FC08FA7DF94B" box="[1278,1432,1656,1682]" country="Christmas Island" county="Christmas Island" latitude="-10.433333" longLatPrecision="1298" longitude="105.666664" municipality="Australia" name="Indian Ocean" pageId="59" pageNumber="60">Indian Ocean</location>
, 
<collectingMunicipality box="[151,257,1692,1718]" pageId="59" pageNumber="60">Australia</collectingMunicipality>
, 
<collectingCounty box="[267,459,1692,1718]" pageId="59" pageNumber="60">Christmas Island</collectingCounty>
, 
<geoCoordinate box="[470,561,1693,1720]" degrees="10" direction="south" minutes="26" orientation="latitude" pageId="59" pageNumber="60" precision="925" value="-10.433333">10°26′S</geoCoordinate>
, 
<geoCoordinate box="[572,680,1693,1720]" degrees="105" direction="east" minutes="40" orientation="longitude" pageId="59" pageNumber="60" precision="925" value="105.666664">105°40′E</geoCoordinate>
, 
<quantity box="[690,791,1692,1719]" metricMagnitude="1" metricUnit="m" metricValue="1.75" metricValueMax="2.0" metricValueMin="1.5" pageId="59" pageNumber="60" unit="m" value="17.5" valueMax="20.0" valueMin="15.0">
<elevation box="[690,791,1692,1719]" metricMagnitude="1" metricUnit="m" metricValue="1.75" metricValueMax="2.0" metricValueMin="1.5" pageId="59" pageNumber="60" unit="m" value="17.5" valueMax="20.0" valueMin="15.0">15–20 m</elevation>
</quantity>
, G
</materialsCitation>
. 
<materialsCitation box="[830,923,1692,1718]" collectionCode="R" collectorName="Allen" country="Australia" pageId="59" pageNumber="60" specimenCount="1">
<collectionCode box="[830,852,1692,1718]" country="Chile" name="Departamento de Geologia, Universidad de Chile" pageId="59" pageNumber="60">R</collectionCode>
. 
<collectorName box="[861,923,1692,1718]" pageId="59" pageNumber="60">Allen</collectorName>
</materialsCitation>
&amp; 
<materialsCitation box="[958,1244,1692,1718]" collectingDate="1986-06-20" collectionCode="R" country="Australia" location="Steene" pageId="59" pageNumber="60" specimenCount="1">
<collectionCode box="[958,980,1692,1718]" country="Chile" name="Departamento de Geologia, Universidad de Chile" pageId="59" pageNumber="60">R</collectionCode>
.C. 
<location LSID="urn:lsid:plazi:treatment:335587B2C46D1C35FF28FC77FE26F8B3:BE23607FC46C1C35FC47FCECFBA0F96F" box="[1016,1093,1692,1718]" country="Australia" name="Steene" pageId="59" pageNumber="60">Steene</location>
, 
<date box="[1104,1244,1692,1718]" pageId="59" pageNumber="60" value="1986-06-20">
<collectingDate box="[1104,1244,1692,1718]" pageId="59" pageNumber="60" value="1986-06-20">20 Jun 1986</collectingDate>
</date>
</materialsCitation>
. 
<materialsCitation collectingDate="2014-10-10" collectionCode="AMS" collectorName="A. Reid" country="French Polynesia" elevation="33" latitude="-23.17" location="Morane" longLatPrecision="125" longitude="-137.15334" pageId="59" pageNumber="60" specimenCount="1">
<emphasis bold="true" pageId="59" pageNumber="60">
<collectingCountry name="French Polynesia" pageId="59" pageNumber="60">French Polynesia</collectingCountry>
.
</emphasis>
<collectionCode box="[198,259,1728,1754]" pageId="59" pageNumber="60">AMS</collectionCode>
I.46488-013, 
<quantity box="[419,519,1728,1754]" metricMagnitude="-2" metricUnit="m" metricValue="2.12" pageId="59" pageNumber="60" unit="mm" value="21.2">21.2 mm</quantity>
SL, 
<location LSID="urn:lsid:plazi:treatment:335587B2C46D1C35FF28FC77FE26F8B3:BE23607FC46C1C35FD81FCB0FD7DF903" box="[574,664,1728,1754]" country="French Polynesia" latitude="-23.17" longLatPrecision="125" longitude="-137.15334" name="Morane" pageId="59" pageNumber="60">Morane</location>
, 
<geoCoordinate box="[675,788,1729,1756]" degrees="23" direction="south" minutes="10.2" orientation="latitude" pageId="59" pageNumber="60" precision="92" value="-23.17">23°10.2′S</geoCoordinate>
, 
<geoCoordinate box="[800,935,1729,1756]" degrees="137" direction="west" minutes="09.2" orientation="longitude" pageId="59" pageNumber="60" precision="92" value="-137.15334">137°09.2′W</geoCoordinate>
, 
<quantity box="[947,1006,1728,1754]" metricMagnitude="1" metricUnit="m" metricValue="3.3" pageId="59" pageNumber="60" unit="m" value="33.0">
<elevation box="[947,1006,1728,1754]" metricMagnitude="1" metricUnit="m" metricValue="3.3" pageId="59" pageNumber="60" unit="m" value="33.0">33 m</elevation>
</quantity>
, 
<collectorName box="[1017,1108,1728,1754]" pageId="59" pageNumber="60">A. Reid</collectorName>
, 
<date box="[1119,1263,1728,1754]" pageId="59" pageNumber="60" value="2014-10-10">
<collectingDate box="[1119,1263,1728,1754]" pageId="59" pageNumber="60" value="2014-10-10">10 Oct 2014</collectingDate>
</date>
</materialsCitation>
; 
<materialsCitation collectingDate="2014-10-10" collectionCode="AMS" collectorName="S. E. Reader" country="French Polynesia" elevation="20" latitude="-23.166666" location="Morane" longLatPrecision="929" longitude="-137.15334" pageId="59" pageNumber="60" specimenCount="1">
<collectionCode box="[1272,1333,1728,1754]" pageId="59" pageNumber="60">AMS</collectionCode>
I.46490- 016, 
<quantity box="[210,312,1764,1790]" metricMagnitude="-2" metricUnit="m" metricValue="2.94" pageId="59" pageNumber="60" unit="mm" value="29.4">29.4 mm</quantity>
SL (subsequently cleared and stained), 
<location LSID="urn:lsid:plazi:treatment:335587B2C46D1C35FF28FC77FE26F8B3:BE23607FC46C1C35FCBAFC94FCBAF927" box="[773,863,1764,1790]" country="French Polynesia" latitude="-23.166666" longLatPrecision="929" longitude="-137.15334" name="Morane" pageId="59" pageNumber="60">Morane</location>
, 
<geoCoordinate box="[877,968,1765,1792]" degrees="23" direction="south" minutes="10" orientation="latitude" pageId="59" pageNumber="60" precision="925" value="-23.166666">23°10′S</geoCoordinate>
, 
<geoCoordinate box="[983,1117,1765,1792]" degrees="137" direction="west" minutes="09.2" orientation="longitude" pageId="59" pageNumber="60" precision="92" value="-137.15334">137°09.2′W</geoCoordinate>
, 
<quantity box="[1131,1193,1764,1790]" metricMagnitude="1" metricUnit="m" metricValue="2.0" pageId="59" pageNumber="60" unit="m" value="20.0">
<elevation box="[1131,1193,1764,1790]" metricMagnitude="1" metricUnit="m" metricValue="2.0" pageId="59" pageNumber="60" unit="m" value="20.0">20 m</elevation>
</quantity>
, 
<collectorName box="[1207,1345,1764,1790]" pageId="59" pageNumber="60">S.E. Reader</collectorName>
, 
<date pageId="59" pageNumber="60" value="2014-10-10">
<collectingDate pageId="59" pageNumber="60" value="2014-10-10">10 Oct 2014</collectingDate>
</date>
</materialsCitation>
. 
<materialsCitation collectingDate="1971-01-18" collectionCode="AMS" collectorName="J. E. Randall" country="Pitcairn" elevation="49" latitude="-24.35" location="Henderson Island" longLatPrecision="1252" longitude="-128.31667" pageId="59" pageNumber="60" specimenCount="1">
<emphasis bold="true" box="[221,416,1800,1826]" pageId="59" pageNumber="60">
<collectingCountry box="[221,412,1800,1826]" name="Pitcairn" pageId="59" pageNumber="60">Pitcairn Islands</collectingCountry>
.
</emphasis>
<collectionCode box="[423,484,1800,1826]" pageId="59" pageNumber="60">AMS</collectionCode>
I.17900-001, 
<quantity box="[641,741,1800,1827]" metricMagnitude="-2" metricUnit="m" metricValue="3.95" pageId="59" pageNumber="60" unit="mm" value="39.5">39.5 mm</quantity>
SL, 
<location LSID="urn:lsid:plazi:treatment:335587B2C46D1C35FF28FC77FE26F8B3:BE23607FC46C1C35FCA6FD78FC05F8FB" box="[793,992,1800,1826]" country="Pitcairn" latitude="-24.35" longLatPrecision="1252" longitude="-128.31667" name="Henderson Island" pageId="59" pageNumber="60">Henderson Island</location>
, 
<geoCoordinate box="[1003,1095,1801,1828]" degrees="24" direction="south" minutes="21" orientation="latitude" pageId="59" pageNumber="60" precision="925" value="-24.35">24°21′S</geoCoordinate>
, 
<geoCoordinate box="[1106,1219,1801,1828]" degrees="128" direction="west" minutes="19" orientation="longitude" pageId="59" pageNumber="60" precision="925" value="-128.31667">128°19′W</geoCoordinate>
, 
<quantity box="[1231,1289,1800,1826]" metricMagnitude="1" metricUnit="m" metricValue="4.9" pageId="59" pageNumber="60" unit="m" value="49.0">
<elevation box="[1231,1289,1800,1826]" metricMagnitude="1" metricUnit="m" metricValue="4.9" pageId="59" pageNumber="60" unit="m" value="49.0">49 m</elevation>
</quantity>
, 
<collectorName box="[1301,1436,1800,1826]" pageId="59" pageNumber="60">J.E. Randall</collectorName>
<emphasis box="[151,207,1836,1862]" italics="true" pageId="59" pageNumber="60">et al.</emphasis>
, 
<date box="[220,357,1836,1862]" pageId="59" pageNumber="60" value="1971-01-18">
<collectingDate box="[220,357,1836,1862]" pageId="59" pageNumber="60" value="1971-01-18">18 Jan 1971</collectingDate>
</date>
</materialsCitation>
; 
<materialsCitation collectingDate="1971-01-15" collectionCode="USNM" collectorName="Ducie Atoll, J. E &amp; Randall" country="Pitcairn" pageId="59" pageNumber="60" specimenCode="USNM 212176" specimenCount="1" typeStatus="paratype">
<specimenCode box="[368,542,1836,1862]" collectionCode="USNM" country="USA" httpUri="http://biocol.org/urn:lsid:biocol.org:col:34871" lsid="urn:lsid:biocol.org:col:34871" name="Smithsonian Institution, National Museum of Natural History" pageId="59" pageNumber="60" type="Museum">USNM 212176</specimenCode>
, 
<quantity box="[552,651,1836,1862]" metricMagnitude="-2" metricUnit="m" metricValue="3.69" pageId="59" pageNumber="60" unit="mm" value="36.9">36.9 mm</quantity>
SL (
<typeStatus box="[703,804,1836,1862]" pageId="59" pageNumber="60">paratype</typeStatus>
, radiograph only), off southwest side of 
<collectorName box="[1252,1432,1836,1862]" pageId="59" pageNumber="60">Ducie Atoll, J.E</collectorName>
. 
<collectorName box="[151,238,1872,1898]" pageId="59" pageNumber="60">Randall</collectorName>
<emphasis box="[245,302,1872,1898]" italics="true" pageId="59" pageNumber="60">et al.</emphasis>
<date box="[308,447,1872,1899]" pageId="59" pageNumber="60" value="1971-01-15">
<collectingDate box="[308,447,1872,1899]" pageId="59" pageNumber="60" value="1971-01-15">15 Jan 1971</collectingDate>
</date>
</materialsCitation>
.
</paragraph>
</subSubSection>
</treatment>
</document>