<document ID-DOI="http://doi.org/10.5281/zenodo.4474379" ID-GBIF-Dataset="1e6b9c6c-c1ae-43ed-8417-70324a727566" ID-ISSN="1175-5326" ID-Zenodo-Dep="4474379" ID-ZooBank="3FEF9EA2-B755-4B22-8B6A-FAFC5C0FFCDF" _generate="added" approvalRequired="80" approvalRequired_for_bibRefs="2" approvalRequired_for_illustrations="40" approvalRequired_for_taxonomicNames="30" approvalRequired_for_treatments="8" checkinTime="1611651206508" checkinUser="plazi" docAuthor="Gill, Anthony C., Pogonoski, John J., Moore, Glenn I. &amp; Johnson, Jeffrey W." docDate="2021" docId="335587B2C47A1C20FF28FCC3FD96F807" docLanguage="en" docName="zootaxa.4918.1.1.pdf" docOrigin="Zootaxa 4918 (1)" docStyle="DocumentStyle:5EBBA59367AD13919D70D935FA04F6A3.5:Zootaxa.2013.monograph" docStyleId="5EBBA59367AD13919D70D935FA04F6A3" docStyleName="Zootaxa.2013.monograph" docStyleVersion="5" docTitle="Plectranthias bennetti Allen &amp; Walsh" docType="treatment" docVersion="4" lastPageId="46" lastPageNumber="47" masterDocId="CF6CFFCAC4571C0EFFBFFA70FFE5FFD9" masterDocTitle="Review of Australian species of Plectranthias Bleeker and Selenanthias Tanaka (Teleostei: Serranidae: Anthiadinae), with descriptions of four new species" masterLastPageNumber="116" masterPageNumber="1" pageId="45" pageNumber="46" updateTime="1611781754199" updateUser="ExternalLinkService">
<mods:mods xmlns:mods="http://www.loc.gov/mods/v3">
<mods:titleInfo>
<mods:title>Review of Australian species of Plectranthias Bleeker and Selenanthias Tanaka (Teleostei: Serranidae: Anthiadinae), with descriptions of four new species</mods:title>
</mods:titleInfo>
<mods:name type="personal">
<mods:role>
<mods:roleTerm>Author</mods:roleTerm>
</mods:role>
<mods:namePart>Gill, Anthony C.</mods:namePart>
<mods:nameIdentifier type="ORCID">0000-0002-8990-3657</mods:nameIdentifier>
<mods:nameIdentifier type="email">anthony.c.gill@sydney.edu.au</mods:nameIdentifier>
</mods:name>
<mods:name type="personal">
<mods:role>
<mods:roleTerm>Author</mods:roleTerm>
</mods:role>
<mods:namePart>Pogonoski, John J.</mods:namePart>
<mods:nameIdentifier type="ORCID">0000-0002-4878-3919</mods:nameIdentifier>
<mods:nameIdentifier type="email">john.pogonoski@csiro.au</mods:nameIdentifier>
</mods:name>
<mods:name type="personal">
<mods:role>
<mods:roleTerm>Author</mods:roleTerm>
</mods:role>
<mods:namePart>Moore, Glenn I.</mods:namePart>
<mods:nameIdentifier type="ORCID">0000-0003-2413-5260</mods:nameIdentifier>
<mods:nameIdentifier type="email">moore@museum.wa.gov.au</mods:nameIdentifier>
</mods:name>
<mods:name type="personal">
<mods:role>
<mods:roleTerm>Author</mods:roleTerm>
</mods:role>
<mods:namePart>Johnson, Jeffrey W.</mods:namePart>
<mods:nameIdentifier type="ORCID">0000-0002-8990-3657</mods:nameIdentifier>
<mods:nameIdentifier type="email">anthony.c.gill@sydney.edu.au</mods:nameIdentifier>
</mods:name>
<mods:typeOfResource>text</mods:typeOfResource>
<mods:relatedItem type="host">
<mods:titleInfo>
<mods:title>Zootaxa</mods:title>
</mods:titleInfo>
<mods:part>
<mods:date>2021</mods:date>
<mods:detail type="pubDate">
<mods:number>2021-01-26</mods:number>
</mods:detail>
<mods:detail type="volume">
<mods:number>4918</mods:number>
</mods:detail>
<mods:detail type="issue">
<mods:number>1</mods:number>
</mods:detail>
<mods:extent unit="page">
<mods:start>1</mods:start>
<mods:end>116</mods:end>
</mods:extent>
</mods:part>
</mods:relatedItem>
<mods:classification>journal article</mods:classification>
<mods:identifier type="DOI">https://doi.org/10.11646/zootaxa.4918.1.1</mods:identifier>
<mods:identifier type="GBIF-Dataset">1e6b9c6c-c1ae-43ed-8417-70324a727566</mods:identifier>
<mods:identifier type="ISSN">1175-5326</mods:identifier>
<mods:identifier type="Zenodo-Dep">4471922</mods:identifier>
<mods:identifier type="ZooBank">3FEF9EA2-B755-4B22-8B6A-FAFC5C0FFCDF</mods:identifier>
</mods:mods>
<treatment ID-DOI="http://doi.org/10.5281/zenodo.4474379" ID-Zenodo-Dep="4474379" LSID="urn:lsid:plazi:treatment:335587B2C47A1C20FF28FCC3FD96F807" httpUri="http://treatment.plazi.org/id/335587B2C47A1C20FF28FCC3FD96F807" lastPageId="46" lastPageNumber="47" pageId="45" pageNumber="46">
<subSubSection box="[151,607,1715,1742]" pageId="45" pageNumber="46" type="nomenclature">
<paragraph blockId="45.[151,607,1715,1814]" box="[151,607,1715,1742]" pageId="45" pageNumber="46">
<heading bold="true" box="[151,607,1715,1742]" fontSize="11" level="2" pageId="45" pageNumber="46" reason="4">
<taxonomicName authority="Allen &amp; Walsh" authorityName="Allen &amp; Walsh" box="[151,607,1715,1742]" class="Actinopterygii" family="Serranidae" genus="Plectranthias" kingdom="Animalia" order="Perciformes" pageId="45" pageNumber="46" phylum="Chordata" rank="species" species="bennetti">
<emphasis bold="true" box="[151,607,1715,1742]" pageId="45" pageNumber="46">
<emphasis bold="true" box="[151,418,1715,1742]" italics="true" pageId="45" pageNumber="46">Plectranthias bennetti</emphasis>
Allen &amp; Walsh
</emphasis>
</taxonomicName>
</heading>
</paragraph>
</subSubSection>
<subSubSection box="[151,490,1752,1778]" pageId="45" pageNumber="46" type="description">
<paragraph blockId="45.[151,607,1715,1814]" box="[151,490,1752,1778]" pageId="45" pageNumber="46">
<figureCitation box="[151,258,1752,1778]" captionStart="FIGURE 7" captionStartId="32.[151,250,1787,1811]" captionTargetBox="[180,1408,855,1760]" captionTargetId="figure-336@32.[174,1413,849,1763]" captionTargetPageId="32" captionText="FIGURE 7. Australian distribution records for Plectranthias sp. 1 (open circle), P. bennetti (closed circle) and P. japonicus (closed triangles)." figureDoi="http://doi.org/10.5281/zenodo.4471937" httpUri="https://zenodo.org/record/4471937/files/figure.png" pageId="45" pageNumber="46">Figures 7</figureCitation>
, 
<figureCitation box="[270,301,1752,1778]" captionStart="FIGURE 14" captionStartId="47.[151,250,1943,1967]" captionTargetBox="[230,1357,181,1920]" captionTargetId="figure-18@47.[230,1357,181,1920]" captionTargetPageId="47" captionText="FIGURE 14. Plectranthias bennetti, specimens from Holmes Reef, Coral Sea, Australia: A) WAM P.33842-001, 44.7 mm SL, preserved; B,C) same aquarium individual, not retained, showing variation in coloration. Photos by A.C. Gill (A) and Y.K. Tea (B,C)." figureDoi="http://doi.org/10.5281/zenodo.4471953" httpUri="https://zenodo.org/record/4471953/files/figure.png" pageId="45" pageNumber="46">14</figureCitation>
; 
<tableCitation box="[312,450,1752,1778]" captionStart-0="TABLE 1" captionStart-1="TABLE 2" captionStart-10="TABLE 11" captionStart-11="TABLE 12" captionStart-12="TABLE 13" captionStart-13="TABLE 14" captionStart-14="TABLE 15" captionStart-15="TABLE 16" captionStart-2="TABLE 3" captionStart-3="TABLE 4" captionStart-4="TABLE 5" captionStart-5="TABLE 6" captionStart-6="TABLE 7" captionStart-7="TABLE 8" captionStart-8="TABLE 9" captionStart-9="TABLE 10" captionStartId-0="8.[151,239,520,546]" captionStartId-1="9.[151,239,566,592]" captionStartId-10="20.[151,239,540,566]" captionStartId-11="21.[151,239,542,568]" captionStartId-12="22.[151,239,484,510]" captionStartId-13="24.[151,239,462,488]" captionStartId-14="26.[151,239,559,585]" captionStartId-15="27.[151,239,486,512]" captionStartId-2="10.[151,239,538,564]" captionStartId-3="11.[151,239,558,584]" captionStartId-4="12.[151,239,538,564]" captionStartId-5="13.[151,239,487,513]" captionStartId-6="14.[151,239,151,175]" captionStartId-7="15.[151,239,522,548]" captionStartId-8="17.[151,239,519,545]" captionStartId-9="19.[151,239,872,896]" captionText-0="TABLE 1. Frequency distributions for counts of dorsal, anal and pectoral rays of Australian Plectranthias and Selenanthias species. Frequencies are based on examined specimens. Frequencies for pectoral rays include bilateral counts. “L” indicates additional variation noted in literature on each species. Data for S. analis based on Australian specimens only." captionText-1="TABLE 2. Frequency distributions for counts of caudal rays of Australian Plectranthias and Selenanthias species. Data for S. analis based on Australian specimens only." captionText-10="TABLE 11. Summary of fin characters of Australian Plectranthias and Selenanthias species. Data for S. analis based on Australian specimens only. Caudal ray counts are presented as upper procurrent + upper principal + lower principal + lower procurrent = total rays." captionText-11="TABLE 12. Summary of body squamation characters for Australian species of Plectranthias and Selenanthias. Data for S. analis based on Australian specimens only." captionText-12="TABLE 13. Summary of selected head squamation characters for Australian species of Plectranthias and Selenanthias. Data for S. analis based on Australian specimens only." captionText-13="TABLE 14. Summary of gill-raker counts and selected osteological characters for Australian species of Plectranthias and Selenanthias. Data for S. analis based on Australian specimens only." captionText-14="TABLE 15. Summary of head serration characters for Australian species of Plectranthias and Selenanthias. Data for S. analis based on Australian specimens only." captionText-15="TABLE 16. Distribution and known depth ranges for Australian species of Plectranthias and Selenanthias. Data for Plectranthias species are from Allen &amp; Walsh (2015: tab. 1), supplemented with new observations." captionText-2="TABLE 3. Frequency distributions for counts of upper and lower gill rakers of Australian Plectranthias and Selenanthias species. “L” indicates additional variation noted in literature on each species. Data for S. analis based on Australian specimens only." captionText-3="TABLE 4. Frequency distributions for counts of total gill rakers of Australian Plectranthias and Selenanthias species. “L” indicates additional variation noted in literature on each species. Data for S. analis based on Australian specimens only." captionText-4="TABLE 5. Vertebral counts for Australian Plectranthias and Selenanthias species. “L” indicates additional variation noted in literature on each species. Data for S. analis based on Australian specimens only." captionText-5="TABLE 6. Supraneural and dorsal pterygiophore insertion patterns for Australian Plectranthias and Selenanthias species." captionText-6="TABLE 7. Position of terminal dorsal and anal pterygiophores in interneural and interhaemal spaces for Australian Plectranthias and Selenanthias species." captionText-7="TABLE 8. Frequency distributions for counts of tubed lateral-line scales of Australian Plectranthias and Selenanthias species. Frequencies are based on examined specimens and include bilateral counts. Where series are interrupted in P. inermis, P. fourmanoiri and P. winniensis, counts are of the anterior series of tubed scales. “L” indicates additional variation noted in literature on each species. Data for S. analis based only on Australian specimens." captionText-8="TABLE 9. Frequency distributions for counts of scales above and below the lateral line for Australian Plectranthias and Selenanthias species. Frequencies include bilateral counts. Data for S. analis based only on Australian specimens." captionText-9="TABLE 10. Frequency distributions for counts of circumpeduncular scales for Australian Plectranthias and Selenanthias species. Data for S. analis based only on Australian specimens." pageId="45" pageNumber="46">Tables 1–16</tableCitation>
, 
<tableCitation box="[462,490,1752,1778]" captionStart="TABLE 22" captionStartId="48.[151,239,572,598]" captionTargetBox="[165,1975,649,1567]" captionText="TABLE 22. Morphometric values for examined specimens of Plectranthias bennetti, P. cruentus and P. kamii expressed as percentages of SL. * indicates where a measurement could not be made, owing to damage." pageId="45" pageNumber="46">22</tableCitation>
</paragraph>
</subSubSection>
<subSubSection box="[151,543,1788,1814]" pageId="45" pageNumber="46" type="vernacular_names">
<paragraph blockId="45.[151,607,1715,1814]" box="[151,543,1788,1814]" pageId="45" pageNumber="46">Common name: Bennett’s Perchlet</paragraph>
</subSubSection>
<subSubSection pageId="45" pageNumber="46" type="reference_group">
<paragraph blockId="45.[151,1436,1856,1911]" pageId="45" pageNumber="46">
<treatmentCitationGroup pageId="45" pageNumber="46">
<taxonomicName authority="Allen &amp; Walsh 2015: 83" authorityName="Allen &amp; Walsh" authorityPageNumber="83" authorityYear="2015" box="[151,629,1856,1880]" class="Actinopterygii" family="Serranidae" genus="Plectranthias" kingdom="Animalia" order="Perciformes" pageId="45" pageNumber="46" phylum="Chordata" rank="species" species="bennetti">
<emphasis box="[151,376,1856,1880]" italics="true" pageId="45" pageNumber="46">Plectranthias bennetti</emphasis>
Allen &amp; Walsh 2015: 83
</taxonomicName>
, figs 1–4 (
<typeStatus box="[736,781,1856,1880]" pageId="45" pageNumber="46">type</typeStatus>
locality, Holmes Reef, Coral Sea).— 
<bibRefCitation author="Anderson, W. D. Jr" box="[1156,1354,1856,1880]" pageId="45" pageNumber="46" pagination="1 - 62" refId="ref70044" refString="Anderson, W. D. Jr (2018) Annotated checklist of anthiadine fishes (Percoidei: Serranidae). Zootaxa, 4475 (1), 1 - 62. https: // doi. org / 10.11646 / zootaxa. 4475.1.1" type="journal article" year="2018">
<treatmentCitation author="Anderson, W. D. Jr" box="[1156,1354,1856,1880]" httpUri="http://treatment.plazi.org/id/03FC347CFFD7FFCCFF5AFEDFBE1DFD90" page="26" pageId="45" pageNumber="46" year="2018">Anderson 2018: 26</treatmentCitation>
</bibRefCitation>
(checklist). — 
<bibRefCitation author="Parenti, P. &amp; Randall, J. E." box="[277,555,1887,1911]" pageId="45" pageNumber="46" pagination="1 - 170" refId="ref73460" refString="Parenti, P. &amp; Randall, J. E. (2020) An annotated checklist of the fishes of the family Serranidae of the world with description of two new related families of fishes. FishTaxa, 15, 1 - 170." type="journal article" year="2020">
<treatmentCitation author="Parenti, P. &amp; Randall, J. E." box="[277,555,1887,1911]" page="24" pageId="45" pageNumber="46" year="2020">Parenti &amp; Randall 2020: 24</treatmentCitation>
</bibRefCitation>
(checklist).
</treatmentCitationGroup>
</paragraph>
</subSubSection>
<subSubSection lastPageId="46" lastPageNumber="47" pageId="45" pageNumber="46" type="diagnosis">
<paragraph blockId="45.[151,1436,1957,2020]" lastBlockId="46.[151,1437,151,2014]" lastPageId="46" lastPageNumber="47" pageId="45" pageNumber="46">
<emphasis bold="true" box="[151,274,1957,1983]" pageId="45" pageNumber="46">Diagnosis.</emphasis>
The following combination of characters distinguishes 
<taxonomicName box="[915,1035,1957,1983]" class="Actinopterygii" family="Serranidae" genus="Plectranthias" kingdom="Animalia" order="Perciformes" pageId="45" pageNumber="46" phylum="Chordata" rank="species" species="bennetti">
<emphasis box="[915,1035,1957,1983]" italics="true" pageId="45" pageNumber="46">P. bennetti</emphasis>
</taxonomicName>
from congeners: dorsal rays X,15, fourth spine longest; pectoral rays 13, all unbranched; lateral line complete, with 29–30 scales; lower part of preopercle with three enlarged antrorse spines; scales on head extending anteriorly to point varying from mid-interorbital to anterior part of interorbital, but well short of posterior nostrils; no scales on snout, maxilla, infraorbitals, mandibles or chin.
</paragraph>
</subSubSection>
<subSubSection pageId="46" pageNumber="47" type="discussion">
<paragraph blockId="46.[151,1437,151,2014]" pageId="46" pageNumber="47">
<emphasis bold="true" box="[199,315,259,285]" pageId="46" pageNumber="47">Remarks.</emphasis>
Allen &amp; Walsh (2015) described 
<taxonomicName box="[691,808,259,285]" class="Actinopterygii" family="Serranidae" genus="Plectranthias" kingdom="Animalia" order="Perciformes" pageId="46" pageNumber="47" phylum="Chordata" rank="species" species="bennetti">
<emphasis box="[691,808,259,285]" italics="true" pageId="46" pageNumber="47">P. bennetti</emphasis>
</taxonomicName>
on the basis of the 
<typeStatus box="[1027,1125,259,285]" pageId="46" pageNumber="47">holotype</typeStatus>
collected by Cairns Marine aquarium fish collector T. Bennett at Holmes Reef, Coral Sea. They noted that the collector had collected one other specimen of the species, but it had been sold to the Japanese aquarium trade. However, we located an additional specimen (WAM P.33842-001), which had been collected at Holmes Reef by T. Bennett in 2012 but had been misidentified as 
<taxonomicName baseAuthorityName="Tyler" baseAuthorityYear="1966" box="[298,444,403,428]" class="Actinopterygii" family="Serranidae" genus="Plectranthias" kingdom="Animalia" order="Perciformes" pageId="46" pageNumber="47" phylum="Chordata" rank="species" species="winniensis">
<emphasis box="[298,444,403,428]" italics="true" pageId="46" pageNumber="47">P. winniensis</emphasis>
</taxonomicName>
. The specimen has damaged tips to median and pectoral-fin ray rays and some missing scales on the right side but is otherwise in good condition (
<figureCitation box="[817,952,439,465]" captionStart="FIGURE 14" captionStartId="47.[151,250,1943,1967]" captionTargetBox="[230,1357,181,1920]" captionTargetId="figure-18@47.[230,1357,181,1920]" captionTargetPageId="47" captionText="FIGURE 14. Plectranthias bennetti, specimens from Holmes Reef, Coral Sea, Australia: A) WAM P.33842-001, 44.7 mm SL, preserved; B,C) same aquarium individual, not retained, showing variation in coloration. Photos by A.C. Gill (A) and Y.K. Tea (B,C)." figureDoi="http://doi.org/10.5281/zenodo.4471953" httpUri="https://zenodo.org/record/4471953/files/figure.png" pageId="46" pageNumber="47">Figure 14A</figureCitation>
). Two additional specimens were available for study, both collected by T. Bennett at Holmes Reef subsequent to the original description. The three specimens agree well with Allen &amp; Walsh’s (2015) original description of 
<taxonomicName box="[879,999,511,537]" class="Actinopterygii" family="Serranidae" genus="Plectranthias" kingdom="Animalia" order="Perciformes" pageId="46" pageNumber="47" phylum="Chordata" rank="species" species="bennetti">
<emphasis box="[879,999,511,537]" italics="true" pageId="46" pageNumber="47">P. bennetti</emphasis>
</taxonomicName>
in all salient features, including those in the above diagnosis. They extend known meristic variation in the following characters (counts from non-type specimens given first, followed by those from Allen &amp; Walsh in parentheses): gill rakers 7+14–16 (5+13); pseudobranchial filaments 13–16 (15); serrations on vertical portion of preopercle 21–25 (20). Differences in counts of scales above the lateral line to the fifth dorsal-fin spine and scales below the lateral line to the anal-fin origin (2–3 and 14–15 versus 1 and 10, respectively) appear to be due to different counting methods, as Allen &amp; Walsh’s figures of the 
<typeStatus box="[222,320,727,753]" pageId="46" pageNumber="47">holotype</typeStatus>
clearly shows counts of 2 and at least 13, respectively. Allen &amp; Walsh recorded the following: “caudal fin with 7+6 branched rays, 3 dorsal and 2 ventral unbranched rays, and 5 dorsal and 5 ventral procurrent rays”. With our methods, this indicates a count of 6 dorsal procurrent rays, 9+8 principal rays, and 5 ventral procurrent rays. However, examination of a radiograph of the 
<typeStatus box="[720,818,835,861]" pageId="46" pageNumber="47">holotype</typeStatus>
reveals 7 dorsal and 6 ventral procurrent rays, which is within variation exhibited by the three non-type specimens (6–7 dorsally and ventrally). Morphometric data for the non-type specimens are given in 
<tableCitation box="[520,620,907,933]" captionStart="TABLE 22" captionStartId="48.[151,239,572,598]" captionTargetBox="[165,1975,649,1567]" captionText="TABLE 22. Morphometric values for examined specimens of Plectranthias bennetti, P. cruentus and P. kamii expressed as percentages of SL. * indicates where a measurement could not be made, owing to damage." pageId="46" pageNumber="47">Table 22</tableCitation>
.
</paragraph>
</subSubSection>
<subSubSection pageId="46" pageNumber="47" type="multiple">
<paragraph blockId="46.[151,1437,151,2014]" pageId="46" pageNumber="47">
<figureCitation box="[199,316,943,969]" captionStart="FIGURE 14" captionStartId="47.[151,250,1943,1967]" captionTargetBox="[230,1357,181,1920]" captionTargetId="figure-18@47.[230,1357,181,1920]" captionTargetPageId="47" captionText="FIGURE 14. Plectranthias bennetti, specimens from Holmes Reef, Coral Sea, Australia: A) WAM P.33842-001, 44.7 mm SL, preserved; B,C) same aquarium individual, not retained, showing variation in coloration. Photos by A.C. Gill (A) and Y.K. Tea (B,C)." figureDoi="http://doi.org/10.5281/zenodo.4471953" httpUri="https://zenodo.org/record/4471953/files/figure.png" pageId="46" pageNumber="47">Figures 14</figureCitation>
B–C shows two photos of an aquarium individual from Holmes Reef displaying variation in the barring pattern on the posterior body.
</paragraph>
</subSubSection>
<subSubSection pageId="46" pageNumber="47" type="description">
<paragraph blockId="46.[151,1437,151,2014]" pageId="46" pageNumber="47">We add the following new observations: scales with peripheral cteni; vertebrae 10+16 (9+17 reported by Allen &amp; Walsh 2015, is apparently due to different counting methods); supraneurals 3; predorsal formula 0/0+0/2/1+1; dorsal pterygiophores in interneural spaces 9–13 1/1/1+1/1+1/1+1; no trisegmental pterygiophores associated with dorsal fin; terminal dorsal pterygiophore in interneural space 18; no trisegmental pterygiophore associated with anal fin; terminal anal pterygiophore in interhaemal space 5; ribs present on vertebrae 3 through 10; epineurals present on vertebrae 1 through 10; parhypural and hypurals autogenous; well-developed hypurapophysis on parhypural; epurals 3; single uroneural (posterior uroneural absent); ventral tip of cleithrum with well-developed posteroventral process; proximal tip of first anal-fin pterygiophore near distal tips of parapophyses on vertebra 10.</paragraph>
<paragraph blockId="46.[151,1437,151,2014]" pageId="46" pageNumber="47">
<bibRefCitation author="Shepherd, B. &amp; Phelps, T. A. Y. &amp; Pinheiro, H. T. &amp; Rocha, C. R. &amp; Rocha, L. A." box="[199,451,1303,1329]" pageId="46" pageNumber="47" pagination="145 - 161" refId="ref74813" refString="Shepherd, B., Phelps, T. A. Y., Pinheiro, H. T., Rocha, C. R. &amp; Rocha, L. A. (2020) Two new species of Plectranthias (Teleostei, Serranidae, Anthiadinae) from mesophotic coral ecosystems in the tropical Central Pacific. ZooKeys, 941, 145 - 161. https: // doi. org / 10.3897 / zookeys. 941.50243" type="journal article" year="2020">
Shepherd 
<emphasis box="[312,369,1303,1329]" italics="true" pageId="46" pageNumber="47">et al.</emphasis>
(2020)
</bibRefCitation>
described 
<taxonomicName authorityName="Shepherd, Phelps, Pinheiro, Rocha &amp; Rocha" authorityYear="2020" box="[572,678,1303,1329]" class="Actinopterygii" family="Serranidae" genus="Plectranthias" kingdom="Animalia" order="Perciformes" pageId="46" pageNumber="47" phylum="Chordata" rank="species" species="hinano">
<emphasis box="[572,678,1303,1329]" italics="true" pageId="46" pageNumber="47">P. hinano</emphasis>
</taxonomicName>
from two specimens from Tahiti, 
<collectingCountry box="[1060,1258,1303,1329]" name="French Polynesia" pageId="46" pageNumber="47">French Polynesia</collectingCountry>
. They also published a photograph of a similar species from 
<collectingRegion box="[667,838,1339,1365]" country="Marshall Islands" name="Maloelap" pageId="46" pageNumber="47">Maloelap Atoll</collectingRegion>
, 
<collectingCountry box="[850,1221,1339,1365]" name="Marshall Islands" pageId="46" pageNumber="47">Republic of the Marshall Islands</collectingCountry>
. They noted that 
<taxonomicName authorityName="Shepherd, Phelps, Pinheiro, Rocha &amp; Rocha" authorityYear="2020" class="Actinopterygii" family="Serranidae" genus="Plectranthias" kingdom="Animalia" order="Perciformes" pageId="46" pageNumber="47" phylum="Chordata" rank="species" species="hinano">
<emphasis italics="true" pageId="46" pageNumber="47">P. hinano</emphasis>
</taxonomicName>
is most similar to 
<taxonomicName box="[441,559,1375,1401]" class="Actinopterygii" family="Serranidae" genus="Plectranthias" kingdom="Animalia" order="Perciformes" pageId="46" pageNumber="47" phylum="Chordata" rank="species" species="bennetti">
<emphasis box="[441,559,1375,1401]" italics="true" pageId="46" pageNumber="47">P. bennetti</emphasis>
</taxonomicName>
, with an uncorrected pairwise genetic distance of 5.5 % for the barcode fragment of the mt COI gene, and very similar coloration and morphology. They differentiated the two species on the basis of live coloration (
<taxonomicName authorityName="Shepherd, Phelps, Pinheiro, Rocha &amp; Rocha" authorityYear="2020" box="[429,535,1447,1473]" class="Actinopterygii" family="Serranidae" genus="Plectranthias" kingdom="Animalia" order="Perciformes" pageId="46" pageNumber="47" phylum="Chordata" rank="species" species="hinano">
<emphasis box="[429,535,1447,1473]" italics="true" pageId="46" pageNumber="47">P. hinano</emphasis>
</taxonomicName>
with two black spots along the dorsal fin base, and yellow dorsal- and anal-fin membranes), snout length (3.0– 
<quantity box="[506,571,1483,1509]" metricMagnitude="-2" metricUnit="m" metricValue="8.128" pageId="46" pageNumber="47" unit="in" value="3.2">3.2 in</quantity>
head length for 
<taxonomicName authorityName="Shepherd, Phelps, Pinheiro, Rocha &amp; Rocha" authorityYear="2020" box="[755,860,1483,1509]" class="Actinopterygii" family="Serranidae" genus="Plectranthias" kingdom="Animalia" order="Perciformes" pageId="46" pageNumber="47" phylum="Chordata" rank="species" species="hinano">
<emphasis box="[755,860,1483,1509]" italics="true" pageId="46" pageNumber="47">P. hinano</emphasis>
</taxonomicName>
versus 
<quantity box="[946,1010,1483,1509]" metricMagnitude="-1" metricUnit="m" metricValue="1.1176" pageId="46" pageNumber="47" unit="in" value="4.4">4.4 in</quantity>
<taxonomicName box="[1017,1134,1483,1509]" class="Actinopterygii" family="Serranidae" genus="Plectranthias" kingdom="Animalia" order="Perciformes" pageId="46" pageNumber="47" phylum="Chordata" rank="species" species="bennetti">
<emphasis box="[1017,1134,1483,1509]" italics="true" pageId="46" pageNumber="47">P. bennetti</emphasis>
</taxonomicName>
), number of circumpeduncular scales (12 versus 14) and number of gill rakers (7–8+12–13 versus 5+13). None of these characters is diagnostic: 
<taxonomicName box="[194,312,1555,1581]" class="Actinopterygii" family="Serranidae" genus="Plectranthias" kingdom="Animalia" order="Perciformes" pageId="46" pageNumber="47" phylum="Chordata" rank="species" species="bennetti">
<emphasis box="[194,312,1555,1581]" italics="true" pageId="46" pageNumber="47">P. bennetti</emphasis>
</taxonomicName>
possesses indistinct to distinct black marks on the dorsal-fin base, which are particularly prominent in preserved specimens (
<figureCitation box="[431,566,1591,1617]" captionStart="FIGURE 14" captionStartId="47.[151,250,1943,1967]" captionTargetBox="[230,1357,181,1920]" captionTargetId="figure-18@47.[230,1357,181,1920]" captionTargetPageId="47" captionText="FIGURE 14. Plectranthias bennetti, specimens from Holmes Reef, Coral Sea, Australia: A) WAM P.33842-001, 44.7 mm SL, preserved; B,C) same aquarium individual, not retained, showing variation in coloration. Photos by A.C. Gill (A) and Y.K. Tea (B,C)." figureDoi="http://doi.org/10.5281/zenodo.4471953" httpUri="https://zenodo.org/record/4471953/files/figure.png" pageId="46" pageNumber="47">Figure 14A</figureCitation>
); comparison of fresh images of the two species suggests the apparent snout length differences are an arefact (upper jaw distended in the 
<typeStatus box="[839,937,1627,1653]" pageId="46" pageNumber="47">holotype</typeStatus>
of 
<taxonomicName authorityName="Shepherd, Phelps, Pinheiro, Rocha &amp; Rocha" authorityYear="2020" box="[977,1083,1627,1653]" class="Actinopterygii" family="Serranidae" genus="Plectranthias" kingdom="Animalia" order="Perciformes" pageId="46" pageNumber="47" phylum="Chordata" rank="species" species="hinano">
<emphasis box="[977,1083,1627,1653]" italics="true" pageId="46" pageNumber="47">P. hinano</emphasis>
</taxonomicName>
); the photos of the 
<typeStatus box="[1307,1405,1627,1653]" pageId="46" pageNumber="47">holotype</typeStatus>
of 
<taxonomicName authorityName="Shepherd, Phelps, Pinheiro, Rocha &amp; Rocha" authorityYear="2020" box="[151,256,1663,1689]" class="Actinopterygii" family="Serranidae" genus="Plectranthias" kingdom="Animalia" order="Perciformes" pageId="46" pageNumber="47" phylum="Chordata" rank="species" species="hinano">
<emphasis box="[151,256,1663,1689]" italics="true" pageId="46" pageNumber="47">P. hinano</emphasis>
</taxonomicName>
suggest there are 14 not 12 circumpeduncular scales; and the number of gill rakers for 
<taxonomicName authorityName="Shepherd, Phelps, Pinheiro, Rocha &amp; Rocha" authorityYear="2020" box="[1230,1335,1663,1689]" class="Actinopterygii" family="Serranidae" genus="Plectranthias" kingdom="Animalia" order="Perciformes" pageId="46" pageNumber="47" phylum="Chordata" rank="species" species="hinano">
<emphasis box="[1230,1335,1663,1689]" italics="true" pageId="46" pageNumber="47">P. hinano</emphasis>
</taxonomicName>
overlaps with counts given here for 
<taxonomicName box="[454,572,1699,1725]" class="Actinopterygii" family="Serranidae" genus="Plectranthias" kingdom="Animalia" order="Perciformes" pageId="46" pageNumber="47" phylum="Chordata" rank="species" species="bennetti">
<emphasis box="[454,572,1699,1725]" italics="true" pageId="46" pageNumber="47">P. bennetti</emphasis>
</taxonomicName>
(5–7+13–16=18–23). Shepherd 
<emphasis box="[940,996,1699,1725]" italics="true" pageId="46" pageNumber="47">et al.</emphasis>
recorded 11–12 pectoral rays for 
<taxonomicName authorityName="Shepherd, Phelps, Pinheiro, Rocha &amp; Rocha" authorityYear="2020" class="Actinopterygii" family="Serranidae" genus="Plectranthias" kingdom="Animalia" order="Perciformes" pageId="46" pageNumber="47" phylum="Chordata" rank="species" species="hinano">
<emphasis italics="true" pageId="46" pageNumber="47">P. hinano</emphasis>
</taxonomicName>
, which is fewer than known for 
<taxonomicName box="[569,686,1735,1761]" class="Actinopterygii" family="Serranidae" genus="Plectranthias" kingdom="Animalia" order="Perciformes" pageId="46" pageNumber="47" phylum="Chordata" rank="species" species="bennetti">
<emphasis box="[569,686,1735,1761]" italics="true" pageId="46" pageNumber="47">P. bennetti</emphasis>
</taxonomicName>
(13). However, examination of photos of the 
<typeStatus box="[1196,1294,1735,1761]" pageId="46" pageNumber="47">holotype</typeStatus>
of 
<taxonomicName authorityName="Shepherd, Phelps, Pinheiro, Rocha &amp; Rocha" authorityYear="2020" box="[1331,1436,1735,1761]" class="Actinopterygii" family="Serranidae" genus="Plectranthias" kingdom="Animalia" order="Perciformes" pageId="46" pageNumber="47" phylum="Chordata" rank="species" species="hinano">
<emphasis box="[1331,1436,1735,1761]" italics="true" pageId="46" pageNumber="47">P. hinano</emphasis>
</taxonomicName>
show 13 rays. Further comparison is needed to address diagnostic morphological characters for 
<taxonomicName box="[1240,1359,1771,1797]" class="Actinopterygii" family="Serranidae" genus="Plectranthias" kingdom="Animalia" order="Perciformes" pageId="46" pageNumber="47" phylum="Chordata" rank="species" species="bennetti">
<emphasis box="[1240,1359,1771,1797]" italics="true" pageId="46" pageNumber="47">P. bennetti</emphasis>
</taxonomicName>
and 
<taxonomicName authorityName="Shepherd, Phelps, Pinheiro, Rocha &amp; Rocha" authorityYear="2020" class="Actinopterygii" family="Serranidae" genus="Plectranthias" kingdom="Animalia" order="Perciformes" pageId="46" pageNumber="47" phylum="Chordata" rank="species" species="hinano">
<emphasis italics="true" pageId="46" pageNumber="47">P. hinano</emphasis>
</taxonomicName>
, as well as the identity of the Marshall Island population.
</paragraph>
</subSubSection>
<subSubSection pageId="46" pageNumber="47" type="materials_examined">
<paragraph blockId="46.[151,1437,151,2014]" pageId="46" pageNumber="47">
<emphasis bold="true" box="[199,570,1842,1868]" pageId="46" pageNumber="47">Material examined. Coral Sea,</emphasis>
<materialsCitation collectionCode="AMS" country="Australia" elevation="125" location="Australia" pageId="46" pageNumber="47" specimenCount="1">
<emphasis bold="true" box="[577,696,1842,1868]" pageId="46" pageNumber="47">
<collectingCountry box="[577,691,1842,1868]" name="Australia" pageId="46" pageNumber="47">Australia</collectingCountry>
.
</emphasis>
<collectionCode box="[705,766,1843,1869]" pageId="46" pageNumber="47">AMS</collectionCode>
I.49489-001, 47.0 mm SL, Holmes Reef, outer reef slope, 
<quantity box="[151,224,1878,1905]" metricMagnitude="2" metricUnit="m" metricValue="1.25" pageId="46" pageNumber="47" unit="m" value="125.0">
<elevation box="[151,224,1878,1905]" metricMagnitude="2" metricUnit="m" metricValue="1.25" pageId="46" pageNumber="47" unit="m" value="125.0">125 m</elevation>
</quantity>
</materialsCitation>
, 
<materialsCitation box="[236,498,1879,1905]" collectingDate="2019-12-03" collectionCode="T" country="Australia" pageId="46" pageNumber="47" specimenCount="1">
<collectionCode box="[236,254,1879,1905]" name="Tavera, Department of Geology and Geophysics" pageId="46" pageNumber="47">T</collectionCode>
. Bennett, 
<date box="[366,498,1879,1905]" pageId="46" pageNumber="47" value="2019-12-03">
<collectingDate box="[366,498,1879,1905]" pageId="46" pageNumber="47" value="2019-12-03">3 Dec 2019</collectingDate>
</date>
</materialsCitation>
; 
<materialsCitation collectionCode="QM" country="Australia" elevation="63" latitude="-16.40545" longLatPrecision="1" longitude="147.82404" pageId="46" pageNumber="47" specimenCount="1" typeStatus="holotype">
<collectionCode box="[510,555,1879,1905]" country="Australia" lsid="urn:lsid:biocol.org:col:35019" name="Queensland Museum" pageId="46" pageNumber="47" type="Museum">QM</collectionCode>
I.39334, 
<quantity box="[662,762,1878,1905]" metricMagnitude="-2" metricUnit="m" metricValue="5.029999999999999" pageId="46" pageNumber="47" unit="mm" value="50.3">50.3 mm</quantity>
SL (
<typeStatus box="[815,917,1879,1905]" pageId="46" pageNumber="47">holotype</typeStatus>
, radiograph only), Holmes Reef, 
<geoCoordinate box="[1291,1432,1880,1907]" degrees="16" direction="south" minutes="24.327" orientation="latitude" pageId="46" pageNumber="47" precision="1" value="-16.40545">16°24.327′S</geoCoordinate>
, 
<geoCoordinate box="[151,308,1916,1943]" degrees="147" direction="east" minutes="49.442" orientation="longitude" pageId="46" pageNumber="47" precision="1" value="147.82404">147°49.442′E</geoCoordinate>
, 
<quantity box="[324,388,1915,1941]" metricMagnitude="1" metricUnit="m" metricValue="6.3" pageId="46" pageNumber="47" unit="m" value="63.0">
<elevation box="[324,388,1915,1941]" metricMagnitude="1" metricUnit="m" metricValue="6.3" pageId="46" pageNumber="47" unit="m" value="63.0">63 m</elevation>
</quantity>
</materialsCitation>
, 
<materialsCitation box="[405,707,1914,1941]" collectingDate="2015-05-11" collectionCode="T" country="Australia" pageId="46" pageNumber="47" specimenCount="1" typeStatus="holotype">
<collectionCode box="[405,423,1915,1941]" name="Tavera, Department of Geology and Geophysics" pageId="46" pageNumber="47">T</collectionCode>
. Bennett, 
<date box="[545,707,1914,1941]" pageId="46" pageNumber="47" value="2015-05-11">
<collectingDate box="[545,707,1914,1941]" pageId="46" pageNumber="47" value="2015-05-11">11 May 2015</collectingDate>
</date>
</materialsCitation>
; 
<materialsCitation collectionCode="WAM" country="Australia" elevation="40" latitude="-16.4955" longLatPrecision="13" longitude="147.86383" pageId="46" pageNumber="47" specimenCount="1" typeStatus="holotype">
<collectionCode box="[724,792,1915,1941]" country="Australia" httpUri="http://biocol.org/urn:lsid:biocol.org:col:34981" lsid="urn:lsid:biocol.org:col:34981" name="Western Australian Museum" pageId="46" pageNumber="47" type="Museum">WAM</collectionCode>
P.33842-001, 
<quantity box="[965,1070,1915,1941]" metricMagnitude="-2" metricUnit="m" metricValue="4.47" pageId="46" pageNumber="47" unit="mm" value="44.7">44.7 mm</quantity>
SL, Holmes Reef, 
<geoCoordinate box="[1305,1431,1916,1943]" degrees="16" direction="south" minutes="29.73" orientation="latitude" pageId="46" pageNumber="47" precision="9" value="-16.4955">16°29.73′S</geoCoordinate>
, 
<geoCoordinate box="[151,293,1952,1979]" degrees="147" direction="east" minutes="51.83" orientation="longitude" pageId="46" pageNumber="47" precision="9" value="147.86383">147°51.83′E</geoCoordinate>
, 
<quantity box="[306,366,1951,1977]" metricMagnitude="1" metricUnit="m" metricValue="4.0" pageId="46" pageNumber="47" unit="m" value="40.0">
<elevation box="[306,366,1951,1977]" metricMagnitude="1" metricUnit="m" metricValue="4.0" pageId="46" pageNumber="47" unit="m" value="40.0">40 m</elevation>
</quantity>
</materialsCitation>
, 
<materialsCitation box="[379,618,1951,1977]" collectingDate="2012-01" collectionCode="T" country="Australia" pageId="46" pageNumber="47" specimenCount="1" typeStatus="holotype">
<collectionCode box="[379,397,1951,1977]" name="Tavera, Department of Geology and Geophysics" pageId="46" pageNumber="47">T</collectionCode>
. Bennett, 
<date box="[512,618,1951,1977]" pageId="46" pageNumber="47" value="2012-01">
<collectingDate box="[512,618,1951,1977]" pageId="46" pageNumber="47" value="2012-01">Jan 2012</collectingDate>
</date>
</materialsCitation>
; 
<materialsCitation accessionNumber="ZRC 61168" box="[630,1086,1950,1977]" collectionCode="ZRC" country="Australia" pageId="46" pageNumber="47" specimenCount="1" typeStatus="holotype">
<accessionNumber box="[630,765,1951,1977]" httpUri="http://www.ncbi.nlm.nih.gov/protein/ZRC61168" pageId="46" pageNumber="47">
<collectionCode box="[630,684,1951,1977]" country="Singapore" httpUri="http://grbio.org/cool/16z4-1tbx" name="Zoological Reference Collection, National University of Singapore" pageId="46" pageNumber="47">ZRC</collectionCode>
61168
</accessionNumber>
, 
<quantity box="[777,879,1950,1977]" metricMagnitude="-2" metricUnit="m" metricValue="5.51" pageId="46" pageNumber="47" unit="mm" value="55.1">55.1 mm</quantity>
SL, Holmes Reef
</materialsCitation>
, 
<collectionCode box="[1098,1116,1951,1977]" name="Tavera, Department of Geology and Geophysics" pageId="46" pageNumber="47">T</collectionCode>
. Bennett (no other data; obtained through Singapore aquarium trade).
</paragraph>
</subSubSection>
</treatment>
</document>