<document ID-DOI="http://doi.org/10.5281/zenodo.4474391" ID-GBIF-Dataset="1e6b9c6c-c1ae-43ed-8417-70324a727566" ID-ISSN="1175-5326" ID-Zenodo-Dep="4474391" ID-ZooBank="3FEF9EA2-B755-4B22-8B6A-FAFC5C0FFCDF" _generate="added" approvalRequired="80" approvalRequired_for_bibRefs="2" approvalRequired_for_illustrations="40" approvalRequired_for_taxonomicNames="30" approvalRequired_for_treatments="8" checkinTime="1611651206508" checkinUser="plazi" docAuthor="Gill, Anthony C., Pogonoski, John J., Moore, Glenn I. &amp; Johnson, Jeffrey W." docDate="2021" docId="335587B2C4171C4CFF28F932FD54FF0C" docLanguage="en" docName="zootaxa.4918.1.1.pdf" docOrigin="Zootaxa 4918 (1)" docStyle="DocumentStyle:5EBBA59367AD13919D70D935FA04F6A3.5:Zootaxa.2013.monograph" docStyleId="5EBBA59367AD13919D70D935FA04F6A3" docStyleName="Zootaxa.2013.monograph" docStyleVersion="5" docTitle="Plectranthias inermis Randall" docType="treatment" docVersion="8" lastPageId="66" lastPageNumber="66" masterDocId="CF6CFFCAC4571C0EFFBFFA70FFE5FFD9" masterDocTitle="Review of Australian species of Plectranthias Bleeker and Selenanthias Tanaka (Teleostei: Serranidae: Anthiadinae), with descriptions of four new species" masterLastPageNumber="116" masterPageNumber="1" pageId="64" pageNumber="65" updateTime="1611781754199" updateUser="ExternalLinkService">
<mods:mods xmlns:mods="http://www.loc.gov/mods/v3">
<mods:titleInfo>
<mods:title>Review of Australian species of Plectranthias Bleeker and Selenanthias Tanaka (Teleostei: Serranidae: Anthiadinae), with descriptions of four new species</mods:title>
</mods:titleInfo>
<mods:name type="personal">
<mods:role>
<mods:roleTerm>Author</mods:roleTerm>
</mods:role>
<mods:namePart>Gill, Anthony C.</mods:namePart>
<mods:nameIdentifier type="ORCID">0000-0002-8990-3657</mods:nameIdentifier>
<mods:nameIdentifier type="email">anthony.c.gill@sydney.edu.au</mods:nameIdentifier>
</mods:name>
<mods:name type="personal">
<mods:role>
<mods:roleTerm>Author</mods:roleTerm>
</mods:role>
<mods:namePart>Pogonoski, John J.</mods:namePart>
<mods:nameIdentifier type="ORCID">0000-0002-4878-3919</mods:nameIdentifier>
<mods:nameIdentifier type="email">john.pogonoski@csiro.au</mods:nameIdentifier>
</mods:name>
<mods:name type="personal">
<mods:role>
<mods:roleTerm>Author</mods:roleTerm>
</mods:role>
<mods:namePart>Moore, Glenn I.</mods:namePart>
<mods:nameIdentifier type="ORCID">0000-0003-2413-5260</mods:nameIdentifier>
<mods:nameIdentifier type="email">moore@museum.wa.gov.au</mods:nameIdentifier>
</mods:name>
<mods:name type="personal">
<mods:role>
<mods:roleTerm>Author</mods:roleTerm>
</mods:role>
<mods:namePart>Johnson, Jeffrey W.</mods:namePart>
<mods:nameIdentifier type="ORCID">0000-0002-8990-3657</mods:nameIdentifier>
<mods:nameIdentifier type="email">anthony.c.gill@sydney.edu.au</mods:nameIdentifier>
</mods:name>
<mods:typeOfResource>text</mods:typeOfResource>
<mods:relatedItem type="host">
<mods:titleInfo>
<mods:title>Zootaxa</mods:title>
</mods:titleInfo>
<mods:part>
<mods:date>2021</mods:date>
<mods:detail type="pubDate">
<mods:number>2021-01-26</mods:number>
</mods:detail>
<mods:detail type="volume">
<mods:number>4918</mods:number>
</mods:detail>
<mods:detail type="issue">
<mods:number>1</mods:number>
</mods:detail>
<mods:extent unit="page">
<mods:start>1</mods:start>
<mods:end>116</mods:end>
</mods:extent>
</mods:part>
</mods:relatedItem>
<mods:classification>journal article</mods:classification>
<mods:identifier type="DOI">https://doi.org/10.11646/zootaxa.4918.1.1</mods:identifier>
<mods:identifier type="GBIF-Dataset">1e6b9c6c-c1ae-43ed-8417-70324a727566</mods:identifier>
<mods:identifier type="ISSN">1175-5326</mods:identifier>
<mods:identifier type="Zenodo-Dep">4471922</mods:identifier>
<mods:identifier type="ZooBank">3FEF9EA2-B755-4B22-8B6A-FAFC5C0FFCDF</mods:identifier>
</mods:mods>
<treatment ID-DOI="http://doi.org/10.5281/zenodo.4474391" ID-Zenodo-Dep="4474391" LSID="urn:lsid:plazi:treatment:335587B2C4171C4CFF28F932FD54FF0C" httpUri="http://treatment.plazi.org/id/335587B2C4171C4CFF28F932FD54FF0C" lastPageId="66" lastPageNumber="66" pageId="64" pageNumber="65">
<subSubSection box="[151,517,834,861]" pageId="64" pageNumber="65" type="nomenclature">
<paragraph blockId="64.[151,557,834,933]" box="[151,517,834,861]" pageId="64" pageNumber="65">
<heading bold="true" box="[151,517,834,861]" fontSize="11" level="2" pageId="64" pageNumber="65" reason="4">
<taxonomicName authority="Randall" authorityName="Randall" box="[151,517,834,861]" class="Actinopterygii" family="Serranidae" genus="Plectranthias" kingdom="Animalia" order="Perciformes" pageId="64" pageNumber="65" phylum="Chordata" rank="species" species="inermis">
<emphasis bold="true" box="[151,517,834,861]" pageId="64" pageNumber="65">
<emphasis bold="true" box="[151,411,834,861]" italics="true" pageId="64" pageNumber="65">Plectranthias inermis</emphasis>
Randall
</emphasis>
</taxonomicName>
</heading>
</paragraph>
</subSubSection>
<subSubSection box="[151,510,870,897]" pageId="64" pageNumber="65" type="description">
<paragraph blockId="64.[151,557,834,933]" box="[151,510,870,897]" pageId="64" pageNumber="65">
<figureCitation box="[151,279,870,897]" captionStart="FIGURE 5" captionStartId="7.[151,250,1865,1889]" captionTargetBox="[180,1407,1030,1841]" captionTargetId="figure-60@7.[180,1407,1030,1841]" captionTargetPageId="7" captionText="FIGURE 5. Caudal skeletons of A) Plectranthias inermis, AMS I.45300-250, 28.0 mm SL, showing autogenous hypurals 1 and 2; B) P. longimanus, AMS I.22613-052, 20.3 mm SL, showing undifferentiated hypurals 1 and 2. Abbreviations: EP1–3, epurals 1–3; HSP, haemal spines; HYP1–5, hypurals 1 through 5; HYPAP, hypurapophysis; NSP, neural spines; PARHYP, parhypural; PU2–3, preural centrum 2 and 3; UR, uroneural. Cartilage shown in dark grey; arrows indicate outer principal caudal rays; scale bars = 1 mm. Illustrations by A.C. Gill." figureDoi="http://doi.org/10.5281/zenodo.4471932" httpUri="https://zenodo.org/record/4471932/files/figure.png" pageId="64" pageNumber="65">Figures 5A</figureCitation>
, 
<figureCitation box="[290,321,871,897]" captionStart="FIGURE 23" captionStartId="65.[151,250,1797,1821]" captionTargetBox="[151,1436,561,1774]" captionTargetId="figure-159@65.[151,1436,561,1774]" captionTargetPageId="65" captionText="FIGURE 23. Plectranthias inermis: A) live aquarium specimen (not retained); B) WAM P.26125-008, 25.5 mm SL, paratype, preserved, Flying Fish Cove, Christmas Island, Indian Ocean, Australia. Photos by Y.K. Tea (A) and A.C. Gill (B)." figureDoi="http://doi.org/10.5281/zenodo.4471971" httpUri="https://zenodo.org/record/4471971/files/figure.png" pageId="64" pageNumber="65">23</figureCitation>
; 
<tableCitation box="[333,470,871,897]" captionStart-0="TABLE 1" captionStart-1="TABLE 2" captionStart-10="TABLE 11" captionStart-11="TABLE 12" captionStart-12="TABLE 13" captionStart-13="TABLE 14" captionStart-14="TABLE 15" captionStart-15="TABLE 16" captionStart-2="TABLE 3" captionStart-3="TABLE 4" captionStart-4="TABLE 5" captionStart-5="TABLE 6" captionStart-6="TABLE 7" captionStart-7="TABLE 8" captionStart-8="TABLE 9" captionStart-9="TABLE 10" captionStartId-0="8.[151,239,520,546]" captionStartId-1="9.[151,239,566,592]" captionStartId-10="20.[151,239,540,566]" captionStartId-11="21.[151,239,542,568]" captionStartId-12="22.[151,239,484,510]" captionStartId-13="24.[151,239,462,488]" captionStartId-14="26.[151,239,559,585]" captionStartId-15="27.[151,239,486,512]" captionStartId-2="10.[151,239,538,564]" captionStartId-3="11.[151,239,558,584]" captionStartId-4="12.[151,239,538,564]" captionStartId-5="13.[151,239,487,513]" captionStartId-6="14.[151,239,151,175]" captionStartId-7="15.[151,239,522,548]" captionStartId-8="17.[151,239,519,545]" captionStartId-9="19.[151,239,872,896]" captionText-0="TABLE 1. Frequency distributions for counts of dorsal, anal and pectoral rays of Australian Plectranthias and Selenanthias species. Frequencies are based on examined specimens. Frequencies for pectoral rays include bilateral counts. “L” indicates additional variation noted in literature on each species. Data for S. analis based on Australian specimens only." captionText-1="TABLE 2. Frequency distributions for counts of caudal rays of Australian Plectranthias and Selenanthias species. Data for S. analis based on Australian specimens only." captionText-10="TABLE 11. Summary of fin characters of Australian Plectranthias and Selenanthias species. Data for S. analis based on Australian specimens only. Caudal ray counts are presented as upper procurrent + upper principal + lower principal + lower procurrent = total rays." captionText-11="TABLE 12. Summary of body squamation characters for Australian species of Plectranthias and Selenanthias. Data for S. analis based on Australian specimens only." captionText-12="TABLE 13. Summary of selected head squamation characters for Australian species of Plectranthias and Selenanthias. Data for S. analis based on Australian specimens only." captionText-13="TABLE 14. Summary of gill-raker counts and selected osteological characters for Australian species of Plectranthias and Selenanthias. Data for S. analis based on Australian specimens only." captionText-14="TABLE 15. Summary of head serration characters for Australian species of Plectranthias and Selenanthias. Data for S. analis based on Australian specimens only." captionText-15="TABLE 16. Distribution and known depth ranges for Australian species of Plectranthias and Selenanthias. Data for Plectranthias species are from Allen &amp; Walsh (2015: tab. 1), supplemented with new observations." captionText-2="TABLE 3. Frequency distributions for counts of upper and lower gill rakers of Australian Plectranthias and Selenanthias species. “L” indicates additional variation noted in literature on each species. Data for S. analis based on Australian specimens only." captionText-3="TABLE 4. Frequency distributions for counts of total gill rakers of Australian Plectranthias and Selenanthias species. “L” indicates additional variation noted in literature on each species. Data for S. analis based on Australian specimens only." captionText-4="TABLE 5. Vertebral counts for Australian Plectranthias and Selenanthias species. “L” indicates additional variation noted in literature on each species. Data for S. analis based on Australian specimens only." captionText-5="TABLE 6. Supraneural and dorsal pterygiophore insertion patterns for Australian Plectranthias and Selenanthias species." captionText-6="TABLE 7. Position of terminal dorsal and anal pterygiophores in interneural and interhaemal spaces for Australian Plectranthias and Selenanthias species." captionText-7="TABLE 8. Frequency distributions for counts of tubed lateral-line scales of Australian Plectranthias and Selenanthias species. Frequencies are based on examined specimens and include bilateral counts. Where series are interrupted in P. inermis, P. fourmanoiri and P. winniensis, counts are of the anterior series of tubed scales. “L” indicates additional variation noted in literature on each species. Data for S. analis based only on Australian specimens." captionText-8="TABLE 9. Frequency distributions for counts of scales above and below the lateral line for Australian Plectranthias and Selenanthias species. Frequencies include bilateral counts. Data for S. analis based only on Australian specimens." captionText-9="TABLE 10. Frequency distributions for counts of circumpeduncular scales for Australian Plectranthias and Selenanthias species. Data for S. analis based only on Australian specimens." pageId="64" pageNumber="65">Tables 1–16</tableCitation>
, 
<tableCitation box="[482,510,871,897]" captionStart="TABLE 24" captionStartId="60.[151,239,613,639]" captionText="TABLE 24. Morphometric values for examined specimens of Plectranthias fourmanoiri, P. inermis, P. longimanus, P. nanus and P. winniensis expressed as percentages of SL." pageId="64" pageNumber="65">24</tableCitation>
</paragraph>
</subSubSection>
<subSubSection box="[151,557,907,933]" pageId="64" pageNumber="65" type="vernacular_names">
<paragraph blockId="64.[151,557,834,933]" box="[151,557,907,933]" pageId="64" pageNumber="65">Common name: Checkered Perchlet</paragraph>
</subSubSection>
<subSubSection pageId="64" pageNumber="65" type="reference_group">
<paragraph blockId="64.[151,1437,975,1091]" pageId="64" pageNumber="65">
<treatmentCitationGroup pageId="64" pageNumber="65">
<taxonomicName authority="Randall 1980: 135" authorityName="Randall" authorityPageNumber="135" authorityYear="1980" box="[151,570,975,999]" class="Actinopterygii" family="Serranidae" genus="Plectranthias" kingdom="Animalia" order="Perciformes" pageId="64" pageNumber="65" phylum="Chordata" rank="species" species="inermis">
<treatmentCitation author="Randall, J. E." box="[151,570,975,999]" page="135" pageId="64" pageNumber="65" year="1980">
<emphasis box="[151,371,975,999]" italics="true" pageId="64" pageNumber="65">Plectranthias inermis</emphasis>
<bibRefCitation author="Randall, J. E." box="[379,570,975,999]" pageId="64" pageNumber="65" pagination="101 - 187" refId="ref74071" refString="Randall, J. E. (1980) Revision of the fish genus Plectranthias (Serranidae: Anthiinae) with descriptions of 13 new species. Micronesica, 16, 101 - 187." type="journal article" year="1980">Randall 1980: 135</bibRefCitation>
</treatmentCitation>
</taxonomicName>
, fig. 11, tab. 9 (type locality: Caban Island, 
<collectingRegion box="[1025,1120,976,1000]" country="Philippines" name="Batangas" pageId="64" pageNumber="65">Batangas</collectingRegion>
, Luzon, 
<collectingCountry box="[1211,1328,975,999]" name="Philippines" pageId="64" pageNumber="65">Philippines</collectingCountry>
; 
<typeStatus box="[1339,1436,976,1000]" pageId="64" pageNumber="65">paratypes</typeStatus>
from 
<collectingCountry box="[255,428,1006,1030]" name="Christmas Island" pageId="64" pageNumber="65">Christmas Island</collectingCountry>
).— 
<bibRefCitation author="Allen, G. R. &amp; Steene, R. C." box="[465,733,1006,1030]" pageId="64" pageNumber="65" refId="ref69870" refString="Allen, G. R. &amp; Steene, R. C. (1988) Fishes of Christmas Island Indian Ocean. Christmas Island Natural History Association, Christmas Island, pp. 199." type="book" year="1988">
<treatmentCitation author="Allen, G. R. &amp; Steene, R. C." box="[465,733,1006,1030]" page="180" pageId="64" pageNumber="65" year="1988">Allen &amp; Steene 1988: 180</treatmentCitation>
</bibRefCitation>
(checklist, 
<collectingCountry box="[851,1023,1006,1030]" name="Christmas Island" pageId="64" pageNumber="65">Christmas Island</collectingCountry>
).— 
<bibRefCitation author="Allen, G. R." box="[1061,1215,1006,1030]" pageId="64" pageNumber="65" pagination="83 - 95" refId="ref69530" refString="Allen, G. R. (2000) Fishes of Christmas Island, Indian Ocean. Records of the Western Australian Museum, Supplement 59, 83 - 95." type="journal article" year="2000">
<treatmentCitation author="Allen, G. R." box="[1061,1215,1006,1030]" page="87" pageId="64" pageNumber="65" year="2000">Allen 2000: 87</treatmentCitation>
</bibRefCitation>
(checklist, 
<collectingCountry name="Christmas Island" pageId="64" pageNumber="65">Christmas Island</collectingCountry>
).— 
<bibRefCitation author="Hobbs, J. P. &amp; Newman, S. J. &amp; Mitsopoulos, G. E. A. &amp; Travers, M. J. &amp; Skepper, C. L. &amp; Gilligan, J. J. &amp; Allen, G. R. &amp; Choat, H. J. &amp; Ayling, A. M." box="[311,567,1036,1061]" pageId="64" pageNumber="65" pagination="184 - 202" refId="ref71758" refString="Hobbs, J. P., Newman, S. J., Mitsopoulos, G. E. A., Travers, M. J., Skepper, C. L., Gilligan, J. J., Allen, G. R., Choat, H. J. &amp; Ayling, A. M. (2014 a) Checklist and new records of Christmas Island fishes: the influence of isolation, biogeography and habitat availability on species abundance and community composition. Raffles Bulletin of Zoology, 30, 184 - 202." type="journal article" year="2014">
<treatmentCitation author="Hobbs, J. P. &amp; Newman, S. J. &amp; Mitsopoulos, G. E. A. &amp; Travers, M. J. &amp; Skepper, C. L. &amp; Gilligan, J. J. &amp; Allen, G. R. &amp; Choat, H. J. &amp; Ayling, A. M." box="[311,567,1036,1061]" page="194" pageId="64" pageNumber="65" year="2014">
Hobbs 
<emphasis box="[386,440,1036,1060]" italics="true" pageId="64" pageNumber="65">et al.</emphasis>
2014a: 194
</treatmentCitation>
</bibRefCitation>
, tab. 1 (checklist, 
<collectingCountry box="[764,939,1036,1060]" name="Christmas Island" pageId="64" pageNumber="65">Christmas Island</collectingCountry>
).— 
<bibRefCitation author="Anderson, W. D. Jr" box="[975,1178,1036,1061]" pageId="64" pageNumber="65" pagination="1 - 62" refId="ref70044" refString="Anderson, W. D. Jr (2018) Annotated checklist of anthiadine fishes (Percoidei: Serranidae). Zootaxa, 4475 (1), 1 - 62. https: // doi. org / 10.11646 / zootaxa. 4475.1.1" type="journal article" year="2018">
<treatmentCitation author="Anderson, W. D. Jr" box="[975,1178,1036,1061]" httpUri="http://treatment.plazi.org/id/03FC347CFFD5FFCEFF5AFBA6BD8CFA58" page="28" pageId="64" pageNumber="65" year="2018">Anderson 2018: 28</treatmentCitation>
</bibRefCitation>
(checklist). — 
<bibRefCitation author="Parenti, P. &amp; Randall, J. E." pageId="64" pageNumber="65" pagination="1 - 170" refId="ref73460" refString="Parenti, P. &amp; Randall, J. E. (2020) An annotated checklist of the fishes of the family Serranidae of the world with description of two new related families of fishes. FishTaxa, 15, 1 - 170." type="journal article" year="2020">
<treatmentCitation author="Parenti, P. &amp; Randall, J. E." page="26" pageId="64" pageNumber="65" year="2020">Parenti &amp; Randall 2020: 26</treatmentCitation>
</bibRefCitation>
(checklist).
</treatmentCitationGroup>
</paragraph>
</subSubSection>
<subSubSection pageId="64" pageNumber="65" type="diagnosis">
<paragraph blockId="64.[151,1437,1137,2028]" pageId="64" pageNumber="65">
<emphasis bold="true" box="[151,274,1137,1163]" pageId="64" pageNumber="65">Diagnosis.</emphasis>
The following combination of characters distinguishes 
<taxonomicName box="[918,1033,1138,1163]" class="Actinopterygii" family="Serranidae" genus="Plectranthias" kingdom="Animalia" order="Perciformes" pageId="64" pageNumber="65" phylum="Chordata" rank="species" species="inermis">
<emphasis box="[918,1033,1138,1163]" italics="true" pageId="64" pageNumber="65">P. inermis</emphasis>
</taxonomicName>
from congeners: segmented dorsal rays 16–18; third dorsal spine longest, 15.6–18.8 % SL; lateral line complete, interrupted or incomplete, consisting of 12–28 tubed scales; predorsal scales extend anteriorly to middle or posterior interorbital (at point ranging from vertical through posterior edge of orbit to vertical through middle of pupil); preopercle with 3–11 weak serrations on posterior (vertical) edge and 0–2 weak serrations on ventral edge (none antrorse).
</paragraph>
</subSubSection>
<subSubSection lastPageId="65" lastPageNumber="66" pageId="64" pageNumber="65" type="discussion">
<paragraph blockId="64.[151,1437,1137,2028]" pageId="64" pageNumber="65">
<emphasis bold="true" box="[199,315,1317,1343]" pageId="64" pageNumber="65">Remarks.</emphasis>
A relatively small species (largest specimen 
<quantity box="[827,929,1317,1344]" metricMagnitude="-2" metricUnit="m" metricValue="4.4799999999999995" pageId="64" pageNumber="65" unit="mm" value="44.8">44.8 mm</quantity>
SL, Heemstra 1980), 
<taxonomicName box="[1181,1294,1318,1343]" class="Actinopterygii" family="Serranidae" genus="Plectranthias" kingdom="Animalia" order="Perciformes" pageId="64" pageNumber="65" phylum="Chordata" rank="species" species="inermis">
<emphasis box="[1181,1294,1318,1343]" italics="true" pageId="64" pageNumber="65">P. inermis</emphasis>
</taxonomicName>
is known in 
<collectingCountry box="[151,254,1353,1379]" name="Australia" pageId="64" pageNumber="65">Australia</collectingCountry>
only from 
<collectingCountry box="[387,582,1353,1379]" name="Christmas Island" pageId="64" pageNumber="65">Christmas Island</collectingCountry>
. Elsewhere it is widely distributed, ranging from 
<collectingCountry box="[1156,1265,1353,1379]" name="Mauritius" pageId="64" pageNumber="65">Mauritius</collectingCountry>
in the western Indian Ocean to 
<collectingCountry box="[342,381,1389,1415]" name="Fiji" pageId="64" pageNumber="65">Fiji</collectingCountry>
in the Pacific (
<bibRefCitation author="Randall, J. E." box="[557,713,1389,1415]" pageId="64" pageNumber="65" pagination="101 - 187" refId="ref74071" refString="Randall, J. E. (1980) Revision of the fish genus Plectranthias (Serranidae: Anthiinae) with descriptions of 13 new species. Micronesica, 16, 101 - 187." type="journal article" year="1980">Randall 1980</bibRefCitation>
; 
<bibRefCitation author="Heemstra, P. C." box="[726,901,1389,1416]" pageId="64" pageNumber="65" pagination="139 - 146" refId="ref71512" refString="Heemstra, P. C. (1996) A review of species of the anthiine fish genus Plectranthias (Perciformes: Serranidae) from Mauritius. Transactions of the Royal Society of South Africa, 51, 139 - 146. https: // doi. org / 10.1080 / 00359199609520604" type="journal article" year="1996">Heemstra 1996</bibRefCitation>
; 
<bibRefCitation author="Heemstra, P. C. &amp; Randall, J. E." box="[915,1218,1389,1416]" pageId="64" pageNumber="65" pagination="3 - 17" refId="ref71700" refString="Heemstra, P. C. &amp; Randall, J. E. (2009) A review of the anthiine fish genus Plectranthias (Perciformes: Serranidae) of the Western Indian Ocean, with description of a new species, and a key to the species. Smithiana Bulletin, 10, 3 - 17." type="journal article" year="2009">Heemstra &amp; Randall 2009</bibRefCitation>
). Its small size and bright coloration make it desirable as an aquarium fish, and it frequently enters the aquarium trade, often under the names “Geometric Perchlet” or “Geometric Hawkfish” (a misnomer, resulting from confusion with members of the superficially similar 
<taxonomicName box="[383,510,1497,1524]" class="Actinopterygii" family="Cirrhitidae" kingdom="Animalia" order="Perciformes" pageId="64" pageNumber="65" phylum="Chordata" rank="family">Cirrhitidae</taxonomicName>
). Two specimens were obtained by the first author through the 
<collectingCountry box="[1217,1253,1497,1523]" name="United States of America" pageId="64" pageNumber="65">US</collectingCountry>
aquarium trade, and subsequently cleared and stained (
<bibRefCitation author="Taylor, W. R. &amp; Van Dyke, G. C." box="[576,858,1533,1560]" pageId="64" pageNumber="65" pagination="107 - 119" refId="ref75473" refString="Taylor, W. R. &amp; Van Dyke, G. C. (1985) Revised procedures for staining and clearing small fishes and other vertebrates for bone and cartilage study. Cybium, 9, 107 - 119." type="journal article" year="1985">Taylor &amp; van Dyke 1985</bibRefCitation>
). The two specimens form the basis of our summary of osteological features of the species, as radiographs of other specimens lacked adequate detail.
</paragraph>
<paragraph blockId="64.[151,1437,1137,2028]" pageId="64" pageNumber="65">
<bibRefCitation author="Randall, J. E." box="[199,361,1605,1631]" pageId="64" pageNumber="65" pagination="101 - 187" refId="ref74071" refString="Randall, J. E. (1980) Revision of the fish genus Plectranthias (Serranidae: Anthiinae) with descriptions of 13 new species. Micronesica, 16, 101 - 187." type="journal article" year="1980">Randall (1980</bibRefCitation>
, 
<bibRefCitation author="Randall, J. E." box="[372,429,1605,1632]" pageId="64" pageNumber="65" pagination="113 - 131" refId="ref74170" refString="Randall, J. E. (1996) Two new anthiine fishes of the genus Plectranthias (Perciformes: Serranidae), with a key to the species. Micronesica, 29, 113 - 131." type="journal article" year="1996">1996</bibRefCitation>
) reported this species as having an incomplete lateral line. However, 
<bibRefCitation author="Heemstra, P. C." box="[1201,1389,1605,1632]" pageId="64" pageNumber="65" pagination="139 - 146" refId="ref71512" refString="Heemstra, P. C. (1996) A review of species of the anthiine fish genus Plectranthias (Perciformes: Serranidae) from Mauritius. Transactions of the Royal Society of South Africa, 51, 139 - 146. https: // doi. org / 10.1080 / 00359199609520604" type="journal article" year="1996">Heemstra (1996)</bibRefCitation>
and 
<bibRefCitation author="Heemstra, P. C. &amp; Randall, J. E." box="[151,462,1641,1668]" pageId="64" pageNumber="65" pagination="3 - 17" refId="ref71700" refString="Heemstra, P. C. &amp; Randall, J. E. (2009) A review of the anthiine fish genus Plectranthias (Perciformes: Serranidae) of the Western Indian Ocean, with description of a new species, and a key to the species. Smithiana Bulletin, 10, 3 - 17." type="journal article" year="2009">Heemstra &amp; Randall (2009)</bibRefCitation>
later reported that the species may have an interrupted or complete lateral line. Several specimens examined in this study also have interrupted or complete lateral lines, which consist of 12–28 tubed scales.
</paragraph>
<paragraph blockId="64.[151,1437,1137,2028]" lastBlockId="65.[151,1437,151,537]" lastPageId="65" lastPageNumber="66" pageId="64" pageNumber="65">
<bibRefCitation author="Katayama, M. &amp; Masuda, H." box="[199,522,1749,1776]" pageId="64" pageNumber="65" pagination="185 - 190" refId="ref72694" refString="Katayama, M. &amp; Masuda, H. (1980) Two new anthiine fishes from Sagami Bay, Japan. Japanese Journal of Ichthyology, 27, 185 - 190." type="journal article" year="1980">Katayama &amp; Masuda (1980)</bibRefCitation>
described 
<taxonomicName authorityName="Katayama &amp; Masuda" authorityYear="1980" box="[646,808,1749,1775]" class="Actinopterygii" family="Serranidae" genus="Plectranthias" kingdom="Animalia" order="Perciformes" pageId="64" pageNumber="65" phylum="Chordata" rank="species" species="altipinnatus">
<emphasis box="[646,808,1749,1775]" italics="true" pageId="64" pageNumber="65">P. altipinnatus</emphasis>
</taxonomicName>
from the 
<typeStatus box="[921,1019,1749,1775]" pageId="64" pageNumber="65">holotype</typeStatus>
from the Izu Peninsula, 
<collectingCountry box="[1300,1367,1750,1776]" name="Japan" pageId="64" pageNumber="65">Japan</collectingCountry>
. They compared the species only with 
<taxonomicName authority="(Smith, 1961)" baseAuthorityName="Smith" baseAuthorityYear="1961" box="[516,813,1785,1812]" genus="Pelontrus" kingdom="Animalia" pageId="64" pageNumber="65" rank="species" species="morgansi">
<emphasis box="[516,649,1786,1811]" italics="true" pageId="64" pageNumber="65">P. morgansi</emphasis>
(
<bibRefCitation author="Smith, J. L. B." box="[665,805,1785,1812]" pageId="64" pageNumber="65" pagination="359 - 369" refId="ref75012" refString="Smith, J. L. B. (1961) Fishes of the family Anthiidae from the western Indian Ocean and the Red Sea. Ichthyological Bulletin, Department of Ichthyology, Rhodes University, 21, 359 - 369, pls. 34 - 35." type="journal article" year="1961">Smith, 1961</bibRefCitation>
)
</taxonomicName>
from east Africa. However, the species is clearly more closely related to 
<taxonomicName box="[350,462,1822,1847]" class="Actinopterygii" family="Serranidae" genus="Plectranthias" kingdom="Animalia" order="Perciformes" pageId="64" pageNumber="65" phylum="Chordata" rank="species" species="inermis">
<emphasis box="[350,462,1822,1847]" italics="true" pageId="64" pageNumber="65">P. inermis</emphasis>
</taxonomicName>
, having similar meristic and morphometric details, an elongate third dorsal spine bearing a pennant-like filament, and weak serrations on the preopercle. The two species differ in live coloration details (cf. 
<figureCitation box="[197,335,1893,1919]" captionStart="FIGURE 23" captionStartId="65.[151,250,1797,1821]" captionTargetBox="[151,1436,561,1774]" captionTargetId="figure-159@65.[151,1436,561,1774]" captionTargetPageId="65" captionText="FIGURE 23. Plectranthias inermis: A) live aquarium specimen (not retained); B) WAM P.26125-008, 25.5 mm SL, paratype, preserved, Flying Fish Cove, Christmas Island, Indian Ocean, Australia. Photos by Y.K. Tea (A) and A.C. Gill (B)." figureDoi="http://doi.org/10.5281/zenodo.4471971" httpUri="https://zenodo.org/record/4471971/files/figure.png" pageId="64" pageNumber="65">Figures 23A</figureCitation>
and 
<figureCitation box="[391,423,1893,1919]" captionStart="FIGURE 24" captionStartId="66.[151,250,1085,1109]" captionTargetBox="[151,1436,237,1062]" captionTargetId="figure-47@66.[151,1436,237,1062]" captionTargetPageId="66" captionText="FIGURE 24. Plectranthias altipinnatus, aquarium specimen from Izu Peninsula, Japan. Photo by Y.K. Tea." figureDoi="http://doi.org/10.5281/zenodo.4471975" httpUri="https://zenodo.org/record/4471975/files/figure.png" pageId="64" pageNumber="65">24</figureCitation>
): 
<taxonomicName box="[443,555,1894,1919]" class="Actinopterygii" family="Serranidae" genus="Plectranthias" kingdom="Animalia" order="Perciformes" pageId="64" pageNumber="65" phylum="Chordata" rank="species" species="inermis">
<emphasis box="[443,555,1894,1919]" italics="true" pageId="64" pageNumber="65">P. inermis</emphasis>
</taxonomicName>
has a red and white checkered pattern on the body, with the pattern extending on to the posterior abdomen, anal-fin base and caudal peduncle; in contrast, in 
<taxonomicName authorityName="Katayama &amp; Masuda" authorityYear="1980" box="[1058,1221,1929,1955]" class="Actinopterygii" family="Serranidae" genus="Plectranthias" kingdom="Animalia" order="Perciformes" pageId="64" pageNumber="65" phylum="Chordata" rank="species" species="altipinnatus">
<emphasis box="[1058,1221,1929,1955]" italics="true" pageId="64" pageNumber="65">P. altipinnatus</emphasis>
</taxonomicName>
, the upper body is mostly red, from which extend 4–5 short red to yellow bars, with five short red bars ventrally (one on mid-abdomen, one near the anal-fin origin, one near the anal-fin termination, and two on the caudal peduncle). However, a detailed morphological comparison of the two nominal species is required. We have not attempted such a comparison in the present study.
</paragraph>
</subSubSection>
<subSubSection pageId="65" pageNumber="66" type="description">
<paragraph blockId="65.[151,1437,151,537]" pageId="65" pageNumber="66">
We add the following new observations for 
<taxonomicName box="[671,780,223,248]" class="Actinopterygii" family="Serranidae" genus="Plectranthias" kingdom="Animalia" order="Perciformes" pageId="65" pageNumber="66" phylum="Chordata" rank="species" species="inermis">
<emphasis box="[671,780,223,248]" italics="true" pageId="65" pageNumber="66">P. inermis</emphasis>
</taxonomicName>
: scales with peripheral cteni; vertebrae 10+16; supraneurals 3; predorsal formula 0/0+0/2/1+1; dorsal pterygiophores in interneural spaces 9–13 1/1/1+1/1/1+1, 1/1/1+1/1+1/1+1 or 1/1/1+1/1+1/1+1+1; no trisegmental pterygiophores associated with dorsal fin; terminal dorsal pterygiophore in interneural space 18; no trisegmental pterygiophores associated with anal fin; terminal anal pterygiophore in interhaemal space 4–5; ribs present on vertebrae 3 through 10; epineurals present on vertebrae 1 through 11; parhypural and hypurals autogenous (
<figureCitation box="[449,570,402,429]" captionStart="FIGURE 5" captionStartId="7.[151,250,1865,1889]" captionTargetBox="[180,1407,1030,1841]" captionTargetId="figure-60@7.[180,1407,1030,1841]" captionTargetPageId="7" captionText="FIGURE 5. Caudal skeletons of A) Plectranthias inermis, AMS I.45300-250, 28.0 mm SL, showing autogenous hypurals 1 and 2; B) P. longimanus, AMS I.22613-052, 20.3 mm SL, showing undifferentiated hypurals 1 and 2. Abbreviations: EP1–3, epurals 1–3; HSP, haemal spines; HYP1–5, hypurals 1 through 5; HYPAP, hypurapophysis; NSP, neural spines; PARHYP, parhypural; PU2–3, preural centrum 2 and 3; UR, uroneural. Cartilage shown in dark grey; arrows indicate outer principal caudal rays; scale bars = 1 mm. Illustrations by A.C. Gill." figureDoi="http://doi.org/10.5281/zenodo.4471932" httpUri="https://zenodo.org/record/4471932/files/figure.png" pageId="65" pageNumber="66">Figure 5A</figureCitation>
); well-developed hypurapophysis on parhypural; epurals 3; single uroneural (posterior uroneural absent); ventral tip of cleithrum with well-developed posteroventral process; proximal tip of first anal-fin pterygiophore near distal tips of parapophyses on vertebra 10.
</paragraph>
<paragraph blockId="65.[151,1437,151,537]" box="[199,737,511,537]" pageId="65" pageNumber="66">
Morphometric data are summarised in 
<tableCitation box="[633,733,511,537]" captionStart="TABLE 24" captionStartId="60.[151,239,613,639]" captionText="TABLE 24. Morphometric values for examined specimens of Plectranthias fourmanoiri, P. inermis, P. longimanus, P. nanus and P. winniensis expressed as percentages of SL." pageId="65" pageNumber="66">Table 24</tableCitation>
.
</paragraph>
</subSubSection>
<caption ID-DOI="http://doi.org/10.5281/zenodo.4471971" ID-Zenodo-Dep="4471971" httpUri="https://zenodo.org/record/4471971/files/figure.png" pageId="65" pageNumber="66" startId="65.[151,250,1797,1821]" targetBox="[151,1436,561,1774]" targetPageId="65">
<paragraph blockId="65.[151,1436,1797,1858]" pageId="65" pageNumber="66">
<emphasis bold="true" box="[151,288,1797,1821]" pageId="65" pageNumber="66">FIGURE 23.</emphasis>
<taxonomicName box="[295,514,1797,1821]" class="Actinopterygii" family="Serranidae" genus="Plectranthias" kingdom="Animalia" order="Perciformes" pageId="65" pageNumber="66" phylum="Chordata" rank="species" species="inermis">
<emphasis box="[295,514,1797,1821]" italics="true" pageId="65" pageNumber="66">Plectranthias inermis</emphasis>
</taxonomicName>
: A) live aquarium specimen (not retained); B) WAM P.26125-008, 25.5 mm SL, paratype, preserved, Flying Fish Cove, Christmas Island, Indian Ocean, Australia. Photos by Y.K. Tea (A) and A.C. Gill (B).
</paragraph>
</caption>
<subSubSection lastPageId="66" lastPageNumber="67" pageId="65" pageNumber="66" type="materials_examined">
<paragraph blockId="65.[151,1437,1903,2040]" lastBlockId="66.[151,1436,150,213]" lastPageId="66" lastPageNumber="67" pageId="65" pageNumber="66">
<emphasis bold="true" box="[199,537,1903,1930]" pageId="65" pageNumber="66">Material examined. No data.</emphasis>
<materialsCitation collectionCode="AMS" country="Christmas Island" location="Christmas Island" pageId="65" pageNumber="66" specimenCount="1">
<collectionCode box="[542,603,1904,1930]" pageId="65" pageNumber="66">AMS</collectionCode>
I.45300-250, 2: 28.0–30.0 mm SL (cleared and stained), no data (ex-aquarium specimens). 
<emphasis bold="true" box="[348,688,1939,1966]" pageId="65" pageNumber="66">
<collectingCountry box="[348,559,1939,1966]" name="Christmas Island" pageId="65" pageNumber="66">Christmas Island</collectingCountry>
, 
<collectingCountry box="[574,688,1939,1965]" name="Australia" pageId="65" pageNumber="66">Australia</collectingCountry>
</emphasis>
</materialsCitation>
<emphasis bold="true" box="[688,693,1939,1965]" pageId="65" pageNumber="66">.</emphasis>
<materialsCitation collectionCode="WAM" country="Christmas Island" elevation="60" latitude="-10.483334" location="Flying Fish Cove" longLatPrecision="1298" longitude="105.666664" pageId="65" pageNumber="66" specimenCount="1" typeStatus="paratype">
<collectionCode box="[703,771,1940,1966]" country="Australia" httpUri="http://biocol.org/urn:lsid:biocol.org:col:34981" lsid="urn:lsid:biocol.org:col:34981" name="Western Australian Museum" pageId="65" pageNumber="66" type="Museum">WAM</collectionCode>
P.26125-008, 
<quantity box="[940,1044,1939,1966]" metricMagnitude="-2" metricUnit="m" metricValue="2.55" pageId="65" pageNumber="66" unit="mm" value="25.5">25.5 mm</quantity>
SL (
<typeStatus box="[1103,1205,1940,1966]" pageId="65" pageNumber="66">paratype</typeStatus>
), 
<location LSID="urn:lsid:plazi:treatment:335587B2C4171C4CFF28F932FD54FF0C:BE23607FC4161C4FFB73FDE4FA7DF877" box="[1228,1432,1940,1966]" country="Christmas Island" latitude="-10.483334" longLatPrecision="1298" longitude="105.666664" name="Flying Fish Cove" pageId="65" pageNumber="66">Flying Fish Cove</location>
, 
<geoCoordinate box="[151,242,1977,2004]" degrees="10" direction="south" minutes="29" orientation="latitude" pageId="65" pageNumber="66" precision="925" value="-10.483334">10°29′S</geoCoordinate>
, 
<geoCoordinate box="[257,364,1977,2004]" degrees="105" direction="east" minutes="40" orientation="longitude" pageId="65" pageNumber="66" precision="925" value="105.666664">105°40′E</geoCoordinate>
, 
<quantity box="[378,482,1975,2002]" metricMagnitude="1" metricUnit="m" metricValue="6.0" metricValueMax="6.5" metricValueMin="5.5" pageId="65" pageNumber="66" unit="m" value="60.0" valueMax="65.0" valueMin="55.0">
<elevation box="[378,482,1975,2002]" metricMagnitude="1" metricUnit="m" metricValue="6.0" metricValueMax="6.5" metricValueMin="5.5" pageId="65" pageNumber="66" unit="m" value="60.0" valueMax="65.0" valueMin="55.0">55–65 m</elevation>
</quantity>
, G
</materialsCitation>
. 
<materialsCitation box="[523,619,1976,2002]" collectionCode="R" country="Christmas Island" location="Allen" pageId="65" pageNumber="66" specimenCount="1" typeStatus="paratype">
<collectionCode box="[523,545,1976,2002]" country="Chile" name="Departamento de Geologia, Universidad de Chile" pageId="65" pageNumber="66">R</collectionCode>
. 
<location LSID="urn:lsid:plazi:treatment:335587B2C4171C4CFF28F932FD54FF0C:BE23607FC4161C4FFD92FDC8FD8EF80B" box="[557,619,1976,2002]" country="Christmas Island" name="Allen" pageId="65" pageNumber="66">Allen</location>
</materialsCitation>
&amp; 
<materialsCitation box="[661,1095,1975,2002]" collectingDate="1978-04-12" collectionCode="R" country="Indonesia" location="Steene" pageId="65" pageNumber="66" specimenCount="1" typeStatus="paratype">
<collectionCode box="[661,683,1976,2002]" country="Chile" name="Departamento de Geologia, Universidad de Chile" pageId="65" pageNumber="66">R</collectionCode>
.C. 
<location LSID="urn:lsid:plazi:treatment:335587B2C4171C4CFF28F932FD54FF0C:BE23607FC4161C4FFD6DFDC8FCFAF80B" box="[722,799,1976,2002]" country="Indonesia" name="Steene" pageId="65" pageNumber="66">Steene</location>
, 
<date box="[813,962,1976,2002]" pageId="65" pageNumber="66" value="1978-04-12">
<collectingDate box="[813,962,1976,2002]" pageId="65" pageNumber="66" value="1978-04-12">12 Apr 1978</collectingDate>
</date>
. 
<collectingCountry box="[976,1095,1975,2001]" name="Indonesia" pageId="65" pageNumber="66">
<emphasis bold="true" box="[976,1095,1975,2001]" pageId="65" pageNumber="66">Indonesia</emphasis>
</collectingCountry>
</materialsCitation>
<emphasis bold="true" box="[1094,1099,1975,2001]" pageId="65" pageNumber="66">.</emphasis>
<materialsCitation collectionCode="AMS" country="Indonesia" county="Panda Reef" elevation="30" latitude="-8.43" location="Flores" longLatPrecision="129" longitude="122.32833" municipality="Bisar" pageId="65" pageNumber="66" specimenCount="1" typeStatus="paratype">
<collectionCode box="[1109,1170,1976,2002]" pageId="65" pageNumber="66">AMS</collectionCode>
I.34500-045, 
<quantity box="[1334,1437,1976,2002]" metricMagnitude="-2" metricUnit="m" metricValue="2.08" pageId="65" pageNumber="66" unit="mm" value="20.8">20.8 mm</quantity>
SL, 
<location LSID="urn:lsid:plazi:treatment:335587B2C4171C4CFF28F932FD54FF0C:BE23607FC4161C4FFF79FDACFEEAF82F" box="[198,271,2012,2038]" country="Indonesia" county="Panda Reef" latitude="-8.43" longLatPrecision="129" longitude="122.32833" municipality="Bisar" name="Flores" pageId="65" pageNumber="66">Flores</location>
, west-nor-west side of 
<collectingMunicipality box="[529,590,2012,2038]" pageId="65" pageNumber="66">Bisar</collectingMunicipality>
, 
<collectingCounty box="[601,733,2012,2038]" pageId="65" pageNumber="66">Panda Reef</collectingCounty>
, 
<geoCoordinate box="[744,842,2013,2040]" degrees="8" direction="south" minutes="25.8" orientation="latitude" pageId="65" pageNumber="66" precision="92" value="-8.43">8°25.8′S</geoCoordinate>
, 
<geoCoordinate box="[854,982,2013,2040]" degrees="122" direction="east" minutes="19.7" orientation="longitude" pageId="65" pageNumber="66" precision="92" value="122.32833">122°19.7′E</geoCoordinate>
, 
<quantity box="[993,1094,2012,2038]" metricMagnitude="1" metricUnit="m" metricValue="2.95" metricValueMax="3.0" metricValueMin="2.9" pageId="65" pageNumber="66" unit="m" value="29.5" valueMax="30.0" valueMin="29.0">
<elevation box="[993,1094,2012,2038]" metricMagnitude="1" metricUnit="m" metricValue="2.95" metricValueMax="3.0" metricValueMin="2.9" pageId="65" pageNumber="66" unit="m" value="29.5" valueMax="30.0" valueMin="29.0">29–30 m</elevation>
</quantity>
</materialsCitation>
, 
<materialsCitation box="[1105,1432,2012,2038]" collectingDate="1993-11-24" collectionCode="T" country="Indonesia" location="Trnski" pageId="65" pageNumber="66" specimenCount="1" typeStatus="paratype">
<collectionCode box="[1105,1123,2012,2038]" name="Tavera, Department of Geology and Geophysics" pageId="65" pageNumber="66">T</collectionCode>
. 
<location LSID="urn:lsid:plazi:treatment:335587B2C4171C4CFF28F932FD54FF0C:BE23607FC4161C4FFBD1FDACFB53F82F" box="[1134,1206,2012,2038]" country="Indonesia" name="Trnski" pageId="65" pageNumber="66">Trnski</location>
<emphasis box="[1213,1269,2012,2038]" italics="true" pageId="65" pageNumber="66">et al.</emphasis>
, 
<date box="[1283,1432,2012,2038]" pageId="65" pageNumber="66" value="1993-11-24">
<collectingDate box="[1283,1432,2012,2038]" pageId="65" pageNumber="66" value="1993-11-24">24 Nov 1993</collectingDate>
</date>
</materialsCitation>
. 
<materialsCitation collectingDate="1992-10-22" collectionCode="NTM" collectorName="H. K. Larson &amp; M. Jebb" country="Papua New Guinea" elevation="31" latitude="-5.15" location="Wongat Island" longLatPrecision="1305" longitude="145.8" pageId="66" pageNumber="67" specimenCount="1" stateProvince="Madang">
<emphasis bold="true" box="[151,388,150,177]" pageId="66" pageNumber="67">
<collectingCountry box="[151,383,150,177]" name="Papua New Guinea" pageId="66" pageNumber="67">Papua New Guinea</collectingCountry>
.
</emphasis>
<collectionCode box="[395,457,151,177]" country="Australia" httpUri="http://grbio.org/cool/jg13-7fbc" name="Northern Territory Museum of Arts and Sciences" pageId="66" pageNumber="67">NTM</collectionCode>
S.13687-015, 7: 19.1–32.0 mm SL, 
<collectingRegion box="[866,961,151,177]" country="Papua New Guinea" name="Madang" pageId="66" pageNumber="67">Madang</collectingRegion>
, reef off 
<location LSID="urn:lsid:plazi:treatment:335587B2C4171C4CFF28F932FD54FF0C:BE23607FC4151C4CFB9BFAE7FB2CFF68" box="[1060,1225,151,177]" country="Papua New Guinea" latitude="-5.15" longLatPrecision="1305" longitude="145.8" name="Wongat Island" pageId="66" pageNumber="67" stateProvince="Madang">Wongat Island</location>
, 
<geoCoordinate box="[1236,1313,152,179]" degrees="5" direction="south" minutes="09" orientation="latitude" pageId="66" pageNumber="67" precision="925" value="-5.15">5°09′S</geoCoordinate>
, 
<geoCoordinate box="[1325,1432,152,179]" degrees="145" direction="east" minutes="48" orientation="longitude" pageId="66" pageNumber="67" precision="925" value="145.8">145°48′E</geoCoordinate>
, 
<quantity box="[151,252,187,213]" metricMagnitude="1" metricUnit="m" metricValue="3.05" metricValueMax="3.2" metricValueMin="2.9" pageId="66" pageNumber="67" unit="m" value="30.5" valueMax="32.0" valueMin="29.0">
<elevation box="[151,252,187,213]" metricMagnitude="1" metricUnit="m" metricValue="3.05" metricValueMax="3.2" metricValueMin="2.9" pageId="66" pageNumber="67" unit="m" value="30.5" valueMax="32.0" valueMin="29.0">29–32 m</elevation>
</quantity>
, 
<collectorName box="[264,403,187,213]" pageId="66" pageNumber="67">H.K. Larson</collectorName>
&amp; 
<collectorName box="[439,532,187,213]" pageId="66" pageNumber="67">M. Jebb</collectorName>
, 
<date box="[543,685,187,213]" pageId="66" pageNumber="67" value="1992-10-22">
<collectingDate box="[543,685,187,213]" pageId="66" pageNumber="67" value="1992-10-22">22 Oct 1992</collectingDate>
</date>
</materialsCitation>
.
</paragraph>
</subSubSection>
</treatment>
</document>