<document ID-DOI="http://doi.org/10.5281/zenodo.4474419" ID-GBIF-Dataset="1e6b9c6c-c1ae-43ed-8417-70324a727566" ID-ISSN="1175-5326" ID-Zenodo-Dep="4474419" ID-ZooBank="3FEF9EA2-B755-4B22-8B6A-FAFC5C0FFCDF" _generate="added" approvalRequired="80" approvalRequired_for_bibRefs="2" approvalRequired_for_illustrations="40" approvalRequired_for_taxonomicNames="30" approvalRequired_for_treatments="8" checkinTime="1611651206508" checkinUser="plazi" docAuthor="Gill, Anthony C., Pogonoski, John J., Moore, Glenn I. &amp; Johnson, Jeffrey W." docDate="2021" docId="335587B2C43F1C64FF28FC67FAA7FD2B" docLanguage="en" docName="zootaxa.4918.1.1.pdf" docOrigin="Zootaxa 4918 (1)" docStyle="DocumentStyle:5EBBA59367AD13919D70D935FA04F6A3.5:Zootaxa.2013.monograph" docStyleId="5EBBA59367AD13919D70D935FA04F6A3" docStyleName="Zootaxa.2013.monograph" docStyleVersion="5" docTitle="Selenanthias analis Tanaka" docType="treatment" docVersion="8" lastPageId="106" lastPageNumber="107" masterDocId="CF6CFFCAC4571C0EFFBFFA70FFE5FFD9" masterDocTitle="Review of Australian species of Plectranthias Bleeker and Selenanthias Tanaka (Teleostei: Serranidae: Anthiadinae), with descriptions of four new species" masterLastPageNumber="116" masterPageNumber="1" pageId="104" pageNumber="105" updateTime="1611781754199" updateUser="ExternalLinkService">
<mods:mods xmlns:mods="http://www.loc.gov/mods/v3">
<mods:titleInfo>
<mods:title>Review of Australian species of Plectranthias Bleeker and Selenanthias Tanaka (Teleostei: Serranidae: Anthiadinae), with descriptions of four new species</mods:title>
</mods:titleInfo>
<mods:name type="personal">
<mods:role>
<mods:roleTerm>Author</mods:roleTerm>
</mods:role>
<mods:namePart>Gill, Anthony C.</mods:namePart>
<mods:nameIdentifier type="ORCID">0000-0002-8990-3657</mods:nameIdentifier>
<mods:nameIdentifier type="email">anthony.c.gill@sydney.edu.au</mods:nameIdentifier>
</mods:name>
<mods:name type="personal">
<mods:role>
<mods:roleTerm>Author</mods:roleTerm>
</mods:role>
<mods:namePart>Pogonoski, John J.</mods:namePart>
<mods:nameIdentifier type="ORCID">0000-0002-4878-3919</mods:nameIdentifier>
<mods:nameIdentifier type="email">john.pogonoski@csiro.au</mods:nameIdentifier>
</mods:name>
<mods:name type="personal">
<mods:role>
<mods:roleTerm>Author</mods:roleTerm>
</mods:role>
<mods:namePart>Moore, Glenn I.</mods:namePart>
<mods:nameIdentifier type="ORCID">0000-0003-2413-5260</mods:nameIdentifier>
<mods:nameIdentifier type="email">moore@museum.wa.gov.au</mods:nameIdentifier>
</mods:name>
<mods:name type="personal">
<mods:role>
<mods:roleTerm>Author</mods:roleTerm>
</mods:role>
<mods:namePart>Johnson, Jeffrey W.</mods:namePart>
<mods:nameIdentifier type="ORCID">0000-0002-8990-3657</mods:nameIdentifier>
<mods:nameIdentifier type="email">anthony.c.gill@sydney.edu.au</mods:nameIdentifier>
</mods:name>
<mods:typeOfResource>text</mods:typeOfResource>
<mods:relatedItem type="host">
<mods:titleInfo>
<mods:title>Zootaxa</mods:title>
</mods:titleInfo>
<mods:part>
<mods:date>2021</mods:date>
<mods:detail type="pubDate">
<mods:number>2021-01-26</mods:number>
</mods:detail>
<mods:detail type="volume">
<mods:number>4918</mods:number>
</mods:detail>
<mods:detail type="issue">
<mods:number>1</mods:number>
</mods:detail>
<mods:extent unit="page">
<mods:start>1</mods:start>
<mods:end>116</mods:end>
</mods:extent>
</mods:part>
</mods:relatedItem>
<mods:classification>journal article</mods:classification>
<mods:identifier type="DOI">https://doi.org/10.11646/zootaxa.4918.1.1</mods:identifier>
<mods:identifier type="GBIF-Dataset">1e6b9c6c-c1ae-43ed-8417-70324a727566</mods:identifier>
<mods:identifier type="ISSN">1175-5326</mods:identifier>
<mods:identifier type="Zenodo-Dep">4471922</mods:identifier>
<mods:identifier type="ZooBank">3FEF9EA2-B755-4B22-8B6A-FAFC5C0FFCDF</mods:identifier>
</mods:mods>
<treatment ID-DOI="http://doi.org/10.5281/zenodo.4474419" ID-Zenodo-Dep="4474419" LSID="urn:lsid:plazi:treatment:335587B2C43F1C64FF28FC67FAA7FD2B" httpUri="http://treatment.plazi.org/id/335587B2C43F1C64FF28FC67FAA7FD2B" lastPageId="106" lastPageNumber="107" pageId="104" pageNumber="105">
<subSubSection box="[151,489,1559,1586]" pageId="104" pageNumber="105" type="nomenclature">
<paragraph blockId="104.[151,596,1559,1659]" box="[151,489,1559,1586]" pageId="104" pageNumber="105">
<heading bold="true" box="[151,489,1559,1586]" fontSize="11" level="2" pageId="104" pageNumber="105" reason="4">
<taxonomicName authority="Tanaka" authorityName="Tanaka" box="[151,489,1559,1586]" class="Actinopterygii" family="Serranidae" genus="Selenanthias" kingdom="Animalia" order="Perciformes" pageId="104" pageNumber="105" phylum="Chordata" rank="species" species="analis">
<emphasis bold="true" box="[151,489,1559,1586]" pageId="104" pageNumber="105">
<emphasis bold="true" box="[151,388,1559,1586]" italics="true" pageId="104" pageNumber="105">Selenanthias analis</emphasis>
Tanaka
</emphasis>
</taxonomicName>
</heading>
</paragraph>
</subSubSection>
<subSubSection box="[151,504,1596,1623]" pageId="104" pageNumber="105" type="description">
<paragraph blockId="104.[151,596,1559,1659]" box="[151,504,1596,1623]" pageId="104" pageNumber="105">
<figureCitation box="[151,316,1596,1623]" captionStart-0="FIGURE 44" captionStart-1="FIGURE 45" captionStartId-0="105.[151,250,1677,1701]" captionStartId-1="106.[151,250,1686,1710]" captionTargetBox-0="[158,1426,1041,1642]" captionTargetBox-1="[197,1391,780,1659]" captionTargetId-0="figure-426@105.[151,1436,1029,1653]" captionTargetId-1="figure-294@106.[193,1394,777,1663]" captionTargetPageId-0="105" captionTargetPageId-1="106" captionText-0="FIGURE 44. Selenanthias analis, CSIRO H 1036-9, 90.0 mm SL, north of Cape Lambert, Western Australia. Photo by T. Carter, CSIRO." captionText-1="FIGURE 45. Distribution records for Selenanthias barroi (closed circles; eastern-most record is type locality) and Australian S. analis (open circles)." figureDoi-0="http://doi.org/10.5281/zenodo.4472017" figureDoi-1="http://doi.org/10.5281/zenodo.4472019" httpUri-0="https://zenodo.org/record/4472017/files/figure.png" httpUri-1="https://zenodo.org/record/4472019/files/figure.png" pageId="104" pageNumber="105">Figures 44–45</figureCitation>
; 
<tableCitation box="[326,464,1596,1622]" captionStart-0="TABLE 1" captionStart-1="TABLE 2" captionStart-10="TABLE 11" captionStart-11="TABLE 12" captionStart-12="TABLE 13" captionStart-13="TABLE 14" captionStart-14="TABLE 15" captionStart-15="TABLE 16" captionStart-16="TABLE 17" captionStart-2="TABLE 3" captionStart-3="TABLE 4" captionStart-4="TABLE 5" captionStart-5="TABLE 6" captionStart-6="TABLE 7" captionStart-7="TABLE 8" captionStart-8="TABLE 9" captionStart-9="TABLE 10" captionStartId-0="8.[151,239,520,546]" captionStartId-1="9.[151,239,566,592]" captionStartId-10="20.[151,239,540,566]" captionStartId-11="21.[151,239,542,568]" captionStartId-12="22.[151,239,484,510]" captionStartId-13="24.[151,239,462,488]" captionStartId-14="26.[151,239,559,585]" captionStartId-15="27.[151,239,486,512]" captionStartId-16="28.[151,239,151,175]" captionStartId-2="10.[151,239,538,564]" captionStartId-3="11.[151,239,558,584]" captionStartId-4="12.[151,239,538,564]" captionStartId-5="13.[151,239,487,513]" captionStartId-6="14.[151,239,151,175]" captionStartId-7="15.[151,239,522,548]" captionStartId-8="17.[151,239,519,545]" captionStartId-9="19.[151,239,872,896]" captionText-0="TABLE 1. Frequency distributions for counts of dorsal, anal and pectoral rays of Australian Plectranthias and Selenanthias species. Frequencies are based on examined specimens. Frequencies for pectoral rays include bilateral counts. “L” indicates additional variation noted in literature on each species. Data for S. analis based on Australian specimens only." captionText-1="TABLE 2. Frequency distributions for counts of caudal rays of Australian Plectranthias and Selenanthias species. Data for S. analis based on Australian specimens only." captionText-10="TABLE 11. Summary of fin characters of Australian Plectranthias and Selenanthias species. Data for S. analis based on Australian specimens only. Caudal ray counts are presented as upper procurrent + upper principal + lower principal + lower procurrent = total rays." captionText-11="TABLE 12. Summary of body squamation characters for Australian species of Plectranthias and Selenanthias. Data for S. analis based on Australian specimens only." captionText-12="TABLE 13. Summary of selected head squamation characters for Australian species of Plectranthias and Selenanthias. Data for S. analis based on Australian specimens only." captionText-13="TABLE 14. Summary of gill-raker counts and selected osteological characters for Australian species of Plectranthias and Selenanthias. Data for S. analis based on Australian specimens only." captionText-14="TABLE 15. Summary of head serration characters for Australian species of Plectranthias and Selenanthias. Data for S. analis based on Australian specimens only." captionText-15="TABLE 16. Distribution and known depth ranges for Australian species of Plectranthias and Selenanthias. Data for Plectranthias species are from Allen &amp; Walsh (2015: tab. 1), supplemented with new observations." captionText-16="TABLE 17. Barcode of Life Data System (BOLD) registration numbers for COI sequences of specimens of Plectranthias and Selenanthias referred to in this paper." captionText-2="TABLE 3. Frequency distributions for counts of upper and lower gill rakers of Australian Plectranthias and Selenanthias species. “L” indicates additional variation noted in literature on each species. Data for S. analis based on Australian specimens only." captionText-3="TABLE 4. Frequency distributions for counts of total gill rakers of Australian Plectranthias and Selenanthias species. “L” indicates additional variation noted in literature on each species. Data for S. analis based on Australian specimens only." captionText-4="TABLE 5. Vertebral counts for Australian Plectranthias and Selenanthias species. “L” indicates additional variation noted in literature on each species. Data for S. analis based on Australian specimens only." captionText-5="TABLE 6. Supraneural and dorsal pterygiophore insertion patterns for Australian Plectranthias and Selenanthias species." captionText-6="TABLE 7. Position of terminal dorsal and anal pterygiophores in interneural and interhaemal spaces for Australian Plectranthias and Selenanthias species." captionText-7="TABLE 8. Frequency distributions for counts of tubed lateral-line scales of Australian Plectranthias and Selenanthias species. Frequencies are based on examined specimens and include bilateral counts. Where series are interrupted in P. inermis, P. fourmanoiri and P. winniensis, counts are of the anterior series of tubed scales. “L” indicates additional variation noted in literature on each species. Data for S. analis based only on Australian specimens." captionText-8="TABLE 9. Frequency distributions for counts of scales above and below the lateral line for Australian Plectranthias and Selenanthias species. Frequencies include bilateral counts. Data for S. analis based only on Australian specimens." captionText-9="TABLE 10. Frequency distributions for counts of circumpeduncular scales for Australian Plectranthias and Selenanthias species. Data for S. analis based only on Australian specimens." pageId="104" pageNumber="105">Tables 1–17</tableCitation>
, 
<tableCitation box="[476,504,1596,1622]" captionStart="TABLE 30" captionStartId="109.[151,239,368,392]" captionText="TABLE 30. Morphometric values for Australian specimens of Selenanthias analis and S. barroi expressed as percentages of SL. * indicates where a measurement could not be made, owing to damage." pageId="104" pageNumber="105">30</tableCitation>
</paragraph>
</subSubSection>
<subSubSection box="[151,596,1632,1659]" pageId="104" pageNumber="105" type="vernacular_names">
<paragraph blockId="104.[151,596,1559,1659]" box="[151,596,1632,1659]" pageId="104" pageNumber="105">Common name: Pearlspot Fairy Basslet</paragraph>
</subSubSection>
<subSubSection pageId="104" pageNumber="105" type="reference_group">
<paragraph blockId="104.[151,1436,1700,1817]" pageId="104" pageNumber="105">
<treatmentCitationGroup pageId="104" pageNumber="105">
<taxonomicName authority="Tanaka 1918: 516" authorityName="Tanaka" authorityPageNumber="516" authorityYear="1918" box="[151,544,1700,1725]" class="Actinopterygii" family="Serranidae" genus="Selenanthias" kingdom="Animalia" order="Perciformes" pageId="104" pageNumber="105" phylum="Chordata" rank="species" species="analis">
<treatmentCitation author="Tanaka, S." box="[151,544,1700,1725]" page="516" pageId="104" pageNumber="105" year="1918">
<emphasis box="[151,350,1700,1724]" italics="true" pageId="104" pageNumber="105">Selenanthias analis</emphasis>
<bibRefCitation author="Tanaka, S." box="[358,544,1700,1725]" pageId="104" pageNumber="105" pagination="138 - 139" refId="ref75297" refString="Tanaka, S. (1918) Figures and Descriptions of the Fishes of Japan Including Riukiu Islands, Bonin Islands, Formosa, Kurile Islands, Korea, and Southern Sakhalin. Vol. 29. Daichi Shoin, Tokyo, pp. 515 - 538, pls. 138 - 139." type="book chapter" year="1918">Tanaka 1918: 516</bibRefCitation>
</treatmentCitation>
</taxonomicName>
, pl. 138, fig. 385 (
<typeStatus box="[737,782,1701,1725]" pageId="104" pageNumber="105">type</typeStatus>
locality: Tokyo market).— 
<bibRefCitation author="Gloerfelt-Tarp, T. &amp; Kailola, P. J." box="[1060,1432,1700,1725]" pageId="104" pageNumber="105" refId="ref71366" refString="Gloerfelt-Tarp, T. &amp; Kailola, P. J. (1984) Trawled Fishes of Southern Indonesia and Northwest Australia. The Australian Development Assistance Bureau, Sydney, The Directorate General of Fisheries, Jakarta and The German Agency for Technical Cooperation, Eschborn, 406 pp." type="book" year="1984">
<treatmentCitation author="Gloerfelt-Tarp, T. &amp; Kailola, P. J." box="[1060,1432,1700,1725]" page="138" pageId="104" pageNumber="105" year="1984">Gloerfelt-Tarp &amp; Kailola 1984: 138</treatmentCitation>
</bibRefCitation>
, 326 (colour photo, diagnosis, northwestern 
<collectingCountry box="[644,739,1731,1755]" name="Australia" pageId="104" pageNumber="105">Australia</collectingCountry>
).— 
<bibRefCitation author="Paxton, J. R. &amp; Hoese, D. F. &amp; Allen, G. R. &amp; Hanley, J. E." box="[776,1017,1731,1755]" pageId="104" pageNumber="105" refId="ref73693" refString="Paxton, J. R., Hoese, D. F., Allen, G. R. &amp; Hanley, J. E. (1989) Zoological Catalogue of Australia. Volume 7. Pisces: Petromyzontidae to Carangidae. Australian Government Publishing Service, Canberra, 665 pp." type="book" year="1989">
<treatmentCitation author="Paxton, J. R. &amp; Hoese, D. F. &amp; Allen, G. R. &amp; Hanley, J. E." box="[776,1017,1731,1755]" page="507" pageId="104" pageNumber="105" year="1989">
Paxton 
<emphasis box="[855,908,1731,1755]" italics="true" pageId="104" pageNumber="105">et al.</emphasis>
1989: 507
</treatmentCitation>
</bibRefCitation>
(checklist).— 
<bibRefCitation author="Hutchins, J. B." box="[1161,1353,1731,1755]" pageId="104" pageNumber="105" pagination="9 - 50" refId="ref71998" refString="Hutchins, J. B. (2001) Checklist of the fishes of Western Australia. Records of the Western Australian Museum Supplement, 63, 9 - 50. https: // doi. org / 10.18195 / issn. 0313 - 122 x. 63.2001.009 - 050" type="journal article" year="2001">
<treatmentCitation author="Hutchins, J. B." box="[1161,1353,1731,1755]" page="30" pageId="104" pageNumber="105" year="2001">Hutchins 2001: 30</treatmentCitation>
</bibRefCitation>
(checklist).— 
<bibRefCitation author="Allen, G. R. &amp; Hoese, D. F. &amp; Cross, N. J. &amp; Bray, D. J." box="[268,499,1762,1786]" pageId="104" pageNumber="105" pagination="982 - 997" refId="ref69597" refString="Allen, G. R., Hoese, D. F., Cross, N. J. &amp; Bray, D. J. (2006) Anthiinae. Basslets, seaperches. In: Beesley, P. L. &amp; Wells, A., Zoological Catalogue of Australia. Vol. 35. Fishes. Part 2. ABRS &amp; CSIRO Publishing, Collingwood, pp. 982 - 997." type="book chapter" year="2006">
<treatmentCitation author="Allen, G. R. &amp; Hoese, D. F. &amp; Cross, N. J. &amp; Bray, D. J." box="[268,499,1762,1786]" page="996" pageId="104" pageNumber="105" year="2006">
Allen 
<emphasis box="[335,388,1762,1786]" italics="true" pageId="104" pageNumber="105">et al.</emphasis>
2006: 996
</treatmentCitation>
</bibRefCitation>
(checklist).— 
<bibRefCitation author="Larson, H. K. &amp; Williams, R. S. &amp; Hammer, M. P." box="[644,889,1762,1786]" pageId="104" pageNumber="105" pagination="1 - 293" refId="ref72963" refString="Larson, H. K., Williams, R. S. &amp; Hammer, M. P. (2013) An annotated checklist of the fishes of the Northern Territory, Australia. Zootaxa, 3696 (1), 1 - 293. https: // doi. org / 10.11646 / zootaxa. 3696.1.1" type="journal article" year="2013">
<treatmentCitation author="Larson, H. K. &amp; Williams, R. S. &amp; Hammer, M. P." box="[644,889,1762,1786]" page="103" pageId="104" pageNumber="105" year="2013">
Larson 
<emphasis box="[724,777,1762,1786]" italics="true" pageId="104" pageNumber="105">et al.</emphasis>
2013: 103
</treatmentCitation>
</bibRefCitation>
(checklist, 
<collectingRegion box="[1010,1202,1762,1786]" country="Australia" name="Northern Territory" pageId="104" pageNumber="105">Northern Territory</collectingRegion>
).— 
<bibRefCitation author="Anderson, W. D. Jr" box="[1238,1436,1762,1786]" pageId="104" pageNumber="105" pagination="1 - 62" refId="ref70044" refString="Anderson, W. D. Jr (2018) Annotated checklist of anthiadine fishes (Percoidei: Serranidae). Zootaxa, 4475 (1), 1 - 62. https: // doi. org / 10.11646 / zootaxa. 4475.1.1" type="journal article" year="2018">
<treatmentCitation author="Anderson, W. D. Jr" box="[1238,1436,1762,1786]" httpUri="http://treatment.plazi.org/id/03FC347CFFFCFFE7FF5AF9D3BE1FF89A" page="51" pageId="104" pageNumber="105" year="2018">Anderson 2018: 51</treatmentCitation>
</bibRefCitation>
(checklist). — 
<bibRefCitation author="Parenti, P. &amp; Randall, J. E." box="[344,622,1792,1817]" pageId="104" pageNumber="105" pagination="1 - 170" refId="ref73460" refString="Parenti, P. &amp; Randall, J. E. (2020) An annotated checklist of the fishes of the family Serranidae of the world with description of two new related families of fishes. FishTaxa, 15, 1 - 170." type="journal article" year="2020">
<treatmentCitation author="Parenti, P. &amp; Randall, J. E." box="[344,622,1792,1817]" page="44" pageId="104" pageNumber="105" year="2020">Parenti &amp; Randall 2020: 44</treatmentCitation>
</bibRefCitation>
(checklist).
</treatmentCitationGroup>
</paragraph>
</subSubSection>
<subSubSection pageId="104" pageNumber="105" type="diagnosis">
<paragraph blockId="104.[151,1437,1862,2033]" pageId="104" pageNumber="105">
<emphasis bold="true" box="[151,274,1862,1888]" pageId="104" pageNumber="105">Diagnosis.</emphasis>
The following characters distinguish 
<taxonomicName box="[704,802,1863,1889]" class="Actinopterygii" family="Serranidae" genus="Selenanthias" kingdom="Animalia" order="Perciformes" pageId="104" pageNumber="105" phylum="Chordata" rank="species" species="analis">
<emphasis box="[704,802,1863,1889]" italics="true" pageId="104" pageNumber="105">S. analis</emphasis>
</taxonomicName>
from congeners: dorsal fin with 16–19, usually 17 segmented dorsal-rays; lower gill rakers 19–23; males with large black blotch on soft part of anal fin.
</paragraph>
</subSubSection>
<subSubSection lastPageId="105" lastPageNumber="106" pageId="104" pageNumber="105" type="discussion">
<paragraph blockId="104.[151,1437,1862,2033]" pageId="104" pageNumber="105">
<emphasis bold="true" box="[199,315,1935,1961]" pageId="104" pageNumber="105">Remarks.</emphasis>
<taxonomicName box="[323,541,1935,1961]" class="Actinopterygii" family="Serranidae" genus="Selenanthias" kingdom="Animalia" order="Perciformes" pageId="104" pageNumber="105" phylum="Chordata" rank="species" species="analis">
<emphasis box="[323,541,1935,1961]" italics="true" pageId="104" pageNumber="105">Selenanthias analis</emphasis>
</taxonomicName>
is a relatively large anthiadine (largest specimen 
<quantity box="[1099,1193,1935,1961]" metricMagnitude="-1" metricUnit="m" metricValue="1.7" pageId="104" pageNumber="105" unit="mm" value="170.0">170 mm</quantity>
SL, 
<bibRefCitation author="Kamohara, T." box="[1247,1428,1934,1961]" pageId="104" pageNumber="105" pagination="1 - 122" refId="ref72398" refString="Kamohara, T. (1952) Revised descriptions of the offshore bottom-fishes of Prov. Tosa, Shikoku, Japan. Research Reports of the Kochi University, Natural Science, 3, 1 - 122." type="journal article" year="1952">Kamohara 1952</bibRefCitation>
) found from southern 
<collectingCountry box="[385,452,1971,1997]" name="Japan" pageId="104" pageNumber="105">Japan</collectingCountry>
, 
<collectingCountry box="[461,546,1971,1997]" name="Taiwan" pageId="104" pageNumber="105">Taiwan</collectingCountry>
, and possibly 
<collectingCountry box="[701,796,1971,1997]" name="Vietnam" pageId="104" pageNumber="105">Vietnam</collectingCountry>
and 
<collectingCountry box="[848,916,1971,1997]" name="Guam" pageId="104" pageNumber="105">Guam</collectingCountry>
(see below), as well as northwestern 
<collectingCountry box="[1327,1433,1971,1997]" name="Australia" pageId="104" pageNumber="105">Australia</collectingCountry>
. Within 
<collectingCountry box="[233,339,2007,2033]" name="Australia" pageId="104" pageNumber="105">Australia</collectingCountry>
, it is known from the North West Shelf and Arafura Sea (
<figureCitation box="[979,1093,2006,2033]" captionStart="FIGURE 45" captionStartId="106.[151,250,1686,1710]" captionTargetBox="[197,1391,780,1659]" captionTargetId="figure-294@106.[193,1394,777,1663]" captionTargetPageId="106" captionText="FIGURE 45. Distribution records for Selenanthias barroi (closed circles; eastern-most record is type locality) and Australian S. analis (open circles)." figureDoi="http://doi.org/10.5281/zenodo.4472019" httpUri="https://zenodo.org/record/4472019/files/figure.png" pageId="104" pageNumber="105">Figure 45</figureCitation>
).
</paragraph>
<paragraph blockId="105.[151,1437,151,1005]" pageId="105" pageNumber="106">
Our use of the name 
<taxonomicName box="[428,523,151,177]" class="Actinopterygii" family="Serranidae" genus="Selenanthias" kingdom="Animalia" order="Perciformes" pageId="105" pageNumber="106" phylum="Chordata" rank="species" species="analis">
<emphasis box="[428,523,151,177]" italics="true" pageId="105" pageNumber="106">S. analis</emphasis>
</taxonomicName>
is tentative, pending more complete revisionary studies of the genus. In particular, the status of 
<taxonomicName authorityName="Randall" authorityYear="1995" box="[292,394,187,213]" class="Actinopterygii" family="Serranidae" genus="Selenanthias" kingdom="Animalia" order="Perciformes" pageId="105" pageNumber="106" phylum="Chordata" rank="species" species="myersi">
<emphasis box="[292,394,187,213]" italics="true" pageId="105" pageNumber="106">S. myersi</emphasis>
</taxonomicName>
is in need of review. Randall (1995) described the species on the basis of the 
<quantity box="[1255,1355,186,213]" metricMagnitude="-2" metricUnit="m" metricValue="5.86" pageId="105" pageNumber="106" unit="mm" value="58.6">58.6 mm</quantity>
SL 
<typeStatus pageId="105" pageNumber="106">holotype</typeStatus>
from off 
<collectingCountry box="[326,424,223,249]" name="Vietnam" pageId="105" pageNumber="106">Vietnam</collectingCountry>
, two 77.1–87.0 mm SL 
<typeStatus box="[687,794,223,249]" pageId="105" pageNumber="106">paratypes</typeStatus>
from the Macclesfield Bank, South 
<collectingCountry box="[1196,1263,223,249]" name="China" pageId="105" pageNumber="106">China</collectingCountry>
Sea, and a 
<quantity metricMagnitude="-2" metricUnit="m" metricValue="6.13" pageId="105" pageNumber="106" unit="mm" value="61.3">61.3 mm</quantity>
SL 
<typeStatus box="[243,339,259,285]" pageId="105" pageNumber="106">paratype</typeStatus>
from 
<collectingCountry box="[411,482,259,285]" name="Guam" pageId="105" pageNumber="106">Guam</collectingCountry>
, 
<collectingCountry box="[495,679,259,285]" name="Northern Mariana Islands" pageId="105" pageNumber="106">Mariana Islands</collectingCountry>
. He compared it with four specimens of 
<taxonomicName box="[1145,1242,259,285]" class="Actinopterygii" family="Serranidae" genus="Selenanthias" kingdom="Animalia" order="Perciformes" pageId="105" pageNumber="106" phylum="Chordata" rank="species" species="analis">
<emphasis box="[1145,1242,259,285]" italics="true" pageId="105" pageNumber="106">S. analis</emphasis>
</taxonomicName>
, 92.0–100.0 mm SL, and differentiated it on the basis of coloration (absence versus presence of a dark spot on the anal fin), number of lower gill rakers (22 versus 19–21) and bony interorbital width (4.3–4.5 versus 
<quantity box="[1089,1217,330,357]" metricMagnitude="-2" metricUnit="m" metricValue="9.2075" metricValueMax="9.652" metricValueMin="8.763" pageId="105" pageNumber="106" unit="in" value="3.625" valueMax="3.8" valueMin="3.45">3.45–3.8 in</quantity>
HL). However, we note that dark spots are variably present or absent in our Australian specimens of 
<taxonomicName box="[1089,1187,367,393]" class="Actinopterygii" family="Serranidae" genus="Selenanthias" kingdom="Animalia" order="Perciformes" pageId="105" pageNumber="106" phylum="Chordata" rank="species" species="analis">
<emphasis box="[1089,1187,367,393]" italics="true" pageId="105" pageNumber="106">S. analis</emphasis>
</taxonomicName>
(absent in five specimens, 41.0–90.0 mm SL, and present in 
<specimenCount box="[603,754,403,429]" pageId="105" pageNumber="106" type="generic">11 specimens</specimenCount>
85.0– 
<quantity box="[823,923,402,429]" metricMagnitude="-2" metricUnit="m" metricValue="9.85" pageId="105" pageNumber="106" unit="mm" value="98.5">98.5 mm</quantity>
SL), bony interorbital widths overlap broadly with the 
<taxonomicName authorityName="Randall" authorityYear="1995" box="[249,352,439,465]" class="Actinopterygii" family="Serranidae" genus="Selenanthias" kingdom="Animalia" order="Perciformes" pageId="105" pageNumber="106" phylum="Chordata" rank="species" species="myersi">
<emphasis box="[249,352,439,465]" italics="true" pageId="105" pageNumber="106">S. myersi</emphasis>
</taxonomicName>
type specimens (9.2–10.4 % SL and 
<quantity box="[768,881,439,465]" metricMagnitude="-1" metricUnit="m" metricValue="1.0413999999999999" metricValueMax="1.0921999999999998" metricValueMin="0.9906" pageId="105" pageNumber="106" unit="in" value="4.1" valueMax="4.3" valueMin="3.9">3.9–4.3 in</quantity>
HL for our Australian 
<taxonomicName box="[1138,1234,439,465]" class="Actinopterygii" family="Serranidae" genus="Selenanthias" kingdom="Animalia" order="Perciformes" pageId="105" pageNumber="106" phylum="Chordata" rank="species" species="analis">
<emphasis box="[1138,1234,439,465]" italics="true" pageId="105" pageNumber="106">S. analis</emphasis>
</taxonomicName>
specimens versus 9.1–9.7 % SL and 
<quantity box="[356,468,474,501]" metricMagnitude="-1" metricUnit="m" metricValue="1.1176" metricValueMax="1.143" metricValueMin="1.0921999999999998" pageId="105" pageNumber="106" unit="in" value="4.4" valueMax="4.5" valueMin="4.3">4.3–4.5 in</quantity>
HL for 
<taxonomicName authorityName="Randall" authorityYear="1995" box="[555,658,475,501]" class="Actinopterygii" family="Serranidae" genus="Selenanthias" kingdom="Animalia" order="Perciformes" pageId="105" pageNumber="106" phylum="Chordata" rank="species" species="myersi">
<emphasis box="[555,658,475,501]" italics="true" pageId="105" pageNumber="106">S. myersi</emphasis>
</taxonomicName>
) and counts of lower gill rakers also overlap (19–23 versus 22). However, the situation is further complicated by the potential presence of two species in Indonesian waters: a preliminary comparison of COI sequence data for five specimens from Lombok, 
<collectingCountry box="[912,1021,547,573]" name="Indonesia" pageId="105" pageNumber="106">Indonesia</collectingCountry>
(all with dark anal-fin spots) and two specimens from Western Australia (no anal-fin spot) suggests two clades, one consisting of the Western Australian specimen and one of the Indonesian specimens, and the other consisting of the remaining Indonesian specimens. Because of this uncertainty, our account for 
<taxonomicName box="[645,741,655,681]" class="Actinopterygii" family="Serranidae" genus="Selenanthias" kingdom="Animalia" order="Perciformes" pageId="105" pageNumber="106" phylum="Chordata" rank="species" species="analis">
<emphasis box="[645,741,655,681]" italics="true" pageId="105" pageNumber="106">S. analis</emphasis>
</taxonomicName>
is based entirely on northwestern Australian specimens.
</paragraph>
</subSubSection>
<subSubSection pageId="105" pageNumber="106" type="description">
<paragraph blockId="105.[151,1437,151,1005]" pageId="105" pageNumber="106">
We add the following new observations for Australian specimens of 
<taxonomicName box="[960,1055,691,717]" class="Actinopterygii" family="Serranidae" genus="Selenanthias" kingdom="Animalia" order="Perciformes" pageId="105" pageNumber="106" phylum="Chordata" rank="species" species="analis">
<emphasis box="[960,1055,691,717]" italics="true" pageId="105" pageNumber="106">S. analis</emphasis>
</taxonomicName>
: scales with basal cteni; vertebrae 10+16; supraneurals 3; predorsal formula 0/0+0/2/1+1 or 0/0+0/2+1/1; dorsal pterygiophores in interneural spaces 9–13 1/1/1/1+1/1 or 1/1/1/1+1/1+1; terminal dorsal pterygiophore in interneural space 18–19; 0–2 trisegmental pterygiophores associated with dorsal fin; 3–6 trisegmental pterygiophores associated with anal fin; terminal anal pterygiophore in interhaemal space 5–6; ribs present on vertebrae 3 through 10; epineurals present on vertebrae 1 through 12–13; parhypural and hypurals autogenous; well-developed hypurapophysis on parhypural; epurals 3; single uroneural (posterior uroneural absent); ventral tip of cleithrum with well-developed posteroventral process; proximal tip of first anal-fin pterygiophore near distal tips of parapophyses on vertebra 10.
</paragraph>
<paragraph blockId="105.[151,1437,151,1005]" box="[199,737,979,1005]" pageId="105" pageNumber="106">
Morphometric data are summarised in 
<tableCitation box="[633,733,979,1005]" captionStart="TABLE 30" captionStartId="109.[151,239,368,392]" captionText="TABLE 30. Morphometric values for Australian specimens of Selenanthias analis and S. barroi expressed as percentages of SL. * indicates where a measurement could not be made, owing to damage." pageId="105" pageNumber="106">Table 30</tableCitation>
.
</paragraph>
</subSubSection>
<caption ID-DOI="http://doi.org/10.5281/zenodo.4472017" ID-Zenodo-Dep="4472017" httpUri="https://zenodo.org/record/4472017/files/figure.png" pageId="105" pageNumber="106" startId="105.[151,250,1677,1701]" targetBox="[158,1426,1041,1642]" targetPageId="105">
<paragraph blockId="105.[151,1437,1677,1737]" pageId="105" pageNumber="106">
<emphasis bold="true" box="[151,291,1677,1701]" pageId="105" pageNumber="106">FIGURE 44.</emphasis>
<taxonomicName authority=", CSIRO H 1036" authorityName=", CSIRO H" authorityYear="1036" box="[300,681,1677,1701]" class="Actinopterygii" family="Serranidae" genus="Selenanthias" kingdom="Animalia" order="Perciformes" pageId="105" pageNumber="106" phylum="Chordata" rank="species" species="analis">
<emphasis box="[300,500,1677,1701]" italics="true" pageId="105" pageNumber="106">Selenanthias analis</emphasis>
, CSIRO H 1036
</taxonomicName>
-9, 90.0 mm SL, north of Cape Lambert, Western Australia. Photo by T. Carter, CSIRO.
</paragraph>
</caption>
<subSubSection lastPageId="106" lastPageNumber="107" pageId="105" pageNumber="106" type="materials_examined">
<paragraph blockId="105.[151,1437,1783,2026]" lastBlockId="106.[151,1437,150,755]" lastPageId="106" lastPageNumber="107" pageId="105" pageNumber="106">
<emphasis bold="true" box="[199,435,1783,1809]" pageId="105" pageNumber="106">Material examined.</emphasis>
<materialsCitation collectingDate="1982-04-02" collectionCode="AMS, R, RV" collectorName="Engel &amp; Paxton" country="Australia" elevation="202" latitude="-18.533333" location="Port Hedland" longLatPrecision="1275" longitude="118.28333" municipality="Soela" pageId="105" pageNumber="106" specimenCount="1" stateProvince="Western Australia">
<emphasis bold="true" box="[443,796,1783,1809]" pageId="105" pageNumber="106">
<collectingRegion box="[443,664,1783,1809]" country="Australia" name="Western Australia" pageId="105" pageNumber="106">Western Australia</collectingRegion>
, 
<collectingCountry box="[677,791,1783,1809]" name="Australia" pageId="105" pageNumber="106">Australia</collectingCountry>
.
</emphasis>
<collectionCode box="[804,865,1783,1809]" pageId="105" pageNumber="106">AMS</collectionCode>
I.22807-039, 4: 90.0– 
<quantity box="[1122,1223,1783,1810]" metricMagnitude="-2" metricUnit="m" metricValue="9.85" pageId="105" pageNumber="106" unit="mm" value="98.5">98.5 mm</quantity>
SL, 
<quantity box="[1281,1368,1783,1810]" metricMagnitude="5" metricUnit="m" metricValue="1.75" pageId="105" pageNumber="106" unit="km" value="175.0">175 km</quantity>
north of 
<location LSID="urn:lsid:plazi:treatment:335587B2C43F1C64FF28FC67FAA7FD2B:BE23607FC43E1C67FF09FD6CFEA8F8EC" box="[182,333,1819,1846]" country="Australia" latitude="-18.533333" longLatPrecision="1275" longitude="118.28333" municipality="Soela" name="Port Hedland" pageId="105" pageNumber="106" stateProvince="Western Australia">Port Hedland</location>
, 
<geoCoordinate box="[344,435,1821,1848]" degrees="18" direction="south" minutes="32" orientation="latitude" pageId="105" pageNumber="106" precision="925" value="-18.533333">18°32′S</geoCoordinate>
, 
<geoCoordinate box="[447,553,1821,1848]" degrees="118" direction="east" minutes="17" orientation="longitude" pageId="105" pageNumber="106" precision="925" value="118.28333">118°17′E</geoCoordinate>
, 
<quantity box="[564,689,1819,1846]" metricMagnitude="2" metricUnit="m" metricValue="2.02" metricValueMax="2.04" metricValueMin="2.0" pageId="105" pageNumber="106" unit="m" value="202.0" valueMax="204.0" valueMin="200.0">
<elevation box="[564,689,1819,1846]" metricMagnitude="2" metricUnit="m" metricValue="2.02" metricValueMax="2.04" metricValueMin="2.0" pageId="105" pageNumber="106" unit="m" value="202.0" valueMax="204.0" valueMin="200.0">200-204 m</elevation>
</quantity>
, 
<collectorName box="[701,766,1819,1845]" pageId="105" pageNumber="106">Engel</collectorName>
trawl, J. 
<collectionCode box="[861,884,1820,1846]" country="Chile" name="Departamento de Geologia, Universidad de Chile" pageId="105" pageNumber="106">R</collectionCode>
. 
<collectorName box="[895,976,1820,1846]" pageId="105" pageNumber="106">Paxton</collectorName>
, 
<collectionCode box="[987,1023,1820,1846]" country="Italy" name="Collection of Leptospira Strains" pageId="105" pageNumber="106">RV</collectionCode>
<emphasis box="[1030,1099,1819,1845]" italics="true" pageId="105" pageNumber="106">
<collectingMunicipality box="[1030,1095,1819,1845]" pageId="105" pageNumber="106">Soela</collectingMunicipality>
,
</emphasis>
<date box="[1106,1235,1819,1845]" pageId="105" pageNumber="106" value="1982-04-02">
<collectingDate box="[1106,1235,1819,1845]" pageId="105" pageNumber="106" value="1982-04-02">2 Apr 1982</collectingDate>
</date>
</materialsCitation>
; 
<materialsCitation collectingDate="1986-10-24" collectionCode="CSIRO, FRV" collectorName="Frank &amp; Bryce" country="Australia" elevation="197" latitude="-19.14" location="Dampier Archipelago" longLatPrecision="127" longitude="116.901665" municipality="Soela" pageId="105" pageNumber="106" specimenCode="H 751-4" specimenCount="1" stateProvince="Western Australia">
<collectionCode box="[1247,1329,1819,1845]" country="Australia" httpUri="http://grbio.org/cool/0k2v-y6wz" name="Australian National Fish Collection" pageId="105" pageNumber="106" type="Museum">CSIRO</collectionCode>
<specimenCode box="[1337,1432,1819,1846]" collectionCode="CSIRO" country="Australia" httpUri="http://grbio.org/cool/0k2v-y6wz" name="Australian National Fish Collection" pageId="105" pageNumber="106" type="Museum">H 751-4</specimenCode>
, 
<quantity box="[151,253,1855,1882]" metricMagnitude="-2" metricUnit="m" metricValue="9.41" pageId="105" pageNumber="106" unit="mm" value="94.1">94.1 mm</quantity>
SL, north of 
<location LSID="urn:lsid:plazi:treatment:335587B2C43F1C64FF28FC67FAA7FD2B:BE23607FC43E1C67FE24FD4FFD74F880" box="[411,657,1855,1881]" country="Australia" latitude="-19.14" longLatPrecision="127" longitude="116.901665" municipality="Soela" name="Dampier Archipelago" pageId="105" pageNumber="106" stateProvince="Western Australia">Dampier Archipelago</location>
, 
<geoCoordinate box="[670,783,1857,1884]" degrees="19" direction="south" minutes="08.9" orientation="latitude" pageId="105" pageNumber="106" precision="92" value="-19.148333">19°08.9′S</geoCoordinate>
, 
<geoCoordinate box="[796,921,1857,1884]" degrees="116" direction="east" minutes="52.6" orientation="longitude" pageId="105" pageNumber="106" precision="92" value="116.87666">116°52.6′E</geoCoordinate>
to 19°08.4′S, 116°54.1′E, 
<quantity box="[1226,1357,1855,1882]" metricMagnitude="2" metricUnit="m" metricValue="1.97" metricValueMax="1.98" metricValueMin="1.96" pageId="105" pageNumber="106" unit="m" value="197.0" valueMax="198.0" valueMin="196.0">
<elevation box="[1226,1357,1855,1882]" metricMagnitude="2" metricUnit="m" metricValue="1.97" metricValueMax="1.98" metricValueMin="1.96" pageId="105" pageNumber="106" unit="m" value="197.0" valueMax="198.0" valueMin="196.0">196–198 m</elevation>
</quantity>
, 
<collectorName box="[1371,1436,1855,1881]" pageId="105" pageNumber="106">Frank</collectorName>
and 
<collectorName box="[199,266,1892,1918]" pageId="105" pageNumber="106">Bryce</collectorName>
demersal trawl, 
<collectionCode box="[452,537,1891,1917]" country="Australia" httpUri="http://grbio.org/cool/0k2v-y6wz" name="Australian National Fish Collection" pageId="105" pageNumber="106" type="Museum">CSIRO</collectionCode>
, 
<collectionCode box="[549,601,1892,1918]" pageId="105" pageNumber="106">FRV</collectionCode>
<emphasis box="[607,669,1891,1917]" italics="true" pageId="105" pageNumber="106">
<collectingMunicipality box="[607,669,1891,1917]" pageId="105" pageNumber="106">Soela</collectingMunicipality>
</emphasis>
, 
<date box="[684,822,1891,1917]" pageId="105" pageNumber="106" value="1986-10-24">
<collectingDate box="[684,822,1891,1917]" pageId="105" pageNumber="106" value="1986-10-24">24 Oct 1986</collectingDate>
</date>
(SO0686/84)
</materialsCitation>
; 
<materialsCitation collectingDate="1987-10-12" collectionCode="CSIRO, FRV" collectorName="Frank &amp; Bryce" country="Australia" elevation="181" latitude="-19.108334" location="Cape Lambert" longLatPrecision="127" longitude="117.14667" municipality="Soela" pageId="105" pageNumber="106" specimenCode="H 1036-9, H 1036-10, 93, H 1036-11, 96, H 1036-12, 3" specimenCount="1" stateProvince="Western Australia">
<collectionCode box="[990,1072,1891,1917]" country="Australia" httpUri="http://grbio.org/cool/0k2v-y6wz" name="Australian National Fish Collection" pageId="105" pageNumber="106" type="Museum">CSIRO</collectionCode>
<specimenCode box="[1080,1189,1891,1918]" collectionCode="CSIRO" country="Australia" httpUri="http://grbio.org/cool/0k2v-y6wz" name="Australian National Fish Collection" pageId="105" pageNumber="106" type="Museum">H 1036-9</specimenCode>
, 90.0 mm SL, 
<collectionCode box="[1354,1436,1891,1917]" country="Australia" httpUri="http://grbio.org/cool/0k2v-y6wz" name="Australian National Fish Collection" pageId="105" pageNumber="106" type="Museum">CSIRO</collectionCode>
<specimenCode box="[151,275,1927,1954]" collectionCode="CSIRO" country="Australia" httpUri="http://grbio.org/cool/0k2v-y6wz" name="Australian National Fish Collection" pageId="105" pageNumber="106" type="Museum">H 1036-10</specimenCode>
, 
<specimenCode box="[287,315,1927,1953]" collectionCode="CSIRO" country="Australia" httpUri="http://grbio.org/cool/0k2v-y6wz" name="Australian National Fish Collection" pageId="105" pageNumber="106" type="Museum">93</specimenCode>
mm SL (radiograph only), 
<collectionCode box="[625,707,1927,1953]" country="Australia" httpUri="http://grbio.org/cool/0k2v-y6wz" name="Australian National Fish Collection" pageId="105" pageNumber="106" type="Museum">CSIRO</collectionCode>
<specimenCode box="[715,838,1927,1954]" collectionCode="CSIRO" country="Australia" httpUri="http://grbio.org/cool/0k2v-y6wz" name="Australian National Fish Collection" pageId="105" pageNumber="106" type="Museum">H 1036-11</specimenCode>
, 
<specimenCode box="[850,878,1927,1953]" collectionCode="CSIRO" country="Australia" httpUri="http://grbio.org/cool/0k2v-y6wz" name="Australian National Fish Collection" pageId="105" pageNumber="106" type="Museum">96</specimenCode>
mm SL (radiograph only), 
<collectionCode box="[1188,1270,1927,1953]" country="Australia" httpUri="http://grbio.org/cool/0k2v-y6wz" name="Australian National Fish Collection" pageId="105" pageNumber="106" type="Museum">CSIRO</collectionCode>
<specimenCode box="[1279,1402,1927,1954]" collectionCode="CSIRO" country="Australia" httpUri="http://grbio.org/cool/0k2v-y6wz" name="Australian National Fish Collection" pageId="105" pageNumber="106" type="Museum">H 1036-12</specimenCode>
, 
<specimenCode box="[1414,1431,1927,1953]" collectionCode="CSIRO" country="Australia" httpUri="http://grbio.org/cool/0k2v-y6wz" name="Australian National Fish Collection" pageId="105" pageNumber="106" type="Museum">3</specimenCode>
: 
<quantity box="[151,271,1963,1990]" metricMagnitude="-2" metricUnit="m" metricValue="8.65" metricValueMax="8.8" metricValueMin="8.5" pageId="105" pageNumber="106" unit="mm" value="86.5" valueMax="88.0" valueMin="85.0">85–88 mm</quantity>
SL (radiographs only), north of 
<location LSID="urn:lsid:plazi:treatment:335587B2C43F1C64FF28FC67FAA7FD2B:BE23607FC43E1C67FDCCFDDBFCF1F81C" box="[627,788,1963,1989]" country="Australia" latitude="-19.108334" longLatPrecision="127" longitude="117.14667" municipality="Soela" name="Cape Lambert" pageId="105" pageNumber="106" stateProvince="Western Australia">Cape Lambert</location>
, 
<geoCoordinate box="[798,910,1965,1992]" degrees="19" direction="south" minutes="06.1" orientation="latitude" pageId="105" pageNumber="106" precision="92" value="-19.101667">19°06.1′S</geoCoordinate>
, 
<geoCoordinate box="[921,1045,1965,1992]" degrees="117" direction="east" minutes="07.0" orientation="longitude" pageId="105" pageNumber="106" precision="92" value="117.11667">117°07.0′E</geoCoordinate>
to 19°06.5′S, 117°08.8′E, 
<quantity metricMagnitude="2" metricUnit="m" metricValue="1.805" metricValueMax="1.83" metricValueMin="1.78" pageId="105" pageNumber="106" unit="m" value="180.5" valueMax="183.0" valueMin="178.0">
<elevation metricMagnitude="2" metricUnit="m" metricValue="1.805" metricValueMax="1.83" metricValueMin="1.78" pageId="105" pageNumber="106" unit="m" value="180.5" valueMax="183.0" valueMin="178.0">178–183 m</elevation>
</quantity>
, 
<collectorName box="[187,252,1999,2025]" pageId="105" pageNumber="106">Frank</collectorName>
and 
<collectorName box="[307,374,2000,2026]" pageId="105" pageNumber="106">Bryce</collectorName>
demersal trawl, 
<collectionCode box="[560,645,1999,2025]" country="Australia" httpUri="http://grbio.org/cool/0k2v-y6wz" name="Australian National Fish Collection" pageId="105" pageNumber="106" type="Museum">CSIRO</collectionCode>
, 
<collectionCode box="[657,709,2000,2026]" pageId="105" pageNumber="106">FRV</collectionCode>
<emphasis box="[716,778,1999,2025]" italics="true" pageId="105" pageNumber="106">
<collectingMunicipality box="[716,778,1999,2025]" pageId="105" pageNumber="106">Soela</collectingMunicipality>
</emphasis>
, 
<date box="[792,930,1999,2025]" pageId="105" pageNumber="106" value="1987-10-12">
<collectingDate box="[792,930,1999,2025]" pageId="105" pageNumber="106" value="1987-10-12">12 Oct 1987</collectingDate>
</date>
(SO0787/129)
</materialsCitation>
; 
<materialsCitation collectingDate="2005-12-04" collectionCode="CSIRO, FRV" country="Australia" elevation="253" lastPageId="106" lastPageNumber="107" latitude="-27.933666" location="Geraldton" longLatPrecision="12" longitude="113.144" municipality="Southern Surveyor" pageId="105" pageNumber="106" specimenCode="H 6374-15" specimenCount="1" stateProvince="Western Australia">
<collectionCode box="[1112,1194,1999,2025]" country="Australia" httpUri="http://grbio.org/cool/0k2v-y6wz" name="Australian National Fish Collection" pageId="105" pageNumber="106" type="Museum">CSIRO</collectionCode>
<specimenCode box="[1202,1325,1999,2026]" collectionCode="CSIRO" country="Australia" httpUri="http://grbio.org/cool/0k2v-y6wz" name="Australian National Fish Collection" pageId="105" pageNumber="106" type="Museum">H 6374-15</specimenCode>
, 71.0 mm SL, northwest of 
<location LSID="urn:lsid:plazi:treatment:335587B2C43F1C64FF28FC67FAA7FD2B:BE23607FC43D1C64FEDEFAE7FE31FF68" box="[353,468,151,177]" country="Australia" latitude="-27.933666" longLatPrecision="12" longitude="113.144" municipality="Southern Surveyor" name="Geraldton" pageId="106" pageNumber="107" stateProvince="Western Australia">Geraldton</location>
, from 
<geoCoordinate box="[546,672,152,179]" degrees="27" direction="south" minutes="55.72" orientation="latitude" pageId="106" pageNumber="107" precision="9" value="-27.928667">27°55.72′S</geoCoordinate>
, 
<geoCoordinate box="[686,825,152,179]" degrees="113" direction="east" minutes="08.28" orientation="longitude" pageId="106" pageNumber="107" precision="9" value="113.138">113°08.28′E</geoCoordinate>
to 27°56.02′S, 113°08.64′E, 
<quantity box="[1160,1287,150,177]" metricMagnitude="2" metricUnit="m" metricValue="2.525" metricValueMax="2.53" metricValueMin="2.52" pageId="106" pageNumber="107" unit="m" value="252.5" valueMax="253.0" valueMin="252.0">
<elevation box="[1160,1287,150,177]" metricMagnitude="2" metricUnit="m" metricValue="2.525" metricValueMax="2.53" metricValueMin="2.52" pageId="106" pageNumber="107" unit="m" value="252.5" valueMax="253.0" valueMin="252.0">252-253 m</elevation>
</quantity>
, beam trawl, 
<collectionCode box="[151,236,187,213]" country="Australia" httpUri="http://grbio.org/cool/0k2v-y6wz" name="Australian National Fish Collection" pageId="106" pageNumber="107" type="Museum">CSIRO</collectionCode>
, 
<collectionCode box="[250,302,187,213]" pageId="106" pageNumber="107">FRV</collectionCode>
<emphasis box="[311,523,187,213]" italics="true" pageId="106" pageNumber="107">
<collectingMunicipality box="[311,523,187,213]" pageId="106" pageNumber="107">Southern Surveyor</collectingMunicipality>
</emphasis>
, 
<date box="[540,674,186,213]" pageId="106" pageNumber="107" value="2005-12-04">
<collectingDate box="[540,674,186,213]" pageId="106" pageNumber="107" value="2005-12-04">4 Dec 2005</collectingDate>
</date>
(field station number SS1005/99)
</materialsCitation>
; 
<materialsCitation collectingDate="2005-12-11" collectionCode="CSIRO, FRV" country="Australia" elevation="166" latitude="-21.9965" location="Exmouth Gulf" longLatPrecision="12" longitude="113.819" municipality="Southern Surveyor" pageId="106" pageNumber="107" specimenCode="H 6378-18, 41" specimenCount="1" stateProvince="Western Australia">
<collectionCode box="[1082,1164,187,213]" country="Australia" httpUri="http://grbio.org/cool/0k2v-y6wz" name="Australian National Fish Collection" pageId="106" pageNumber="107" type="Museum">CSIRO</collectionCode>
<specimenCode box="[1174,1300,187,213]" collectionCode="CSIRO" country="Australia" httpUri="http://grbio.org/cool/0k2v-y6wz" name="Australian National Fish Collection" pageId="106" pageNumber="107" type="Museum">H 6378-18</specimenCode>
, 
<specimenCode box="[1314,1342,187,213]" collectionCode="CSIRO" country="Australia" httpUri="http://grbio.org/cool/0k2v-y6wz" name="Australian National Fish Collection" pageId="106" pageNumber="107" type="Museum">41</specimenCode>
mm SL (radiograph only), west of 
<location LSID="urn:lsid:plazi:treatment:335587B2C43F1C64FF28FC67FAA7FD2B:BE23607FC43D1C64FE7AFAAFFD8CFF20" box="[453,617,223,249]" country="Australia" latitude="-21.9965" longLatPrecision="12" longitude="113.819" municipality="Southern Surveyor" name="Exmouth Gulf" pageId="106" pageNumber="107" stateProvince="Western Australia">Exmouth Gulf</location>
, 
<geoCoordinate box="[629,755,224,251]" degrees="21" direction="south" minutes="59.17" orientation="latitude" pageId="106" pageNumber="107" precision="9" value="-21.986166">21°59.17′S</geoCoordinate>
, 
<geoCoordinate box="[767,906,224,251]" degrees="113" direction="east" minutes="49.20" orientation="longitude" pageId="106" pageNumber="107" precision="9" value="113.82">113°49.20′E</geoCoordinate>
to 21°59.79′S, 113°49.14′E, 
<quantity box="[1234,1363,222,249]" metricMagnitude="2" metricUnit="m" metricValue="1.655" metricValueMax="1.66" metricValueMin="1.65" pageId="106" pageNumber="107" unit="m" value="165.5" valueMax="166.0" valueMin="165.0">
<elevation box="[1234,1363,222,249]" metricMagnitude="2" metricUnit="m" metricValue="1.655" metricValueMax="1.66" metricValueMin="1.65" pageId="106" pageNumber="107" unit="m" value="165.5" valueMax="166.0" valueMin="165.0">165–166 m</elevation>
</quantity>
, beam trawl, 
<collectionCode box="[222,307,259,285]" country="Australia" httpUri="http://grbio.org/cool/0k2v-y6wz" name="Australian National Fish Collection" pageId="106" pageNumber="107" type="Museum">CSIRO</collectionCode>
, 
<collectionCode box="[317,369,259,285]" pageId="106" pageNumber="107">FRV</collectionCode>
<emphasis box="[374,582,259,285]" italics="true" pageId="106" pageNumber="107">
<collectingMunicipality box="[374,582,259,285]" pageId="106" pageNumber="107">Southern Surveyor</collectingMunicipality>
</emphasis>
, 
<date box="[595,735,258,285]" pageId="106" pageNumber="107" value="2005-12-11">
<collectingDate box="[595,735,258,285]" pageId="106" pageNumber="107" value="2005-12-11">11 Dec 2005</collectingDate>
</date>
(field station number SS1005/153)
</materialsCitation>
; 
<materialsCitation collectingDate="2007-06-10" collectionCode="CSIRO, FRV" collectorName="M. F. Gomon" country="Australia" elevation="208" latitude="-20.990166" location="Barrow Island" longLatPrecision="12" longitude="114.729" municipality="Southern Surveyor" pageId="106" pageNumber="107" specimenCode="H 6604-02" specimenCount="1" stateProvince="Western Australia">
<collectionCode box="[1138,1220,259,285]" country="Australia" httpUri="http://grbio.org/cool/0k2v-y6wz" name="Australian National Fish Collection" pageId="106" pageNumber="107" type="Museum">CSIRO</collectionCode>
<specimenCode box="[1227,1349,259,285]" collectionCode="CSIRO" country="Australia" httpUri="http://grbio.org/cool/0k2v-y6wz" name="Australian National Fish Collection" pageId="106" pageNumber="107" type="Museum">H 6604-02</specimenCode>
, 
<quantity box="[1359,1437,258,285]" metricMagnitude="-2" metricUnit="m" metricValue="5.8" pageId="106" pageNumber="107" unit="mm" value="58.0">58 mm</quantity>
SL (radiograph only), west of 
<location LSID="urn:lsid:plazi:treatment:335587B2C43F1C64FF28FC67FAA7FD2B:BE23607FC43D1C64FE51FB57FD74FE98" box="[494,657,295,321]" country="Australia" latitude="-20.990166" longLatPrecision="12" longitude="114.729" municipality="Southern Surveyor" name="Barrow Island" pageId="106" pageNumber="107" stateProvince="Western Australia">Barrow Island</location>
, from 
<geoCoordinate box="[731,858,296,323]" degrees="20" direction="south" minutes="58.86" orientation="latitude" pageId="106" pageNumber="107" precision="9" value="-20.981">20°58.86′S</geoCoordinate>
, 
<geoCoordinate box="[870,1008,296,323]" degrees="114" direction="east" minutes="43.42" orientation="longitude" pageId="106" pageNumber="107" precision="9" value="114.72366">114°43.42′E</geoCoordinate>
to 20°59.41′S, 114°43.74′E, 
<quantity metricMagnitude="2" metricUnit="m" metricValue="2.075" metricValueMax="2.1" metricValueMin="2.05" pageId="106" pageNumber="107" unit="m" value="207.5" valueMax="210.0" valueMin="205.0">
<elevation metricMagnitude="2" metricUnit="m" metricValue="2.075" metricValueMax="2.1" metricValueMin="2.05" pageId="106" pageNumber="107" unit="m" value="207.5" valueMax="210.0" valueMin="205.0">205–210 m</elevation>
</quantity>
, beam trawl, 
<collectorName box="[334,483,331,357]" pageId="106" pageNumber="107">M.F. Gomon</collectorName>
, 
<collectionCode box="[497,549,331,357]" pageId="106" pageNumber="107">FRV</collectionCode>
<emphasis box="[558,770,331,357]" italics="true" pageId="106" pageNumber="107">
<collectingMunicipality box="[558,770,331,357]" pageId="106" pageNumber="107">Southern Surveyor</collectingMunicipality>
</emphasis>
, 
<date box="[787,930,331,357]" pageId="106" pageNumber="107" value="2007-06-10">
<collectingDate box="[787,930,331,357]" pageId="106" pageNumber="107" value="2007-06-10">10 Jun 2007</collectingDate>
</date>
(field station number SS0507/6)
</materialsCitation>
. 
<materialsCitation collectingDate="1990-11-16" collectionCode="NTM, R" collectorName="S. Williams &amp; FV Clipper Bird" country="Australia" elevation="169" latitude="-9.983334" location="Arafura Sea" longLatPrecision="1298" longitude="130.16667" municipality="Bathurst Island" pageId="106" pageNumber="107" specimenCount="1" stateProvince="Northern Territory">
<emphasis bold="true" pageId="106" pageNumber="107">
<collectingRegion country="Australia" name="Northern Territory" pageId="106" pageNumber="107">Northern Territory</collectingRegion>
, 
<collectingCountry box="[277,391,366,392]" name="Australia" pageId="106" pageNumber="107">Australia</collectingCountry>
.
</emphasis>
<collectionCode box="[407,469,367,393]" country="Australia" httpUri="http://grbio.org/cool/jg13-7fbc" name="Northern Territory Museum of Arts and Sciences" pageId="106" pageNumber="107">NTM</collectionCode>
S.12927-003, 2: 84.6–93.0 mm SL, 
<location LSID="urn:lsid:plazi:treatment:335587B2C43F1C64FF28FC67FAA7FD2B:BE23607FC43D1C64FC3AFB1FFBF7FE50" box="[901,1042,367,393]" country="Australia" latitude="-9.983334" longLatPrecision="1298" longitude="130.16667" municipality="Bathurst Island" name="Arafura Sea" pageId="106" pageNumber="107" stateProvince="Northern Territory">Arafura Sea</location>
, north of 
<collectingMunicipality box="[1162,1339,367,393]" pageId="106" pageNumber="107">Bathurst Island</collectingMunicipality>
, 
<geoCoordinate box="[1354,1431,368,395]" degrees="9" direction="south" minutes="59" orientation="latitude" pageId="106" pageNumber="107" precision="925" value="-9.983334">9°59′S</geoCoordinate>
, 
<geoCoordinate box="[151,258,404,431]" degrees="130" direction="east" minutes="10" orientation="longitude" pageId="106" pageNumber="107" precision="925" value="130.16667">130°10′E</geoCoordinate>
, 
<quantity box="[270,343,403,429]" metricMagnitude="2" metricUnit="m" metricValue="1.69" pageId="106" pageNumber="107" unit="m" value="169.0">
<elevation box="[270,343,403,429]" metricMagnitude="2" metricUnit="m" metricValue="1.69" pageId="106" pageNumber="107" unit="m" value="169.0">169 m</elevation>
</quantity>
, 
<collectionCode box="[354,378,403,429]" country="Chile" name="Departamento de Geologia, Universidad de Chile" pageId="106" pageNumber="107">R</collectionCode>
. 
<collectorName box="[382,513,403,429]" pageId="106" pageNumber="107">S. Williams</collectorName>
, 
<collectorName box="[525,709,403,429]" pageId="106" pageNumber="107">
FV 
<emphasis box="[567,709,403,429]" italics="true" pageId="106" pageNumber="107">Clipper Bird</emphasis>
</collectorName>
, 
<date box="[722,871,403,429]" pageId="106" pageNumber="107" value="1990-11-16">
<collectingDate box="[722,871,403,429]" pageId="106" pageNumber="107" value="1990-11-16">16 Nov 1990</collectingDate>
</date>
</materialsCitation>
.
</paragraph>
<paragraph blockId="106.[151,1437,150,755]" pageId="106" pageNumber="107">
<emphasis bold="true" box="[199,647,438,464]" pageId="106" pageNumber="107">Non-Australian specimens examined</emphasis>
(data not included in descriptions or summary tables). 
<materialsCitation collectionCode="CSIRO" country="Indonesia" location="Indonesia" pageId="106" pageNumber="107" specimenCode="H 7220-06" specimenCount="1">
<emphasis bold="true" box="[1313,1436,438,464]" pageId="106" pageNumber="107">
<collectingCountry box="[1313,1432,438,464]" name="Indonesia" pageId="106" pageNumber="107">Indonesia</collectingCountry>
.
</emphasis>
<collectionCode box="[151,233,475,501]" country="Australia" httpUri="http://grbio.org/cool/0k2v-y6wz" name="Australian National Fish Collection" pageId="106" pageNumber="107" type="Museum">CSIRO</collectionCode>
<specimenCode box="[242,364,475,501]" collectionCode="CSIRO" country="Australia" httpUri="http://grbio.org/cool/0k2v-y6wz" name="Australian National Fish Collection" pageId="106" pageNumber="107" type="Museum">H 7220-06</specimenCode>
(field number LM-684), 
<quantity box="[652,766,475,501]" metricMagnitude="-1" metricUnit="m" metricValue="1.103" pageId="106" pageNumber="107" unit="mm" value="110.3">110.3 mm</quantity>
SL
</materialsCitation>
, 
<materialsCitation collectionCode="CSIRO" country="Indonesia" pageId="106" pageNumber="107" specimenCode="H 7220-07" specimenCount="1">
<collectionCode box="[822,904,475,501]" country="Australia" httpUri="http://grbio.org/cool/0k2v-y6wz" name="Australian National Fish Collection" pageId="106" pageNumber="107" type="Museum">CSIRO</collectionCode>
<specimenCode box="[912,1034,475,501]" collectionCode="CSIRO" country="Australia" httpUri="http://grbio.org/cool/0k2v-y6wz" name="Australian National Fish Collection" pageId="106" pageNumber="107" type="Museum">H 7220-07</specimenCode>
(field number LM-685), 
<quantity box="[1323,1437,474,501]" metricMagnitude="-1" metricUnit="m" metricValue="1.1949999999999998" pageId="106" pageNumber="107" unit="mm" value="119.5">119.5 mm</quantity>
SL
</materialsCitation>
, 
<materialsCitation collectionCode="CSIRO" country="Indonesia" county="Tanjung Luar" latitude="-116.583336" location="Indonesia" municipality="Lombok" pageId="106" pageNumber="107" specimenCode="H 7220-08" specimenCount="1">
<collectionCode box="[197,279,511,537]" country="Australia" httpUri="http://grbio.org/cool/0k2v-y6wz" name="Australian National Fish Collection" pageId="106" pageNumber="107" type="Museum">CSIRO</collectionCode>
<specimenCode box="[286,407,511,537]" collectionCode="CSIRO" country="Australia" httpUri="http://grbio.org/cool/0k2v-y6wz" name="Australian National Fish Collection" pageId="106" pageNumber="107" type="Museum">H 7220-08</specimenCode>
(field number LM-686), 
<quantity box="[688,781,511,537]" metricMagnitude="-1" metricUnit="m" metricValue="1.23" pageId="106" pageNumber="107" unit="mm" value="123.0">123 mm</quantity>
SL, 
<collectingCounty box="[833,984,511,537]" pageId="106" pageNumber="107">Tanjung Luar</collectingCounty>
fish market, southeast coast of 
<collectingMunicipality box="[1334,1432,511,537]" pageId="106" pageNumber="107">Lombok</collectingMunicipality>
, 
<location LSID="urn:lsid:plazi:treatment:335587B2C43F1C64FF28FC67FAA7FD2B:BE23607FC43D1C64FF28F853FEE2FDE4" box="[151,263,547,573]" country="Indonesia" county="Tanjung Luar" latitude="-116.583336" municipality="Lombok" name="Indonesia" pageId="106" pageNumber="107">Indonesia</location>
, 
<geoCoordinate box="[273,365,548,575]" degrees="08" direction="south" minutes="45" orientation="latitude" pageId="106" pageNumber="107" precision="925" value="-8.75">08°45′S</geoCoordinate>
, 
<geoCoordinate box="[375,480,548,575]" degrees="116" direction="south" minutes="35" orientation="latitude" pageId="106" pageNumber="107" precision="925" value="-116.583336">116°35′S</geoCoordinate>
, W
</materialsCitation>
. 
<materialsCitation box="[522,779,546,573]" collectingDate="2010-11-05" collectionCode="T" country="Indonesia" location="White" pageId="106" pageNumber="107" specimenCount="1">
<collectionCode box="[522,540,547,573]" name="Tavera, Department of Geology and Geophysics" pageId="106" pageNumber="107">T</collectionCode>
. 
<location LSID="urn:lsid:plazi:treatment:335587B2C43F1C64FF28FC67FAA7FD2B:BE23607FC43D1C64FD9AF853FD89FDE4" box="[549,620,547,573]" country="Indonesia" name="White" pageId="106" pageNumber="107">White</location>
, 
<date box="[630,779,546,573]" pageId="106" pageNumber="107" value="2010-11-05">
<collectingDate box="[630,779,546,573]" pageId="106" pageNumber="107" value="2010-11-05">05 Nov 2010</collectingDate>
</date>
</materialsCitation>
; 
<materialsCitation box="[789,1431,547,573]" collectionCode="CSIRO" country="Indonesia" pageId="106" pageNumber="107" specimenCode="H 7221-04" specimenCount="1">
<collectionCode box="[789,871,547,573]" country="Australia" httpUri="http://grbio.org/cool/0k2v-y6wz" name="Australian National Fish Collection" pageId="106" pageNumber="107" type="Museum">CSIRO</collectionCode>
<specimenCode box="[878,998,547,573]" collectionCode="CSIRO" country="Australia" httpUri="http://grbio.org/cool/0k2v-y6wz" name="Australian National Fish Collection" pageId="106" pageNumber="107" type="Museum">H 7221-04</specimenCode>
(field number LM-742), 119.0 mm SL
</materialsCitation>
, 
<materialsCitation collectionCode="CSIRO" country="Indonesia" county="Tanjung Luar" latitude="-116.583336" location="Indonesia" municipality="Lombok" pageId="106" pageNumber="107" specimenCode="H 7221-05" specimenCount="1">
<collectionCode box="[151,233,583,609]" country="Australia" httpUri="http://grbio.org/cool/0k2v-y6wz" name="Australian National Fish Collection" pageId="106" pageNumber="107" type="Museum">CSIRO</collectionCode>
<specimenCode box="[239,358,582,609]" collectionCode="CSIRO" country="Australia" httpUri="http://grbio.org/cool/0k2v-y6wz" name="Australian National Fish Collection" pageId="106" pageNumber="107" type="Museum">H 7221-05</specimenCode>
(field number LM-743), 
<quantity box="[636,727,583,609]" metricMagnitude="-1" metricUnit="m" metricValue="1.2" pageId="106" pageNumber="107" unit="mm" value="120.0">120 mm</quantity>
SL (radiograph only), 
<collectingCounty box="[976,1126,583,609]" pageId="106" pageNumber="107">Tanjung Luar</collectingCounty>
fish market, southeast coast of 
<collectingMunicipality box="[181,279,619,645]" pageId="106" pageNumber="107">Lombok</collectingMunicipality>
, 
<location LSID="urn:lsid:plazi:treatment:335587B2C43F1C64FF28FC67FAA7FD2B:BE23607FC43D1C64FE9DF81BFE77FD5C" box="[290,402,619,645]" country="Indonesia" county="Tanjung Luar" latitude="-116.583336" municipality="Lombok" name="Indonesia" pageId="106" pageNumber="107">Indonesia</location>
, 
<geoCoordinate box="[413,504,620,647]" degrees="08" direction="south" minutes="45" orientation="latitude" pageId="106" pageNumber="107" precision="925" value="-8.75">08°45′S</geoCoordinate>
, 
<geoCoordinate box="[516,620,620,647]" degrees="116" direction="south" minutes="35" orientation="latitude" pageId="106" pageNumber="107" precision="925" value="-116.583336">116°35′S</geoCoordinate>
, W
</materialsCitation>
. 
<materialsCitation box="[663,922,619,645]" collectingDate="2010-11-06" collectionCode="T" country="Indonesia" location="White" pageId="106" pageNumber="107" specimenCount="1">
<collectionCode box="[663,681,619,645]" name="Tavera, Department of Geology and Geophysics" pageId="106" pageNumber="107">T</collectionCode>
. 
<location LSID="urn:lsid:plazi:treatment:335587B2C43F1C64FF28FC67FAA7FD2B:BE23607FC43D1C64FD0DF81BFD1CFD5C" box="[690,761,619,645]" country="Indonesia" name="White" pageId="106" pageNumber="107">White</location>
, 
<date box="[772,922,619,645]" pageId="106" pageNumber="107" value="2010-11-06">
<collectingDate box="[772,922,619,645]" pageId="106" pageNumber="107" value="2010-11-06">06 Nov 2010</collectingDate>
</date>
</materialsCitation>
. 
<materialsCitation collectingDate="1980-03-28" collectionCode="ASIZP" collectorName="S. C. Lee" country="Taiwan" latitude="22.416666" location="Kaohsiung" longLatPrecision="1260" longitude="120.28333" pageId="106" pageNumber="107" specimenCount="1" stateProvince="Kaohsiung">
<emphasis bold="true" box="[932,1027,618,644]" pageId="106" pageNumber="107">
<collectingCountry box="[932,1022,618,644]" name="Taiwan" pageId="106" pageNumber="107">Taiwan</collectingCountry>
.
</emphasis>
<collectionCode box="[1034,1111,619,645]" country="Taiwan" httpUri="http://grbio.org/cool/zgdx-i3kf" name="Academia Sinica Institute of Zoology, Ichthyology Collection" pageId="106" pageNumber="107">ASIZP</collectionCode>
<quantity box="[1117,1315,618,645]" metricMagnitude="4" metricUnit="m" metricValue="5.551910529999999" pageId="106" pageNumber="107" unit="mm" value="5.55191053E7">55519, 105.3 mm</quantity>
SL (radiograph only), 
<collectingRegion box="[296,420,655,681]" country="Taiwan" name="Kaohsiung" pageId="106" pageNumber="107">Kaohsiung</collectingRegion>
, 
<geoCoordinate box="[431,528,656,683]" degrees="22" direction="north" minutes="25" orientation="latitude" pageId="106" pageNumber="107" precision="925" value="22.416666">22°25′N</geoCoordinate>
, 
<geoCoordinate box="[539,646,656,683]" degrees="120" direction="east" minutes="17" orientation="longitude" pageId="106" pageNumber="107" precision="925" value="120.28333">120°17′E</geoCoordinate>
, 
<collectorName box="[658,759,655,681]" pageId="106" pageNumber="107">S.C. Lee</collectorName>
, 
<date box="[770,915,655,681]" pageId="106" pageNumber="107" value="1980-03-28">
<collectingDate box="[770,915,655,681]" pageId="106" pageNumber="107" value="1980-03-28">28 Mar 1980</collectingDate>
</date>
(radiograph from 
<bibRefCitation author="Shao, K. T." box="[1123,1247,655,681]" pageId="106" pageNumber="107" refId="ref74699" refString="Shao, K. T. (2020) The Fish Datebase of Taiwan. WWW Web electronic publication: http: // fishdb. sinica. edu. tw (accessed 3 March 2020)" type="url" year="2020">Shao 2020</bibRefCitation>
)
</materialsCitation>
. 
<materialsCitation accessionNumber="CAS 53554" collectionCode="CAS" country="Vietnam" elevation="0" latitude="15.666667" location="Vietnam" longLatPrecision="929" longitude="109.425" municipality="South China Sea" pageId="106" pageNumber="107" specimenCount="1" typeStatus="holotype">
<emphasis bold="true" box="[1266,1375,654,680]" pageId="106" pageNumber="107">
<collectingCountry box="[1266,1370,654,680]" name="Vietnam" pageId="106" pageNumber="107">Vietnam</collectingCountry>
.
</emphasis>
<accessionNumber httpUri="http://www.ncbi.nlm.nih.gov/protein/CAS53554" pageId="106" pageNumber="107">
<collectionCode box="[1382,1436,655,681]" country="USA" httpUri="http://biocol.org/urn:lsid:biocol.org:col:15690" lsid="urn:lsid:biocol.org:col:34700" name="California Academy of Sciences" pageId="106" pageNumber="107" type="Museum">CAS</collectionCode>
53554
</accessionNumber>
, 
<quantity box="[234,334,690,717]" metricMagnitude="-2" metricUnit="m" metricValue="5.86" pageId="106" pageNumber="107" unit="mm" value="58.6">58.6 mm</quantity>
SL (
<typeStatus box="[385,485,691,717]" pageId="106" pageNumber="107">holotype</typeStatus>
of 
<taxonomicName authority="Randall 1995" authorityName="Randall" authorityYear="1995" box="[520,781,690,717]" class="Actinopterygii" family="Serranidae" genus="Selenanthias" kingdom="Animalia" order="Perciformes" pageId="106" pageNumber="107" phylum="Chordata" rank="species" species="myersi">
<emphasis box="[520,623,691,717]" italics="true" pageId="106" pageNumber="107">S. myersi</emphasis>
Randall 1995
</taxonomicName>
; radiograph only), 
<collectingMunicipality box="[992,1179,691,717]" pageId="106" pageNumber="107">South China Sea</collectingMunicipality>
, off 
<location LSID="urn:lsid:plazi:treatment:335587B2C43F1C64FF28FC67FAA7FD2B:BE23607FC43D1C64FB73F8C3FACBFD14" box="[1228,1326,691,717]" country="Vietnam" latitude="15.666667" longLatPrecision="929" longitude="109.425" municipality="South China Sea" name="Vietnam" pageId="106" pageNumber="107">Vietnam</location>
, 
<geoCoordinate box="[1336,1431,692,719]" degrees="15" direction="north" minutes="40" orientation="latitude" pageId="106" pageNumber="107" precision="925" value="15.666667">15°40′N</geoCoordinate>
, 
<geoCoordinate box="[151,279,728,755]" degrees="109" direction="east" minutes="25.5" orientation="longitude" pageId="106" pageNumber="107" precision="92" value="109.425">109°25.5′E</geoCoordinate>
, 
<elevation box="[291,473,727,753]" isEnumeration="true" pageId="106" pageNumber="107">
<quantity box="[291,419,727,753]" metricMagnitude="2" metricUnit="m" metricValue="1.55" metricValueMax="2.0" metricValueMin="1.1" pageId="106" pageNumber="107" unit="m" value="155.0" valueMax="200.0" valueMin="110.0">110–200 m</quantity>
, 
<quantity box="[430,473,727,753]" metricMagnitude="0" metricUnit="m" metricValue="3.0" pageId="106" pageNumber="107" unit="m" value="3.0">3 m</quantity>
</elevation>
beam trawl
</materialsCitation>
, 
<materialsCitation box="[619,741,727,753]" collectionCode="R" collectorName="Bolin" country="Vietnam" pageId="106" pageNumber="107" specimenCount="1" typeStatus="holotype">
<collectionCode box="[619,641,727,753]" country="Chile" name="Departamento de Geologia, Universidad de Chile" pageId="106" pageNumber="107">R</collectionCode>
.L. 
<collectorName box="[676,741,727,753]" pageId="106" pageNumber="107">Bolin</collectorName>
</materialsCitation>
, 
<materialsCitation box="[752,1056,727,753]" collectingDate="1960-02-27" collectionCode="MV" country="Vietnam" location="Stranger" pageId="106" pageNumber="107" specimenCount="1" typeStatus="holotype">
<collectionCode box="[752,797,727,753]" country="0" name="University of Montana Museum" pageId="106" pageNumber="107">MV</collectionCode>
<emphasis box="[804,902,727,753]" italics="true" pageId="106" pageNumber="107">
<location LSID="urn:lsid:plazi:treatment:335587B2C43F1C64FF28FC67FAA7FD2B:BE23607FC43D1C64FC9BF8A7FC63FD28" box="[804,902,727,753]" country="Vietnam" name="Stranger" pageId="106" pageNumber="107">Stranger</location>
</emphasis>
, 
<date box="[916,1056,727,753]" pageId="106" pageNumber="107" value="1960-02-27">
<collectingDate box="[916,1056,727,753]" pageId="106" pageNumber="107" value="1960-02-27">27 Feb 1960</collectingDate>
</date>
</materialsCitation>
<materialsCitation box="[1063,1342,727,754]" collectionCode="NAGA" country="Vietnam" location="Scripps" pageId="106" pageNumber="107" specimenCode="NAGA 60-212" specimenCount="1" typeStatus="holotype">
(
<location LSID="urn:lsid:plazi:treatment:335587B2C43F1C64FF28FC67FAA7FD2B:BE23607FC43D1C64FB91F8A7FB61FD28" box="[1070,1156,727,753]" country="Vietnam" name="Scripps" pageId="106" pageNumber="107">Scripps</location>
<specimenCode box="[1163,1333,727,754]" collectionCode="NAGA" pageId="106" pageNumber="107">NAGA 60-212</specimenCode>
)
</materialsCitation>
.
</paragraph>
</subSubSection>
</treatment>
</document>