<document ID-DOI="http://doi.org/10.5281/zenodo.4474411" ID-GBIF-Dataset="1e6b9c6c-c1ae-43ed-8417-70324a727566" ID-ISSN="1175-5326" ID-Zenodo-Dep="4474411" ID-ZooBank="3FEF9EA2-B755-4B22-8B6A-FAFC5C0FFCDF" _generate="added" approvalRequired="80" approvalRequired_for_bibRefs="2" approvalRequired_for_illustrations="40" approvalRequired_for_taxonomicNames="30" approvalRequired_for_treatments="8" checkinTime="1611651206508" checkinUser="plazi" docAuthor="Gill, Anthony C., Pogonoski, John J., Moore, Glenn I. &amp; Johnson, Jeffrey W." docDate="2021" docId="335587B2C4371C6FFF28FB1EFA78F87C" docLanguage="en" docName="zootaxa.4918.1.1.pdf" docOrigin="Zootaxa 4918 (1)" docStyle="DocumentStyle:5EBBA59367AD13919D70D935FA04F6A3.5:Zootaxa.2013.monograph" docStyleId="5EBBA59367AD13919D70D935FA04F6A3" docStyleName="Zootaxa.2013.monograph" docStyleVersion="5" docTitle="Plectranthias retrofasciatus Fourmanoir &amp; Randall" docType="treatment" docVersion="8" lastPageId="97" lastPageNumber="98" masterDocId="CF6CFFCAC4571C0EFFBFFA70FFE5FFD9" masterDocTitle="Review of Australian species of Plectranthias Bleeker and Selenanthias Tanaka (Teleostei: Serranidae: Anthiadinae), with descriptions of four new species" masterLastPageNumber="116" masterPageNumber="1" pageId="96" pageNumber="97" updateTime="1611781754199" updateUser="ExternalLinkService">
<mods:mods xmlns:mods="http://www.loc.gov/mods/v3">
<mods:titleInfo>
<mods:title>Review of Australian species of Plectranthias Bleeker and Selenanthias Tanaka (Teleostei: Serranidae: Anthiadinae), with descriptions of four new species</mods:title>
</mods:titleInfo>
<mods:name type="personal">
<mods:role>
<mods:roleTerm>Author</mods:roleTerm>
</mods:role>
<mods:namePart>Gill, Anthony C.</mods:namePart>
<mods:nameIdentifier type="ORCID">0000-0002-8990-3657</mods:nameIdentifier>
<mods:nameIdentifier type="email">anthony.c.gill@sydney.edu.au</mods:nameIdentifier>
</mods:name>
<mods:name type="personal">
<mods:role>
<mods:roleTerm>Author</mods:roleTerm>
</mods:role>
<mods:namePart>Pogonoski, John J.</mods:namePart>
<mods:nameIdentifier type="ORCID">0000-0002-4878-3919</mods:nameIdentifier>
<mods:nameIdentifier type="email">john.pogonoski@csiro.au</mods:nameIdentifier>
</mods:name>
<mods:name type="personal">
<mods:role>
<mods:roleTerm>Author</mods:roleTerm>
</mods:role>
<mods:namePart>Moore, Glenn I.</mods:namePart>
<mods:nameIdentifier type="ORCID">0000-0003-2413-5260</mods:nameIdentifier>
<mods:nameIdentifier type="email">moore@museum.wa.gov.au</mods:nameIdentifier>
</mods:name>
<mods:name type="personal">
<mods:role>
<mods:roleTerm>Author</mods:roleTerm>
</mods:role>
<mods:namePart>Johnson, Jeffrey W.</mods:namePart>
<mods:nameIdentifier type="ORCID">0000-0002-8990-3657</mods:nameIdentifier>
<mods:nameIdentifier type="email">anthony.c.gill@sydney.edu.au</mods:nameIdentifier>
</mods:name>
<mods:typeOfResource>text</mods:typeOfResource>
<mods:relatedItem type="host">
<mods:titleInfo>
<mods:title>Zootaxa</mods:title>
</mods:titleInfo>
<mods:part>
<mods:date>2021</mods:date>
<mods:detail type="pubDate">
<mods:number>2021-01-26</mods:number>
</mods:detail>
<mods:detail type="volume">
<mods:number>4918</mods:number>
</mods:detail>
<mods:detail type="issue">
<mods:number>1</mods:number>
</mods:detail>
<mods:extent unit="page">
<mods:start>1</mods:start>
<mods:end>116</mods:end>
</mods:extent>
</mods:part>
</mods:relatedItem>
<mods:classification>journal article</mods:classification>
<mods:identifier type="DOI">https://doi.org/10.11646/zootaxa.4918.1.1</mods:identifier>
<mods:identifier type="GBIF-Dataset">1e6b9c6c-c1ae-43ed-8417-70324a727566</mods:identifier>
<mods:identifier type="ISSN">1175-5326</mods:identifier>
<mods:identifier type="Zenodo-Dep">4471922</mods:identifier>
<mods:identifier type="ZooBank">3FEF9EA2-B755-4B22-8B6A-FAFC5C0FFCDF</mods:identifier>
</mods:mods>
<treatment ID-DOI="http://doi.org/10.5281/zenodo.4474411" ID-Zenodo-Dep="4474411" LSID="urn:lsid:plazi:treatment:335587B2C4371C6FFF28FB1EFA78F87C" httpUri="http://treatment.plazi.org/id/335587B2C4371C6FFF28FB1EFA78F87C" lastPageId="97" lastPageNumber="98" pageId="96" pageNumber="97">
<subSubSection box="[151,784,366,393]" pageId="96" pageNumber="97" type="nomenclature">
<paragraph blockId="96.[151,784,366,465]" box="[151,784,366,393]" pageId="96" pageNumber="97">
<heading bold="true" box="[151,784,366,393]" fontSize="11" level="2" pageId="96" pageNumber="97" reason="4">
<taxonomicName authority="Fourmanoir &amp; Randall" authorityName="Fourmanoir &amp; Randall" box="[151,784,366,393]" class="Actinopterygii" family="Serranidae" genus="Plectranthias" kingdom="Animalia" order="Perciformes" pageId="96" pageNumber="97" phylum="Chordata" rank="species" species="retrofasciatus">
<emphasis bold="true" box="[151,784,366,393]" pageId="96" pageNumber="97">
<emphasis bold="true" box="[151,486,366,393]" italics="true" pageId="96" pageNumber="97">Plectranthias retrofasciatus</emphasis>
Fourmanoir &amp; Randall
</emphasis>
</taxonomicName>
</heading>
</paragraph>
</subSubSection>
<subSubSection box="[151,546,402,429]" pageId="96" pageNumber="97" type="description">
<paragraph blockId="96.[151,784,366,465]" box="[151,546,402,429]" pageId="96" pageNumber="97">
<figureCitation box="[151,272,402,429]" captionStart="FIGURE 35" captionStartId="85.[151,250,1152,1176]" captionTargetBox="[155,1432,184,1125]" captionTargetId="figure-18@85.[151,1436,181,1128]" captionTargetPageId="85" captionText="FIGURE 35. Distribution records for P. mcgroutheri (open circles; arrow indicates type locality), Australian specimens of P. retrofasciatus (closed circles) and P. moretonensis (triangle)." figureDoi="http://doi.org/10.5281/zenodo.4471997" httpUri="https://zenodo.org/record/4471997/files/figure.png" pageId="96" pageNumber="97">Figures 35</figureCitation>
, 
<figureCitation box="[284,358,403,429]" captionStart-0="FIGURE 40" captionStart-1="FIGURE 41" captionStartId-0="97.[151,250,1249,1273]" captionStartId-1="98.[151,250,1943,1967]" captionTargetBox-0="[151,1436,181,1225]" captionTargetBox-1="[227,1360,181,1898]" captionTargetId-0="figure-18@97.[151,1436,181,1225]" captionTargetId-1="figure-21@98.[227,1360,181,1919]" captionTargetPageId-0="97" captionTargetPageId-1="98" captionText-0="FIGURE 40. Plectranthias retrofasciatus, preserved Australian specimens:A) AMS I.26844-001, 16.0 mm SL, off Lady Elliot Island, Great Barrier Reef; B) AMS I.25811-006, 89.4 mm SL, preserved, off Townsville, Queensland. Purple blotches in B are artefactual. Photos by A.C. Gill." captionText-1="FIGURE 41. Plectranthias retrofasciatus, Indonesian specimens: A) aquarium specimen (not retained), Java; B) CSIRO H 7219-08, 77.5 mm SL, freshly dead, Tanjung Luar fish market, southeast coast of Lombok; C) specimen in B after nine years in preservative. Photos by Y.K. Tea (A), W. White, CSIRO (B) and N. Bax, CSIRO (C)." figureDoi-0="http://doi.org/10.5281/zenodo.4472007" figureDoi-1="http://doi.org/10.5281/zenodo.4472011" httpUri-0="https://zenodo.org/record/4472007/files/figure.png" httpUri-1="https://zenodo.org/record/4472011/files/figure.png" pageId="96" pageNumber="97">40–41</figureCitation>
; 
<tableCitation box="[368,506,403,429]" captionStart-0="TABLE 1" captionStart-1="TABLE 2" captionStart-10="TABLE 11" captionStart-11="TABLE 12" captionStart-12="TABLE 13" captionStart-13="TABLE 14" captionStart-14="TABLE 15" captionStart-15="TABLE 16" captionStart-16="TABLE 17" captionStart-2="TABLE 3" captionStart-3="TABLE 4" captionStart-4="TABLE 5" captionStart-5="TABLE 6" captionStart-6="TABLE 7" captionStart-7="TABLE 8" captionStart-8="TABLE 9" captionStart-9="TABLE 10" captionStartId-0="8.[151,239,520,546]" captionStartId-1="9.[151,239,566,592]" captionStartId-10="20.[151,239,540,566]" captionStartId-11="21.[151,239,542,568]" captionStartId-12="22.[151,239,484,510]" captionStartId-13="24.[151,239,462,488]" captionStartId-14="26.[151,239,559,585]" captionStartId-15="27.[151,239,486,512]" captionStartId-16="28.[151,239,151,175]" captionStartId-2="10.[151,239,538,564]" captionStartId-3="11.[151,239,558,584]" captionStartId-4="12.[151,239,538,564]" captionStartId-5="13.[151,239,487,513]" captionStartId-6="14.[151,239,151,175]" captionStartId-7="15.[151,239,522,548]" captionStartId-8="17.[151,239,519,545]" captionStartId-9="19.[151,239,872,896]" captionText-0="TABLE 1. Frequency distributions for counts of dorsal, anal and pectoral rays of Australian Plectranthias and Selenanthias species. Frequencies are based on examined specimens. Frequencies for pectoral rays include bilateral counts. “L” indicates additional variation noted in literature on each species. Data for S. analis based on Australian specimens only." captionText-1="TABLE 2. Frequency distributions for counts of caudal rays of Australian Plectranthias and Selenanthias species. Data for S. analis based on Australian specimens only." captionText-10="TABLE 11. Summary of fin characters of Australian Plectranthias and Selenanthias species. Data for S. analis based on Australian specimens only. Caudal ray counts are presented as upper procurrent + upper principal + lower principal + lower procurrent = total rays." captionText-11="TABLE 12. Summary of body squamation characters for Australian species of Plectranthias and Selenanthias. Data for S. analis based on Australian specimens only." captionText-12="TABLE 13. Summary of selected head squamation characters for Australian species of Plectranthias and Selenanthias. Data for S. analis based on Australian specimens only." captionText-13="TABLE 14. Summary of gill-raker counts and selected osteological characters for Australian species of Plectranthias and Selenanthias. Data for S. analis based on Australian specimens only." captionText-14="TABLE 15. Summary of head serration characters for Australian species of Plectranthias and Selenanthias. Data for S. analis based on Australian specimens only." captionText-15="TABLE 16. Distribution and known depth ranges for Australian species of Plectranthias and Selenanthias. Data for Plectranthias species are from Allen &amp; Walsh (2015: tab. 1), supplemented with new observations." captionText-16="TABLE 17. Barcode of Life Data System (BOLD) registration numbers for COI sequences of specimens of Plectranthias and Selenanthias referred to in this paper." captionText-2="TABLE 3. Frequency distributions for counts of upper and lower gill rakers of Australian Plectranthias and Selenanthias species. “L” indicates additional variation noted in literature on each species. Data for S. analis based on Australian specimens only." captionText-3="TABLE 4. Frequency distributions for counts of total gill rakers of Australian Plectranthias and Selenanthias species. “L” indicates additional variation noted in literature on each species. Data for S. analis based on Australian specimens only." captionText-4="TABLE 5. Vertebral counts for Australian Plectranthias and Selenanthias species. “L” indicates additional variation noted in literature on each species. Data for S. analis based on Australian specimens only." captionText-5="TABLE 6. Supraneural and dorsal pterygiophore insertion patterns for Australian Plectranthias and Selenanthias species." captionText-6="TABLE 7. Position of terminal dorsal and anal pterygiophores in interneural and interhaemal spaces for Australian Plectranthias and Selenanthias species." captionText-7="TABLE 8. Frequency distributions for counts of tubed lateral-line scales of Australian Plectranthias and Selenanthias species. Frequencies are based on examined specimens and include bilateral counts. Where series are interrupted in P. inermis, P. fourmanoiri and P. winniensis, counts are of the anterior series of tubed scales. “L” indicates additional variation noted in literature on each species. Data for S. analis based only on Australian specimens." captionText-8="TABLE 9. Frequency distributions for counts of scales above and below the lateral line for Australian Plectranthias and Selenanthias species. Frequencies include bilateral counts. Data for S. analis based only on Australian specimens." captionText-9="TABLE 10. Frequency distributions for counts of circumpeduncular scales for Australian Plectranthias and Selenanthias species. Data for S. analis based only on Australian specimens." pageId="96" pageNumber="97">Tables 1–17</tableCitation>
, 
<tableCitation box="[518,546,403,429]" captionStart="TABLE 29" captionStartId="99.[151,239,522,548]" captionText="TABLE 29. Selected meristic values and morphometric values (as percentages of SL) for specimens of Plectranthias retrofasciatus. Data for the holotype of P. retrofasciatus are from Fourmanoir &amp; Randall (1979). Data for the caudal-fin length and concavity of the holotype of P. pallidus are from Randall &amp; Hoese (1995). * indicates where a measurement could not be made, owing to damage. ** comparison with other descriptions suggests different methods of counting." pageId="96" pageNumber="97">29</tableCitation>
</paragraph>
</subSubSection>
<subSubSection box="[151,579,439,465]" pageId="96" pageNumber="97" type="vernacular_names">
<paragraph blockId="96.[151,784,366,465]" box="[151,579,439,465]" pageId="96" pageNumber="97">Common name: Rear-banded Perchlet</paragraph>
</subSubSection>
<subSubSection pageId="96" pageNumber="97" type="reference_group">
<paragraph blockId="96.[151,1437,507,659]" pageId="96" pageNumber="97">
<treatmentCitationGroup pageId="96" pageNumber="97">
<taxonomicName authority="Fourmanoir &amp; Randall 1979: 318" authorityName="Fourmanoir &amp; Randall" authorityPageNumber="318" authorityYear="1979" box="[151,777,507,531]" class="Actinopterygii" family="Serranidae" genus="Plectranthias" kingdom="Animalia" order="Perciformes" pageId="96" pageNumber="97" phylum="Chordata" rank="species" species="retrofasciatus">
<treatmentCitation author="Fourmanoir, P. &amp; Randall, J. E." box="[151,777,507,531]" page="318" pageId="96" pageNumber="97" year="1979">
<emphasis box="[151,432,507,531]" italics="true" pageId="96" pageNumber="97">Plectranthias retrofasciatus</emphasis>
<bibRefCitation author="Fourmanoir, P. &amp; Randall, J. E." box="[438,777,507,531]" pageId="96" pageNumber="97" pagination="315 - 324" refId="ref70765" refString="Fourmanoir, P. &amp; Randall, J. E. (1979) Three new species of serranid fishes of the genus Plectranthias from New Caledonia. Micronesica, 15, 315 - 324." type="journal article" year="1979">Fourmanoir &amp; Randall 1979: 318</bibRefCitation>
</treatmentCitation>
</taxonomicName>
, fig. 2, tab. 1 (
<typeStatus box="[921,966,507,531]" pageId="96" pageNumber="97">type</typeStatus>
locality: Gazelle Pass, 
<collectingCountry box="[1200,1360,507,531]" name="New Caledonia" pageId="96" pageNumber="97">New Caledonia</collectingCountry>
).— 
<bibRefCitation author="Anderson, W. D. Jr" pageId="96" pageNumber="97" pagination="1 - 62" refId="ref70044" refString="Anderson, W. D. Jr (2018) Annotated checklist of anthiadine fishes (Percoidei: Serranidae). Zootaxa, 4475 (1), 1 - 62. https: // doi. org / 10.11646 / zootaxa. 4475.1.1" type="journal article" year="2018">
<treatmentCitation author="Anderson, W. D. Jr" httpUri="http://treatment.plazi.org/id/03FC347CFFD1FFCAFF5AF9D6B9C4F89D" page="32" pageId="96" pageNumber="97" year="2018">Anderson 2018: 32</treatmentCitation>
</bibRefCitation>
(checklist). — 
<bibRefCitation author="Parenti, P. &amp; Randall, J. E." box="[514,792,538,562]" pageId="96" pageNumber="97" pagination="1 - 170" refId="ref73460" refString="Parenti, P. &amp; Randall, J. E. (2020) An annotated checklist of the fishes of the family Serranidae of the world with description of two new related families of fishes. FishTaxa, 15, 1 - 170." type="journal article" year="2020">
<treatmentCitation author="Parenti, P. &amp; Randall, J. E." box="[514,792,538,562]" page="29" pageId="96" pageNumber="97" year="2020">Parenti &amp; Randall 2020: 29</treatmentCitation>
</bibRefCitation>
(checklist).
</treatmentCitationGroup>
</paragraph>
<paragraph blockId="96.[151,1437,507,659]" pageId="96" pageNumber="97">
<treatmentCitationGroup pageId="96" pageNumber="97">
<taxonomicName authority="Randall &amp; Hoese 1995: 330" authorityName="Randall &amp; Hoese" authorityPageNumber="330" authorityYear="1995" box="[151,670,568,593]" class="Actinopterygii" family="Serranidae" genus="Plectranthias" kingdom="Animalia" order="Perciformes" pageId="96" pageNumber="97" phylum="Chordata" rank="species" species="pallidus">
<treatmentCitation author="Randall, J. E. &amp; Hoese, D. F." box="[151,670,568,593]" page="330" pageId="96" pageNumber="97" year="1995">
<emphasis box="[151,377,568,592]" italics="true" pageId="96" pageNumber="97">Plectranthias pallidus</emphasis>
<bibRefCitation author="Randall, J. E. &amp; Hoese, D. F." box="[383,670,568,593]" pageId="96" pageNumber="97" pagination="327 - 335" refId="ref74208" refString="Randall, J. E. &amp; Hoese, D. F. (1995) Three new species of Australian fishes of the genus Plectranthias (Perciformes: Serranidae: Anthiinae). Records of the Australian Museum, 47, 327 - 335. https: // doi. org / 10.3853 / j. 0067 - 1975.47.1995.241" type="journal article" year="1995">Randall &amp; Hoese 1995: 330</bibRefCitation>
</treatmentCitation>
</taxonomicName>
, fig. 2 (
<typeStatus box="[750,795,569,593]" pageId="96" pageNumber="97">type</typeStatus>
locality: off Townsville, 
<collectingRegion box="[1053,1175,568,592]" country="Australia" name="Queensland" pageId="96" pageNumber="97">Queensland</collectingRegion>
).— 
<bibRefCitation author="Allen, G. R. &amp; Hoese, D. F. &amp; Cross, N. J. &amp; Bray, D. J." box="[1211,1436,568,593]" pageId="96" pageNumber="97" pagination="982 - 997" refId="ref69597" refString="Allen, G. R., Hoese, D. F., Cross, N. J. &amp; Bray, D. J. (2006) Anthiinae. Basslets, seaperches. In: Beesley, P. L. &amp; Wells, A., Zoological Catalogue of Australia. Vol. 35. Fishes. Part 2. ABRS &amp; CSIRO Publishing, Collingwood, pp. 982 - 997." type="book chapter" year="2006">
<treatmentCitation author="Allen, G. R. &amp; Hoese, D. F. &amp; Cross, N. J. &amp; Bray, D. J." box="[1211,1436,568,593]" page="991" pageId="96" pageNumber="97" year="2006">
Allen 
<emphasis box="[1275,1327,568,592]" italics="true" pageId="96" pageNumber="97">et al.</emphasis>
2006: 991
</treatmentCitation>
</bibRefCitation>
(checklist).— 
<bibRefCitation author="Anderson, W. D. Jr" box="[335,532,599,623]" pageId="96" pageNumber="97" pagination="1 - 62" refId="ref70044" refString="Anderson, W. D. Jr (2018) Annotated checklist of anthiadine fishes (Percoidei: Serranidae). Zootaxa, 4475 (1), 1 - 62. https: // doi. org / 10.11646 / zootaxa. 4475.1.1" type="journal article" year="2018">
<treatmentCitation author="Anderson, W. D. Jr" box="[335,532,599,623]" httpUri="http://treatment.plazi.org/id/03FC347CFFD1FFCAFF5AFF55BE6DFE10" page="32" pageId="96" pageNumber="97" year="2018">Anderson 2018: 32</treatmentCitation>
</bibRefCitation>
(checklist). — 
<bibRefCitation author="Parenti, P. &amp; Randall, J. E." box="[683,962,599,623]" pageId="96" pageNumber="97" pagination="1 - 170" refId="ref73460" refString="Parenti, P. &amp; Randall, J. E. (2020) An annotated checklist of the fishes of the family Serranidae of the world with description of two new related families of fishes. FishTaxa, 15, 1 - 170." type="journal article" year="2020">
<treatmentCitation author="Parenti, P. &amp; Randall, J. E." box="[683,962,599,623]" page="29" pageId="96" pageNumber="97" year="2020">Parenti &amp; Randall 2020: 29</treatmentCitation>
</bibRefCitation>
(checklist).
</treatmentCitationGroup>
</paragraph>
<paragraph blockId="96.[151,1437,507,659]" box="[151,1271,635,659]" pageId="96" pageNumber="97">
? 
<taxonomicName box="[162,387,635,659]" class="Actinopterygii" family="Serranidae" genus="Plectranthias" kingdom="Animalia" order="Perciformes" pageId="96" pageNumber="97" phylum="Chordata" rank="species" species="kelloggi">
<emphasis box="[162,387,635,659]" italics="true" pageId="96" pageNumber="97">Plectranthias kelloggi</emphasis>
</taxonomicName>
[non 
<bibRefCitation author="Jordan, D. S. &amp; Evermann, B. W." box="[446,707,635,659]" pageId="96" pageNumber="97" pagination="161 - 208" refId="ref72189" refString="Jordan, D. S. &amp; Evermann, B. W. (1903) Descriptions of new genera and species of fishes from the Hawaiian Islands. Bulletin of the U. S. Fish Commission, 22, 161 - 208." type="journal article" year="1903">
<collectingCountry box="[446,514,635,659]" name="Jordan" pageId="96" pageNumber="97">Jordan</collectingCountry>
&amp; Evermann 1903
</bibRefCitation>
].— 
<bibRefCitation author="Sih, T. L. &amp; Cappo, M. &amp; Kingsford, M." box="[745,899,635,659]" pageId="96" pageNumber="97" pagination="10886" refId="ref74892" refString="Sih, T. L., Cappo, M. &amp; Kingsford, M. (2017). Deep-reef fish assemblages of the Great Barrier Reef shelf-break (Australia). Scientific Reports, 7, 10886. https: // doi. org / 10.1038 / s 41598 - 017 - 11452 - 1" type="journal article" year="2017">
Sih 
<emphasis box="[787,839,635,659]" italics="true" pageId="96" pageNumber="97">et al.</emphasis>
2017
</bibRefCitation>
: table 1 (central Great Barrier Reef).
</paragraph>
</subSubSection>
<subSubSection pageId="96" pageNumber="97" type="diagnosis">
<paragraph blockId="96.[151,1437,705,2028]" pageId="96" pageNumber="97">
<emphasis bold="true" box="[151,274,705,731]" pageId="96" pageNumber="97">Diagnosis.</emphasis>
The following combination of characters distinguishes 
<taxonomicName box="[920,1104,705,731]" class="Actinopterygii" family="Serranidae" genus="Plectranthias" kingdom="Animalia" order="Perciformes" pageId="96" pageNumber="97" phylum="Chordata" rank="species" species="retrofasciatus">
<emphasis box="[920,1104,705,731]" italics="true" pageId="96" pageNumber="97">P. retrofasciatus</emphasis>
</taxonomicName>
from congeners: dorsal rays X,15–17, third spine longest; pectoral rays 13, most rays branched; lateral line complete, with 27–30 scales; two enlarged antrorse serrations on lower edge of preopecle; greatest body depth 36–42 % SL.
</paragraph>
</subSubSection>
<subSubSection pageId="96" pageNumber="97" type="discussion">
<paragraph blockId="96.[151,1437,705,2028]" pageId="96" pageNumber="97">
<emphasis bold="true" box="[199,315,813,839]" pageId="96" pageNumber="97">Remarks.</emphasis>
This species was originally described by 
<bibRefCitation author="Fourmanoir, P. &amp; Randall, J. E." box="[784,1121,813,839]" pageId="96" pageNumber="97" pagination="315 - 324" refId="ref70765" refString="Fourmanoir, P. &amp; Randall, J. E. (1979) Three new species of serranid fishes of the genus Plectranthias from New Caledonia. Micronesica, 15, 315 - 324." type="journal article" year="1979">Fourmanoir &amp; Randall (1979)</bibRefCitation>
from the 
<quantity box="[1231,1332,813,840]" metricMagnitude="-2" metricUnit="m" metricValue="6.18" pageId="96" pageNumber="97" unit="mm" value="61.8">61.8 mm</quantity>
SL 
<typeStatus pageId="96" pageNumber="97">holotype</typeStatus>
collected in 
<quantity box="[344,416,849,876]" metricMagnitude="2" metricUnit="m" metricValue="2.0" pageId="96" pageNumber="97" unit="m" value="200.0">200 m</quantity>
at Gazelle Pass, 
<collectingCountry box="[608,785,849,876]" name="New Caledonia" pageId="96" pageNumber="97">New Caledonia</collectingCountry>
. In 1986, the first author identified a second, 16.0 mm SL specimen collected in 
<quantity box="[400,471,885,912]" metricMagnitude="2" metricUnit="m" metricValue="1.94" pageId="96" pageNumber="97" unit="m" value="194.0">194 m</quantity>
off Lady Elliot Island, southern Great Barrier Reef (AMS I.26844-001). The Lady Elliot specimen was overlooked in subsequent faunal checklists and accounts on Australian 
<taxonomicName authorityName=", Heemstra &amp; Randall" authorityYear="2009" box="[1148,1299,921,947]" class="Actinopterygii" family="Serranidae" genus="Plectranthias" kingdom="Animalia" order="Perciformes" pageId="96" pageNumber="97" phylum="Chordata" rank="genus">
<emphasis box="[1148,1299,921,947]" italics="true" pageId="96" pageNumber="97">Plectranthias</emphasis>
</taxonomicName>
. Aside from differences that can be attributed to its much smaller size, the specimen agrees well with the 
<typeStatus box="[1178,1279,957,983]" pageId="96" pageNumber="97">holotype</typeStatus>
, including the presence of a tapered bar extending from the middle of the dorsal fin to the anterior anal fin, and a second band on the caudal peduncle (
<figureCitation box="[388,523,1029,1055]" captionStart="FIGURE 40" captionStartId="97.[151,250,1249,1273]" captionTargetBox="[151,1436,181,1225]" captionTargetId="figure-18@97.[151,1436,181,1225]" captionTargetPageId="97" captionText="FIGURE 40. Plectranthias retrofasciatus, preserved Australian specimens:A) AMS I.26844-001, 16.0 mm SL, off Lady Elliot Island, Great Barrier Reef; B) AMS I.25811-006, 89.4 mm SL, preserved, off Townsville, Queensland. Purple blotches in B are artefactual. Photos by A.C. Gill." figureDoi="http://doi.org/10.5281/zenodo.4472007" httpUri="https://zenodo.org/record/4472007/files/figure.png" pageId="96" pageNumber="97">Figure 40A</figureCitation>
).
</paragraph>
<paragraph blockId="96.[151,1437,705,2028]" pageId="96" pageNumber="97">
<bibRefCitation author="Randall, J. E. &amp; Hoese, D. F." box="[199,474,1065,1092]" pageId="96" pageNumber="97" pagination="327 - 335" refId="ref74208" refString="Randall, J. E. &amp; Hoese, D. F. (1995) Three new species of Australian fishes of the genus Plectranthias (Perciformes: Serranidae: Anthiinae). Records of the Australian Museum, 47, 327 - 335. https: // doi. org / 10.3853 / j. 0067 - 1975.47.1995.241" type="journal article" year="1995">Randall &amp; Hoese (1995)</bibRefCitation>
described 
<taxonomicName authorityName="Randall &amp; Hoese" authorityYear="1995" box="[595,713,1065,1091]" class="Actinopterygii" family="Serranidae" genus="Plectranthias" kingdom="Animalia" order="Perciformes" pageId="96" pageNumber="97" phylum="Chordata" rank="species" species="pallidus">
<emphasis box="[595,713,1065,1091]" italics="true" pageId="96" pageNumber="97">P. pallidus</emphasis>
</taxonomicName>
from the 
<typeStatus box="[823,921,1065,1091]" pageId="96" pageNumber="97">holotype</typeStatus>
from off Townsville, 
<collectingRegion box="[1166,1301,1065,1091]" country="Australia" name="Queensland" pageId="96" pageNumber="97">Queensland</collectingRegion>
, which they named for its pale preserved coloration and apparent lack of pigmentation. We located a second specimen that closely resembles the 
<taxonomicName authorityName="Randall &amp; Hoese" authorityYear="1995" box="[397,514,1137,1163]" class="Actinopterygii" family="Serranidae" genus="Plectranthias" kingdom="Animalia" order="Perciformes" pageId="96" pageNumber="97" phylum="Chordata" rank="species" species="pallidus">
<emphasis box="[397,514,1137,1163]" italics="true" pageId="96" pageNumber="97">P. pallidus</emphasis>
</taxonomicName>
<typeStatus box="[521,619,1137,1163]" pageId="96" pageNumber="97">holotype</typeStatus>
and was collected on the same voyage from almost the same locality and depth (
<figureCitation box="[230,364,1173,1199]" captionStart="FIGURE 40" captionStartId="97.[151,250,1249,1273]" captionTargetBox="[151,1436,181,1225]" captionTargetId="figure-18@97.[151,1436,181,1225]" captionTargetPageId="97" captionText="FIGURE 40. Plectranthias retrofasciatus, preserved Australian specimens:A) AMS I.26844-001, 16.0 mm SL, off Lady Elliot Island, Great Barrier Reef; B) AMS I.25811-006, 89.4 mm SL, preserved, off Townsville, Queensland. Purple blotches in B are artefactual. Photos by A.C. Gill." figureDoi="http://doi.org/10.5281/zenodo.4472007" httpUri="https://zenodo.org/record/4472007/files/figure.png" pageId="96" pageNumber="97">Figure 40B</figureCitation>
). Randall &amp; Hoese compared 
<taxonomicName authorityName="Randall &amp; Hoese" authorityYear="1995" box="[709,828,1173,1199]" class="Actinopterygii" family="Serranidae" genus="Plectranthias" kingdom="Animalia" order="Perciformes" pageId="96" pageNumber="97" phylum="Chordata" rank="species" species="pallidus">
<emphasis box="[709,828,1173,1199]" italics="true" pageId="96" pageNumber="97">P. pallidus</emphasis>
</taxonomicName>
only with 
<taxonomicName authorityName="in Allen &amp; Swainston" authorityYear="1988" box="[953,1079,1173,1199]" class="Actinopterygii" family="Serranidae" genus="Plectranthias" kingdom="Animalia" order="Perciformes" pageId="96" pageNumber="97" phylum="Chordata" rank="species" species="wheeleri">
<emphasis box="[953,1079,1173,1199]" italics="true" pageId="96" pageNumber="97">P. wheeleri</emphasis>
</taxonomicName>
, and not with 
<taxonomicName box="[1247,1429,1173,1199]" class="Actinopterygii" family="Serranidae" genus="Plectranthias" kingdom="Animalia" order="Perciformes" pageId="96" pageNumber="97" phylum="Chordata" rank="species" species="retrofasciatus">
<emphasis box="[1247,1429,1173,1199]" italics="true" pageId="96" pageNumber="97">P. retrofasciatus</emphasis>
</taxonomicName>
. 
<bibRefCitation author="Randall, J. E." box="[151,323,1209,1236]" pageId="96" pageNumber="97" pagination="113 - 131" refId="ref74170" refString="Randall, J. E. (1996) Two new anthiine fishes of the genus Plectranthias (Perciformes: Serranidae), with a key to the species. Micronesica, 29, 113 - 131." type="journal article" year="1996">Randall (1996)</bibRefCitation>
differentiated 
<taxonomicName box="[493,676,1209,1235]" class="Actinopterygii" family="Serranidae" genus="Plectranthias" kingdom="Animalia" order="Perciformes" pageId="96" pageNumber="97" phylum="Chordata" rank="species" species="retrofasciatus">
<emphasis box="[493,676,1209,1235]" italics="true" pageId="96" pageNumber="97">P. retrofasciatus</emphasis>
</taxonomicName>
from subsequent species in his key (including 
<taxonomicName authorityName="Randall &amp; Hoese" authorityYear="1995" box="[1225,1345,1209,1235]" class="Actinopterygii" family="Serranidae" genus="Plectranthias" kingdom="Animalia" order="Perciformes" pageId="96" pageNumber="97" phylum="Chordata" rank="species" species="pallidus">
<emphasis box="[1225,1345,1209,1235]" italics="true" pageId="96" pageNumber="97">P. pallidus</emphasis>
</taxonomicName>
) on the basis of coloration (presence versus absence of two sharply defined red bars, one on body through notched portion of dorsal fin and the other through caudal peduncle) and lower jaw dentition (inner row teeth about twice as long as those in outer rows versus about same size as outer row teeth).
</paragraph>
<paragraph blockId="96.[151,1437,705,2028]" pageId="96" pageNumber="97">
<bibRefCitation author="White, W. &amp; Last, P. &amp; Dharmadi &amp; Faizah, R. &amp; Chodrijah, U. &amp; Prisantoso &amp; Iskander, B. &amp; Pogonoski, J. &amp; Puckridge, M. &amp; Blaber, S." box="[199,411,1353,1379]" pageId="96" pageNumber="97" refId="ref75953" refString="White, W., Last, P., Dharmadi, Faizah, R., Chodrijah, U., Prisantoso, Iskander, B., Pogonoski, J., Puckridge, M. &amp; Blaber, S. (2013) Market Fishes of Indonesia. ACIAR Publishing, Canberra, 438 pp." type="book" year="2013">
White 
<emphasis box="[274,330,1353,1379]" italics="true" pageId="96" pageNumber="97">et al.</emphasis>
(2013)
</bibRefCitation>
and 
<bibRefCitation author="Peristiwady, T. &amp; Makatipu, P. C. &amp; Satrioajie, W. N. &amp; Wibowo, K." box="[465,741,1353,1379]" pageId="96" pageNumber="97" pagination="87 - 93" refId="ref73832" refString="Peristiwady, T., Makatipu, P. C., Satrioajie, W. N. &amp; Wibowo, K. (2014) Two new records of anthiine fishes genus Plectranthias (Perciformes: Serranidae) from Indonesia. Marine Research in Indonesia, 39, 87 - 93. https: // doi. org / 10.14203 / mri. v 39 i 2.89" type="journal article" year="2014">
Peristiwady 
<emphasis box="[604,660,1353,1379]" italics="true" pageId="96" pageNumber="97">et al.</emphasis>
(2014)
</bibRefCitation>
recorded 
<taxonomicName box="[852,1032,1353,1379]" class="Actinopterygii" family="Serranidae" genus="Plectranthias" kingdom="Animalia" order="Perciformes" pageId="96" pageNumber="97" phylum="Chordata" rank="species" species="retrofasciatus">
<emphasis box="[852,1032,1353,1379]" italics="true" pageId="96" pageNumber="97">P. retrofasciatus</emphasis>
</taxonomicName>
from 
<collectingCountry box="[1100,1209,1353,1379]" name="Indonesia" pageId="96" pageNumber="97">Indonesia</collectingCountry>
on the basis of market specimens from Lombok and northern 
<collectingRegion box="[621,725,1389,1415]" country="Indonesia" name="Sulawesi Utara" pageId="96" pageNumber="97">Sulawesi</collectingRegion>
, respectively. Y.K. Tea (pers. comm.) brought to our attention an additional Indonesian specimen (from 
<collectingRegion box="[579,630,1426,1452]" country="Indonesia" name="Jawa Timur" pageId="96" pageNumber="97">Java</collectingRegion>
) that entered the marine aquarium fish trade (
<figureCitation box="[1132,1266,1425,1451]" captionStart="FIGURE 41" captionStartId="98.[151,250,1943,1967]" captionTargetBox="[227,1360,181,1898]" captionTargetId="figure-21@98.[227,1360,181,1919]" captionTargetPageId="98" captionText="FIGURE 41. Plectranthias retrofasciatus, Indonesian specimens: A) aquarium specimen (not retained), Java; B) CSIRO H 7219-08, 77.5 mm SL, freshly dead, Tanjung Luar fish market, southeast coast of Lombok; C) specimen in B after nine years in preservative. Photos by Y.K. Tea (A), W. White, CSIRO (B) and N. Bax, CSIRO (C)." figureDoi="http://doi.org/10.5281/zenodo.4472011" httpUri="https://zenodo.org/record/4472011/files/figure.png" pageId="96" pageNumber="97">Figure 41A</figureCitation>
). There are two specimens in the CSIRO collection, which formed the basis of White 
<emphasis box="[919,974,1461,1487]" italics="true" pageId="96" pageNumber="97">et al.</emphasis>
’s record, one of which was photographed when fresh (
<figureCitation box="[295,430,1497,1523]" captionStart="FIGURE 41" captionStartId="98.[151,250,1943,1967]" captionTargetBox="[227,1360,181,1898]" captionTargetId="figure-21@98.[227,1360,181,1919]" captionTargetPageId="98" captionText="FIGURE 41. Plectranthias retrofasciatus, Indonesian specimens: A) aquarium specimen (not retained), Java; B) CSIRO H 7219-08, 77.5 mm SL, freshly dead, Tanjung Luar fish market, southeast coast of Lombok; C) specimen in B after nine years in preservative. Photos by Y.K. Tea (A), W. White, CSIRO (B) and N. Bax, CSIRO (C)." figureDoi="http://doi.org/10.5281/zenodo.4472011" httpUri="https://zenodo.org/record/4472011/files/figure.png" pageId="96" pageNumber="97">Figure 41B</figureCitation>
). When examined in 
<date box="[679,790,1497,1523]" pageId="96" pageNumber="97" value="2020-02">Feb 2020</date>
, the photographed specimen was very pale, with only a weak indication of the red bars and other markings persisting as scattered fine melanophores (
<figureCitation box="[1216,1350,1533,1559]" captionStart="FIGURE 41" captionStartId="98.[151,250,1943,1967]" captionTargetBox="[227,1360,181,1898]" captionTargetId="figure-21@98.[227,1360,181,1919]" captionTargetPageId="98" captionText="FIGURE 41. Plectranthias retrofasciatus, Indonesian specimens: A) aquarium specimen (not retained), Java; B) CSIRO H 7219-08, 77.5 mm SL, freshly dead, Tanjung Luar fish market, southeast coast of Lombok; C) specimen in B after nine years in preservative. Photos by Y.K. Tea (A), W. White, CSIRO (B) and N. Bax, CSIRO (C)." figureDoi="http://doi.org/10.5281/zenodo.4472011" httpUri="https://zenodo.org/record/4472011/files/figure.png" pageId="96" pageNumber="97">Figure 41C</figureCitation>
). These markings were even less obvious in the other CSIRO specimen. Peristiwady 
<emphasis box="[1022,1079,1569,1595]" italics="true" pageId="96" pageNumber="97">et al.</emphasis>
also noted that their specimens were pale following preservation. Suspecting that 
<taxonomicName authorityName="Randall &amp; Hoese" authorityYear="1995" box="[713,831,1605,1631]" class="Actinopterygii" family="Serranidae" genus="Plectranthias" kingdom="Animalia" order="Perciformes" pageId="96" pageNumber="97" phylum="Chordata" rank="species" species="pallidus">
<emphasis box="[713,831,1605,1631]" italics="true" pageId="96" pageNumber="97">P. pallidus</emphasis>
</taxonomicName>
may be referable to 
<taxonomicName box="[1062,1242,1605,1631]" class="Actinopterygii" family="Serranidae" genus="Plectranthias" kingdom="Animalia" order="Perciformes" pageId="96" pageNumber="97" phylum="Chordata" rank="species" species="retrofasciatus">
<emphasis box="[1062,1242,1605,1631]" italics="true" pageId="96" pageNumber="97">P. retrofasciatus</emphasis>
</taxonomicName>
, we re-examined the 
<typeStatus box="[193,291,1641,1667]" pageId="96" pageNumber="97">holotype</typeStatus>
and non-type specimen from off Townsville. We found that they not only had very faint indication of the mid-body and caudal peduncle bars, but the enlarged inner row teeth in the lower jaw characteristic of 
<taxonomicName class="Actinopterygii" family="Serranidae" genus="Plectranthias" kingdom="Animalia" order="Perciformes" pageId="96" pageNumber="97" phylum="Chordata" rank="species" species="retrofasciatus">
<emphasis italics="true" pageId="96" pageNumber="97">P. retrofasciatus</emphasis>
</taxonomicName>
. We found no other substantial differences between the specimens, and therefore place 
<taxonomicName authorityName="Randall &amp; Hoese" authorityYear="1995" box="[1245,1364,1713,1739]" class="Actinopterygii" family="Serranidae" genus="Plectranthias" kingdom="Animalia" order="Perciformes" pageId="96" pageNumber="97" phylum="Chordata" rank="species" species="pallidus">
<emphasis box="[1245,1364,1713,1739]" italics="true" pageId="96" pageNumber="97">P. pallidus</emphasis>
</taxonomicName>
in the synonymy of 
<taxonomicName box="[305,486,1749,1775]" class="Actinopterygii" family="Serranidae" genus="Plectranthias" kingdom="Animalia" order="Perciformes" pageId="96" pageNumber="97" phylum="Chordata" rank="species" species="retrofasciatus">
<emphasis box="[305,486,1749,1775]" italics="true" pageId="96" pageNumber="97">P. retrofasciatus</emphasis>
</taxonomicName>
.
</paragraph>
<paragraph blockId="96.[151,1437,705,2028]" pageId="96" pageNumber="97">
<bibRefCitation author="Sih, T. L. &amp; Cappo, M. &amp; Kingsford, M." box="[199,385,1785,1811]" pageId="96" pageNumber="97" pagination="10886" refId="ref74892" refString="Sih, T. L., Cappo, M. &amp; Kingsford, M. (2017). Deep-reef fish assemblages of the Great Barrier Reef shelf-break (Australia). Scientific Reports, 7, 10886. https: // doi. org / 10.1038 / s 41598 - 017 - 11452 - 1" type="journal article" year="2017">
Sih 
<emphasis box="[245,302,1785,1811]" italics="true" pageId="96" pageNumber="97">et al.</emphasis>
(2017)
</bibRefCitation>
recorded 
<taxonomicName box="[499,617,1785,1811]" class="Actinopterygii" family="Serranidae" genus="Plectranthias" kingdom="Animalia" order="Perciformes" pageId="96" pageNumber="97" phylum="Chordata" rank="species" species="kelloggi">
<emphasis box="[499,617,1785,1811]" italics="true" pageId="96" pageNumber="97">P. kelloggi</emphasis>
</taxonomicName>
from the central Great Barrier Reef (ca 
<geoCoordinate box="[1075,1167,1787,1814]" degrees="18" direction="south" minutes="12" orientation="latitude" pageId="96" pageNumber="97" precision="925" value="-18.2">18°12′S</geoCoordinate>
, 
<geoCoordinate box="[1179,1284,1787,1814]" degrees="147" direction="east" minutes="15" orientation="longitude" pageId="96" pageNumber="97" precision="925" value="147.25">147°15′E</geoCoordinate>
and 
<geoCoordinate box="[1340,1432,1787,1814]" degrees="18" direction="south" minutes="15" orientation="latitude" pageId="96" pageNumber="97" precision="925" value="-18.25">18°15′S</geoCoordinate>
, 
<geoCoordinate box="[151,257,1823,1850]" degrees="147" direction="east" minutes="23" orientation="longitude" pageId="96" pageNumber="97" precision="925" value="147.38333">147°23′E</geoCoordinate>
) based on video footage from baited cameras in 
<quantity box="[831,963,1821,1848]" metricMagnitude="2" metricUnit="m" metricValue="1.67" metricValueMax="1.7899999999999998" metricValueMin="1.55" pageId="96" pageNumber="97" unit="m" value="167.0" valueMax="179.0" valueMin="155.0">155–179 m</quantity>
, but their observations also appear to be referable to 
<taxonomicName box="[289,471,1857,1883]" class="Actinopterygii" family="Serranidae" genus="Plectranthias" kingdom="Animalia" order="Perciformes" pageId="96" pageNumber="97" phylum="Chordata" rank="species" species="retrofasciatus">
<emphasis box="[289,471,1857,1883]" italics="true" pageId="96" pageNumber="97">P. retrofasciatus</emphasis>
</taxonomicName>
. Based on 
<bibRefCitation author="Randall, J. E." box="[599,788,1857,1883]" pageId="96" pageNumber="97" pagination="101 - 187" refId="ref74071" refString="Randall, J. E. (1980) Revision of the fish genus Plectranthias (Serranidae: Anthiinae) with descriptions of 13 new species. Micronesica, 16, 101 - 187." type="journal article" year="1980">Randall’s (1980)</bibRefCitation>
treatment of 
<taxonomicName authority=", Sih et al." authorityName="Sih" box="[942,1179,1857,1883]" class="Actinopterygii" family="Serranidae" genus="Plectranthias" kingdom="Animalia" order="Perciformes" pageId="96" pageNumber="97" phylum="Chordata" rank="species" species="kelloggi">
<emphasis box="[942,1067,1857,1883]" italics="true" pageId="96" pageNumber="97">P. kelloggi,</emphasis>
Sih 
<emphasis box="[1122,1179,1857,1883]" italics="true" pageId="96" pageNumber="97">et al.</emphasis>
</taxonomicName>
’s record of 
<taxonomicName box="[1317,1436,1857,1883]" class="Actinopterygii" family="Serranidae" genus="Plectranthias" kingdom="Animalia" order="Perciformes" pageId="96" pageNumber="97" phylum="Chordata" rank="species" species="kelloggi">
<emphasis box="[1317,1436,1857,1883]" italics="true" pageId="96" pageNumber="97">P. kelloggi</emphasis>
</taxonomicName>
would indicate the presence of 
<taxonomicName box="[504,656,1893,1919]" class="Actinopterygii" family="Serranidae" genus="Plectranthias" kingdom="Animalia" order="Perciformes" pageId="96" pageNumber="97" phylum="Chordata" rank="species" species="melanesius">
<emphasis box="[504,656,1893,1919]" italics="true" pageId="96" pageNumber="97">P. melanesius</emphasis>
</taxonomicName>
(otherwise 
<taxonomicName authorityName="Jordan &amp; Richardson" authorityYear="1910" box="[790,930,1894,1919]" class="Actinopterygii" family="Serranidae" genus="Pseudanthias" kingdom="Animalia" order="Perciformes" pageId="96" pageNumber="97" phylum="Chordata" rank="species" species="azumanus">
<emphasis box="[790,930,1894,1919]" italics="true" pageId="96" pageNumber="97">P. azumanus</emphasis>
</taxonomicName>
– see Remarks for 
<taxonomicName box="[1151,1303,1893,1919]" class="Actinopterygii" family="Serranidae" genus="Plectranthias" kingdom="Animalia" order="Perciformes" pageId="96" pageNumber="97" phylum="Chordata" rank="species" species="melanesius">
<emphasis box="[1151,1303,1893,1919]" italics="true" pageId="96" pageNumber="97">P. melanesius</emphasis>
</taxonomicName>
). However, the fishes in their footage have two red bars on the posterior body, the anterior of which is relatively narrow, slopes posteroventrally and tapers ventrally. This agrees well with the condition found in 
<taxonomicName box="[1074,1255,1965,1991]" class="Actinopterygii" family="Serranidae" genus="Plectranthias" kingdom="Animalia" order="Perciformes" pageId="96" pageNumber="97" phylum="Chordata" rank="species" species="retrofasciatus">
<emphasis box="[1074,1255,1965,1991]" italics="true" pageId="96" pageNumber="97">P. retrofasciatus</emphasis>
</taxonomicName>
. In contrast, the anterior bar in 
<taxonomicName authorityName="Jordan &amp; Richardson" authorityYear="1910" box="[317,456,2002,2027]" class="Actinopterygii" family="Serranidae" genus="Pseudanthias" kingdom="Animalia" order="Perciformes" pageId="96" pageNumber="97" phylum="Chordata" rank="species" species="azumanus">
<emphasis box="[317,456,2002,2027]" italics="true" pageId="96" pageNumber="97">P. azumanus</emphasis>
</taxonomicName>
and 
<taxonomicName box="[511,662,2001,2027]" class="Actinopterygii" family="Serranidae" genus="Plectranthias" kingdom="Animalia" order="Perciformes" pageId="96" pageNumber="97" phylum="Chordata" rank="species" species="melanesius">
<emphasis box="[511,662,2001,2027]" italics="true" pageId="96" pageNumber="97">P. melanesius</emphasis>
</taxonomicName>
is more or less vertical, and broad throughout its length.
</paragraph>
</subSubSection>
<caption ID-DOI="http://doi.org/10.5281/zenodo.4472007" ID-Zenodo-Dep="4472007" httpUri="https://zenodo.org/record/4472007/files/figure.png" pageId="97" pageNumber="98" startId="97.[151,250,1249,1273]" targetBox="[151,1436,181,1225]" targetPageId="97">
<paragraph blockId="97.[151,1436,1249,1345]" pageId="97" pageNumber="98">
<emphasis bold="true" box="[151,288,1249,1273]" pageId="97" pageNumber="98">FIGURE 40.</emphasis>
<taxonomicName box="[294,575,1249,1273]" class="Actinopterygii" family="Serranidae" genus="Plectranthias" kingdom="Animalia" order="Perciformes" pageId="97" pageNumber="98" phylum="Chordata" rank="species" species="retrofasciatus">
<emphasis box="[294,575,1249,1273]" italics="true" pageId="97" pageNumber="98">Plectranthias retrofasciatus</emphasis>
</taxonomicName>
, preserved Australian specimens: A) AMS I.26844-001, 16.0 mm SL, off Lady Elliot Island, Great Barrier Reef; B) AMS I.25811-006, 89.4 mm SL, preserved, off Townsville, Queensland. Purple blotches in B are artefactual. Photos by A.C. Gill.
</paragraph>
</caption>
<subSubSection pageId="97" pageNumber="98" type="description">
<paragraph blockId="97.[151,1437,1391,1960]" pageId="97" pageNumber="98">We add the following new observations based on our examination of the Australian and Indonesian specimens: scales with peripheral cteni; vertebrae 10+16; supraneurals 3; predorsal formula 0/0+0/2/1+1; dorsal pterygiophores in interneural spaces 9–13 1/1/1+1/1+1/1+1; no trisegmental pterygiophores associated with dorsal fin; terminal dorsal pterygiophore in interneural space 17–18; no trisegmental pterygiophores associated with anal fin; terminal anal pterygiophore in interhaemal space 5; ribs present on vertebrae 3 through 10; epineurals present on vertebrae 1 through 12–13; parhypural and hypurals autogenous; well-developed hypurapophysis on parhypural; epurals 3; single uroneural (posterior uroneural absent); ventral tip of cleithrum with well-developed posteroventral process; proximal tip of first anal-fin pterygiophore near distal tips of parapophyses on vertebra 10.</paragraph>
<paragraph blockId="97.[151,1437,1391,1960]" box="[199,1055,1679,1706]" pageId="97" pageNumber="98">
Morphometric data and additional meristic data are summarised in 
<tableCitation box="[951,1050,1679,1705]" captionStart="TABLE 29" captionStartId="99.[151,239,522,548]" captionText="TABLE 29. Selected meristic values and morphometric values (as percentages of SL) for specimens of Plectranthias retrofasciatus. Data for the holotype of P. retrofasciatus are from Fourmanoir &amp; Randall (1979). Data for the caudal-fin length and concavity of the holotype of P. pallidus are from Randall &amp; Hoese (1995). * indicates where a measurement could not be made, owing to damage. ** comparison with other descriptions suggests different methods of counting." pageId="97" pageNumber="98">Table 29</tableCitation>
.
</paragraph>
</subSubSection>
<subSubSection pageId="97" pageNumber="98" type="materials_examined">
<paragraph blockId="97.[151,1437,1391,1960]" pageId="97" pageNumber="98">
<emphasis bold="true" box="[199,435,1715,1741]" pageId="97" pageNumber="98">Material examined.</emphasis>
<materialsCitation collectionCode="AMS" country="Australia" elevation="194" latitude="-24.066668" location="Great Barrier Reef" longLatPrecision="125" longitude="152.63" municipality="Lady Elliot Island" pageId="97" pageNumber="98" specimenCount="1" stateProvince="Queensland">
<emphasis bold="true" box="[443,718,1715,1741]" pageId="97" pageNumber="98">
<collectingRegion box="[443,586,1715,1741]" country="Australia" name="Queensland" pageId="97" pageNumber="98">Queensland</collectingRegion>
, 
<collectingCountry box="[599,713,1715,1741]" name="Australia" pageId="97" pageNumber="98">Australia</collectingCountry>
.
</emphasis>
<collectionCode box="[727,788,1715,1741]" pageId="97" pageNumber="98">AMS</collectionCode>
I.26844-001, 16.0 mm SL, 
<location LSID="urn:lsid:plazi:treatment:335587B2C4371C6FFF28FB1EFA78F87C:BE23607FC4361C6FFBEAFCC3FAC8F914" box="[1109,1325,1715,1741]" country="Australia" latitude="-24.066668" longLatPrecision="125" longitude="152.63" municipality="Lady Elliot Island" name="Great Barrier Reef" pageId="97" pageNumber="98" stateProvince="Queensland">Great Barrier Reef</location>
, off 
<collectingMunicipality pageId="97" pageNumber="98">Lady Elliot Island</collectingMunicipality>
, 
<geoCoordinate box="[308,420,1753,1780]" degrees="24" direction="south" minutes="04.0" orientation="latitude" pageId="97" pageNumber="98" precision="92" value="-24.066668">24°04.0′S</geoCoordinate>
, 
<geoCoordinate box="[434,562,1753,1780]" degrees="152" direction="east" minutes="37.8" orientation="longitude" pageId="97" pageNumber="98" precision="92" value="152.63">152°37.8′E</geoCoordinate>
, 
<quantity box="[576,652,1751,1778]" metricMagnitude="2" metricUnit="m" metricValue="1.94" pageId="97" pageNumber="98" unit="m" value="194.0">
<elevation box="[576,652,1751,1778]" metricMagnitude="2" metricUnit="m" metricValue="1.94" pageId="97" pageNumber="98" unit="m" value="194.0">194 m</elevation>
</quantity>
, sled dredge
</materialsCitation>
, 
<materialsCitation box="[813,1096,1751,1778]" collectingDate="1984-07-07" collectionCode="R, V" country="Australia" pageId="97" pageNumber="98" specimenCount="1">
<collectionCode box="[813,833,1752,1778]" country="Chile" name="Departamento de Geologia, Universidad de Chile" pageId="97" pageNumber="98">R</collectionCode>
. 
<collectionCode box="[837,859,1752,1778]" country="Canada" lsid="urn:lsid:biocol.org:col:13946" name="Royal British Columbia Museum - Herbarium" pageId="97" pageNumber="98" type="Museum">V</collectionCode>
. 
<taxonomicName authorityName="Griffin &amp; Tranter" authorityYear="1986" box="[872,954,1751,1777]" class="Malacostraca" family="Majidae" genus="Kimbla" kingdom="Animalia" order="Decapoda" pageId="97" pageNumber="98" phylum="Arthropoda" rank="genus">
<emphasis box="[872,954,1751,1777]" italics="true" pageId="97" pageNumber="98">Kimbla</emphasis>
</taxonomicName>
, 
<date box="[971,1096,1751,1778]" pageId="97" pageNumber="98" value="1984-07-07">
<collectingDate box="[971,1096,1751,1778]" pageId="97" pageNumber="98" value="1984-07-07">7 Jul 1984</collectingDate>
</date>
</materialsCitation>
; 
<materialsCitation collectionCode="AMS" collectorName="M. McGrouther &amp; S. E. Reader" country="Australia" elevation="220" latitude="-17.975" location="Townsville" longLatPrecision="127" longitude="147.00833" pageId="97" pageNumber="98" specimenCount="1" typeStatus="holotype">
<collectionCode box="[1110,1171,1751,1777]" pageId="97" pageNumber="98">AMS</collectionCode>
I.25800-005, 73.0 mm SL (
<typeStatus box="[198,298,1787,1813]" pageId="97" pageNumber="98">holotype</typeStatus>
of 
<taxonomicName authorityName="Randall &amp; Hoese" authorityYear="1995" box="[336,454,1787,1813]" class="Actinopterygii" family="Serranidae" genus="Plectranthias" kingdom="Animalia" order="Perciformes" pageId="97" pageNumber="98" phylum="Chordata" rank="species" species="pallidus">
<emphasis box="[336,454,1787,1813]" italics="true" pageId="97" pageNumber="98">P. pallidus</emphasis>
</taxonomicName>
), off 
<location LSID="urn:lsid:plazi:treatment:335587B2C4371C6FFF28FB1EFA78F87C:BE23607FC4361C6FFDB9FC8BFD60F8CC" box="[518,645,1787,1813]" country="Australia" latitude="-17.975" longLatPrecision="127" longitude="147.00833" name="Townsville" pageId="97" pageNumber="98">Townsville</location>
, 
<geoCoordinate box="[657,774,1787,1816]" degrees="17" direction="south" minutes="58.5" orientation="latitude" pageId="97" pageNumber="98" precision="92" value="-17.975">17°58.5′ S</geoCoordinate>
<geoCoordinate box="[782,917,1788,1816]" degrees="147" direction="east" minutes="00.5" orientation="longitude" pageId="97" pageNumber="98" precision="92" value="147.00833">147°00.5′ E</geoCoordinate>
, 
<quantity box="[929,1003,1787,1814]" metricMagnitude="2" metricUnit="m" metricValue="2.2" pageId="97" pageNumber="98" unit="m" value="220.0">
<elevation box="[929,1003,1787,1814]" metricMagnitude="2" metricUnit="m" metricValue="2.2" pageId="97" pageNumber="98" unit="m" value="220.0">220 m</elevation>
</quantity>
, bottom trawl, 
<collectorName box="[1175,1352,1787,1814]" pageId="97" pageNumber="98">M. McGrouther</collectorName>
&amp; 
<collectorName pageId="97" pageNumber="98">S.E. Reader</collectorName>
</materialsCitation>
, 
<materialsCitation box="[243,502,1823,1850]" collectingDate="1986-01-08" collectionCode="FRV" country="Australia" location="Soela" pageId="97" pageNumber="98" specimenCount="1" typeStatus="holotype">
<collectionCode box="[243,295,1824,1850]" pageId="97" pageNumber="98">FRV</collectionCode>
<emphasis box="[302,364,1823,1849]" italics="true" pageId="97" pageNumber="98">
<location LSID="urn:lsid:plazi:treatment:335587B2C4371C6FFF28FB1EFA78F87C:BE23607FC4361C6FFE91FD6FFE89F8E0" box="[302,364,1823,1849]" country="Australia" name="Soela" pageId="97" pageNumber="98">Soela</location>
</emphasis>
, 
<date box="[378,502,1823,1850]" pageId="97" pageNumber="98" value="1986-01-08">
<collectingDate box="[378,502,1823,1850]" pageId="97" pageNumber="98" value="1986-01-08">8 Jan 1986</collectingDate>
</date>
</materialsCitation>
; 
<materialsCitation collectionCode="AMS" country="Australia" elevation="219" latitude="-18.0" location="Townsville" longLatPrecision="1277" longitude="147.01666" pageId="97" pageNumber="98" specimenCount="1" typeStatus="holotype">
<collectionCode box="[512,573,1823,1849]" pageId="97" pageNumber="98">AMS</collectionCode>
I.25811-006, 
<quantity box="[730,830,1823,1850]" metricMagnitude="-2" metricUnit="m" metricValue="8.94" pageId="97" pageNumber="98" unit="mm" value="89.4">89.4 mm</quantity>
SL, north of 
<location LSID="urn:lsid:plazi:treatment:335587B2C4371C6FFF28FB1EFA78F87C:BE23607FC4361C6FFC6CFD6FFBB7F8E0" box="[979,1106,1823,1849]" country="Australia" latitude="-18.0" longLatPrecision="1277" longitude="147.01666" name="Townsville" pageId="97" pageNumber="98">Townsville</location>
, 
<geoCoordinate box="[1117,1208,1825,1852]" degrees="18" direction="south" minutes="00" orientation="latitude" pageId="97" pageNumber="98" precision="925" value="-18.0">18°00′S</geoCoordinate>
, 
<geoCoordinate box="[1220,1327,1825,1852]" degrees="147" direction="east" minutes="01" orientation="longitude" pageId="97" pageNumber="98" precision="925" value="147.01666">147°01′E</geoCoordinate>
, 
<quantity metricMagnitude="2" metricUnit="m" metricValue="2.185" metricValueMax="2.19" metricValueMin="2.18" pageId="97" pageNumber="98" unit="m" value="218.5" valueMax="219.0" valueMin="218.0">
<elevation metricMagnitude="2" metricUnit="m" metricValue="2.185" metricValueMax="2.19" metricValueMin="2.18" pageId="97" pageNumber="98" unit="m" value="218.5" valueMax="219.0" valueMin="218.0">218–219 m</elevation>
</quantity>
</materialsCitation>
, 
<collectionCode box="[187,248,1859,1885]" pageId="97" pageNumber="98">AMS</collectionCode>
party, 
<materialsCitation box="[328,912,1859,1886]" collectingDate="1986-01-12" collectionCode="FRV" country="Australia" location="Soela" pageId="97" pageNumber="98" specimenCount="1" typeStatus="holotype">
<collectionCode box="[328,380,1860,1886]" pageId="97" pageNumber="98">FRV</collectionCode>
<emphasis box="[389,451,1859,1885]" italics="true" pageId="97" pageNumber="98">
<location LSID="urn:lsid:plazi:treatment:335587B2C4371C6FFF28FB1EFA78F87C:BE23607FC4361C6FFE3AFD33FE26F884" box="[389,451,1859,1885]" country="Australia" name="Soela" pageId="97" pageNumber="98">Soela</location>
</emphasis>
, 
<date box="[467,606,1859,1886]" pageId="97" pageNumber="98" value="1986-01-12">
<collectingDate box="[467,606,1859,1886]" pageId="97" pageNumber="98" value="1986-01-12">12 Jan 1986</collectingDate>
</date>
(field number SO1/86/23)
</materialsCitation>
. 
<materialsCitation collectingDate="2010-11-04" collectionCode="CSIRO" collectorName="W. White" country="Indonesia" latitude="-8.75" location="Lombok" longLatPrecision="1300" longitude="116.583336" municipality="Tanjung Luar" pageId="97" pageNumber="98" specimenCode="H 7219-08" specimenCount="1" typeStatus="holotype">
<emphasis bold="true" box="[925,1048,1859,1885]" pageId="97" pageNumber="98">
<collectingCountry box="[925,1044,1859,1885]" name="Indonesia" pageId="97" pageNumber="98">Indonesia</collectingCountry>
.
</emphasis>
<collectionCode box="[1057,1139,1859,1885]" country="Australia" httpUri="http://grbio.org/cool/0k2v-y6wz" name="Australian National Fish Collection" pageId="97" pageNumber="98" type="Museum">CSIRO</collectionCode>
<specimenCode box="[1148,1273,1859,1886]" collectionCode="CSIRO" country="Australia" httpUri="http://grbio.org/cool/0k2v-y6wz" name="Australian National Fish Collection" pageId="97" pageNumber="98" type="Museum">H 7219-08</specimenCode>
, 
<quantity box="[1286,1388,1859,1886]" metricMagnitude="-2" metricUnit="m" metricValue="7.75" pageId="97" pageNumber="98" unit="mm" value="77.5">77.5 mm</quantity>
SL, southeast coast of 
<location LSID="urn:lsid:plazi:treatment:335587B2C4371C6FFF28FB1EFA78F87C:BE23607FC4361C6FFED7FD17FE2FF858" box="[360,458,1895,1921]" country="Indonesia" latitude="-8.75" longLatPrecision="1300" longitude="116.583336" municipality="Tanjung Luar" name="Lombok" pageId="97" pageNumber="98">Lombok</location>
, 
<collectingMunicipality box="[470,622,1895,1922]" pageId="97" pageNumber="98">Tanjung Luar</collectingMunicipality>
fish market, 
<geoCoordinate box="[773,849,1897,1924]" degrees="8" direction="south" minutes="45" orientation="latitude" pageId="97" pageNumber="98" precision="925" value="-8.75">8°45′S</geoCoordinate>
, 
<geoCoordinate box="[863,969,1897,1924]" degrees="116" direction="east" minutes="35" orientation="longitude" pageId="97" pageNumber="98" precision="925" value="116.583336">116°35′E</geoCoordinate>
, 
<collectorName box="[980,1090,1895,1922]" pageId="97" pageNumber="98">W. White</collectorName>
, 
<date box="[1102,1240,1895,1922]" pageId="97" pageNumber="98" value="2010-11-04">
<collectingDate box="[1102,1240,1895,1922]" pageId="97" pageNumber="98" value="2010-11-04">4 Nov 2010</collectingDate>
</date>
</materialsCitation>
; 
<materialsCitation collectingDate="2010-11-06" collectionCode="CSIRO" collectorName="W. White" country="Indonesia" latitude="-8.75" location="Lombok Tanjung Luar" longLatPrecision="1300" longitude="116.583336" pageId="97" pageNumber="98" specimenCode="H 7721- 03" specimenCount="1" typeStatus="holotype">
<collectionCode box="[1252,1334,1895,1921]" country="Australia" httpUri="http://grbio.org/cool/0k2v-y6wz" name="Australian National Fish Collection" pageId="97" pageNumber="98" type="Museum">CSIRO</collectionCode>
<specimenCode collectionCode="CSIRO" country="Australia" httpUri="http://grbio.org/cool/0k2v-y6wz" name="Australian National Fish Collection" pageId="97" pageNumber="98" type="Museum">H 7721- 03</specimenCode>
, 
<quantity box="[194,295,1931,1958]" metricMagnitude="-2" metricUnit="m" metricValue="7.05" pageId="97" pageNumber="98" unit="mm" value="70.5">70.5 mm</quantity>
SL, southeast coast of 
<location LSID="urn:lsid:plazi:treatment:335587B2C4371C6FFF28FB1EFA78F87C:BE23607FC4361C6FFD8FFDFBFCCAF87F" box="[560,815,1931,1958]" country="Indonesia" latitude="-8.75" longLatPrecision="1300" longitude="116.583336" name="Lombok Tanjung Luar" pageId="97" pageNumber="98">Lombok Tanjung Luar</location>
fish market, 
<geoCoordinate box="[965,1042,1933,1960]" degrees="8" direction="south" minutes="45" orientation="latitude" pageId="97" pageNumber="98" precision="925" value="-8.75">8°45′S</geoCoordinate>
, 
<geoCoordinate box="[1055,1162,1933,1960]" degrees="116" direction="east" minutes="35" orientation="longitude" pageId="97" pageNumber="98" precision="925" value="116.583336">116°35′E</geoCoordinate>
, 
<collectorName box="[1173,1283,1931,1958]" pageId="97" pageNumber="98">W. White</collectorName>
, 
<date box="[1295,1433,1931,1958]" pageId="97" pageNumber="98" value="2010-11-06">
<collectingDate box="[1295,1433,1931,1958]" pageId="97" pageNumber="98" value="2010-11-06">6 Nov 2010</collectingDate>
</date>
</materialsCitation>
.
</paragraph>
</subSubSection>
</treatment>
</document>