<document ID-DOI="http://doi.org/10.5281/zenodo.4473184" ID-GBIF-Dataset="8a5efe86-cabc-4981-afb4-163791f2530c" ID-ISSN="1175-5326" ID-Zenodo-Dep="4473184" ID-ZooBank="9536C1CF-4AEF-47F8-959B-48CD7A5392D8" _generate="added" approvalRequired="89" approvalRequired_for_bibRefs="2" approvalRequired_for_illustrations="10" approvalRequired_for_taxonomicNames="57" approvalRequired_for_treatments="20" checkinTime="1611086167060" checkinUser="plazi" docAuthor="Van, Rob W. M., Aryasari, Ratih &amp; De, Nicole J." docDate="2021" docId="361087A7FFF6FF9555ABFEEF5223CC9C" docLanguage="en" docName="zootaxa.4912.1.1.pdf" docOrigin="Zootaxa 4912 (1)" docStyle="DocumentStyle:5EBBA59367AD13919D70D935FA04F6A3.5:Zootaxa.2013.monograph" docStyleId="5EBBA59367AD13919D70D935FA04F6A3" docStyleName="Zootaxa.2013.monograph" docStyleVersion="5" docTitle="Mycale (Arenochalina) mirabilis Von Lendenfeld 1887" docType="treatment" docVersion="6" lastPageId="53" lastPageNumber="54" masterDocId="CA29FFDFFFC5FFA0553CFFA5506ACD15" masterDocTitle="Mycale species of the tropical Indo-West Pacific (Porifera, Demospongiae, Poecilosclerida)" masterLastPageNumber="212" masterPageNumber="1" pageId="51" pageNumber="52" updateTime="1611767966447" updateUser="ExternalLinkService">
<mods:mods xmlns:mods="http://www.loc.gov/mods/v3">
<mods:titleInfo>
<mods:title>Mycale species of the tropical Indo-West Pacific (Porifera, Demospongiae, Poecilosclerida)</mods:title>
</mods:titleInfo>
<mods:name type="personal">
<mods:role>
<mods:roleTerm>Author</mods:roleTerm>
</mods:role>
<mods:namePart>Van, Rob W. M.</mods:namePart>
</mods:name>
<mods:name type="personal">
<mods:role>
<mods:roleTerm>Author</mods:roleTerm>
</mods:role>
<mods:namePart>Aryasari, Ratih</mods:namePart>
</mods:name>
<mods:name type="personal">
<mods:role>
<mods:roleTerm>Author</mods:roleTerm>
</mods:role>
<mods:namePart>De, Nicole J.</mods:namePart>
<mods:nameIdentifier type="ORCID">0000-0002-7985-5604</mods:nameIdentifier>
<mods:nameIdentifier type="email">rob.vansoest@naturalis.nl</mods:nameIdentifier>
</mods:name>
<mods:typeOfResource>text</mods:typeOfResource>
<mods:relatedItem type="host">
<mods:titleInfo>
<mods:title>Zootaxa</mods:title>
</mods:titleInfo>
<mods:part>
<mods:date>2021</mods:date>
<mods:detail type="pubDate">
<mods:number>2021-01-19</mods:number>
</mods:detail>
<mods:detail type="volume">
<mods:number>4912</mods:number>
</mods:detail>
<mods:detail type="issue">
<mods:number>1</mods:number>
</mods:detail>
<mods:extent unit="page">
<mods:start>1</mods:start>
<mods:end>212</mods:end>
</mods:extent>
</mods:part>
</mods:relatedItem>
<mods:classification>journal article</mods:classification>
<mods:identifier type="DOI">https://doi.org/10.11646/zootaxa.4912.1.1</mods:identifier>
<mods:identifier type="GBIF-Dataset">8a5efe86-cabc-4981-afb4-163791f2530c</mods:identifier>
<mods:identifier type="ISSN">1175-5326</mods:identifier>
<mods:identifier type="Zenodo-Dep">4450930</mods:identifier>
<mods:identifier type="ZooBank">9536C1CF-4AEF-47F8-959B-48CD7A5392D8</mods:identifier>
</mods:mods>
<treatment ID-DOI="http://doi.org/10.5281/zenodo.4473184" ID-Zenodo-Dep="4473184" LSID="urn:lsid:plazi:treatment:361087A7FFF6FF9555ABFEEF5223CC9C" httpUri="http://treatment.plazi.org/id/361087A7FFF6FF9555ABFEEF5223CC9C" lastPageId="53" lastPageNumber="54" pageId="51" pageNumber="52">
<subSubSection box="[151,846,330,357]" pageId="51" pageNumber="52" type="nomenclature">
<paragraph blockId="51.[151,846,330,357]" box="[151,846,330,357]" pageId="51" pageNumber="52">
<heading bold="true" box="[151,846,330,357]" fontSize="11" level="2" pageId="51" pageNumber="52" reason="4">
<taxonomicName authority="(Von Lendenfeld, 1887)" baseAuthorityName="Von Lendenfeld" baseAuthorityYear="1887" box="[151,846,330,357]" class="Demospongiae" family="Mycalidae" genus="Mycale" kingdom="Animalia" order="Poecilosclerida" pageId="51" pageNumber="52" phylum="Porifera" rank="species" species="mirabilis" subGenus="Arenochalina">
<emphasis bold="true" box="[151,846,330,357]" pageId="51" pageNumber="52">
<emphasis bold="true" box="[151,548,330,357]" italics="true" pageId="51" pageNumber="52">Mycale (Arenochalina) mirabilis</emphasis>
(
<bibRefCitation author="Von Lendenfeld, R." box="[562,838,330,356]" pageId="51" pageNumber="52" pagination="723 - 828" refId="ref138194" refString="Von Lendenfeld, R. (1887) Die Chalineen des australischen Gebietes. Zoologische Jahrb ʾ cher, Jena, 2, 723 - 828, pls. XVIII- XXVII." type="journal article" year="1887">Von Lendenfeld, 1887</bibRefCitation>
)
</emphasis>
</taxonomicName>
</heading>
</paragraph>
</subSubSection>
<subSubSection pageId="51" pageNumber="52" type="reference_group">
<paragraph blockId="51.[151,1436,399,699]" pageId="51" pageNumber="52">
<treatmentCitationGroup pageId="51" pageNumber="52">
<taxonomicName authority="Von Lendenfeld, 1887: 821" authorityName="Von Lendenfeld" authorityPageNumber="821" authorityYear="1887" box="[151,666,399,423]" genus="Arenochalina" kingdom="Animalia" pageId="51" pageNumber="52" rank="species" species="mirabilis">
<treatmentCitation author="Von Lendenfeld, R." box="[151,666,399,423]" page="821" pageId="51" pageNumber="52" year="1887">
<emphasis box="[151,386,399,423]" italics="true" pageId="51" pageNumber="52">Arenochalina mirabilis</emphasis>
<bibRefCitation author="Von Lendenfeld, R." box="[390,666,399,423]" pageId="51" pageNumber="52" pagination="723 - 828" refId="ref138194" refString="Von Lendenfeld, R. (1887) Die Chalineen des australischen Gebietes. Zoologische Jahrb ʾ cher, Jena, 2, 723 - 828, pls. XVIII- XXVII." type="journal article" year="1887">Von Lendenfeld, 1887: 821</bibRefCitation>
</treatmentCitation>
</taxonomicName>
, pl. XXVI fig. 70, pl. XXVII fig. 28; 
<bibRefCitation author="Von Lendenfeld, R." box="[1040,1310,399,423]" pageId="51" pageNumber="52" refId="ref138226" refString="Von Lendenfeld, R. (1888) Descriptive Catalogue of the Sponges in the Australian Museum, Sidney. Taylor &amp; Francis, London, xiv + 260 pp., 12 pls." type="book" year="1888">
<treatmentCitation author="Von Lendenfeld, R." box="[1040,1310,399,423]" page="103" pageId="51" pageNumber="52" year="1888">Von Lendenfeld 1888: 103</treatmentCitation>
</bibRefCitation>
; 
<bibRefCitation author="Whitelegge, T." pageId="51" pageNumber="52" pagination="211 - 216" refId="ref138481" refString="Whitelegge, T. (1902). Supplementary notes to the report on sponges from the coastal beaches of New South Wales. Records of the Australian Museum, 4 (5), 211 - 216. https: // doi. org / 10.3853 / j. 0067 - 1975.4.1902.1099" type="journal article" year="1902">
<treatmentCitation author="Whitelegge, T." page="212" pageId="51" pageNumber="52" year="1902">Whitelegge 1902: 212–213</treatmentCitation>
</bibRefCitation>
; 
<bibRefCitation author="Pulitzer-Finali, G." box="[365,633,430,454]" pageId="51" pageNumber="52" pagination="87 - 141" refId="ref134636" refString="Pulitzer-Finali, G. (1982 a [1980 - 1981]) Some new or little-known sponges from the Great Barrier Reef of Australia. Bollettino dei Musei e degli Istituti Biologici dell'Universit di Genova, 48 - 49, 87 - 141." type="journal article" year="1982">
<treatmentCitation author="Pulitzer-Finali, G." box="[365,633,430,454]" page="100" pageId="51" pageNumber="52" year="1982">Pulitzer-Finali 1982a: 100</treatmentCitation>
</bibRefCitation>
, fig. 12.
</treatmentCitationGroup>
</paragraph>
<paragraph blockId="51.[151,1436,399,699]" box="[151,537,460,484]" pageId="51" pageNumber="52">
<treatmentCitationGroup box="[151,537,460,484]" pageId="51" pageNumber="52">
<taxonomicName authority="Dendy, 1896: 16" authorityName="Dendy" authorityPageNumber="16" authorityYear="1896" box="[151,533,460,484]" genus="Esperella" kingdom="Animalia" pageId="51" pageNumber="52" rank="species" species="spongiosa">
<treatmentCitation author="Dendy, A." box="[151,533,460,484]" page="16" pageId="51" pageNumber="52" year="1896">
<emphasis box="[151,357,460,484]" italics="true" pageId="51" pageNumber="52">Esperella spongiosa</emphasis>
<bibRefCitation author="Dendy, A." box="[363,533,460,484]" pageId="51" pageNumber="52" pagination="14 - 51" refId="ref130561" refString="Dendy, A. (1896) Catalogue of Non-Calcareous Sponges collected by J. Bracebridge Wilson, Esq., M. A., in the neighbourhood of Port Phillip Heads. Part II. Proceedings of the Royal Society of Victoria, New Series, 8, 14 - 51." type="journal article" year="1896">Dendy, 1896: 16</bibRefCitation>
</treatmentCitation>
</taxonomicName>
.
</treatmentCitationGroup>
</paragraph>
<paragraph blockId="51.[151,1436,399,699]" box="[151,513,491,515]" pageId="51" pageNumber="52">
<treatmentCitationGroup box="[151,513,491,515]" pageId="51" pageNumber="52">
<emphasis box="[151,161,491,515]" italics="true" pageId="51" pageNumber="52">?</emphasis>
<taxonomicName authority="Dendy, 1896: 17" authorityName="Dendy" authorityPageNumber="17" authorityYear="1896" box="[161,509,491,515]" genus="Esperella" kingdom="Animalia" pageId="51" pageNumber="52" rank="species" species="crassa">
<treatmentCitation author="Dendy, A." box="[161,509,491,515]" page="17" pageId="51" pageNumber="52" year="1896">
<emphasis box="[161,332,491,515]" italics="true" pageId="51" pageNumber="52">Esperella crassa</emphasis>
<bibRefCitation author="Dendy, A." box="[339,509,491,515]" pageId="51" pageNumber="52" pagination="14 - 51" refId="ref130561" refString="Dendy, A. (1896) Catalogue of Non-Calcareous Sponges collected by J. Bracebridge Wilson, Esq., M. A., in the neighbourhood of Port Phillip Heads. Part II. Proceedings of the Royal Society of Victoria, New Series, 8, 14 - 51." type="journal article" year="1896">Dendy, 1896: 17</bibRefCitation>
</treatmentCitation>
</taxonomicName>
.
</treatmentCitationGroup>
</paragraph>
<paragraph blockId="51.[151,1436,399,699]" box="[151,485,522,546]" pageId="51" pageNumber="52">
? 
<taxonomicName authority="Dendy, 1896: 18" authorityName="Dendy" authorityPageNumber="18" authorityYear="1896" box="[162,481,522,546]" genus="Esperella" kingdom="Animalia" pageId="51" pageNumber="52" rank="species" species="rara">
<emphasis box="[162,310,522,546]" italics="true" pageId="51" pageNumber="52">Esperella rara</emphasis>
<bibRefCitation author="Dendy, A." box="[316,481,522,546]" pageId="51" pageNumber="52" pagination="14 - 51" refId="ref130561" refString="Dendy, A. (1896) Catalogue of Non-Calcareous Sponges collected by J. Bracebridge Wilson, Esq., M. A., in the neighbourhood of Port Phillip Heads. Part II. Proceedings of the Royal Society of Victoria, New Series, 8, 14 - 51." type="journal article" year="1896">Dendy, 1896:18</bibRefCitation>
</taxonomicName>
.
</paragraph>
<paragraph blockId="51.[151,1436,399,699]" pageId="51" pageNumber="52">
<treatmentCitationGroup pageId="51" pageNumber="52">
<taxonomicName baseAuthorityName="Von Lendenfeld" baseAuthorityYear="1887" box="[151,487,552,576]" class="Demospongiae" family="Mycalidae" genus="Mycale" kingdom="Animalia" order="Poecilosclerida" pageId="51" pageNumber="52" phylum="Porifera" rank="species" species="mirabilis" subGenus="Arenochalina">
<emphasis box="[151,487,552,576]" italics="true" pageId="51" pageNumber="52">Mycale (Arenochalina) mirabilis</emphasis>
</taxonomicName>
; 
<bibRefCitation author="Hallmann, E. F." box="[502,713,552,577]" pageId="51" pageNumber="52" pagination="117 - 300" refId="ref132190" refString="Hallmann, E. F. (1912) Report on the Sponges obtained by the F. I. S. ' Endeavour' on the Coasts of New South Wales, Victoria, South Australia, Queensland, and Tasmania, 1909 - 10. Part 1. Zoological Results of the Fishing Experiments carried out by F. I. S. ' Endeavour', 1909 - 14 (2), 117 - 300, pls. XXI-XXXVI." type="journal article" year="1912">
<treatmentCitation author="Hallmann, E. F." box="[502,713,552,577]" page="252" pageId="51" pageNumber="52" year="1912">Hallmann 1912: 252</treatmentCitation>
</bibRefCitation>
(footnote); 
<bibRefCitation author="Carpay, M." box="[838,1012,552,577]" pageId="51" pageNumber="52" refId="ref129265" refString="Carpay, M. (1986) The marine sponges of Tasmania. A checklist of a number of marine sponges, occurring along the Tasmanian coast. M. Sc. Thesis. Department Bijzondere Dierkunde, Institute for Taxonomic Zoology, Amsterdam, 77 pp." type="book" year="1986">
<treatmentCitation author="Carpay, M." box="[838,1012,552,577]" page="32" pageId="51" pageNumber="52" year="1986">Carpay 1986: 32</treatmentCitation>
</bibRefCitation>
; 
<bibRefCitation author="Wiedenmayer, F." box="[1024,1266,552,577]" pageId="51" pageNumber="52" pagination="1 - 242" refId="ref138732" refString="Wiedenmayer, F. (1989) Demospongiae (Porifera) from northern Bass Strait, southern Australia. Memoirs Museum Victoria, 50 (1), 1 - 242, pls. 1 - 38. https: // doi. org / 10.24199 / j. mmv. 1989.50.01" type="journal article" year="1989">
<treatmentCitation author="Wiedenmayer, F." box="[1024,1266,552,577]" page="84" pageId="51" pageNumber="52" year="1989">Wiedenmayer 1989: 84</treatmentCitation>
</bibRefCitation>
, pl. 9 figs 8–10, 13, pl. 10 figs 1–2, pl. 29 figs 1–4, text figs 53–56 (see also there for possible synonymies and extensive description); 
<bibRefCitation author="Van Soest, R. W. M. &amp; Hajdu, E." pageId="51" pageNumber="52" pagination="1905" refId="ref137824" refString="Van Soest, R. W. M. &amp; Hajdu, E. (2002) Family Mycalidae Lundbeck, 1905. In: Hooper, J. N. A. &amp; Van Soest, R. W. M. (Eds.), Systema Porifera. A guide to the classification of sponges. Vol. 1. Kluwer Academic / Plenum Publishers, New York, Boston, Dordrecht, London, Moscow, pp. 669 - 690. https: // doi. org / 10.1007 / 978 - 1 - 4615 - 0747 - 5" type="book chapter" year="2002">
<treatmentCitation author="Van Soest, R. W. M. &amp; Hajdu, E." page="677" pageId="51" pageNumber="52" year="2002">Van Soest &amp; Hajdu 2002: 677</treatmentCitation>
</bibRefCitation>
.
</treatmentCitationGroup>
</paragraph>
<paragraph blockId="51.[151,1436,399,699]" box="[151,738,644,669]" pageId="51" pageNumber="52">
<treatmentCitationGroup box="[151,738,644,669]" pageId="51" pageNumber="52">
<taxonomicName baseAuthorityName="Lendenfeld" baseAuthorityYear="1887" box="[151,360,644,668]" genus="Naviculina" kingdom="Animalia" pageId="51" pageNumber="52" rank="species" species="mirabilis">
<emphasis box="[151,360,644,668]" italics="true" pageId="51" pageNumber="52">Naviculina mirabilis</emphasis>
</taxonomicName>
; 
<bibRefCitation author="Hooper, J. N. A. &amp; Wiedenmayer, F." box="[374,734,644,669]" pageId="51" pageNumber="52" pagination="1 - 624" refId="ref132878" refString="Hooper, J. N. A. &amp; Wiedenmayer, F. (1994) Porifera. In: Wells, A. (Ed.), Zoological Catalogue of Australia. Vol. 12. CSIRO, Melbourne, pp. i-xiii + 1 - 624." type="book chapter" year="1994">
<treatmentCitation author="Hooper, J. N. A. &amp; Wiedenmayer, F." box="[374,734,644,669]" page="293" pageId="51" pageNumber="52" year="1994">Hooper &amp; Wiedenmayer 1994: 293</treatmentCitation>
</bibRefCitation>
.
</treatmentCitationGroup>
</paragraph>
<paragraph blockId="51.[151,1436,399,699]" box="[151,1006,675,699]" pageId="51" pageNumber="52">
<taxonomicName baseAuthorityName="Von Lendenfeld" baseAuthorityYear="1887" box="[151,323,675,699]" class="Demospongiae" family="Mycalidae" genus="Mycale" kingdom="Animalia" order="Poecilosclerida" pageId="51" pageNumber="52" phylum="Porifera" rank="species" species="mirabilis">
<emphasis box="[151,323,675,699]" italics="true" pageId="51" pageNumber="52">Mycale mirabilis</emphasis>
</taxonomicName>
; 
<bibRefCitation author="Erpenbeck, D. &amp; Voigt, O. &amp; Al-Aidaroos, A. M. &amp; Berumen, M. L. &amp; Catania, D. &amp; Guirguis, A. N. &amp; Paulay, G. &amp; Schatzle, S." box="[337,564,675,699]" pageId="51" pageNumber="52" pagination="507 - 514" refId="ref131467" refString="Erpenbeck, D., Voigt, O., Al-Aidaroos, A. M., Berumen, M. L., B ʾ ttner, G., Catania, D., Guirguis, A. N., Paulay, G., Schatzle, S. &amp; W ˆ rheide, G. (2016) Molecular biodiversity of Red Sea demosponges. Marine Pollution Bulletin, 105, 507 - 514. https: // doi. org / 10.1016 / j. marpolbul. 2015.12.004" type="journal article" year="2016">
Erpenbeck 
<emphasis box="[452,496,675,699]" italics="true" pageId="51" pageNumber="52">et al</emphasis>
. 2016
</bibRefCitation>
: Supplementary Data 
<geoCoordinate box="[786,851,675,699]" degrees="2, 28" direction="south" orientation="latitude" pageId="51" pageNumber="52" precision="555" value="-2.28">2, 28S</geoCoordinate>
and COI trees.
</paragraph>
</subSubSection>
<subSubSection pageId="51" pageNumber="52" type="materials_examined">
<paragraph blockId="51.[151,1437,745,2032]" pageId="51" pageNumber="52">
<emphasis bold="true" box="[151,377,745,771]" pageId="51" pageNumber="52">Material examined</emphasis>
. 
<collectionCode box="[390,457,745,771]" country="Netherlands" httpUri="http://grbio.org/cool/a65z-wv6r" name="Universiteit van Amsterdam, Zoologisch Museum" pageId="51" pageNumber="52">ZMA</collectionCode>
.Por.P.12173, 
<collectingCountry box="[605,711,745,771]" name="Australia" pageId="51" pageNumber="52">Australia</collectingCountry>
, 
<collectingRegion box="[720,830,745,771]" country="Australia" name="Tasmania" pageId="51" pageNumber="52">Tasmania</collectingRegion>
, Eaglehawk Neck, coll. M.C, Carpay, slide made from single erect specimen of 
<quantity box="[430,499,781,808]" metricMagnitude="-1" metricUnit="m" metricValue="3.0" pageId="51" pageNumber="52" unit="cm" value="30.0">30 cm</quantity>
long, kept at Tasmanian Museum, reg.nr. 
<collectionCode box="[969,1015,781,808]" country="Germany" name="Teylers Museum, Paleontologische" pageId="51" pageNumber="52">TM</collectionCode>
85.
</paragraph>
<paragraph blockId="51.[151,1437,745,2032]" pageId="51" pageNumber="52">
<emphasis bold="true" box="[199,458,817,843]" pageId="51" pageNumber="52">Summary description</emphasis>
. Sponges are massive, erect club-shaped to lobate, or encrusting, with coarsely spinous surface. Color in life brownish yellow. On deck, the sponge becomes slimy and looses much of its organic tissue quickly, leaving a macerated skeleton of coarse spongin fibres. The consistency is compressible in life, but becomes rigid in preservation. Size of specimens up to 30 x 5 x 
<quantity box="[775,835,925,952]" metricMagnitude="-2" metricUnit="m" metricValue="4.0" pageId="51" pageNumber="52" unit="cm" value="4.0">4 cm</quantity>
. The skeletal framework of the sponge is made up of coarse thick spongin fibres usually entirely filled with thin, vestigial mycalostyles. Foreign materials including sand grains or algal strands occurs in some of the fibres in some of the specimens but this is uncommon generally. The main fibres, with thickness varying from 
<quantity box="[616,703,1033,1060]" metricMagnitude="-1" metricUnit="m" metricValue="1.0" pageId="51" pageNumber="52" unit="mm" value="100.0">100 µm</quantity>
to 
<quantity box="[739,804,1033,1060]" metricMagnitude="-3" metricUnit="m" metricValue="1.0" pageId="51" pageNumber="52" unit="mm" value="1.0">1 mm</quantity>
depending on position in the sponge (thicker specimens have basal fibres much thicker than peripheral fibres) may be irregularly anastomosing by connecting thinner fibres (
<quantity box="[159,306,1105,1132]" metricMagnitude="-1" metricUnit="m" metricValue="1.75" metricValueMax="2.5" metricValueMin="1.0" pageId="51" pageNumber="52" unit="mm" value="175.0" valueMax="250.0" valueMin="100.0">100–250 µm</quantity>
diameter). Surface skeleton is absent. Spicules mycalostyles, microscleres rare or absent. Mycalostyles, typically ‘hollow’, reduced in silica development, almost vestigial, with faintly swollen tyles often grooved or lobed, length variable, 104–280 x 
<quantity box="[575,667,1177,1204]" metricMagnitude="-3" metricUnit="m" metricValue="4.0" metricValueMax="7.0" metricValueMin="1.0" pageId="51" pageNumber="52" unit="mm" value="4.0" valueMax="7.0" valueMin="1.0">1–7 µm</quantity>
. Anisochelae not found in tropical localities but two anisochelae of 
<quantity box="[151,265,1213,1240]" metricMagnitude="-2" metricUnit="m" metricValue="2.1" metricValueMax="2.3" metricValueMin="1.9" pageId="51" pageNumber="52" unit="mm" value="21.0" valueMax="23.0" valueMin="19.0">19–23 µm</quantity>
were found in one of Wiedenmayer’s specimens from South East 
<collectingCountry box="[991,1097,1213,1239]" name="Australia" pageId="51" pageNumber="52">Australia</collectingCountry>
. Sigmas, only rarely observed, absent in tropical localities. Wiedenmayer found 8 sigmas in one of his specimens from South East 
<collectingCountry box="[1269,1375,1249,1275]" name="Australia" pageId="51" pageNumber="52">Australia</collectingCountry>
, thin, widely curved, with apices somewhat incurved, size 
<quantity box="[741,859,1285,1312]" metricMagnitude="-2" metricUnit="m" metricValue="6.4" metricValueMax="8.6" metricValueMin="4.2" pageId="51" pageNumber="52" unit="mm" value="64.0" valueMax="86.0" valueMin="42.0">42–86 µm</quantity>
.
</paragraph>
</subSubSection>
<subSubSection pageId="51" pageNumber="52" type="distribution">
<paragraph blockId="51.[151,1437,745,2032]" pageId="51" pageNumber="52">
<emphasis bold="true" box="[199,345,1321,1347]" pageId="51" pageNumber="52">Distribution</emphasis>
. Northern 
<collectingCountry box="[465,568,1321,1347]" name="Australia" pageId="51" pageNumber="52">Australia</collectingCountry>
(
<bibRefCitation author="Von Lendenfeld, R." box="[581,827,1321,1347]" pageId="51" pageNumber="52" pagination="723 - 828" refId="ref138194" refString="Von Lendenfeld, R. (1887) Die Chalineen des australischen Gebietes. Zoologische Jahrb ʾ cher, Jena, 2, 723 - 828, pls. XVIII- XXVII." type="journal article" year="1887">Von Lendenfeld 1887</bibRefCitation>
; 
<bibRefCitation author="Pulitzer-Finali, G." box="[839,1079,1321,1347]" pageId="51" pageNumber="52" pagination="87 - 141" refId="ref134636" refString="Pulitzer-Finali, G. (1982 a [1980 - 1981]) Some new or little-known sponges from the Great Barrier Reef of Australia. Bollettino dei Musei e degli Istituti Biologici dell'Universit di Genova, 48 - 49, 87 - 141." type="journal article" year="1982">Pulitzer-Finali 1982a</bibRefCitation>
), South East 
<collectingCountry box="[1222,1325,1321,1347]" name="Australia" pageId="51" pageNumber="52">Australia</collectingCountry>
(
<bibRefCitation author="Wiedenmayer, F." pageId="51" pageNumber="52" pagination="1 - 242" refId="ref138732" refString="Wiedenmayer, F. (1989) Demospongiae (Porifera) from northern Bass Strait, southern Australia. Memoirs Museum Victoria, 50 (1), 1 - 242, pls. 1 - 38. https: // doi. org / 10.24199 / j. mmv. 1989.50.01" type="journal article" year="1989">Wiedenmayer 1989</bibRefCitation>
), Northwest 
<collectingRegion box="[431,538,1357,1383]" country="Australia" name="Tasmania" pageId="51" pageNumber="52">Tasmania</collectingRegion>
(
<bibRefCitation author="Carpay, M." box="[552,702,1357,1384]" pageId="51" pageNumber="52" refId="ref129265" refString="Carpay, M. (1986) The marine sponges of Tasmania. A checklist of a number of marine sponges, occurring along the Tasmanian coast. M. Sc. Thesis. Department Bijzondere Dierkunde, Institute for Taxonomic Zoology, Amsterdam, 77 pp." type="book" year="1986">Carpay 1986</bibRefCitation>
), on reefs and rocks down to 
<quantity box="[1030,1087,1357,1384]" metricMagnitude="1" metricUnit="m" metricValue="3.0" pageId="51" pageNumber="52" unit="m" value="30.0">30 m</quantity>
depth.
</paragraph>
</subSubSection>
<subSubSection lastPageId="52" lastPageNumber="53" pageId="51" pageNumber="52" type="discussion">
<paragraph blockId="51.[151,1437,745,2032]" pageId="51" pageNumber="52">
<emphasis bold="true" box="[199,328,1393,1419]" pageId="51" pageNumber="52">Comments</emphasis>
. Differences with 
<collectingRegion box="[552,649,1393,1419]" country="Egypt" name="Al Bahr al Ahmar" pageId="51" pageNumber="52">Red Sea</collectingRegion>
specimens, here assigned to 
<taxonomicName authority="(Dendy, 1905)" authorityName="Van &amp; Aryasari &amp; De" authorityYear="2021" baseAuthorityName="Dendy" baseAuthorityYear="1905" class="Demospongiae" family="Mycalidae" genus="Mycale" kingdom="Animalia" order="Poecilosclerida" pageId="51" pageNumber="52" phylum="Porifera" rank="species" species="tenuispiculata" subGenus="Arenochalina">
<emphasis box="[1001,1437,1393,1419]" italics="true" pageId="51" pageNumber="52">Mycale (Arenochalina) tenuispiculata</emphasis>
(
<bibRefCitation author="Dendy, A." box="[159,306,1429,1456]" pageId="51" pageNumber="52" pagination="57 - 246" refId="ref130615" refString="Dendy, A. (1905) Report on the sponges collected by Professor Herdman, at Ceylon, in 1902. In: Herdman, W. A. (Ed.), Report to the Government of Ceylon on the Pearl Oyster Fisheries of the Gulf of Manaar, 3 (Supplement 18), pp. 57 - 246, pls. I-XVI." type="book chapter" year="1905">Dendy, 1905</bibRefCitation>
)
</taxonomicName>
are the color, which is cited as yellowish cream to beige in North Australian, and red in 
<collectingRegion box="[1342,1436,1429,1455]" country="Egypt" name="Al Bahr al Ahmar" pageId="51" pageNumber="52">Red Sea</collectingRegion>
specimens. Mycalostyles in North Australian specimens appear distinctly thicker (
<quantity box="[1077,1167,1465,1492]" metricMagnitude="-3" metricUnit="m" metricValue="5.0" metricValueMax="8.0" metricValueMin="2.0" pageId="51" pageNumber="52" unit="mm" value="5.0" valueMax="8.0" valueMin="2.0">2–8 µm</quantity>
) than in 
<collectingRegion box="[1268,1361,1465,1491]" country="Egypt" name="Al Bahr al Ahmar" pageId="51" pageNumber="52">Red Sea</collectingRegion>
specimens (
<quantity box="[227,340,1501,1528]" metricMagnitude="-3" metricUnit="m" metricValue="2.25" metricValueMax="3.5" metricValueMin="1.0" pageId="51" pageNumber="52" unit="mm" value="2.25" valueMax="3.5" valueMin="1.0">1–3.5 µm</quantity>
). Of the synonymy designations made by 
<bibRefCitation author="Wiedenmayer, F." box="[814,1055,1501,1527]" pageId="51" pageNumber="52" pagination="1 - 242" refId="ref138732" refString="Wiedenmayer, F. (1989) Demospongiae (Porifera) from northern Bass Strait, southern Australia. Memoirs Museum Victoria, 50 (1), 1 - 242, pls. 1 - 38. https: // doi. org / 10.24199 / j. mmv. 1989.50.01" type="journal article" year="1989">Wiedenmayer (1989)</bibRefCitation>
, we disagree with 
<taxonomicName authority="Baer, 1906" authorityName="Baer" authorityYear="1906" class="Demospongiae" family="Mycalidae" genus="Mycale" kingdom="Animalia" order="Poecilosclerida" pageId="51" pageNumber="52" phylum="Porifera" rank="species" species="imperfecta" subGenus="Arenochalina">
<emphasis italics="true" pageId="51" pageNumber="52">M. (Ar.) imperfecta</emphasis>
<bibRefCitation author="Baer, L." box="[213,338,1537,1564]" pageId="51" pageNumber="52" refId="ref127889" refString="Baer, L. (1906) Silicispongien von Sansibar, Kapstadt and Papeete (Inaugural Dissertation, Berlin). Archiv f ʾ r Naturgeschichte, 72 (1,1), 1 - 32, pls. I-V." type="book" year="1906">Baer, 1906</bibRefCitation>
</taxonomicName>
, 
<taxonomicName authority="Hentschel, 1911" authorityName="Hentschel" authorityYear="1911" box="[349,718,1537,1564]" class="Demospongiae" family="Mycalidae" genus="Mycale" kingdom="Animalia" order="Poecilosclerida" pageId="51" pageNumber="52" phylum="Porifera" rank="species" species="fistulata" subGenus="Arenochalina">
<emphasis box="[349,528,1537,1564]" italics="true" pageId="51" pageNumber="52">M. (A.) fistulata</emphasis>
<bibRefCitation author="Hentschel, E." box="[535,718,1537,1563]" pageId="51" pageNumber="52" pagination="279 - 393" refId="ref132351" refString="Hentschel, E. (1911) Tetraxonida. 2. Teil. In: Michaelsen, W. &amp; Hartmeyer, R. (Eds.), Die Fauna S ʾ dwest-Australiens. Ergebnisse der Hamburger s ʾ dwest-australischen Forschungsreise 1905. 3 (6 - 10). Fischer, Jena, pp. 279 - 393." type="book chapter" year="1911">Hentschel, 1911</bibRefCitation>
</taxonomicName>
, and 
<taxonomicName authority="Pulitzer-Finali, 1982 b" authorityName="Pulitzer-Finali" authorityYear="1982" box="[778,1276,1537,1564]" class="Demospongiae" family="Mycalidae" genus="Mycale" kingdom="Animalia" order="Poecilosclerida" pageId="51" pageNumber="52" phylum="Porifera" rank="species" species="tylostrongyla" subGenus="Arenochalina">
<emphasis box="[778,1020,1537,1564]" italics="true" pageId="51" pageNumber="52">M. (Ar.) tylostrongyla</emphasis>
<bibRefCitation author="Pulitzer-Finali, G." box="[1027,1276,1537,1563]" pageId="51" pageNumber="52" pagination="97 - 110" refId="ref134681" refString="Pulitzer-Finali, G. (1982 b) Some shallow-water sponges from Hong Kong. In: Morton, B. S. &amp; Tseng, C. K. (Eds.), Proceedings of the First International Marine Biology Workshop: The Marine Flora and Fauna of Hong Kong and Southern China, Hong Kong, 18 April - 10 May 1980. Hong Kong University Press, Hong Kong, pp. 97 - 110." type="book chapter" year="1982">Pulitzer-Finali, 1982b</bibRefCitation>
</taxonomicName>
, as these were reassigned above to the synonymy of 
<taxonomicName authorityName="Baer" authorityYear="1906" box="[588,978,1573,1599]" class="Demospongiae" family="Mycalidae" genus="Mycale" kingdom="Animalia" order="Poecilosclerida" pageId="51" pageNumber="52" phylum="Porifera" rank="species" species="imperfecta" subGenus="Arenochalina">
<emphasis box="[588,978,1573,1599]" italics="true" pageId="51" pageNumber="52">Mycale (Arenochalina) imperfecta</emphasis>
</taxonomicName>
. This species is purple in color and has abundant microscleres, including rosettes of anisochelae.
</paragraph>
<paragraph blockId="51.[151,1437,745,2032]" pageId="51" pageNumber="52">
<bibRefCitation author="Wiedenmayer, F." box="[199,436,1645,1671]" pageId="51" pageNumber="52" pagination="1 - 242" refId="ref138732" refString="Wiedenmayer, F. (1989) Demospongiae (Porifera) from northern Bass Strait, southern Australia. Memoirs Museum Victoria, 50 (1), 1 - 242, pls. 1 - 38. https: // doi. org / 10.24199 / j. mmv. 1989.50.01" type="journal article" year="1989">Wiedenmayer (1989)</bibRefCitation>
also suggested 
<taxonomicName authority="Keller, 1889" authorityName="Keller" authorityYear="1889" box="[609,936,1645,1671]" class="Demospongiae" family="Niphatidae" genus="Gelliodes" kingdom="Animalia" order="Haplosclerida" pageId="51" pageNumber="52" phylum="Porifera" rank="species" species="setosa">
<emphasis box="[609,793,1645,1671]" italics="true" pageId="51" pageNumber="52">Gelliodes setosa</emphasis>
<bibRefCitation author="Keller, C." box="[799,936,1645,1671]" pageId="51" pageNumber="52" pagination="311 - 405" refId="ref133010" refString="Keller, C. (1889) Die Spongienfauna des Rothen Meeres (I. Halfte). Zeitschrift f ʾ r wissenschaftliche Zoologie, 48, 311 - 405, pls. XX-XXV." type="journal article" year="1889">Keller, 1889</bibRefCitation>
</taxonomicName>
was a junior synonym of the present species. However, his reason for suggesting this comes from 
<bibRefCitation author="Van Soest, R. W. M." box="[755,971,1681,1708]" pageId="51" pageNumber="52" pagination="1 - 167" refId="ref137151" refString="Van Soest, R. W. M. (1984) Marine sponges from Curacao and other Caribbean localities. Part III. Poecilosclerida. In: Hummelinck, P. W. &amp; Van der Steen, L. J. (Eds.), Uitgaven van de Natuurwetenschappelijke Studiekring voor Suriname en de Nederlandse Antillen. No. 112. Studies on the Fauna of Curacao and other Caribbean Islands, 66 (199), 1 - 167." type="journal article" year="1984">Van Soest’s (1984)</bibRefCitation>
discussion of the affinities of Caribbean 
<taxonomicName authority="(Duchassaing &amp; Michelotti, 1864)" baseAuthorityName="Duchassaing &amp; Michelotti" baseAuthorityYear="1864" box="[151,749,1717,1744]" class="Demospongiae" family="Mycalidae" genus="Mycale" kingdom="Animalia" order="Poecilosclerida" pageId="51" pageNumber="52" phylum="Porifera" rank="species" species="laxissima">
<emphasis box="[151,348,1717,1743]" italics="true" pageId="51" pageNumber="52">Mycale laxissima</emphasis>
(
<bibRefCitation author="Duchassaing de Fonbressin, P. &amp; Michelotti, G." box="[365,741,1717,1744]" pageId="51" pageNumber="52" pagination="1 - 124" refId="ref131213" refString="Duchassaing de Fonbressin, P. &amp; Michelotti, G. (1864) Spongiaires de la mer Caraibe. Natuurkundige verhandelingen van de Hollandsche maatschappij der wetenschappen te Haarlem, 21 (2), 1 - 124, pls. I-XXV." type="journal article" year="1864">Duchassaing &amp; Michelotti, 1864</bibRefCitation>
)
</taxonomicName>
, in which he suggested that Indonesian specimen ZMA Por. 01611 showed similarities with 
<taxonomicName baseAuthorityName="Duchassaing &amp; Michelotti" baseAuthorityYear="1864" box="[515,660,1753,1779]" class="Demospongiae" family="Mycalidae" genus="Mycale" kingdom="Animalia" order="Poecilosclerida" pageId="51" pageNumber="52" phylum="Porifera" rank="species" species="laxissima">
<emphasis box="[515,660,1753,1779]" italics="true" pageId="51" pageNumber="52">M. laxissima</emphasis>
</taxonomicName>
. The ZMA specimen was identified by M. Burton as 
<taxonomicName authority="(Keller, 1889)" baseAuthorityName="Keller" baseAuthorityYear="1889" class="Demospongiae" family="Mycalidae" genus="Mycale" kingdom="Animalia" order="Poecilosclerida" pageId="51" pageNumber="52" phylum="Porifera" rank="species" species="setosa">
<emphasis box="[1275,1436,1753,1779]" italics="true" pageId="51" pageNumber="52">Mycale setosa</emphasis>
(
<bibRefCitation author="Keller, C." box="[159,304,1789,1815]" pageId="51" pageNumber="52" pagination="311 - 405" refId="ref133010" refString="Keller, C. (1889) Die Spongienfauna des Rothen Meeres (I. Halfte). Zeitschrift f ʾ r wissenschaftliche Zoologie, 48, 311 - 405, pls. XX-XXV." type="journal article" year="1889">Keller, 1889</bibRefCitation>
)
</taxonomicName>
, but here it is reassigned to 
<taxonomicName authorityName="Baer" authorityYear="1906" box="[629,1017,1789,1815]" class="Demospongiae" family="Mycalidae" genus="Mycale" kingdom="Animalia" order="Poecilosclerida" pageId="51" pageNumber="52" phylum="Porifera" rank="species" species="imperfecta" subGenus="Arenochalina">
<emphasis box="[629,1017,1789,1815]" italics="true" pageId="51" pageNumber="52">Mycale (Arenochalina) imperfecta</emphasis>
</taxonomicName>
(cf. above). The name was also used by 
<bibRefCitation author="Erpenbeck, D. &amp; Voigt, O. &amp; Al-Aidaroos, A. M. &amp; Berumen, M. L. &amp; Catania, D. &amp; Guirguis, A. N. &amp; Paulay, G. &amp; Schatzle, S." box="[185,441,1825,1851]" pageId="51" pageNumber="52" pagination="507 - 514" refId="ref131467" refString="Erpenbeck, D., Voigt, O., Al-Aidaroos, A. M., Berumen, M. L., B ʾ ttner, G., Catania, D., Guirguis, A. N., Paulay, G., Schatzle, S. &amp; W ˆ rheide, G. (2016) Molecular biodiversity of Red Sea demosponges. Marine Pollution Bulletin, 105, 507 - 514. https: // doi. org / 10.1016 / j. marpolbul. 2015.12.004" type="journal article" year="2016">
Erpenbeck 
<emphasis box="[311,367,1825,1851]" italics="true" pageId="51" pageNumber="52">et al.</emphasis>
(2016
</bibRefCitation>
, supplementary data, CO1tree). Burton’s identification (and Van Soest’s remark) does not conform to the 
<typeStatus box="[322,370,1862,1888]" pageId="51" pageNumber="52">type</typeStatus>
of 
<taxonomicName authorityName="Keller" authorityYear="1889" box="[407,591,1861,1887]" class="Demospongiae" family="Niphatidae" genus="Gelliodes" kingdom="Animalia" order="Haplosclerida" pageId="51" pageNumber="52" phylum="Porifera" rank="species" species="setosa">
<emphasis box="[407,591,1861,1887]" italics="true" pageId="51" pageNumber="52">Gelliodes setosa</emphasis>
</taxonomicName>
as described by 
<bibRefCitation author="Keller, C." box="[777,930,1861,1887]" pageId="51" pageNumber="52" pagination="311 - 405" refId="ref133010" refString="Keller, C. (1889) Die Spongienfauna des Rothen Meeres (I. Halfte). Zeitschrift f ʾ r wissenschaftliche Zoologie, 48, 311 - 405, pls. XX-XXV." type="journal article" year="1889">Keller (1889)</bibRefCitation>
, a.o. because no anisochelae were mentioned by Keller. As stated above, we examined the 
<typeStatus box="[655,703,1898,1924]" pageId="51" pageNumber="52">type</typeStatus>
ZMB 270, which conforms to 
<taxonomicName authorityName="Ridley" authorityYear="1884" box="[1051,1158,1897,1923]" class="Demospongiae" family="Niphatidae" genus="Gelliodes" kingdom="Animalia" order="Haplosclerida" pageId="51" pageNumber="52" phylum="Porifera" rank="genus">
<emphasis box="[1051,1158,1897,1923]" italics="true" pageId="51" pageNumber="52">Gelliodes</emphasis>
</taxonomicName>
.
</paragraph>
<paragraph blockId="51.[151,1437,745,2032]" lastBlockId="52.[151,1436,151,501]" lastPageId="52" lastPageNumber="53" pageId="51" pageNumber="52">
<bibRefCitation author="Wiedenmayer, F." box="[199,436,1933,1959]" pageId="51" pageNumber="52" pagination="1 - 242" refId="ref138732" refString="Wiedenmayer, F. (1989) Demospongiae (Porifera) from northern Bass Strait, southern Australia. Memoirs Museum Victoria, 50 (1), 1 - 242, pls. 1 - 38. https: // doi. org / 10.24199 / j. mmv. 1989.50.01" type="journal article" year="1989">Wiedenmayer (1989)</bibRefCitation>
did not include South Australian 
<taxonomicName authority="Dendy, 1896" authorityName="Dendy" authorityYear="1896" box="[807,1141,1933,1959]" genus="Esperella" kingdom="Animalia" pageId="51" pageNumber="52" rank="species" species="crassa">
<emphasis box="[807,993,1933,1959]" italics="true" pageId="51" pageNumber="52">Esperella crassa</emphasis>
<bibRefCitation author="Dendy, A." box="[999,1141,1933,1959]" pageId="51" pageNumber="52" pagination="14 - 51" refId="ref130561" refString="Dendy, A. (1896) Catalogue of Non-Calcareous Sponges collected by J. Bracebridge Wilson, Esq., M. A., in the neighbourhood of Port Phillip Heads. Part II. Proceedings of the Royal Society of Victoria, New Series, 8, 14 - 51." type="journal article" year="1896">
Dendy, 
<quantity box="[1085,1141,1933,1959]" metricMagnitude="1" metricUnit="m" metricValue="4.81584" pageId="51" pageNumber="52" unit="in" value="1896.0">1896</quantity>
</bibRefCitation>
</taxonomicName>
in his long list of assumed junior synonyms of the present species, perhaps because Dendy mentions the presence of small anisochelae of 
<quantity metricMagnitude="-2" metricUnit="m" metricValue="1.6" pageId="51" pageNumber="52" unit="mm" value="16.0">16 µm</quantity>
. Other features, including a strong presence of sand and foreign material do suggest it could be a junior synonym. Likewise, 
<taxonomicName authority="Dendy, 1896" authorityName="Dendy" authorityYear="1896" box="[347,662,151,177]" genus="Esperella" kingdom="Animalia" pageId="52" pageNumber="53" rank="species" species="rara">
<emphasis box="[347,511,151,177]" italics="true" pageId="52" pageNumber="53">Esperella rara</emphasis>
<bibRefCitation author="Dendy, A." box="[519,662,151,177]" pageId="52" pageNumber="53" pagination="14 - 51" refId="ref130561" refString="Dendy, A. (1896) Catalogue of Non-Calcareous Sponges collected by J. Bracebridge Wilson, Esq., M. A., in the neighbourhood of Port Phillip Heads. Part II. Proceedings of the Royal Society of Victoria, New Series, 8, 14 - 51." type="journal article" year="1896">Dendy, 1896</bibRefCitation>
</taxonomicName>
with the same sandy skeleton and small anisochelae, but in addition also trichodragmas, appears close if not conspecific with the present species. Both are technically outside our target region, so we refrain from giving summary descriptions. Of the latter species the 
<typeStatus box="[1052,1100,223,249]" pageId="52" pageNumber="53">type</typeStatus>
material appears to have been lost (
<bibRefCitation author="Ayling, A. L. &amp; Stone, S. M. &amp; Smith, B. J." box="[206,412,259,285]" pageId="52" pageNumber="53" pagination="97 - 109" refId="ref127733" refString="Ayling, A. L., Stone, S. M. &amp; Smith, B. J. (1982) Catalogue of types of sponge species from Southern Australia described by Arthur Dendy. Reports of the National Museum of Victoria, 1, 97 - 109." type="journal article" year="1982">
Ayling 
<emphasis box="[290,339,259,285]" italics="true" pageId="52" pageNumber="53">et al</emphasis>
. 1982
</bibRefCitation>
; 
<bibRefCitation author="Hooper, J. N. A. &amp; Wiedenmayer, F." box="[424,830,259,285]" pageId="52" pageNumber="53" pagination="1 - 624" refId="ref132878" refString="Hooper, J. N. A. &amp; Wiedenmayer, F. (1994) Porifera. In: Wells, A. (Ed.), Zoological Catalogue of Australia. Vol. 12. CSIRO, Melbourne, pp. i-xiii + 1 - 624." type="book chapter" year="1994">Hooper &amp; Wiedenmayer, 1994: 292</bibRefCitation>
).
</paragraph>
<paragraph blockId="52.[151,1436,151,501]" pageId="52" pageNumber="53">
<taxonomicName authority="(Whitelegge, 1906)" baseAuthorityName="Whitelegge" baseAuthorityYear="1906" box="[199,578,295,322]" class="Demospongiae" family="Mycalidae" genus="Mycale" kingdom="Animalia" order="Poecilosclerida" pageId="52" pageNumber="53" phylum="Porifera" rank="species" species="waitei">
<emphasis box="[199,355,295,321]" italics="true" pageId="52" pageNumber="53">Mycale waitei</emphasis>
(
<bibRefCitation author="Whitelegge, T." box="[369,569,295,322]" pageId="52" pageNumber="53" pagination="453 - 484" refId="ref138534" refString="Whitelegge, T. (1906) Sponges. Part 1. Monaxonida, Ridley and Dendy. In: Scientific Results of the Trawling Expedition of H. M. C. S. ' Thetis' off the Coast of New South Wales in February and March, 1898. Memoirs of the Australian Museum, 4 (9), 453 - 484, pls. XLIII-XLIV. https: // doi. org / 10.3853 / j. 0067 - 1967.4.1906.1505" type="journal article" year="1906">Whitelegge, 1906</bibRefCitation>
)
</taxonomicName>
(originally as 
<taxonomicName box="[736,862,295,321]" class="Demospongiae" family="Cladorhizidae" genus="Cladorhiza" kingdom="Animalia" order="Poecilosclerida" pageId="52" pageNumber="53" phylum="Porifera" rank="genus">
<emphasis box="[736,862,295,321]" italics="true" pageId="52" pageNumber="53">Cladorhiza</emphasis>
</taxonomicName>
) is a likely 
<taxonomicName authority="" authorityName="Von Lendenfeld" authorityYear="1887" box="[989,1247,295,321]" class="Demospongiae" family="Mycalidae" genus="Mycale" kingdom="Animalia" order="Poecilosclerida" pageId="52" pageNumber="53" phylum="Porifera" rank="subGenus" subGenus="Arenochalina">
<emphasis box="[989,1247,295,321]" italics="true" pageId="52" pageNumber="53">Mycale (Arenochalina)</emphasis>
</taxonomicName>
from 
<collectingRegion country="Australia" name="New South Wales" pageId="52" pageNumber="53">New South Wales</collectingRegion>
, but no formal subgenus assignment has so far been made (but see below in 
<tableCitation box="[1077,1162,331,357]" captionStart="TABLE 9" captionStartId="200.[149,237,508,534]" captionText="TABLE 9. Newly suggested subgenus affiliation of species so far (2019) not assigned to subgenus in the World Porifera Database." pageId="52" pageNumber="53">Table 9</tableCitation>
).
</paragraph>
<paragraph blockId="52.[151,1436,151,501]" pageId="52" pageNumber="53">
<bibRefCitation author="Hooper, J. N. A. &amp; Wiedenmayer, F." box="[199,558,367,393]" pageId="52" pageNumber="53" pagination="1 - 624" refId="ref132878" refString="Hooper, J. N. A. &amp; Wiedenmayer, F. (1994) Porifera. In: Wells, A. (Ed.), Zoological Catalogue of Australia. Vol. 12. CSIRO, Melbourne, pp. i-xiii + 1 - 624." type="book chapter" year="1994">Hooper &amp; Wiedenmayer (1994)</bibRefCitation>
assigned this species to the genus 
<taxonomicName authority="Gray, 1867" authorityName="Gray" authorityYear="1867" box="[951,1210,367,393]" genus="Naviculina" kingdom="Animalia" pageId="52" pageNumber="53" rank="genus">
<emphasis box="[951,1074,367,393]" italics="true" pageId="52" pageNumber="53">Naviculina</emphasis>
<bibRefCitation author="Gray, J. E." box="[1082,1210,367,393]" pageId="52" pageNumber="53" pagination="492 - 558" refId="ref131696" refString="Gray, J. E. (1867) Notes on the Arrangement of Sponges, with the Descriptions of some New Genera. Proceedings of the Zoological Society of London, 1867 (2), 492 - 558, pls. XXVII-XXVIII." type="journal article" year="1867">Gray, 1867</bibRefCitation>
</taxonomicName>
. No reasons for this suprising assignment were given. The genus is currently accepted as a subgenus of 
<taxonomicName authorityName="Gray" authorityYear="1867" box="[1081,1163,403,429]" class="Demospongiae" family="Mycalidae" genus="Mycale" kingdom="Animalia" order="Poecilosclerida" pageId="52" pageNumber="53" phylum="Porifera" rank="genus">
<emphasis box="[1081,1163,403,429]" italics="true" pageId="52" pageNumber="53">Mycale</emphasis>
</taxonomicName>
species with cleistochelate anisochelae (dubbed ‘naviculichelae’ in this study following 
<bibRefCitation author="Van Soest, R. W. M. &amp; Hajdu, E." box="[891,1184,439,465]" pageId="52" pageNumber="53" pagination="1905" refId="ref137824" refString="Van Soest, R. W. M. &amp; Hajdu, E. (2002) Family Mycalidae Lundbeck, 1905. In: Hooper, J. N. A. &amp; Van Soest, R. W. M. (Eds.), Systema Porifera. A guide to the classification of sponges. Vol. 1. Kluwer Academic / Plenum Publishers, New York, Boston, Dordrecht, London, Moscow, pp. 669 - 690. https: // doi. org / 10.1007 / 978 - 1 - 4615 - 0747 - 5" type="book chapter" year="2002">Van Soest &amp; Hajdu, 2002</bibRefCitation>
) (see below). 
<taxonomicName baseAuthorityName="Von Lendenfeld" baseAuthorityYear="1887" class="Demospongiae" family="Mycalidae" genus="Mycale" kingdom="Animalia" order="Poecilosclerida" pageId="52" pageNumber="53" phylum="Porifera" rank="species" species="mirabilis" subGenus="Arenochalina">
<emphasis italics="true" pageId="52" pageNumber="53">M. (Ar.) mirabilis</emphasis>
</taxonomicName>
does not possess naviculichelae.
</paragraph>
</subSubSection>
<subSubSection box="[151,827,582,609]" pageId="52" pageNumber="53" type="key">
<paragraph blockId="52.[151,827,582,609]" box="[151,827,582,609]" pageId="52" pageNumber="53">
<emphasis bold="true" box="[151,827,582,609]" pageId="52" pageNumber="53">
Key to the 
<taxonomicName authority="" authorityName="Von Lendenfeld" authorityYear="1887" box="[287,568,582,609]" class="Demospongiae" family="Mycalidae" genus="Mycale" kingdom="Animalia" order="Poecilosclerida" pageId="52" pageNumber="53" phylum="Porifera" rank="subGenus" subGenus="Arenochalina">
<emphasis bold="true" box="[287,568,582,609]" italics="true" pageId="52" pageNumber="53">Mycale (Arenochalina)</emphasis>
</taxonomicName>
species of the region
</emphasis>
</paragraph>
</subSubSection>
<subSubSection pageId="52" pageNumber="53" type="discussion">
<paragraph blockId="52.[151,1436,655,717]" pageId="52" pageNumber="53">
<emphasis bold="true" box="[151,249,655,681]" pageId="52" pageNumber="53">Remark</emphasis>
. We refrain from keying out 
<taxonomicName authority="(Ridley &amp; Dendy, 1886)" baseAuthorityName="Ridley &amp; Dendy" baseAuthorityYear="1886" box="[577,1050,655,682]" class="Demospongiae" family="Mycalidae" genus="Mycale" kingdom="Animalia" order="Poecilosclerida" pageId="52" pageNumber="53" phylum="Porifera" rank="species" species="anomala" subGenus="Arenochalina">
<emphasis box="[577,770,655,681]" italics="true" pageId="52" pageNumber="53">M. (Ar.) anomala</emphasis>
(
<bibRefCitation author="Ridley, S. O. &amp; Dendy, A." box="[785,1042,655,682]" pageId="52" pageNumber="53" pagination="325 - 351" refId="ref135210" refString="Ridley, S. O. &amp; Dendy, A. (1886) Preliminary report on the Monaxonida collected by H. M. S. Challenger. Part I. Annals and Magazine of Natural History, Series 5, 18, 325 - 351 + 470 - 493. https: // doi. org / 10.1080 / 00222938609459998" type="journal article" year="1886">Ridley &amp; Dendy, 1886</bibRefCitation>
)
</taxonomicName>
and 
<taxonomicName authority="(Whitelegge, 1906)" baseAuthorityName="Whitelegge" baseAuthorityYear="1906" box="[1105,1436,655,682]" class="Demospongiae" family="Mycalidae" genus="Mycale" kingdom="Animalia" order="Poecilosclerida" pageId="52" pageNumber="53" phylum="Porifera" rank="species" species="waitei">
<emphasis box="[1105,1211,655,680]" italics="true" pageId="52" pageNumber="53">M. waitei</emphasis>
(
<bibRefCitation author="Whitelegge, T." box="[1226,1428,655,682]" pageId="52" pageNumber="53" pagination="453 - 484" refId="ref138534" refString="Whitelegge, T. (1906) Sponges. Part 1. Monaxonida, Ridley and Dendy. In: Scientific Results of the Trawling Expedition of H. M. C. S. ' Thetis' off the Coast of New South Wales in February and March, 1898. Memoirs of the Australian Museum, 4 (9), 453 - 484, pls. XLIII-XLIV. https: // doi. org / 10.3853 / j. 0067 - 1967.4.1906.1505" type="journal article" year="1906">Whitelegge, 1906</bibRefCitation>
)
</taxonomicName>
as there is doubt of their identity.
</paragraph>
</subSubSection>
<subSubSection pageId="52" pageNumber="53" type="key">
<key pageId="52" pageNumber="53">
<keyStep pageId="52" pageNumber="53">
<paragraph blockId="52.[151,1437,760,1074]" box="[151,1436,760,782]" pageId="52" pageNumber="53">
<keyLead box="[151,1436,760,782]" pageId="52" pageNumber="53">1 Growth form a flaring tube or coalescent tubes.............................................................. 2</keyLead>
</paragraph>
<paragraph blockId="52.[151,1437,760,1074]" box="[151,1436,789,811]" pageId="52" pageNumber="53">
<keyLead box="[151,1436,789,811]" pageId="52" pageNumber="53">
- 
<collectingRegion box="[226,262,789,810]" country="Maldives" name="Uthuru" pageId="52" pageNumber="53">Not</collectingRegion>
tubular. Shape is encrusting, lobate or erect club-shaped................................................... 3
</keyLead>
</paragraph>
</keyStep>
<keyStep pageId="52" pageNumber="53">
<paragraph blockId="52.[151,1437,760,1074]" box="[151,1437,818,840]" pageId="52" pageNumber="53">
<keyLead box="[151,1437,818,840]" pageId="52" pageNumber="53">
2 Color red or pale red; surface with deep valleys and sharp conules................ 
<taxonomicName baseAuthorityName="Row" baseAuthorityYear="1911" box="[1057,1437,818,839]" class="Demospongiae" family="Mycalidae" genus="Mycale" kingdom="Animalia" order="Poecilosclerida" pageId="52" pageNumber="53" phylum="Porifera" rank="species" species="euplectellioides" subGenus="Arenochalina">
<emphasis box="[1057,1437,818,839]" italics="true" pageId="52" pageNumber="53">Mycale (Arenochalina) euplectellioides</emphasis>
</taxonomicName>
</keyLead>
</paragraph>
<paragraph blockId="52.[151,1437,760,1074]" pageId="52" pageNumber="53">
<keyLead pageId="52" pageNumber="53">
- Color greyish, whitish or iridescent pale purple; surface with pustular outgrowths, inside more smooth............................................................................................ 
<taxonomicName authorityName="Wilson" authorityYear="1925" box="[1121,1436,877,898]" class="Demospongiae" family="Mycalidae" genus="Mycale" kingdom="Animalia" order="Poecilosclerida" pageId="52" pageNumber="53" phylum="Porifera" rank="species" species="regularis" subGenus="Arenochalina">
<emphasis box="[1121,1436,877,898]" italics="true" pageId="52" pageNumber="53">Mycale (Arenochalina) regularis</emphasis>
</taxonomicName>
</keyLead>
</paragraph>
</keyStep>
<keyStep pageId="52" pageNumber="53">
<paragraph blockId="52.[151,1437,760,1074]" box="[151,1437,906,928]" pageId="52" pageNumber="53">
<keyLead box="[151,1437,906,928]" pageId="52" pageNumber="53">
3 Microscleres obviously present, including rosettes of anischelae, sigmas 
<quantity box="[924,1034,906,928]" metricMagnitude="-2" metricUnit="m" metricValue="7.25" metricValueMax="10.5" metricValueMin="4.0" pageId="52" pageNumber="53" unit="mm" value="72.5" valueMax="105.0" valueMin="40.0">40–105 µm</quantity>
...... 
<taxonomicName authorityName="Baer" authorityYear="1906" box="[1105,1437,906,927]" class="Demospongiae" family="Mycalidae" genus="Mycale" kingdom="Animalia" order="Poecilosclerida" pageId="52" pageNumber="53" phylum="Porifera" rank="species" species="imperfecta" subGenus="Arenochalina">
<emphasis box="[1105,1437,906,927]" italics="true" pageId="52" pageNumber="53">Mycale (Arenochalina) imperfecta</emphasis>
</taxonomicName>
</keyLead>
</paragraph>
<paragraph blockId="52.[151,1437,760,1074]" box="[151,1436,936,958]" pageId="52" pageNumber="53">
<keyLead box="[151,1436,936,958]" pageId="52" pageNumber="53">- Microscleres not common, may be rare or absent............................................................ 4</keyLead>
</paragraph>
</keyStep>
<keyStep pageId="52" pageNumber="53">
<paragraph blockId="52.[151,1437,760,1074]" pageId="52" pageNumber="53">
<keyLead pageId="52" pageNumber="53">
4 Live color bright red, fibres predominantly filled with mycalostyles, occasionally bryozoans or algae may be enclosed in the fibres, sigmas if present &lt;
<quantity box="[481,543,994,1016]" metricMagnitude="-2" metricUnit="m" metricValue="4.0" pageId="52" pageNumber="53" unit="mm" value="40.0">40 µm</quantity>
............................................ 
<taxonomicName authorityName="Van &amp; Aryasari &amp; De" authorityYear="2021" baseAuthorityName="Dendy" baseAuthorityYear="1905" box="[1072,1436,994,1015]" class="Demospongiae" family="Mycalidae" genus="Mycale" kingdom="Animalia" order="Poecilosclerida" pageId="52" pageNumber="53" phylum="Porifera" rank="species" species="tenuispiculata" subGenus="Arenochalina">
<emphasis box="[1072,1436,994,1015]" italics="true" pageId="52" pageNumber="53">Mycale (Arenochalina) tenuispiculata</emphasis>
</taxonomicName>
</keyLead>
</paragraph>
<paragraph blockId="52.[151,1437,760,1074]" pageId="52" pageNumber="53">
<keyLead pageId="52" pageNumber="53">
- Live color yellowish beige to dirty white, fibres filled with sand grains; sigmas if present&gt; 
<quantity box="[1099,1161,1024,1045]" metricMagnitude="-2" metricUnit="m" metricValue="4.0" pageId="52" pageNumber="53" unit="mm" value="40.0">40 µm</quantity>
................................................................................................ 
<taxonomicName baseAuthorityName="Von Lendenfeld" baseAuthorityYear="1887" box="[1121,1437,1053,1074]" class="Demospongiae" family="Mycalidae" genus="Mycale" kingdom="Animalia" order="Poecilosclerida" pageId="52" pageNumber="53" phylum="Porifera" rank="species" species="mirabilis" subGenus="Arenochalina">
<emphasis box="[1121,1437,1053,1074]" italics="true" pageId="52" pageNumber="53">Mycale (Arenochalina) mirabilis</emphasis>
</taxonomicName>
</keyLead>
</paragraph>
</keyStep>
</key>
<paragraph blockId="52.[151,1052,1157,1184]" box="[151,1052,1157,1184]" pageId="52" pageNumber="53">
<emphasis bold="true" box="[151,1052,1157,1184]" pageId="52" pageNumber="53">
Global diversity and distribution of the subgenus 
<taxonomicName authority="" authorityName="Von Lendenfeld" authorityYear="1887" box="[771,1052,1157,1184]" class="Demospongiae" family="Mycalidae" genus="Mycale" kingdom="Animalia" order="Poecilosclerida" pageId="52" pageNumber="53" phylum="Porifera" rank="subGenus" subGenus="Arenochalina">
<emphasis bold="true" box="[771,1052,1157,1184]" italics="true" pageId="52" pageNumber="53">Mycale (Arenochalina)</emphasis>
</taxonomicName>
</emphasis>
</paragraph>
</subSubSection>
<caption ID-DOI="http://doi.org/10.5281/zenodo.4451014" ID-Zenodo-Dep="4451014" httpUri="https://zenodo.org/record/4451014/files/figure.png" pageId="52" pageNumber="53" startId="52.[151,250,1898,1922]" targetBox="[155,1433,1209,1870]" targetPageId="52">
<paragraph blockId="52.[151,1437,1898,1994]" pageId="52" pageNumber="53">
<emphasis bold="true" box="[151,282,1898,1922]" pageId="52" pageNumber="53">FIGURE 32</emphasis>
. Global diversity and distribution of the subgenus 
<taxonomicName authority="" authorityName="Von Lendenfeld" authorityYear="1887" box="[805,1041,1898,1922]" class="Demospongiae" family="Mycalidae" genus="Mycale" kingdom="Animalia" order="Poecilosclerida" pageId="52" pageNumber="53" phylum="Porifera" rank="subGenus" subGenus="Arenochalina">
<emphasis box="[805,1041,1898,1922]" italics="true" pageId="52" pageNumber="53">Mycale (Arenochalina)</emphasis>
</taxonomicName>
based on data derived from the World Porifera Database 2020 combined with the new data from the present study. The map presents the number of species found in each of the Marine Ecoregions of the World (
<bibRefCitation author="Spalding, M. &amp; Fox, H. E. &amp; Allen, G. E. &amp; Davidson, N. &amp; Ferdana, Z. A. &amp; Finlayson, M. &amp; Halperin, B. S. &amp; Jorge, M. A. &amp; Lombana, A. &amp; Lourie, S. A. &amp; Martin, K. D. &amp; McManus, E. &amp; Molnar, J. &amp; Recchia, C. A. &amp; Robertson, J." box="[609,819,1970,1994]" pageId="52" pageNumber="53" pagination="573 - 583" refId="ref136201" refString="Spalding, M. D, Fox, H. E., Allen, G. E., Davidson, N., Ferdana, Z. A., Finlayson, M., Halperin, B. S., Jorge, M. A., Lombana, A., Lourie, S. A., Martin, K. D., McManus, E., Molnar, J., Recchia, C. A. &amp; Robertson, J. (2007) Marine ecoregions of the world: A bioregionalization of coastal and shelf areas. BioScience, 57 (7), 573 - 583. https: // doi. org / 10.1641 / B 570707" type="journal article" year="2007">
Spalding 
<emphasis box="[707,758,1970,1994]" italics="true" pageId="52" pageNumber="53">et al.</emphasis>
2007
</bibRefCitation>
).
</paragraph>
</caption>
<subSubSection pageId="53" pageNumber="54" type="description">
<paragraph blockId="53.[151,1437,151,393]" pageId="53" pageNumber="54">
Our estimate for the global diversity of the subgenus is severely uncertain, due to the unsatisfactory state of morphological evidence for species distinction. We believe a rational number of species is approximately 15, but this is not much better than a ‘guess’. One of the vexing problems is the poor knowledge of several South East Australian ‘species’ alleged or suspected to belong to the subgenus. The global distribution of the numbers of species found in Marine Ecoregions (cf. 
<bibRefCitation author="Spalding, M. &amp; Fox, H. E. &amp; Allen, G. E. &amp; Davidson, N. &amp; Ferdana, Z. A. &amp; Finlayson, M. &amp; Halperin, B. S. &amp; Jorge, M. A. &amp; Lombana, A. &amp; Lourie, S. A. &amp; Martin, K. D. &amp; McManus, E. &amp; Molnar, J. &amp; Recchia, C. A. &amp; Robertson, J." box="[420,651,295,321]" pageId="53" pageNumber="54" pagination="573 - 583" refId="ref136201" refString="Spalding, M. D, Fox, H. E., Allen, G. E., Davidson, N., Ferdana, Z. A., Finlayson, M., Halperin, B. S., Jorge, M. A., Lombana, A., Lourie, S. A., Martin, K. D., McManus, E., Molnar, J., Recchia, C. A. &amp; Robertson, J. (2007) Marine ecoregions of the world: A bioregionalization of coastal and shelf areas. BioScience, 57 (7), 573 - 583. https: // doi. org / 10.1641 / B 570707" type="journal article" year="2007">
Spalding 
<emphasis box="[528,586,295,321]" italics="true" pageId="53" pageNumber="54">et al.</emphasis>
2007
</bibRefCitation>
) is presented in 
<figureCitation box="[839,921,295,321]" captionStart="FIGURE 32" captionStartId="52.[151,250,1898,1922]" captionTargetBox="[155,1433,1209,1870]" captionTargetId="figure-780@52.[151,1436,1207,1874]" captionTargetPageId="52" captionText="FIGURE 32. Global diversity and distribution of the subgenus Mycale (Arenochalina) based on data derived from the World Porifera Database 2020 combined with the new data from the present study. The map presents the number of species found in each of the Marine Ecoregions of the World (Spalding et al. 2007)." figureDoi="http://doi.org/10.5281/zenodo.4451014" httpUri="https://zenodo.org/record/4451014/files/figure.png" pageId="53" pageNumber="54">Fig. 32</figureCitation>
, showing that the subgenus is absent in polar regions and most temperate waters. Its absence in the Mediterranean indicates it has a circum-tropical distribution with a likely South East Pacific origin.
</paragraph>
</subSubSection>
</treatment>
</document>