<document ID-DOI="http://doi.org/10.5281/zenodo.4745649" ID-ISSN="1175-5326" ID-Zenodo-Dep="4745649" ID-ZooBank="AB348201-DA9D-4CB1-907E-DDD0118F81DB" _generate="added" approvalRequired="13" approvalRequired_for_textStreams="13" checkinTime="1620639246359" checkinUser="plazi" docAuthor="Antonovskaia, Anastasia A. &amp; Stekolnikov, Alexandr A." docDate="2021" docId="8545EB45EC27A03EFF3F8E9EFCB482A4" docLanguage="en" docName="zootaxa.4969.1.1.pdf" docOrigin="Zootaxa 4969 (1)" docStyle="DocumentStyle:647186512141C8FC8976D5BCC54AEB7D.8:Zootaxa.2013-.journal_article" docStyleId="647186512141C8FC8976D5BCC54AEB7D" docStyleName="Zootaxa.2013-.journal_article" docStyleVersion="8" docTitle="Microtrombicula fulgida" docType="treatment" docVersion="2" lastPageId="45" lastPageNumber="46" masterDocId="797C933DEC0EA013FFA88F60FFAC8448" masterDocTitle="Redescriptions of ten chigger mite species (Acariformes: Trombiculidae) from Vietnam" masterLastPageNumber="53" masterPageNumber="1" pageId="41" pageNumber="42" updateTime="1620643382948" updateUser="ExternalLinkService" zenodo-license-document="CLOSED">
<mods:mods xmlns:mods="http://www.loc.gov/mods/v3">
<mods:titleInfo>
<mods:title>Redescriptions of ten chigger mite species (Acariformes: Trombiculidae) from Vietnam</mods:title>
</mods:titleInfo>
<mods:name type="personal">
<mods:role>
<mods:roleTerm>Author</mods:roleTerm>
</mods:role>
<mods:namePart>Antonovskaia, Anastasia A.</mods:namePart>
<mods:affiliation>Lomonosov Moscow State University, Moscow, Russia.</mods:affiliation>
</mods:name>
<mods:name type="personal">
<mods:role>
<mods:roleTerm>Author</mods:roleTerm>
</mods:role>
<mods:namePart>Stekolnikov, Alexandr A.</mods:namePart>
<mods:nameIdentifier type="ORCID">0000-0001-7548-2671</mods:nameIdentifier>
<mods:affiliation>Zoological Institute of the Russian Academy of Sciences, Universitetskaya embankment 1, Saint Petersburg 199034, Russia. Corresponding author. Alexandr. Stekolnikov @ zin. ru; https: // orcid. org / 0000 - 0001 - 7548 - 2671</mods:affiliation>
<mods:nameIdentifier type="email">tekolnikov@zin.ru</mods:nameIdentifier>
</mods:name>
<mods:typeOfResource>text</mods:typeOfResource>
<mods:relatedItem type="host">
<mods:titleInfo>
<mods:title>Zootaxa</mods:title>
</mods:titleInfo>
<mods:part>
<mods:date>2021</mods:date>
<mods:detail type="pubDate">
<mods:number>2021-05-10</mods:number>
</mods:detail>
<mods:detail type="volume">
<mods:number>4969</mods:number>
</mods:detail>
<mods:detail type="issue">
<mods:number>1</mods:number>
</mods:detail>
<mods:extent unit="page">
<mods:start>1</mods:start>
<mods:end>53</mods:end>
</mods:extent>
</mods:part>
</mods:relatedItem>
<mods:classification>journal article</mods:classification>
<mods:identifier type="DOI">https://doi.org/10.11646/zootaxa.4969.1.1</mods:identifier>
<mods:identifier type="ISSN">1175-5326</mods:identifier>
<mods:identifier type="Zenodo-Dep">4745657</mods:identifier>
<mods:identifier type="ZooBank">AB348201-DA9D-4CB1-907E-DDD0118F81DB</mods:identifier>
</mods:mods>
<treatment ID-DOI="http://doi.org/10.5281/zenodo.4745649" ID-Zenodo-Dep="4745649" LSID="urn:lsid:plazi:treatment:8545EB45EC27A03EFF3F8E9EFCB482A4" httpUri="http://treatment.plazi.org/id/8545EB45EC27A03EFF3F8E9EFCB482A4" lastPageId="45" lastPageNumber="46" pageId="41" pageNumber="42">
<subSubSection box="[151,1106,510,537]" pageId="41" pageNumber="42" type="nomenclature">
<paragraph blockId="41.[151,1106,510,573]" box="[151,1106,510,537]" pageId="41" pageNumber="42">
<heading bold="true" box="[151,1106,510,537]" fontSize="11" level="1" pageId="41" pageNumber="42" reason="1">
<taxonomicName authority="(Schluger, Grochovskaja, Ngu, Hoe and Tung, 1963)" baseAuthorityName="Schluger, Grochovskaja, Ngu, Hoe and Tung" baseAuthorityYear="1963" box="[151,1106,510,537]" class="Arachnida" family="Trombiculidae" genus="Microtrombicula" higherTaxonomySource="GBIF" kingdom="Animalia" order="Prostigmata" pageId="41" pageNumber="42" phylum="Arthropoda" rank="species" species="fulgida">
<emphasis bold="true" box="[151,1106,510,537]" pageId="41" pageNumber="42">
<emphasis bold="true" box="[151,450,510,537]" italics="true" pageId="41" pageNumber="42">Microtrombicula fulgida</emphasis>
(
<bibRefCitation author="Schluger, E. G. &amp; Grochovskaja, I. M. &amp; Ngu, D. V. &amp; Hoe, N. X. &amp; Tung, D. K." box="[465,1098,510,537]" pageId="41" pageNumber="42" pagination="691 - 701" refId="ref22892" refString="Schluger, E. G., Grochovskaja, I. M., Ngu, D. V., Hoe, N. X. &amp; Tung, D. K. (1963) Chigger-mites of the genus Trombicula (Acariformes, Trombiculidae) from Democratic Republic Viet Nam. Entomologicheskoe Obozrenie, 42 (3), 691 - 701. [in Russian]" type="journal article" year="1963">Schluger, Grochovskaja, Ngu, Hoe and Tung, 1963</bibRefCitation>
)
</emphasis>
</taxonomicName>
</heading>
</paragraph>
</subSubSection>
<subSubSection box="[151,397,547,573]" pageId="41" pageNumber="42" type="description">
<paragraph blockId="41.[151,1106,510,573]" box="[151,397,547,573]" pageId="41" pageNumber="42">
(
<figureCitation box="[159,306,547,573]" captionStart="FIGURE 31" captionStartId="42.[151,250,1869,1893]" captionTargetBox="[168,1420,181,1846]" captionTargetId="figure-32@42.[168,1420,181,1846]" captionTargetPageId="42" captionText="FIGURE 31. Microtrombicula fulgida (Schluger, Grochovskaja, Ngu, Hoe and Tung, 1963), lectotype. A, anterior part of idiosoma, dorsal aspect; B, anterior part of idiosoma, ventral aspect. Microtrombicula vitosa (Schluger, Grochovskaja, Ngu, Hoe and Tung, 1963), paralectotype ZMMU Tdt-3281 (specimen 1). C, anterior part of idiosoma, dorsal aspect; D, anterior part of idiosoma, ventral aspect. Scale bars: 100 μm." figureDoi="http://doi.org/10.5281/zenodo.4745753" httpUri="https://zenodo.org/record/4745753/files/figure.png" pageId="41" pageNumber="42">Figs. 31A, B</figureCitation>
, 
<figureCitation box="[318,389,547,573]" captionStart-0="FIGURE 32" captionStart-1="FIGURE 33" captionStart-2="FIGURE 34" captionStartId-0="43.[151,250,1874,1898]" captionStartId-1="44.[151,250,1767,1791]" captionStartId-2="45.[151,250,522,546]" captionTargetBox-0="[193,1394,194,1841]" captionTargetBox-1="[159,1426,194,1732]" captionTargetBox-2="[157,1429,186,491]" captionTargetId-0="figure-17@43.[180,1408,181,1850]" captionTargetId-1="figure-20@44.[151,1436,181,1744]" captionTargetId-2="figure-17@45.[151,1436,181,499]" captionTargetPageId-0="43" captionTargetPageId-1="44" captionTargetPageId-2="45" captionText-0="FIGURE 32. Microtrombicula fulgida (Schluger, Grochovskaja, Ngu, Hoe and Tung, 1963). A, arrangement of dorsal idiosomal setae of paralectotype ZMMU Tdt-3231, specimen 3; B, arrangement of ventral idiosomal setae of paralectotype ZMMU Tdt- 3231, specimen 3; C, dorsal idiosomal seta of 1st row of lectotype; D, coxal seta I of lectotype; E, coxal seta II of lectotype; F, anterior sternal seta of lectotype; G, posterior sternal seta of lectotype; H, preanal seta of lectotype. Scale bars: 100 μm (A, B), 20 μm (C–H)." captionText-1="FIGURE 33. Microtrombicula fulgida (Schluger, Grochovskaja, Ngu, Hoe and Tung, 1963). A, ventral aspect of gnathosoma of lectotype; B, dorsal aspect of gnathosoma of lectotype; C, scutum and eyes of lectotype (one sensillum missing); D, leg I (trochanter–tarsus) of paralectotype ZMMU Tdt-3231 (specimen 3); E, leg II (trochanter–tarsus) of paralectotype ZMMU Tdt- 3231 (specimen 3); F, leg III (trochanter–tarsus) of paralectotype ZMMU Tdt-3231 (specimen 3) (mastitarsala broken). Scale bars: 20 μm (A, B), 50 μm (C–F)." captionText-2="FIGURE 34. Type specimens of Microtrombicula fulgida (Schluger, Grochovskaja, Ngu, Hoe and Tung, 1963) on slides." figureDoi-0="http://doi.org/10.5281/zenodo.4745757" figureDoi-1="http://doi.org/10.5281/zenodo.4745759" figureDoi-2="http://doi.org/10.5281/zenodo.4745763" httpUri-0="https://zenodo.org/record/4745757/files/figure.png" httpUri-1="https://zenodo.org/record/4745759/files/figure.png" httpUri-2="https://zenodo.org/record/4745763/files/figure.png" pageId="41" pageNumber="42">32–34</figureCitation>
)
</paragraph>
</subSubSection>
<subSubSection pageId="41" pageNumber="42" type="reference_group">
<paragraph blockId="41.[151,1055,615,701]" box="[151,1055,615,640]" pageId="41" pageNumber="42">
<treatmentCitationGroup box="[151,1055,615,640]" pageId="41" pageNumber="42">
<treatmentCitation author="Schluger, E. G. &amp; Grochovskaja, I. M. &amp; Ngu, D. V. &amp; Hoe, N. X. &amp; Tung, D. K." box="[151,923,615,640]" page="696" pageId="41" pageNumber="42" year="1963">
<taxonomicName authority="Schluger, Grochovskaja, Ngu, Hoe and Tung, 1963: 696" authorityName="Schluger, Grochovskaja, Ngu, Hoe and Tung" authorityPageNumber="696" authorityYear="1963" box="[151,923,615,640]" class="Arachnida" family="Trombiculidae" genus="Trombicula" kingdom="Animalia" order="Prostigmata" pageId="41" pageNumber="42" phylum="Arthropoda" rank="species" species="fulgida">
<emphasis box="[151,345,615,639]" italics="true" pageId="41" pageNumber="42">Trombicula fulgida</emphasis>
<bibRefCitation author="Schluger, E. G. &amp; Grochovskaja, I. M. &amp; Ngu, D. V. &amp; Hoe, N. X. &amp; Tung, D. K." box="[352,923,615,640]" pageId="41" pageNumber="42" pagination="691 - 701" refId="ref22892" refString="Schluger, E. G., Grochovskaja, I. M., Ngu, D. V., Hoe, N. X. &amp; Tung, D. K. (1963) Chigger-mites of the genus Trombicula (Acariformes, Trombiculidae) from Democratic Republic Viet Nam. Entomologicheskoe Obozrenie, 42 (3), 691 - 701. [in Russian]" type="journal article" year="1963">Schluger, Grochovskaja, Ngu, Hoe and Tung, 1963: 696</bibRefCitation>
</taxonomicName>
</treatmentCitation>
, figs. 23–29.
</treatmentCitationGroup>
</paragraph>
<paragraph blockId="41.[151,1055,615,701]" box="[151,651,646,670]" pageId="41" pageNumber="42">
<treatmentCitationGroup box="[151,651,646,670]" pageId="41" pageNumber="42">
<treatmentCitation author="Kudryashova, N. I." box="[151,647,646,670]" page="19" pageId="41" pageNumber="42" year="2004">
<taxonomicName authority=": Kudryashova 2004: 19" authorityName="Kudryashova" authorityPageNumber="19" authorityYear="2004" box="[151,647,646,670]" class="Arachnida" family="Trombiculidae" genus="Microtrombicula" higherTaxonomySource="GBIF" kingdom="Animalia" order="Prostigmata" pageId="41" pageNumber="42" phylum="Arthropoda" rank="species" species="fulgida">
<emphasis box="[151,401,646,670]" italics="true" pageId="41" pageNumber="42">Microtrombicula fulgida</emphasis>
: 
<bibRefCitation author="Kudryashova, N. I." box="[414,647,646,670]" pageId="41" pageNumber="42" pagination="1 - 52" refId="ref22012" refString="Kudryashova, N. I. (2004) Types of chigger mites (Trombiculidae) in the Zoological Museum of Moscow University. Zoologicheskie Issledovania, 7, 1 - 52. [in Russian]" type="journal article" year="2004">Kudryashova 2004: 19</bibRefCitation>
</taxonomicName>
</treatmentCitation>
.
</treatmentCitationGroup>
</paragraph>
<paragraph blockId="41.[151,1055,615,701]" box="[151,900,676,701]" pageId="41" pageNumber="42">
<treatmentCitationGroup box="[151,900,676,701]" pageId="41" pageNumber="42">
<treatmentCitation author="Chau, N. V. &amp; Hien, D. S. &amp; Van, N. T." box="[151,816,676,701]" page="95" pageId="41" pageNumber="42" year="2007">
<taxonomicName authority=": Chau et al. 2007: 95" authorityName="Chau" authorityPageNumber="95" authorityYear="2007" box="[151,816,676,701]" class="Arachnida" family="Trombiculidae" genus="Microtrombicula" higherTaxonomySource="GBIF" kingdom="Animalia" order="Prostigmata" pageId="41" pageNumber="42" phylum="Arthropoda" rank="species" species="fulgida" subGenus="Microtrombicula">
<emphasis box="[151,595,676,700]" italics="true" pageId="41" pageNumber="42">Microtrombicula (Microtrombicula) fulgida</emphasis>
: 
<bibRefCitation author="Chau, N. V. &amp; Hien, D. S. &amp; Van, N. T." box="[608,816,676,701]" pageId="41" pageNumber="42" refId="ref21456" refString="Chau, N. V., Hien, D. S. &amp; Van, N. T. (2007) Fauna of Vietnam. 16. Trombiculidae - Acarina, Siphonaptera. Science and Technics Publishing House, Ha Noi, 209 pp. [in Vietnamese]" type="book" year="2007">
Chau 
<emphasis box="[668,719,676,700]" italics="true" pageId="41" pageNumber="42">et al.</emphasis>
2007: 95
</bibRefCitation>
</taxonomicName>
</treatmentCitation>
, fig. 44.
</treatmentCitationGroup>
</paragraph>
</subSubSection>
<subSubSection pageId="41" pageNumber="42" type="diagnosis">
<paragraph blockId="41.[151,1437,746,845]" pageId="41" pageNumber="42">
<emphasis bold="true" box="[151,274,746,772]" pageId="41" pageNumber="42">Diagnosis.</emphasis>
SIF = 6B-N-2-3111.1000; fsp = 7.7.7; fCx = 1.1.1; fSt = 2.2; fPp = B/B/BbB; fSc: PL&gt; AM&gt; AL; Ip = 547–565; fD = 2H-7-10-5-5-4-4; DS = 31–37; 
<materialsCitation collectionCode="V, NDV" pageId="41" pageNumber="42" specimenCount="1">
<collectionCode box="[668,688,783,809]" country="Canada" lsid="urn:lsid:biocol.org:col:13946" name="Royal British Columbia Museum - Herbarium" pageId="41" pageNumber="42" type="Museum">V</collectionCode>
= 31–42; 
<collectionCode box="[799,859,783,809]" pageId="41" pageNumber="42">NDV</collectionCode>
= 67–74. Sensilla, sternal and coxal setae branched. Standard measurements of 
<typeStatus box="[455,503,819,845]" pageId="41" pageNumber="42">type</typeStatus>
series given in 
<tableCitation box="[679,778,819,845]" captionStart="TABLE 10" captionStartId="41.[151,239,892,916]" captionTargetBox="[166,1247,932,1883]" captionTargetPageId="41" captionText="TABLE 10. Standard measurements (µm) and numbers of setae of Microtrombicula fulgida (n = 4)." pageId="41" pageNumber="42">Table 10</tableCitation>
</materialsCitation>
.
</paragraph>
</subSubSection>
<caption box="[151,1218,892,917]" pageId="41" pageNumber="42" startId="41.[151,239,892,916]" targetBox="[166,1247,932,1883]" targetIsTable="true" targetPageId="41">
<paragraph blockId="41.[151,1247,892,1883]" box="[151,1218,892,917]" pageId="41" pageNumber="42">
<emphasis bold="true" box="[151,279,892,916]" pageId="41" pageNumber="42">TABLE 10.</emphasis>
Standard measurements (µm) and numbers of setae of 
<taxonomicName box="[869,1132,892,916]" class="Arachnida" family="Trombiculidae" genus="Microtrombicula" higherTaxonomySource="GBIF" kingdom="Animalia" order="Prostigmata" pageId="41" pageNumber="42" phylum="Arthropoda" rank="species" species="fulgida">
<emphasis box="[869,1132,892,916]" italics="true" pageId="41" pageNumber="42">Microtrombicula fulgida</emphasis>
</taxonomicName>
(n = 4).
</paragraph>
</caption>
<subSubSection lastPageId="45" lastPageNumber="46" pageId="41" pageNumber="42" type="description">
<paragraph blockId="41.[151,1436,1930,2029]" pageId="41" pageNumber="42">
<emphasis bold="true" box="[199,428,1930,1956]" pageId="41" pageNumber="42">Description (larva)</emphasis>
[based on 
<typeStatus box="[556,659,1931,1957]" pageId="41" pageNumber="42">lectotype</typeStatus>
and 
<specimenCount box="[718,909,1930,1957]" pageId="41" pageNumber="42" type="generic" typeStatus="paralectotypes">3 paralectotypes</specimenCount>
]. IDIOSOMA (
<figureCitation box="[1084,1235,1931,1957]" captionStart="FIGURE 31" captionStartId="42.[151,250,1869,1893]" captionTargetBox="[168,1420,181,1846]" captionTargetId="figure-32@42.[168,1420,181,1846]" captionTargetPageId="42" captionText="FIGURE 31. Microtrombicula fulgida (Schluger, Grochovskaja, Ngu, Hoe and Tung, 1963), lectotype. A, anterior part of idiosoma, dorsal aspect; B, anterior part of idiosoma, ventral aspect. Microtrombicula vitosa (Schluger, Grochovskaja, Ngu, Hoe and Tung, 1963), paralectotype ZMMU Tdt-3281 (specimen 1). C, anterior part of idiosoma, dorsal aspect; D, anterior part of idiosoma, ventral aspect. Scale bars: 100 μm." figureDoi="http://doi.org/10.5281/zenodo.4745753" httpUri="https://zenodo.org/record/4745753/files/figure.png" pageId="41" pageNumber="42">Figs. 31A, B</figureCitation>
, 
<figureCitation box="[1249,1281,1931,1957]" captionStart="FIGURE 32" captionStartId="43.[151,250,1874,1898]" captionTargetBox="[193,1394,194,1841]" captionTargetId="figure-17@43.[180,1408,181,1850]" captionTargetPageId="43" captionText="FIGURE 32. Microtrombicula fulgida (Schluger, Grochovskaja, Ngu, Hoe and Tung, 1963). A, arrangement of dorsal idiosomal setae of paralectotype ZMMU Tdt-3231, specimen 3; B, arrangement of ventral idiosomal setae of paralectotype ZMMU Tdt- 3231, specimen 3; C, dorsal idiosomal seta of 1st row of lectotype; D, coxal seta I of lectotype; E, coxal seta II of lectotype; F, anterior sternal seta of lectotype; G, posterior sternal seta of lectotype; H, preanal seta of lectotype. Scale bars: 100 μm (A, B), 20 μm (C–H)." figureDoi="http://doi.org/10.5281/zenodo.4745757" httpUri="https://zenodo.org/record/4745757/files/figure.png" pageId="41" pageNumber="42">32</figureCitation>
). Eyes 2 + 2; 31–37 barbed dorsal idiosomal setae, including one pair of humeral setae; 4 sternal setae, each with 2 barbs; 31–42 ventral setae; NDV = 67–74.
</paragraph>
<caption ID-DOI="http://doi.org/10.5281/zenodo.4745753" ID-Zenodo-Dep="4745753" httpUri="https://zenodo.org/record/4745753/files/figure.png" pageId="42" pageNumber="43" startId="42.[151,250,1869,1893]" targetBox="[168,1420,181,1846]" targetPageId="42">
<paragraph blockId="42.[151,1436,1869,2002]" pageId="42" pageNumber="43">
<emphasis bold="true" box="[151,291,1869,1894]" pageId="42" pageNumber="43">FIGURE 31.</emphasis>
<taxonomicName authority="(Schluger, Grochovskaja, Ngu, Hoe and Tung, 1963)" baseAuthorityName="Schluger, Grochovskaja, Ngu, Hoe and Tung" baseAuthorityYear="1963" box="[301,1121,1870,1894]" class="Arachnida" family="Trombiculidae" genus="Microtrombicula" higherTaxonomySource="GBIF" kingdom="Animalia" order="Prostigmata" pageId="42" pageNumber="43" phylum="Arthropoda" rank="species" species="fulgida">
<emphasis box="[301,554,1870,1894]" italics="true" pageId="42" pageNumber="43">Microtrombicula fulgida</emphasis>
(
<bibRefCitation author="Schluger, E. G. &amp; Grochovskaja, I. M. &amp; Ngu, D. V. &amp; Hoe, N. X. &amp; Tung, D. K." box="[570,1113,1870,1894]" pageId="42" pageNumber="43" pagination="691 - 701" refId="ref22892" refString="Schluger, E. G., Grochovskaja, I. M., Ngu, D. V., Hoe, N. X. &amp; Tung, D. K. (1963) Chigger-mites of the genus Trombicula (Acariformes, Trombiculidae) from Democratic Republic Viet Nam. Entomologicheskoe Obozrenie, 42 (3), 691 - 701. [in Russian]" type="journal article" year="1963">Schluger, Grochovskaja, Ngu, Hoe and Tung, 1963</bibRefCitation>
)
</taxonomicName>
, lectotype. 
<emphasis bold="true" box="[1243,1261,1869,1893]" pageId="42" pageNumber="43">A</emphasis>
, anterior part of idiosoma, dorsal aspect; 
<emphasis bold="true" box="[398,415,1906,1930]" pageId="42" pageNumber="43">B</emphasis>
, anterior part of idiosoma, ventral aspect. 
<taxonomicName authority="(Schluger, Grochovskaja, Ngu, Hoe and Tung, 1963)" baseAuthorityName="Schluger, Grochovskaja, Ngu, Hoe and Tung" baseAuthorityYear="1963" class="Arachnida" family="Trombiculidae" genus="Microtrombicula" higherTaxonomySource="GBIF" kingdom="Animalia" order="Prostigmata" pageId="42" pageNumber="43" phylum="Arthropoda" rank="species" species="vitosa">
<emphasis box="[836,1073,1906,1930]" italics="true" pageId="42" pageNumber="43">Microtrombicula vitosa</emphasis>
(
<bibRefCitation author="Schluger, E. G. &amp; Grochovskaja, I. M. &amp; Ngu, D. V. &amp; Hoe, N. X. &amp; Tung, D. K." pageId="42" pageNumber="43" pagination="691 - 701" refId="ref22892" refString="Schluger, E. G., Grochovskaja, I. M., Ngu, D. V., Hoe, N. X. &amp; Tung, D. K. (1963) Chigger-mites of the genus Trombicula (Acariformes, Trombiculidae) from Democratic Republic Viet Nam. Entomologicheskoe Obozrenie, 42 (3), 691 - 701. [in Russian]" type="journal article" year="1963">Schluger, Grochovskaja, Ngu, Hoe and Tung, 1963</bibRefCitation>
)
</taxonomicName>
, paralectotype ZMMU Tdt-3281 (specimen 1). 
<emphasis bold="true" box="[808,826,1941,1965]" pageId="42" pageNumber="43">C</emphasis>
, anterior part of idiosoma, dorsal aspect; 
<emphasis bold="true" box="[1252,1270,1942,1966]" pageId="42" pageNumber="43">D</emphasis>
, anterior part of idiosoma, ventral aspect. Scale bars: 100 μm.
</paragraph>
</caption>
<caption ID-DOI="http://doi.org/10.5281/zenodo.4745757" ID-Zenodo-Dep="4745757" httpUri="https://zenodo.org/record/4745757/files/figure.png" pageId="43" pageNumber="44" startId="43.[151,250,1874,1898]" targetBox="[193,1394,194,1841]" targetPageId="43">
<paragraph blockId="43.[151,1437,1874,2043]" pageId="43" pageNumber="44">
<emphasis bold="true" box="[151,287,1874,1898]" pageId="43" pageNumber="44">FIGURE 32.</emphasis>
<taxonomicName authority="(Schluger, Grochovskaja, Ngu, Hoe and Tung, 1963)" baseAuthorityName="Schluger, Grochovskaja, Ngu, Hoe and Tung" baseAuthorityYear="1963" box="[291,1074,1874,1899]" class="Arachnida" family="Trombiculidae" genus="Microtrombicula" higherTaxonomySource="GBIF" kingdom="Animalia" order="Prostigmata" pageId="43" pageNumber="44" phylum="Arthropoda" rank="species" species="fulgida">
<emphasis box="[291,539,1874,1898]" italics="true" pageId="43" pageNumber="44">Microtrombicula fulgida</emphasis>
(
<bibRefCitation author="Schluger, E. G. &amp; Grochovskaja, I. M. &amp; Ngu, D. V. &amp; Hoe, N. X. &amp; Tung, D. K." box="[551,1066,1874,1899]" pageId="43" pageNumber="44" pagination="691 - 701" refId="ref22892" refString="Schluger, E. G., Grochovskaja, I. M., Ngu, D. V., Hoe, N. X. &amp; Tung, D. K. (1963) Chigger-mites of the genus Trombicula (Acariformes, Trombiculidae) from Democratic Republic Viet Nam. Entomologicheskoe Obozrenie, 42 (3), 691 - 701. [in Russian]" type="journal article" year="1963">Schluger, Grochovskaja, Ngu, Hoe and Tung, 1963</bibRefCitation>
)
</taxonomicName>
. 
<emphasis bold="true" box="[1082,1100,1874,1898]" pageId="43" pageNumber="44">A</emphasis>
, arrangement of dorsal idiosomal setae of paralectotype ZMMU Tdt-3231, specimen 3; 
<emphasis bold="true" box="[702,719,1910,1934]" pageId="43" pageNumber="44">B</emphasis>
, arrangement of ventral idiosomal setae of paralectotype ZMMU Tdt- 3231, specimen 3; 
<emphasis bold="true" box="[343,361,1946,1970]" pageId="43" pageNumber="44">C</emphasis>
, dorsal idiosomal seta of 1 
<superScript attach="left" box="[636,646,1945,1959]" fontSize="6" pageId="43" pageNumber="44">st</superScript>
row of lectotype; 
<emphasis bold="true" box="[832,850,1946,1970]" pageId="43" pageNumber="44">D</emphasis>
, coxal seta I of lectotype; 
<emphasis bold="true" box="[1120,1137,1946,1970]" pageId="43" pageNumber="44">E</emphasis>
, coxal seta II of lectotype; 
<emphasis bold="true" box="[1414,1429,1946,1970]" pageId="43" pageNumber="44">F</emphasis>
, anterior sternal seta of lectotype; 
<emphasis bold="true" box="[490,510,1982,2006]" pageId="43" pageNumber="44">G</emphasis>
, posterior sternal seta of lectotype; 
<emphasis bold="true" box="[872,892,1982,2006]" pageId="43" pageNumber="44">H</emphasis>
, preanal seta of lectotype. Scale bars: 100 μm (A, B), 20 μm (C–H).
</paragraph>
</caption>
<caption ID-DOI="http://doi.org/10.5281/zenodo.4745759" ID-Zenodo-Dep="4745759" httpUri="https://zenodo.org/record/4745759/files/figure.png" pageId="44" pageNumber="45" startId="44.[151,250,1767,1791]" targetBox="[159,1426,194,1732]" targetPageId="44">
<paragraph blockId="44.[151,1437,1767,1936]" pageId="44" pageNumber="45">
<emphasis bold="true" box="[151,289,1767,1791]" pageId="44" pageNumber="45">FIGURE 33.</emphasis>
<taxonomicName authority="(Schluger, Grochovskaja, Ngu, Hoe and Tung, 1963)" baseAuthorityName="Schluger, Grochovskaja, Ngu, Hoe and Tung" baseAuthorityYear="1963" box="[296,1096,1767,1792]" class="Arachnida" family="Trombiculidae" genus="Microtrombicula" higherTaxonomySource="GBIF" kingdom="Animalia" order="Prostigmata" pageId="44" pageNumber="45" phylum="Arthropoda" rank="species" species="fulgida">
<emphasis box="[296,546,1768,1792]" italics="true" pageId="44" pageNumber="45">Microtrombicula fulgida</emphasis>
(
<bibRefCitation author="Schluger, E. G. &amp; Grochovskaja, I. M. &amp; Ngu, D. V. &amp; Hoe, N. X. &amp; Tung, D. K." box="[560,1087,1767,1792]" pageId="44" pageNumber="45" pagination="691 - 701" refId="ref22892" refString="Schluger, E. G., Grochovskaja, I. M., Ngu, D. V., Hoe, N. X. &amp; Tung, D. K. (1963) Chigger-mites of the genus Trombicula (Acariformes, Trombiculidae) from Democratic Republic Viet Nam. Entomologicheskoe Obozrenie, 42 (3), 691 - 701. [in Russian]" type="journal article" year="1963">Schluger, Grochovskaja, Ngu, Hoe and Tung, 1963</bibRefCitation>
)
</taxonomicName>
. 
<emphasis bold="true" box="[1106,1124,1767,1791]" pageId="44" pageNumber="45">A</emphasis>
, ventral aspect of gnathosoma of lectotype; 
<emphasis bold="true" box="[288,305,1804,1828]" pageId="44" pageNumber="45">B</emphasis>
, dorsal aspect of gnathosoma of lectotype; 
<emphasis bold="true" box="[756,774,1803,1827]" pageId="44" pageNumber="45">C</emphasis>
, scutum and eyes of lectotype (one sensillum missing); 
<emphasis bold="true" box="[1356,1374,1804,1828]" pageId="44" pageNumber="45">D</emphasis>
, leg I (trochanter–tarsus) of paralectotype ZMMU Tdt-3231 (specimen 3); 
<emphasis bold="true" box="[850,867,1840,1864]" pageId="44" pageNumber="45">E</emphasis>
, leg II (trochanter–tarsus) of paralectotype ZMMU Tdt- 3231 (specimen 3); 
<emphasis bold="true" box="[356,371,1876,1900]" pageId="44" pageNumber="45">F</emphasis>
, leg III (trochanter–tarsus) of paralectotype ZMMU Tdt-3231 (specimen 3) (mastitarsala broken). Scale bars: 20 μm (A, B), 50 μm (C–F).
</paragraph>
</caption>
<caption ID-DOI="http://doi.org/10.5281/zenodo.4745763" ID-Zenodo-Dep="4745763" box="[151,1383,522,547]" httpUri="https://zenodo.org/record/4745763/files/figure.png" pageId="45" pageNumber="46" startId="45.[151,250,522,546]" targetBox="[157,1429,186,491]" targetPageId="45">
<paragraph blockId="45.[151,1383,522,547]" box="[151,1383,522,547]" pageId="45" pageNumber="46">
<emphasis bold="true" box="[151,288,522,546]" pageId="45" pageNumber="46">FIGURE 34.</emphasis>
Type specimens of 
<taxonomicName authority="(Schluger, Grochovskaja, Ngu, Hoe and Tung, 1963)" baseAuthorityName="Schluger, Grochovskaja, Ngu, Hoe and Tung" baseAuthorityYear="1963" box="[489,1280,523,547]" class="Arachnida" family="Trombiculidae" genus="Microtrombicula" higherTaxonomySource="GBIF" kingdom="Animalia" order="Prostigmata" pageId="45" pageNumber="46" phylum="Arthropoda" rank="species" species="fulgida">
<emphasis box="[489,739,523,547]" italics="true" pageId="45" pageNumber="46">Microtrombicula fulgida</emphasis>
(
<bibRefCitation author="Schluger, E. G. &amp; Grochovskaja, I. M. &amp; Ngu, D. V. &amp; Hoe, N. X. &amp; Tung, D. K." box="[752,1273,523,547]" pageId="45" pageNumber="46" pagination="691 - 701" refId="ref22892" refString="Schluger, E. G., Grochovskaja, I. M., Ngu, D. V., Hoe, N. X. &amp; Tung, D. K. (1963) Chigger-mites of the genus Trombicula (Acariformes, Trombiculidae) from Democratic Republic Viet Nam. Entomologicheskoe Obozrenie, 42 (3), 691 - 701. [in Russian]" type="journal article" year="1963">Schluger, Grochovskaja, Ngu, Hoe and Tung, 1963</bibRefCitation>
)
</taxonomicName>
on slides.
</paragraph>
</caption>
<paragraph blockId="45.[151,1437,593,1772]" pageId="45" pageNumber="46">
GNATHOSOMA (
<figureCitation box="[409,546,593,619]" captionStart="FIGURE 33" captionStartId="44.[151,250,1767,1791]" captionTargetBox="[159,1426,194,1732]" captionTargetId="figure-20@44.[151,1436,181,1744]" captionTargetPageId="44" captionText="FIGURE 33. Microtrombicula fulgida (Schluger, Grochovskaja, Ngu, Hoe and Tung, 1963). A, ventral aspect of gnathosoma of lectotype; B, dorsal aspect of gnathosoma of lectotype; C, scutum and eyes of lectotype (one sensillum missing); D, leg I (trochanter–tarsus) of paralectotype ZMMU Tdt-3231 (specimen 3); E, leg II (trochanter–tarsus) of paralectotype ZMMU Tdt- 3231 (specimen 3); F, leg III (trochanter–tarsus) of paralectotype ZMMU Tdt-3231 (specimen 3) (mastitarsala broken). Scale bars: 20 μm (A, B), 50 μm (C–F)." figureDoi="http://doi.org/10.5281/zenodo.4745759" httpUri="https://zenodo.org/record/4745759/files/figure.png" pageId="45" pageNumber="46">Fig. 33A, B</figureCitation>
). Cheliceral blade with tricuspid cap; gnathobase with sparse puncta and 1 pair of branched setae; cheliceral base and palpal femur with sparse puncta; galeala nude; palpal claw with 2 prongs, internal prong longer; setae on palpal femur and genu branched; dorsal and ventral palpal tibial setae branched, lateral palpal tibial seta with 1 branch; palpal tarsus with 6 branched setae and tarsala.
</paragraph>
<paragraph blockId="45.[151,1437,593,1772]" pageId="45" pageNumber="46">
SCUTUM (
<figureCitation box="[331,446,737,763]" captionStart="FIGURE 31" captionStartId="42.[151,250,1869,1893]" captionTargetBox="[168,1420,181,1846]" captionTargetId="figure-32@42.[168,1420,181,1846]" captionTargetPageId="42" captionText="FIGURE 31. Microtrombicula fulgida (Schluger, Grochovskaja, Ngu, Hoe and Tung, 1963), lectotype. A, anterior part of idiosoma, dorsal aspect; B, anterior part of idiosoma, ventral aspect. Microtrombicula vitosa (Schluger, Grochovskaja, Ngu, Hoe and Tung, 1963), paralectotype ZMMU Tdt-3281 (specimen 1). C, anterior part of idiosoma, dorsal aspect; D, anterior part of idiosoma, ventral aspect. Scale bars: 100 μm." figureDoi="http://doi.org/10.5281/zenodo.4745753" httpUri="https://zenodo.org/record/4745753/files/figure.png" pageId="45" pageNumber="46">Figs. 31A</figureCitation>
, 
<figureCitation box="[457,507,737,763]" captionStart="FIGURE 33" captionStartId="44.[151,250,1767,1791]" captionTargetBox="[159,1426,194,1732]" captionTargetId="figure-20@44.[151,1436,181,1744]" captionTargetPageId="44" captionText="FIGURE 33. Microtrombicula fulgida (Schluger, Grochovskaja, Ngu, Hoe and Tung, 1963). A, ventral aspect of gnathosoma of lectotype; B, dorsal aspect of gnathosoma of lectotype; C, scutum and eyes of lectotype (one sensillum missing); D, leg I (trochanter–tarsus) of paralectotype ZMMU Tdt-3231 (specimen 3); E, leg II (trochanter–tarsus) of paralectotype ZMMU Tdt- 3231 (specimen 3); F, leg III (trochanter–tarsus) of paralectotype ZMMU Tdt-3231 (specimen 3) (mastitarsala broken). Scale bars: 20 μm (A, B), 50 μm (C–F)." figureDoi="http://doi.org/10.5281/zenodo.4745759" httpUri="https://zenodo.org/record/4745759/files/figure.png" pageId="45" pageNumber="46">33C</figureCitation>
). Pentagonal, wider than long, with anterolateral shoulders, with rounded posterior margin, moderately covered with small puncta, with 1 AM, 1 pair of ALs and 1 pair of PLs; AM anterior to level of ALs; all scutal setae uniformly covered with small barbs; PLs longest and ALs shortest scutal setae; sensilla flagelliform, with 8 long branches in distal half; sensillum bases situated close to each other and far anterior to level of PLs (PSB – P-PL = 
<quantity box="[406,511,881,907]" metricMagnitude="-3" metricUnit="m" metricValue="8.5" metricValueMax="10.0" metricValueMin="7.0" pageId="45" pageNumber="46" unit="mm" value="8.5" valueMax="10.0" valueMin="7.0">7–10 µm</quantity>
).
</paragraph>
<paragraph blockId="45.[151,1437,593,1772]" pageId="45" pageNumber="46">
LEGS (
<figureCitation box="[286,422,917,943]" captionStart="FIGURE 33" captionStartId="44.[151,250,1767,1791]" captionTargetBox="[159,1426,194,1732]" captionTargetId="figure-20@44.[151,1436,181,1744]" captionTargetPageId="44" captionText="FIGURE 33. Microtrombicula fulgida (Schluger, Grochovskaja, Ngu, Hoe and Tung, 1963). A, ventral aspect of gnathosoma of lectotype; B, dorsal aspect of gnathosoma of lectotype; C, scutum and eyes of lectotype (one sensillum missing); D, leg I (trochanter–tarsus) of paralectotype ZMMU Tdt-3231 (specimen 3); E, leg II (trochanter–tarsus) of paralectotype ZMMU Tdt- 3231 (specimen 3); F, leg III (trochanter–tarsus) of paralectotype ZMMU Tdt-3231 (specimen 3) (mastitarsala broken). Scale bars: 20 μm (A, B), 50 μm (C–F)." figureDoi="http://doi.org/10.5281/zenodo.4745759" httpUri="https://zenodo.org/record/4745759/files/figure.png" pageId="45" pageNumber="46">Fig. 33D–F</figureCitation>
). All 7-segmented, with 1 pair of claws and claw-like empodium. Leg I: coxa with 1 seta bearing 3 long branches (1B); trochanter 1B; basifemur 1B; telofemur 5B; genu 4B, 3 genualae, microgenuala; tibia 8B, 2 tibialae, microtibiala; tarsus 23B, tarsala, microtarsala distal to tarsala, subterminala, parasubterminala, pretarsala. Leg II: coxa 1B (with 2 short barbs); trochanter 1B; basifemur 2B; telofemur 4B; genu 3B, genuala; tibia 6B, 2 tibialae; tarsus 16B, tarsala, microtarsala at level of tarsala, pretarsala. Leg III: coxa 1B (with 3 long branches); trochanter 1B; basifemur 2B; telofemur 3B; genu 3B, genuala; tibia 6B, tibiala; tarsus 13B, mastitarsala.
</paragraph>
</subSubSection>
<subSubSection pageId="45" pageNumber="46" type="biology_ecology">
<paragraph blockId="45.[151,1437,593,1772]" pageId="45" pageNumber="46">
<emphasis bold="true" box="[199,262,1133,1159]" pageId="45" pageNumber="46">Host.</emphasis>
<taxonomicName authority="Temminck" authorityName="Temminck" authorityYear="1844" box="[269,574,1133,1159]" class="Mammalia" family="Muridae" genus="Rattus" kingdom="Animalia" order="Rodentia" pageId="45" pageNumber="46" phylum="Chordata" rank="species" species="tanezumi">
<emphasis box="[269,448,1134,1159]" italics="true" pageId="45" pageNumber="46">Rattus tanezumi</emphasis>
Temminck
</taxonomicName>
[= 
<taxonomicName authority="(Milne-Edwards)" authorityName="" baseAuthorityName="Milne-Edwards" baseAuthorityYear="1872" box="[613,1019,1132,1159]" class="Mammalia" family="Muridae" genus="Rattus" kingdom="Animalia" order="Rodentia" pageId="45" pageNumber="46" phylum="Chordata" rank="species" species="flavipectus">
<emphasis box="[613,812,1133,1159]" italics="true" pageId="45" pageNumber="46">Rattus flavipectus</emphasis>
(Milne-Edwards)
</taxonomicName>
]. The host was indicated as a “rat” on the slide labels but was identified as 
<taxonomicName authorityName="" baseAuthorityName="Milne-Edwards" baseAuthorityYear="1872" box="[563,715,1169,1195]" class="Mammalia" family="Muridae" genus="Rattus" kingdom="Animalia" order="Rodentia" pageId="45" pageNumber="46" phylum="Chordata" rank="species" species="flavipectus">
<emphasis box="[563,715,1169,1195]" italics="true" pageId="45" pageNumber="46">R. flavipectus</emphasis>
</taxonomicName>
in the thesis of Grochovskaja (unpublished typescript).
</paragraph>
</subSubSection>
<subSubSection box="[199,461,1205,1231]" pageId="45" pageNumber="46" type="distribution">
<paragraph blockId="45.[151,1437,593,1772]" box="[199,461,1205,1231]" pageId="45" pageNumber="46">
<emphasis bold="true" box="[199,353,1205,1231]" pageId="45" pageNumber="46">Distribution.</emphasis>
<collectingCountry box="[359,458,1205,1231]" name="Vietnam" pageId="45" pageNumber="46">Vietnam</collectingCountry>
.
</paragraph>
</subSubSection>
<subSubSection pageId="45" pageNumber="46" type="materials_examined">
<paragraph blockId="45.[151,1437,593,1772]" pageId="45" pageNumber="46">
<emphasis bold="true" box="[199,491,1241,1267]" pageId="45" pageNumber="46">Type material examined</emphasis>
(
<figureCitation box="[508,595,1241,1267]" captionStart="FIGURE 34" captionStartId="45.[151,250,522,546]" captionTargetBox="[157,1429,186,491]" captionTargetId="figure-17@45.[151,1436,181,499]" captionTargetPageId="45" captionText="FIGURE 34. Type specimens of Microtrombicula fulgida (Schluger, Grochovskaja, Ngu, Hoe and Tung, 1963) on slides." figureDoi="http://doi.org/10.5281/zenodo.4745763" httpUri="https://zenodo.org/record/4745763/files/figure.png" pageId="45" pageNumber="46">Fig. 34</figureCitation>
). 
<materialsCitation collectingDate="1956-09-08" collectionCode="ZMMU" collectorName="I. M. Grochovskaja." country="Vietnam" location="Phu Quy" municipality="No" pageId="45" pageNumber="46" specimenCount="1" stateProvince="Nghe An" typeStatus="lectotype">
<typeStatus box="[616,728,1241,1267]" pageId="45" pageNumber="46">Lectotype</typeStatus>
(here designated): larva 
<collectionCode box="[1013,1100,1241,1267]" country="Russia" httpUri="http://grbio.org/cool/k3qp-615s" name="Zoological Museum, Moscow Lomonosov State University" pageId="45" pageNumber="46" type="Museum">ZMMU</collectionCode>
Tdt-3232 (specimen 5) ex 
<taxonomicName authorityName="Temminck" authorityYear="1844" class="Mammalia" family="Muridae" genus="Rattus" kingdom="Animalia" order="Rodentia" pageId="45" pageNumber="46" phylum="Chordata" rank="species" species="tanezumi">
<emphasis italics="true" pageId="45" pageNumber="46">R. tanezumi</emphasis>
</taxonomicName>
(labeled as “rat”) 
<collectingMunicipality box="[446,480,1277,1303]" pageId="45" pageNumber="46">No</collectingMunicipality>
543, 
<collectingCountry box="[537,635,1277,1303]" name="Vietnam" pageId="45" pageNumber="46">Vietnam</collectingCountry>
, 
<collectingRegion box="[642,846,1277,1303]" country="Vietnam" name="Nghe An" pageId="45" pageNumber="46">Nghe An Province</collectingRegion>
, 
<location LSID="urn:lsid:plazi:treatment:8545EB45EC27A03EFF3F8E9EFCB482A4:08330C88EC23A03EFCFE8B9DFC1B815F" box="[854,951,1277,1303]" country="Vietnam" municipality="No" name="Phu Quy" pageId="45" pageNumber="46" stateProvince="Nghe An">Phu Quy</location>
, 
<date box="[959,1160,1277,1304]" pageId="45" pageNumber="46" value="1956-09-08">
<collectingDate box="[959,1160,1277,1304]" pageId="45" pageNumber="46" value="1956-09-08">8 September1956</collectingDate>
</date>
, coll. 
<collectorName box="[1221,1437,1277,1303]" pageId="45" pageNumber="46">I.M. Grochovskaja.</collectorName>
</materialsCitation>
<materialsCitation collectingDate="1956-09-10" collectionCode="ZMMU" collectorName="I. M. Grochovskaja." country="Vietnam" location="Phu Quy" municipality="Nos" pageId="45" pageNumber="46" specimenCount="1" specimenCount-larva="1" stateProvince="Nghe An" typeStatus="paralectotype">
<typeStatus box="[151,319,1313,1339]" pageId="45" pageNumber="46">Paralectotypes</typeStatus>
: 
<specimenCount box="[332,469,1313,1339]" pageId="45" pageNumber="46" type="larva">three larvae</specimenCount>
, 
<collectionCode box="[483,570,1313,1339]" country="Russia" httpUri="http://grbio.org/cool/k3qp-615s" name="Zoological Museum, Moscow Lomonosov State University" pageId="45" pageNumber="46" type="Museum">ZMMU</collectionCode>
Tdt-3229 (specimen 1), 
<collectionCode box="[859,946,1313,1339]" country="Russia" httpUri="http://grbio.org/cool/k3qp-615s" name="Zoological Museum, Moscow Lomonosov State University" pageId="45" pageNumber="46" type="Museum">ZMMU</collectionCode>
Tdt-3231 (specimen 3), 
<collectionCode box="[1235,1322,1313,1339]" country="Russia" httpUri="http://grbio.org/cool/k3qp-615s" name="Zoological Museum, Moscow Lomonosov State University" pageId="45" pageNumber="46" type="Museum">ZMMU</collectionCode>
Tdt-3280 “ 
<emphasis box="[164,380,1349,1375]" italics="true" pageId="45" pageNumber="46">
<taxonomicName authorityName="Schluger, Grochovskaja, Ngu, Hoe and Tung" authorityYear="1963" box="[164,370,1349,1375]" class="Arachnida" family="Trombiculidae" genus="Trombicula" kingdom="Animalia" order="Prostigmata" pageId="45" pageNumber="46" phylum="Arthropoda" rank="species" species="vitosa">Trombicula vitosa</taxonomicName>
”
</emphasis>
(specimen 5), ex 
<taxonomicName authorityName="Temminck" authorityYear="1844" box="[575,706,1350,1375]" class="Mammalia" family="Muridae" genus="Rattus" kingdom="Animalia" order="Rodentia" pageId="45" pageNumber="46" phylum="Chordata" rank="species" species="tanezumi">
<emphasis box="[575,706,1350,1375]" italics="true" pageId="45" pageNumber="46">R. tanezumi</emphasis>
</taxonomicName>
(labeled as “rat”) 
<collectingMunicipality box="[907,952,1349,1375]" pageId="45" pageNumber="46">Nos</collectingMunicipality>
571, 568, 
<collectingCountry box="[1068,1166,1349,1375]" name="Vietnam" pageId="45" pageNumber="46">Vietnam</collectingCountry>
, 
<collectingRegion box="[1175,1382,1349,1375]" country="Vietnam" name="Nghe An" pageId="45" pageNumber="46">Nghe An Province</collectingRegion>
, 
<location LSID="urn:lsid:plazi:treatment:8545EB45EC27A03EFF3F8E9EFCB482A4:08330C88EC23A03EFAD98A25FF6481CB" country="Vietnam" municipality="Nos" name="Phu Quy" pageId="45" pageNumber="46" stateProvince="Nghe An">Phu Quy</location>
, 
<date box="[212,432,1385,1412]" pageId="45" pageNumber="46" value="1956-09-10">
<collectingDate box="[212,432,1385,1412]" pageId="45" pageNumber="46" value="1956-09-10">10 September 1956</collectingDate>
</date>
, coll. 
<collectorName box="[499,718,1385,1411]" pageId="45" pageNumber="46">I.M. Grochovskaja.</collectorName>
</materialsCitation>
</paragraph>
</subSubSection>
<subSubSection pageId="45" pageNumber="46" type="discussion">
<paragraph blockId="45.[151,1437,593,1772]" pageId="45" pageNumber="46">
<emphasis bold="true" box="[199,315,1421,1447]" pageId="45" pageNumber="46">Remarks.</emphasis>
<taxonomicName baseAuthorityName="Schluger, Grochovskaja, Ngu, Hoe and Tung" baseAuthorityYear="1963" box="[326,604,1421,1447]" class="Arachnida" family="Trombiculidae" genus="Microtrombicula" higherTaxonomySource="GBIF" kingdom="Animalia" order="Prostigmata" pageId="45" pageNumber="46" phylum="Arthropoda" rank="species" species="fulgida">
<emphasis box="[326,604,1421,1447]" italics="true" pageId="45" pageNumber="46">Microtrombicula fulgida</emphasis>
</taxonomicName>
is similar to 
<taxonomicName authority="(Gater, 1932)" baseAuthorityName="Gater" baseAuthorityYear="1932" box="[765,1046,1421,1447]" class="Arachnida" family="Trombiculidae" genus="Microtrombicula" higherTaxonomySource="GBIF" kingdom="Animalia" order="Prostigmata" pageId="45" pageNumber="46" phylum="Arthropoda" rank="species" species="munda">
<emphasis box="[765,882,1421,1447]" italics="true" pageId="45" pageNumber="46">M. munda</emphasis>
(Gater, 1932)
</taxonomicName>
and differs from it in the greater number of idiosomal setae (fD = 2H-7-10-5-5-4-4, DS = 31–36, V = 32–42, and NDV = 67–74 vs. 2H-6-6-4-4-2-2, 26, 32, and 58, respectively), all coxal and sternal setae branched vs. nude (except coxal setae I), and by longer legs (Ip = 547–565 vs. 488) (
<bibRefCitation author="Vercammen-Grandjean, P. H." box="[423,764,1529,1556]" pageId="45" pageNumber="46" pagination="34 - 257" refId="ref23258" refString="Vercammen-Grandjean, P. H. (1965 a) Revision of the genera: Eltonella Audy, 1956 and Microtrombicula Ewing, 1950, with descriptions of fifty new species and transferal of subgenus Chiroptella to genus Leptotrombidium (Acarina, Trombiculidae). Acarologia, 7 (Supplement), 34 - 257." type="journal article" year="1965">Vercammen-Grandjean 1965a</bibRefCitation>
).
</paragraph>
<paragraph blockId="45.[151,1437,593,1772]" pageId="45" pageNumber="46">
This species is also close to 
<taxonomicName authority="Vercammen-Grandjean, 1965" authorityName="Vercammen-Grandjean" authorityYear="1965" box="[538,1066,1565,1592]" class="Arachnida" family="Trombiculidae" genus="Microtrombicula" higherTaxonomySource="GBIF" kingdom="Animalia" order="Prostigmata" pageId="45" pageNumber="46" phylum="Arthropoda" rank="species" species="nadchatrami">
<emphasis box="[538,722,1565,1591]" italics="true" pageId="45" pageNumber="46">M. nadchatrami</emphasis>
Vercammen-Grandjean, 1965
</taxonomicName>
and differs from it in a shorter scutum (ASB = 20–21, PSB = 19–21, SD = 39–43, and AP = 19–22, vs. 24, 25, 49, and 25, respectively), shorter setae (AM = 24–25, AL = 20–22, PL = 29–33, D 
<subScript attach="left" box="[703,728,1655,1669]" fontSize="6" pageId="45" pageNumber="46">min</subScript>
= 18–24, D 
<subScript attach="left" box="[865,893,1656,1670]" fontSize="6" pageId="45" pageNumber="46">max</subScript>
= 25–26, V 
<subScript attach="left" box="[1028,1053,1655,1669]" fontSize="6" pageId="45" pageNumber="46">min</subScript>
= 9–16, V 
<subScript attach="left" box="[1175,1203,1656,1670]" fontSize="6" pageId="45" pageNumber="46">max</subScript>
= 22–24, vs. 31, 28, 38, 27, 32, 21, and 28, respectively), shorter legs (Ip = 547–565 vs. 644), and less branched sternal and coxal setae (sternal setae with 2 vs. about 6 barbs; coxal setae I and III with 3 vs. about 6 long branches; coxal setae II with 2 vs. multiple short barbs) (
<bibRefCitation author="Vercammen-Grandjean, P. H." box="[438,779,1745,1772]" pageId="45" pageNumber="46" pagination="34 - 257" refId="ref23258" refString="Vercammen-Grandjean, P. H. (1965 a) Revision of the genera: Eltonella Audy, 1956 and Microtrombicula Ewing, 1950, with descriptions of fifty new species and transferal of subgenus Chiroptella to genus Leptotrombidium (Acarina, Trombiculidae). Acarologia, 7 (Supplement), 34 - 257." type="journal article" year="1965">Vercammen-Grandjean 1965a</bibRefCitation>
).
</paragraph>
</subSubSection>
</treatment>
</document>