<document ID-DOI="http://doi.org/10.5281/zenodo.4745643" ID-ISSN="1175-5326" ID-Zenodo-Dep="4745643" ID-ZooBank="AB348201-DA9D-4CB1-907E-DDD0118F81DB" _generate="added" approvalRequired="13" approvalRequired_for_textStreams="13" checkinTime="1620639246359" checkinUser="plazi" docAuthor="Antonovskaia, Anastasia A. &amp; Stekolnikov, Alexandr A." docDate="2021" docId="8545EB45EC18A008FF3F8A1FFD5A8555" docLanguage="en" docName="zootaxa.4969.1.1.pdf" docOrigin="Zootaxa 4969 (1)" docStyle="DocumentStyle:647186512141C8FC8976D5BCC54AEB7D.8:Zootaxa.2013-.journal_article" docStyleId="647186512141C8FC8976D5BCC54AEB7D" docStyleName="Zootaxa.2013-.journal_article" docStyleVersion="8" docTitle="Doloisia (Doloisia)" docType="treatment" docVersion="2" lastPageId="27" lastPageNumber="27" masterDocId="797C933DEC0EA013FFA88F60FFAC8448" masterDocTitle="Redescriptions of ten chigger mite species (Acariformes: Trombiculidae) from Vietnam" masterLastPageNumber="53" masterPageNumber="1" pageId="22" pageNumber="23" updateTime="1620643382948" updateUser="ExternalLinkService" zenodo-license-document="CLOSED">
<mods:mods xmlns:mods="http://www.loc.gov/mods/v3">
<mods:titleInfo>
<mods:title>Redescriptions of ten chigger mite species (Acariformes: Trombiculidae) from Vietnam</mods:title>
</mods:titleInfo>
<mods:name type="personal">
<mods:role>
<mods:roleTerm>Author</mods:roleTerm>
</mods:role>
<mods:namePart>Antonovskaia, Anastasia A.</mods:namePart>
<mods:affiliation>Lomonosov Moscow State University, Moscow, Russia.</mods:affiliation>
</mods:name>
<mods:name type="personal">
<mods:role>
<mods:roleTerm>Author</mods:roleTerm>
</mods:role>
<mods:namePart>Stekolnikov, Alexandr A.</mods:namePart>
<mods:nameIdentifier type="ORCID">0000-0001-7548-2671</mods:nameIdentifier>
<mods:affiliation>Zoological Institute of the Russian Academy of Sciences, Universitetskaya embankment 1, Saint Petersburg 199034, Russia. Corresponding author. Alexandr. Stekolnikov @ zin. ru; https: // orcid. org / 0000 - 0001 - 7548 - 2671</mods:affiliation>
<mods:nameIdentifier type="email">tekolnikov@zin.ru</mods:nameIdentifier>
</mods:name>
<mods:typeOfResource>text</mods:typeOfResource>
<mods:relatedItem type="host">
<mods:titleInfo>
<mods:title>Zootaxa</mods:title>
</mods:titleInfo>
<mods:part>
<mods:date>2021</mods:date>
<mods:detail type="pubDate">
<mods:number>2021-05-10</mods:number>
</mods:detail>
<mods:detail type="volume">
<mods:number>4969</mods:number>
</mods:detail>
<mods:detail type="issue">
<mods:number>1</mods:number>
</mods:detail>
<mods:extent unit="page">
<mods:start>1</mods:start>
<mods:end>53</mods:end>
</mods:extent>
</mods:part>
</mods:relatedItem>
<mods:classification>journal article</mods:classification>
<mods:identifier type="DOI">https://doi.org/10.11646/zootaxa.4969.1.1</mods:identifier>
<mods:identifier type="ISSN">1175-5326</mods:identifier>
<mods:identifier type="Zenodo-Dep">4745657</mods:identifier>
<mods:identifier type="ZooBank">AB348201-DA9D-4CB1-907E-DDD0118F81DB</mods:identifier>
</mods:mods>
<treatment ID-DOI="http://doi.org/10.5281/zenodo.4745643" ID-Zenodo-Dep="4745643" LSID="urn:lsid:plazi:treatment:8545EB45EC18A008FF3F8A1FFD5A8555" httpUri="http://treatment.plazi.org/id/8545EB45EC18A008FF3F8A1FFD5A8555" lastPageId="27" lastPageNumber="27" pageId="22" pageNumber="23">
<subSubSection box="[151,1085,1407,1434]" pageId="22" pageNumber="23" type="nomenclature">
<paragraph blockId="22.[151,1085,1407,1470]" box="[151,1085,1407,1434]" pageId="22" pageNumber="23">
<heading bold="true" box="[151,1085,1407,1434]" fontSize="11" level="1" pageId="22" pageNumber="23" reason="1">
<emphasis bold="true" box="[151,1085,1407,1434]" pageId="22" pageNumber="23">
<emphasis bold="true" box="[151,447,1407,1434]" italics="true" pageId="22" pageNumber="23">
<taxonomicName authority="(Doloisia)" box="[151,380,1407,1434]" class="Arachnida" family="Trombiculidae" genus="Doloisia" higherTaxonomySource="GBIF" kingdom="Animalia" order="Trombidiformes" pageId="22" pageNumber="23" phylum="Arthropoda" rank="subGenus" subGenus="Doloisia">Doloisia (Doloisia)</taxonomicName>
alata
</emphasis>
<bibRefCitation author="Schluger, E. G. &amp; Grochovskaja, I. M. &amp; Ngu, D. V. &amp; Hoe, N. X. &amp; Tung, D. K." box="[455,1085,1407,1433]" pageId="22" pageNumber="23" pagination="448 - 453" refId="ref22808" refString="Schluger, E. G., Grochovskaja, I. M., Ngu, D. V., Hoe, N. X. &amp; Tung, D. K. (1961) The trombiculid mites (chigger mites) of the genera Doloisia Oudemans, 1910, and Traubacarus Audy et Nadchatram, 1957 (Acariformes, Trombiculidae) from North Viet-Nam. Entomologicheskoe Obozrenie, 40 (2), 448 - 453. [in Russian]" type="journal article" year="1961">Schluger, Grochovskaja, Ngu, Hoe and Tung, 1961</bibRefCitation>
</emphasis>
</heading>
</paragraph>
</subSubSection>
<subSubSection box="[151,397,1443,1470]" pageId="22" pageNumber="23" type="description">
<paragraph blockId="22.[151,1085,1407,1470]" box="[151,397,1443,1470]" pageId="22" pageNumber="23">
(
<figureCitation box="[159,306,1443,1470]" captionStart="FIGURE 15" captionStartId="23.[151,250,1851,1875]" captionTargetBox="[174,1413,181,1827]" captionTargetId="figure-17@23.[174,1413,181,1827]" captionTargetPageId="23" captionText="FIGURE 15. Doloisia alata Schluger, Grochovskaja, Ngu, Hoe and Tung, 1961. A, anterior part of idiosoma, dorsal aspect, of paralectotype ZMMU Tdt-3173 (specimen 2); B, anterior part of idiosoma, ventral aspect, of paralectotype ZMMU Tdt-3157 (specimen 2). Doloisia fulminans Schluger, Grochovskaja, Ngu, Hoe and Tung, 1961. C, anterior part of idiosoma, dorsal aspect, of paralectotype ZMMU Tdt-3159 (specimen 2); D, anterior part of idiosoma, ventral aspect, of lectotype. Scale bars: 100 μm." figureDoi="http://doi.org/10.5281/zenodo.4745709" httpUri="https://zenodo.org/record/4745709/files/figure.png" pageId="22" pageNumber="23">Figs. 15A, B</figureCitation>
, 
<figureCitation box="[318,389,1443,1470]" captionStart-0="FIGURE 16" captionStart-1="FIGURE 17" captionStart-2="FIGURE 18" captionStartId-0="24.[151,250,1891,1915]" captionStartId-1="25.[151,250,1661,1685]" captionStartId-2="26.[151,250,1653,1677]" captionTargetBox-0="[233,1357,190,1861]" captionTargetBox-1="[162,1427,177,1627]" captionTargetId-0="figure-20@24.[219,1368,181,1867]" captionTargetId-1="figure-17@25.[151,1436,166,1638]" captionTargetPageId-0="24" captionTargetPageId-1="25" captionText-0="FIGURE 16. Doloisia alata Schluger, Grochovskaja, Ngu, Hoe and Tung, 1961. A, arrangement of dorsal idiosomal setae of paralectotype ZMMU Tdt-3176 (specimen 1); B, arrangement of ventral idiosomal setae of paralectotype ZMMU Tdt-3176 (specimen 1); C, dorsal idiosomal seta of 1st row of lectotype; D, anterior sternal seta of lectotype; E, preanal seta of lectotype. Scale bars: 100 μm (A, B), 20 μm (C–E)." captionText-1="FIGURE 17. Doloisia alata Schluger, Grochovskaja, Ngu, Hoe and Tung, 1961, lectotype. A, ventral aspect of gnathosoma; B, dorsal aspect of gnathosoma; C, scutum; D, leg I (trochanter–tarsus); E, leg II (trochanter–tarsus); F, leg III (trochanter–tarsus). Scale bars: 20 μm (A, B), 50 μm (C), 50 μm (D–F)." captionText-2="FIGURE 18. Type specimens of Doloisia alata Schluger, Grochovskaja, Ngu, Hoe and Tung, 1961 on slides." figureDoi-0="http://doi.org/10.5281/zenodo.4745711" figureDoi-1="http://doi.org/10.5281/zenodo.4745713" httpUri-0="https://zenodo.org/record/4745711/files/figure.png" httpUri-1="https://zenodo.org/record/4745713/files/figure.png" pageId="22" pageNumber="23">16–18</figureCitation>
)
</paragraph>
</subSubSection>
<subSubSection pageId="22" pageNumber="23" type="reference_group">
<paragraph blockId="22.[151,1069,1512,1597]" box="[151,981,1512,1536]" pageId="22" pageNumber="23">
<treatmentCitationGroup box="[151,981,1512,1536]" pageId="22" pageNumber="23">
<emphasis box="[151,297,1512,1536]" italics="true" pageId="22" pageNumber="23">
<taxonomicName authorityName="Oudemans" authorityYear="1910" box="[151,238,1512,1536]" class="Arachnida" family="Trombiculidae" genus="Doloisia" higherTaxonomySource="GBIF" kingdom="Animalia" order="Trombidiformes" pageId="22" pageNumber="23" phylum="Arthropoda" rank="genus">Doloisia</taxonomicName>
alata
</emphasis>
<treatmentCitation author="Schluger, E. G. &amp; Grochovskaja, I. M. &amp; Ngu, D. V. &amp; Hoe, N. X. &amp; Tung, D. K." box="[303,875,1512,1536]" page="448" pageId="22" pageNumber="23" year="1961">
<bibRefCitation author="Schluger, E. G. &amp; Grochovskaja, I. M. &amp; Ngu, D. V. &amp; Hoe, N. X. &amp; Tung, D. K." box="[303,875,1512,1536]" pageId="22" pageNumber="23" pagination="448 - 453" refId="ref22808" refString="Schluger, E. G., Grochovskaja, I. M., Ngu, D. V., Hoe, N. X. &amp; Tung, D. K. (1961) The trombiculid mites (chigger mites) of the genera Doloisia Oudemans, 1910, and Traubacarus Audy et Nadchatram, 1957 (Acariformes, Trombiculidae) from North Viet-Nam. Entomologicheskoe Obozrenie, 40 (2), 448 - 453. [in Russian]" type="journal article" year="1961">Schluger, Grochovskaja, Ngu, Hoe and Tung, 1961: 448</bibRefCitation>
</treatmentCitation>
, figs. 1–7.
</treatmentCitationGroup>
</paragraph>
<paragraph blockId="22.[151,1069,1512,1597]" box="[151,1037,1542,1566]" pageId="22" pageNumber="23">
<treatmentCitationGroup box="[151,1037,1542,1566]" pageId="22" pageNumber="23">
<emphasis box="[151,297,1542,1566]" italics="true" pageId="22" pageNumber="23">
<taxonomicName authorityName="Oudemans" authorityYear="1910" box="[151,238,1542,1566]" class="Arachnida" family="Trombiculidae" genus="Doloisia" higherTaxonomySource="GBIF" kingdom="Animalia" order="Trombidiformes" pageId="22" pageNumber="23" phylum="Arthropoda" rank="genus">Doloisia</taxonomicName>
alata
</emphasis>
: Wen 1984: 302; 
<treatmentCitation author="Li, J. &amp; Wang, D. &amp; Chen, X." box="[477,667,1542,1566]" page="333" pageId="22" pageNumber="23" year="1997">
<bibRefCitation author="Li, J. &amp; Wang, D. &amp; Chen, X." box="[477,667,1542,1566]" pageId="22" pageNumber="23" refId="ref22142" refString="Li, J., Wang, D. &amp; Chen, X. (1997) Trombiculid mites of China: studies on vector and pathogen of tsutsugamushi disease. Guangdong Science and Technology Press, Guangzhou, 570 pp. [in Chinese]" type="book" year="1997">
Li 
<emphasis box="[506,557,1542,1566]" italics="true" pageId="22" pageNumber="23">et al.</emphasis>
1997: 333
</bibRefCitation>
</treatmentCitation>
, fig. 2-23-2; 
<treatmentCitation author="Kudryashova, N. I." box="[800,1033,1542,1566]" page="37" pageId="22" pageNumber="23" year="2004">
<bibRefCitation author="Kudryashova, N. I." box="[800,1033,1542,1566]" pageId="22" pageNumber="23" pagination="1 - 52" refId="ref22012" refString="Kudryashova, N. I. (2004) Types of chigger mites (Trombiculidae) in the Zoological Museum of Moscow University. Zoologicheskie Issledovania, 7, 1 - 52. [in Russian]" type="journal article" year="2004">Kudryashova 2004: 37</bibRefCitation>
</treatmentCitation>
.
</treatmentCitationGroup>
</paragraph>
<paragraph blockId="22.[151,1069,1512,1597]" box="[151,1069,1573,1597]" pageId="22" pageNumber="23">
<treatmentCitationGroup box="[151,1069,1573,1597]" pageId="22" pageNumber="23">
<emphasis box="[151,407,1573,1597]" italics="true" pageId="22" pageNumber="23">
<taxonomicName authority="(Doloisia)" box="[151,349,1573,1597]" class="Arachnida" family="Trombiculidae" genus="Doloisia" higherTaxonomySource="GBIF" kingdom="Animalia" order="Trombidiformes" pageId="22" pageNumber="23" phylum="Arthropoda" rank="subGenus" subGenus="Doloisia">Doloisia (Doloisia)</taxonomicName>
alata
</emphasis>
: 
<treatmentCitation author="Vercammen-Grandjean, P. H." box="[420,754,1573,1597]" page="97" pageId="22" pageNumber="23" year="1968">
<bibRefCitation author="Vercammen-Grandjean, P. H." box="[420,754,1573,1597]" pageId="22" pageNumber="23" refId="ref23361" refString="Vercammen-Grandjean, P. H. (1968) The chigger mites of the Far East (Acarina: Trombiculidae &amp; Leeuwenhoekiidae). U. S. Army Medical Research and Development Command, Washington, D. C., 135 pp." type="book" year="1968">Vercammen-Grandjean 1968: 97</bibRefCitation>
</treatmentCitation>
; 
<treatmentCitation author="Chau, N. V. &amp; Hien, D. S. &amp; Van, N. T." box="[764,985,1573,1597]" page="142" pageId="22" pageNumber="23" year="2007">
<bibRefCitation author="Chau, N. V. &amp; Hien, D. S. &amp; Van, N. T." box="[764,985,1573,1597]" pageId="22" pageNumber="23" refId="ref21456" refString="Chau, N. V., Hien, D. S. &amp; Van, N. T. (2007) Fauna of Vietnam. 16. Trombiculidae - Acarina, Siphonaptera. Science and Technics Publishing House, Ha Noi, 209 pp. [in Vietnamese]" type="book" year="2007">
Chau 
<emphasis box="[824,875,1573,1597]" italics="true" pageId="22" pageNumber="23">et al.</emphasis>
2007: 142
</bibRefCitation>
</treatmentCitation>
, fig. 67.
</treatmentCitationGroup>
</paragraph>
</subSubSection>
<subSubSection pageId="22" pageNumber="23" type="diagnosis">
<paragraph blockId="22.[151,1436,1643,1994]" pageId="22" pageNumber="23">
<emphasis bold="true" box="[151,274,1643,1669]" pageId="22" pageNumber="23">Diagnosis.</emphasis>
SIF = 3B1b-N-3-2110.0000; fsp = 7.7.7; fCx = 3.5.10; fSt = 2.2; fPp = B/B/NNB; fSc: PL &gt;&gt; AM&gt; AL; Ip = 688–741; fD = 4H-10-8-6-6-2; DS = 36–40; 
<materialsCitation collectionCode="V, NDV" pageId="22" pageNumber="23" specimenCount="1">
<collectionCode box="[710,730,1680,1706]" country="Canada" lsid="urn:lsid:biocol.org:col:13946" name="Royal British Columbia Museum - Herbarium" pageId="22" pageNumber="23" type="Museum">V</collectionCode>
= 38–41; 
<collectionCode box="[846,906,1680,1706]" pageId="22" pageNumber="23">NDV</collectionCode>
= 75–80. Eyes absent. Standard measurements of 
<typeStatus box="[182,230,1716,1742]" pageId="22" pageNumber="23">type</typeStatus>
series given in 
<tableCitation box="[405,491,1715,1741]" captionStart="TABLE 6" captionStartId="26.[151,239,296,320]" captionTargetBox="[166,1147,337,1286]" captionTargetPageId="26" captionText="TABLE 6. Standard measurements (µm) and numbers of setae of Doloisia alata (n = 5)." pageId="22" pageNumber="23">Table 6</tableCitation>
</materialsCitation>
.
</paragraph>
</subSubSection>
<subSubSection lastPageId="26" lastPageNumber="27" pageId="22" pageNumber="23" type="description">
<paragraph blockId="22.[151,1436,1643,1994]" pageId="22" pageNumber="23">
<emphasis bold="true" box="[199,427,1751,1777]" pageId="22" pageNumber="23">Description (larva)</emphasis>
[based on 
<typeStatus box="[554,657,1751,1777]" pageId="22" pageNumber="23">lectotype</typeStatus>
and 
<specimenCount box="[714,904,1751,1778]" pageId="22" pageNumber="23" type="generic" typeStatus="paralectotypes">4 paralectotypes</specimenCount>
]. IDIOSOMA (
<figureCitation box="[1078,1228,1751,1778]" captionStart="FIGURE 15" captionStartId="23.[151,250,1851,1875]" captionTargetBox="[174,1413,181,1827]" captionTargetId="figure-17@23.[174,1413,181,1827]" captionTargetPageId="23" captionText="FIGURE 15. Doloisia alata Schluger, Grochovskaja, Ngu, Hoe and Tung, 1961. A, anterior part of idiosoma, dorsal aspect, of paralectotype ZMMU Tdt-3173 (specimen 2); B, anterior part of idiosoma, ventral aspect, of paralectotype ZMMU Tdt-3157 (specimen 2). Doloisia fulminans Schluger, Grochovskaja, Ngu, Hoe and Tung, 1961. C, anterior part of idiosoma, dorsal aspect, of paralectotype ZMMU Tdt-3159 (specimen 2); D, anterior part of idiosoma, ventral aspect, of lectotype. Scale bars: 100 μm." figureDoi="http://doi.org/10.5281/zenodo.4745709" httpUri="https://zenodo.org/record/4745709/files/figure.png" pageId="22" pageNumber="23">Figs. 15A, B</figureCitation>
, 
<figureCitation box="[1241,1272,1751,1778]" captionStart="FIGURE 16" captionStartId="24.[151,250,1891,1915]" captionTargetBox="[233,1357,190,1861]" captionTargetId="figure-20@24.[219,1368,181,1867]" captionTargetPageId="24" captionText="FIGURE 16. Doloisia alata Schluger, Grochovskaja, Ngu, Hoe and Tung, 1961. A, arrangement of dorsal idiosomal setae of paralectotype ZMMU Tdt-3176 (specimen 1); B, arrangement of ventral idiosomal setae of paralectotype ZMMU Tdt-3176 (specimen 1); C, dorsal idiosomal seta of 1st row of lectotype; D, anterior sternal seta of lectotype; E, preanal seta of lectotype. Scale bars: 100 μm (A, B), 20 μm (C–E)." figureDoi="http://doi.org/10.5281/zenodo.4745711" httpUri="https://zenodo.org/record/4745711/files/figure.png" pageId="22" pageNumber="23">16</figureCitation>
). Eyes absent; 36–40 dorsal idiosomal setae covered with long thin barbs, including two pairs of humeral setae; 4 sternal setae; 38–41 ventral setae; NDV = 75–80.
</paragraph>
<paragraph blockId="22.[151,1436,1643,1994]" pageId="22" pageNumber="23">
GNATHOSOMA (
<figureCitation box="[410,546,1859,1886]" captionStart="FIGURE 17" captionStartId="25.[151,250,1661,1685]" captionTargetBox="[162,1427,177,1627]" captionTargetId="figure-17@25.[151,1436,166,1638]" captionTargetPageId="25" captionText="FIGURE 17. Doloisia alata Schluger, Grochovskaja, Ngu, Hoe and Tung, 1961, lectotype. A, ventral aspect of gnathosoma; B, dorsal aspect of gnathosoma; C, scutum; D, leg I (trochanter–tarsus); E, leg II (trochanter–tarsus); F, leg III (trochanter–tarsus). Scale bars: 20 μm (A, B), 50 μm (C), 50 μm (D–F)." figureDoi="http://doi.org/10.5281/zenodo.4745713" httpUri="https://zenodo.org/record/4745713/files/figure.png" pageId="22" pageNumber="23">Fig. 17A, B</figureCitation>
). Cheliceral blade with two large hooks; gnathobase with moderate puncta and 1 pair of branched setae; galeala nude; palpal claw with 3 prongs, internal prong long and strongly curved; setae on palpal femur and genu branched; dorsal and lateral palpal tibial setae nude, ventral palpal tibial seta branched; palpal tarsus with 1 small dorsal seta having 1 branch, 3 heavily branched ventral setae, and tarsala.
</paragraph>
<caption ID-DOI="http://doi.org/10.5281/zenodo.4745709" ID-Zenodo-Dep="4745709" httpUri="https://zenodo.org/record/4745709/files/figure.png" pageId="23" pageNumber="24" startId="23.[151,250,1851,1875]" targetBox="[174,1413,181,1827]" targetPageId="23">
<paragraph blockId="23.[151,1436,1851,1984]" pageId="23" pageNumber="24">
<emphasis bold="true" box="[151,288,1851,1875]" pageId="23" pageNumber="24">FIGURE 15.</emphasis>
<emphasis box="[294,440,1851,1875]" italics="true" pageId="23" pageNumber="24">
<taxonomicName authorityName="Oudemans" authorityYear="1910" box="[294,381,1851,1875]" class="Arachnida" family="Trombiculidae" genus="Doloisia" higherTaxonomySource="GBIF" kingdom="Animalia" order="Trombidiformes" pageId="23" pageNumber="24" phylum="Arthropoda" rank="genus">Doloisia</taxonomicName>
alata
</emphasis>
<bibRefCitation author="Schluger, E. G. &amp; Grochovskaja, I. M. &amp; Ngu, D. V. &amp; Hoe, N. X. &amp; Tung, D. K." box="[446,967,1851,1876]" pageId="23" pageNumber="24" pagination="448 - 453" refId="ref22808" refString="Schluger, E. G., Grochovskaja, I. M., Ngu, D. V., Hoe, N. X. &amp; Tung, D. K. (1961) The trombiculid mites (chigger mites) of the genera Doloisia Oudemans, 1910, and Traubacarus Audy et Nadchatram, 1957 (Acariformes, Trombiculidae) from North Viet-Nam. Entomologicheskoe Obozrenie, 40 (2), 448 - 453. [in Russian]" type="journal article" year="1961">Schluger, Grochovskaja, Ngu, Hoe and Tung, 1961</bibRefCitation>
. 
<emphasis bold="true" box="[976,994,1851,1875]" pageId="23" pageNumber="24">A</emphasis>
, anterior part of idiosoma, dorsal aspect, of paralectotype ZMMU Tdt-3173 (specimen 2); 
<emphasis bold="true" box="[630,647,1888,1912]" pageId="23" pageNumber="24">B</emphasis>
, anterior part of idiosoma, ventral aspect, of paralectotype ZMMU Tdt-3157 (specimen 2). 
<taxonomicName authority="Schluger, Grochovskaja, Ngu, Hoe and Tung, 1961" authorityName="Schluger, Grochovskaja, Ngu, Hoe and Tung" authorityYear="1961" box="[293,1001,1923,1948]" class="Arachnida" family="Trombiculidae" genus="Doloisia" higherTaxonomySource="GBIF" kingdom="Animalia" order="Trombidiformes" pageId="23" pageNumber="24" phylum="Arthropoda" rank="species" species="fulminans">
<emphasis box="[293,485,1923,1947]" italics="true" pageId="23" pageNumber="24">Doloisia fulminans</emphasis>
<bibRefCitation author="Schluger, E. G. &amp; Grochovskaja, I. M. &amp; Ngu, D. V. &amp; Hoe, N. X. &amp; Tung, D. K." box="[490,1001,1923,1948]" pageId="23" pageNumber="24" pagination="448 - 453" refId="ref22808" refString="Schluger, E. G., Grochovskaja, I. M., Ngu, D. V., Hoe, N. X. &amp; Tung, D. K. (1961) The trombiculid mites (chigger mites) of the genera Doloisia Oudemans, 1910, and Traubacarus Audy et Nadchatram, 1957 (Acariformes, Trombiculidae) from North Viet-Nam. Entomologicheskoe Obozrenie, 40 (2), 448 - 453. [in Russian]" type="journal article" year="1961">Schluger, Grochovskaja, Ngu, Hoe and Tung, 1961</bibRefCitation>
</taxonomicName>
. 
<emphasis bold="true" box="[1012,1030,1923,1947]" pageId="23" pageNumber="24">C</emphasis>
, anterior part of idiosoma, dorsal aspect, of paralectotype ZMMU Tdt-3159 (specimen 2); 
<emphasis bold="true" box="[652,670,1960,1984]" pageId="23" pageNumber="24">D</emphasis>
, anterior part of idiosoma, ventral aspect, of lectotype. Scale bars: 100 μm.
</paragraph>
</caption>
<caption ID-DOI="http://doi.org/10.5281/zenodo.4745711" ID-Zenodo-Dep="4745711" httpUri="https://zenodo.org/record/4745711/files/figure.png" pageId="24" pageNumber="25" startId="24.[151,250,1891,1915]" targetBox="[233,1357,190,1861]" targetPageId="24">
<paragraph blockId="24.[151,1437,1891,2023]" pageId="24" pageNumber="25">
<emphasis bold="true" box="[151,289,1891,1915]" pageId="24" pageNumber="25">FIGURE 16.</emphasis>
<emphasis box="[296,442,1891,1915]" italics="true" pageId="24" pageNumber="25">
<taxonomicName authorityName="Oudemans" authorityYear="1910" box="[296,383,1891,1915]" class="Arachnida" family="Trombiculidae" genus="Doloisia" higherTaxonomySource="GBIF" kingdom="Animalia" order="Trombidiformes" pageId="24" pageNumber="25" phylum="Arthropoda" rank="genus">Doloisia</taxonomicName>
alata
</emphasis>
<bibRefCitation author="Schluger, E. G. &amp; Grochovskaja, I. M. &amp; Ngu, D. V. &amp; Hoe, N. X. &amp; Tung, D. K." box="[450,977,1891,1915]" pageId="24" pageNumber="25" pagination="448 - 453" refId="ref22808" refString="Schluger, E. G., Grochovskaja, I. M., Ngu, D. V., Hoe, N. X. &amp; Tung, D. K. (1961) The trombiculid mites (chigger mites) of the genera Doloisia Oudemans, 1910, and Traubacarus Audy et Nadchatram, 1957 (Acariformes, Trombiculidae) from North Viet-Nam. Entomologicheskoe Obozrenie, 40 (2), 448 - 453. [in Russian]" type="journal article" year="1961">Schluger, Grochovskaja, Ngu, Hoe and Tung, 1961</bibRefCitation>
. 
<emphasis bold="true" box="[987,1005,1891,1915]" pageId="24" pageNumber="25">A</emphasis>
, arrangement of dorsal idiosomal setae of paralectotype ZMMU Tdt-3176 (specimen 1); 
<emphasis bold="true" box="[636,653,1927,1951]" pageId="24" pageNumber="25">B</emphasis>
, arrangement of ventral idiosomal setae of paralectotype ZMMU Tdt-3176 (specimen 1); 
<emphasis bold="true" box="[296,314,1963,1987]" pageId="24" pageNumber="25">C</emphasis>
, dorsal idiosomal seta of 1 
<superScript attach="left" box="[588,598,1962,1976]" fontSize="6" pageId="24" pageNumber="25">st</superScript>
row of lectotype; 
<emphasis bold="true" box="[784,802,1963,1987]" pageId="24" pageNumber="25">D</emphasis>
, anterior sternal seta of lectotype; 
<emphasis bold="true" box="[1153,1170,1963,1987]" pageId="24" pageNumber="25">E</emphasis>
, preanal seta of lectotype. Scale bars: 100 μm (A, B), 20 μm (C–E).
</paragraph>
</caption>
<caption ID-DOI="http://doi.org/10.5281/zenodo.4745713" ID-Zenodo-Dep="4745713" httpUri="https://zenodo.org/record/4745713/files/figure.png" pageId="25" pageNumber="26" startId="25.[151,250,1661,1685]" targetBox="[162,1427,177,1627]" targetPageId="25">
<paragraph blockId="25.[151,1437,1661,1758]" pageId="25" pageNumber="26">
<emphasis bold="true" box="[151,287,1661,1685]" pageId="25" pageNumber="26">FIGURE 17.</emphasis>
<emphasis box="[293,438,1662,1686]" italics="true" pageId="25" pageNumber="26">
<taxonomicName authorityName="Oudemans" authorityYear="1910" box="[293,380,1662,1686]" class="Arachnida" family="Trombiculidae" genus="Doloisia" higherTaxonomySource="GBIF" kingdom="Animalia" order="Trombidiformes" pageId="25" pageNumber="26" phylum="Arthropoda" rank="genus">Doloisia</taxonomicName>
alata
</emphasis>
<bibRefCitation author="Schluger, E. G. &amp; Grochovskaja, I. M. &amp; Ngu, D. V. &amp; Hoe, N. X. &amp; Tung, D. K." box="[444,961,1661,1686]" pageId="25" pageNumber="26" pagination="448 - 453" refId="ref22808" refString="Schluger, E. G., Grochovskaja, I. M., Ngu, D. V., Hoe, N. X. &amp; Tung, D. K. (1961) The trombiculid mites (chigger mites) of the genera Doloisia Oudemans, 1910, and Traubacarus Audy et Nadchatram, 1957 (Acariformes, Trombiculidae) from North Viet-Nam. Entomologicheskoe Obozrenie, 40 (2), 448 - 453. [in Russian]" type="journal article" year="1961">Schluger, Grochovskaja, Ngu, Hoe and Tung, 1961</bibRefCitation>
, lectotype. 
<emphasis bold="true" box="[1075,1093,1661,1685]" pageId="25" pageNumber="26">A</emphasis>
, ventral aspect of gnathosoma; 
<emphasis bold="true" box="[1413,1430,1662,1686]" pageId="25" pageNumber="26">B</emphasis>
, dorsal aspect of gnathosoma; 
<emphasis bold="true" box="[450,468,1697,1721]" pageId="25" pageNumber="26">C</emphasis>
, scutum; 
<emphasis bold="true" box="[567,585,1698,1722]" pageId="25" pageNumber="26">D</emphasis>
, leg I (trochanter–tarsus); 
<emphasis bold="true" box="[853,870,1698,1722]" pageId="25" pageNumber="26">E</emphasis>
, leg II (trochanter–tarsus); 
<emphasis bold="true" box="[1145,1165,1698,1722]" pageId="25" pageNumber="26">F,</emphasis>
leg III (trochanter–tarsus). Scale bars: 20 μm (A, B), 50 μm (C), 50 μm (D–F).
</paragraph>
</caption>
<paragraph blockId="25.[151,1437,1797,2040]" pageId="25" pageNumber="26">
SCUTUM (
<figureCitation box="[332,437,1797,1824]" captionStart="FIGURE 15" captionStartId="23.[151,250,1851,1875]" captionTargetBox="[174,1413,181,1827]" captionTargetId="figure-17@23.[174,1413,181,1827]" captionTargetPageId="23" captionText="FIGURE 15. Doloisia alata Schluger, Grochovskaja, Ngu, Hoe and Tung, 1961. A, anterior part of idiosoma, dorsal aspect, of paralectotype ZMMU Tdt-3173 (specimen 2); B, anterior part of idiosoma, ventral aspect, of paralectotype ZMMU Tdt-3157 (specimen 2). Doloisia fulminans Schluger, Grochovskaja, Ngu, Hoe and Tung, 1961. C, anterior part of idiosoma, dorsal aspect, of paralectotype ZMMU Tdt-3159 (specimen 2); D, anterior part of idiosoma, ventral aspect, of lectotype. Scale bars: 100 μm." figureDoi="http://doi.org/10.5281/zenodo.4745709" httpUri="https://zenodo.org/record/4745709/files/figure.png" pageId="25" pageNumber="26">Fig. 15A</figureCitation>
, 
<figureCitation box="[449,500,1797,1823]" captionStart="FIGURE 17" captionStartId="25.[151,250,1661,1685]" captionTargetBox="[162,1427,177,1627]" captionTargetId="figure-17@25.[151,1436,166,1638]" captionTargetPageId="25" captionText="FIGURE 17. Doloisia alata Schluger, Grochovskaja, Ngu, Hoe and Tung, 1961, lectotype. A, ventral aspect of gnathosoma; B, dorsal aspect of gnathosoma; C, scutum; D, leg I (trochanter–tarsus); E, leg II (trochanter–tarsus); F, leg III (trochanter–tarsus). Scale bars: 20 μm (A, B), 50 μm (C), 50 μm (D–F)." figureDoi="http://doi.org/10.5281/zenodo.4745713" httpUri="https://zenodo.org/record/4745713/files/figure.png" pageId="25" pageNumber="26">17C</figureCitation>
). Trapezoidal, wider than long, with straight posterior margin, moderately covered with small puncta, with 1 AM covered with short barbs, 1 pair of nude ALs and 1 pair of PLs covered with long thin barbs; AM anterior to level of ALs; PLs much longer AM, ALs shorter AM; sensilla bulbous, covered with spikes; sensillum bases situated at equal distances from levels of ALs and PLs.
</paragraph>
<paragraph blockId="25.[151,1437,1797,2040]" lastBlockId="26.[151,1436,150,249]" lastPageId="26" lastPageNumber="27" pageId="25" pageNumber="26">
LEGS (
<figureCitation box="[282,415,1941,1967]" captionStart="FIGURE 17" captionStartId="25.[151,250,1661,1685]" captionTargetBox="[162,1427,177,1627]" captionTargetId="figure-17@25.[151,1436,166,1638]" captionTargetPageId="25" captionText="FIGURE 17. Doloisia alata Schluger, Grochovskaja, Ngu, Hoe and Tung, 1961, lectotype. A, ventral aspect of gnathosoma; B, dorsal aspect of gnathosoma; C, scutum; D, leg I (trochanter–tarsus); E, leg II (trochanter–tarsus); F, leg III (trochanter–tarsus). Scale bars: 20 μm (A, B), 50 μm (C), 50 μm (D–F)." figureDoi="http://doi.org/10.5281/zenodo.4745713" httpUri="https://zenodo.org/record/4745713/files/figure.png" pageId="25" pageNumber="26">Fig. 17D–F</figureCitation>
).All 7-segmented, with 1 pair of claws and claw-like empodium. Leg I: coxa with 3 branched setae (3B); trochanter 1B; basifemur 1B; telofemur 5B; genu 4B, 2 genualae, microgenuala; tibia 8B, 2 tibialae, microtibiala; tarsus 21B, tarsala, microtarsala distal to tarsala, subterminala, parasubterminala, pretarsala. Leg II: coxa 5B; trochanter 1B; basifemur 2B; telofemur 4B; genu 3B, genuala; tibia 6B, 2 tibialae; tarsus 18B, tarsala, microtarsala near and proximal to tarsala, pretarsala. Leg III: coxa 10B; trochanter 1B; basifemur 2B; telofemur 3B; genu 3B, genuala; tibia 6B; tarsus 15B.
</paragraph>
</subSubSection>
<caption box="[151,1095,296,321]" pageId="26" pageNumber="27" startId="26.[151,239,296,320]" targetBox="[166,1147,337,1286]" targetIsTable="true" targetPageId="26">
<paragraph blockId="26.[151,1147,296,1286]" box="[151,1095,296,321]" pageId="26" pageNumber="27">
<emphasis bold="true" box="[151,266,296,320]" pageId="26" pageNumber="27">TABLE 6.</emphasis>
Standard measurements (µm) and numbers of setae of 
<emphasis box="[856,1009,296,320]" italics="true" pageId="26" pageNumber="27">
<taxonomicName authorityName="Oudemans" authorityYear="1910" box="[856,948,296,320]" class="Arachnida" family="Trombiculidae" genus="Doloisia" higherTaxonomySource="GBIF" kingdom="Animalia" order="Trombidiformes" pageId="26" pageNumber="27" phylum="Arthropoda" rank="genus">Doloisia</taxonomicName>
alata
</emphasis>
(n = 5).
</paragraph>
</caption>
<caption box="[151,1263,1653,1677]" pageId="26" pageNumber="27" startId="26.[151,250,1653,1677]">
<paragraph blockId="26.[151,1263,1653,1677]" box="[151,1263,1653,1677]" pageId="26" pageNumber="27">
<emphasis bold="true" box="[151,288,1653,1677]" pageId="26" pageNumber="27">FIGURE 18.</emphasis>
Type specimens of 
<emphasis box="[489,635,1653,1677]" italics="true" pageId="26" pageNumber="27">
<taxonomicName authorityName="Oudemans" authorityYear="1910" box="[489,576,1653,1677]" class="Arachnida" family="Trombiculidae" genus="Doloisia" higherTaxonomySource="GBIF" kingdom="Animalia" order="Trombidiformes" pageId="26" pageNumber="27" phylum="Arthropoda" rank="genus">Doloisia</taxonomicName>
alata
</emphasis>
<bibRefCitation author="Schluger, E. G. &amp; Grochovskaja, I. M. &amp; Ngu, D. V. &amp; Hoe, N. X. &amp; Tung, D. K." box="[642,1160,1653,1677]" pageId="26" pageNumber="27" pagination="448 - 453" refId="ref22808" refString="Schluger, E. G., Grochovskaja, I. M., Ngu, D. V., Hoe, N. X. &amp; Tung, D. K. (1961) The trombiculid mites (chigger mites) of the genera Doloisia Oudemans, 1910, and Traubacarus Audy et Nadchatram, 1957 (Acariformes, Trombiculidae) from North Viet-Nam. Entomologicheskoe Obozrenie, 40 (2), 448 - 453. [in Russian]" type="journal article" year="1961">Schluger, Grochovskaja, Ngu, Hoe and Tung, 1961</bibRefCitation>
on slides.
</paragraph>
</caption>
<subSubSection pageId="26" pageNumber="27" type="biology_ecology">
<paragraph blockId="26.[151,1437,1722,2038]" pageId="26" pageNumber="27">
<emphasis bold="true" box="[199,273,1723,1749]" pageId="26" pageNumber="27">Hosts.</emphasis>
<taxonomicName box="[282,543,1723,1749]" class="Mammalia" family="Muridae" genus="Leopoldamys" kingdom="Animalia" order="Rodentia" pageId="26" pageNumber="27" phylum="Chordata" rank="species" species="edwardsi">
<emphasis box="[282,543,1723,1749]" italics="true" pageId="26" pageNumber="27">Leopoldamys edwardsi</emphasis>
</taxonomicName>
[= 
<taxonomicName authority="D. Tien" authorityName="D. Tien" box="[586,891,1723,1750]" class="Mammalia" family="Muridae" genus="Rattus" kingdom="Animalia" order="Rodentia" pageId="26" pageNumber="27" phylum="Chordata" rank="species" species="grochovskii">
<emphasis box="[586,797,1723,1749]" italics="true" pageId="26" pageNumber="27">Rattus grochovskii</emphasis>
D. Tien
</taxonomicName>
(
<emphasis box="[910,1070,1723,1749]" italics="true" pageId="26" pageNumber="27">nomen nudum</emphasis>
)] (
<bibRefCitation author="Schluger, E. G. &amp; Grochovskaja, I. M. &amp; Ngu, D. V. &amp; Hoe, N. X. &amp; Tung, D. K." box="[1105,1342,1723,1750]" pageId="26" pageNumber="27" pagination="448 - 453" refId="ref22808" refString="Schluger, E. G., Grochovskaja, I. M., Ngu, D. V., Hoe, N. X. &amp; Tung, D. K. (1961) The trombiculid mites (chigger mites) of the genera Doloisia Oudemans, 1910, and Traubacarus Audy et Nadchatram, 1957 (Acariformes, Trombiculidae) from North Viet-Nam. Entomologicheskoe Obozrenie, 40 (2), 448 - 453. [in Russian]" type="journal article" year="1961">
Schluger 
<emphasis box="[1216,1274,1723,1749]" italics="true" pageId="26" pageNumber="27">et al.</emphasis>
1961
</bibRefCitation>
), 
<taxonomicName authority="(Wen 1984)" baseAuthorityName="Wen" baseAuthorityYear="1984" class="Mammalia" family="Muridae" genus="Rattus" kingdom="Animalia" order="Rodentia" pageId="26" pageNumber="27" phylum="Chordata" rank="species" species="losea">
<emphasis italics="true" pageId="26" pageNumber="27">Rattus losea</emphasis>
(Wen 1984)
</taxonomicName>
.
</paragraph>
</subSubSection>
<subSubSection box="[199,847,1795,1821]" pageId="26" pageNumber="27" type="distribution">
<paragraph blockId="26.[151,1437,1722,2038]" box="[199,847,1795,1821]" pageId="26" pageNumber="27">
<emphasis bold="true" box="[199,353,1795,1821]" pageId="26" pageNumber="27">Distribution.</emphasis>
<collectingCountry box="[359,426,1795,1821]" name="China" pageId="26" pageNumber="27">China</collectingCountry>
(Wen 1984; 
<bibRefCitation author="Li, J. &amp; Wang, D. &amp; Chen, X." box="[571,726,1795,1821]" pageId="26" pageNumber="27" refId="ref22142" refString="Li, J., Wang, D. &amp; Chen, X. (1997) Trombiculid mites of China: studies on vector and pathogen of tsutsugamushi disease. Guangdong Science and Technology Press, Guangzhou, 570 pp. [in Chinese]" type="book" year="1997">
Li 
<emphasis box="[603,659,1795,1821]" italics="true" pageId="26" pageNumber="27">et al.</emphasis>
1997
</bibRefCitation>
), 
<collectingCountry box="[745,844,1795,1821]" name="Vietnam" pageId="26" pageNumber="27">Vietnam</collectingCountry>
.
</paragraph>
</subSubSection>
<subSubSection pageId="26" pageNumber="27" type="materials_examined">
<paragraph blockId="26.[151,1437,1722,2038]" pageId="26" pageNumber="27">
<emphasis bold="true" box="[199,492,1831,1857]" pageId="26" pageNumber="27">Type material examined</emphasis>
(
<figureCitation box="[509,594,1831,1857]" captionStart="FIGURE 18" captionStartId="26.[151,250,1653,1677]" captionText="FIGURE 18. Type specimens of Doloisia alata Schluger, Grochovskaja, Ngu, Hoe and Tung, 1961 on slides." pageId="26" pageNumber="27">Fig. 18</figureCitation>
). 
<typeStatus box="[616,728,1832,1858]" pageId="26" pageNumber="27">Lectotype</typeStatus>
(here designated): larva 
<collectionCode box="[1014,1101,1832,1858]" country="Russia" httpUri="http://grbio.org/cool/k3qp-615s" name="Zoological Museum, Moscow Lomonosov State University" pageId="26" pageNumber="27" type="Museum">ZMMU</collectionCode>
Tdt-3174 (specimen 1) ex 
<taxonomicName authority="No" authorityName="No" class="Mammalia" family="Muridae" genus="Leopoldamys" kingdom="Animalia" order="Rodentia" pageId="26" pageNumber="27" phylum="Chordata" rank="species" species="edwardsi">
<emphasis italics="true" pageId="26" pageNumber="27">L. edwardsi</emphasis>
No
</taxonomicName>
44 [labeled as “ 
<taxonomicName box="[475,585,1868,1894]" class="Mammalia" family="Muridae" genus="Rattus" kingdom="Animalia" order="Rodentia" pageId="26" pageNumber="27" phylum="Chordata" rank="species" species="undetermined">
<emphasis box="[475,547,1868,1893]" italics="true" pageId="26" pageNumber="27">Rattus</emphasis>
<taxonomicNameLabel box="[553,585,1868,1894]" pageId="26" pageNumber="27" rank="species">sp.</taxonomicNameLabel>
</taxonomicName>
n. (
<taxonomicName box="[629,838,1867,1893]" class="Mammalia" family="Muridae" genus="Rattus" kingdom="Animalia" order="Rodentia" pageId="26" pageNumber="27" phylum="Chordata" rank="species" species="grochovskii">
<emphasis box="[629,838,1867,1893]" italics="true" pageId="26" pageNumber="27">Rattus grochovskii</emphasis>
</taxonomicName>
)”], 
<collectingCountry box="[882,980,1867,1893]" name="Vietnam" pageId="26" pageNumber="27">Vietnam</collectingCountry>
, 
<collectingRegion box="[990,1236,1867,1893]" country="Vietnam" name="Quang Ninh" pageId="26" pageNumber="27">Quang Ninh Province</collectingRegion>
, Ha Lam District, Ha Long (= Hon Gai), 
<date box="[420,613,1903,1930]" pageId="26" pageNumber="27" value="1956-02-06">6 February 1956</date>
, coll. I.M. Grochovskaja. 
<typeStatus box="[915,1083,1903,1929]" pageId="26" pageNumber="27">Paralectotypes</typeStatus>
: 
<specimenCount box="[1095,1222,1903,1929]" pageId="26" pageNumber="27" type="larva">four larvae</specimenCount>
, 
<collectionCode box="[1236,1323,1904,1930]" country="Russia" httpUri="http://grbio.org/cool/k3qp-615s" name="Zoological Museum, Moscow Lomonosov State University" pageId="26" pageNumber="27" type="Museum">ZMMU</collectionCode>
Tdt-3157 (specimen 2), 
<collectionCode box="[317,404,1940,1966]" country="Russia" httpUri="http://grbio.org/cool/k3qp-615s" name="Zoological Museum, Moscow Lomonosov State University" pageId="26" pageNumber="27" type="Museum">ZMMU</collectionCode>
Tdt-3171 (specimen 1), 
<collectionCode box="[693,780,1940,1966]" country="Russia" httpUri="http://grbio.org/cool/k3qp-615s" name="Zoological Museum, Moscow Lomonosov State University" pageId="26" pageNumber="27" type="Museum">ZMMU</collectionCode>
Tdt-3173 (specimen 2), 
<collectionCode box="[1070,1157,1940,1966]" country="Russia" httpUri="http://grbio.org/cool/k3qp-615s" name="Zoological Museum, Moscow Lomonosov State University" pageId="26" pageNumber="27" type="Museum">ZMMU</collectionCode>
Tdt-3176 (specimen 1), same collection data as for 
<typeStatus box="[457,563,1975,2001]" pageId="26" pageNumber="27">lectotype</typeStatus>
.
</paragraph>
</subSubSection>
<subSubSection lastPageId="27" lastPageNumber="28" pageId="26" pageNumber="27" type="discussion">
<paragraph blockId="26.[151,1437,1722,2038]" lastBlockId="27.[151,1436,151,285]" lastPageId="27" lastPageNumber="28" pageId="26" pageNumber="27">
<emphasis bold="true" box="[199,315,2011,2037]" pageId="26" pageNumber="27">Remarks.</emphasis>
According to the original description, 
<emphasis box="[758,851,2011,2037]" italics="true" pageId="26" pageNumber="27">D. alata</emphasis>
is similar to 
<taxonomicName authority="Oudemans, 1910" authorityName="Oudemans" authorityYear="1910" box="[1003,1306,2011,2037]" class="Arachnida" family="Trombiculidae" genus="Doloisia" higherTaxonomySource="GBIF" kingdom="Animalia" order="Trombidiformes" pageId="26" pageNumber="27" phylum="Arthropoda" rank="species" species="synoti">
<emphasis box="[1003,1106,2012,2037]" italics="true" pageId="26" pageNumber="27">D. synoti</emphasis>
Oudemans, 1910
</taxonomicName>
and differs from it “by the absence of eyes, greater number of dorsal setae, and by other characters” (
<bibRefCitation author="Schluger, E. G. &amp; Grochovskaja, I. M. &amp; Ngu, D. V. &amp; Hoe, N. X. &amp; Tung, D. K." box="[1161,1393,151,178]" pageId="27" pageNumber="28" pagination="448 - 453" refId="ref22808" refString="Schluger, E. G., Grochovskaja, I. M., Ngu, D. V., Hoe, N. X. &amp; Tung, D. K. (1961) The trombiculid mites (chigger mites) of the genera Doloisia Oudemans, 1910, and Traubacarus Audy et Nadchatram, 1957 (Acariformes, Trombiculidae) from North Viet-Nam. Entomologicheskoe Obozrenie, 40 (2), 448 - 453. [in Russian]" type="journal article" year="1961">
Schluger 
<emphasis box="[1269,1326,151,177]" italics="true" pageId="27" pageNumber="28">et al.</emphasis>
1961
</bibRefCitation>
). In our opinion, 
<emphasis box="[296,389,187,213]" italics="true" pageId="27" pageNumber="28">D. alata</emphasis>
is more similar to 
<taxonomicName authority="Hsu and Chen, 1964" authorityName="Hsu and Chen" authorityYear="1964" box="[602,986,187,213]" class="Arachnida" family="Trombiculidae" genus="Doloisia" higherTaxonomySource="GBIF" kingdom="Animalia" order="Trombidiformes" pageId="27" pageNumber="28" phylum="Arthropoda" rank="species" species="hopuensis">
<emphasis box="[602,749,187,213]" italics="true" pageId="27" pageNumber="28">D. hopuensis</emphasis>
Hsu and Chen, 1964
</taxonomicName>
than to 
<taxonomicName authorityName="Oudemans" authorityYear="1910" box="[1079,1181,187,212]" class="Arachnida" family="Trombiculidae" genus="Doloisia" higherTaxonomySource="GBIF" kingdom="Animalia" order="Trombidiformes" pageId="27" pageNumber="28" phylum="Arthropoda" rank="species" species="synoti">
<emphasis box="[1079,1181,187,212]" italics="true" pageId="27" pageNumber="28">D. synoti</emphasis>
</taxonomicName>
, and differs from it by a slightly lower number of idiosomal setae (fD = 4H-10-8-6-6-2 vs. 4H-12-10-8-6-4-2, DS = 36–40 vs. 46–48) and by longer legs (Ip = 688–741 vs. 546) (
<bibRefCitation author="Li, J. &amp; Wang, D. &amp; Chen, X." box="[589,746,259,285]" pageId="27" pageNumber="28" refId="ref22142" refString="Li, J., Wang, D. &amp; Chen, X. (1997) Trombiculid mites of China: studies on vector and pathogen of tsutsugamushi disease. Guangdong Science and Technology Press, Guangzhou, 570 pp. [in Chinese]" type="book" year="1997">
Li 
<emphasis box="[623,679,259,285]" italics="true" pageId="27" pageNumber="28">et al.</emphasis>
1997
</bibRefCitation>
).
</paragraph>
</subSubSection>
</treatment>
</document>