<document ID-DOI="http://doi.org/10.5281/zenodo.4709915" ID-GBIF-Dataset="b2f74aea-802a-48ea-95c5-36fb3f34bc82" ID-ISSN="2118-9773" ID-Zenodo-Dep="4709915" ID-ZooBank="90ACC242-A5C2-4644-B09F-E57F63D3FF88" LSID="urn:lsid:zoobank.org:act:2ECB8639-C770-4828-92D9-055E0778E422" _generate="added" checkinTime="1619079058727" checkinUser="plazi" docAuthor="Nguyen, Tung T., Lam, Dang H. &amp; Nguyen, Anh D." docDate="2021" docId="883287E0FFC89575CE3CA185FC052EBB" docLanguage="en" docName="ejt-746_94-111.pdf" docOrigin="European Journal of Taxonomy 746" docSource="http://dx.doi.org/10.5852/ejt.2021.746.1321" docStyle="DocumentStyle:EF2B578F1D15862ADE45B0C07C620911.11:EJT.2018-.journal_article" docStyleId="EF2B578F1D15862ADE45B0C07C620911" docStyleName="EJT.2018-.journal_article" docStyleVersion="11" docTitle="Metaphire iranomala Nguyen &amp; Lam &amp; Nguyen 2021, sp. nov." docType="treatment" docUuid="2ECB8639-C770-4828-92D9-055E0778E422" docUuidSource="ZooBank" docVersion="5" lastPageId="9" lastPageNumber="103" masterDocId="740BFF98FFCC957CCC54A30CFFD62C15" masterDocTitle="Notes on the earthworm species, Metaphire anomala (Michaelsen, 1907) (Clitellata, Megascolecidae) in Southern Vietnam, with descriptions of two new species" masterLastPageNumber="111" masterPageNumber="94" pageId="4" pageNumber="98" updateTime="1619097938162" updateUser="ExternalLinkService" zenodo-license-document="CC-BY-4.0" zenodo-license-figures="CC-BY-4.0" zenodo-license-treatments="UNSPECIFIED">
<mods:mods xmlns:mods="http://www.loc.gov/mods/v3">
<mods:titleInfo>
<mods:title>Notes on the earthworm species, Metaphire anomala (Michaelsen, 1907) (Clitellata, Megascolecidae) in Southern Vietnam, with descriptions of two new species</mods:title>
</mods:titleInfo>
<mods:name type="personal">
<mods:role>
<mods:roleTerm>Author</mods:roleTerm>
</mods:role>
<mods:namePart>Nguyen, Tung T.</mods:namePart>
<mods:nameIdentifier type="LSID">55B94873-F7A0-461A-9C33-600FE5929A28</mods:nameIdentifier>
<mods:affiliation>Department of Biology, School of Education, Can Tho University, Can Tho City, Vietnam. Department of Soil Ecology, Institute of Ecology and Biological Resources, Vietnam. Academy of Science and Technology, 18, Hoangquocviet, Caugiay, Hanoi, Vietnam. Graduate University of Science and Technology, Vietnam Academy of Science and Technology, 18, Hoangquocviet, Caugiay, Hanoi, Vietnam.</mods:affiliation>
<mods:nameIdentifier type="email">thanhtung@ctu.edu.vn</mods:nameIdentifier>
</mods:name>
<mods:name type="personal">
<mods:role>
<mods:roleTerm>Author</mods:roleTerm>
</mods:role>
<mods:namePart>Lam, Dang H.</mods:namePart>
<mods:nameIdentifier type="LSID">F41F98AF-5FE5-4063-86E4-7D7AC3F50931</mods:nameIdentifier>
<mods:affiliation>Department of Biology, School of Education, Can Tho University, Can Tho City, Vietnam. Department of Soil Ecology, Institute of Ecology and Biological Resources, Vietnam. Academy of Science and Technology, 18, Hoangquocviet, Caugiay, Hanoi, Vietnam. Graduate University of Science and Technology, Vietnam Academy of Science and Technology, 18, Hoangquocviet, Caugiay, Hanoi, Vietnam.</mods:affiliation>
<mods:nameIdentifier type="email">lamhaidangct@gmail.com</mods:nameIdentifier>
</mods:name>
<mods:name type="personal">
<mods:role>
<mods:roleTerm>Author</mods:roleTerm>
</mods:role>
<mods:namePart>Nguyen, Anh D.</mods:namePart>
<mods:nameIdentifier type="LSID">FCE53D0A-593C-4ACC-800B-E0237DC185F4</mods:nameIdentifier>
<mods:affiliation>Graduate University of Science and Technology, Vietnam Academy of Science and Technology, 18, Hoangquocviet, Caugiay, Hanoi, Vietnam.</mods:affiliation>
<mods:nameIdentifier type="email">ducanh410@yahoo.com</mods:nameIdentifier>
</mods:name>
<mods:typeOfResource>text</mods:typeOfResource>
<mods:relatedItem type="host">
<mods:titleInfo>
<mods:title>European Journal of Taxonomy</mods:title>
</mods:titleInfo>
<mods:part>
<mods:date>2021</mods:date>
<mods:detail type="pubDate">
<mods:number>2021-04-21</mods:number>
</mods:detail>
<mods:detail type="volume">
<mods:number>746</mods:number>
</mods:detail>
<mods:extent unit="page">
<mods:start>94</mods:start>
<mods:end>111</mods:end>
</mods:extent>
</mods:part>
</mods:relatedItem>
<mods:location>
<mods:url>http://dx.doi.org/10.5852/ejt.2021.746.1321</mods:url>
</mods:location>
<mods:classification>journal article</mods:classification>
<mods:identifier type="DOI">https://doi.org/10.5852/ejt.2021.746.1321</mods:identifier>
<mods:identifier type="GBIF-Dataset">b2f74aea-802a-48ea-95c5-36fb3f34bc82</mods:identifier>
<mods:identifier type="ISSN">2118-9773</mods:identifier>
<mods:identifier type="Zenodo-Dep">4709138</mods:identifier>
<mods:identifier type="ZooBank">90ACC242-A5C2-4644-B09F-E57F63D3FF88</mods:identifier>
</mods:mods>
<treatment ID-DOI="http://doi.org/10.5281/zenodo.4709915" ID-Zenodo-Dep="4709915" LSID="urn:lsid:zoobank.org:act:2ECB8639-C770-4828-92D9-055E0778E422" httpUri="http://treatment.plazi.org/id/883287E0FFC89575CE3CA185FC052EBB" lastPageId="9" lastPageNumber="103" pageId="4" pageNumber="98">
<subSubSection box="[616,972,649,676]" pageId="4" pageNumber="98" type="nomenclature">
<paragraph blockId="4.[377,1211,649,746]" box="[616,972,649,676]" pageId="4" pageNumber="98">
<heading box="[616,972,649,676]" centered="true" fontSize="11" level="2" pageId="4" pageNumber="98" reason="2">
<taxonomicName authority="Nguyen &amp; Lam &amp; Nguyen, 2021" authorityName="Nguyen &amp; Lam &amp; Nguyen" authorityYear="2021" box="[616,875,649,676]" class="Clitellata" family="Megascolecidae" genus="Metaphire" higherTaxonomySource="GBIF" kingdom="Animalia" order="Haplotaxida" pageId="4" pageNumber="98" phylum="Annelida" rank="species" species="iranomala" status="sp. nov.">
<emphasis bold="true" box="[616,875,649,676]" italics="true" pageId="4" pageNumber="98">Metaphire iranomala</emphasis>
</taxonomicName>
<taxonomicNameLabel box="[881,972,650,676]" pageId="4" pageNumber="98" rank="species">sp. nov.</taxonomicNameLabel>
</heading>
</paragraph>
</subSubSection>
<subSubSection pageId="4" pageNumber="98" type="description">
<paragraph blockId="4.[377,1211,649,746]" box="[377,1211,684,711]" pageId="4" pageNumber="98">
<uri box="[377,1211,684,711]" pageId="4" pageNumber="98">
urn:lsid:zoobank.org:act: 
<uuid box="[663,1211,684,711]" pageId="4" pageNumber="98">2ECB8639-C770-4828-92D9-055E0778E422</uuid>
</uri>
</paragraph>
<paragraph blockId="4.[377,1211,649,746]" box="[672,916,720,746]" pageId="4" pageNumber="98">
<figureCitation box="[672,775,720,746]" captionStart-0="Fig" captionStart-1="Fig" captionStart-2="Fig" captionStartId-0="6.[189,232,1838,1864]" captionStartId-1="7.[189,232,1856,1882]" captionStartId-2="10.[189,232,1987,2013]" captionTargetBox-0="[192,1394,273,1784]" captionTargetBox-1="[226,1363,268,1815]" captionTargetBox-2="[189,1398,840,1948]" captionTargetId-0="figure-71@6.[189,1398,265,1787]" captionTargetId-1="figure-16@7.[222,1366,265,1816]" captionTargetId-2="figure-162@10.[189,1398,816,1951]" captionTargetPageId-0="6" captionTargetPageId-1="7" captionTargetPageId-2="10" captionText-0="Fig. 1. Metaphire iranomala sp. nov., holotype (CTU-EW.020.h01). A1, A2. Ventral view of male pores region. B. Lateral view of spermathecal pores region. C1, C2. Right spermathecae. D1, D2. Intestinal caecum. E. Testis sacs and seminal vesicles. F1, F2. Right prostatic gland. G. Copulatory pouch transverse body section. Scale bars = 1 mm." captionText-1="Fig. 2. Metaphire decemtheca sp. nov., holotype (CTU-EW.183.h01). A1, A2. Ventral view of male pore region. B1, B2. Right spermathecae. C1, C2. Intestinal caecum. D. Ventral view of spermathecal pore region. E1, E2. Lateral view of spermathecal pores region. F1, F2. Left prostatic gland. G. Testis sacs and seminal vesicles. H. Male pore region transverse body section. Scale bars = 1 mm." captionText-2="Fig. 3. The distribution of the two new species in Southern Vietnam." figureDoi-0="http://doi.org/10.5281/zenodo.4709140" figureDoi-1="http://doi.org/10.5281/zenodo.4709142" figureDoi-2="http://doi.org/10.5281/zenodo.4709146" httpUri-0="https://zenodo.org/record/4709140/files/figure.png" httpUri-1="https://zenodo.org/record/4709142/files/figure.png" httpUri-2="https://zenodo.org/record/4709146/files/figure.png" pageId="4" pageNumber="98">Figs 1–3</figureCitation>
, 
<tableCitation box="[788,916,720,746]" captionStart-0="Table 2" captionStart-1="Table 3" captionStartId-0="8.[189,258,265,291]" captionStartId-1="8.[189,258,1115,1141]" captionTargetPageId-0="8" captionTargetPageId-1="8" captionText-0="Table 2. Comparison between M. iranomala sp. nov. and M. anomala (Michaelsen, 1907) from Thailand, Myanmar and India (its original description)." captionText-1="Table 3. Comparison between M. iranomala sp. nov., M. megascolidioides (Cognetti, 1908) and M. isselii (Goto &amp; Hatai, 1899) sharing location of male pores not in segment xix." pageId="4" pageNumber="98">Tables 2–3</tableCitation>
</paragraph>
</subSubSection>
<subSubSection pageId="4" pageNumber="98" type="reference_group">
<paragraph blockId="4.[189,1399,785,883]" pageId="4" pageNumber="98">
<treatmentCitationGroup pageId="4" pageNumber="98">
<taxonomicName authorityName="Michaelsen" authorityYear="1907" box="[189,424,786,812]" class="Clitellata" family="Megascolecidae" genus="Pheretima" higherTaxonomySource="GBIF" kingdom="Animalia" order="Haplotaxida" pageId="4" pageNumber="98" phylum="Annelida" rank="species" species="anomala">
<emphasis box="[189,424,786,812]" italics="true" pageId="4" pageNumber="98">Pheretima anomala</emphasis>
</taxonomicName>
(non 
<taxonomicName authority="Michaelsen, 1907" authorityName="Michaelsen" authorityYear="1907" box="[499,958,786,812]" class="Clitellata" family="Megascolecidae" genus="Pheretima" higherTaxonomySource="GBIF" kingdom="Animalia" order="Haplotaxida" pageId="4" pageNumber="98" phylum="Annelida" rank="species" species="anomala">
<emphasis box="[499,734,786,812]" italics="true" pageId="4" pageNumber="98">Pheretima anomala</emphasis>
<bibRefCitation author="Michaelsen W." box="[745,958,786,812]" pageId="4" pageNumber="98" pagination="143 - 193" refId="ref8801" refString="Michaelsen W. 1907. Neue Oligochaten von Vorder-Indien, Ceylon, Burma und den Andaman-Inseln. Mitteilungen aus dem naturhistorischen Museum in Hamburg 24: 143 - 193." type="journal article" year="1907">Michaelsen, 1907</bibRefCitation>
</taxonomicName>
) – 
<treatmentCitation author="Thai T. B. &amp; Huynh T. K. H. &amp; Nguyen D. A." box="[1002,1266,785,812]" page="758" pageId="4" pageNumber="98" year="2004">
<bibRefCitation author="Thai T. B. &amp; Huynh T. K. H. &amp; Nguyen D. A." box="[1002,1266,785,812]" pageId="4" pageNumber="98" pagination="757 - 760" refId="ref10052" refString="Thai T. B., Huynh T. K. H. &amp; Nguyen D. A. 2004. Remarks of earthworms on the islands in southern of Vietnam. Proceedings of the national Workshop on the basic Issues in Life Science. Hanoi Science and Technics Publishing House: 757 - 760." type="proceedings paper" year="2004">
Thai 
<emphasis box="[1067,1129,786,812]" italics="true" pageId="4" pageNumber="98">et al.</emphasis>
2004: 758
</bibRefCitation>
</treatmentCitation>
. – 
<treatmentCitation author="Nguyen" page="108" pageId="4" pageNumber="98" year="2014">
<bibRefCitation author="Nguyen T. T." box="[1306,1399,786,812]" pageId="4" pageNumber="98" pagination="106 - 119" refId="ref9088" refString="Nguyen T. T. 2014. Checklist and some remarks on faunistic characteristics of earthworms in the Mekong Delta, Vietnam. Journal of Science, Cantho University, Section A: Science, Technology and Environment 32: 106 - 119." type="journal article" year="2014">Nguyen</bibRefCitation>
2014: 108
</treatmentCitation>
. – 
<treatmentCitation author="Nguyen et al." box="[389,972,821,848]" page="893" pageId="4" pageNumber="98" year="2017">
<bibRefCitation author="Nguyen T. T. &amp; Trinh K. B. T. &amp; Nguyen H. L. T. &amp; Nguyen A. D." box="[389,690,821,848]" pageId="4" pageNumber="98" pagination="883 - 915" refId="ref9262" refString="Nguyen T. T., Trinh K. B. T., Nguyen H. L. T. &amp; Nguyen A. D. 2017 a. Earthworms (Annelida: Oligochaeta) from islands of Kien Hai District, Kien Giang Province, Vietnam, with descriptions of two new species and one subspecies. Journal of Natural History 51 (15 - 16): 883 - 915. https: // doi. org / 10.1080 / 00222933.2017.1294213" type="journal article" year="2017">
Nguyen 
<emphasis box="[489,548,821,847]" italics="true" pageId="4" pageNumber="98">et al.</emphasis>
2017a: 893
</bibRefCitation>
, fig. 7; 2017b: 98, fig. 3
</treatmentCitation>
; 
<treatmentCitation author="Nguyen et al." box="[986,1352,821,848]" page="120" pageId="4" pageNumber="98" year="2019">
<bibRefCitation author="Nguyen Q. N. &amp; Nguyen V. T. &amp; Duong C. T. &amp; Le V. N. &amp; Nguyen T. T." box="[986,1273,821,848]" pageId="4" pageNumber="98" pagination="117 - 129" refId="ref9033" refString="Nguyen Q. N., Nguyen V. T., Duong C. T., Le V. N. &amp; Nguyen T. T. 2019. Species diversity of earthworms in Dong Nai Province, Vietnam. Tap Chi Sinh Hoc 41 (2): 117 - 129." type="journal article" year="2019">
Nguyen 
<emphasis box="[1086,1145,821,847]" italics="true" pageId="4" pageNumber="98">et al.</emphasis>
2019: 120
</bibRefCitation>
, fig. 3.
</treatmentCitation>
<taxonomicName baseAuthorityName="Michaelsen" baseAuthorityYear="1907" box="[189,420,856,882]" class="Clitellata" family="Megascolecidae" genus="Metaphire" higherTaxonomySource="GBIF" kingdom="Animalia" order="Haplotaxida" pageId="4" pageNumber="98" phylum="Annelida" rank="species" species="anomala">
<emphasis box="[189,420,856,882]" italics="true" pageId="4" pageNumber="98">Metaphire anomala</emphasis>
</taxonomicName>
– 
<treatmentCitation author="Nguyen et al." box="[449,727,856,883]" page="50" pageId="4" pageNumber="98" year="2016">
<bibRefCitation author="Nguyen T. T. &amp; Nguyen A. D. &amp; Tran T. T. B. &amp; Blakemore R. J." box="[449,723,856,883]" pageId="4" pageNumber="98" pagination="1 - 92" refId="ref9182" refString="Nguyen T. T., Nguyen A. D., Tran T. T. B. &amp; Blakemore R. J. 2016. A comprehensive checklist of earthworm species and subspecies from Vietnam (Annelida: Clitellata: Oligochaeta: Almidae, Eudrilidae, Glossoscolecidae, Lumbricidae, Megascolecidae, Moniligastridae, Ocnerodrilidae, Octochaetidae). Zootaxa 4140: 1 - 92. https: // doi. org / 10.11646 / zootaxa. 4140.1.1" type="journal article" year="2016">
Nguyen 
<emphasis box="[550,608,856,882]" italics="true" pageId="4" pageNumber="98">et al.</emphasis>
2016: 50
</bibRefCitation>
.
</treatmentCitation>
</treatmentCitationGroup>
</paragraph>
</subSubSection>
<subSubSection pageId="4" pageNumber="98" type="diagnosis">
<paragraph blockId="4.[189,310,922,948]" box="[189,310,922,948]" pageId="4" pageNumber="98">
<heading bold="true" box="[189,310,922,948]" fontSize="11" level="3" pageId="4" pageNumber="98" reason="3">
<emphasis bold="true" box="[189,310,922,948]" pageId="4" pageNumber="98">Diagnosis</emphasis>
</heading>
</paragraph>
<paragraph blockId="4.[189,1399,969,1137]" pageId="4" pageNumber="98">
Medium-sized worm, length 
<quantity box="[551,717,969,996]" metricMagnitude="-1" metricUnit="m" metricValue="1.925" metricValueMax="2.28" metricValueMin="1.5699999999999998" pageId="4" pageNumber="98" unit="mm" value="192.5" valueMax="228.0" valueMin="157.0">157–228 mm</quantity>
, diameter 6.5–8.0 mm, segments 85–145. Prostomium epilobous. Clitellum annular, within xiv–xvi. First dorsal pore in 12/13. Four pairs of spermathecal pores on ventrolateral intersegments 5/6/7/8/9. Male pores on the setal ring of segment xix; copulatory pouches present. Genital markings absent. Holandric. Testis sacs connected. Intestinal caeca simple. 
<collectingRegion box="[189,254,1111,1137]" country="Spain" name="Ceuta" pageId="4" pageNumber="98">Septa</collectingRegion>
8/9/10 absent.
</paragraph>
</subSubSection>
<subSubSection pageId="4" pageNumber="98" type="etymology">
<paragraph blockId="4.[189,324,1177,1203]" box="[189,324,1177,1203]" pageId="4" pageNumber="98">
<heading bold="true" box="[189,324,1177,1203]" fontSize="11" level="3" pageId="4" pageNumber="98" reason="3">
<emphasis bold="true" box="[189,324,1177,1203]" pageId="4" pageNumber="98">Etymology</emphasis>
</heading>
</paragraph>
<paragraph blockId="4.[189,1399,1223,1285]" pageId="4" pageNumber="98">
The epithet ‘ 
<taxonomicName authorityName="Nguyen &amp; Lam &amp; Nguyen" authorityYear="2021" box="[349,471,1223,1249]" class="Clitellata" family="Megascolecidae" genus="Metaphire" higherTaxonomySource="GBIF" kingdom="Animalia" order="Haplotaxida" pageId="4" pageNumber="98" phylum="Annelida" rank="species" species="iranomala">
<emphasis box="[349,471,1223,1249]" italics="true" pageId="4" pageNumber="98">iranomala</emphasis>
</taxonomicName>
’ is formed by the prefix ‘ 
<emphasis box="[802,822,1224,1249]" italics="true" pageId="4" pageNumber="98">ir</emphasis>
’ and ‘ 
<taxonomicName baseAuthorityName="Michaelsen" baseAuthorityYear="1907" box="[906,1009,1223,1249]" class="Clitellata" family="Megascolecidae" genus="Metaphire" higherTaxonomySource="GBIF" kingdom="Animalia" order="Haplotaxida" pageId="4" pageNumber="98" phylum="Annelida" rank="species" species="anomala">
<emphasis box="[906,1009,1223,1249]" italics="true" pageId="4" pageNumber="98">anomala</emphasis>
</taxonomicName>
’ to emphasise the wrong name ‘ 
<taxonomicName baseAuthorityName="Michaelsen" baseAuthorityYear="1907" box="[199,302,1258,1284]" class="Clitellata" family="Megascolecidae" genus="Metaphire" higherTaxonomySource="GBIF" kingdom="Animalia" order="Haplotaxida" pageId="4" pageNumber="98" phylum="Annelida" rank="species" species="anomala">
<emphasis box="[199,302,1258,1284]" italics="true" pageId="4" pageNumber="98">anomala</emphasis>
</taxonomicName>
’ recorded in 
<collectingCountry box="[456,559,1258,1284]" name="Vietnam" pageId="4" pageNumber="98">Vietnam</collectingCountry>
.
</paragraph>
</subSubSection>
<subSubSection lastPageId="5" lastPageNumber="99" pageId="4" pageNumber="98" type="materials_examined">
<paragraph blockId="4.[189,426,1324,1350]" box="[189,426,1324,1350]" pageId="4" pageNumber="98">
<heading bold="true" box="[189,426,1324,1350]" fontSize="11" level="3" pageId="4" pageNumber="98" reason="3">
<emphasis bold="true" box="[189,426,1324,1350]" pageId="4" pageNumber="98">Material examined</emphasis>
</heading>
</paragraph>
<paragraph blockId="4.[189,1398,1371,1503]" pageId="4" pageNumber="98">
<materialsCitation collectedFrom="natural forest" collectingDate="2019-10-19" collectorName="Nguyen Thanh Tung &amp; Nguyen Thi Bao Ngoc" country="Vietnam" elevation="120" latitude="8.703333" location="Con Dao National Park" longLatPrecision="21" longitude="106.59473" pageId="4" pageNumber="98" specimenCode="CTU-EW.020.h01" specimenCount="1" stateProvince="Ba Ria-Vung Tau Province" typeStatus="holotype">
<emphasis bold="true" box="[234,348,1371,1397]" pageId="4" pageNumber="98">
<typeStatus box="[234,348,1371,1397]" pageId="4" pageNumber="98">Holotype</typeStatus>
</emphasis>
<collectingCountry box="[189,324,1407,1433]" name="Vietnam" pageId="4" pageNumber="98">VIETNAM</collectingCountry>
• 
<specimenCount box="[343,488,1407,1433]" pageId="4" pageNumber="98">mature spec</specimenCount>
.; 
<collectingRegion box="[501,811,1406,1433]" country="Vietnam" name="Ba Ria-Vung Tau" pageId="4" pageNumber="98">Ba Ria-Vung Tau Province</collectingRegion>
, 
<location LSID="urn:lsid:plazi:treatment:883287E0FFC89575CE3CA185FC052EBB:0544602DFFC89578CF60A673FB97298D" box="[820,1089,1406,1433]" country="Vietnam" latitude="8.703333" longLatPrecision="21" longitude="106.59473" name="Con Dao National Park" pageId="4" pageNumber="98" stateProvince="Ba Ria-Vung Tau Province">Con Dao National Park</location>
; 
<geoCoordinate box="[1098,1226,1405,1433]" degrees="8" direction="north" minutes="42" orientation="latitude" pageId="4" pageNumber="98" precision="15" seconds="12" value="8.703333">8°42′12″N</geoCoordinate>
; 
<geoCoordinate box="[1235,1393,1405,1433]" degrees="106" direction="east" minutes="35" orientation="longitude" pageId="4" pageNumber="98" precision="15" seconds="41" value="106.59473">106°35′41″ E</geoCoordinate>
; 
<elevation box="[189,339,1442,1468]" metricMagnitude="2" metricUnit="m" metricValue="1.2" pageId="4" pageNumber="98" unit="m" value="120.0">
<quantity box="[189,269,1442,1468]" metricMagnitude="2" metricUnit="m" metricValue="1.2" pageId="4" pageNumber="98" unit="m" value="120.0">120 m</quantity>
a.s.l.
</elevation>
; 
<date box="[358,526,1442,1468]" pageId="4" pageNumber="98" value="2019-10-19">
<collectingDate box="[358,526,1442,1468]" pageId="4" pageNumber="98" value="2019-10-19">19 Oct. 2019</collectingDate>
</date>
; 
<collectorName box="[544,798,1442,1468]" pageId="4" pageNumber="98">Nguyen Thanh Tung</collectorName>
and 
<collectorName box="[867,1151,1442,1468]" pageId="4" pageNumber="98">Nguyen Thi Bao Ngoc</collectorName>
leg.; 
<collectedFrom box="[1229,1395,1442,1468]" pageId="4" pageNumber="98">natural forest</collectedFrom>
; 
<specimenCode box="[189,407,1477,1503]" pageId="4" pageNumber="98">CTU-EW.020.h01</specimenCode>
.
</materialsCitation>
</paragraph>
<paragraph blockId="4.[189,1140,1543,1605]" pageId="4" pageNumber="98">
<materialsCitation collectedFrom="natural forest" collectingDate="2019-10-19" collectorName="Nguyen Thanh Tung &amp; Nguyen Thi Bao Ngoc" country="Vietnam" elevation="120" latitude="8.703333" location="VIETNAM" longLatPrecision="21" longitude="106.59473" pageId="4" pageNumber="98" specimenCode="CTU-EW.020.p02" specimenCount="9" stateProvince="Ba Ria-Vung Tau Province" typeStatus="paratype">
<emphasis bold="true" box="[234,359,1543,1569]" pageId="4" pageNumber="98">
<typeStatus box="[234,359,1543,1569]" pageId="4" pageNumber="98">Paratypes</typeStatus>
</emphasis>
<collectingCountry box="[189,324,1579,1605]" name="Vietnam" pageId="4" pageNumber="98">VIETNAM</collectingCountry>
• 
<specimenCount box="[349,468,1579,1605]" pageId="4" pageNumber="98">9 matures</specimenCount>
; same collection data as for holotype; 
<specimenCode box="[918,1136,1579,1605]" pageId="4" pageNumber="98">CTU-EW.020.p02</specimenCode>
.
</materialsCitation>
</paragraph>
<paragraph blockId="4.[189,1399,1644,2025]" box="[234,422,1644,1670]" pageId="4" pageNumber="98">
<emphasis bold="true" box="[234,422,1644,1670]" pageId="4" pageNumber="98">Other material</emphasis>
</paragraph>
<paragraph blockId="4.[189,1399,1644,2025]" lastBlockId="5.[189,1399,263,538]" lastPageId="5" lastPageNumber="99" pageId="4" pageNumber="98">
<materialsCitation collectedFrom="natural forest" collectingDate="2019-10-19" collectionCode="CTU-EW" collectorName="Nguyen Thanh Tung &amp; Nguyen Thi Bao Ngoc" country="Vietnam" elevation="120" latitude="8.703333" location="Ba Ria-Vung Tau Province" longLatPrecision="21" longitude="106.59473" pageId="4" pageNumber="98" specimenCode="CTU-EW.020.03" specimenCount="16" stateProvince="Ba Ria-Vung Tau Province">
<collectingCountry box="[189,324,1680,1706]" name="Vietnam" pageId="4" pageNumber="98">VIETNAM</collectingCountry>
– 
<emphasis bold="true" box="[369,752,1679,1706]" pageId="4" pageNumber="98">
<collectingRegion box="[369,726,1679,1706]" country="Vietnam" name="Ba Ria-Vung Tau" pageId="4" pageNumber="98">Ba Ria-Vung Tau Province</collectingRegion>
•
</emphasis>
<specimenCount box="[767,909,1679,1706]" pageId="4" pageNumber="98">16 matures</specimenCount>
; same collection data as for holotype; 
<specimenCode box="[189,388,1715,1741]" pageId="4" pageNumber="98">CTU-EW.020.03</specimenCode>
</materialsCitation>
<emphasis bold="true" box="[397,407,1715,1741]" pageId="4" pageNumber="98">•</emphasis>
<materialsCitation collectedFrom="residential gardens" collectingDate="2019-10-18" collectionCode="CTU-EW" collectorName="Nguyen Thanh Tung &amp; Nguyen Thi Bao Ngoc" country="Vietnam" elevation="10" latitude="8.699722" location="Con Son Island" longLatPrecision="21" longitude="106.615" pageId="4" pageNumber="98" specimenCode="CTU-EW.020.04" specimenCount="10" stateProvince="Ba Ria-Vung Tau">
<specimenCount box="[416,552,1715,1742]" pageId="4" pageNumber="98">10 matures</specimenCount>
; 
<location LSID="urn:lsid:plazi:treatment:883287E0FFC89575CE3CA185FC052EBB:0544602DFFC89578CE61A5BFFD262AD8" box="[565,752,1715,1741]" country="Vietnam" latitude="8.699722" longLatPrecision="21" longitude="106.615" name="Con Son Island" pageId="4" pageNumber="98" stateProvince="Ba Ria-Vung Tau">Con Son Island</location>
; 
<geoCoordinate box="[766,903,1713,1742]" degrees="8" direction="north" minutes="41" orientation="latitude" pageId="4" pageNumber="98" precision="15" seconds="59" value="8.699722">8°41′59″ N</geoCoordinate>
, 
<geoCoordinate box="[916,1079,1713,1742]" degrees="106" direction="east" minutes="36" orientation="longitude" pageId="4" pageNumber="98" precision="15" seconds="54" value="106.615">106°36′54″ E</geoCoordinate>
; 
<elevation box="[1093,1220,1715,1742]" metricMagnitude="1" metricUnit="m" metricValue="1.0" pageId="4" pageNumber="98" unit="m" value="10.0">
<quantity box="[1093,1154,1715,1742]" metricMagnitude="1" metricUnit="m" metricValue="1.0" pageId="4" pageNumber="98" unit="m" value="10.0">10 m</quantity>
a.s.l.
</elevation>
; 
<date box="[1235,1394,1715,1741]" pageId="4" pageNumber="98" value="2019-10-18">
<collectingDate box="[1235,1394,1715,1741]" pageId="4" pageNumber="98" value="2019-10-18">18 Oct. 2019</collectingDate>
</date>
; 
<collectorName box="[189,429,1750,1777]" pageId="4" pageNumber="98">Nguyen Thanh Tung</collectorName>
and 
<collectorName box="[483,745,1750,1777]" pageId="4" pageNumber="98">Nguyen Thi Bao Ngoc</collectorName>
leg.; 
<collectedFrom box="[807,1030,1750,1776]" pageId="4" pageNumber="98">residential gardens</collectedFrom>
; 
<specimenCode box="[1041,1240,1751,1777]" pageId="4" pageNumber="98">CTU-EW.020.04</specimenCode>
</materialsCitation>
<emphasis bold="true" box="[1246,1256,1751,1777]" pageId="4" pageNumber="98">•</emphasis>
<materialsCitation collectedFrom="natural forest" collectingDate="2019-10-19" collectionCode="CTU-EW" collectorName="Nguyen Thanh Tung &amp; Nguyen Thi Bao Ngoc" country="Vietnam" elevation="20" latitude="8.6647215" location="Con Son Island" longLatPrecision="21" longitude="106.566666" pageId="4" pageNumber="98" specimenCode="CTU-EW.020.05" specimenCount="33" stateProvince="Ba Ria-Vung Tau">
<specimenCount box="[1262,1394,1751,1777]" pageId="4" pageNumber="98">33 matures</specimenCount>
; 
<location LSID="urn:lsid:plazi:treatment:883287E0FFC89575CE3CA185FC052EBB:0544602DFFC89578CCE9A5F6FEA32B01" box="[189,373,1786,1812]" country="Vietnam" latitude="8.6647215" longLatPrecision="21" longitude="106.566666" name="Con Son Island" pageId="4" pageNumber="98" stateProvince="Ba Ria-Vung Tau">Con Son Island</location>
; 
<geoCoordinate box="[385,519,1784,1812]" degrees="8" direction="north" minutes="39" orientation="latitude" pageId="4" pageNumber="98" precision="15" seconds="53" value="8.6647215">8°39′53″ N</geoCoordinate>
, 
<geoCoordinate box="[531,692,1784,1812]" degrees="106" direction="east" minutes="34" orientation="longitude" pageId="4" pageNumber="98" precision="15" seconds="00" value="106.566666">106°34′00″ E</geoCoordinate>
; 
<elevation box="[704,827,1786,1812]" metricMagnitude="1" metricUnit="m" metricValue="2.0" pageId="4" pageNumber="98" unit="m" value="20.0">
<quantity box="[704,764,1786,1812]" metricMagnitude="1" metricUnit="m" metricValue="2.0" pageId="4" pageNumber="98" unit="m" value="20.0">20 m</quantity>
a.s.l.
</elevation>
; 
<date box="[840,995,1786,1812]" pageId="4" pageNumber="98" value="2019-10-19">
<collectingDate box="[840,995,1786,1812]" pageId="4" pageNumber="98" value="2019-10-19">19 Oct. 2019</collectingDate>
</date>
; 
<collectorName box="[1007,1249,1786,1812]" pageId="4" pageNumber="98">Nguyen Thanh Tung</collectorName>
and 
<collectorName pageId="4" pageNumber="98">Nguyen Thi Bao Ngoc</collectorName>
leg.; 
<collectedFrom box="[437,600,1821,1847]" pageId="4" pageNumber="98">natural forest</collectedFrom>
; 
<specimenCode box="[615,819,1821,1848]" pageId="4" pageNumber="98">CTU-EW.020.05</specimenCode>
</materialsCitation>
. – 
<materialsCitation collectedFrom="natural forest" collectingDate="2010-11" collectionCode="CTU" collectorName="Nguyen Thanh Tung" country="Vietnam" latitude="10.418612" location="Da Dung mountain" longLatPrecision="21" longitude="104.47945" pageId="4" pageNumber="98" specimenCode="CTU- EW.DNA.020.23" specimenCount="1" stateProvince="Kien Giang Province">
<emphasis bold="true" box="[859,1150,1821,1847]" pageId="4" pageNumber="98">
<collectingRegion box="[859,1128,1821,1847]" country="Vietnam" name="Kien Giang" pageId="4" pageNumber="98">Kien Giang Province</collectingRegion>
•
</emphasis>
<specimenCount box="[1161,1272,1821,1848]" pageId="4" pageNumber="98">1 mature</specimenCount>
; 
<location LSID="urn:lsid:plazi:treatment:883287E0FFC89575CE3CA185FC052EBB:0544602DFFC89578C95CA412FEE62B4E" country="Vietnam" latitude="10.418612" longLatPrecision="21" longitude="104.47945" name="Da Dung mountain" pageId="4" pageNumber="98" stateProvince="Kien Giang Province">Da Dung mountain</location>
; 
<geoCoordinate box="[320,475,1855,1883]" degrees="10" direction="north" minutes="25" orientation="latitude" pageId="4" pageNumber="98" precision="15" seconds="07" value="10.418612">10°25′07″ N</geoCoordinate>
, 
<geoCoordinate box="[491,657,1855,1883]" degrees="104" direction="east" minutes="28" orientation="longitude" pageId="4" pageNumber="98" precision="15" seconds="46" value="104.47945">104°28′46″ E</geoCoordinate>
; 
<date box="[675,805,1857,1883]" pageId="4" pageNumber="98" value="2010-11">
<collectingDate box="[675,805,1857,1883]" pageId="4" pageNumber="98" value="2010-11">Nov. 2010</collectingDate>
</date>
; 
<collectorName box="[822,1074,1857,1883]" pageId="4" pageNumber="98">Nguyen Thanh Tung</collectorName>
leg.; 
<collectedFrom box="[1149,1314,1857,1883]" pageId="4" pageNumber="98">natural forest</collectedFrom>
; 
<specimenCode pageId="4" pageNumber="98">CTU- EW.DNA.020.23</specimenCode>
</materialsCitation>
<emphasis bold="true" box="[403,413,1892,1918]" pageId="4" pageNumber="98">•</emphasis>
<materialsCitation collectingDate="2013-11" collectionCode="CTU-EW" collectorName="Trinh Thi Kim Binh" country="Vietnam" latitude="9.800278" location="Lai Son Island" longLatPrecision="21" longitude="104.655" pageId="4" pageNumber="98" specimenCode="natural forest, CTU-EW.020.11" specimenCount="49" stateProvince="Kien Giang">
<specimenCount box="[425,564,1892,1919]" pageId="4" pageNumber="98">49 matures</specimenCount>
; 
<location LSID="urn:lsid:plazi:treatment:883287E0FFC89575CE3CA185FC052EBB:0544602DFFC89578CE10A468FD2A2B6B" box="[580,764,1892,1918]" country="Vietnam" latitude="9.800278" longLatPrecision="21" longitude="104.655" name="Lai Son Island" pageId="4" pageNumber="98" stateProvince="Kien Giang">Lai Son Island</location>
; 
<geoCoordinate box="[781,935,1891,1919]" degrees="09" direction="north" minutes="48" orientation="latitude" pageId="4" pageNumber="98" precision="15" seconds="01" value="9.800278">09°48′01″ N</geoCoordinate>
, 
<geoCoordinate box="[952,1118,1891,1919]" degrees="104" direction="east" minutes="39" orientation="longitude" pageId="4" pageNumber="98" precision="15" seconds="18" value="104.655">104°39′18″ E</geoCoordinate>
; 
<date box="[1136,1266,1892,1919]" pageId="4" pageNumber="98" value="2013-11">
<collectingDate box="[1136,1266,1892,1919]" pageId="4" pageNumber="98" value="2013-11">Nov. 2013</collectingDate>
</date>
; 
<collectorName pageId="4" pageNumber="98">Trinh Thi Kim Binh</collectorName>
leg.; 
<specimenCode box="[378,540,1927,1953]" pageId="4" pageNumber="98">natural forest</specimenCode>
; 
<specimenCode box="[553,756,1928,1954]" pageId="4" pageNumber="98">CTU-EW.020.11</specimenCode>
</materialsCitation>
. – 
<materialsCitation collectedFrom="natural forest" collectingDate="2010-11" collectionCode="CTU-EW" collectorName="Nguyen Thanh Tung" country="Vietnam" latitude="10.51" location="Cam mountain" longLatPrecision="21" longitude="105.0025" pageId="4" pageNumber="98" specimenCode="CTU-EW.020.12" specimenCount="57" stateProvince="An Giang Province">
<emphasis bold="true" box="[793,1056,1927,1954]" pageId="4" pageNumber="98">
<collectingRegion box="[793,1036,1927,1953]" country="Vietnam" name="An Giang" pageId="4" pageNumber="98">An Giang Province</collectingRegion>
•
</emphasis>
<specimenCount box="[1065,1201,1927,1954]" pageId="4" pageNumber="98">57 matures</specimenCount>
; 
<location LSID="urn:lsid:plazi:treatment:883287E0FFC89575CE3CA185FC052EBB:0544602DFFC89578C8EBA484FAA52BB4" box="[1215,1395,1927,1954]" country="Vietnam" latitude="10.51" longLatPrecision="21" longitude="105.0025" name="Cam mountain" pageId="4" pageNumber="98" stateProvince="An Giang Province">Cam mountain</location>
; 
<geoCoordinate box="[189,344,1961,1990]" degrees="10" direction="north" minutes="30" orientation="latitude" pageId="4" pageNumber="98" precision="15" seconds="36" value="10.51">10°30′36″ N</geoCoordinate>
, 
<geoCoordinate box="[360,526,1961,1990]" degrees="105" direction="east" minutes="00" orientation="longitude" pageId="4" pageNumber="98" precision="15" seconds="09" value="105.0025">105°00′09″ E</geoCoordinate>
; 
<date box="[544,674,1963,1990]" pageId="4" pageNumber="98" value="2010-11">
<collectingDate box="[544,674,1963,1990]" pageId="4" pageNumber="98" value="2010-11">Nov. 2010</collectingDate>
</date>
; 
<collectorName box="[691,943,1963,1990]" pageId="4" pageNumber="98">Nguyen Thanh Tung</collectorName>
leg.; 
<collectedFrom box="[1018,1183,1963,1989]" pageId="4" pageNumber="98">natural forest</collectedFrom>
; 
<specimenCode box="[1199,1399,1963,1989]" pageId="4" pageNumber="98">CTU-EW.020.12</specimenCode>
</materialsCitation>
<emphasis bold="true" box="[189,199,1999,2025]" pageId="4" pageNumber="98">•</emphasis>
<materialsCitation collectedFrom="natural forest" collectingDate="2010-11" collectionCode="IEBR-EW" collectorName="Nguyen Thanh Tung" country="Vietnam" lastPageId="5" lastPageNumber="99" latitude="10.51" location="Cam mountain" longLatPrecision="21" longitude="105.0025" pageId="4" pageNumber="98" specimenCode="IEBR-EW.020.22" specimenCount="2" stateProvince="An Giang">
<specimenCount box="[207,327,1999,2025]" pageId="4" pageNumber="98">2 matures</specimenCount>
; 
<location LSID="urn:lsid:plazi:treatment:883287E0FFC89575CE3CA185FC052EBB:0544602DFFC89578CD07A4C3FDD32BFD" box="[339,517,1998,2025]" country="Vietnam" latitude="10.51" longLatPrecision="21" longitude="105.0025" name="Cam mountain" pageId="4" pageNumber="98" stateProvince="An Giang">Cam mountain</location>
; 
<geoCoordinate box="[529,680,1997,2025]" degrees="10" direction="north" minutes="30" orientation="latitude" pageId="4" pageNumber="98" precision="15" seconds="36" value="10.51">10°30′36″ N</geoCoordinate>
, 
<geoCoordinate box="[692,854,1997,2025]" degrees="105" direction="east" minutes="00" orientation="longitude" pageId="4" pageNumber="98" precision="15" seconds="09" value="105.0025">105°00′09″ E</geoCoordinate>
; 
<date box="[867,993,1999,2025]" pageId="4" pageNumber="98" value="2010-11">
<collectingDate box="[867,993,1999,2025]" pageId="4" pageNumber="98" value="2010-11">Nov. 2010</collectingDate>
</date>
; 
<collectorName box="[1006,1250,1998,2025]" pageId="4" pageNumber="98">Nguyen Thanh Tung</collectorName>
leg.; 
<collectedFrom lastPageId="5" lastPageNumber="99" pageId="4" pageNumber="98">natural forest</collectedFrom>
; 
<specimenCode box="[273,485,265,291]" pageId="5" pageNumber="99">IEBR-EW.020.22</specimenCode>
</materialsCitation>
. – 
<materialsCitation collectedFrom="natural forest" collectingDate="2019-10" collectionCode="IEBR-EW" collectorName="Nguyen Quoc Nam" country="Vietnam" latitude="11.112778" location="Vinh Cuu Nature Reserve" longLatPrecision="21" longitude="107.05334" pageId="5" pageNumber="99" specimenCode="IEBR-EW.020.18a" specimenCount="2" stateProvince="Dong Nai Province">
<emphasis bold="true" box="[520,778,265,291]" pageId="5" pageNumber="99">
<collectingRegion box="[520,759,265,291]" country="Vietnam" name="Dong Nai" pageId="5" pageNumber="99">Dong Nai Province</collectingRegion>
•
</emphasis>
<specimenCount box="[787,908,265,291]" pageId="5" pageNumber="99">2 matures</specimenCount>
; 
<location LSID="urn:lsid:plazi:treatment:883287E0FFC89575CE3CA185FC052EBB:0544602DFFC99579CFCCA205FB182D36" box="[920,1230,265,291]" country="Vietnam" latitude="11.112778" longLatPrecision="21" longitude="107.05334" name="Vinh Cuu Nature Reserve" pageId="5" pageNumber="99" stateProvince="Dong Nai Province">Vinh Cuu Nature Reserve</location>
; 
<geoCoordinate box="[1244,1394,263,291]" degrees="11" direction="north" minutes="06" orientation="latitude" pageId="5" pageNumber="99" precision="15" seconds="46" value="11.112778">11°06′46″ N</geoCoordinate>
, 
<geoCoordinate box="[189,351,299,327]" degrees="107" direction="east" minutes="03" orientation="longitude" pageId="5" pageNumber="99" precision="15" seconds="12" value="107.05334">107°03′12″ E</geoCoordinate>
; 
<date box="[364,483,300,326]" pageId="5" pageNumber="99" value="2019-10">
<collectingDate box="[364,483,300,326]" pageId="5" pageNumber="99" value="2019-10">Oct. 2019</collectingDate>
</date>
; 
<collectorName box="[496,725,300,327]" pageId="5" pageNumber="99">Nguyen Quoc Nam</collectorName>
leg.; 
<collectedFrom box="[792,952,300,326]" pageId="5" pageNumber="99">natural forest</collectedFrom>
; 
<specimenCode box="[964,1184,300,326]" pageId="5" pageNumber="99">IEBR-EW.020.18a</specimenCode>
</materialsCitation>
<emphasis bold="true" box="[1193,1203,300,326]" pageId="5" pageNumber="99">•</emphasis>
<materialsCitation collectedFrom="natural forest" collectingDate="2019-10" collectionCode="CTU-EW" collectorName="Nguyen Quoc Nam" country="Vietnam" latitude="11.112778" location="Vinh Cuu Nature Reserve" longLatPrecision="21" longitude="107.05334" pageId="5" pageNumber="99" specimenCode="CTU-EW.DNA.020.18b" specimenCount="3" stateProvince="Dong Nai">
<specimenCount box="[1211,1330,300,327]" pageId="5" pageNumber="99">3 matures</specimenCount>
; 
<location LSID="urn:lsid:plazi:treatment:883287E0FFC89575CE3CA185FC052EBB:0544602DFFC99579C96AA220FE652D7F" country="Vietnam" latitude="11.112778" longLatPrecision="21" longitude="107.05334" name="Vinh Cuu Nature Reserve" pageId="5" pageNumber="99" stateProvince="Dong Nai">Vinh Cuu Nature Reserve</location>
; 
<geoCoordinate box="[449,600,334,362]" degrees="11" direction="north" minutes="06" orientation="latitude" pageId="5" pageNumber="99" precision="15" seconds="46" value="11.112778">11°06′46″ N</geoCoordinate>
, 
<geoCoordinate box="[615,778,334,362]" degrees="107" direction="east" minutes="03" orientation="longitude" pageId="5" pageNumber="99" precision="15" seconds="12" value="107.05334">107°03′12″ E</geoCoordinate>
; 
<date box="[793,914,336,362]" pageId="5" pageNumber="99" value="2019-10">
<collectingDate box="[793,914,336,362]" pageId="5" pageNumber="99" value="2019-10">Oct. 2019</collectingDate>
</date>
; 
<collectorName box="[929,1162,336,362]" pageId="5" pageNumber="99">Nguyen Quoc Nam</collectorName>
leg.; 
<collectedFrom box="[1232,1395,335,361]" pageId="5" pageNumber="99">natural forest</collectedFrom>
; 
<specimenCode box="[189,474,371,397]" pageId="5" pageNumber="99">CTU-EW.DNA.020.18b</specimenCode>
</materialsCitation>
<emphasis bold="true" box="[483,493,371,397]" pageId="5" pageNumber="99">•</emphasis>
<materialsCitation collectedFrom="natural forest" collectingDate="2013-10" collectionCode="CTU-EW" collectorName="Le Van Nhan" country="Vietnam" latitude="11.434722" location="Cat Tien National Park" longLatPrecision="21" longitude="107.42916" pageId="5" pageNumber="99" specimenCode="CTU-EW.020.07" specimenCount="7" stateProvince="Dong Nai">
<specimenCount box="[503,624,371,397]" pageId="5" pageNumber="99">7 matures</specimenCount>
; 
<location LSID="urn:lsid:plazi:treatment:883287E0FFC89575CE3CA185FC052EBB:0544602DFFC99579CE29A27FFC432D98" box="[637,917,371,397]" country="Vietnam" latitude="11.434722" longLatPrecision="21" longitude="107.42916" name="Cat Tien National Park" pageId="5" pageNumber="99" stateProvince="Dong Nai">Cat Tien National Park</location>
; 
<geoCoordinate box="[930,1081,369,397]" degrees="11" direction="north" minutes="26" orientation="latitude" pageId="5" pageNumber="99" precision="15" seconds="05" value="11.434722">11°26′05″ N</geoCoordinate>
, 
<geoCoordinate box="[1095,1258,369,397]" degrees="107" direction="east" minutes="25" orientation="longitude" pageId="5" pageNumber="99" precision="15" seconds="45" value="107.42916">107°25′45″ E</geoCoordinate>
; 
<date box="[1273,1394,371,397]" pageId="5" pageNumber="99" value="2013-10">
<collectingDate box="[1273,1394,371,397]" pageId="5" pageNumber="99" value="2013-10">Oct. 2013</collectingDate>
</date>
; 
<collectorName box="[189,351,406,433]" pageId="5" pageNumber="99">Le Van Nhan</collectorName>
leg.; 
<collectedFrom box="[425,588,406,432]" pageId="5" pageNumber="99">natural forest</collectedFrom>
; 
<specimenCode box="[603,807,406,432]" pageId="5" pageNumber="99">CTU-EW.020.07</specimenCode>
</materialsCitation>
. – 
<materialsCitation collectedFrom="home garden" collectingDate="2019-09" collectionCode="IEBR-EW" collectorName="Nguyen Quoc Nam" country="Vietnam" latitude="11.383056" location="Duong minh Chau District" longLatPrecision="21" longitude="106.2" municipality="Duong" pageId="5" pageNumber="99" specimenCode="IEBR-EW.020.16" specimenCount="1" stateProvince="Tay Ninh Province">
<emphasis bold="true" box="[847,1109,406,432]" pageId="5" pageNumber="99">
<collectingRegion box="[847,1088,406,432]" country="Vietnam" name="Tay Ninh" pageId="5" pageNumber="99">Tay Ninh Province</collectingRegion>
•
</emphasis>
<specimenCount box="[1121,1231,406,433]" pageId="5" pageNumber="99">1 mature</specimenCount>
; 
<location LSID="urn:lsid:plazi:treatment:883287E0FFC89575CE3CA185FC052EBB:0544602DFFC99579C88BA29BFEB12DC6" country="Vietnam" latitude="11.383056" longLatPrecision="21" longitude="106.2" municipality="Duong" name="Duong minh Chau District" pageId="5" pageNumber="99" stateProvince="Tay Ninh Province">Duong minh Chau District</location>
; 
<geoCoordinate box="[379,537,440,468]" degrees="11" direction="north" minutes="22" orientation="latitude" pageId="5" pageNumber="99" precision="15" seconds="59" value="11.383056">11°22′59″ N</geoCoordinate>
, 
<geoCoordinate box="[558,728,440,468]" degrees="106" direction="east" minutes="12" orientation="longitude" pageId="5" pageNumber="99" precision="15" seconds="00" value="106.2">106°12′00″ E</geoCoordinate>
; 
<date box="[749,879,441,467]" pageId="5" pageNumber="99" value="2019-09">
<collectingDate box="[749,879,441,467]" pageId="5" pageNumber="99" value="2019-09">Sep. 2019</collectingDate>
</date>
; 
<collectorName box="[900,1145,441,468]" pageId="5" pageNumber="99">Nguyen Quoc Nam</collectorName>
leg.; 
<collectedFrom box="[1229,1395,441,467]" pageId="5" pageNumber="99">home garden</collectedFrom>
; 
<specimenCode box="[189,397,476,502]" pageId="5" pageNumber="99">IEBR-EW.020.16</specimenCode>
</materialsCitation>
<emphasis bold="true" box="[403,413,477,503]" pageId="5" pageNumber="99">•</emphasis>
<materialsCitation collectingDate="2019-09" collectionCode="CTU-EW" collectorName="Nguyen Quoc Nam" country="Vietnam" latitude="11.390555" location="Ba Den mountain" longLatPrecision="21" longitude="106.15528" pageId="5" pageNumber="99" specimenCode="mango gardens, CTU-EW.020.17" specimenCount="6" stateProvince="Tay Ninh">
<specimenCount box="[421,539,476,503]" pageId="5" pageNumber="99">6 matures</specimenCount>
; 
<location LSID="urn:lsid:plazi:treatment:883287E0FFC89575CE3CA185FC052EBB:0544602DFFC99579CE72A2D1FD2E2DE3" box="[550,760,476,503]" country="Vietnam" latitude="11.390555" longLatPrecision="21" longitude="106.15528" name="Ba Den mountain" pageId="5" pageNumber="99" stateProvince="Tay Ninh">Ba Den mountain</location>
; 
<geoCoordinate box="[771,919,475,503]" degrees="11" direction="north" minutes="23" orientation="latitude" pageId="5" pageNumber="99" precision="15" seconds="26" value="11.390555">11°23′26″ N</geoCoordinate>
, 
<geoCoordinate box="[930,1091,475,503]" degrees="106" direction="east" minutes="09" orientation="longitude" pageId="5" pageNumber="99" precision="15" seconds="19" value="106.15528">106°09′19″ E</geoCoordinate>
; 
<date box="[1103,1224,477,503]" pageId="5" pageNumber="99" value="2019-09">
<collectingDate box="[1103,1224,477,503]" pageId="5" pageNumber="99" value="2019-09">Sep. 2019</collectingDate>
</date>
; 
<collectorName pageId="5" pageNumber="99">Nguyen Quoc Nam</collectorName>
leg.; 
<specimenCode box="[312,494,512,538]" pageId="5" pageNumber="99">mango gardens</specimenCode>
; 
<specimenCode box="[506,709,512,538]" pageId="5" pageNumber="99">CTU-EW.020.17</specimenCode>
</materialsCitation>
.
</paragraph>
</subSubSection>
<subSubSection lastPageId="8" lastPageNumber="102" pageId="5" pageNumber="99" type="description">
<paragraph blockId="5.[189,334,577,603]" box="[189,334,577,603]" pageId="5" pageNumber="99">
<heading bold="true" box="[189,334,577,603]" fontSize="11" level="3" pageId="5" pageNumber="99" reason="3">
<emphasis bold="true" box="[189,334,577,603]" pageId="5" pageNumber="99">Description</emphasis>
</heading>
</paragraph>
<paragraph blockId="5.[189,1399,624,827]" pageId="5" pageNumber="99">
Body cylindrical, large-medium size, length 
<quantity box="[731,893,624,651]" metricMagnitude="-1" metricUnit="m" metricValue="1.925" metricValueMax="2.28" metricValueMin="1.5699999999999998" pageId="5" pageNumber="99" unit="mm" value="192.5" valueMax="228.0" valueMin="157.0">157–228 mm</quantity>
, diameter 6.5–8.0 mm, segments 85–145, weight 3.0–8.4 gr. Dorsum slightly dark grey, ventrum paler. Prostomium epilobous. First dorsal pore in 12/13. Perichaetine, setae at pre-clitellar segments stouter and sparser than that at post-clitellar segments; setal numbers: 
<quantity box="[514,625,729,756]" metricMagnitude="0" metricUnit="m" metricValue="1.4859" metricValueMax="1.5748" metricValueMin="1.3969999999999998" pageId="5" pageNumber="99" unit="in" value="58.5" valueMax="62.0" valueMin="55.0">55–62 in</quantity>
viii, 
<quantity box="[699,809,729,756]" metricMagnitude="0" metricUnit="m" metricValue="1.7271999999999998" metricValueMax="1.8034" metricValueMin="1.6509999999999998" pageId="5" pageNumber="99" unit="in" value="68.0" valueMax="71.0" valueMin="65.0">65–71 in</quantity>
xxx, 10–16 between male pores on xix. Setal distance: aa&gt; ab, zz&gt; zy. Clitellum annular, within xiv–xvi, darkish brown, without dorsal pores and setae. Female pore single, mid-ventral in xiv.
</paragraph>
<paragraph blockId="5.[189,1399,865,998]" pageId="5" pageNumber="99">Four pairs of spermathecal pores on ventrolateral intersegments 5/6/7/8/9. Ventral distance between spermathecal pores ca 0.27–0.3 body circumference. Male pores on copulatory pouches in xix; ventral distance between male pores ca 0.2–0.3 body circumference. Genital markings absent in both spermathecal and male pores region.</paragraph>
<paragraph blockId="5.[189,1399,1037,1134]" pageId="5" pageNumber="99">
<collectingRegion box="[189,255,1037,1063]" country="Spain" name="Ceuta" pageId="5" pageNumber="99">Septa</collectingRegion>
5/6/7/8 thickened, 8/9/10 absent, 10/11/12 thin. Oesophageal gizzard between 7/8 and 10/11. Intestine origin at xv; caeca simple, short within xxvii-xxiv. Last hearts in xiii. Pharyngeal micronephridia developed in 5/6/7. Lymph glands absent. Typhlosole simple, lamelliform.
</paragraph>
<paragraph blockId="5.[189,1399,1173,1305]" pageId="5" pageNumber="99">Spermathecae paired in vi–ix. Spermathecal ampulla large, mango-shaped; duct about a quarter of ampulla length. Diverticula attached to the base of ampulla ducts; distal part strongly coiled, swollen into coiled sinusoidal seminal chambers. Spermathecal ducts without nephridia. Accessory glands absent in the spermathecal region.</paragraph>
<paragraph blockId="5.[189,1398,1344,1441]" pageId="5" pageNumber="99">Holandric. Testis sacs in x and xi, connected ventrally. Seminal vesicles well developed in xi and xii. Ovaries on septum 12/13 posteriorly. Prostate glands, deeply lobuled, paired in xvii–xxi; prostatic ducts C-shaped. Accessory glands massed, covered the copulatory pouches.</paragraph>
<paragraph blockId="5.[189,358,1480,1506]" box="[189,358,1480,1506]" pageId="5" pageNumber="99">
<heading bold="true" box="[189,358,1480,1506]" fontSize="11" level="3" pageId="5" pageNumber="99" reason="3">
<emphasis bold="true" box="[189,358,1480,1506]" pageId="5" pageNumber="99">DNA barcode</emphasis>
</heading>
</paragraph>
<paragraph blockId="5.[189,1399,1527,1659]" pageId="5" pageNumber="99">
COI barcode data (partial) is for the 
<typeStatus box="[647,759,1527,1553]" pageId="5" pageNumber="99">paratypes</typeStatus>
uploaded to GenBank under the accession numbers 
<accessionNumber box="[189,334,1562,1588]" httpUri="http://www.ncbi.nlm.nih.gov/nucleotide/MW076191" pageId="5" pageNumber="99">MW076191</accessionNumber>
, 
<accessionNumber box="[349,494,1562,1588]" httpUri="http://www.ncbi.nlm.nih.gov/nucleotide/MW076192" pageId="5" pageNumber="99">MW076192</accessionNumber>
, 
<accessionNumber box="[508,653,1562,1588]" httpUri="http://www.ncbi.nlm.nih.gov/nucleotide/MW076193" pageId="5" pageNumber="99">MW076193</accessionNumber>
, 
<accessionNumber box="[668,813,1562,1588]" httpUri="http://www.ncbi.nlm.nih.gov/nucleotide/MW076194" pageId="5" pageNumber="99">MW076194</accessionNumber>
, 
<accessionNumber box="[827,971,1562,1589]" httpUri="http://www.ncbi.nlm.nih.gov/nucleotide/MW076195" pageId="5" pageNumber="99">MW076195</accessionNumber>
, and 
<accessionNumber box="[1039,1185,1562,1588]" httpUri="http://www.ncbi.nlm.nih.gov/nucleotide/MW076196" pageId="5" pageNumber="99">MW076196</accessionNumber>
. The new species shares the identity of 88.13% and 88.33% with 
<taxonomicName baseAuthorityName="Michaelsen" baseAuthorityYear="1907" box="[730,960,1597,1623]" class="Clitellata" family="Megascolecidae" genus="Metaphire" higherTaxonomySource="GBIF" kingdom="Animalia" order="Haplotaxida" pageId="5" pageNumber="99" phylum="Annelida" rank="species" species="anomala">
<emphasis box="[730,960,1597,1623]" italics="true" pageId="5" pageNumber="99">Metaphire anomala</emphasis>
</taxonomicName>
(
<accessionNumber box="[973,1108,1597,1624]" httpUri="http://www.ncbi.nlm.nih.gov/nucleotide/KU262251" pageId="5" pageNumber="99">KU262251</accessionNumber>
, 
<accessionNumber box="[1118,1251,1597,1624]" httpUri="http://www.ncbi.nlm.nih.gov/nucleotide/KU565252" pageId="5" pageNumber="99">KU565252</accessionNumber>
, 
<accessionNumber box="[1261,1394,1597,1624]" httpUri="http://www.ncbi.nlm.nih.gov/nucleotide/KU565253" pageId="5" pageNumber="99">KU565253</accessionNumber>
, 
<accessionNumber box="[189,325,1632,1659]" httpUri="http://www.ncbi.nlm.nih.gov/nucleotide/KU565254" pageId="5" pageNumber="99">KU565254</accessionNumber>
).
</paragraph>
<paragraph blockId="5.[189,285,1698,1724]" box="[189,285,1698,1724]" pageId="5" pageNumber="99">
<heading bold="true" box="[189,285,1698,1724]" fontSize="11" level="3" pageId="5" pageNumber="99" reason="3">
<emphasis bold="true" box="[189,285,1698,1724]" pageId="5" pageNumber="99">Habitat</emphasis>
</heading>
</paragraph>
<paragraph blockId="5.[189,1399,1745,1877]" pageId="5" pageNumber="99">
The species was found in leaf-litters or in the top-soil layer, especially in moist places (near streams) or in rocky holes with organic matter. 
<taxonomicName authority="Nguyen &amp; Lam &amp; Nguyen, 2021" authorityName="Nguyen &amp; Lam &amp; Nguyen" authorityYear="2021" box="[603,853,1780,1806]" class="Clitellata" family="Megascolecidae" genus="Metaphire" higherTaxonomySource="GBIF" kingdom="Animalia" order="Haplotaxida" pageId="5" pageNumber="99" phylum="Annelida" rank="species" species="iranomala" status="sp. nov.">
<emphasis box="[603,853,1780,1806]" italics="true" pageId="5" pageNumber="99">Metaphire iranomala</emphasis>
</taxonomicName>
<taxonomicNameLabel box="[860,950,1781,1807]" pageId="5" pageNumber="99" rank="species">sp. nov.</taxonomicNameLabel>
has a soft body, violet light skin when alive. Its moving behavior is similar to a caterpillar locomotion. The species was commonly located in hilly/mountainous areas, but occasionally found in deltas.
</paragraph>
<paragraph blockId="5.[189,318,1916,1942]" box="[189,318,1916,1942]" pageId="5" pageNumber="99">
<heading bold="true" box="[189,318,1916,1942]" fontSize="11" level="3" pageId="5" pageNumber="99" reason="3">
<emphasis bold="true" box="[189,318,1916,1942]" pageId="5" pageNumber="99">Variations</emphasis>
</heading>
</paragraph>
<paragraph blockId="5.[189,1400,1963,2024]" pageId="5" pageNumber="99">
<taxonomicName authority="Nguyen &amp; Lam &amp; Nguyen, 2021" authorityName="Nguyen &amp; Lam &amp; Nguyen" authorityYear="2021" box="[189,433,1963,1989]" class="Clitellata" family="Megascolecidae" genus="Metaphire" higherTaxonomySource="GBIF" kingdom="Animalia" order="Haplotaxida" pageId="5" pageNumber="99" phylum="Annelida" rank="species" species="iranomala" status="sp. nov.">
<emphasis box="[189,433,1963,1989]" italics="true" pageId="5" pageNumber="99">Metaphire iranomala</emphasis>
</taxonomicName>
<taxonomicNameLabel box="[438,525,1963,1989]" pageId="5" pageNumber="99" rank="species">sp. nov.</taxonomicNameLabel>
has two slightly different morphological 
<typeStatus box="[989,1053,1963,1989]" pageId="5" pageNumber="99">types</typeStatus>
. The first 
<typeStatus box="[1162,1212,1963,1989]" pageId="5" pageNumber="99">type</typeStatus>
is more likely to be distributed in islands or in coastal provinces in 
<collectingCountry box="[761,862,1998,2024]" name="Vietnam" pageId="5" pageNumber="99">Vietnam</collectingCountry>
; the other 
<typeStatus box="[981,1031,1998,2024]" pageId="5" pageNumber="99">type</typeStatus>
is found in mainland provinces.
</paragraph>
<caption ID-DOI="http://doi.org/10.5281/zenodo.4709140" ID-Zenodo-Dep="4709140" httpUri="https://zenodo.org/record/4709140/files/figure.png" pageId="6" pageNumber="100" startId="6.[189,232,1838,1864]" targetBox="[192,1394,273,1784]" targetPageId="6">
<paragraph blockId="6.[189,1399,1838,1970]" pageId="6" pageNumber="100">
<emphasis bold="true" box="[189,266,1838,1864]" pageId="6" pageNumber="100">Fig. 1.</emphasis>
<taxonomicName authority="Nguyen &amp; Lam &amp; Nguyen, 2021" authorityName="Nguyen &amp; Lam &amp; Nguyen" authorityYear="2021" box="[272,522,1838,1864]" class="Clitellata" family="Megascolecidae" genus="Metaphire" higherTaxonomySource="GBIF" kingdom="Animalia" order="Haplotaxida" pageId="6" pageNumber="100" phylum="Annelida" rank="species" species="iranomala" status="sp. nov.">
<emphasis box="[272,522,1838,1864]" italics="true" pageId="6" pageNumber="100">Metaphire iranomala</emphasis>
</taxonomicName>
<taxonomicNameLabel box="[529,621,1838,1864]" pageId="6" pageNumber="100" rank="species">sp. nov.</taxonomicNameLabel>
, holotype (CTU-EW.020.h01). 
<emphasis bold="true" box="[988,1071,1838,1864]" pageId="6" pageNumber="100">A1, A2</emphasis>
. Ventral view of male pores region. 
<emphasis bold="true" box="[280,300,1873,1899]" pageId="6" pageNumber="100">B</emphasis>
. Lateral view of spermathecal pores region. 
<emphasis bold="true" box="[832,920,1873,1899]" pageId="6" pageNumber="100">C1, C2</emphasis>
. Right spermathecae. 
<emphasis bold="true" box="[1186,1274,1873,1899]" pageId="6" pageNumber="100">D1, D2</emphasis>
. Intestinal caecum. 
<emphasis bold="true" box="[299,319,1908,1934]" pageId="6" pageNumber="100">E</emphasis>
. Testis sacs and seminal vesicles. 
<emphasis bold="true" box="[755,840,1908,1934]" pageId="6" pageNumber="100">F1, F2</emphasis>
. Right prostatic gland. 
<emphasis bold="true" box="[1139,1162,1908,1934]" pageId="6" pageNumber="100">G</emphasis>
. Copulatory pouch transverse body section. Scale bars = 1 mm.
</paragraph>
</caption>
<caption ID-DOI="http://doi.org/10.5281/zenodo.4709142" ID-Zenodo-Dep="4709142" httpUri="https://zenodo.org/record/4709142/files/figure.png" pageId="7" pageNumber="101" startId="7.[189,232,1856,1882]" targetBox="[226,1363,268,1815]" targetPageId="7">
<paragraph blockId="7.[189,1399,1856,2024]" pageId="7" pageNumber="101">
<emphasis bold="true" box="[189,279,1856,1882]" pageId="7" pageNumber="101">Fig. 2.</emphasis>
<taxonomicName authority="Nguyen &amp; Lam &amp; Nguyen, 2021" authorityName="Nguyen &amp; Lam &amp; Nguyen" authorityYear="2021" box="[299,578,1857,1883]" class="Clitellata" family="Megascolecidae" genus="Metaphire" higherTaxonomySource="GBIF" kingdom="Animalia" order="Haplotaxida" pageId="7" pageNumber="101" phylum="Annelida" rank="species" species="decemtheca" status="sp. nov.">
<emphasis box="[299,578,1857,1883]" italics="true" pageId="7" pageNumber="101">Metaphire decemtheca</emphasis>
</taxonomicName>
<taxonomicNameLabel box="[599,704,1857,1883]" pageId="7" pageNumber="101" rank="species">sp. nov.</taxonomicNameLabel>
, holotype (CTU-EW.183.h01). 
<emphasis bold="true" box="[1112,1209,1856,1882]" pageId="7" pageNumber="101">A1, A2</emphasis>
. Ventral view of male pore region. 
<emphasis bold="true" box="[467,558,1892,1918]" pageId="7" pageNumber="101">B1, B2</emphasis>
. Right spermathecae. 
<emphasis bold="true" box="[844,938,1892,1918]" pageId="7" pageNumber="101">C1, C2</emphasis>
. Intestinal caecum. 
<emphasis bold="true" box="[1198,1219,1892,1918]" pageId="7" pageNumber="101">D</emphasis>
. Ventral view of spermathecal pore region. 
<emphasis bold="true" box="[565,657,1927,1953]" pageId="7" pageNumber="101">E1, E2</emphasis>
. Lateral view of spermathecal pores region. 
<emphasis bold="true" box="[1238,1327,1927,1953]" pageId="7" pageNumber="101">F1, F2</emphasis>
. Left prostatic gland. 
<emphasis bold="true" box="[387,410,1962,1988]" pageId="7" pageNumber="101">G</emphasis>
. Testis sacs and seminal vesicles. 
<emphasis bold="true" box="[840,863,1962,1988]" pageId="7" pageNumber="101">H</emphasis>
. Male pore region transverse body section. Scale bars = 1 mm.
</paragraph>
</caption>
<caption pageId="8" pageNumber="102" startId="8.[189,258,265,291]" targetBox="[203,1368,370,945]" targetIsTable="true" targetPageId="8">
<paragraph blockId="8.[189,1398,265,327]" pageId="8" pageNumber="102">
<emphasis bold="true" box="[189,285,265,291]" pageId="8" pageNumber="102">Table 2.</emphasis>
Comparison between 
<taxonomicName authority="Nguyen &amp; Lam &amp; Nguyen, 2021" authorityName="Nguyen &amp; Lam &amp; Nguyen" authorityYear="2021" box="[543,702,265,291]" class="Clitellata" family="Megascolecidae" genus="Metaphire" higherTaxonomySource="GBIF" kingdom="Animalia" order="Haplotaxida" pageId="8" pageNumber="102" phylum="Annelida" rank="species" species="iranomala" status="sp. nov.">
<emphasis box="[543,702,265,291]" italics="true" pageId="8" pageNumber="102">M. iranomala</emphasis>
</taxonomicName>
<taxonomicNameLabel box="[707,796,266,292]" pageId="8" pageNumber="102" rank="species">sp. nov.</taxonomicNameLabel>
and 
<taxonomicName authority="(Michaelsen, 1907)" baseAuthorityName="Michaelsen" baseAuthorityYear="1907" box="[848,1219,265,291]" class="Clitellata" family="Megascolecidae" genus="Metaphire" higherTaxonomySource="GBIF" kingdom="Animalia" order="Haplotaxida" pageId="8" pageNumber="102" phylum="Annelida" rank="species" species="anomala">
<emphasis box="[848,989,265,291]" italics="true" pageId="8" pageNumber="102">M. anomala</emphasis>
(
<bibRefCitation author="Michaelsen W." box="[1002,1211,265,291]" pageId="8" pageNumber="102" pagination="143 - 193" refId="ref8801" refString="Michaelsen W. 1907. Neue Oligochaten von Vorder-Indien, Ceylon, Burma und den Andaman-Inseln. Mitteilungen aus dem naturhistorischen Museum in Hamburg 24: 143 - 193." type="journal article" year="1907">Michaelsen, 1907</bibRefCitation>
)
</taxonomicName>
from Thailand, Myanmar and India (its original description).
</paragraph>
</caption>
<paragraph pageId="8" pageNumber="102">
<table box="[203,1368,370,945]" gridcols="5" gridrows="12" pageId="8" pageNumber="102">
<tr box="[203,1368,370,458]" gridrow="0" pageId="8" pageNumber="102">
<td box="[203,415,370,458]" gridcol="0" gridrow="0" pageId="8" pageNumber="102">
<emphasis bold="true" box="[203,376,402,426]" pageId="8" pageNumber="102">Characteristics</emphasis>
</td>
<td box="[490,622,370,458]" gridcol="1" gridrow="0" pageId="8" pageNumber="102">
<emphasis bold="true" box="[504,601,402,426]" pageId="8" pageNumber="102">Vietnam</emphasis>
<emphasis bold="true" box="[600,608,401,415]" pageId="8" pageNumber="102">1</emphasis>
</td>
<td box="[686,914,370,458]" gridcol="2" gridrow="0" pageId="8" pageNumber="102">
<emphasis bold="true" box="[748,852,402,426]" pageId="8" pageNumber="102">Thailand</emphasis>
<emphasis bold="true" box="[851,859,401,415]" pageId="8" pageNumber="102">2</emphasis>
</td>
<td box="[955,1155,370,458]" gridcol="3" gridrow="0" pageId="8" pageNumber="102">
<emphasis bold="true" box="[994,1108,403,427]" pageId="8" pageNumber="102">Myanmar</emphasis>
<emphasis bold="true" box="[1108,1116,401,415]" pageId="8" pageNumber="102">3</emphasis>
</td>
<td box="[1199,1368,370,458]" gridcol="4" gridrow="0" pageId="8" pageNumber="102">
<emphasis bold="true" pageId="8" pageNumber="102">Original description (India)</emphasis>
<emphasis bold="true" box="[1319,1327,433,447]" pageId="8" pageNumber="102">4</emphasis>
</td>
</tr>
<tr box="[203,1368,475,499]" gridrow="1" pageId="8" pageNumber="102">
<td box="[203,415,475,499]" gridcol="0" gridrow="1" pageId="8" pageNumber="102">Length</td>
<td box="[490,622,475,499]" gridcol="1" gridrow="1" pageId="8" pageNumber="102">157–228</td>
<td box="[686,914,475,499]" gridcol="2" gridrow="1" pageId="8" pageNumber="102">134–154</td>
<td box="[955,1155,475,499]" gridcol="3" gridrow="1" pageId="8" pageNumber="102">116–200</td>
<td box="[1199,1368,475,499]" gridcol="4" gridrow="1" pageId="8" pageNumber="102">80–90</td>
</tr>
<tr box="[203,1368,513,537]" gridrow="2" pageId="8" pageNumber="102">
<td box="[203,415,513,537]" gridcol="0" gridrow="2" pageId="8" pageNumber="102">Diameter</td>
<td box="[490,622,513,537]" gridcol="1" gridrow="2" pageId="8" pageNumber="102">6.5–8.0</td>
<td box="[686,914,513,537]" gridcol="2" gridrow="2" pageId="8" pageNumber="102">4.6–6.7</td>
<td box="[955,1155,513,537]" gridcol="3" gridrow="2" pageId="8" pageNumber="102">3.0–7.0</td>
<td box="[1199,1368,513,537]" gridcol="4" gridrow="2" pageId="8" pageNumber="102">5.0–5.5</td>
</tr>
<tr box="[203,1368,550,575]" gridrow="3" pageId="8" pageNumber="102">
<td box="[203,415,550,575]" gridcol="0" gridrow="3" pageId="8" pageNumber="102">Segment</td>
<td box="[490,622,550,575]" gridcol="1" gridrow="3" pageId="8" pageNumber="102">85–145</td>
<td box="[686,914,550,575]" gridcol="2" gridrow="3" pageId="8" pageNumber="102">116–126</td>
<td box="[955,1155,550,575]" gridcol="3" gridrow="3" pageId="8" pageNumber="102">119–130</td>
<td box="[1199,1368,550,575]" gridcol="4" gridrow="3" pageId="8" pageNumber="102">130</td>
</tr>
<tr box="[203,1368,586,637]" gridrow="4" pageId="8" pageNumber="102">
<td box="[203,415,586,637]" gridcol="0" gridrow="4" pageId="8" pageNumber="102">Spermathecal pores</td>
<td box="[490,622,586,637]" gridcol="1" gridrow="4" pageId="8" pageNumber="102">four pairs in 5/6/7/8/9</td>
<td box="[686,914,586,637]" gridcol="2" gridrow="4" pageId="8" pageNumber="102">3 pairs in 5/6/7/8</td>
<td box="[955,1155,586,637]" gridcol="3" gridrow="4" pageId="8" pageNumber="102">absent or 5/6/7/8</td>
<td box="[1199,1368,586,637]" gridcol="4" gridrow="4" pageId="8" pageNumber="102">absent</td>
</tr>
<tr box="[203,1368,649,673]" gridrow="5" pageId="8" pageNumber="102">
<td box="[203,415,649,673]" gridcol="0" gridrow="5" pageId="8" pageNumber="102">Pre-clitellar setae</td>
<td box="[490,622,649,673]" gridcol="1" gridrow="5" pageId="8" pageNumber="102">46–53 (viii)</td>
<td box="[686,914,649,673]" gridcol="2" gridrow="5" pageId="8" pageNumber="102">84–96</td>
<td box="[955,1155,649,673]" gridcol="3" gridrow="5" pageId="8" pageNumber="102">90–96 (viii)</td>
<td box="[1199,1368,649,673]" gridcol="4" gridrow="5" pageId="8" pageNumber="102">70 (v)</td>
</tr>
<tr box="[203,1368,686,711]" gridrow="6" pageId="8" pageNumber="102">
<td box="[203,415,686,711]" gridcol="0" gridrow="6" pageId="8" pageNumber="102">Post-clitellar setae</td>
<td box="[490,622,686,711]" gridcol="1" gridrow="6" pageId="8" pageNumber="102">62–71 (xxx)</td>
<td box="[686,914,686,711]" gridcol="2" gridrow="6" pageId="8" pageNumber="102">58–67</td>
<td box="[955,1155,686,711]" gridcol="3" gridrow="6" pageId="8" pageNumber="102">61–70 (xx)</td>
<td box="[1199,1368,686,711]" gridcol="4" gridrow="6" pageId="8" pageNumber="102">74 (xxv)</td>
</tr>
<tr box="[203,1368,724,748]" gridrow="7" pageId="8" pageNumber="102">
<td box="[203,415,724,748]" gridcol="0" gridrow="7" pageId="8" pageNumber="102">Male pores</td>
<td box="[490,622,724,748]" gridcol="1" gridrow="7" pageId="8" pageNumber="102">xix</td>
<td box="[686,914,724,748]" gridcol="2" gridrow="7" pageId="8" pageNumber="102">xx</td>
<td box="[955,1155,724,748]" gridcol="3" gridrow="7" pageId="8" pageNumber="102">xx</td>
<td box="[1199,1368,724,748]" gridcol="4" gridrow="7" pageId="8" pageNumber="102">xx</td>
</tr>
<tr box="[203,1368,760,811]" gridrow="8" pageId="8" pageNumber="102">
<td box="[203,415,760,811]" gridcol="0" gridrow="8" pageId="8" pageNumber="102">Ventral distance between male pores</td>
<td box="[490,622,760,811]" gridcol="1" gridrow="8" pageId="8" pageNumber="102">0.2–0.3</td>
<td box="[686,914,760,811]" gridcol="2" gridrow="8" pageId="8" pageNumber="102">0.33</td>
<td box="[955,1155,760,811]" gridcol="3" gridrow="8" pageId="8" pageNumber="102">–</td>
<td box="[1199,1368,760,811]" gridcol="4" gridrow="8" pageId="8" pageNumber="102">0.17</td>
</tr>
<tr box="[203,1368,821,871]" gridrow="9" pageId="8" pageNumber="102">
<td box="[203,415,821,871]" gridcol="0" gridrow="9" pageId="8" pageNumber="102">Genital markings</td>
<td box="[490,622,821,871]" gridcol="1" gridrow="9" pageId="8" pageNumber="102">absent</td>
<td box="[686,914,821,871]" gridcol="2" gridrow="9" pageId="8" pageNumber="102">3–6 pairs in xvii–xix, xxi–xxiii or absent</td>
<td box="[955,1155,821,871]" gridcol="3" gridrow="9" pageId="8" pageNumber="102">present in xvii–xix and xxi–xxiv</td>
<td box="[1199,1368,821,871]" gridcol="4" gridrow="9" pageId="8" pageNumber="102">4 pairs in xviii– xix, xxi–xxii</td>
</tr>
<tr box="[203,1368,883,907]" gridrow="10" pageId="8" pageNumber="102">
<td box="[203,415,883,907]" gridcol="0" gridrow="10" pageId="8" pageNumber="102">Septum 8/9</td>
<td box="[490,622,883,907]" gridcol="1" gridrow="10" pageId="8" pageNumber="102">absent</td>
<td box="[686,914,883,907]" gridcol="2" gridrow="10" pageId="8" pageNumber="102">absent</td>
<td box="[955,1155,883,907]" gridcol="3" gridrow="10" pageId="8" pageNumber="102">present</td>
<td box="[1199,1368,883,907]" gridcol="4" gridrow="10" pageId="8" pageNumber="102">present</td>
</tr>
<tr box="[203,1368,921,945]" gridrow="11" pageId="8" pageNumber="102">
<td box="[203,415,921,945]" gridcol="0" gridrow="11" pageId="8" pageNumber="102">Testis sacs</td>
<td box="[490,622,921,945]" gridcol="1" gridrow="11" pageId="8" pageNumber="102">connected</td>
<td box="[686,914,921,945]" gridcol="2" gridrow="11" pageId="8" pageNumber="102">separated</td>
<td box="[955,1155,921,945]" gridcol="3" gridrow="11" pageId="8" pageNumber="102">separated</td>
<td box="[1199,1368,921,945]" gridcol="4" gridrow="11" pageId="8" pageNumber="102">separated</td>
</tr>
</table>
</paragraph>
<paragraph blockId="8.[189,1399,976,1033]" pageId="8" pageNumber="102">
<tableNote pageId="8" pageNumber="102" targetBox="[203,1368,370,945]" targetPageId="8">
<superScript attach="left" box="[189,197,976,990]" fontSize="6" pageId="8" pageNumber="102">1</superScript>
Freshly collected specimens; 
<superScript attach="right" box="[507,515,976,990]" fontSize="6" pageId="8" pageNumber="102">2</superScript>
<bibRefCitation author="Bantaowong U. &amp; Chanabun R. &amp; Tongkerd P. &amp; Sutcharit C. &amp; James S. W. &amp; Panha S." box="[519,787,977,1002]" pageId="8" pageNumber="102" pagination="55 - 69" refId="ref7832" refString="Bantaowong U., Chanabun R., Tongkerd P., Sutcharit C., James S. W. &amp; Panha S. 2011. A new species of the terrestrial earthworm of the genus Metaphire Sims and Easton, 1972 from Thailand with redescription of some species. Tropical Natural History 11 (1): 55 - 69." type="journal article" year="2011">
Bantaowong 
<emphasis box="[658,710,977,1001]" italics="true" pageId="8" pageNumber="102">et al.</emphasis>
(2011)
</bibRefCitation>
; 
<superScript attach="right" box="[795,803,976,990]" fontSize="6" pageId="8" pageNumber="102">3</superScript>
<bibRefCitation author="Gates G. E." box="[806,937,977,1001]" pageId="8" pageNumber="102" pagination="538 - 550" refId="ref8271" refString="Gates G. E. 1925. Some notes on Pheretima anomola, Mich. and a related species new to India and Burma. Annals and Magazine of Natural History 15 (9): 538 - 550. https: // doi. org / 10.1080 / 00222932508633244" type="journal article" year="1925">Gates (1925</bibRefCitation>
, 
<bibRefCitation author="Gates G. E." box="[945,1000,977,1001]" pageId="8" pageNumber="102" pagination="1 - 326" refId="ref8321" refString="Gates G. E. 1972. Burmese earthworms: an introduction to the systematics and biology of Megadrile oligochaetes with special reference to Southeast Asia. Transactions of the American Philosophical Society 62: 1 - 326. https: // doi. org / 10.2307 / 1006214" type="journal article" year="1972">1972</bibRefCitation>
) and 
<bibRefCitation author="Stephenson J." box="[1054,1256,977,1001]" pageId="8" pageNumber="102" pagination="225 - 239" refId="ref10025" refString="Stephenson J. 1929. The Oligochaeta of the lndawgyi lake (upper Burma). Records of the Indian Museum 31: 225 - 239." type="journal article" year="1929">Stephenson (1929)</bibRefCitation>
; 
<superScript attach="right" box="[1263,1271,976,990]" fontSize="6" pageId="8" pageNumber="102">4</superScript>
<bibRefCitation author="Michaelsen W." pageId="8" pageNumber="102" pagination="143 - 193" refId="ref8801" refString="Michaelsen W. 1907. Neue Oligochaten von Vorder-Indien, Ceylon, Burma und den Andaman-Inseln. Mitteilungen aus dem naturhistorischen Museum in Hamburg 24: 143 - 193." type="journal article" year="1907">Michaelsen (1907)</bibRefCitation>
.
</tableNote>
</paragraph>
<caption pageId="8" pageNumber="102" startId="8.[189,258,1115,1141]" targetBox="[203,1331,1221,1698]" targetIsTable="true" targetPageId="8">
<paragraph blockId="8.[189,1398,1115,1177]" pageId="8" pageNumber="102">
<emphasis bold="true" box="[189,294,1115,1141]" pageId="8" pageNumber="102">Table 3.</emphasis>
Comparison between 
<taxonomicName authority="Nguyen &amp; Lam &amp; Nguyen, 2021" authorityName="Nguyen &amp; Lam &amp; Nguyen" authorityYear="2021" box="[577,745,1115,1141]" class="Clitellata" family="Megascolecidae" genus="Metaphire" higherTaxonomySource="GBIF" kingdom="Animalia" order="Haplotaxida" pageId="8" pageNumber="102" phylum="Annelida" rank="species" species="iranomala" status="sp. nov.">
<emphasis box="[577,745,1115,1141]" italics="true" pageId="8" pageNumber="102">M. iranomala</emphasis>
</taxonomicName>
<taxonomicNameLabel box="[759,859,1116,1142]" pageId="8" pageNumber="102" rank="species">sp. nov.</taxonomicNameLabel>
, 
<taxonomicName authority="(Cognetti, 1908)" baseAuthorityName="Cognetti" baseAuthorityYear="1908" box="[878,1342,1115,1141]" class="Clitellata" family="Megascolecidae" genus="Metaphire" higherTaxonomySource="GBIF" kingdom="Animalia" order="Haplotaxida" pageId="8" pageNumber="102" phylum="Annelida" rank="species" species="megascolidioides">
<emphasis box="[878,1128,1115,1141]" italics="true" pageId="8" pageNumber="102">M. megascolidioides</emphasis>
(
<bibRefCitation author="Cognetti M. L." box="[1149,1334,1115,1141]" pageId="8" pageNumber="102" pagination="1 - 4" refId="ref8092" refString="Cognetti M. L. 1908. Contributo alla conscenza della drilofauna papuasica. Bollettino dei musei di zoologia ed anatomia comparata della R. Universita di Torino 23 (584): 1 - 4." type="journal article" year="1908">Cognetti, 1908</bibRefCitation>
)
</taxonomicName>
and 
<taxonomicName authority="(Goto &amp; Hatai, 1899)" baseAuthorityName="Goto &amp; Hatai" baseAuthorityYear="1899" box="[189,556,1150,1177]" class="Clitellata" family="Megascolecidae" genus="Metaphire" higherTaxonomySource="GBIF" kingdom="Animalia" order="Haplotaxida" pageId="8" pageNumber="102" phylum="Annelida" rank="species" species="isselii">
<emphasis box="[189,296,1150,1176]" italics="true" pageId="8" pageNumber="102">M. isselii</emphasis>
(
<bibRefCitation author="Goto S. &amp; Hatai S." box="[312,548,1150,1177]" pageId="8" pageNumber="102" pagination="13 - 24" refId="ref8370" refString="Goto S. &amp; Hatai S. 1899. New or imperfectly known species of earthworm. Annotationes Zoologicae Japonenses 3 (2): 13 - 24." type="journal article" year="1899">Goto &amp; Hatai, 1899</bibRefCitation>
)
</taxonomicName>
sharing location of male pores not in segment xix.
</paragraph>
</caption>
<paragraph pageId="8" pageNumber="102">
<table box="[203,1331,1221,1698]" gridcols="4" gridrows="11" pageId="8" pageNumber="102">
<tr box="[203,1331,1221,1247]" gridrow="0" pageId="8" pageNumber="102">
<td box="[203,462,1221,1247]" gridcol="0" gridrow="0" pageId="8" pageNumber="102">
<emphasis bold="true" box="[203,376,1223,1247]" pageId="8" pageNumber="102">Characteristics</emphasis>
</td>
<td box="[526,771,1221,1247]" gridcol="1" gridrow="0" pageId="8" pageNumber="102">
<taxonomicName authorityName="Nguyen &amp; Lam &amp; Nguyen" authorityYear="2021" box="[572,724,1222,1246]" class="Clitellata" family="Megascolecidae" genus="Metaphire" higherTaxonomySource="GBIF" kingdom="Animalia" order="Haplotaxida" pageId="8" pageNumber="102" phylum="Annelida" rank="species" species="iranomala">
<emphasis bold="true" box="[572,724,1222,1246]" italics="true" pageId="8" pageNumber="102">M. iranomala</emphasis>
</taxonomicName>
</td>
<td box="[815,1081,1221,1247]" gridcol="2" gridrow="0" pageId="8" pageNumber="102">
<taxonomicName baseAuthorityName="Cognetti" baseAuthorityYear="1908" box="[832,1056,1222,1246]" class="Clitellata" family="Megascolecidae" genus="Metaphire" higherTaxonomySource="GBIF" kingdom="Animalia" order="Haplotaxida" pageId="8" pageNumber="102" phylum="Annelida" rank="species" species="megascolidioides">
<emphasis bold="true" box="[832,1056,1222,1246]" italics="true" pageId="8" pageNumber="102">M. megascolidioides</emphasis>
</taxonomicName>
<emphasis bold="true" box="[1056,1064,1221,1235]" pageId="8" pageNumber="102">1</emphasis>
</td>
<td box="[1164,1331,1221,1247]" gridcol="3" gridrow="0" pageId="8" pageNumber="102">
<taxonomicName baseAuthorityName="Goto &amp; Hatai" baseAuthorityYear="1899" box="[1194,1293,1222,1246]" class="Clitellata" family="Megascolecidae" genus="Metaphire" higherTaxonomySource="GBIF" kingdom="Animalia" order="Haplotaxida" pageId="8" pageNumber="102" phylum="Annelida" rank="species" species="isselii">
<emphasis bold="true" box="[1194,1293,1222,1246]" italics="true" pageId="8" pageNumber="102">M. isselii</emphasis>
</taxonomicName>
<emphasis bold="true" box="[1293,1301,1221,1235]" pageId="8" pageNumber="102">2</emphasis>
</td>
</tr>
<tr box="[203,1331,1266,1290]" gridrow="1" pageId="8" pageNumber="102">
<td box="[203,462,1266,1290]" gridcol="0" gridrow="1" pageId="8" pageNumber="102">Length</td>
<td box="[526,771,1266,1290]" gridcol="1" gridrow="1" pageId="8" pageNumber="102">157–228</td>
<td box="[815,1081,1266,1290]" gridcol="2" gridrow="1" pageId="8" pageNumber="102">240</td>
<td box="[1164,1331,1266,1290]" gridcol="3" gridrow="1" pageId="8" pageNumber="102">155–180</td>
</tr>
<tr box="[203,1331,1304,1328]" gridrow="2" pageId="8" pageNumber="102">
<td box="[203,462,1304,1328]" gridcol="0" gridrow="2" pageId="8" pageNumber="102">Diameter</td>
<td box="[526,771,1304,1328]" gridcol="1" gridrow="2" pageId="8" pageNumber="102">6.5–8.0</td>
<td box="[815,1081,1304,1328]" gridcol="2" gridrow="2" pageId="8" pageNumber="102">15</td>
<td box="[1164,1331,1304,1328]" gridcol="3" gridrow="2" pageId="8" pageNumber="102">10</td>
</tr>
<tr box="[203,1331,1341,1366]" gridrow="3" pageId="8" pageNumber="102">
<td box="[203,462,1341,1366]" gridcol="0" gridrow="3" pageId="8" pageNumber="102">Segment</td>
<td box="[526,771,1341,1366]" gridcol="1" gridrow="3" pageId="8" pageNumber="102">85–145</td>
<td box="[815,1081,1341,1366]" gridcol="2" gridrow="3" pageId="8" pageNumber="102">118</td>
<td box="[1164,1331,1341,1366]" gridcol="3" gridrow="3" pageId="8" pageNumber="102">94–115</td>
</tr>
<tr box="[203,1331,1379,1403]" gridrow="4" pageId="8" pageNumber="102">
<td box="[203,462,1379,1403]" gridcol="0" gridrow="4" pageId="8" pageNumber="102">Spermathecal pore</td>
<td box="[526,771,1379,1403]" gridcol="1" gridrow="4" pageId="8" pageNumber="102">lateroventral, 5/6/7/8/9</td>
<td box="[815,1081,1379,1403]" gridcol="2" gridrow="4" pageId="8" pageNumber="102">lateroventral, 4/5/6/7/8/9</td>
<td box="[1164,1331,1379,1403]" gridcol="3" gridrow="4" pageId="8" pageNumber="102">ventral, 6/7/8/9</td>
</tr>
<tr box="[203,1331,1415,1466]" gridrow="5" pageId="8" pageNumber="102">
<td box="[203,462,1415,1466]" gridcol="0" gridrow="5" pageId="8" pageNumber="102">Setal number between two male pores</td>
<td box="[526,771,1415,1466]" gridcol="1" gridrow="5" pageId="8" pageNumber="102">10–16</td>
<td box="[815,1081,1415,1466]" gridcol="2" gridrow="5" pageId="8" pageNumber="102">9</td>
<td box="[1164,1331,1415,1466]" gridcol="3" gridrow="5" pageId="8" pageNumber="102">0</td>
</tr>
<tr box="[203,1331,1476,1526]" gridrow="6" pageId="8" pageNumber="102">
<td box="[203,462,1476,1526]" gridcol="0" gridrow="6" pageId="8" pageNumber="102">Ventral distance between two male pores</td>
<td box="[526,771,1476,1526]" gridcol="1" gridrow="6" pageId="8" pageNumber="102">0.2–0.3</td>
<td box="[815,1081,1476,1526]" gridcol="2" gridrow="6" pageId="8" pageNumber="102">?</td>
<td box="[1164,1331,1476,1526]" gridcol="3" gridrow="6" pageId="8" pageNumber="102">&lt;0.25</td>
</tr>
<tr box="[203,1331,1536,1587]" gridrow="7" pageId="8" pageNumber="102">
<td box="[203,462,1536,1587]" gridcol="0" gridrow="7" pageId="8" pageNumber="102">Genital markings in male region</td>
<td box="[526,771,1536,1587]" gridcol="1" gridrow="7" pageId="8" pageNumber="102">absent</td>
<td box="[815,1081,1536,1587]" gridcol="2" gridrow="7" pageId="8" pageNumber="102">3 pairs in xvii, xviii and xx</td>
<td box="[1164,1331,1536,1587]" gridcol="3" gridrow="7" pageId="8" pageNumber="102">2 pairs in 18/19 and 19/20</td>
</tr>
<tr box="[203,1331,1599,1623]" gridrow="8" pageId="8" pageNumber="102">
<td box="[203,462,1599,1623]" gridcol="0" gridrow="8" pageId="8" pageNumber="102">Septum 8/9</td>
<td box="[526,771,1599,1623]" gridcol="1" gridrow="8" pageId="8" pageNumber="102">absent</td>
<td box="[815,1081,1599,1623]" gridcol="2" gridrow="8" pageId="8" pageNumber="102">absent</td>
<td box="[1164,1331,1599,1623]" gridcol="3" gridrow="8" pageId="8" pageNumber="102">thin</td>
</tr>
<tr box="[203,1331,1636,1660]" gridrow="9" pageId="8" pageNumber="102">
<td box="[203,462,1636,1660]" gridcol="0" gridrow="9" pageId="8" pageNumber="102">Intestinal caeca</td>
<td box="[526,771,1636,1660]" gridcol="1" gridrow="9" pageId="8" pageNumber="102">simple</td>
<td box="[815,1081,1636,1660]" gridcol="2" gridrow="9" pageId="8" pageNumber="102">manicate</td>
<td box="[1164,1331,1636,1660]" gridcol="3" gridrow="9" pageId="8" pageNumber="102">simple</td>
</tr>
<tr box="[203,1331,1674,1698]" gridrow="10" pageId="8" pageNumber="102">
<td box="[203,462,1674,1698]" gridcol="0" gridrow="10" pageId="8" pageNumber="102">Intestinal origin</td>
<td box="[526,771,1674,1698]" gridcol="1" gridrow="10" pageId="8" pageNumber="102">xv</td>
<td box="[815,1081,1674,1698]" gridcol="2" gridrow="10" pageId="8" pageNumber="102">xv</td>
<td box="[1164,1331,1674,1698]" gridcol="3" gridrow="10" pageId="8" pageNumber="102">xvi</td>
</tr>
</table>
</paragraph>
<paragraph blockId="8.[189,885,1728,1753]" box="[189,885,1728,1753]" pageId="8" pageNumber="102">
<tableNote box="[189,885,1728,1753]" pageId="8" pageNumber="102" targetBox="[203,1331,1221,1698]" targetPageId="8">
<superScript attach="left" box="[189,197,1728,1742]" fontSize="6" pageId="8" pageNumber="102">1</superScript>
<bibRefCitation author="Goto S. &amp; Hatai S." box="[200,423,1729,1753]" pageId="8" pageNumber="102" pagination="13 - 24" refId="ref8370" refString="Goto S. &amp; Hatai S. 1899. New or imperfectly known species of earthworm. Annotationes Zoologicae Japonenses 3 (2): 13 - 24." type="journal article" year="1899">Goto &amp; Hatai (1899)</bibRefCitation>
and 
<bibRefCitation author="Blakemore R. J." box="[475,686,1729,1753]" pageId="8" pageNumber="102" pagination="1 - 16" refId="ref7948" refString="Blakemore R. J. 2016 b. Eco-taxonomic profile and mtDNA barcode of Metaphire megascolidioides (Goto &amp; Hatai, 1899) - a megadrile earthworm from Japan, plus miscellaneous taxonomic mending. VermEcology Occasional Papers 1: 1 - 16." type="journal article" year="2016">Blakemore (2016b)</bibRefCitation>
; 
<superScript attach="right" box="[697,705,1728,1742]" fontSize="6" pageId="8" pageNumber="102">2</superScript>
<bibRefCitation author="Cognetti M. L." box="[708,881,1729,1753]" pageId="8" pageNumber="102" pagination="1 - 4" refId="ref8092" refString="Cognetti M. L. 1908. Contributo alla conscenza della drilofauna papuasica. Bollettino dei musei di zoologia ed anatomia comparata della R. Universita di Torino 23 (584): 1 - 4." type="journal article" year="1908">Cognetti (1908)</bibRefCitation>
.
</tableNote>
</paragraph>
<paragraph blockId="8.[189,1399,1816,1878]" pageId="8" pageNumber="102">
There are not many differences between the 
<specimenCount box="[699,810,1816,1842]" pageId="8" pageNumber="102" type="generic" typeStatus="types">two types</specimenCount>
except the ventral distance between the male pores (0.2–0.22 vs 0.25–0.3). However, the COI genetic distance also distinguishes 
<specimenCount box="[1079,1190,1852,1878]" pageId="8" pageNumber="102" type="generic" typeStatus="types">two types</specimenCount>
(see below).
</paragraph>
</subSubSection>
<subSubSection lastPageId="9" lastPageNumber="103" pageId="8" pageNumber="102" type="discussion">
<paragraph blockId="8.[189,303,1917,1943]" box="[189,303,1917,1943]" pageId="8" pageNumber="102">
<heading bold="true" box="[189,303,1917,1943]" fontSize="11" level="3" pageId="8" pageNumber="102" reason="3">
<emphasis bold="true" box="[189,303,1917,1943]" pageId="8" pageNumber="102">Remarks</emphasis>
</heading>
</paragraph>
<paragraph blockId="8.[189,1399,1963,2025]" lastBlockId="9.[189,1399,265,401]" lastPageId="9" lastPageNumber="103" pageId="8" pageNumber="102">
The new species has been previously identified as 
<taxonomicName baseAuthorityName="Michaelsen" baseAuthorityYear="1907" box="[825,1062,1963,1989]" class="Clitellata" family="Megascolecidae" genus="Metaphire" higherTaxonomySource="GBIF" kingdom="Animalia" order="Haplotaxida" pageId="8" pageNumber="102" phylum="Annelida" rank="species" species="anomala">
<emphasis box="[825,1062,1963,1989]" italics="true" pageId="8" pageNumber="102">Metaphire anomala</emphasis>
</taxonomicName>
. It is widely distributed in Southern 
<collectingCountry box="[301,400,1998,2024]" name="Vietnam" pageId="8" pageNumber="102">Vietnam</collectingCountry>
(
<bibRefCitation author="Thai T. B. &amp; Huynh T. K. H. &amp; Nguyen D. A." box="[416,605,1998,2024]" pageId="8" pageNumber="102" pagination="757 - 760" refId="ref10052" refString="Thai T. B., Huynh T. K. H. &amp; Nguyen D. A. 2004. Remarks of earthworms on the islands in southern of Vietnam. Proceedings of the national Workshop on the basic Issues in Life Science. Hanoi Science and Technics Publishing House: 757 - 760." type="proceedings paper" year="2004">
Thai 
<emphasis box="[478,536,1998,2024]" italics="true" pageId="8" pageNumber="102">et al.</emphasis>
2004
</bibRefCitation>
; 
<bibRefCitation author="Nguyen T. T." box="[617,779,1998,2025]" pageId="8" pageNumber="102" pagination="106 - 119" refId="ref9088" refString="Nguyen T. T. 2014. Checklist and some remarks on faunistic characteristics of earthworms in the Mekong Delta, Vietnam. Journal of Science, Cantho University, Section A: Science, Technology and Environment 32: 106 - 119." type="journal article" year="2014">Nguyen 2014</bibRefCitation>
; 
<bibRefCitation author="Nguyen T. T. &amp; Trinh K. B. T. &amp; Nguyen H. L. T. &amp; Nguyen A. D." box="[791,1030,1998,2025]" pageId="8" pageNumber="102" pagination="883 - 915" refId="ref9262" refString="Nguyen T. T., Trinh K. B. T., Nguyen H. L. T. &amp; Nguyen A. D. 2017 a. Earthworms (Annelida: Oligochaeta) from islands of Kien Hai District, Kien Giang Province, Vietnam, with descriptions of two new species and one subspecies. Journal of Natural History 51 (15 - 16): 883 - 915. https: // doi. org / 10.1080 / 00222933.2017.1294213" type="journal article" year="2017">
Nguyen 
<emphasis box="[890,949,1998,2024]" italics="true" pageId="8" pageNumber="102">et al.</emphasis>
2017a
</bibRefCitation>
, 
<bibRefCitation author="Nguyen T. T. &amp; Nguyen P. H. &amp; Truong T. A. &amp; Nguyen Q. N." box="[1042,1118,1998,2024]" pageId="8" pageNumber="102" pagination="96 - 107" refId="ref9346" refString="Nguyen T. T., Nguyen P. H., Truong T. A. &amp; Nguyen Q. N. 2017 b. Diversity and distribution of earthworms in Ba Ria, Vung Tau Province. Journal of Science, Can Tho University 53 (A): 96 - 107." type="journal article" year="2017">2017b</bibRefCitation>
, 
<bibRefCitation author="Nguyen Q. N. &amp; Nguyen V. T. &amp; Duong C. T. &amp; Le V. N. &amp; Nguyen T. T." box="[1129,1191,1998,2024]" pageId="8" pageNumber="102" pagination="117 - 129" refId="ref9033" refString="Nguyen Q. N., Nguyen V. T., Duong C. T., Le V. N. &amp; Nguyen T. T. 2019. Species diversity of earthworms in Dong Nai Province, Vietnam. Tap Chi Sinh Hoc 41 (2): 117 - 129." type="journal article" year="2019">2019</bibRefCitation>
, 
<bibRefCitation author="Nguyen T. T. &amp; Lam D. H. &amp; Trinh B. T. K. &amp; Nguyen A. D." box="[1202,1266,1998,2024]" pageId="8" pageNumber="102" pagination="1 - 25" refId="ref9470" refString="Nguyen T. T., Lam D. H., Trinh B. T. K. &amp; Nguyen A. D. 2020. The megascolecid earthworms (Annelida, Oligochaeta, Megascolecidae) in the Phu Quoc island, Vietnam, with descriptions of three new species. ZooKeys 932: 1 - 25. https: // doi. org / 10.3897 / zookeys. 932.50314" type="journal article" year="2020">2020</bibRefCitation>
). However, this species is very different from both the original description (
<bibRefCitation author="Michaelsen W." box="[953,1161,265,291]" pageId="9" pageNumber="103" pagination="143 - 193" refId="ref8801" refString="Michaelsen W. 1907. Neue Oligochaten von Vorder-Indien, Ceylon, Burma und den Andaman-Inseln. Mitteilungen aus dem naturhistorischen Museum in Hamburg 24: 143 - 193." type="journal article" year="1907">Michaelsen 1907</bibRefCitation>
), and re-description of 
<taxonomicName baseAuthorityName="Michaelsen" baseAuthorityYear="1907" box="[222,365,301,327]" class="Clitellata" family="Megascolecidae" genus="Metaphire" higherTaxonomySource="GBIF" kingdom="Animalia" order="Haplotaxida" pageId="9" pageNumber="103" phylum="Annelida" rank="species" species="anomala">
<emphasis box="[222,365,301,327]" italics="true" pageId="9" pageNumber="103">M. anomala</emphasis>
</taxonomicName>
from 
<collectingCountry box="[439,553,302,328]" name="Myanmar" pageId="9" pageNumber="103">Myanmar</collectingCountry>
(
<bibRefCitation author="Gates G. E." box="[569,708,301,328]" pageId="9" pageNumber="103" pagination="538 - 550" refId="ref8271" refString="Gates G. E. 1925. Some notes on Pheretima anomola, Mich. and a related species new to India and Burma. Annals and Magazine of Natural History 15 (9): 538 - 550. https: // doi. org / 10.1080 / 00222932508633244" type="journal article" year="1925">Gates 1925</bibRefCitation>
, 
<bibRefCitation author="Gates G. E." box="[721,784,302,328]" pageId="9" pageNumber="103" pagination="1 - 326" refId="ref8321" refString="Gates G. E. 1972. Burmese earthworms: an introduction to the systematics and biology of Megadrile oligochaetes with special reference to Southeast Asia. Transactions of the American Philosophical Society 62: 1 - 326. https: // doi. org / 10.2307 / 1006214" type="journal article" year="1972">1972</bibRefCitation>
), 
<collectingCountry box="[805,909,301,327]" name="Thailand" pageId="9" pageNumber="103">Thailand</collectingCountry>
(
<bibRefCitation author="Bantaowong U. &amp; Chanabun R. &amp; Tongkerd P. &amp; Sutcharit C. &amp; James S. W. &amp; Panha S." box="[925,1211,301,328]" pageId="9" pageNumber="103" pagination="55 - 69" refId="ref7832" refString="Bantaowong U., Chanabun R., Tongkerd P., Sutcharit C., James S. W. &amp; Panha S. 2011. A new species of the terrestrial earthworm of the genus Metaphire Sims and Easton, 1972 from Thailand with redescription of some species. Tropical Natural History 11 (1): 55 - 69." type="journal article" year="2011">
Bantaowong 
<emphasis box="[1084,1144,301,327]" italics="true" pageId="9" pageNumber="103">et al.</emphasis>
2011
</bibRefCitation>
) in the position of male pores, number and position of spermathecal pores, genital markings in male and spermathecal regions and body size. These differences are summarised in 
<tableCitation box="[894,988,374,401]" captionStart="Table 2" captionStartId="8.[189,258,265,291]" captionTargetPageId="8" captionText="Table 2. Comparison between M. iranomala sp. nov. and M. anomala (Michaelsen, 1907) from Thailand, Myanmar and India (its original description)." pageId="9" pageNumber="103">Table 2.</tableCitation>
</paragraph>
<paragraph blockId="9.[189,1399,441,687]" pageId="9" pageNumber="103">
A few 
<taxonomicName box="[266,478,441,467]" class="Clitellata" family="Megascolecidae" genus="Metaphire" kingdom="Animalia" order="Haplotaxida" pageId="9" pageNumber="103" phylum="Annelida" rank="species" species="undetermined">
<emphasis box="[266,387,441,467]" italics="true" pageId="9" pageNumber="103">Metaphire</emphasis>
species
</taxonomicName>
have been known to exhibit male pores not in segment xviii. Only 
<taxonomicName baseAuthorityName="Michaelsen" baseAuthorityYear="1907" box="[1257,1399,441,467]" class="Clitellata" family="Megascolecidae" genus="Metaphire" higherTaxonomySource="GBIF" kingdom="Animalia" order="Haplotaxida" pageId="9" pageNumber="103" phylum="Annelida" rank="species" species="anomala">
<emphasis box="[1257,1399,441,467]" italics="true" pageId="9" pageNumber="103">M. anomala</emphasis>
</taxonomicName>
has male pores on xx, whereas two other species, 
<taxonomicName authority="Cognetti, 1908" authorityName="Cognetti" authorityYear="1908" box="[795,1092,478,504]" class="Clitellata" family="Megascolecidae" genus="Metaphire" higherTaxonomySource="GBIF" kingdom="Animalia" order="Haplotaxida" pageId="9" pageNumber="103" phylum="Annelida" rank="species" species="isselii">
<emphasis box="[795,904,478,504]" italics="true" pageId="9" pageNumber="103">M. isselii</emphasis>
<bibRefCitation author="Cognetti M. L." box="[915,1092,478,504]" pageId="9" pageNumber="103" pagination="1 - 4" refId="ref8092" refString="Cognetti M. L. 1908. Contributo alla conscenza della drilofauna papuasica. Bollettino dei musei di zoologia ed anatomia comparata della R. Universita di Torino 23 (584): 1 - 4." type="journal article" year="1908">Cognetti, 1908</bibRefCitation>
</taxonomicName>
and 
<taxonomicName authority="Goto &amp; Hatai, 1899" authorityName="Goto &amp; Hatai" authorityYear="1899" class="Clitellata" family="Megascolecidae" genus="Metaphire" higherTaxonomySource="GBIF" kingdom="Animalia" order="Haplotaxida" pageId="9" pageNumber="103" phylum="Annelida" rank="species" species="megascolidioides">
<emphasis box="[1153,1399,478,504]" italics="true" pageId="9" pageNumber="103">M. megascolidioides</emphasis>
<bibRefCitation author="Goto S. &amp; Hatai S." box="[189,424,514,540]" pageId="9" pageNumber="103" pagination="13 - 24" refId="ref8370" refString="Goto S. &amp; Hatai S. 1899. New or imperfectly known species of earthworm. Annotationes Zoologicae Japonenses 3 (2): 13 - 24." type="journal article" year="1899">Goto &amp; Hatai, 1899</bibRefCitation>
</taxonomicName>
, have male pores on xix. The new species is similar to these two species by having male pores on xix, a first dorsal pore in 12/13 and the absence of genital markings in the spermathecal region. However, the new earthworm species is clearly distinguished by body size, the number and position of spermathecal pores, the morphology of its male region, the status of septum 8/9, and they 
<typeStatus box="[189,240,661,687]" pageId="9" pageNumber="103">type</typeStatus>
of intestinal caeca. The differences are summarised in 
<tableCitation box="[885,974,660,686]" captionStart="Table 3" captionStartId="8.[189,258,1115,1141]" captionTargetPageId="8" captionText="Table 3. Comparison between M. iranomala sp. nov., M. megascolidioides (Cognetti, 1908) and M. isselii (Goto &amp; Hatai, 1899) sharing location of male pores not in segment xix." pageId="9" pageNumber="103">Table 3</tableCitation>
.
</paragraph>
</subSubSection>
</treatment>
</document>