<document ID-DOI="http://doi.org/10.5281/zenodo.4621213" ID-GBIF-Dataset="52d3f5ee-85fe-444f-810f-f769d599a63a" ID-ISSN="1175-5326" ID-Zenodo-Dep="4621213" ID-ZooBank="5C9328D2-D569-4A4E-AADC-919949EFECFC" LSID="urn:lsid:zoobank.org:act:AE630DB2-4A74-46A8-9AE7-94E16F360CD3" _generate="added" checkinTime="1616144574138" checkinUser="plazi" docAuthor="Deepak, V., Tillack, Frank, Kar, Niladri B., Sarkar, Vivek &amp; Mohapatra, Sh. P." docDate="2021" docId="9D767B515A0BFFC3C0F7919FF301FC8D" docLanguage="en" docName="zootaxa.4928.2.6.pdf" docOrigin="Zootaxa 4948 (2)" docStyle="DocumentStyle:647186512141C8FC8976D5BCC54AEB7D.6:Zootaxa.2013.journal_article" docStyleId="647186512141C8FC8976D5BCC54AEB7D" docStyleName="Zootaxa.2013.journal_article" docStyleVersion="6" docTitle="Sitana sushili Deepak &amp; Tillack &amp; Kar &amp; Sarkar &amp; Mohapatra 2021, sp. nov." docType="treatment" docUuid="AE630DB2-4A74-46A8-9AE7-94E16F360CD3" docUuidSource="ZooBank" docVersion="5" lastPageId="8" lastPageNumber="268" masterDocId="614F03295A09FFCBC0609214F156FFD3" masterDocTitle="A new species of Sitana (Squamata: Agamidae) from the Deccan Peninsula Biogeographic Zone of India" masterLastPageNumber="274" masterPageNumber="261" pageId="2" pageNumber="263" updateTime="1617213666577" updateUser="ExternalLinkService" zenodo-license-document="CLOSED">
<mods:mods xmlns:mods="http://www.loc.gov/mods/v3">
<mods:titleInfo>
<mods:title>A new species of Sitana (Squamata: Agamidae) from the Deccan Peninsula Biogeographic Zone of India</mods:title>
</mods:titleInfo>
<mods:name type="personal">
<mods:role>
<mods:roleTerm>Author</mods:roleTerm>
</mods:role>
<mods:namePart>Deepak, V.</mods:namePart>
<mods:affiliation>Department of Life Sciences, The Natural History Museum, London SW 7 5 BD, UK.</mods:affiliation>
</mods:name>
<mods:name type="personal">
<mods:role>
<mods:roleTerm>Author</mods:roleTerm>
</mods:role>
<mods:namePart>Tillack, Frank</mods:namePart>
<mods:affiliation>Museum für Naturkunde Berlin, Leibniz-Institut für Evolutions- und Biodiversitätsforschung, 10115 Berlin, Germany. Frank. Tillack @ mfn. berlin</mods:affiliation>
</mods:name>
<mods:name type="personal">
<mods:role>
<mods:roleTerm>Author</mods:roleTerm>
</mods:role>
<mods:namePart>Kar, Niladri B.</mods:namePart>
<mods:affiliation>Department of Zoology, Fakir Mohan University, Nuapadhi, Balasore, 756089, Odisha, India.</mods:affiliation>
</mods:name>
<mods:name type="personal">
<mods:role>
<mods:roleTerm>Author</mods:roleTerm>
</mods:role>
<mods:namePart>Sarkar, Vivek</mods:namePart>
<mods:affiliation>WII-C 2 C, Wildlife Institute of India, Chandrabani, Dehradun, 248001, Uttarakhand, India.</mods:affiliation>
</mods:name>
<mods:name type="personal">
<mods:role>
<mods:roleTerm>Author</mods:roleTerm>
</mods:role>
<mods:namePart>Mohapatra, Sh. P.</mods:namePart>
</mods:name>
<mods:typeOfResource>text</mods:typeOfResource>
<mods:relatedItem type="host">
<mods:titleInfo>
<mods:title>Zootaxa</mods:title>
</mods:titleInfo>
<mods:part>
<mods:date>2021</mods:date>
<mods:detail type="pubDate">
<mods:number>2021-03-19</mods:number>
</mods:detail>
<mods:detail type="volume">
<mods:number>4948</mods:number>
</mods:detail>
<mods:detail type="issue">
<mods:number>2</mods:number>
</mods:detail>
<mods:extent unit="page">
<mods:start>261</mods:start>
<mods:end>274</mods:end>
</mods:extent>
</mods:part>
</mods:relatedItem>
<mods:classification>journal article</mods:classification>
<mods:identifier type="DOI">https://doi.org/10.11646/zootaxa.4948.2.6</mods:identifier>
<mods:identifier type="GBIF-Dataset">52d3f5ee-85fe-444f-810f-f769d599a63a</mods:identifier>
<mods:identifier type="ISSN">1175-5326</mods:identifier>
<mods:identifier type="Zenodo-Dep">4620902</mods:identifier>
<mods:identifier type="ZooBank">5C9328D2-D569-4A4E-AADC-919949EFECFC</mods:identifier>
</mods:mods>
<treatment ID-DOI="http://doi.org/10.5281/zenodo.4621213" ID-Zenodo-Dep="4621213" LSID="urn:lsid:zoobank.org:act:AE630DB2-4A74-46A8-9AE7-94E16F360CD3" httpUri="http://treatment.plazi.org/id/9D767B515A0BFFC3C0F7919FF301FC8D" lastPageId="8" lastPageNumber="268" pageId="2" pageNumber="263">
<subSubSection box="[151,418,906,933]" pageId="2" pageNumber="263" type="nomenclature">
<paragraph blockId="2.[151,974,906,1005]" box="[151,418,906,933]" pageId="2" pageNumber="263">
<heading bold="true" box="[151,418,906,933]" fontSize="11" level="1" pageId="2" pageNumber="263" reason="1">
<emphasis bold="true" box="[151,418,906,933]" pageId="2" pageNumber="263">
<taxonomicName authority="Deepak &amp; Tillack &amp; Kar &amp; Sarkar &amp; Mohapatra, 2021" authorityName="Deepak &amp; Tillack &amp; Kar &amp; Sarkar &amp; Mohapatra" authorityYear="2021" box="[151,317,906,933]" class="Reptilia" family="Agamidae" genus="Sitana" kingdom="Animalia" order="Squamata" pageId="2" pageNumber="263" phylum="Chordata" rank="species" species="sushili" status="sp. nov.">
<emphasis bold="true" box="[151,317,906,933]" italics="true" pageId="2" pageNumber="263">Sitana sushili</emphasis>
</taxonomicName>
<taxonomicNameLabel box="[324,418,907,933]" pageId="2" pageNumber="263" rank="species">sp. nov.</taxonomicNameLabel>
</emphasis>
</heading>
</paragraph>
</subSubSection>
<subSubSection pageId="2" pageNumber="263" type="description">
<paragraph blockId="2.[151,974,906,1005]" box="[151,572,942,969]" pageId="2" pageNumber="263">
<figureCitation box="[151,255,942,969]" captionStart-0="FIGURE 1" captionStart-1="FIGURE 2" captionStart-2="FIGURE 3" captionStartId-0="3.[151,250,1080,1104]" captionStartId-1="5.[151,250,1804,1828]" captionStartId-2="6.[151,250,1979,2003]" captionTargetBox-0="[159,1428,189,1048]" captionTargetBox-1="[177,1411,424,1775]" captionTargetBox-2="[161,1427,581,1946]" captionTargetId-0="figure-17@3.[151,1436,181,1056]" captionTargetId-1="figure-134@5.[168,1419,417,1781]" captionTargetId-2="figure-188@6.[151,1436,568,1956]" captionTargetPageId-0="3" captionTargetPageId-1="5" captionTargetPageId-2="6" captionText-0="FIGURE 1. Holotype of Sitana sushili sp. nov. (BNHS 2511) from Sambalpur, Odisha. (A) full body dorsal; (B) full body ventral; (C) dorsal, (D) ventral, and (E) right lateral view of head. Scale bars= 10 mm." captionText-1="FIGURE 2. Live image of Sitana sushili sp. nov. (A) Male from near Hirakud dam, Sambalpur, Odisha (Photo: V. Deepak), (B) male in a defensive display from Debrigarh, Hirakud WLS, Sambalpur, Odisha (Photo: Vivek Sarkar). (C) habitat near Hirakud dam, Sambalpur, Odisha (Photo: V. Deepak)" captionText-2="FIGURE 3. Hemipenis of Sitana sushili sp. nov. (CES 13584): (A, C) sulcal view; (B, D) asulcal view. Scale bars= 10 mm. (drawings made by Mohammad Asif)." figureDoi-0="http://doi.org/10.5281/zenodo.4620904" figureDoi-1="http://doi.org/10.5281/zenodo.4620906" figureDoi-2="http://doi.org/10.5281/zenodo.4620908" httpUri-0="https://zenodo.org/record/4620904/files/figure.png" httpUri-1="https://zenodo.org/record/4620906/files/figure.png" httpUri-2="https://zenodo.org/record/4620908/files/figure.png" pageId="2" pageNumber="263">Figs. 1–3</figureCitation>
&amp; 
<figureCitation box="[280,294,942,969]" captionStart="FIGURE 5" captionStartId="11.[151,250,1176,1200]" captionTargetBox="[151,1437,525,1152]" captionTargetId="figure-205@11.[151,1437,525,1152]" captionTargetPageId="11" captionText="FIGURE 5. Two uncollected males of Sitana sushili sp. nov. in combat (note the prominent nuchal crest) photographed in Debrigarh Wildlife Sanctuary, Odisha. (Photo: Vivek Sarkar)" figureDoi="http://doi.org/10.5281/zenodo.4620912" httpUri="https://zenodo.org/record/4620912/files/figure.png" pageId="2" pageNumber="263">5</figureCitation>
; 
<tableCitation box="[305,430,943,969]" captionStart-0="TABLE 1" captionStart-1="TABLE 2" captionStartId-0="7.[151,241,402,428]" captionStartId-1="9.[151,244,649,676]" captionTargetPageId-0="7" captionTargetPageId-1="9" captionText-0="TABLE 1. Distribution details of Sitana sushili sp. nov. in Eastern and Central India. The localities where the species has been collected are marked with * the remaining are observation sites. National Park = NP; Wildlife Sanctuary = WLS." captionText-1="TABLE 2. Meristic and morphometric data of 18 individuals of Sitana sushili sp. nov. *Damaged tails were not measured; NA= character absent." pageId="2" pageNumber="263">Tables 1–2</tableCitation>
; Appendix 2
</paragraph>
<paragraph blockId="2.[151,974,906,1005]" box="[151,974,979,1005]" pageId="2" pageNumber="263">
<uri box="[151,974,979,1005]" pageId="2" pageNumber="263">
urn:lsid:zoobank.org:act: 
<uuid box="[426,974,979,1005]" pageId="2" pageNumber="263">AE630DB2-4A74-46A8-9AE7-94E16F360CD3</uuid>
</uri>
</paragraph>
</subSubSection>
<subSubSection pageId="2" pageNumber="263" type="reference_group">
<paragraph blockId="2.[151,1436,1047,1163]" pageId="2" pageNumber="263">
<treatmentCitationGroup pageId="2" pageNumber="263">
<taxonomicName authorityName="Cuvier" authorityYear="1829" box="[151,350,1047,1071]" class="Reptilia" family="Agamidae" genus="Sitana" kingdom="Animalia" order="Squamata" pageId="2" pageNumber="263" phylum="Chordata" rank="species" species="ponticeriana">
<emphasis box="[151,350,1047,1071]" italics="true" pageId="2" pageNumber="263">Sitana ponticeriana</emphasis>
</taxonomicName>
. 
<emphasis box="[357,380,1048,1071]" italics="true" pageId="2" pageNumber="263">—</emphasis>
<treatmentCitation author="Sanyal, D. P." box="[380,559,1047,1071]" page="57" pageId="2" pageNumber="263" year="1993">
<bibRefCitation author="Sanyal, D. P." box="[380,526,1047,1071]" pageId="2" pageNumber="263" pagination="51 - 74" refId="ref9002" refString="Sanyal, D. P. (1993) Reptilia. In: Director, Zoological Survey of India (Ed.), State fauna Series, I, Fauna of Odisha. Part 4. Zoological Survey of India, Kolkata, pp. 51 - 74." type="book chapter" year="1993">Sanyal (1993)</bibRefCitation>
: 57
</treatmentCitation>
[in part]; 
<treatmentCitation author="Chandra, K. &amp; Gajbe, U. P." box="[659,973,1047,1071]" page="1815" pageId="2" pageNumber="263" year="2005">
<bibRefCitation author="Chandra, K. &amp; Gajbe, U. P." box="[659,914,1047,1071]" pageId="2" pageNumber="263" pagination="1812 - 1819" refId="ref7935" refString="Chandra, K. &amp; Gajbe, U. P. (2005) An Inventory of the Herpetofauna of Madhya Pradesh and Chhattisgarh. Zoo's Print Journal, 20 (3), pp. 1812 - 1819. https: // doi. org / 10.11609 / JoTT. ZPJ. 1087.1812 - 9" type="journal article" year="2005">Chandra &amp; Gajbe (2005)</bibRefCitation>
: 1815
</treatmentCitation>
[in part]; 
<treatmentCitation author="Chakraborty, R. &amp; Gayen, N. C. &amp; Kar, S." box="[1073,1380,1047,1071]" page="192" pageId="2" pageNumber="263" year="2008">
<bibRefCitation author="Chakraborty, R. &amp; Gayen, N. C. &amp; Kar, S." box="[1073,1332,1047,1071]" pageId="2" pageNumber="263" pagination="181 - 208" refId="ref7833" refString="Chakraborty, R., Gayen, N. C. &amp; Kar, S. (2008) Reptilia. In: Director, Zoological Survey of India (Ed.), Vertebrate Fauna of Kangerghati, Guru Ghasidas and Sanjay National Parks. Zoological Survey of India, Kolkata, Conservation Area Series 36, pp. 181 - 208." type="book chapter" year="2008">
Chakraborty 
<emphasis box="[1205,1249,1047,1071]" italics="true" pageId="2" pageNumber="263">et al</emphasis>
. (2008)
</bibRefCitation>
: 192
</treatmentCitation>
–193; 
<treatmentCitation author="Dutta, S. K. &amp; Nair, M. V. &amp; Mohapatra, P. P. &amp; Mahapatra, A. K." box="[199,428,1078,1102]" page="68" pageId="2" pageNumber="263" year="2009">
<bibRefCitation author="Dutta, S. K. &amp; Nair, M. V. &amp; Mohapatra, P. P. &amp; Mahapatra, A. K." box="[199,390,1078,1102]" pageId="2" pageNumber="263" refId="ref8412" refString="Dutta, S. K., Nair, M. V., Mohapatra, P. P. &amp; Mahapatra, A. K. (2009) Amphibians and reptiles of Similipal biosphere reserve. Bhubaneswar (Govt. of Odisha) Regional Plant Resource Centre publication. Govt. of Odisha, Bhubaneswar, 174 pp." type="book" year="2009">
Dutta 
<emphasis box="[262,313,1078,1102]" italics="true" pageId="2" pageNumber="263">et al.</emphasis>
(2009)
</bibRefCitation>
: 68
</treatmentCitation>
; 
<treatmentCitation author="Murthy, B. H. C. K. &amp; Deuti, K. &amp; Raha, A. &amp; Chandra, K." box="[439,701,1078,1102]" page="501" pageId="2" pageNumber="263" year="2018">
<bibRefCitation author="Murthy, B. H. C. K. &amp; Deuti, K. &amp; Raha, A. &amp; Chandra, K." box="[439,651,1078,1102]" pageId="2" pageNumber="263" pagination="492 - 521" refId="ref8797" refString="Murthy, B. H. C. K., Deuti, K., Raha, A. &amp; Chandra, K. (2018) Vertebrata: Reptilia. In: Chandra, K. &amp; Boaz, A. A. (Eds.), F aunal diversity of Bastar district. State forest research &amp; training Institute, forest Department, Chhattisgarh &amp; Zoological Survey of India, Kolkata, pp. 492 - 521." type="book chapter" year="2018">
Murthy 
<emphasis box="[522,566,1078,1102]" italics="true" pageId="2" pageNumber="263">et al</emphasis>
. (2018)
</bibRefCitation>
: 501
</treatmentCitation>
; 
<treatmentCitation author="Chandra, K. &amp; Murthy, B. H. C. K. &amp; Deuti, K. &amp; Raha, A." box="[712,992,1078,1102]" page="309" pageId="2" pageNumber="263" year="2018">
<bibRefCitation author="Chandra, K. &amp; Murthy, B. H. C. K. &amp; Deuti, K. &amp; Raha, A." box="[712,943,1078,1102]" pageId="2" pageNumber="263" pagination="304 - 323" refId="ref7991" refString="Chandra, K., Murthy, B. H. C. K., Deuti, K. &amp; Raha, A. (2018 a) Reptilia. In: Chandra, K. &amp; Boaz, A. A. (Eds.), Faunal diversity of Surguja district, Chhattisgarh. ZSI &amp; SFRI, Forest Department, Chhattisgarh, pp. 304 - 323." type="book chapter" year="2018">
Chandra 
<emphasis box="[804,849,1078,1102]" italics="true" pageId="2" pageNumber="263">et al</emphasis>
. (2018a)
</bibRefCitation>
: 309
</treatmentCitation>
–310; 
<treatmentCitation author="Chandra, K. &amp; Murthy, B. H. C. K. &amp; Deuti, K. &amp; Raha, A." box="[1056,1340,1078,1102]" page="361" pageId="2" pageNumber="263" year="2018">
<bibRefCitation author="Chandra, K. &amp; Murthy, B. H. C. K. &amp; Deuti, K. &amp; Raha, A." box="[1056,1289,1078,1102]" pageId="2" pageNumber="263" pagination="352 - 375" refId="ref8063" refString="Chandra, K., Murthy, B. H. C. K., Deuti, K. &amp; Raha, A. (2018 b) Reptilia. In: Chandra, K. &amp; Boaz, A. A. (Eds.), Faunal diversity of Bilaspur district, Chhattisgarh. ZSI &amp; SFRI, Forest Department, Chhattisgarh, pp. 352 - 375." type="book chapter" year="2018">
Chandra 
<emphasis box="[1148,1193,1078,1102]" italics="true" pageId="2" pageNumber="263">et al</emphasis>
. (2018b)
</bibRefCitation>
: 361
</treatmentCitation>
; 
<treatmentCitation author="Chandra, K. &amp; Murthy, B. H. C. K. &amp; Deuti, K. &amp; Raha, A." page="368" pageId="2" pageNumber="263" year="2018">
<bibRefCitation author="Chandra, K. &amp; Murthy, B. H. C. K. &amp; Deuti, K. &amp; Raha, A." pageId="2" pageNumber="263" pagination="362 - 391" refId="ref8135" refString="Chandra, K., Murthy, B. H. C. K., Deuti, K. &amp; Raha, A. (2018 c) Reptilia. In: Chandra, K. &amp; Boaz, A. A. (Eds.), Fauna of Guru Ghasidas National Park, Chhattisgarh. ZSI &amp; SFRI, Forest Department, Chhattisgarh, pp. 362 - 391." type="book chapter" year="2018">
Chandra 
<emphasis box="[199,244,1108,1132]" italics="true" pageId="2" pageNumber="263">et al</emphasis>
. (2018c)
</bibRefCitation>
: 368
</treatmentCitation>
–369; 
<treatmentCitation author="Chandra, K. &amp; Murthy, B. H. C. K. &amp; Raha, A." box="[450,734,1108,1133]" page="242" pageId="2" pageNumber="263" year="2018">
<bibRefCitation author="Chandra, K. &amp; Murthy, B. H. C. K. &amp; Raha, A." box="[450,683,1108,1132]" pageId="2" pageNumber="263" pagination="236 - 257" refId="ref8208" refString="Chandra, K., Murthy, B. H. C. K. &amp; Raha, A. (2018 d) Reptilia. In: Chandra, K. &amp; Boaz, A. A. (Eds.), Faunal diversity of Korba district, Chhattisgarh. ZSI &amp; SFRI, Forest Department, Chhattisgarh, pp. 236 - 257." type="book chapter" year="2018">
Chandra 
<emphasis box="[543,587,1108,1132]" italics="true" pageId="2" pageNumber="263">et al</emphasis>
. (2018d)
</bibRefCitation>
: 242
</treatmentCitation>
; 
<treatmentCitation author="Chandra, K. &amp; Murthy, B. H. C. K. &amp; Deuti, K. &amp; Raha, A." box="[744,1027,1108,1133]" page="245" pageId="2" pageNumber="263" year="2018">
<bibRefCitation author="Chandra, K. &amp; Murthy, B. H. C. K. &amp; Deuti, K. &amp; Raha, A." box="[744,976,1108,1133]" pageId="2" pageNumber="263" pagination="238 - 263" refId="ref8275" refString="Chandra, K., Murthy, B. H. C. K., Deuti, K. &amp; Raha, A. (2018 e) Reptilia. In: Chandra, K. &amp; Boaz, A. A. (Eds.), Fauna of Udanti Sitanadi Tiger Reserve, Chhattisgar. ZSI &amp; SFRI, Forest Department, Chhattisgarh, pp. 238 - 263." type="book chapter" year="2018">
Chandra 
<emphasis box="[837,881,1108,1132]" italics="true" pageId="2" pageNumber="263">et al</emphasis>
. (2018e)
</bibRefCitation>
: 245
</treatmentCitation>
.
</treatmentCitationGroup>
</paragraph>
<paragraph blockId="2.[151,1436,1047,1163]" box="[151,906,1139,1163]" pageId="2" pageNumber="263">
<treatmentCitationGroup box="[151,906,1139,1163]" pageId="2" pageNumber="263">
<taxonomicName authorityName="Cuvier" authorityYear="1829" box="[151,384,1139,1163]" class="Reptilia" family="Agamidae" genus="Sitana" kingdom="Animalia" order="Squamata" pageId="2" pageNumber="263" phylum="Chordata" rank="species" species="ponticeriana">
<emphasis box="[151,216,1139,1162]" italics="true" pageId="2" pageNumber="263">Sitana</emphasis>
cf. 
<emphasis box="[255,384,1140,1163]" italics="true" pageId="2" pageNumber="263">ponticeriana</emphasis>
</taxonomicName>
<emphasis box="[383,413,1140,1163]" italics="true" pageId="2" pageNumber="263">.—</emphasis>
<treatmentCitation author="Manthey U." box="[413,628,1139,1163]" page="153" pageId="2" pageNumber="263" year="2010">
<bibRefCitation author="Manthey U." box="[413,580,1139,1163]" pageId="2" pageNumber="263" refId="ref8769" refString="Manthey U. (2010) TERRALOG: Agamid Lizards of Southern Asia - Draconinae 2, Leiolepidinae. Chimaira, Frankfurt am Main, 168 pp." type="book" year="2010">Manthey (2010)</bibRefCitation>
: 153
</treatmentCitation>
[in part] plate RA04163-4.
</treatmentCitationGroup>
</paragraph>
</subSubSection>
<subSubSection pageId="2" pageNumber="263" type="materials_examined">
<paragraph blockId="2.[151,1437,1209,1992]" pageId="2" pageNumber="263">
<materialsCitation collectingDate="2014-06-14" collectionCode="V" collectorName="Deepak, S. K &amp; N. B. Kar." country="India" elevation="174" latitude="21.3501" location="Chiplima" longLatPrecision="7" longitude="83.9137" municipality="Sambalpur district" pageId="2" pageNumber="263" specimenCode="BNHS 2511" specimenCount="1" stateProvince="Odisha" typeStatus="holotype">
<emphasis bold="true" box="[151,267,1209,1235]" pageId="2" pageNumber="263">
<typeStatus box="[151,262,1209,1235]" pageId="2" pageNumber="263">Holotype</typeStatus>
.
</emphasis>
<specimenCode box="[273,408,1209,1236]" collectionCode="BNHS" country="India" httpUri="http://grbio.org/cool/8g20-8f2r" name="Bombay Natural History Society" pageId="2" pageNumber="263">BNHS 2511</specimenCode>
an adult male (
<figureCitation box="[575,639,1209,1235]" captionStart="FIGURE 1" captionStartId="3.[151,250,1080,1104]" captionTargetBox="[159,1428,189,1048]" captionTargetId="figure-17@3.[151,1436,181,1056]" captionTargetPageId="3" captionText="FIGURE 1. Holotype of Sitana sushili sp. nov. (BNHS 2511) from Sambalpur, Odisha. (A) full body dorsal; (B) full body ventral; (C) dorsal, (D) ventral, and (E) right lateral view of head. Scale bars= 10 mm." figureDoi="http://doi.org/10.5281/zenodo.4620904" httpUri="https://zenodo.org/record/4620904/files/figure.png" pageId="2" pageNumber="263">Fig. 1</figureCitation>
), 
<location LSID="urn:lsid:plazi:treatment:9D767B515A0BFFC3C0F7919FF301FC8D:10009C9C5A0BFFC9C2F696ADF257FB00" box="[662,769,1209,1235]" country="India" latitude="21.3501" longLatPrecision="7" longitude="83.9137" municipality="Sambalpur district" name="Chiplima" pageId="2" pageNumber="263" stateProvince="Odisha">Chiplima</location>
, 
<collectingMunicipality box="[779,986,1209,1235]" pageId="2" pageNumber="263">Sambalpur district</collectingMunicipality>
, 
<collectingRegion box="[996,1078,1209,1235]" country="India" name="Odisha" pageId="2" pageNumber="263">Odisha</collectingRegion>
, 
<collectingCountry box="[1088,1146,1209,1235]" name="India" pageId="2" pageNumber="263">India</collectingCountry>
(
<geoCoordinate box="[1159,1285,1209,1236]" degrees="21.3501" direction="north" orientation="latitude" pageId="2" pageNumber="263" precision="5" value="21.3501">21.3501°N</geoCoordinate>
, 
<geoCoordinate box="[1295,1423,1209,1235]" degrees="83. 9137" direction="east" orientation="longitude" pageId="2" pageNumber="263" precision="5" value="83.9137">83. 9137°E</geoCoordinate>
), 
<quantity box="[151,222,1245,1272]" metricMagnitude="2" metricUnit="m" metricValue="1.7399999999999998" pageId="2" pageNumber="263" unit="m" value="174.0">
<elevation box="[151,222,1245,1272]" metricMagnitude="2" metricUnit="m" metricValue="1.7399999999999998" pageId="2" pageNumber="263" unit="m" value="174.0">174 m</elevation>
</quantity>
elevation, collected on 
<date box="[489,638,1245,1272]" pageId="2" pageNumber="263" value="2014-06-14">
<collectingDate box="[489,638,1245,1272]" pageId="2" pageNumber="263" value="2014-06-14">14 June 2014</collectingDate>
</date>
by 
<collectionCode box="[679,699,1246,1272]" country="Canada" lsid="urn:lsid:biocol.org:col:13946" name="Royal British Columbia Museum - Herbarium" pageId="2" pageNumber="263" type="Museum">V</collectionCode>
. 
<collectorName box="[710,855,1245,1271]" pageId="2" pageNumber="263">Deepak, S.K</collectorName>
. Behera &amp; 
<collectorName box="[981,1096,1246,1272]" pageId="2" pageNumber="263">N. B. Kar.</collectorName>
</materialsCitation>
</paragraph>
<paragraph blockId="2.[151,1437,1209,1992]" pageId="2" pageNumber="263">
<materialsCitation box="[199,1436,1281,1308]" collectingDate="2015-04-15" collectionCode="ZSI-CZRC" collectorName="V. Deepak &amp; S. K. Behera &amp; N. B. Kar" elevation="183" latitude="83.766" location="Brooks hill, Sambalpur" pageId="2" pageNumber="263" specimenCode="ZSI-CZRC V-7176" specimenCount="2" specimenCount-adult="1" specimenCount-female="1" specimenCount-male="1" typeStatus="paratype">
<emphasis bold="true" box="[199,400,1281,1307]" pageId="2" pageNumber="263">
<typeStatus box="[199,319,1281,1307]" pageId="2" pageNumber="263">Paratypes</typeStatus>
(n=2).
</emphasis>
<specimenCode box="[411,627,1281,1307]" pageId="2" pageNumber="263">ZSI-CZRC V-7176</specimenCode>
an 
<specimenCount box="[675,731,1281,1307]" pageId="2" pageNumber="263" type="adult">adult</specimenCount>
<specimenCount box="[741,817,1281,1307]" pageId="2" pageNumber="263" type="female">female</specimenCount>
collected by 
<collectorName box="[976,1098,1281,1308]" pageId="2" pageNumber="263">V. Deepak</collectorName>
, 
<collectorName box="[1113,1252,1281,1307]" pageId="2" pageNumber="263">S.K. Behera</collectorName>
and 
<collectorName box="[1313,1431,1282,1308]" pageId="2" pageNumber="263">N. B. Kar</collectorName>
;
</materialsCitation>
<materialsCitation collectingDate="2015-04-15" collectionCode="ZSI-CZRC" collectorName="P. Mohapatra" elevation="183" latitude="83.766" location="Brooks hill, Sambalpur" pageId="2" pageNumber="263" specimenCode="ZSI-CZRC V-7177" specimenCount="2" specimenCount-adult="1" specimenCount-male="1" typeStatus="paratype">
<specimenCode box="[151,371,1317,1343]" pageId="2" pageNumber="263">ZSI-CZRC V-7177</specimenCode>
, an 
<specimenCount box="[421,477,1317,1343]" pageId="2" pageNumber="263" type="adult">adult</specimenCount>
<specimenCount box="[486,540,1317,1343]" pageId="2" pageNumber="263" type="male">male</specimenCount>
collected by 
<collectorName box="[699,849,1317,1344]" pageId="2" pageNumber="263">P. Mohapatra</collectorName>
on 
<date box="[896,1057,1317,1344]" pageId="2" pageNumber="263" value="2015-04-15">
<collectingDate box="[896,1057,1317,1344]" pageId="2" pageNumber="263" value="2015-04-15">15 April 2015</collectingDate>
</date>
both collected from 
<location LSID="urn:lsid:plazi:treatment:9D767B515A0BFFC3C0F7919FF301FC8D:10009C9C5A0BFFC9C5759731F046FAB0" latitude="83.766" name="Brooks hill, Sambalpur" pageId="2" pageNumber="263">Brooks hill, Sambalpur</location>
(
<geoCoordinate box="[287,400,1353,1379]" degrees="21.483" direction="north" orientation="latitude" pageId="2" pageNumber="263" precision="55" value="21.483">21.483°N</geoCoordinate>
, 
<geoCoordinate box="[411,523,1353,1380]" degrees="83.766" direction="north" orientation="latitude" pageId="2" pageNumber="263" precision="55" value="83.766">83.766°N</geoCoordinate>
), 
<quantity box="[543,614,1353,1380]" metricMagnitude="2" metricUnit="m" metricValue="1.83" pageId="2" pageNumber="263" unit="m" value="183.0">
<elevation box="[543,614,1353,1380]" metricMagnitude="2" metricUnit="m" metricValue="1.83" pageId="2" pageNumber="263" unit="m" value="183.0">183 m</elevation>
</quantity>
elevation (Appendix 2)
</materialsCitation>
.
</paragraph>
<paragraph blockId="2.[151,1437,1209,1992]" pageId="2" pageNumber="263">
<emphasis bold="true" box="[199,527,1389,1415]" pageId="2" pageNumber="263">Referred specimens (n=36).</emphasis>
Males: 
<accessionNumber box="[619,749,1389,1415]" httpUri="http://www.ncbi.nlm.nih.gov/protein/CES14698" pageId="2" pageNumber="263">
<collectionCode box="[619,670,1389,1415]" pageId="2" pageNumber="263">CES</collectionCode>
14698
</accessionNumber>
–14699, 
<collectionCode box="[846,897,1389,1415]" pageId="2" pageNumber="263">CES</collectionCode>
141156–141159, 
<accessionNumber box="[1100,1231,1389,1416]" httpUri="http://www.ncbi.nlm.nih.gov/protein/CES13584" pageId="2" pageNumber="263">
<collectionCode box="[1100,1151,1389,1415]" pageId="2" pageNumber="263">CES</collectionCode>
13584
</accessionNumber>
, 
<accessionNumber box="[1243,1375,1389,1416]" httpUri="http://www.ncbi.nlm.nih.gov/protein/CES13579" pageId="2" pageNumber="263">
<collectionCode box="[1243,1294,1389,1415]" pageId="2" pageNumber="263">CES</collectionCode>
13579
</accessionNumber>
, IAG 103, IAG 106, IAG 126, ZSI-CZRC 
<collectionCode box="[570,599,1425,1452]" pageId="2" pageNumber="263">V-</collectionCode>
6715, 6735a &amp; b, 6744a, 6917, 6978, 7159a, 7186; Females: 
<accessionNumber box="[1293,1421,1425,1452]" httpUri="http://www.ncbi.nlm.nih.gov/protein/CES14695" pageId="2" pageNumber="263">
<collectionCode box="[1293,1344,1425,1451]" pageId="2" pageNumber="263">CES</collectionCode>
14695
</accessionNumber>
–14696, 
<accessionNumber box="[236,367,1461,1488]" httpUri="http://www.ncbi.nlm.nih.gov/protein/CES13580" pageId="2" pageNumber="263">
<collectionCode box="[236,287,1461,1487]" pageId="2" pageNumber="263">CES</collectionCode>
13580
</accessionNumber>
–13583, 
<accessionNumber box="[465,598,1461,1488]" httpUri="http://www.ncbi.nlm.nih.gov/protein/CES13585" pageId="2" pageNumber="263">
<collectionCode box="[465,516,1461,1487]" pageId="2" pageNumber="263">CES</collectionCode>
13585
</accessionNumber>
, 14699, ZSI-CZRC 
<collectionCode box="[827,856,1461,1487]" pageId="2" pageNumber="263">V-</collectionCode>
6788, 6979b, 7152, 7159b; unsexed juveniles: 
<collectionCode pageId="2" pageNumber="263">ZSI-CZRC</collectionCode>
6744b-e, 
<collectionCode box="[337,365,1497,1523]" pageId="2" pageNumber="263">V-</collectionCode>
6977 (see 
<tableCitation box="[478,561,1497,1523]" captionStart="TABLE 1" captionStartId="7.[151,241,402,428]" captionTargetPageId="7" captionText="TABLE 1. Distribution details of Sitana sushili sp. nov. in Eastern and Central India. The localities where the species has been collected are marked with * the remaining are observation sites. National Park = NP; Wildlife Sanctuary = WLS." pageId="2" pageNumber="263">Table 1</tableCitation>
&amp; Appendix 2 for locality information).
</paragraph>
</subSubSection>
<subSubSection pageId="2" pageNumber="263" type="diagnosis">
<paragraph blockId="2.[151,1437,1209,1992]" pageId="2" pageNumber="263">
<emphasis bold="true" box="[199,322,1533,1559]" pageId="2" pageNumber="263">Diagnosis.</emphasis>
A small sized 
<taxonomicName authorityName="Cuvier" authorityYear="1829" box="[482,554,1534,1560]" class="Reptilia" family="Agamidae" genus="Sitana" kingdom="Animalia" order="Squamata" pageId="2" pageNumber="263" phylum="Chordata" rank="genus">
<emphasis box="[482,554,1534,1560]" italics="true" pageId="2" pageNumber="263">Sitana</emphasis>
</taxonomicName>
(maximum SVL 
<quantity box="[745,821,1533,1559]" metricMagnitude="-2" metricUnit="m" metricValue="4.8" pageId="2" pageNumber="263" unit="mm" value="48.0">48mm</quantity>
), having 42–48 vertebral scales (
<quantity box="[1183,1282,1533,1559]" metricMagnitude="0" metricUnit="m" metricValue="1.143" metricValueMax="1.2192" metricValueMin="1.0668" pageId="2" pageNumber="263" unit="in" value="45.0" valueMax="48.0" valueMin="42.0">42–48 in</quantity>
males, 
<quantity metricMagnitude="0" metricUnit="m" metricValue="1.1557" metricValueMax="1.1938" metricValueMin="1.1176" pageId="2" pageNumber="263" unit="in" value="45.5" valueMax="47.0" valueMin="44.0">44–47 in</quantity>
females), 61–94 ventrals (
<quantity box="[468,568,1569,1595]" metricMagnitude="0" metricUnit="m" metricValue="2.2352" metricValueMax="2.3876" metricValueMin="2.0827999999999998" pageId="2" pageNumber="263" unit="in" value="88.0" valueMax="94.0" valueMin="82.0">82–94 in</quantity>
males, 
<quantity box="[653,751,1569,1595]" metricMagnitude="0" metricUnit="m" metricValue="1.6637" metricValueMax="1.778" metricValueMin="1.5493999999999999" pageId="2" pageNumber="263" unit="in" value="65.5" valueMax="70.0" valueMin="61.0">61–70 in</quantity>
females), 49–57 mid body scale rows; in adult males, dewlap with single dark blue line and dewlap scales mottled with brown, 0.10–0.23 % dewlap in trunk; brown dorsum with five black rhomboidal markings and venter off white with brown speckles.
</paragraph>
<paragraph blockId="2.[151,1437,1209,1992]" pageId="2" pageNumber="263">
The new species differs from its congeners by the following combination of characters: 1) dewlap feebly serrated without bright orange patches in breeding males (vs. well serrated in breeding males of 
<taxonomicName authorityName="Cuvier" authorityYear="1829" box="[1226,1399,1714,1740]" class="Reptilia" family="Agamidae" genus="Sitana" kingdom="Animalia" order="Squamata" pageId="2" pageNumber="263" phylum="Chordata" rank="species" species="ponticeriana">
<emphasis box="[1226,1399,1714,1740]" italics="true" pageId="2" pageNumber="263">S. ponticeriana</emphasis>
</taxonomicName>
, 
<taxonomicName authorityName="Deepak" authorityYear="2016" class="Reptilia" family="Agamidae" genus="Sitana" kingdom="Animalia" order="Squamata" pageId="2" pageNumber="263" phylum="Chordata" rank="species" species="visiri">
<emphasis italics="true" pageId="2" pageNumber="263">S. visiri</emphasis>
</taxonomicName>
, 
<taxonomicName authorityName="Deepak, Khandekar, Varma &amp; Chaitanya" authorityYear="2016" box="[223,461,1749,1776]" class="Reptilia" family="Agamidae" genus="Sitana" kingdom="Animalia" order="Squamata" pageId="2" pageNumber="263" phylum="Chordata" rank="species" species="marudhamneydhal">
<emphasis box="[223,461,1749,1776]" italics="true" pageId="2" pageNumber="263">S. marudhamneydhal</emphasis>
</taxonomicName>
and 
<taxonomicName authorityName="Amarasinghe, Ineich &amp; Karunarathna" authorityYear="2015" box="[515,630,1749,1776]" class="Reptilia" family="Agamidae" genus="Sitana" kingdom="Animalia" order="Squamata" pageId="2" pageNumber="263" phylum="Chordata" rank="species" species="devakai">
<emphasis box="[515,630,1749,1776]" italics="true" pageId="2" pageNumber="263">S. devakai</emphasis>
</taxonomicName>
), 2) dewlap extending beyond forearm insertion (vs. not extending in 
<emphasis italics="true" pageId="2" pageNumber="263">
<taxonomicName authorityName="Anders &amp; Kastle" authorityYear="2002" class="Reptilia" family="Agamidae" genus="Sitana" kingdom="Animalia" order="Squamata" pageId="2" pageNumber="263" phylum="Chordata" rank="species" species="schleichi">S. schleichi</taxonomicName>
, 
<taxonomicName authorityName="Schleich, Kastle &amp; Shah" authorityYear="1998" box="[266,404,1785,1812]" class="Reptilia" family="Agamidae" genus="Sitana" kingdom="Animalia" order="Squamata" pageId="2" pageNumber="263" phylum="Chordata" rank="species" species="sivalensis">S. sivalensis</taxonomicName>
</emphasis>
and 
<taxonomicName authorityName="Schleich &amp; Kastle" authorityYear="1998" box="[461,549,1785,1812]" class="Reptilia" family="Agamidae" genus="Sitana" kingdom="Animalia" order="Squamata" pageId="2" pageNumber="263" phylum="Chordata" rank="species" species="fusca">
<emphasis box="[461,549,1785,1812]" italics="true" pageId="2" pageNumber="263">S. fusca</emphasis>
</taxonomicName>
), 3) four less prominent enlarged non spine like scales bordering the occipital region (vs. enlarged spine like scales in 
<taxonomicName authorityName="Deepak, Vyas &amp; Giri" authorityYear="2016" box="[597,798,1821,1848]" class="Reptilia" family="Agamidae" genus="Sitana" kingdom="Animalia" order="Squamata" pageId="2" pageNumber="263" phylum="Chordata" rank="species" species="spinaecephalus">
<emphasis box="[597,798,1821,1848]" italics="true" pageId="2" pageNumber="263">S. spinaecephalus</emphasis>
</taxonomicName>
), 4) dewlap medium sized extending up to 23 % of trunk (vs. dewlap extending up to 29%, 45% and 46.5 % of trunk in 
<taxonomicName authorityName="Deepak &amp; Giri" authorityYear="2016" box="[866,982,1857,1884]" class="Reptilia" family="Agamidae" genus="Sitana" kingdom="Animalia" order="Squamata" pageId="2" pageNumber="263" phylum="Chordata" rank="species" species="laticeps">
<emphasis box="[866,982,1857,1884]" italics="true" pageId="2" pageNumber="263">S. laticeps</emphasis>
</taxonomicName>
, 
<taxonomicName authorityName="Ambekar, Murthy &amp; Mirza" authorityYear="2020" box="[997,1177,1857,1884]" class="Reptilia" family="Agamidae" genus="Sitana" kingdom="Animalia" order="Squamata" pageId="2" pageNumber="263" phylum="Chordata" rank="species" species="dharwarensis">
<emphasis box="[997,1177,1857,1884]" italics="true" pageId="2" pageNumber="263">S. dharwarensis</emphasis>
</taxonomicName>
and 
<taxonomicName authorityName="Deepak, Vyas &amp; Giri" authorityYear="2016" box="[1234,1437,1857,1884]" class="Reptilia" family="Agamidae" genus="Sitana" kingdom="Animalia" order="Squamata" pageId="2" pageNumber="263" phylum="Chordata" rank="species" species="spinaecephalus">
<emphasis box="[1234,1437,1857,1884]" italics="true" pageId="2" pageNumber="263">S. spinaecephalus</emphasis>
</taxonomicName>
respectively and up to 42% of trunk in 
<taxonomicName authorityName="Cuvier" authorityYear="1829" box="[601,673,1894,1920]" class="Reptilia" family="Agamidae" genus="Sitana" kingdom="Animalia" order="Squamata" pageId="2" pageNumber="263" phylum="Chordata" rank="genus">
<emphasis box="[601,673,1894,1920]" italics="true" pageId="2" pageNumber="263">Sitana</emphasis>
</taxonomicName>
sp1 (in 
<bibRefCitation author="Deepak, V. &amp; Karanth, K. P." box="[768,1058,1893,1919]" pageId="2" pageNumber="263" pagination="53 - 62" refId="ref8633" refString="Deepak, V. &amp; Karanth, K. P. (2018) Aridification driven diversification of fan-throated lizards from the Indian subcontinent. Molecular phylogenetics and evolution, 120, 53 - 62. https: // doi. org / 10.1016 / j. ympev. 2017.11.016" type="journal article" year="2018">Deepak &amp; Karanth, 2018</bibRefCitation>
), 5) body size small SVL(mm) = mean 43.7 +/- 0.59 SE, range 40–48.3 (n=18) (vs. large in 
<taxonomicName authorityName="Deepak, Khandekar, Chaitanya &amp; Karanth" authorityYear="2018" box="[817,969,1929,1956]" class="Reptilia" family="Agamidae" genus="Sitana" kingdom="Animalia" order="Squamata" pageId="2" pageNumber="263" phylum="Chordata" rank="species" species="gokakensis">
<emphasis box="[817,969,1929,1956]" italics="true" pageId="2" pageNumber="263">S. gokakensis</emphasis>
</taxonomicName>
(SVL(mm): mean 48.8 +/- 3.6 SE; range 42.4–53.1; n=14) and 
<taxonomicName authorityName="Deepak, Khandekar, Chaitanya &amp; Karanth" authorityYear="2018" box="[400,528,1965,1992]" class="Reptilia" family="Agamidae" genus="Sitana" kingdom="Animalia" order="Squamata" pageId="2" pageNumber="263" phylum="Chordata" rank="species" species="thondalu">
<emphasis box="[400,528,1965,1992]" italics="true" pageId="2" pageNumber="263">S. thondalu</emphasis>
</taxonomicName>
(SVL(mm): mean 50.2 +/- 0.93 SE; range 44.9–56.3; n=19).
</paragraph>
</subSubSection>
<caption ID-DOI="http://doi.org/10.5281/zenodo.4620904" ID-Zenodo-Dep="4620904" httpUri="https://zenodo.org/record/4620904/files/figure.png" pageId="3" pageNumber="264" startId="3.[151,250,1080,1104]" targetBox="[159,1428,189,1048]" targetPageId="3">
<paragraph blockId="3.[151,1437,1080,1141]" pageId="3" pageNumber="264">
<emphasis bold="true" box="[151,277,1080,1104]" pageId="3" pageNumber="264">FIGURE 1.</emphasis>
Holotype of 
<taxonomicName authority="Deepak &amp; Tillack &amp; Kar &amp; Sarkar &amp; Mohapatra, 2021" authorityName="Deepak &amp; Tillack &amp; Kar &amp; Sarkar &amp; Mohapatra" authorityYear="2021" box="[418,557,1080,1104]" class="Reptilia" family="Agamidae" genus="Sitana" kingdom="Animalia" order="Squamata" pageId="3" pageNumber="264" phylum="Chordata" rank="species" species="sushili" status="sp. nov.">
<emphasis box="[418,557,1080,1104]" italics="true" pageId="3" pageNumber="264">Sitana sushili</emphasis>
</taxonomicName>
<emphasis bold="true" box="[566,648,1081,1105]" pageId="3" pageNumber="264">
<taxonomicNameLabel box="[566,648,1081,1105]" pageId="3" pageNumber="264" rank="species">sp. nov.</taxonomicNameLabel>
</emphasis>
(BNHS 2511) from Sambalpur, Odisha. (
<emphasis bold="true" box="[1084,1102,1080,1104]" pageId="3" pageNumber="264">A</emphasis>
) full body dorsal; (
<emphasis bold="true" box="[1308,1325,1081,1105]" pageId="3" pageNumber="264">B</emphasis>
) full body ventral; (
<emphasis bold="true" box="[243,261,1116,1140]" pageId="3" pageNumber="264">C</emphasis>
) dorsal, (
<emphasis bold="true" box="[359,377,1117,1141]" pageId="3" pageNumber="264">D</emphasis>
) ventral, and (
<emphasis bold="true" box="[527,544,1117,1141]" pageId="3" pageNumber="264">E</emphasis>
) right lateral view of head. Scale bars= 10 mm.
</paragraph>
</caption>
<subSubSection lastPageId="6" lastPageNumber="267" pageId="3" pageNumber="264" type="description">
<paragraph blockId="3.[151,1437,1186,2041]" lastBlockId="4.[151,1437,151,2013]" lastPageId="4" lastPageNumber="265" pageId="3" pageNumber="264">
<emphasis bold="true" box="[199,487,1186,1213]" pageId="3" pageNumber="264">
Description of 
<typeStatus box="[375,482,1187,1213]" pageId="3" pageNumber="264">holotype</typeStatus>
:
</emphasis>
The 
<typeStatus box="[544,642,1187,1213]" pageId="3" pageNumber="264">holotype</typeStatus>
BNHS 2511 is in good condition except the tail is detached from body and it also has a constriction near the groin region due to the knot for tag; hemipenis everted, exposed and seen on both sides when viewed dorsally. An adult male, SVL 
<quantity box="[778,883,1258,1285]" metricMagnitude="-2" metricUnit="m" metricValue="4.66" pageId="3" pageNumber="264" unit="mm" value="46.6">46.6 mm</quantity>
. Head relatively long (HL/SVL ratio: 0.3), wide (HW/HL ratio: 0.6), not depressed (HH/HL ratio: 0.5), distinct from neck. Snout short (SE/HL ratio: 0.4), longer than eye diameter (OD/SE ratio: 0.8), obtusely pointed in profile when viewed dorsally; rostral wider than high (RH/RW ratio: 0.3), contacted laterally on either side by first supralabial, a prenasal and dorsally by two smaller scales, the second of which is roughly pentagonal. Canthus rostralis and supraciliary edge sharp. Nostril circular, laterally positioned and placed on top posterior region of a large, undivided nasal scale. Nasal scale bordered by seven scales on both sides; one supranasal, three postnasals the last of which much smaller than the first two, one prenasal, the first supralabial and the last of a series of enlarged scales bordering the supralabials. Ten supralabials on either side, first slightly higher than others, broader than high, roughly rectangular; rest more elongate, weakly keeled, bordered above by a row of slightly smaller, rectangular, weakly keeled scales, which start at posterior margin of first supralabial, decreasing in size posteriorly and terminating above the tenth supralabial. Eleven infralabials on the right side (ten on the left), elongate, first slightly smaller than the rest, weakly keeled increasing in size posteriorly. Loreal region concave, with scales of heterogeneous shape and size. Canthals enlarged, overlapping, slightly protruding on supraorbital ridge laterally. Loreal region with few weakly keeled scales. Eye large (ED/HL ratio: 0.3); pupil round, covered partially under the eyelids; eyelids covered with scales that are heterogeneous in shape and size; larger elongate, roughly rectangular scales on the upper eyelids and two rows of imbricate pointed scales on the lower, keeled, rest predominantly smooth; supraciliaries longer than broad. Orbital scales small but not granular. Scales on postorbital and temporal region, heterogeneous, sub-imbricate, strongly keeled, predominantly directed backward and upwards. Tympanum naked. Canthal scales, and orbit bordered below by a row of eleven enlarged scales that are heterogeneous in shape and size anteriorly, roughly rectangular under the eye, weekly keeled, starting at the posterior margin of nasal scale and terminating after the posterior margin of the orbit. Scales on dorsal surface of snout, forehead, interorbital and occipital region highly heterogeneous in shape and size, mostly elongate, sub-imbricate, strongly keeled longitudinally; scales on snout large in size, those on forehead larger and interorbital region largest; occipital region with much smaller scales; 9 scales anterior and 13 scales posterior to eyelids in the interorbital region; supraorbital scales along the supraciliary edge elongate, keeled, decreasing in size posteriorly, following curvature of orbit. Parietals larger than surrounding scales, longer than broad, strongly keeled in contact with each other; single inter-parietal, roughly pentagonal, with a distinct pineal eye. Mental shield narrower than rostral, roughly pentagonal, pointed posteriorly; a pair of elongate, curved postmentals, slightly longer than mental when viewed ventrally, completely separated from each other by a smaller gular scale; scales on the gular region homogenous in shape, those behind mental smooth, increasing in size and carination posteriorly. Dewlap medium (DEW/SVL ratio: 0.6), extends posteriorly up to 23% of trunk, about eight rows of anterior dewlap scales smaller, elongate, pointed, weakly keeled; remainder of scales much enlarged, keeled, ending obtusely, gradually increasing in size towards margin; single marginal row largest. Enlarged scales on dewlap in 16 rows. Nuchal and dorsal crest absent. Scales on nuchal region smaller, less than half the size of those on interorbital region, imbricate, strongly keeled. Body slender (TRW/SVL ratio: 0.2), 55 rows of scales around midbody; 45 vertebral scale, 4 or 5 dorsal scales on either side of the vertebral scales (1 or 2 rows), larger than the those on the neck and the largest enlarged scale on the lateral, these scales starts from back of neck until groin, sub equal in size, shape, imbricate, pointed, keeled, directed backwards forming regularly arranged longitudinal rows; those on flanks heterogeneous in shape and size, much smaller than those on dorsum, pointed, keeled, upper rows directed backwards and upwards, lower rows backwards and downwards, 16 distinctly enlarged scales on the flank (left); ventral scales imbricate around the dewlap, subimbricate posteriorly, keeled, homogenous in shape and size, arranged in 89 rows; Fore and hindlimbs relatively slender, tibia short (CL/SVL ratio: 0.3); digits moderately long, ending in strong, elongate, slightly recurved claw; subdigital lamellae entire, bi-mucronate, 21 subdigital lamellae on toe IV including claw sheath; relative length of fingers (right) 3&gt; 4&gt; 2&gt; 5&gt; 1, toes (right) 4&gt; 3&gt; 2&gt; 1. Fore and hindlimbs covered above and below with regularly arranged, enlarged, pointed, strongly keeled scales. Tail long (TL/SVL ratio 2.4) but broken, base swollen, uniformly covered with similar sized, keeled, pointed, regularly arranged, backwardly directed imbricate scales; subcaudal scales keeled, weakly pointed near base, becoming pointed posteriorly; no enlarged subcaudals.
</paragraph>
<paragraph blockId="4.[151,1437,151,2013]" pageId="4" pageNumber="265">
<emphasis bold="true" box="[199,515,1050,1077]" pageId="4" pageNumber="265">
Colour of 
<typeStatus box="[324,427,1051,1077]" pageId="4" pageNumber="265">holotype</typeStatus>
in life:
</emphasis>
Head brown, a dark brown irregular stripe starting from behind the eye extends into the dorsum along the enlarged scale rows; tympanum pale yellow colour; a prominent broad dark brown band between the supracilliaries, on the top of the head. Dorsum brown, with five rhomboidal dark brown markings of subequal size; upper portion of the limbs same as dorsum colour; venter pale white and vent iridescent white. Dark brown bars found throughout the tail. Dewlap scales are mottled with dark brown/black; a single ‘ink blue’ line starting from the mental extends into the enlarged scales in the middle of dewlap. Nuchal region where the crest is located it had cyan and light green colours.
</paragraph>
<paragraph blockId="4.[151,1437,151,2013]" pageId="4" pageNumber="265">
<emphasis bold="true" box="[199,621,1302,1329]" pageId="4" pageNumber="265">
Colour of 
<typeStatus box="[324,427,1303,1329]" pageId="4" pageNumber="265">holotype</typeStatus>
in preservative.
</emphasis>
Head dark brown, darker than the body, a short pale brown stripe with white edges below the eye directed downwards; tympanum pale brown, a prominent broad dark brown band between the supraciliaries at the frontal region. Dorsum light brown with a dark brown line from the occiput joining the first rhomboidal marking on the back; in total there are five rhomboidal markings, subequal in size; between axilla-groin on the dorsum a faint cream midline runs through the last four rhomboidal markings; a small rhomboidal marking behind the hindlimb insertion on the dorsal side of tail base; dark brown bars found throughout the tail, the ones near tail tip are light brown. The 4–5 enlarged rows of scales on the dorsum, excluding the rhomboidal marking, are light brown in colour; flanks dark brown; the enlarged scales on the lateral sides are orange coloured and those towards the lower end of lateral scales are whitish with dark blackish-brown speckles. Venter pale white with dark blackish-brown speckles. Prominent dark brown bars on the dorsal side of limbs. Enlarged scales on dewlap mottled dark brown with pale white spots on the anterior of each scale, the throat region on either side of the enlarged scale on dewlap pale white with scattered dark brown speckles and the dark blue stripe colouration on the throat is visible (
<figureCitation box="[380,470,1735,1761]" captionStart="FIGURE 1" captionStartId="3.[151,250,1080,1104]" captionTargetBox="[159,1428,189,1048]" captionTargetId="figure-17@3.[151,1436,181,1056]" captionTargetPageId="3" captionText="FIGURE 1. Holotype of Sitana sushili sp. nov. (BNHS 2511) from Sambalpur, Odisha. (A) full body dorsal; (B) full body ventral; (C) dorsal, (D) ventral, and (E) right lateral view of head. Scale bars= 10 mm." figureDoi="http://doi.org/10.5281/zenodo.4620904" httpUri="https://zenodo.org/record/4620904/files/figure.png" pageId="4" pageNumber="265">Fig. 1D</figureCitation>
).
</paragraph>
<paragraph blockId="4.[151,1437,151,2013]" lastBlockId="5.[151,1437,151,393]" lastPageId="5" lastPageNumber="266" pageId="4" pageNumber="265">
<emphasis bold="true" box="[199,474,1770,1797]" pageId="4" pageNumber="265">
Variation in 
<typeStatus box="[349,469,1771,1797]" pageId="4" pageNumber="265">paratypes</typeStatus>
.
</emphasis>
The two 
<typeStatus box="[581,688,1771,1797]" pageId="4" pageNumber="265">paratypes</typeStatus>
agree with the 
<materialsCitation collectionCode="V" pageId="4" pageNumber="265" specimenCode="V-7177, V-7176" specimenCount="1" typeStatus="holotype">
<typeStatus box="[861,959,1771,1797]" pageId="4" pageNumber="265">holotype</typeStatus>
in overall scalation with some exceptions. ZSI-CZRC 
<specimenCode box="[283,366,1807,1833]" collectionCode="V-" pageId="4" pageNumber="265">V-7177</specimenCode>
has 88 ventral scales and 34 belly ventral scales, 13 lamellae on the 4 
<superScript attach="left" box="[1158,1171,1806,1820]" fontSize="6" pageId="4" pageNumber="265">th</superScript>
finger and 46 vertebral scales. The female ZSI-CZRC 
<specimenCode box="[496,578,1843,1869]" collectionCode="V-" pageId="4" pageNumber="265">V-7176</specimenCode>
agrees with the
</materialsCitation>
<materialsCitation collectionCode="V" pageId="4" pageNumber="265" specimenCode="V-7177" specimenCount="1" typeStatus="holotype">
<typeStatus box="[761,859,1843,1869]" pageId="4" pageNumber="265">holotype</typeStatus>
in overall scutellation except it lacks a dewlap, and have 65 ventral scales, one less supralabial and infralabial on the right, one less infralabial on the left, 46 vertebral scales. ZSI-CZRC 
<specimenCode box="[366,449,1915,1941]" collectionCode="V-" pageId="4" pageNumber="265">V-7177</specimenCode>
differs in colouration from the
</materialsCitation>
<typeStatus box="[810,908,1915,1941]" pageId="4" pageNumber="265">holotype</typeStatus>
in having lighter dorsum, limbs, head and tail (an artifact of longer preservation), only the first rhomboidal marking is prominent.A broad dark brown patch at the frontal region, instead of a band, not touching the supraciliaries. Dorsum and flanks similar in colour (an artifact of preservation). Venter lighter compared to the 
<typeStatus box="[662,760,151,177]" pageId="5" pageNumber="266">holotype</typeStatus>
with scattered dark speckles. Enlarged scales on the dewlap are much lighter in colour compared to 
<materialsCitation box="[611,1298,187,213]" collectionCode="V" pageId="5" pageNumber="266" specimenCode="V-7176" specimenCount="1" typeStatus="holotype">
<typeStatus box="[611,713,187,213]" pageId="5" pageNumber="266">holotype</typeStatus>
. ZSI-CZRC 
<specimenCode box="[858,941,187,213]" collectionCode="V-" pageId="5" pageNumber="266">V-7176</specimenCode>
differs in colouration from the
</materialsCitation>
<typeStatus box="[1307,1405,187,213]" pageId="5" pageNumber="266">holotype</typeStatus>
in having seven markings on the dorsum, 5 of which are rhomboidal and two are irregular shaped. A prominent buff coloured line starting from the first rhomboid runs through the mid-dorsal region till the last marking on the dorsum. The stripe below the eye is longer and extending till the anterior border of tympanum on the left, the stripe starts behind the nostril on the right. Colouration on the throat region excluding the dewlap and the blue line is similar to that of the venter.
</paragraph>
<caption ID-DOI="http://doi.org/10.5281/zenodo.4620906" ID-Zenodo-Dep="4620906" httpUri="https://zenodo.org/record/4620906/files/figure.png" pageId="5" pageNumber="266" startId="5.[151,250,1804,1828]" targetBox="[177,1411,424,1775]" targetPageId="5">
<paragraph blockId="5.[151,1436,1804,1901]" pageId="5" pageNumber="266">
<emphasis bold="true" box="[151,274,1804,1829]" pageId="5" pageNumber="266">FIGURE 2.</emphasis>
Live image of 
<taxonomicName authority="Deepak &amp; Tillack &amp; Kar &amp; Sarkar &amp; Mohapatra, 2021" authorityName="Deepak &amp; Tillack &amp; Kar &amp; Sarkar &amp; Mohapatra" authorityYear="2021" box="[426,562,1805,1829]" class="Reptilia" family="Agamidae" genus="Sitana" kingdom="Animalia" order="Squamata" pageId="5" pageNumber="266" phylum="Chordata" rank="species" species="sushili" status="sp. nov.">
<emphasis box="[426,562,1805,1829]" italics="true" pageId="5" pageNumber="266">Sitana sushili</emphasis>
</taxonomicName>
<emphasis bold="true" box="[568,648,1805,1829]" pageId="5" pageNumber="266">
<taxonomicNameLabel box="[568,648,1805,1829]" pageId="5" pageNumber="266" rank="species">sp. nov.</taxonomicNameLabel>
</emphasis>
(
<emphasis bold="true" box="[662,680,1804,1828]" pageId="5" pageNumber="266">A</emphasis>
) Male from near Hirakud dam, Sambalpur, Odisha (Photo: V. Deepak), (
<emphasis bold="true" box="[1411,1428,1805,1829]" pageId="5" pageNumber="266">B</emphasis>
) male in a defensive display from Debrigarh, Hirakud WLS, Sambalpur, Odisha (Photo: Vivek Sarkar). (
<emphasis bold="true" box="[1196,1214,1840,1864]" pageId="5" pageNumber="266">C</emphasis>
) habitat near Hirakud dam, Sambalpur, Odisha (Photo: V. Deepak)
</paragraph>
</caption>
<paragraph blockId="5.[151,1436,1947,2009]" lastBlockId="6.[151,1437,151,537]" lastPageId="6" lastPageNumber="267" pageId="5" pageNumber="266">
<emphasis bold="true" box="[199,513,1947,1973]" pageId="5" pageNumber="266">Hemipenial morphology. (</emphasis>
<accessionNumber box="[513,643,1947,1974]" httpUri="http://www.ncbi.nlm.nih.gov/protein/CES13584" pageId="5" pageNumber="266">CES 13584</accessionNumber>
<emphasis bold="true" box="[643,659,1947,1973]" pageId="5" pageNumber="266">).</emphasis>
Hemipenis bilobed, relatively small, as long as wide and shallowlyforked. Sulcus spermaticus bifurcated (
<figureCitation box="[592,661,1983,2009]" captionStart="FIGURE 3" captionStartId="6.[151,250,1979,2003]" captionTargetBox="[161,1427,581,1946]" captionTargetId="figure-188@6.[151,1436,568,1956]" captionTargetPageId="6" captionText="FIGURE 3. Hemipenis of Sitana sushili sp. nov. (CES 13584): (A, C) sulcal view; (B, D) asulcal view. Scale bars= 10 mm. (drawings made by Mohammad Asif)." figureDoi="http://doi.org/10.5281/zenodo.4620908" httpUri="https://zenodo.org/record/4620908/files/figure.png" pageId="5" pageNumber="266">Fig. 3</figureCitation>
). Sulcal lips raised and papillate, sulcus smooth originating from the side of the base. Apex with a small serrated row of calyces and the sulcal region of apex nude. Ornamentation is differentiated and a combination of flounces, calyces observed. Papillae present between the apical lobes. Apical regions on the lobes of sulcal side calyces are serrated and continuous; calyces are relatively larger and non-serrated at the base of the lobes. Calyces are deep regular pits on the asulcal side and become shallow and broad at the basal region. Ridges between the calyces are thin and show micro-ornamentation which scalloped. Flounces present six to eight in numbers, all of them are prominent on the asulcal side. The hemipenial morphology of ZSI-CZRC V-7186 and 6917 corresponds to this description.
</paragraph>
</subSubSection>
<subSubSection pageId="6" pageNumber="267" type="etymology">
<paragraph blockId="6.[151,1437,151,537]" pageId="6" pageNumber="267">
<emphasis bold="true" box="[199,334,403,429]" pageId="6" pageNumber="267">Etymology.</emphasis>
The specific epithet is a patronym named in honor of ProfessorSushil Kumar Dutta from 
<collectingRegion box="[1350,1432,403,429]" country="India" name="Odisha" pageId="6" pageNumber="267">Odisha</collectingRegion>
, 
<collectingCountry box="[151,211,439,465]" name="India" pageId="6" pageNumber="267">India</collectingCountry>
, for his continued support of our research in this region and for promoting herpetology in 
<collectingCountry box="[1241,1299,439,465]" name="India" pageId="6" pageNumber="267">India</collectingCountry>
through the “School in Herpetology”.
</paragraph>
<paragraph blockId="6.[151,1437,151,537]" box="[199,826,510,537]" pageId="6" pageNumber="267">
<emphasis bold="true" box="[199,508,510,537]" pageId="6" pageNumber="267">Suggested common name.</emphasis>
Sushil’s fan-throated lizard.
</paragraph>
</subSubSection>
<caption ID-DOI="http://doi.org/10.5281/zenodo.4620908" ID-Zenodo-Dep="4620908" httpUri="https://zenodo.org/record/4620908/files/figure.png" pageId="6" pageNumber="267" startId="6.[151,250,1979,2003]" targetBox="[161,1427,581,1946]" targetPageId="6">
<paragraph blockId="6.[151,1437,1979,2039]" pageId="6" pageNumber="267">
<emphasis bold="true" box="[151,276,1979,2003]" pageId="6" pageNumber="267">FIGURE 3.</emphasis>
Hemipenis of 
<taxonomicName authority="Deepak &amp; Tillack &amp; Kar &amp; Sarkar &amp; Mohapatra, 2021" authorityName="Deepak &amp; Tillack &amp; Kar &amp; Sarkar &amp; Mohapatra" authorityYear="2021" box="[429,568,1979,2003]" class="Reptilia" family="Agamidae" genus="Sitana" kingdom="Animalia" order="Squamata" pageId="6" pageNumber="267" phylum="Chordata" rank="species" species="sushili" status="sp. nov.">
<emphasis box="[429,568,1979,2003]" italics="true" pageId="6" pageNumber="267">Sitana sushili</emphasis>
</taxonomicName>
<emphasis bold="true" box="[575,657,1980,2004]" pageId="6" pageNumber="267">
<taxonomicNameLabel box="[575,657,1980,2004]" pageId="6" pageNumber="267" rank="species">sp. nov.</taxonomicNameLabel>
</emphasis>
(CES 13584): (
<emphasis bold="true" box="[822,881,1979,2003]" pageId="6" pageNumber="267">A, C)</emphasis>
sulcal view; (
<emphasis bold="true" box="[1027,1084,1979,2004]" pageId="6" pageNumber="267">B, D)</emphasis>
asulcal view. Scale bars= 10 mm. (drawings made by Mohammad Asif).
</paragraph>
</caption>
<subSubSection lastPageId="8" lastPageNumber="269" pageId="7" pageNumber="268" type="distribution">
<paragraph blockId="7.[151,1436,186,357]" pageId="7" pageNumber="268">
<emphasis bold="true" box="[199,353,186,212]" pageId="7" pageNumber="268">Distribution.</emphasis>
<taxonomicName authority="Deepak &amp; Tillack &amp; Kar &amp; Sarkar &amp; Mohapatra, 2021" authorityName="Deepak &amp; Tillack &amp; Kar &amp; Sarkar &amp; Mohapatra" authorityYear="2021" box="[360,512,187,213]" class="Reptilia" family="Agamidae" genus="Sitana" kingdom="Animalia" order="Squamata" pageId="7" pageNumber="268" phylum="Chordata" rank="species" species="sushili" status="sp. nov.">
<emphasis box="[360,512,187,213]" italics="true" pageId="7" pageNumber="268">Sitana sushili</emphasis>
</taxonomicName>
<emphasis bold="true" box="[519,609,187,213]" pageId="7" pageNumber="268">
<taxonomicNameLabel box="[519,609,187,213]" pageId="7" pageNumber="268" rank="species">sp. nov.</taxonomicNameLabel>
</emphasis>
is endemic to the Deccan peninsula Biogeographic zone and has been recorded from Eastern Highlands (6A), Chotta Nagpur Plateau (6B) and Eastern Highlands (6C) provinces according to 
<bibRefCitation author="Rodgers, W. A. &amp; Panwar, H. S. &amp; Mathur, V. B." box="[182,426,259,285]" pageId="7" pageNumber="268" refId="ref8879" refString="Rodgers, W. A., Panwar, H. S. &amp; Mathur, V. B. (2000) Wildlife protected area network in India: A review (Executive Summary). Wildlife Institute of India, Dehradun, 53 pp." type="book" year="2000">
Rodgers 
<emphasis box="[284,336,259,285]" italics="true" pageId="7" pageNumber="268">et al</emphasis>
. (2000)
</bibRefCitation>
classification of Biogeographic zones of 
<collectingCountry box="[903,964,259,285]" name="India" pageId="7" pageNumber="268">India</collectingCountry>
. Based on our present understanding, the distribution limit of this species is bounded by Gangetic Plains to the north, Kaimur and Maikal hills to the west and Godavari River to the south (
<tableCitation box="[477,561,331,357]" captionStart="TABLE 1" captionStartId="7.[151,241,402,428]" captionTargetPageId="7" captionText="TABLE 1. Distribution details of Sitana sushili sp. nov. in Eastern and Central India. The localities where the species has been collected are marked with * the remaining are observation sites. National Park = NP; Wildlife Sanctuary = WLS." pageId="7" pageNumber="268">Table 1</tableCitation>
, 
<figureCitation box="[575,644,331,357]" captionStart="FIGURE 4" captionStartId="8.[151,250,1687,1711]" captionTargetBox="[155,1430,893,1656]" captionTargetId="figure-384@8.[151,1437,885,1664]" captionTargetPageId="8" captionText="FIGURE 4. The distribution of Sitana sushili sp. nov. and other species from the Sitana sivalensis complex shown with different symbols. Type localities of each species are marked with a red arrow. Locality numbers correspond to those in Table 1. Note that samples collected from India and labelled here as S. sivalensis are based only on genetic similarity." figureDoi="http://doi.org/10.5281/zenodo.4620910" httpUri="https://zenodo.org/record/4620910/files/figure.png" pageId="7" pageNumber="268">Fig. 4</figureCitation>
).
</paragraph>
<caption pageId="7" pageNumber="268" targetBox="[166,1414,480,1705]" targetIsTable="true" targetPageId="7">
<paragraph blockId="7.[151,1436,402,465]" pageId="7" pageNumber="268">
<emphasis bold="true" box="[151,267,402,428]" pageId="7" pageNumber="268">TABLE 1.</emphasis>
Distribution details of 
<taxonomicName authority="Deepak &amp; Tillack &amp; Kar &amp; Sarkar &amp; Mohapatra, 2021" authorityName="Deepak &amp; Tillack &amp; Kar &amp; Sarkar &amp; Mohapatra" authorityYear="2021" box="[511,654,403,429]" class="Reptilia" family="Agamidae" genus="Sitana" kingdom="Animalia" order="Squamata" pageId="7" pageNumber="268" phylum="Chordata" rank="species" species="sushili" status="sp. nov.">
<emphasis box="[511,654,403,429]" italics="true" pageId="7" pageNumber="268">Sitana sushili</emphasis>
</taxonomicName>
<emphasis bold="true" box="[660,745,403,429]" pageId="7" pageNumber="268">
<taxonomicNameLabel box="[660,745,403,429]" pageId="7" pageNumber="268" rank="species">sp. nov.</taxonomicNameLabel>
</emphasis>
in Eastern and Central India. The localities where the species has been collected are marked with * the remaining are observation sites. National Park = NP; Wildlife Sanctuary = WLS.
</paragraph>
</caption>
<paragraph pageId="7" pageNumber="268">
<table box="[166,1414,480,1705]" gridcols="6" gridrows="32" pageId="7" pageNumber="268">
<tr box="[166,1414,480,504]" gridrow="0" pageId="7" pageNumber="268">
<td box="[166,212,480,504]" gridcol="0" gridrow="0" pageId="7" pageNumber="268">S.no</td>
<td box="[245,731,480,504]" gridcol="1" gridrow="0" pageId="7" pageNumber="268">Locality</td>
<td box="[798,968,480,504]" gridcol="2" gridrow="0" pageId="7" pageNumber="268">State</td>
<td box="[1035,1105,480,504]" gridcol="3" gridrow="0" pageId="7" pageNumber="268">Lat</td>
<td box="[1166,1236,480,504]" gridcol="4" gridrow="0" pageId="7" pageNumber="268">Long</td>
<td box="[1289,1414,480,504]" gridcol="5" gridrow="0" pageId="7" pageNumber="268">Altitude (m)</td>
</tr>
<tr box="[166,1414,519,543]" gridrow="1" pageId="7" pageNumber="268">
<td box="[166,212,519,543]" gridcol="0" gridrow="1" pageId="7" pageNumber="268">1</td>
<td box="[245,731,519,543]" gridcol="1" gridrow="1" pageId="7" pageNumber="268">Rajavommangi, Appannapalem, Vizianagaram*</td>
<td box="[798,968,519,543]" gridcol="2" gridrow="1" pageId="7" pageNumber="268">Andhra Pradesh</td>
<td box="[1035,1105,519,543]" gridcol="3" gridrow="1" pageId="7" pageNumber="268">17.603</td>
<td box="[1166,1236,519,543]" gridcol="4" gridrow="1" pageId="7" pageNumber="268">82.237</td>
<td box="[1289,1414,519,543]" gridcol="5" gridrow="1" pageId="7" pageNumber="268">238</td>
</tr>
<tr box="[166,1414,557,582]" gridrow="2" pageId="7" pageNumber="268">
<td box="[166,212,557,582]" gridcol="0" gridrow="2" pageId="7" pageNumber="268">2</td>
<td box="[245,731,557,582]" gridcol="1" gridrow="2" pageId="7" pageNumber="268">Tirathgarh, Kanger Ghati NP*</td>
<td box="[798,968,557,582]" gridcol="2" gridrow="2" pageId="7" pageNumber="268">Chhattisgarh</td>
<td box="[1035,1105,557,582]" gridcol="3" gridrow="2" pageId="7" pageNumber="268">18.917</td>
<td box="[1166,1236,557,582]" gridcol="4" gridrow="2" pageId="7" pageNumber="268">81.838</td>
<td box="[1289,1414,557,582]" gridcol="5" gridrow="2" pageId="7" pageNumber="268">613</td>
</tr>
<tr box="[166,1414,596,620]" gridrow="3" pageId="7" pageNumber="268">
<td box="[166,212,596,620]" gridcol="0" gridrow="3" pageId="7" pageNumber="268">3</td>
<td box="[245,731,596,620]" gridcol="1" gridrow="3" pageId="7" pageNumber="268">Salepal, Bastar</td>
<td box="[798,968,596,620]" gridcol="2" gridrow="3" pageId="7" pageNumber="268">Chhattisgarh</td>
<td box="[1035,1105,596,620]" gridcol="3" gridrow="3" pageId="7" pageNumber="268">19.080</td>
<td box="[1166,1236,596,620]" gridcol="4" gridrow="3" pageId="7" pageNumber="268">81.843</td>
<td box="[1289,1414,596,620]" gridcol="5" gridrow="3" pageId="7" pageNumber="268">649</td>
</tr>
<tr box="[166,1414,635,659]" gridrow="4" pageId="7" pageNumber="268">
<td box="[166,212,635,659]" gridcol="0" gridrow="4" pageId="7" pageNumber="268">4</td>
<td box="[245,731,635,659]" gridcol="1" gridrow="4" pageId="7" pageNumber="268">Kewanchhi, Bilaspur*</td>
<td box="[798,968,635,659]" gridcol="2" gridrow="4" pageId="7" pageNumber="268">Chhattisgarh</td>
<td box="[1035,1105,635,659]" gridcol="3" gridrow="4" pageId="7" pageNumber="268">21.776</td>
<td box="[1166,1236,635,659]" gridcol="4" gridrow="4" pageId="7" pageNumber="268">81.502</td>
<td box="[1289,1414,635,659]" gridcol="5" gridrow="4" pageId="7" pageNumber="268">289</td>
</tr>
<tr box="[166,1414,673,698]" gridrow="5" pageId="7" pageNumber="268">
<td box="[166,212,673,698]" gridcol="0" gridrow="5" pageId="7" pageNumber="268">5</td>
<td box="[245,731,673,698]" gridcol="1" gridrow="5" pageId="7" pageNumber="268">Kudmura, Korba</td>
<td box="[798,968,673,698]" gridcol="2" gridrow="5" pageId="7" pageNumber="268">Chhattisgarh</td>
<td box="[1035,1105,673,698]" gridcol="3" gridrow="5" pageId="7" pageNumber="268">22.317</td>
<td box="[1166,1236,673,698]" gridcol="4" gridrow="5" pageId="7" pageNumber="268">83.070</td>
<td box="[1289,1414,673,698]" gridcol="5" gridrow="5" pageId="7" pageNumber="268">265</td>
</tr>
<tr box="[166,1414,712,736]" gridrow="6" pageId="7" pageNumber="268">
<td box="[166,212,712,736]" gridcol="0" gridrow="6" pageId="7" pageNumber="268">6</td>
<td box="[245,731,712,736]" gridcol="1" gridrow="6" pageId="7" pageNumber="268">Aurakachhar, Korba*</td>
<td box="[798,968,712,736]" gridcol="2" gridrow="6" pageId="7" pageNumber="268">Chhattisgarh</td>
<td box="[1035,1105,712,736]" gridcol="3" gridrow="6" pageId="7" pageNumber="268">22.496</td>
<td box="[1166,1236,712,736]" gridcol="4" gridrow="6" pageId="7" pageNumber="268">82.715</td>
<td box="[1289,1414,712,736]" gridcol="5" gridrow="6" pageId="7" pageNumber="268">318</td>
</tr>
<tr box="[166,1414,751,775]" gridrow="7" pageId="7" pageNumber="268">
<td box="[166,212,751,775]" gridcol="0" gridrow="7" pageId="7" pageNumber="268">7</td>
<td box="[245,731,751,775]" gridcol="1" gridrow="7" pageId="7" pageNumber="268">Rewati, Surajpur</td>
<td box="[798,968,751,775]" gridcol="2" gridrow="7" pageId="7" pageNumber="268">Chhattisgarh</td>
<td box="[1035,1105,751,775]" gridcol="3" gridrow="7" pageId="7" pageNumber="268">23.642</td>
<td box="[1166,1236,751,775]" gridcol="4" gridrow="7" pageId="7" pageNumber="268">83.180</td>
<td box="[1289,1414,751,775]" gridcol="5" gridrow="7" pageId="7" pageNumber="268">473</td>
</tr>
<tr box="[166,1414,790,814]" gridrow="8" pageId="7" pageNumber="268">
<td box="[166,212,790,814]" gridcol="0" gridrow="8" pageId="7" pageNumber="268">8</td>
<td box="[245,731,790,814]" gridcol="1" gridrow="8" pageId="7" pageNumber="268">Guru Ghasidas NP</td>
<td box="[798,968,790,814]" gridcol="2" gridrow="8" pageId="7" pageNumber="268">Chhattisgarh</td>
<td box="[1035,1105,790,814]" gridcol="3" gridrow="8" pageId="7" pageNumber="268">23.763</td>
<td box="[1166,1236,790,814]" gridcol="4" gridrow="8" pageId="7" pageNumber="268">82.013</td>
<td box="[1289,1414,790,814]" gridcol="5" gridrow="8" pageId="7" pageNumber="268">627</td>
</tr>
<tr box="[166,1414,828,853]" gridrow="9" pageId="7" pageNumber="268">
<td box="[166,212,828,853]" gridcol="0" gridrow="9" pageId="7" pageNumber="268">9</td>
<td box="[245,731,828,853]" gridcol="1" gridrow="9" pageId="7" pageNumber="268">Chhatuwa, Annuppur*</td>
<td box="[798,968,828,853]" gridcol="2" gridrow="9" pageId="7" pageNumber="268">Madhya Pradesh</td>
<td box="[1035,1105,828,853]" gridcol="3" gridrow="9" pageId="7" pageNumber="268">23.187</td>
<td box="[1166,1236,828,853]" gridcol="4" gridrow="9" pageId="7" pageNumber="268">81.751</td>
<td box="[1289,1414,828,853]" gridcol="5" gridrow="9" pageId="7" pageNumber="268">537</td>
</tr>
<tr box="[166,1414,867,891]" gridrow="10" pageId="7" pageNumber="268">
<td box="[166,212,867,891]" gridcol="0" gridrow="10" pageId="7" pageNumber="268">10</td>
<td box="[245,731,867,891]" gridcol="1" gridrow="10" pageId="7" pageNumber="268">Rasmohani, Shahdol*</td>
<td box="[798,968,867,891]" gridcol="2" gridrow="10" pageId="7" pageNumber="268">Madhya Pradesh</td>
<td box="[1035,1105,867,891]" gridcol="3" gridrow="10" pageId="7" pageNumber="268">23.462</td>
<td box="[1166,1236,867,891]" gridcol="4" gridrow="10" pageId="7" pageNumber="268">81.635</td>
<td box="[1289,1414,867,891]" gridcol="5" gridrow="10" pageId="7" pageNumber="268">474</td>
</tr>
<tr box="[166,1414,906,930]" gridrow="11" pageId="7" pageNumber="268">
<td box="[166,212,906,930]" gridcol="0" gridrow="11" pageId="7" pageNumber="268">11</td>
<td box="[245,731,906,930]" gridcol="1" gridrow="11" pageId="7" pageNumber="268">Rakari, Mauganj, Satna*</td>
<td box="[798,968,906,930]" gridcol="2" gridrow="11" pageId="7" pageNumber="268">Madhya Pradesh</td>
<td box="[1035,1105,906,930]" gridcol="3" gridrow="11" pageId="7" pageNumber="268">24.613</td>
<td box="[1166,1236,906,930]" gridcol="4" gridrow="11" pageId="7" pageNumber="268">81.871</td>
<td box="[1289,1414,906,930]" gridcol="5" gridrow="11" pageId="7" pageNumber="268">375</td>
</tr>
<tr box="[166,1414,945,969]" gridrow="12" pageId="7" pageNumber="268">
<td box="[166,212,945,969]" gridcol="0" gridrow="12" pageId="7" pageNumber="268">12</td>
<td box="[245,731,945,969]" gridcol="1" gridrow="12" pageId="7" pageNumber="268">Dharampura, Satna</td>
<td box="[798,968,945,969]" gridcol="2" gridrow="12" pageId="7" pageNumber="268">Madhya Pradesh</td>
<td box="[1035,1105,945,969]" gridcol="3" gridrow="12" pageId="7" pageNumber="268">24.656</td>
<td box="[1166,1236,945,969]" gridcol="4" gridrow="12" pageId="7" pageNumber="268">80.959</td>
<td box="[1289,1414,945,969]" gridcol="5" gridrow="12" pageId="7" pageNumber="268">296</td>
</tr>
<tr box="[166,1414,983,1008]" gridrow="13" pageId="7" pageNumber="268">
<td box="[166,212,983,1008]" gridcol="0" gridrow="13" pageId="7" pageNumber="268">13</td>
<td box="[245,731,983,1008]" gridcol="1" gridrow="13" pageId="7" pageNumber="268">Parasrampur, Satna*</td>
<td box="[798,968,983,1008]" gridcol="2" gridrow="13" pageId="7" pageNumber="268">Madhya Pradesh</td>
<td box="[1035,1105,983,1008]" gridcol="3" gridrow="13" pageId="7" pageNumber="268">24.074</td>
<td box="[1166,1236,983,1008]" gridcol="4" gridrow="13" pageId="7" pageNumber="268">80.852</td>
<td box="[1289,1414,983,1008]" gridcol="5" gridrow="13" pageId="7" pageNumber="268">361</td>
</tr>
<tr box="[166,1414,1022,1046]" gridrow="14" pageId="7" pageNumber="268">
<td box="[166,212,1022,1046]" gridcol="0" gridrow="14" pageId="7" pageNumber="268">14</td>
<td box="[245,731,1022,1046]" gridcol="1" gridrow="14" pageId="7" pageNumber="268">Utkal University campus, Bhubaneshwar*</td>
<td box="[798,968,1022,1046]" gridcol="2" gridrow="14" pageId="7" pageNumber="268">Odisha</td>
<td box="[1035,1105,1022,1046]" gridcol="3" gridrow="14" pageId="7" pageNumber="268">20.297</td>
<td box="[1166,1236,1022,1046]" gridcol="4" gridrow="14" pageId="7" pageNumber="268">85.838</td>
<td box="[1289,1414,1022,1046]" gridcol="5" gridrow="14" pageId="7" pageNumber="268">41</td>
</tr>
<tr box="[166,1414,1061,1085]" gridrow="15" pageId="7" pageNumber="268">
<td box="[166,212,1061,1085]" gridcol="0" gridrow="15" pageId="7" pageNumber="268">15</td>
<td box="[245,731,1061,1085]" gridcol="1" gridrow="15" pageId="7" pageNumber="268">Godibari, Chandaka WLS</td>
<td box="[798,968,1061,1085]" gridcol="2" gridrow="15" pageId="7" pageNumber="268">Odisha</td>
<td box="[1035,1105,1061,1085]" gridcol="3" gridrow="15" pageId="7" pageNumber="268">20.328</td>
<td box="[1166,1236,1061,1085]" gridcol="4" gridrow="15" pageId="7" pageNumber="268">85.733</td>
<td box="[1289,1414,1061,1085]" gridcol="5" gridrow="15" pageId="7" pageNumber="268">61</td>
</tr>
<tr box="[166,1414,1099,1124]" gridrow="16" pageId="7" pageNumber="268">
<td box="[166,212,1099,1124]" gridcol="0" gridrow="16" pageId="7" pageNumber="268">16</td>
<td box="[245,731,1099,1124]" gridcol="1" gridrow="16" pageId="7" pageNumber="268">Daspalla, Nayagarh</td>
<td box="[798,968,1099,1124]" gridcol="2" gridrow="16" pageId="7" pageNumber="268">Odisha</td>
<td box="[1035,1105,1099,1124]" gridcol="3" gridrow="16" pageId="7" pageNumber="268">20.348</td>
<td box="[1166,1236,1099,1124]" gridcol="4" gridrow="16" pageId="7" pageNumber="268">84.853</td>
<td box="[1289,1414,1099,1124]" gridcol="5" gridrow="16" pageId="7" pageNumber="268">136</td>
</tr>
<tr box="[166,1414,1138,1163]" gridrow="17" pageId="7" pageNumber="268">
<td box="[166,212,1138,1163]" gridcol="0" gridrow="17" pageId="7" pageNumber="268">17</td>
<td box="[245,731,1138,1163]" gridcol="1" gridrow="17" pageId="7" pageNumber="268">Near Ansupa Lake, Athagarh*</td>
<td box="[798,968,1138,1163]" gridcol="2" gridrow="17" pageId="7" pageNumber="268">Odisha</td>
<td box="[1035,1105,1138,1163]" gridcol="3" gridrow="17" pageId="7" pageNumber="268">20.464</td>
<td box="[1166,1236,1138,1163]" gridcol="4" gridrow="17" pageId="7" pageNumber="268">85.610</td>
<td box="[1289,1414,1138,1163]" gridcol="5" gridrow="17" pageId="7" pageNumber="268">64</td>
</tr>
<tr box="[166,1414,1177,1201]" gridrow="18" pageId="7" pageNumber="268">
<td box="[166,212,1177,1201]" gridcol="0" gridrow="18" pageId="7" pageNumber="268">18</td>
<td box="[245,731,1177,1201]" gridcol="1" gridrow="18" pageId="7" pageNumber="268">Gatibeda, Sunabeda WLS</td>
<td box="[798,968,1177,1201]" gridcol="2" gridrow="18" pageId="7" pageNumber="268">Odisha</td>
<td box="[1035,1105,1177,1201]" gridcol="3" gridrow="18" pageId="7" pageNumber="268">20.568</td>
<td box="[1166,1236,1177,1201]" gridcol="4" gridrow="18" pageId="7" pageNumber="268">82.459</td>
<td box="[1289,1414,1177,1201]" gridcol="5" gridrow="18" pageId="7" pageNumber="268">661</td>
</tr>
<tr box="[166,1414,1216,1240]" gridrow="19" pageId="7" pageNumber="268">
<td box="[166,212,1216,1240]" gridcol="0" gridrow="19" pageId="7" pageNumber="268">19</td>
<td box="[245,731,1216,1240]" gridcol="1" gridrow="19" pageId="7" pageNumber="268">Tainsi, Satkosia WLS</td>
<td box="[798,968,1216,1240]" gridcol="2" gridrow="19" pageId="7" pageNumber="268">Odisha</td>
<td box="[1035,1105,1216,1240]" gridcol="3" gridrow="19" pageId="7" pageNumber="268">20.758</td>
<td box="[1166,1236,1216,1240]" gridcol="4" gridrow="19" pageId="7" pageNumber="268">84.809</td>
<td box="[1289,1414,1216,1240]" gridcol="5" gridrow="19" pageId="7" pageNumber="268">337</td>
</tr>
<tr box="[166,1414,1254,1279]" gridrow="20" pageId="7" pageNumber="268">
<td box="[166,212,1254,1279]" gridcol="0" gridrow="20" pageId="7" pageNumber="268">20</td>
<td box="[245,731,1254,1279]" gridcol="1" gridrow="20" pageId="7" pageNumber="268">Kamakhya Nagar, Dhenkanal</td>
<td box="[798,968,1254,1279]" gridcol="2" gridrow="20" pageId="7" pageNumber="268">Odisha</td>
<td box="[1035,1105,1254,1279]" gridcol="3" gridrow="20" pageId="7" pageNumber="268">20.944</td>
<td box="[1166,1236,1254,1279]" gridcol="4" gridrow="20" pageId="7" pageNumber="268">85.564</td>
<td box="[1289,1414,1254,1279]" gridcol="5" gridrow="20" pageId="7" pageNumber="268">73</td>
</tr>
<tr box="[166,1414,1293,1317]" gridrow="21" pageId="7" pageNumber="268">
<td box="[166,212,1293,1317]" gridcol="0" gridrow="21" pageId="7" pageNumber="268">21</td>
<td box="[245,731,1293,1317]" gridcol="1" gridrow="21" pageId="7" pageNumber="268">Talcher</td>
<td box="[798,968,1293,1317]" gridcol="2" gridrow="21" pageId="7" pageNumber="268">Odisha</td>
<td box="[1035,1105,1293,1317]" gridcol="3" gridrow="21" pageId="7" pageNumber="268">20.957</td>
<td box="[1166,1236,1293,1317]" gridcol="4" gridrow="21" pageId="7" pageNumber="268">85.231</td>
<td box="[1289,1414,1293,1317]" gridcol="5" gridrow="21" pageId="7" pageNumber="268">83</td>
</tr>
<tr box="[166,1414,1332,1356]" gridrow="22" pageId="7" pageNumber="268">
<td box="[166,212,1332,1356]" gridcol="0" gridrow="22" pageId="7" pageNumber="268">22</td>
<td box="[245,731,1332,1356]" gridcol="1" gridrow="22" pageId="7" pageNumber="268">Ragada, Sukinda, Jajpur*</td>
<td box="[798,968,1332,1356]" gridcol="2" gridrow="22" pageId="7" pageNumber="268">Odisha</td>
<td box="[1035,1105,1332,1356]" gridcol="3" gridrow="22" pageId="7" pageNumber="268">21.034</td>
<td box="[1166,1236,1332,1356]" gridcol="4" gridrow="22" pageId="7" pageNumber="268">86.053</td>
<td box="[1289,1414,1332,1356]" gridcol="5" gridrow="22" pageId="7" pageNumber="268">52</td>
</tr>
<tr box="[166,1414,1371,1395]" gridrow="23" pageId="7" pageNumber="268">
<td box="[166,212,1371,1395]" gridcol="0" gridrow="23" pageId="7" pageNumber="268">23</td>
<td box="[245,731,1371,1395]" gridcol="1" gridrow="23" pageId="7" pageNumber="268">Chipilima, Sambalpur*</td>
<td box="[798,968,1371,1395]" gridcol="2" gridrow="23" pageId="7" pageNumber="268">Odisha</td>
<td box="[1035,1105,1371,1395]" gridcol="3" gridrow="23" pageId="7" pageNumber="268">21.350</td>
<td box="[1166,1236,1371,1395]" gridcol="4" gridrow="23" pageId="7" pageNumber="268">83.913</td>
<td box="[1289,1414,1371,1395]" gridcol="5" gridrow="23" pageId="7" pageNumber="268">142</td>
</tr>
<tr box="[166,1414,1409,1434]" gridrow="24" pageId="7" pageNumber="268">
<td box="[166,212,1409,1434]" gridcol="0" gridrow="24" pageId="7" pageNumber="268">24</td>
<td box="[245,731,1409,1434]" gridcol="1" gridrow="24" pageId="7" pageNumber="268">Brooks hill, Sambalpur*</td>
<td box="[798,968,1409,1434]" gridcol="2" gridrow="24" pageId="7" pageNumber="268">Odisha</td>
<td box="[1035,1105,1409,1434]" gridcol="3" gridrow="24" pageId="7" pageNumber="268">21.473</td>
<td box="[1166,1236,1409,1434]" gridcol="4" gridrow="24" pageId="7" pageNumber="268">83.989</td>
<td box="[1289,1414,1409,1434]" gridcol="5" gridrow="24" pageId="7" pageNumber="268">195</td>
</tr>
<tr box="[166,1414,1448,1472]" gridrow="25" pageId="7" pageNumber="268">
<td box="[166,212,1448,1472]" gridcol="0" gridrow="25" pageId="7" pageNumber="268">25</td>
<td box="[245,731,1448,1472]" gridcol="1" gridrow="25" pageId="7" pageNumber="268">Debrigarh WLS, Sambalpur*</td>
<td box="[798,968,1448,1472]" gridcol="2" gridrow="25" pageId="7" pageNumber="268">Odisha</td>
<td box="[1035,1105,1448,1472]" gridcol="3" gridrow="25" pageId="7" pageNumber="268">21.483</td>
<td box="[1166,1236,1448,1472]" gridcol="4" gridrow="25" pageId="7" pageNumber="268">83.766</td>
<td box="[1289,1414,1448,1472]" gridcol="5" gridrow="25" pageId="7" pageNumber="268">183</td>
</tr>
<tr box="[166,1414,1487,1511]" gridrow="26" pageId="7" pageNumber="268">
<td box="[166,212,1487,1511]" gridcol="0" gridrow="26" pageId="7" pageNumber="268">26</td>
<td box="[245,731,1487,1511]" gridcol="1" gridrow="26" pageId="7" pageNumber="268">Bonai, Sundargarh</td>
<td box="[798,968,1487,1511]" gridcol="2" gridrow="26" pageId="7" pageNumber="268">Odisha</td>
<td box="[1035,1105,1487,1511]" gridcol="3" gridrow="26" pageId="7" pageNumber="268">21.833</td>
<td box="[1166,1236,1487,1511]" gridcol="4" gridrow="26" pageId="7" pageNumber="268">84.951</td>
<td box="[1289,1414,1487,1511]" gridcol="5" gridrow="26" pageId="7" pageNumber="268">154</td>
</tr>
<tr box="[166,1414,1525,1550]" gridrow="27" pageId="7" pageNumber="268">
<td box="[166,212,1525,1550]" gridcol="0" gridrow="27" pageId="7" pageNumber="268">27</td>
<td box="[245,731,1525,1550]" gridcol="1" gridrow="27" pageId="7" pageNumber="268">Baripada, Mayurbhanj*</td>
<td box="[798,968,1525,1550]" gridcol="2" gridrow="27" pageId="7" pageNumber="268">Odisha</td>
<td box="[1035,1105,1525,1550]" gridcol="3" gridrow="27" pageId="7" pageNumber="268">21.887</td>
<td box="[1166,1236,1525,1550]" gridcol="4" gridrow="27" pageId="7" pageNumber="268">86.765</td>
<td box="[1289,1414,1525,1550]" gridcol="5" gridrow="27" pageId="7" pageNumber="268">72</td>
</tr>
<tr box="[166,1414,1564,1588]" gridrow="28" pageId="7" pageNumber="268">
<td box="[166,212,1564,1588]" gridcol="0" gridrow="28" pageId="7" pageNumber="268">28</td>
<td box="[245,731,1564,1588]" gridcol="1" gridrow="28" pageId="7" pageNumber="268">Similipal Biosphere Reserve</td>
<td box="[798,968,1564,1588]" gridcol="2" gridrow="28" pageId="7" pageNumber="268">Odisha</td>
<td box="[1035,1105,1564,1588]" gridcol="3" gridrow="28" pageId="7" pageNumber="268">21.963</td>
<td box="[1166,1236,1564,1588]" gridcol="4" gridrow="28" pageId="7" pageNumber="268">86.600</td>
<td box="[1289,1414,1564,1588]" gridcol="5" gridrow="28" pageId="7" pageNumber="268">96</td>
</tr>
<tr box="[166,1414,1603,1627]" gridrow="29" pageId="7" pageNumber="268">
<td box="[166,212,1603,1627]" gridcol="0" gridrow="29" pageId="7" pageNumber="268">29</td>
<td box="[245,731,1603,1627]" gridcol="1" gridrow="29" pageId="7" pageNumber="268">Jashipur, Mayurbhanj</td>
<td box="[798,968,1603,1627]" gridcol="2" gridrow="29" pageId="7" pageNumber="268">Odisha</td>
<td box="[1035,1105,1603,1627]" gridcol="3" gridrow="29" pageId="7" pageNumber="268">21.973</td>
<td box="[1166,1236,1603,1627]" gridcol="4" gridrow="29" pageId="7" pageNumber="268">86.119</td>
<td box="[1289,1414,1603,1627]" gridcol="5" gridrow="29" pageId="7" pageNumber="268">424</td>
</tr>
<tr box="[166,1414,1642,1666]" gridrow="30" pageId="7" pageNumber="268">
<td box="[166,212,1642,1666]" gridcol="0" gridrow="30" pageId="7" pageNumber="268">30</td>
<td box="[245,731,1642,1666]" gridcol="1" gridrow="30" pageId="7" pageNumber="268">Rourkela</td>
<td box="[798,968,1642,1666]" gridcol="2" gridrow="30" pageId="7" pageNumber="268">Odisha</td>
<td box="[1035,1105,1642,1666]" gridcol="3" gridrow="30" pageId="7" pageNumber="268">22.191</td>
<td box="[1166,1236,1642,1666]" gridcol="4" gridrow="30" pageId="7" pageNumber="268">84.787</td>
<td box="[1289,1414,1642,1666]" gridcol="5" gridrow="30" pageId="7" pageNumber="268">228</td>
</tr>
<tr box="[166,1414,1680,1705]" gridrow="31" pageId="7" pageNumber="268">
<td box="[166,212,1680,1705]" gridcol="0" gridrow="31" pageId="7" pageNumber="268">31</td>
<td box="[245,731,1680,1705]" gridcol="1" gridrow="31" pageId="7" pageNumber="268">Gupteswar, Koraput</td>
<td box="[798,968,1680,1705]" gridcol="2" gridrow="31" pageId="7" pageNumber="268">Odisha</td>
<td box="[1035,1105,1680,1705]" gridcol="3" gridrow="31" pageId="7" pageNumber="268">18.823</td>
<td box="[1166,1236,1680,1705]" gridcol="4" gridrow="31" pageId="7" pageNumber="268">82.168</td>
<td box="[1289,1414,1680,1705]" gridcol="5" gridrow="31" pageId="7" pageNumber="268">483</td>
</tr>
</table>
</paragraph>
<paragraph blockId="7.[151,1437,1751,2030]" lastBlockId="8.[151,1437,151,862]" lastPageId="8" lastPageNumber="269" pageId="7" pageNumber="268">
<emphasis bold="true" box="[199,543,1751,1777]" pageId="7" pageNumber="268">Habitat and natural history.</emphasis>
<taxonomicName authority="Deepak &amp; Tillack &amp; Kar &amp; Sarkar &amp; Mohapatra, 2021" authorityName="Deepak &amp; Tillack &amp; Kar &amp; Sarkar &amp; Mohapatra" authorityYear="2021" box="[552,706,1751,1778]" class="Reptilia" family="Agamidae" genus="Sitana" kingdom="Animalia" order="Squamata" pageId="7" pageNumber="268" phylum="Chordata" rank="species" species="sushili" status="sp. nov.">
<emphasis box="[552,706,1751,1778]" italics="true" pageId="7" pageNumber="268">Sitana sushili</emphasis>
</taxonomicName>
<emphasis bold="true" box="[715,807,1751,1777]" pageId="7" pageNumber="268">
<taxonomicNameLabel box="[715,807,1751,1777]" pageId="7" pageNumber="268" rank="species">sp. nov.</taxonomicNameLabel>
</emphasis>
is found in open habitats with shrubby vegetation and rocky outcrops (
<figureCitation box="[335,424,1787,1813]" captionStart="FIGURE 2" captionStartId="5.[151,250,1804,1828]" captionTargetBox="[177,1411,424,1775]" captionTargetId="figure-134@5.[168,1419,417,1781]" captionTargetPageId="5" captionText="FIGURE 2. Live image of Sitana sushili sp. nov. (A) Male from near Hirakud dam, Sambalpur, Odisha (Photo: V. Deepak), (B) male in a defensive display from Debrigarh, Hirakud WLS, Sambalpur, Odisha (Photo: Vivek Sarkar). (C) habitat near Hirakud dam, Sambalpur, Odisha (Photo: V. Deepak)" figureDoi="http://doi.org/10.5281/zenodo.4620906" httpUri="https://zenodo.org/record/4620906/files/figure.png" pageId="7" pageNumber="268">Fig. 2C</figureCitation>
). The areas in which this species occurs are low to mid elevations (
<quantity box="[1182,1319,1787,1814]" metricMagnitude="2" metricUnit="m" metricValue="3.05" metricValueMax="6.0" metricValueMin="0.1" pageId="7" pageNumber="268" unit="m" value="305.0" valueMax="600.0" valueMin="10.0">10 to 600 m</quantity>
a.s.l.) and the mean annual rainfall is between 
<quantity box="[561,725,1823,1850]" metricMagnitude="0" metricUnit="m" metricValue="1.1" metricValueMax="1.4" metricValueMin="0.8" pageId="7" pageNumber="268" unit="mm" value="1100.0" valueMax="1400.0" valueMin="800.0">800–1400 mm</quantity>
(Source: Indian Meteorological Department, Ministry of Earth Sciences, Government of 
<collectingCountry box="[452,514,1859,1886]" name="India" pageId="7" pageNumber="268">India</collectingCountry>
). The 
<typeStatus box="[591,639,1860,1886]" pageId="7" pageNumber="268">type</typeStatus>
locality of the species is close to Debrigarh Wildlife Sanctuary and the species is patchily distributed in the sanctuary area, mostly seen in open fields, scrub forests, bamboo brakes (
<taxonomicName box="[161,430,1931,1957]" class="Liliopsida" family="Poaceae" genus="Dendrocalamus" kingdom="Plantae" order="Poales" pageId="7" pageNumber="268" phylum="Tracheophyta" rank="species" species="strictus">
<emphasis box="[161,430,1931,1957]" italics="true" pageId="7" pageNumber="268">Dendrocalamus strictus</emphasis>
</taxonomicName>
), forest clearings and barren hillocks. The broad habitat 
<typeStatus box="[1093,1152,1932,1958]" pageId="7" pageNumber="268">types</typeStatus>
occupied by the species are northern tropical dry deciduous forests, dry mixed deciduous forests, moist and deciduous Sal forest and also grasslands and savannah (
<bibRefCitation author="Champion, H. G. &amp; Seth, S. K." box="[442,721,2003,2030]" pageId="7" pageNumber="268" refId="ref7897" refString="Champion, H. G. &amp; Seth, S. K. (1968) A Revised Survey of the Forest Types of India. Govt. of India Publications, New Delhi, 404 pp." type="book" year="1968">Champion &amp; Seth, 1968</bibRefCitation>
). Individuals were also found along roadside gravels, near agricultural fields, 
<taxonomicName box="[322,509,151,176]" class="Magnoliopsida" family="Verbenaceae" genus="Lantana" kingdom="Plantae" order="Lamiales" pageId="8" pageNumber="269" phylum="Tracheophyta" rank="species" species="camara">
<emphasis box="[322,509,151,176]" italics="true" pageId="8" pageNumber="269">Lantana camara</emphasis>
</taxonomicName>
invaded lands and essentially with scattered boulders on the surface. This species was seen taking refuge under boulders during night and also during winter months (November–January), when the activities are limited. Breeding activities were observed during the summer (April–June) and hatchlings are seen during post-monsoon (July–August). During the breeding season, the males appear vivid with prominent dewlap lined with a blue streak at the anterior part. The dorsal nuchal crest develops a greenish-blue patch, hemipenial bulges at the ventral tail base become pronounced and the overall body colour changes with whitish spots on lateral sides and bands on the tail. Male–male competition is prominent in breeding season and was observed in the form of flashing of dewlaps and display of raised nuchal crests and dorsal crests in some cases. The latter two behaviours are aggressive in nature. The raising of nuchal and dorsal crests is possibly the effect of some muscular actions, as no trace of raised crest was observed after preservation of the animals. Territorial show-offs between two males were observed by VS and PPM on 
<date box="[553,679,510,537]" pageId="8" pageNumber="269" value="2013-05-24">24.05.2013</date>
during one of the field trips to Debrigarh Wildlife Sanctuary (
<figureCitation captionStart="FIGURE 5" captionStartId="11.[151,250,1176,1200]" captionTargetBox="[151,1437,525,1152]" captionTargetId="figure-205@11.[151,1437,525,1152]" captionTargetPageId="11" captionText="FIGURE 5. Two uncollected males of Sitana sushili sp. nov. in combat (note the prominent nuchal crest) photographed in Debrigarh Wildlife Sanctuary, Odisha. (Photo: Vivek Sarkar)" figureDoi="http://doi.org/10.5281/zenodo.4620912" httpUri="https://zenodo.org/record/4620912/files/figure.png" pageId="8" pageNumber="269">Fig. 5</figureCitation>
). The two individuals were approximately 
<quantity box="[646,714,547,573]" metricMagnitude="-1" metricUnit="m" metricValue="3.0" pageId="8" pageNumber="269" unit="cm" value="30.0">30 cm</quantity>
apart on an open ground and continued to display for a period of 20 minutes until one of them left the area and went hiding into the bushes. Male combats were observed occasionally as the last option to chase the intruder away in the form of wrestling (like that of monitor lizards, Varanus spp.) in bipedal position, pushing each other with the help of anterior body and using forelimbs, and biting at the base of the tail. Male combat was observed by PPM during 
<date box="[771,894,691,717]" pageId="8" pageNumber="269" value="2010-04">April 2010</date>
at Utkal University campus at 11:00hrs and the wrestling part took 6 minutes. Similar observations of male-male combat and tail biting were observed in 
<taxonomicName authorityName="Deepak" authorityYear="2016" box="[1350,1437,727,753]" class="Reptilia" family="Agamidae" genus="Sitana" kingdom="Animalia" order="Squamata" pageId="8" pageNumber="269" phylum="Chordata" rank="species" species="visiri">
<emphasis box="[1350,1437,727,753]" italics="true" pageId="8" pageNumber="269">S. visiri</emphasis>
</taxonomicName>
in Tuticorin, 
<collectingRegion box="[299,433,763,789]" country="India" name="Tamil Nadu" pageId="8" pageNumber="269">Tamil Nadu</collectingRegion>
(DV pers. obs.) in 
<date box="[653,811,763,789]" pageId="8" pageNumber="269" value="2013-10">October 2013</date>
. The nuchal crest was observed only during male-male combats in 
<emphasis box="[281,922,799,825]" italics="true" pageId="8" pageNumber="269">
<taxonomicName authorityName="Deepak &amp; Giri" authorityYear="2016" box="[281,400,799,825]" class="Reptilia" family="Agamidae" genus="Sitana" kingdom="Animalia" order="Squamata" pageId="8" pageNumber="269" phylum="Chordata" rank="species" species="laticeps">S. laticeps</taxonomicName>
, 
<taxonomicName authorityName="Deepak, Vyas &amp; Giri" authorityYear="2016" box="[412,615,799,825]" class="Reptilia" family="Agamidae" genus="Sitana" kingdom="Animalia" order="Squamata" pageId="8" pageNumber="269" phylum="Chordata" rank="species" species="spinaecephalus">S. spinaecephalus</taxonomicName>
, 
<taxonomicName authorityName="Deepak, Khandekar, Chaitanya &amp; Karanth" authorityYear="2018" box="[628,782,799,825]" class="Reptilia" family="Agamidae" genus="Sitana" kingdom="Animalia" order="Squamata" pageId="8" pageNumber="269" phylum="Chordata" rank="species" species="gokakensis">S. gokakensis</taxonomicName>
, 
<taxonomicName authorityName="Deepak, Khandekar, Chaitanya &amp; Karanth" authorityYear="2018" box="[794,922,799,825]" class="Reptilia" family="Agamidae" genus="Sitana" kingdom="Animalia" order="Squamata" pageId="8" pageNumber="269" phylum="Chordata" rank="species" species="thondalu">S. thondalu</taxonomicName>
</emphasis>
and 
<taxonomicName authorityName="Cuvier" authorityYear="1829" box="[978,1149,799,825]" class="Reptilia" family="Agamidae" genus="Sitana" kingdom="Animalia" order="Squamata" pageId="8" pageNumber="269" phylum="Chordata" rank="species" species="ponticeriana">
<emphasis box="[978,1149,799,825]" italics="true" pageId="8" pageNumber="269">S. ponticeriana</emphasis>
</taxonomicName>
(DV pers. obs.) and in 
<taxonomicName authorityName="Deepak, Khandekar, Varma &amp; Chaitanya" authorityYear="2016" class="Reptilia" family="Agamidae" genus="Sitana" kingdom="Animalia" order="Squamata" pageId="8" pageNumber="269" phylum="Chordata" rank="species" species="marudhamneydhal">
<emphasis italics="true" pageId="8" pageNumber="269">S. marudhamneydhal</emphasis>
</taxonomicName>
(A. Balan pers. obs.)
</paragraph>
</subSubSection>
</treatment>
</document>