<document ID-DOI="http://doi.org/10.5281/zenodo.4694582" ID-GBIF-Dataset="7a76dd6f-bb26-4ca4-aa56-0a30df56743d" ID-ISSN="1175-5326" ID-Zenodo-Dep="4694582" ID-ZooBank="8185F7E4-95C1-45F2-8D63-B7D79954A444" _generate="added" checkinTime="1617175836352" checkinUser="plazi" docAuthor="Dong, Zhiwei, Yiu, Vor, Liu, Guichun, He, Jinwu, Zhao, Ruoping, Peng, Yanqiong &amp; Li, Xueyan" docDate="2021" docId="BA5287F8FF9AFFFAFF16C0DFFF6CBF30" docLanguage="en" docName="zootaxa.4950.3.2.pdf" docOrigin="Zootaxa 4950 (3)" docStyle="DocumentStyle:647186512141C8FC8976D5BCC54AEB7D.6:Zootaxa.2013.journal_article" docStyleId="647186512141C8FC8976D5BCC54AEB7D" docStyleName="Zootaxa.2013.journal_article" docStyleVersion="6" docTitle="Lamprigera morator" docType="treatment" docVersion="4" lastPageId="19" lastPageNumber="460" masterDocId="466BFF80FF8BFFE9FF81C601FF96BD29" masterDocTitle="Three new species of Lamprigera Motschulsky (Coleoptera, Lampyridae) from China, with notes on known species" masterLastPageNumber="468" masterPageNumber="441" pageId="17" pageNumber="458" updateTime="1618497032172" updateUser="ExternalLinkService" zenodo-license-document="CLOSED">
<mods:mods xmlns:mods="http://www.loc.gov/mods/v3">
<mods:titleInfo>
<mods:title>Three new species of Lamprigera Motschulsky (Coleoptera, Lampyridae) from China, with notes on known species</mods:title>
</mods:titleInfo>
<mods:name type="personal">
<mods:role>
<mods:roleTerm>Author</mods:roleTerm>
</mods:role>
<mods:namePart>Dong, Zhiwei</mods:namePart>
<mods:affiliation>Key Laboratory of Tropical Forest Ecology, Xishuangbanna Tropical Botanical Garden, Chinese Academy of Sciences, Mengla, Yunnan 666303, China &amp; State Key Laboratory of Genetic Resources and Evolution, Kunming Institute of Zoology, Chinese Academy of Sciences, Kunming 650223, China</mods:affiliation>
</mods:name>
<mods:name type="personal">
<mods:role>
<mods:roleTerm>Author</mods:roleTerm>
</mods:role>
<mods:namePart>Yiu, Vor</mods:namePart>
<mods:affiliation>Hong Kong Entomological Society, 31 E, Tin Sam Tsuen, Kam Sheung Road, Yuen Long, Hong Kong, China</mods:affiliation>
</mods:name>
<mods:name type="personal">
<mods:role>
<mods:roleTerm>Author</mods:roleTerm>
</mods:role>
<mods:namePart>Liu, Guichun</mods:namePart>
<mods:affiliation>State Key Laboratory of Genetic Resources and Evolution, Kunming Institute of Zoology, Chinese Academy of Sciences, Kunming 650223, China</mods:affiliation>
</mods:name>
<mods:name type="personal">
<mods:role>
<mods:roleTerm>Author</mods:roleTerm>
</mods:role>
<mods:namePart>He, Jinwu</mods:namePart>
<mods:affiliation>State Key Laboratory of Genetic Resources and Evolution, Kunming Institute of Zoology, Chinese Academy of Sciences, Kunming 650223, China &amp; University of Chinese Academy of Sciences, Beijing 100049, China</mods:affiliation>
</mods:name>
<mods:name type="personal">
<mods:role>
<mods:roleTerm>Author</mods:roleTerm>
</mods:role>
<mods:namePart>Zhao, Ruoping</mods:namePart>
<mods:affiliation>State Key Laboratory of Genetic Resources and Evolution, Kunming Institute of Zoology, Chinese Academy of Sciences, Kunming 650223, China</mods:affiliation>
</mods:name>
<mods:name type="personal">
<mods:role>
<mods:roleTerm>Author</mods:roleTerm>
</mods:role>
<mods:namePart>Peng, Yanqiong</mods:namePart>
<mods:affiliation>Key Laboratory of Tropical Forest Ecology, Xishuangbanna Tropical Botanical Garden, Chinese Academy of Sciences, Mengla, Yunnan 666303, China</mods:affiliation>
</mods:name>
<mods:name type="personal">
<mods:role>
<mods:roleTerm>Author</mods:roleTerm>
</mods:role>
<mods:namePart>Li, Xueyan</mods:namePart>
<mods:affiliation>State Key Laboratory of Genetic Resources and Evolution, Kunming Institute of Zoology, Chinese Academy of Sciences, Kunming 650223, China</mods:affiliation>
</mods:name>
<mods:typeOfResource>text</mods:typeOfResource>
<mods:relatedItem type="host">
<mods:titleInfo>
<mods:title>Zootaxa</mods:title>
</mods:titleInfo>
<mods:part>
<mods:date>2021</mods:date>
<mods:detail type="pubDate">
<mods:number>2021-03-31</mods:number>
</mods:detail>
<mods:detail type="volume">
<mods:number>4950</mods:number>
</mods:detail>
<mods:detail type="issue">
<mods:number>3</mods:number>
</mods:detail>
<mods:extent unit="page">
<mods:start>441</mods:start>
<mods:end>468</mods:end>
</mods:extent>
</mods:part>
</mods:relatedItem>
<mods:classification>journal article</mods:classification>
<mods:identifier type="DOI">https://doi.org/10.11646/zootaxa.4950.3.2</mods:identifier>
<mods:identifier type="GBIF-Dataset">7a76dd6f-bb26-4ca4-aa56-0a30df56743d</mods:identifier>
<mods:identifier type="ISSN">1175-5326</mods:identifier>
<mods:identifier type="Zenodo-Dep">4649965</mods:identifier>
<mods:identifier type="ZooBank">8185F7E4-95C1-45F2-8D63-B7D79954A444</mods:identifier>
</mods:mods>
<treatment ID-DOI="http://doi.org/10.5281/zenodo.4694582" ID-Zenodo-Dep="4694582" LSID="urn:lsid:plazi:treatment:BA5287F8FF9AFFFAFF16C0DFFF6CBF30" httpUri="http://treatment.plazi.org/id/BA5287F8FF9AFFFAFF16C0DFFF6CBF30" lastPageId="19" lastPageNumber="460" pageId="17" pageNumber="458">
<subSubSection box="[151,585,1757,1784]" pageId="17" pageNumber="458" type="nomenclature">
<paragraph blockId="17.[151,585,1757,1820]" box="[151,585,1757,1784]" pageId="17" pageNumber="458">
<heading bold="true" box="[151,585,1757,1784]" fontSize="11" level="1" pageId="17" pageNumber="458" reason="1">
<taxonomicName authority="(Olivier, 1891)" baseAuthorityName="Olivier" baseAuthorityYear="1891" box="[151,585,1757,1784]" class="Insecta" family="Lampyridae" genus="Lamprigera" kingdom="Animalia" order="Coleoptera" pageId="17" pageNumber="458" phylum="Arthropoda" rank="species" species="morator">
<emphasis bold="true" box="[151,585,1757,1784]" italics="true" pageId="17" pageNumber="458">
Lamprigera morator (
<bibRefCitation author="Olivier, E" box="[415,577,1757,1783]" pageId="17" pageNumber="458" pagination="10" refId="ref16629" refString="Olivier, E (1891) Viaggio di leonardo fea in Birmania E Regioni Vicine XXXV. Lampyrides Rapporte De Birmanie Par M. L. Fea avec Descriptions des Especes Nouvelles, Annali del Museo Civico di Storia Naturale di Genova, 30, 10." type="journal article" year="1891">Olivier, 1891</bibRefCitation>
)
</emphasis>
</taxonomicName>
</heading>
</paragraph>
</subSubSection>
<subSubSection box="[151,277,1794,1820]" pageId="17" pageNumber="458" type="description">
<paragraph blockId="17.[151,585,1757,1820]" box="[151,277,1794,1820]" pageId="17" pageNumber="458">
<figureCitation box="[151,277,1794,1820]" captionStart="FIGURES 76–81" captionStartId="18.[151,264,1858,1882]" captionTargetBox="[161,1436,818,1826]" captionTargetId="figure-282@18.[151,1437,812,1834]" captionTargetPageId="18" captionText="FIGURES 76–81. Lamprigera morator. 76–78 Habitus of male adult. 76 Dorsal view; 77 Ventral view; 78 Pronotum. 79– 81 Male genitalia. 79 Dorsal view; 80 Ventral view; 81 Lateral view. Scale bars: 5 mm (76–78), 0.5 mm (79–81)." figureDoi="http://doi.org/10.5281/zenodo.4649987" httpUri="https://zenodo.org/record/4649987/files/figure.png" pageId="17" pageNumber="458">Figs 76–81</figureCitation>
</paragraph>
</subSubSection>
<subSubSection pageId="17" pageNumber="458" type="reference_group">
<paragraph blockId="17.[151,827,1862,1917]" box="[151,827,1862,1886]" pageId="17" pageNumber="458">
<treatmentCitationGroup box="[151,827,1862,1886]" pageId="17" pageNumber="458">
<treatmentCitation author="Olivier, E" box="[151,582,1862,1886]" page="596" pageId="17" pageNumber="458" year="1891">
<taxonomicName authority="Olivier, 1891: 596" authorityName="Olivier" authorityPageNumber="596" authorityYear="1891" baseAuthorityName="Olivier" baseAuthorityYear="1891" box="[151,582,1862,1886]" class="Insecta" family="Lampyridae" genus="Lamprophorus" kingdom="Animalia" order="Coleoptera" pageId="17" pageNumber="458" phylum="Arthropoda" rank="species" species="morator">
<emphasis box="[151,390,1862,1886]" italics="true" pageId="17" pageNumber="458">Lamprophorus morator</emphasis>
<materialsCitation box="[397,582,1862,1886]" country="Myanmar" location="Burma" pageId="17" pageNumber="458" specimenCount="1">
<bibRefCitation author="Olivier, E" box="[397,582,1862,1886]" pageId="17" pageNumber="458" pagination="10" refId="ref16629" refString="Olivier, E (1891) Viaggio di leonardo fea in Birmania E Regioni Vicine XXXV. Lampyrides Rapporte De Birmanie Par M. L. Fea avec Descriptions des Especes Nouvelles, Annali del Museo Civico di Storia Naturale di Genova, 30, 10." type="journal article" year="1891">Olivier, 1891: 596</bibRefCitation>
</materialsCitation>
</taxonomicName>
</treatmentCitation>
(
<typeStatus box="[595,647,1862,1886]" pageId="17" pageNumber="458">Type</typeStatus>
locality: 
<collectingCountry box="[743,817,1862,1886]" name="Myanmar" pageId="17" pageNumber="458">Burma</collectingCountry>
).
</treatmentCitationGroup>
</paragraph>
<paragraph blockId="17.[151,827,1862,1917]" box="[151,590,1893,1917]" pageId="17" pageNumber="458">
<taxonomicName authority=": McDermott 1966: 76" authorityName=": McDermott" authorityPageNumber="76" authorityYear="1966" box="[151,586,1893,1917]" class="Insecta" family="Lampyridae" genus="Lamprigera" kingdom="Animalia" order="Coleoptera" pageId="17" pageNumber="458" phylum="Arthropoda" rank="species" species="morator">
<emphasis box="[151,362,1894,1917]" italics="true" pageId="17" pageNumber="458">Lamprigera morator</emphasis>
: 
<bibRefCitation author="McDermott, F. A." box="[375,586,1893,1917]" pageId="17" pageNumber="458" pagination="1 - 149" refId="ref16387" refString="McDermott, F. A. (1966) Lampyridae. In: Steel, W. O. (Ed.), Coleopterorum Catalogus Supplementa. Pars 9. Editio Secunda. W. Junk, S'Gravenhage, pp. 1 - 149." type="book chapter" year="1966">McDermott 1966:76</bibRefCitation>
</taxonomicName>
.
</paragraph>
</subSubSection>
<subSubSection pageId="17" pageNumber="458" type="diagnosis">
<paragraph blockId="17.[151,1436,1963,2026]" pageId="17" pageNumber="458">
<emphasis bold="true" box="[151,274,1963,1989]" pageId="17" pageNumber="458">Diagnosis.</emphasis>
This species has short oblong body (BW/BL approximate 0.60). Its pronotum is semi-elliptical with two translucent windows and a median longitudinal ridge. Male genitalia medial lobe thin, a little longer than parameres.
</paragraph>
</subSubSection>
<subSubSection lastPageId="19" lastPageNumber="460" pageId="18" pageNumber="459" type="description">
<paragraph blockId="18.[151,1437,150,788]" pageId="18" pageNumber="459">
<emphasis bold="true" box="[199,645,150,176]" pageId="18" pageNumber="459">Redescription of our male specimens</emphasis>
(
<figureCitation box="[662,792,150,177]" captionStart="FIGURES 76–81" captionStartId="18.[151,264,1858,1882]" captionTargetBox="[161,1436,818,1826]" captionTargetId="figure-282@18.[151,1437,812,1834]" captionTargetPageId="18" captionText="FIGURES 76–81. Lamprigera morator. 76–78 Habitus of male adult. 76 Dorsal view; 77 Ventral view; 78 Pronotum. 79– 81 Male genitalia. 79 Dorsal view; 80 Ventral view; 81 Lateral view. Scale bars: 5 mm (76–78), 0.5 mm (79–81)." figureDoi="http://doi.org/10.5281/zenodo.4649987" httpUri="https://zenodo.org/record/4649987/files/figure.png" pageId="18" pageNumber="459">Figs 76–78</figureCitation>
). Body short oblong. BL: 
<quantity box="[1096,1264,150,177]" metricMagnitude="-2" metricUnit="m" metricValue="1.635" metricValueMax="1.68" metricValueMin="1.59" pageId="18" pageNumber="459" unit="mm" value="16.35" valueMax="16.8" valueMin="15.9">15.9–16.8 mm</quantity>
; BW: 
<quantity metricMagnitude="-3" metricUnit="m" metricValue="9.899999999999999" metricValueMax="10.1" metricValueMin="9.7" pageId="18" pageNumber="459" unit="mm" value="9.899999999999999" valueMax="10.1" valueMin="9.7">9.7–10.1 mm</quantity>
; BW/BL approximate 0.60. Coloration (
<figureCitation box="[655,788,186,213]" captionStart="FIGURES 76–81" captionStartId="18.[151,264,1858,1882]" captionTargetBox="[161,1436,818,1826]" captionTargetId="figure-282@18.[151,1437,812,1834]" captionTargetPageId="18" captionText="FIGURES 76–81. Lamprigera morator. 76–78 Habitus of male adult. 76 Dorsal view; 77 Ventral view; 78 Pronotum. 79– 81 Male genitalia. 79 Dorsal view; 80 Ventral view; 81 Lateral view. Scale bars: 5 mm (76–78), 0.5 mm (79–81)." figureDoi="http://doi.org/10.5281/zenodo.4649987" httpUri="https://zenodo.org/record/4649987/files/figure.png" pageId="18" pageNumber="459">Figs 76–78</figureCitation>
): head black; pronotum with a black pentagonal pronotal disc and other area yellow-brown, having two translucent windows at anterior edge; scutellum dark brown; elytra dark brown with a little light brown pilosity; tibiae, tarsi, and ventrites I–V brown to dark brown. 
<emphasis bold="true" box="[1291,1355,258,284]" pageId="18" pageNumber="459">Head</emphasis>
. Large with big compound eyes, PW/GHW = 2–1.83; compound eyes kidney-shaped in lateral view and almost contiguous ventrally. Antennae clavate, short, only slightly longer than the diameter of a compound eye, barely exceeding the front edge of pronotum in transverse condition, thickly hirsute, first antennomere cylindrical and as long as second, second narrower, 3–10segments triangular, last antennomere bifurcate apically. Mandibles curved, slender, and sharply pointed; maxillary palp 5-segmented, apical segment circular; labial palp bi-segmented and pointed.
</paragraph>
<paragraph blockId="18.[151,1437,150,788]" pageId="18" pageNumber="459">
<emphasis bold="true" box="[151,247,474,500]" pageId="18" pageNumber="459">Thorax.</emphasis>
Pronotum (
<figureCitation box="[380,461,474,500]" captionStart="FIGURES 76–81" captionStartId="18.[151,264,1858,1882]" captionTargetBox="[161,1436,818,1826]" captionTargetId="figure-282@18.[151,1437,812,1834]" captionTargetPageId="18" captionText="FIGURES 76–81. Lamprigera morator. 76–78 Habitus of male adult. 76 Dorsal view; 77 Ventral view; 78 Pronotum. 79– 81 Male genitalia. 79 Dorsal view; 80 Ventral view; 81 Lateral view. Scale bars: 5 mm (76–78), 0.5 mm (79–81)." figureDoi="http://doi.org/10.5281/zenodo.4649987" httpUri="https://zenodo.org/record/4649987/files/figure.png" pageId="18" pageNumber="459">Fig. 78</figureCitation>
) semi-elliptical (PW/PL = 1.51–1.57) with two translucent windows and a median longitudinal ridge. Scutellum triangular. Elytra oblong, thinly pilose. Legs slender. 
<emphasis bold="true" box="[1056,1180,510,536]" pageId="18" pageNumber="459">Abdomen.</emphasis>
Abdominal terga with posterior angles acutely projected posteriad, increasingly arcuate posteriad. Pygidium with circular lateral margins and posterior edge centrally depressed. Ventrite VII semi-circular.
</paragraph>
<paragraph blockId="18.[151,1437,150,788]" pageId="18" pageNumber="459">
<emphasis bold="true" box="[199,373,618,644]" pageId="18" pageNumber="459">Male genitalia</emphasis>
(
<figureCitation box="[391,522,618,644]" captionStart="FIGURES 76–81" captionStartId="18.[151,264,1858,1882]" captionTargetBox="[161,1436,818,1826]" captionTargetId="figure-282@18.[151,1437,812,1834]" captionTargetPageId="18" captionText="FIGURES 76–81. Lamprigera morator. 76–78 Habitus of male adult. 76 Dorsal view; 77 Ventral view; 78 Pronotum. 79– 81 Male genitalia. 79 Dorsal view; 80 Ventral view; 81 Lateral view. Scale bars: 5 mm (76–78), 0.5 mm (79–81)." figureDoi="http://doi.org/10.5281/zenodo.4649987" httpUri="https://zenodo.org/record/4649987/files/figure.png" pageId="18" pageNumber="459">Figs 79–81</figureCitation>
<emphasis bold="true" box="[521,537,618,644]" pageId="18" pageNumber="459">).</emphasis>
Aedeagus sheath 
<quantity box="[751,854,618,645]" metricMagnitude="-3" metricUnit="m" metricValue="1.65" pageId="18" pageNumber="459" unit="mm" value="1.65">1.65 mm</quantity>
long, covering dorsal side of male genitalia, with broadly rounded base. Aedeagus 
<quantity box="[518,617,654,681]" metricMagnitude="-3" metricUnit="m" metricValue="1.96" pageId="18" pageNumber="459" unit="mm" value="1.96">1.96 mm</quantity>
long, sclerotised. Basal piece oblong and smooth, shorter than parameres. Medial lobe thin, a little longer than parameres. Parameres symmetrical, hypertrophic, close to the medial lobe, subparallel sided, tapering from half their length.
</paragraph>
<paragraph blockId="18.[151,1437,150,788]" box="[199,429,762,788]" pageId="18" pageNumber="459">
<emphasis bold="true" box="[199,304,762,788]" pageId="18" pageNumber="459">Females.</emphasis>
Unknown.
</paragraph>
<caption ID-DOI="http://doi.org/10.5281/zenodo.4649987" ID-Zenodo-Dep="4649987" httpUri="https://zenodo.org/record/4649987/files/figure.png" pageId="18" pageNumber="459" startId="18.[151,264,1858,1882]" targetBox="[161,1436,818,1826]" targetPageId="18">
<paragraph blockId="18.[151,1436,1858,1918]" pageId="18" pageNumber="459">
<emphasis bold="true" box="[151,646,1858,1882]" pageId="18" pageNumber="459">
FIGURES 76–81. 
<taxonomicName authorityName=": McDermott" authorityYear="1966" box="[351,567,1858,1882]" class="Insecta" family="Lampyridae" genus="Lamprigera" kingdom="Animalia" order="Coleoptera" pageId="18" pageNumber="459" phylum="Arthropoda" rank="species" species="morator">
<emphasis bold="true" box="[351,567,1858,1882]" italics="true" pageId="18" pageNumber="459">Lamprigera morator</emphasis>
</taxonomicName>
. 76–78
</emphasis>
Habitus of male adult. 
<emphasis bold="true" box="[895,920,1858,1882]" pageId="18" pageNumber="459">76</emphasis>
Dorsal view; 
<emphasis bold="true" box="[1069,1094,1858,1882]" pageId="18" pageNumber="459">77</emphasis>
Ventral view; 
<emphasis bold="true" box="[1249,1274,1858,1882]" pageId="18" pageNumber="459">78</emphasis>
Pronotum. 
<emphasis bold="true" pageId="18" pageNumber="459">79– 81</emphasis>
Male genitalia. 
<emphasis bold="true" box="[341,366,1894,1918]" pageId="18" pageNumber="459">79</emphasis>
Dorsal view; 
<emphasis bold="true" box="[509,534,1894,1918]" pageId="18" pageNumber="459">80</emphasis>
Ventral view; 
<emphasis bold="true" box="[683,708,1894,1918]" pageId="18" pageNumber="459">81</emphasis>
Lateral view. Scale bars: 5 mm (
<emphasis bold="true" box="[1043,1106,1894,1918]" pageId="18" pageNumber="459">76–78</emphasis>
), 0.5 mm (
<emphasis bold="true" box="[1219,1282,1894,1918]" pageId="18" pageNumber="459">79–81</emphasis>
).
</paragraph>
</caption>
<paragraph blockId="19.[151,1437,151,537]" pageId="19" pageNumber="460">
<emphasis bold="true" box="[199,338,151,177]" pageId="19" pageNumber="460">Immatures.</emphasis>
According to pairwise nucleotide distances of 
<emphasis box="[862,910,151,177]" italics="true" pageId="19" pageNumber="460">COI</emphasis>
, two larval populations from Fugong (Lg11-L) and Yongde (Lg15-L) (both with a distance of 0.035 to male population) are identified as the same species.
</paragraph>
</subSubSection>
<subSubSection pageId="19" pageNumber="460" type="materials_examined">
<paragraph blockId="19.[151,1437,151,537]" pageId="19" pageNumber="460">
<emphasis bold="true" box="[199,435,222,248]" pageId="19" pageNumber="460">Material examined.</emphasis>
<materialsCitation collectingDate="2004-04-26" collectingDateMax="2007-08-20" collectingDateMin="2004-04-26" collectorName="Xin-Wang Yang " country="China" county="Zhenkang County" location="Mangbing Township" municipality="Mangbing Village" pageId="19" pageNumber="460" specimenCount="1" specimenCount-male="1" stateProvince="Yunnan">
<emphasis bold="true" box="[444,658,222,249]" pageId="19" pageNumber="460">
<collectingCountry box="[444,542,222,248]" name="China" pageId="19" pageNumber="460">CHINA</collectingCountry>
: 
<collectingRegion box="[555,653,223,249]" country="China" name="Yunnan" pageId="19" pageNumber="460">Yunnan</collectingRegion>
:
</emphasis>
two 
<specimenCount box="[719,742,223,249]" pageId="19" pageNumber="460" type="male">♂</specimenCount>
, 
<collectingMunicipality box="[756,964,223,249]" pageId="19" pageNumber="460">Mangbing Village</collectingMunicipality>
, 
<location LSID="urn:lsid:plazi:treatment:BA5287F8FF9AFFFAFF16C0DFFF6CBF30:37246035FF98FFFAFC50C6DEFB28BDD0" box="[977,1214,223,249]" country="China" county="Zhenkang County" municipality="Mangbing Village" name="Mangbing Township" pageId="19" pageNumber="460" stateProvince="Yunnan">Mangbing Township</location>
, 
<collectingCounty box="[1227,1433,223,249]" pageId="19" pageNumber="460">Zhenkang County</collectingCounty>
, 
<collectorName box="[151,371,259,285]" pageId="19" pageNumber="460">Lincang Prefecture</collectorName>
, 
<date box="[385,534,259,285]" pageId="19" pageNumber="460" value="2007-08-20">
<collectingDate box="[385,534,259,285]" pageId="19" pageNumber="460" value="2007-08-20">20.VIII.2007</collectingDate>
</date>
, leg. 
<collectorName box="[600,782,259,285]" pageId="19" pageNumber="460">Xin-Wang Yang</collectorName>
(Lg14);
</materialsCitation>
<materialsCitation collectingDate="2004-04-26" collectingDateMax="2007-08-20" collectingDateMin="2004-04-26" collectorName="Xue-Yan Li" country="China" county="Zhenkang County" location="Mangbing Township" municipality="Mangbing Village" pageId="19" pageNumber="460" specimenCount="1" specimenCount-male="1" stateProvince="Yunnan">
<collectorName box="[888,925,259,285]" pageId="19" pageNumber="460">Six</collectorName>
larvae, 
<collectorName box="[1021,1239,259,285]" pageId="19" pageNumber="460">Nujiang Prefecture</collectorName>
, 
<location LSID="urn:lsid:plazi:treatment:BA5287F8FF9AFFFAFF16C0DFFF6CBF30:37246035FF98FFFAFB64C702FA0FBC34" box="[1253,1433,259,285]" country="China" county="Zhenkang County" municipality="Mangbing Village" name="Fugong County" pageId="19" pageNumber="460" stateProvince="Yunnan">Fugong County</location>
, 
<collectorName box="[151,346,295,321]" pageId="19" pageNumber="460">Yapingshikuliudi</collectorName>
, 
<date box="[356,483,295,321]" pageId="19" pageNumber="460" value="2004-04-26">
<collectingDate box="[356,483,295,321]" pageId="19" pageNumber="460" value="2004-04-26">26.IV.2004</collectingDate>
</date>
, leg. 
<collectorName box="[542,673,295,321]" pageId="19" pageNumber="460">Xue-Yan Li</collectorName>
(Lg11-L);
</materialsCitation>
<materialsCitation collectingDate="2004-04-26" collectingDateMax="2007-08-20" collectingDateMin="2004-04-26" collectorName=" De-Cai Ouyang" country="China" county="Zhenkang County" location="Mangbing Township" municipality="Mangbing Village" pageId="19" pageNumber="460" specimenCount="1" specimenCount-male="1" stateProvince="Yunnan">
<collectorName box="[797,850,295,321]" pageId="19" pageNumber="460">Four</collectorName>
larvae, 
<location LSID="urn:lsid:plazi:treatment:BA5287F8FF9AFFFAFF16C0DFFF6CBF30:37246035FF98FFFAFC2BC726FB08BC68" box="[938,1182,295,321]" country="China" county="Zhenkang County" municipality="Mangbing Village" name="Wumulong Township" pageId="19" pageNumber="460" stateProvince="Yunnan">Wumulong Township</location>
, 
<collectorName box="[1193,1340,295,321]" pageId="19" pageNumber="460">Lincang City</collectorName>
, 
<location LSID="urn:lsid:plazi:treatment:BA5287F8FF9AFFFAFF16C0DFFF6CBF30:37246035FF98FFFAFAC7C726FF7DBC4C" country="China" county="Zhenkang County" municipality="Mangbing Village" name="Yongde County" pageId="19" pageNumber="460" stateProvince="Yunnan">Yongde County</location>
, 
<date box="[246,376,331,357]" pageId="19" pageNumber="460" value="2006-11-10">
<collectingDate box="[246,376,331,357]" pageId="19" pageNumber="460" value="2006-11-10">10.XI.2006</collectingDate>
</date>
, leg. 
<collectorName box="[436,612,331,357]" pageId="19" pageNumber="460">De-Cai Ouyang</collectorName>
(Lg15-L)
</materialsCitation>
.
</paragraph>
</subSubSection>
<subSubSection box="[199,960,366,393]" pageId="19" pageNumber="460" type="distribution">
<paragraph blockId="19.[151,1437,151,537]" box="[199,960,366,393]" pageId="19" pageNumber="460">
<emphasis bold="true" box="[199,345,366,392]" pageId="19" pageNumber="460">Distribution</emphasis>
. 
<collectingCountry box="[359,439,367,393]" name="Myanmar" pageId="19" pageNumber="460">Burma</collectingCountry>
; 
<collectingCountry box="[450,521,367,393]" name="China" pageId="19" pageNumber="460">China</collectingCountry>
: 
<collectingRegion box="[531,617,367,393]" country="China" name="Yunnan" pageId="19" pageNumber="460">Yunnan</collectingRegion>
(Zhenkang, Yongde, Fugong).
</paragraph>
</subSubSection>
<subSubSection pageId="19" pageNumber="460" type="discussion">
<paragraph blockId="19.[151,1437,151,537]" pageId="19" pageNumber="460">
<emphasis bold="true" box="[199,315,403,429]" pageId="19" pageNumber="460">Remarks.</emphasis>
By comparing these specimens with the 
<typeStatus box="[778,826,403,429]" pageId="19" pageNumber="460">type</typeStatus>
specimens (
<figureCitation box="[965,1095,403,429]" captionStart="FIGURES 4–21" captionStartId="9.[151,264,1915,1939]" captionTargetBox="[170,1415,267,1890]" captionTargetId="figure-210@9.[170,1416,267,1891]" captionTargetPageId="9" captionText="FIGURES 4–21. Type specimens examined in this study. 4–6 Lamprigera minor (Olivier, 1885). 7–9 Lamprigera dorsalis (Olivier, 1903). 10–12 Lamprigera taimoshana Yiu, 2017. 13–15 Lamprigera boyei (Motschulsky, 1853). 16–18 Lamprigera morator (Olivier, 1891). 19–21 Lamprigera nepalensis (Hope, 1831)." figureDoi="http://doi.org/10.5281/zenodo.4649971" httpUri="https://zenodo.org/record/4649971/files/figure.png" pageId="19" pageNumber="460">Figs 16–18</figureCitation>
, 
<figureCitation box="[1107,1138,403,429]" captionStart="FIGURES 39–51" captionStartId="11.[151,264,1216,1240]" captionTargetBox="[151,1435,184,1191]" captionTargetId="figure-17@11.[151,1435,181,1192]" captionTargetPageId="11" captionText="FIGURES 39–51. Pronotum of type specimens in this study. 39 Lamprigera minor (Olivier, 1885). 40 Lamprigera dorsalis (Olivier, 1903). 41 Lamprigera taimoshana Yiu, 2017. 42 Lamprigera boyei (Motschulsky, 1853). 43 Lamprigera morator (Olivier, 1891). 44 Lamprigera nepalensis (Hope, 1831). 45 Lamprigera tenebrosa (Walker, 1858). 46 Lamprigera nitidicollis (Fairmaire, 1891). 47 Lamprigera tardus (Gorham, 1895). 48 Lamprigera diffinis (Walker, 1858). 49 Lamprigera yunnana (Fairmaire, 1897). 50 Lamprigera lutosipennis (Faimaire, 1897). 51 Lamprigera marussii (Pic, 1955)." figureDoi="http://doi.org/10.5281/zenodo.4649975" httpUri="https://zenodo.org/record/4649975/files/figure.png" pageId="19" pageNumber="460">43</figureCitation>
), the clade 6 (
<tableCitation box="[1295,1381,403,429]" captionStart="TABLE 3" captionStartId="24.[151,239,151,175]" captionText="TABLE 3. Summary of pairwise distances among different species." pageId="19" pageNumber="460">Table 3</tableCitation>
) can be identified as 
<taxonomicName box="[325,435,439,464]" class="Insecta" family="Lampyridae" genus="Lamprigera" kingdom="Animalia" order="Coleoptera" pageId="19" pageNumber="460" phylum="Arthropoda" rank="species" species="morato">
<emphasis box="[325,435,439,464]" italics="true" pageId="19" pageNumber="460">L. morato</emphasis>
</taxonomicName>
, originally recorded in 
<collectingCountry box="[693,769,439,465]" name="Myanmar" pageId="19" pageNumber="460">Burma</collectingCountry>
(
<bibRefCitation author="Olivier, E" box="[782,929,439,465]" pageId="19" pageNumber="460" pagination="10" refId="ref16629" refString="Olivier, E (1891) Viaggio di leonardo fea in Birmania E Regioni Vicine XXXV. Lampyrides Rapporte De Birmanie Par M. L. Fea avec Descriptions des Especes Nouvelles, Annali del Museo Civico di Storia Naturale di Genova, 30, 10." type="journal article" year="1891">Olivier 1891</bibRefCitation>
). This species is similar to 
<taxonomicName authority="Dong &amp; Yiu &amp; Liu &amp; He &amp; Zhao &amp; Peng &amp; Li, 2021" authorityName="Dong &amp; Yiu &amp; Liu &amp; He &amp; Zhao &amp; Peng &amp; Li" authorityYear="2021" box="[1224,1436,439,464]" class="Insecta" family="Lampyridae" genus="Lamprigera" kingdom="Animalia" order="Coleoptera" pageId="19" pageNumber="460" phylum="Arthropoda" rank="species" species="magnapronotum" status="sp. nov">
<emphasis box="[1224,1436,439,464]" italics="true" pageId="19" pageNumber="460">L. magnapronotum</emphasis>
</taxonomicName>
<taxonomicNameLabel box="[151,233,475,501]" pageId="19" pageNumber="460" rank="species">sp. nov</taxonomicNameLabel>
in shape of the pronotum and male genitalia, but can be separated based on the yellow brown femurs of 
<taxonomicName authorityName=": McDermott" authorityYear="1966" class="Insecta" family="Lampyridae" genus="Lamprigera" kingdom="Animalia" order="Coleoptera" pageId="19" pageNumber="460" phylum="Arthropoda" rank="species" species="morator">
<emphasis italics="true" pageId="19" pageNumber="460">L. morator</emphasis>
</taxonomicName>
.
</paragraph>
</subSubSection>
</treatment>
</document>