<document ID-DOI="http://doi.org/10.5281/zenodo.4474187" ID-GBIF-Dataset="1b50774e-3be8-4997-9f39-45e6f5d66cae" ID-ISSN="1175-5326" ID-Zenodo-Dep="4474187" ID-ZooBank="803ED7FD-4A09-44F4-AAE2-6F70A0509E86" _generate="added" approvalRequired="69" approvalRequired_for_illustrations="18" approvalRequired_for_taxonomicNames="26" approvalRequired_for_treatments="25" checkinTime="1611648695462" checkinUser="plazi" docAuthor="Perry, Ryan K. &amp; Heraty, John M." docDate="2021" docId="BC53327AFFEC6C6E25CFFC59D51FC3A4" docLanguage="en" docName="zootaxa.4916.1.1.pdf" docOrigin="Zootaxa 4916 (1)" docStyle="DocumentStyle:5EBBA59367AD13919D70D935FA04F6A3.5:Zootaxa.2013.monograph" docStyleId="5EBBA59367AD13919D70D935FA04F6A3" docStyleName="Zootaxa.2013.monograph" docStyleVersion="5" docTitle="Zagrammosoma seini Wolcott" docType="treatment" docVersion="7" lastPageId="88" lastPageNumber="89" masterDocId="406A4A02FFBA6C362558FFF6D066C458" masterDocTitle="Read between the lineata: A revision of the tattooed wasps, Zagrammosoma Ashmead (Hymenoptera: Eulophidae), with descriptions of eleven new species" masterLastPageNumber="108" masterPageNumber="1" pageId="86" pageNumber="87" updateTime="1611774191496" updateUser="ExternalLinkService">
<mods:mods xmlns:mods="http://www.loc.gov/mods/v3">
<mods:titleInfo>
<mods:title>Read between the lineata: A revision of the tattooed wasps, Zagrammosoma Ashmead (Hymenoptera: Eulophidae), with descriptions of eleven new species</mods:title>
</mods:titleInfo>
<mods:name type="personal">
<mods:role>
<mods:roleTerm>Author</mods:roleTerm>
</mods:role>
<mods:namePart>Perry, Ryan K.</mods:namePart>
<mods:nameIdentifier type="ORCID">0000-0003-4548-8639</mods:nameIdentifier>
<mods:nameIdentifier type="email">rperr003@ucr.edu</mods:nameIdentifier>
</mods:name>
<mods:name type="personal">
<mods:role>
<mods:roleTerm>Author</mods:roleTerm>
</mods:role>
<mods:namePart>Heraty, John M.</mods:namePart>
<mods:nameIdentifier type="ORCID">0000-0003-4548-8639</mods:nameIdentifier>
<mods:nameIdentifier type="email">rperr003@ucr.edu</mods:nameIdentifier>
</mods:name>
<mods:typeOfResource>text</mods:typeOfResource>
<mods:relatedItem type="host">
<mods:titleInfo>
<mods:title>Zootaxa</mods:title>
</mods:titleInfo>
<mods:part>
<mods:date>2021</mods:date>
<mods:detail type="pubDate">
<mods:number>2021-01-26</mods:number>
</mods:detail>
<mods:detail type="volume">
<mods:number>4916</mods:number>
</mods:detail>
<mods:detail type="issue">
<mods:number>1</mods:number>
</mods:detail>
<mods:extent unit="page">
<mods:start>1</mods:start>
<mods:end>108</mods:end>
</mods:extent>
</mods:part>
</mods:relatedItem>
<mods:classification>journal article</mods:classification>
<mods:identifier type="DOI">https://doi.org/10.11646/zootaxa.4916.1.1</mods:identifier>
<mods:identifier type="GBIF-Dataset">1b50774e-3be8-4997-9f39-45e6f5d66cae</mods:identifier>
<mods:identifier type="ISSN">1175-5326</mods:identifier>
<mods:identifier type="Zenodo-Dep">4471803</mods:identifier>
<mods:identifier type="ZooBank">803ED7FD-4A09-44F4-AAE2-6F70A0509E86</mods:identifier>
</mods:mods>
<treatment ID-DOI="http://doi.org/10.5281/zenodo.4474187" ID-Zenodo-Dep="4474187" LSID="urn:lsid:plazi:treatment:BC53327AFFEC6C6E25CFFC59D51FC3A4" httpUri="http://treatment.plazi.org/id/BC53327AFFEC6C6E25CFFC59D51FC3A4" lastPageId="88" lastPageNumber="89" pageId="86" pageNumber="87">
<subSubSection box="[151,518,943,969]" pageId="86" pageNumber="87" type="nomenclature">
<paragraph blockId="86.[151,518,943,1005]" box="[151,518,943,969]" pageId="86" pageNumber="87">
<heading bold="true" box="[151,518,943,969]" fontSize="11" level="2" pageId="86" pageNumber="87" reason="3">
<taxonomicName authority="Wolcott" authorityName="Wolcott" box="[151,518,943,969]" class="Insecta" family="Eulophidae" genus="Zagrammosoma" kingdom="Animalia" order="Hymenoptera" pageId="86" pageNumber="87" phylum="Arthropoda" rank="species" species="seini">
<emphasis bold="true" box="[151,518,943,969]" pageId="86" pageNumber="87">
<emphasis bold="true" box="[151,413,943,969]" italics="true" pageId="86" pageNumber="87">Zagrammosoma seini</emphasis>
Wolcott
</emphasis>
</taxonomicName>
</heading>
</paragraph>
</subSubSection>
<subSubSection box="[151,249,979,1005]" pageId="86" pageNumber="87" type="description">
<paragraph blockId="86.[151,518,943,1005]" box="[151,249,979,1005]" pageId="86" pageNumber="87">
(
<figureCitation box="[160,241,979,1005]" captionStart="FIGURE 38" captionStartId="87.[151,250,1962,1986]" captionTargetBox="[164,1423,309,1939]" captionTargetId="figure-73@87.[164,1423,309,1939]" captionTargetPageId="87" captionText="FIGURE 38. Zagrammosoma seini, ♀: (A) head, frontolateral, (B) lateral habitus, (C) fore wing, dorsal, (D) dorsal habitus; (E) ♁ dorsal habitus. Scale bar = 0.2 mm (A), 0.5 mm (B–E)." figureDoi="http://doi.org/10.5281/zenodo.4471883" httpUri="https://zenodo.org/record/4471883/files/figure.png" pageId="86" pageNumber="87">Fig. 38</figureCitation>
)
</paragraph>
</subSubSection>
<subSubSection pageId="86" pageNumber="87" type="reference_group">
<paragraph blockId="86.[151,1436,1042,1158]" pageId="86" pageNumber="87">
<treatmentCitationGroup pageId="86" pageNumber="87">
<taxonomicName authority="Wolcott, 1936: 525" authorityName="Wolcott" authorityPageNumber="525" authorityYear="1936" box="[151,581,1042,1066]" class="Insecta" family="Eulophidae" genus="Zagrammosoma" kingdom="Animalia" order="Hymenoptera" pageId="86" pageNumber="87" phylum="Arthropoda" rank="species" species="seini">
<treatmentCitation author="Wolcott, G. N." box="[151,581,1042,1066]" page="525" pageId="86" pageNumber="87" year="1936">
<emphasis box="[151,372,1042,1066]" italics="true" pageId="86" pageNumber="87">Zagrammosoma seini</emphasis>
<bibRefCitation author="Wolcott, G. N." box="[380,581,1042,1066]" pageId="86" pageNumber="87" pagination="1 - 630" refId="ref82177" refString="Wolcott, G. N. (1936) Insectae Borinquenses, a revision of Insectae Portoricensis, a preliminary annotated checklist of the insects of Porto Rico, with descriptions of some new species and first supplement to Insectae Portoricensis. Journal of Agriculture of the University of Puerto Rico, 20 (1), 1 - 630." type="journal article" year="1936">Wolcott, 1936: 525</bibRefCitation>
</treatmentCitation>
</taxonomicName>
. 
<typeStatus box="[592,693,1042,1066]" pageId="86" pageNumber="87">Lectotype</typeStatus>
<specimenCount box="[702,722,1042,1065]" pageId="86" pageNumber="87" type="female">♀</specimenCount>
. Locality: 
<collectingCountry box="[835,888,1042,1066]" name="United States of America" pageId="86" pageNumber="87">USA</collectingCountry>
, 
<collectingCountry box="[900,1025,1042,1066]" name="Puerto Rico" pageId="86" pageNumber="87">Puerto Rico</collectingCountry>
, 
<collectingRegion box="[1037,1096,1042,1065]" country="Puerto Rico" name="Lares" pageId="86" pageNumber="87">Lares</collectingRegion>
, 
<quantity box="[1108,1168,1042,1066]" metricMagnitude="2" metricUnit="m" metricValue="3.18" pageId="86" pageNumber="87" unit="m" value="318.0">318m</quantity>
, 
<date box="[1180,1267,1042,1066]" pageId="86" pageNumber="87" value="1934-12">xii.1934</date>
- 
<date box="[1274,1346,1042,1066]" pageId="86" pageNumber="87" value="1935-02">ii.1935</date>
, F. Sein, “PR 14-35”, host: 
<taxonomicName box="[387,596,1072,1096]" class="Insecta" family="Lyonetiidae" genus="Leucoptera" kingdom="Animalia" order="Lepidoptera" pageId="86" pageNumber="87" phylum="Arthropoda" rank="species" species="coffeella">
<emphasis box="[387,596,1072,1096]" italics="true" pageId="86" pageNumber="87">Leucoptera coffeella</emphasis>
</taxonomicName>
(
<taxonomicName authorityName="Linnaeus" authorityYear="1758" box="[609,737,1072,1096]" class="Magnoliopsida" higherTaxonomySource="GBIF" kingdom="Plantae" order="Lepidoptera" pageId="86" pageNumber="87" phylum="Tracheophyta" rank="order">Lepidoptera</taxonomicName>
: 
<taxonomicName authorityName="Stainton" authorityYear="1854" box="[747,872,1072,1096]" class="Insecta" family="Lyonetiidae" kingdom="Animalia" order="Lepidoptera" pageId="86" pageNumber="87" phylum="Arthropoda" rank="family">Lyonetiidae</taxonomicName>
): [UCRCENT 416789], by 
<emphasis bold="true" box="[1150,1360,1072,1097]" pageId="86" pageNumber="87">present designation</emphasis>
for nomenclatural stability; 
<emphasis bold="true" box="[420,632,1103,1127]" pageId="86" pageNumber="87">deposited at USNM</emphasis>
.
</treatmentCitationGroup>
</paragraph>
<paragraph blockId="86.[151,1436,1042,1158]" box="[151,1256,1134,1158]" pageId="86" pageNumber="87">
<taxonomicName baseAuthorityName="Wolcott" baseAuthorityYear="1936" box="[151,508,1134,1158]" class="Insecta" family="Eulophidae" genus="Cirrospilus" kingdom="Animalia" order="Hymenoptera" pageId="86" pageNumber="87" phylum="Arthropoda" rank="species" species="seini" subGenus="Zagrammosoma">
<emphasis box="[151,266,1134,1158]" italics="true" pageId="86" pageNumber="87">Cirrospilus</emphasis>
(
<emphasis box="[280,445,1135,1158]" italics="true" pageId="86" pageNumber="87">Zagrammosoma</emphasis>
) 
<emphasis box="[460,508,1134,1157]" italics="true" pageId="86" pageNumber="87">seini</emphasis>
</taxonomicName>
; incorrect combination and subgenus designation by DeSantis 1979: 261.
</paragraph>
</subSubSection>
<subSubSection pageId="86" pageNumber="87" type="diagnosis">
<paragraph blockId="86.[151,1437,1204,2023]" pageId="86" pageNumber="87">
<emphasis bold="true" box="[151,274,1204,1230]" pageId="86" pageNumber="87">Diagnosis.</emphasis>
<taxonomicName box="[281,523,1205,1230]" class="Insecta" family="Eulophidae" genus="Zagrammosoma" kingdom="Animalia" order="Hymenoptera" pageId="86" pageNumber="87" phylum="Arthropoda" rank="species" species="seini">
<emphasis box="[281,523,1205,1230]" italics="true" pageId="86" pageNumber="87">Zagrammosoma seini</emphasis>
</taxonomicName>
is characterized by the presence of both a wide, medial band dorsally on the mesoscutum and darkening of the fore wing apical margin. The mesosoma pattern is similar in 
<taxonomicName box="[1181,1345,1240,1266]" class="Insecta" family="Eulophidae" genus="Zagrammosoma" kingdom="Animalia" order="Hymenoptera" pageId="86" pageNumber="87" phylum="Arthropoda" rank="species" species="latilineatum">
<emphasis box="[1181,1345,1240,1266]" italics="true" pageId="86" pageNumber="87">Z. latilineatum</emphasis>
</taxonomicName>
, but the median band is thinner in 
<taxonomicName box="[443,526,1277,1302]" class="Insecta" family="Eulophidae" genus="Zagrammosoma" kingdom="Animalia" order="Hymenoptera" pageId="86" pageNumber="87" phylum="Arthropoda" rank="species" species="seini">
<emphasis box="[443,526,1277,1302]" italics="true" pageId="86" pageNumber="87">Z. seini</emphasis>
</taxonomicName>
than in 
<taxonomicName box="[617,782,1276,1302]" class="Insecta" family="Eulophidae" genus="Zagrammosoma" kingdom="Animalia" order="Hymenoptera" pageId="86" pageNumber="87" phylum="Arthropoda" rank="species" species="latilineatum">
<emphasis box="[617,782,1276,1302]" italics="true" pageId="86" pageNumber="87">Z. latilineatum</emphasis>
</taxonomicName>
(
<figureCitation box="[797,929,1276,1303]" captionStart="FIGURE 38" captionStartId="87.[151,250,1962,1986]" captionTargetBox="[164,1423,309,1939]" captionTargetId="figure-73@87.[164,1423,309,1939]" captionTargetPageId="87" captionText="FIGURE 38. Zagrammosoma seini, ♀: (A) head, frontolateral, (B) lateral habitus, (C) fore wing, dorsal, (D) dorsal habitus; (E) ♁ dorsal habitus. Scale bar = 0.2 mm (A), 0.5 mm (B–E)." figureDoi="http://doi.org/10.5281/zenodo.4471883" httpUri="https://zenodo.org/record/4471883/files/figure.png" pageId="86" pageNumber="87">Fig. 38D, E</figureCitation>
versus 26D, E), and 
<taxonomicName box="[1165,1330,1276,1302]" class="Insecta" family="Eulophidae" genus="Zagrammosoma" kingdom="Animalia" order="Hymenoptera" pageId="86" pageNumber="87" phylum="Arthropoda" rank="species" species="latilineatum">
<emphasis box="[1165,1330,1276,1302]" italics="true" pageId="86" pageNumber="87">Z. latilineatum</emphasis>
</taxonomicName>
lacks the apical band of the fore wing. 
<taxonomicName authorityName="Perry &amp; Heraty" authorityYear="2021" box="[487,766,1313,1338]" class="Insecta" family="Eulophidae" genus="Zagrammosoma" kingdom="Animalia" order="Hymenoptera" pageId="86" pageNumber="87" phylum="Arthropoda" rank="species" species="yanegai">
<emphasis box="[487,766,1313,1338]" italics="true" pageId="86" pageNumber="87">Zagrammosoma yanegai</emphasis>
</taxonomicName>
also has similar color patterns of the wings and mesosoma (
<figureCitation box="[160,260,1348,1374]" captionStart="FIGURE 48" captionStartId="101.[151,250,1926,1950]" captionTargetBox="[164,1423,273,1903]" captionTargetId="figure-57@101.[164,1423,273,1903]" captionTargetPageId="101" captionText="FIGURE 48. Zagrammosoma yanegai n. sp., ♀: (A) head, frontolateral, (B) lateral habitus, inset with color variant, (C) fore wing, dorsal, (D) dorsal habitus; (E) mesoscutellum and propodeum; (F) ♀ mesosoma color variation. Scale bar = 0.2 mm (A, E), 0.5 mm (B–D, F)." figureDoi="http://doi.org/10.5281/zenodo.4471905" httpUri="https://zenodo.org/record/4471905/files/figure.png" pageId="86" pageNumber="87">Fig. 48F</figureCitation>
), however 
<taxonomicName authorityName="Perry &amp; Heraty" authorityYear="2021" box="[386,505,1349,1374]" class="Insecta" family="Eulophidae" genus="Zagrammosoma" kingdom="Animalia" order="Hymenoptera" pageId="86" pageNumber="87" phylum="Arthropoda" rank="species" species="yanegai">
<emphasis box="[386,505,1349,1374]" italics="true" pageId="86" pageNumber="87">Z. yanegai</emphasis>
</taxonomicName>
possesses asymmetrical funiculars (
<figureCitation box="[916,1019,1348,1374]" captionStart="FIGURE 48" captionStartId="101.[151,250,1926,1950]" captionTargetBox="[164,1423,273,1903]" captionTargetId="figure-57@101.[164,1423,273,1903]" captionTargetPageId="101" captionText="FIGURE 48. Zagrammosoma yanegai n. sp., ♀: (A) head, frontolateral, (B) lateral habitus, inset with color variant, (C) fore wing, dorsal, (D) dorsal habitus; (E) mesoscutellum and propodeum; (F) ♀ mesosoma color variation. Scale bar = 0.2 mm (A, E), 0.5 mm (B–D, F)." figureDoi="http://doi.org/10.5281/zenodo.4471905" httpUri="https://zenodo.org/record/4471905/files/figure.png" pageId="86" pageNumber="87">Fig. 48A</figureCitation>
) and a less developed median carina on the propodeum.
</paragraph>
</subSubSection>
<subSubSection lastPageId="87" lastPageNumber="88" pageId="86" pageNumber="87" type="description">
<paragraph blockId="86.[151,1437,1204,2023]" pageId="86" pageNumber="87">
<emphasis bold="true" box="[199,345,1420,1446]" pageId="86" pageNumber="87">Description.</emphasis>
Female - body length 
<quantity box="[609,777,1420,1447]" metricMagnitude="-3" metricUnit="m" metricValue="1.805" metricValueMax="1.99" metricValueMin="1.62" pageId="86" pageNumber="87" unit="mm" value="1.805" valueMax="1.99" valueMin="1.62">1.62–1.99 mm</quantity>
. Metallic luster on body absent. Scape yellow with black stripe dorsally. Lower face with median stripe absent. Vertex with 2 stripes above compound eye. Dark stripe and band below compound eye yellow. Occiput yellow with 2 dark, vertical stripes. Pronotum with median band complete; laterally with 2 dark stripes. Mesoscutum with median band complete. Prepectus yellow with black stripe along dorsal margin. Mesoscutellum yellow with median band. Propodeum yellow with black median carina and diagonal line. Procoxa and mesocoxa yellow. Metacoxa yellow with black stripe basally. Profemur, mesofemur, and metafemur yellow. Fore wing: basal and cubital bands absent; parastigmal band present, at junction of parastigmal and marginal veins only; stigmal band present, with perpendicular extension greater than that of stigmal apex; postmarginal band absent; apical band present; connections from parastigmal band to stigmal band, and from stigmal band to postmarginal band absent. Hind wing hyaline. Gaster yellow with median black stripe; black stripe laterally.
</paragraph>
<paragraph blockId="86.[151,1437,1204,2023]" pageId="86" pageNumber="87">Upper ocular sulcus present. Pedicel longer than wide. Funiculars symmetrical: first longer than wide (w:l = 0.43–0.46); second longer than wide (w:l = 0.61–0.7).</paragraph>
<paragraph blockId="86.[151,1437,1204,2023]" pageId="86" pageNumber="87">
Pronotum, in dorsal view, bell-shaped (w:l = 1.4–1.94); 3 pairs of setae along posterior margin. Mesoscutum reticulate; small, scattered setae present; intermediate setae absent. Mesoscutellum wider than long (w:l = 1.15–1.25); submedian grooves absent. Hind tibial spur distinctly shorter than basitarsus. Hind basitarsus shorter than second tarsomere (bst:2 
<superScript attach="left" box="[332,348,1996,2010]" fontSize="6" pageId="86" pageNumber="87">nd</superScript>
= 0.63–0.89).
</paragraph>
<paragraph blockId="87.[151,1436,150,285]" pageId="87" pageNumber="88">Fore wing l:w = 2.24–2.26. Submarginal vein with 5–7 setae dorsally. Basal fold setae absent, or with one to two setae. Cubital fold setose.Admarginal setae present. Uncus originating on stigma by more than own length from stigmal apex.</paragraph>
<paragraph blockId="87.[151,1436,150,285]" box="[199,1248,258,285]" pageId="87" pageNumber="88">
Male - as female, except: body length 
<quantity box="[628,794,258,285]" metricMagnitude="-3" metricUnit="m" metricValue="1.21" metricValueMax="1.37" metricValueMin="1.05" pageId="87" pageNumber="88" unit="mm" value="1.21" valueMax="1.37" valueMin="1.05">1.05–1.37 mm</quantity>
; gaster with median stripe not complete.
</paragraph>
</subSubSection>
<caption ID-DOI="http://doi.org/10.5281/zenodo.4471883" ID-Zenodo-Dep="4471883" httpUri="https://zenodo.org/record/4471883/files/figure.png" pageId="87" pageNumber="88" startId="87.[151,250,1962,1986]" targetBox="[164,1423,309,1939]" targetPageId="87">
<paragraph blockId="87.[151,1437,1962,2024]" pageId="87" pageNumber="88">
<emphasis bold="true" box="[151,287,1962,1986]" pageId="87" pageNumber="88">FIGURE 38.</emphasis>
<taxonomicName box="[293,511,1963,1986]" class="Insecta" family="Eulophidae" genus="Zagrammosoma" kingdom="Animalia" order="Hymenoptera" pageId="87" pageNumber="88" phylum="Arthropoda" rank="species" species="seini">
<emphasis box="[293,511,1963,1986]" italics="true" pageId="87" pageNumber="88">Zagrammosoma seini</emphasis>
</taxonomicName>
, ♀: (A) head, frontolateral, (B) lateral habitus, (C) fore wing, dorsal, (D) dorsal habitus; (E) ♁ dorsal habitus. Scale bar = 0.2 mm (A), 0.5 mm (B–E).
</paragraph>
</caption>
<caption ID-DOI="http://doi.org/10.5281/zenodo.4471885" ID-Zenodo-Dep="4471885" box="[151,676,1011,1035]" httpUri="https://zenodo.org/record/4471885/files/figure.png" pageId="88" pageNumber="89" startId="88.[151,250,1011,1035]" targetBox="[201,1386,181,987]" targetPageId="88">
<paragraph blockId="88.[151,676,1011,1035]" box="[151,676,1011,1035]" pageId="88" pageNumber="89">
<emphasis bold="true" box="[151,288,1011,1035]" pageId="88" pageNumber="89">FIGURE 39.</emphasis>
Distribution of 
<taxonomicName box="[450,672,1012,1035]" class="Insecta" family="Eulophidae" genus="Zagrammosoma" kingdom="Animalia" order="Hymenoptera" pageId="88" pageNumber="89" phylum="Arthropoda" rank="species" species="seini">Zagrammosoma seini</taxonomicName>
.
</paragraph>
</caption>
<subSubSection pageId="88" pageNumber="89" type="discussion">
<paragraph blockId="88.[151,1437,1081,2046]" pageId="88" pageNumber="89">
<emphasis bold="true" box="[199,315,1081,1107]" pageId="88" pageNumber="89">Remarks.</emphasis>
<bibRefCitation author="Wolcott, G. N." box="[323,493,1081,1108]" pageId="88" pageNumber="89" pagination="1 - 630" refId="ref82177" refString="Wolcott, G. N. (1936) Insectae Borinquenses, a revision of Insectae Portoricensis, a preliminary annotated checklist of the insects of Porto Rico, with descriptions of some new species and first supplement to Insectae Portoricensis. Journal of Agriculture of the University of Puerto Rico, 20 (1), 1 - 630." type="journal article" year="1936">Wolcott (1936)</bibRefCitation>
did not designate a 
<typeStatus box="[720,818,1081,1107]" pageId="88" pageNumber="89">holotype</typeStatus>
or depository when describing this species. The specimens he described were from “mines of 
<taxonomicName authority="Guerin" authorityName="Guerin" box="[624,945,1117,1143]" class="Insecta" family="Lyonetiidae" genus="Leucoptera" kingdom="Animalia" order="Lepidoptera" pageId="88" pageNumber="89" phylum="Arthropoda" rank="species" species="coffeella">
<emphasis box="[624,857,1117,1143]" italics="true" pageId="88" pageNumber="89">Leucoptera coffeella</emphasis>
Guerin
</taxonomicName>
on coffee at 
<collectingRegion box="[1101,1163,1118,1144]" country="Puerto Rico" name="Lares" pageId="88" pageNumber="89">Lares</collectingRegion>
(152-21, 14-35 generic determination by A. B. Gahan).” There are two female specimens housed at the USNM that are reared from 
<taxonomicName class="Insecta" family="Lyonetiidae" genus="Leucoptera" kingdom="Animalia" order="Lepidoptera" pageId="88" pageNumber="89" phylum="Arthropoda" rank="species" species="coffeella">
<emphasis italics="true" pageId="88" pageNumber="89">L. coffeella</emphasis>
</taxonomicName>
, one with the Accession number 152-21 collected from 
<collectingRegion box="[840,905,1190,1216]" country="Puerto Rico" name="Lares" pageId="88" pageNumber="89">Lares</collectingRegion>
, and the other with “P.R. 14-35” collected from “ 
<collectingRegion box="[161,226,1225,1251]" country="Puerto Rico" name="Lares" pageId="88" pageNumber="89">Lares</collectingRegion>
or 
<collectingRegion box="[264,349,1225,1251]" country="Puerto Rico" name="Isabela" pageId="88" pageNumber="89">Isabela</collectingRegion>
.” The latter was collected by F. Sein. It is presumed that these are the specimens Wolcott used in his description of 
<taxonomicName box="[353,435,1262,1287]" class="Insecta" family="Eulophidae" genus="Zagrammosoma" kingdom="Animalia" order="Hymenoptera" pageId="88" pageNumber="89" phylum="Arthropoda" rank="species" species="seini">
<emphasis box="[353,435,1262,1287]" italics="true" pageId="88" pageNumber="89">Z. seini</emphasis>
</taxonomicName>
, and therefore, a 
<typeStatus box="[631,734,1261,1287]" pageId="88" pageNumber="89">lectotype</typeStatus>
and 
<typeStatus box="[788,939,1261,1287]" pageId="88" pageNumber="89">paralectotype</typeStatus>
are assigned here.
</paragraph>
</subSubSection>
<subSubSection pageId="88" pageNumber="89" type="biology_ecology">
<paragraph blockId="88.[151,1437,1081,2046]" pageId="88" pageNumber="89">
<emphasis bold="true" box="[199,273,1297,1323]" pageId="88" pageNumber="89">Hosts.</emphasis>
Reared from lepidopteran leaf miners. See 
<tableCitation box="[755,838,1297,1323]" captionStart="TABLE 3" captionStartId="14.[151,239,1088,1112]" captionText="TABLE 3. List of host associations per species. Entries are alphabetized by Zagrammosoma species, host order, host spe- cies, and then host plant species. Each row contains the host and host plant record, if known, for a single Zagrammosoma specimen. Host records from literature are indicated by number: 1. Amiri et al. (2008), 2. Cao et al. (2014), 3. Çikman &amp; La Salle (2011), 4. Gates et al. (2002), 5. Girardoz et al. (2007), 6. Grabenweger et al. (2010), 7. Lupi (2005), 8. Radegh- ieri et al. (2002), 9. Szőcs et al. (2015), 10. Varela &amp; Welter (1992)." pageId="88" pageNumber="89">Table 3</tableCitation>
. 
<taxonomicName authorityName="Linnaeus" authorityYear="1758" box="[850,998,1297,1323]" class="Magnoliopsida" higherTaxonomySource="GBIF" kingdom="Plantae" order="Lepidoptera" pageId="88" pageNumber="89" phylum="Tracheophyta" rank="order">
<emphasis bold="true" box="[850,998,1297,1323]" pageId="88" pageNumber="89">Lepidoptera</emphasis>
</taxonomicName>
: 
<taxonomicName authorityName="Stainton" authorityYear="1854" box="[1011,1168,1297,1323]" class="Insecta" family="Gracillariidae" kingdom="Animalia" order="Lepidoptera" pageId="88" pageNumber="89" phylum="Arthropoda" rank="family">Gracillariidae</taxonomicName>
, 
<taxonomicName authorityName="Stainton" authorityYear="1854" box="[1178,1313,1297,1323]" class="Insecta" family="Lyonetiidae" kingdom="Animalia" order="Lepidoptera" pageId="88" pageNumber="89" phylum="Arthropoda" rank="family">Lyonetiidae</taxonomicName>
, 
<taxonomicName box="[1323,1432,1297,1323]" class="Insecta" family="Pyralidae" kingdom="Animalia" order="Lepidoptera" pageId="88" pageNumber="89" phylum="Arthropoda" rank="family">Pyralidae</taxonomicName>
, 
<taxonomicName authorityName="Spuler" authorityYear="1898" box="[151,292,1333,1359]" class="Insecta" family="Tischeriidae" kingdom="Animalia" order="Lepidoptera" pageId="88" pageNumber="89" phylum="Arthropoda" rank="family">Tischeriidae</taxonomicName>
.
</paragraph>
</subSubSection>
<subSubSection box="[199,1401,1369,1396]" pageId="88" pageNumber="89" type="distribution">
<paragraph blockId="88.[151,1437,1081,2046]" box="[199,1401,1369,1396]" pageId="88" pageNumber="89">
<emphasis bold="true" box="[199,508,1369,1395]" pageId="88" pageNumber="89">Distribution. Neotropical:</emphasis>
<collectingCountry box="[515,620,1369,1395]" name="Bahamas" pageId="88" pageNumber="89">Bahamas</collectingCountry>
, 
<collectingCountry box="[632,694,1369,1395]" name="Cuba" pageId="88" pageNumber="89">Cuba</collectingCountry>
, 
<collectingCountry box="[705,818,1369,1395]" name="Dominica" pageId="88" pageNumber="89">Dominica</collectingCountry>
, 
<collectingCountry box="[829,1065,1369,1395]" name="Dominican Republic" pageId="88" pageNumber="89">Dominican Republic</collectingCountry>
, 
<collectingCountry box="[1076,1130,1369,1395]" name="United States of America" pageId="88" pageNumber="89">USA</collectingCountry>
(
<collectingCountry box="[1145,1282,1369,1396]" name="Puerto Rico" pageId="88" pageNumber="89">Puerto Rico</collectingCountry>
) (
<figureCitation box="[1304,1389,1369,1395]" captionStart="FIGURE 39" captionStartId="88.[151,250,1011,1035]" captionTargetBox="[201,1386,181,987]" captionTargetId="figure-25@88.[201,1386,181,987]" captionTargetPageId="88" captionText="FIGURE 39. Distribution of Zagrammosoma seini." figureDoi="http://doi.org/10.5281/zenodo.4471885" httpUri="https://zenodo.org/record/4471885/files/figure.png" pageId="88" pageNumber="89">Fig. 39</figureCitation>
).
</paragraph>
</subSubSection>
<subSubSection pageId="88" pageNumber="89" type="materials_examined">
<paragraph blockId="88.[151,1437,1081,2046]" pageId="88" pageNumber="89">
<emphasis bold="true" box="[199,508,1405,1431]" pageId="88" pageNumber="89">Type material examined.</emphasis>
<materialsCitation collectingDate="1921-06-14" collectionCode="USNM" collectorName="G. N. Wolcott" country="Puerto Rico" elevation="383" latitude="18.291388" location="Lares" longLatPrecision="21" longitude="-66.836945" pageId="88" pageNumber="89" specimenCode="UCRCENT416893" specimenCount="1" specimenCount-female="1" stateProvince="Lares" typeStatus="paralectotype">
<emphasis bold="true" box="[521,946,1405,1431]" pageId="88" pageNumber="89">
<typeStatus box="[521,690,1405,1431]" pageId="88" pageNumber="89">Paralectotype</typeStatus>
: USA: 
<collectingCountry box="[788,941,1405,1431]" name="Puerto Rico" pageId="88" pageNumber="89">Puerto Rico</collectingCountry>
:
</emphasis>
<collectingRegion box="[960,1025,1406,1432]" country="Puerto Rico" name="Lares" pageId="88" pageNumber="89">Lares</collectingRegion>
, 
<quantity box="[1042,1108,1405,1431]" metricMagnitude="2" metricUnit="m" metricValue="3.8299999999999996" pageId="88" pageNumber="89" unit="m" value="383.0">
<elevation box="[1042,1108,1405,1431]" metricMagnitude="2" metricUnit="m" metricValue="3.8299999999999996" pageId="88" pageNumber="89" unit="m" value="383.0">383m</elevation>
</quantity>
, 
<emphasis box="[1127,1266,1405,1431]" italics="true" pageId="88" pageNumber="89">
<geoCoordinate box="[1127,1266,1405,1431]" degrees="18" direction="north" minutes="17" orientation="latitude" pageId="88" pageNumber="89" precision="15" seconds="29" value="18.291388">18°17’29”N</geoCoordinate>
</emphasis>
, 
<emphasis box="[1286,1429,1405,1431]" italics="true" pageId="88" pageNumber="89">
<geoCoordinate box="[1286,1429,1405,1431]" degrees="66" direction="west" minutes="50" orientation="longitude" pageId="88" pageNumber="89" precision="15" seconds="13" value="-66.836945">66°50’13”W</geoCoordinate>
</emphasis>
, 
<date box="[151,273,1441,1467]" pageId="88" pageNumber="89" value="1921-06-14">
<collectingDate box="[151,273,1441,1467]" pageId="88" pageNumber="89" value="1921-06-14">14.vi.1921</collectingDate>
</date>
, 
<collectorName box="[285,444,1441,1468]" pageId="88" pageNumber="89">G. N. Wolcott</collectorName>
, host: 
<taxonomicName box="[516,747,1441,1467]" class="Insecta" family="Lyonetiidae" genus="Leucoptera" kingdom="Animalia" order="Lepidoptera" pageId="88" pageNumber="89" phylum="Arthropoda" rank="species" species="coffeella">
<emphasis box="[516,747,1441,1467]" italics="true" pageId="88" pageNumber="89">Leucoptera coffeella</emphasis>
</taxonomicName>
[
<specimenCount box="[764,799,1441,1467]" pageId="88" pageNumber="89" type="female">1♀</specimenCount>
, 
<collectionCode box="[813,898,1441,1467]" country="USA" httpUri="http://biocol.org/urn:lsid:biocol.org:col:34871" lsid="urn:lsid:biocol.org:col:34871" name="Smithsonian Institution, National Museum of Natural History" pageId="88" pageNumber="89" type="Museum">USNM</collectionCode>
: 
<specimenCode box="[908,1130,1441,1468]" collectionCode="USNM" country="USA" httpUri="http://biocol.org/urn:lsid:biocol.org:col:34871" lsid="urn:lsid:biocol.org:col:34871" name="Smithsonian Institution, National Museum of Natural History" pageId="88" pageNumber="89" type="Museum">UCRCENT416893</specimenCode>
]
</materialsCitation>
.
</paragraph>
<paragraph blockId="88.[151,1437,1081,2046]" pageId="88" pageNumber="89">
<emphasis bold="true" box="[199,882,1477,1503]" pageId="88" pageNumber="89">
Additional material examined. 
<collectingCountry box="[589,736,1477,1503]" name="Bahamas" pageId="88" pageNumber="89">BAHAMAS</collectingCountry>
: 
<collectingRegion box="[754,877,1477,1503]" country="Bahamas" name="South Eleuthera" pageId="88" pageNumber="89">Eleuthera</collectingRegion>
:
</emphasis>
Rainbow Bay, 
<quantity box="[1071,1124,1477,1503]" metricMagnitude="1" metricUnit="m" metricValue="2.3" pageId="88" pageNumber="89" unit="m" value="23.0">23m</quantity>
, 
<emphasis box="[1141,1280,1477,1503]" italics="true" pageId="88" pageNumber="89">
<geoCoordinate box="[1141,1280,1477,1503]" degrees="25" direction="north" minutes="20" orientation="latitude" pageId="88" pageNumber="89" precision="15" seconds="31" value="25.341946">25°20’31”N</geoCoordinate>
</emphasis>
, 
<emphasis box="[1300,1430,1477,1503]" italics="true" pageId="88" pageNumber="89">
<geoCoordinate box="[1300,1430,1477,1503]" degrees="76" direction="west" minutes="27" orientation="longitude" pageId="88" pageNumber="89" precision="15" seconds="1" value="-76.45027">76°27’1”W</geoCoordinate>
</emphasis>
, 
<date box="[151,351,1513,1539]" pageId="88" pageNumber="89" value="1986-11-11" valueMax="1986-12-19" valueMin="1986-11-11">11.xi–19.xii.1986</date>
, J. R. Wiley, malaise [
<specimenCount box="[590,624,1513,1539]" pageId="88" pageNumber="89" type="female">1♀</specimenCount>
, 
<collectionCode box="[636,698,1513,1539]" country="Canada" httpUri="http://grbio.org/cool/y2kv-9w3k" name="Canadian National Collection of Insects, Arachnids, and Nematodes" pageId="88" pageNumber="89">CNC</collectionCode>
: 
<collectionCode box="[706,766,1513,1540]" country="Canada" httpUri="http://grbio.org/cool/y2kv-9w3k" name="Canadian National Collection of Insects, Arachnids, and Nematodes" pageId="88" pageNumber="89">CNC</collectionCode>
508712]. 
<emphasis bold="true" box="[868,956,1513,1539]" pageId="88" pageNumber="89">
<collectingCountry box="[868,947,1513,1539]" name="Cuba" pageId="88" pageNumber="89">CUBA</collectingCountry>
:
</emphasis>
<collectingRegion box="[960,1066,1513,1539]" country="Cuba" name="Artemisa" pageId="88" pageNumber="89">Artemisa</collectingRegion>
, 
<quantity box="[1074,1127,1513,1540]" metricMagnitude="1" metricUnit="m" metricValue="5.1" pageId="88" pageNumber="89" unit="m" value="51.0">51m</quantity>
, 
<emphasis box="[1135,1274,1513,1539]" italics="true" pageId="88" pageNumber="89">
<geoCoordinate box="[1135,1274,1513,1539]" degrees="22" direction="north" minutes="48" orientation="latitude" pageId="88" pageNumber="89" precision="15" seconds="53" value="22.814722">22°48’53”N</geoCoordinate>
</emphasis>
, 
<emphasis box="[1286,1429,1513,1539]" italics="true" pageId="88" pageNumber="89">
<geoCoordinate box="[1286,1429,1513,1539]" degrees="82" direction="west" minutes="45" orientation="longitude" pageId="88" pageNumber="89" precision="15" seconds="23" value="-82.756386">82°45’23”W</geoCoordinate>
</emphasis>
, 
<date box="[151,251,1549,1575]" pageId="88" pageNumber="89" value="1969-10-03">3.x.1969</date>
, Hochmut, host: 
<taxonomicName authorityName="Zeller" authorityYear="1848" box="[458,603,1549,1575]" class="Insecta" family="Gracillariidae" genus="Phyllocnistis" kingdom="Animalia" order="Lepidoptera" pageId="88" pageNumber="89" phylum="Arthropoda" rank="genus">
<emphasis box="[458,603,1549,1575]" italics="true" pageId="88" pageNumber="89">Phyllocnistis</emphasis>
</taxonomicName>
sp. [1♁, 
<collectionCode box="[723,811,1550,1576]" pageId="88" pageNumber="89">BMNH</collectionCode>
: NHMUK10353841]. 
<emphasis bold="true" box="[1073,1250,1549,1575]" pageId="88" pageNumber="89">
<collectingRegion box="[1073,1245,1549,1575]" country="Cuba" name="Pinar del Rio" pageId="88" pageNumber="89">Pinar del Rio</collectingRegion>
:
</emphasis>
Vinales, 
<quantity box="[1365,1432,1549,1575]" metricMagnitude="2" metricUnit="m" metricValue="1.46" pageId="88" pageNumber="89" unit="m" value="146.0">146m</quantity>
, 
<emphasis box="[151,290,1585,1611]" italics="true" pageId="88" pageNumber="89">
<geoCoordinate box="[151,290,1585,1611]" degrees="22" direction="north" minutes="37" orientation="latitude" pageId="88" pageNumber="89" precision="15" seconds="10" value="22.619444">22°37’10”N</geoCoordinate>
</emphasis>
, 
<emphasis box="[308,451,1585,1611]" italics="true" pageId="88" pageNumber="89">
<geoCoordinate box="[308,451,1585,1611]" degrees="83" direction="west" minutes="42" orientation="longitude" pageId="88" pageNumber="89" precision="15" seconds="22" value="-83.70611">83°42’22”W</geoCoordinate>
</emphasis>
, 
<date box="[470,586,1585,1611]" pageId="88" pageNumber="89" value="1969-07-04">4.vii.1969</date>
, Hochmut, host: 
<taxonomicName box="[789,1025,1585,1611]" class="Insecta" family="Pyralidae" genus="Dioryctria" kingdom="Animalia" order="Lepidoptera" pageId="88" pageNumber="89" phylum="Arthropoda" rank="species" species="horneana">
<emphasis box="[789,1025,1585,1611]" italics="true" pageId="88" pageNumber="89">Dioryctria horneana</emphasis>
</taxonomicName>
[
<specimenCount box="[1047,1082,1585,1611]" pageId="88" pageNumber="89" type="female">1♀</specimenCount>
, 
<collectionCode box="[1099,1187,1586,1612]" pageId="88" pageNumber="89">BMNH</collectionCode>
: NHMUK10353844]. 
<emphasis bold="true" box="[151,538,1621,1647]" pageId="88" pageNumber="89">
<collectingCountry box="[151,302,1621,1647]" name="Dominica" pageId="88" pageNumber="89">DOMINICA</collectingCountry>
: St. Joseph Parish:
</emphasis>
Grand Savae, 
<quantity box="[707,773,1621,1647]" metricMagnitude="2" metricUnit="m" metricValue="3.08" pageId="88" pageNumber="89" unit="m" value="308.0">308m</quantity>
, 
<emphasis box="[786,925,1621,1647]" italics="true" pageId="88" pageNumber="89">
<geoCoordinate box="[786,925,1621,1647]" degrees="15" direction="north" minutes="26" orientation="latitude" pageId="88" pageNumber="89" precision="15" seconds="54" value="15.448334">15°26’54”N</geoCoordinate>
</emphasis>
, 
<emphasis box="[940,1083,1621,1647]" italics="true" pageId="88" pageNumber="89">
<geoCoordinate box="[940,1083,1621,1647]" degrees="61" direction="west" minutes="25" orientation="longitude" pageId="88" pageNumber="89" precision="15" seconds="45" value="-61.42917">61°25’45”W</geoCoordinate>
</emphasis>
, 
<date box="[1099,1207,1621,1648]" pageId="88" pageNumber="89" value="1965-09-08">8.ix.1965</date>
, D. L. Jackson [1♁, 
<collectionCode box="[151,236,1657,1683]" country="USA" httpUri="http://biocol.org/urn:lsid:biocol.org:col:34871" lsid="urn:lsid:biocol.org:col:34871" name="Smithsonian Institution, National Museum of Natural History" pageId="88" pageNumber="89" type="Museum">USNM</collectionCode>
:UCRCENT471576]. 
<emphasis bold="true" box="[480,984,1657,1683]" pageId="88" pageNumber="89">
<collectingCountry box="[480,804,1657,1683]" name="Dominican Republic" pageId="88" pageNumber="89">DOMINICAN REPUBLIC</collectingCountry>
: 
<collectingRegion box="[813,979,1657,1683]" country="Dominican Republic" name="La Altagracia" pageId="88" pageNumber="89">La Altagracia</collectingRegion>
:
</emphasis>
Nisibon, 
<quantity box="[1089,1141,1657,1683]" metricMagnitude="1" metricUnit="m" metricValue="4.1" pageId="88" pageNumber="89" unit="m" value="41.0">41m</quantity>
, 
<emphasis box="[1150,1274,1657,1683]" italics="true" pageId="88" pageNumber="89">
<geoCoordinate box="[1150,1274,1657,1683]" degrees="18" direction="north" minutes="50" orientation="latitude" pageId="88" pageNumber="89" precision="15" seconds="3" value="18.834167">18°50’3”N</geoCoordinate>
</emphasis>
, 
<emphasis box="[1286,1429,1657,1683]" italics="true" pageId="88" pageNumber="89">
<geoCoordinate box="[1286,1429,1657,1683]" degrees="68" direction="west" minutes="40" orientation="longitude" pageId="88" pageNumber="89" precision="15" seconds="13" value="-68.67027">68°40’13”W</geoCoordinate>
</emphasis>
, 
<date box="[151,259,1693,1719]" pageId="88" pageNumber="89" value="1976-06-09">9.vi.1976</date>
, E. E. Grissell, host: 
<taxonomicName authorityName="Morris" authorityYear="1870" box="[487,636,1693,1719]" class="Insecta" family="Gracillaridae" higherTaxonomySource="GBIF" kingdom="Animalia" order="Lepidoptera" pageId="88" pageNumber="89" phylum="Arthropoda" rank="family">Gracillaridae</taxonomicName>
, host plant: 
<taxonomicName box="[766,961,1693,1719]" class="Insecta" family="Gracillaridae" genus="Gliciridia" higherTaxonomySource="GBIF" kingdom="Animalia" order="Lepidoptera" pageId="88" pageNumber="89" phylum="Arthropoda" rank="species" species="sepium">
<emphasis box="[766,961,1693,1719]" italics="true" pageId="88" pageNumber="89">Gliciridia sepium</emphasis>
</taxonomicName>
[
<specimenCount box="[975,1012,1693,1720]" pageId="88" pageNumber="89" type="female">5♀</specimenCount>
, 
<collectionCode box="[1023,1108,1693,1719]" country="USA" httpUri="http://biocol.org/urn:lsid:biocol.org:col:34871" lsid="urn:lsid:biocol.org:col:34871" name="Smithsonian Institution, National Museum of Natural History" pageId="88" pageNumber="89" type="Museum">USNM</collectionCode>
: UCRCENT416782–416785, 416891]. 
<emphasis bold="true" box="[263,417,1729,1755]" pageId="88" pageNumber="89">
<collectingRegion box="[263,411,1729,1755]" country="Dominican Republic" name="La Romana" pageId="88" pageNumber="89">La Romana</collectingRegion>
:
</emphasis>
Higueral, 
<emphasis box="[544,668,1729,1755]" italics="true" pageId="88" pageNumber="89">
<geoCoordinate box="[544,668,1729,1755]" degrees="18" direction="north" minutes="30" orientation="latitude" pageId="88" pageNumber="89" precision="15" seconds="5" value="18.501389">18°30’5”N</geoCoordinate>
</emphasis>
, 
<emphasis box="[686,829,1729,1755]" italics="true" pageId="88" pageNumber="89">
<geoCoordinate box="[686,829,1729,1755]" degrees="69" direction="west" minutes="00" orientation="longitude" pageId="88" pageNumber="89" precision="15" seconds="46" value="-69.01278">69°00’46”W</geoCoordinate>
</emphasis>
, 
<date box="[848,969,1729,1755]" pageId="88" pageNumber="89" value="1976-06-11">11.vi.1976</date>
, E. E. Grissell, host: 
<taxonomicName authorityName="Morris" authorityYear="1870" box="[1225,1374,1729,1755]" class="Insecta" family="Gracillaridae" higherTaxonomySource="GBIF" kingdom="Animalia" order="Lepidoptera" pageId="88" pageNumber="89" phylum="Arthropoda" rank="family">Gracillaridae</taxonomicName>
, host plant: 
<taxonomicName box="[228,430,1765,1791]" class="Insecta" family="Gracillaridae" genus="Gliciridia" higherTaxonomySource="GBIF" kingdom="Animalia" order="Lepidoptera" pageId="88" pageNumber="89" phylum="Arthropoda" rank="species" species="sepium">
<emphasis box="[228,430,1765,1791]" italics="true" pageId="88" pageNumber="89">Gliciridia sepium</emphasis>
</taxonomicName>
[
<collectionCode box="[449,537,1765,1791]" country="USA" httpUri="http://biocol.org/urn:lsid:biocol.org:col:34871" lsid="urn:lsid:biocol.org:col:34871" name="Smithsonian Institution, National Museum of Natural History" pageId="88" pageNumber="89" type="Museum">USNM</collectionCode>
: UCRCENT416892]. 
<emphasis bold="true" box="[797,1031,1765,1791]" pageId="88" pageNumber="89">
<collectingCountry box="[797,857,1765,1791]" name="United States of America" pageId="88" pageNumber="89">USA</collectingCountry>
: Puerto Rico:
</emphasis>
<quantity box="[1044,1110,1765,1791]" metricMagnitude="2" metricUnit="m" metricValue="7.33" pageId="88" pageNumber="89" unit="m" value="733.0">733m</quantity>
, 
<emphasis box="[1127,1267,1765,1791]" italics="true" pageId="88" pageNumber="89">
<geoCoordinate box="[1127,1267,1765,1791]" degrees="18" direction="north" minutes="15" orientation="latitude" pageId="88" pageNumber="89" precision="15" seconds="17" value="18.254723">18°15’17”N</geoCoordinate>
</emphasis>
, 
<emphasis box="[1286,1429,1765,1791]" italics="true" pageId="88" pageNumber="89">
<geoCoordinate box="[1286,1429,1765,1791]" degrees="66" direction="west" minutes="32" orientation="longitude" pageId="88" pageNumber="89" precision="15" seconds="33" value="-66.542496">66°32’33”W</geoCoordinate>
</emphasis>
, M. R. Smith, P.R. No. 897, host: 
<taxonomicName box="[568,805,1801,1827]" class="Insecta" family="Lyonetiidae" genus="Leucoptera" kingdom="Animalia" order="Lepidoptera" pageId="88" pageNumber="89" phylum="Arthropoda" rank="species" species="coffeella">
<emphasis box="[568,805,1801,1827]" italics="true" pageId="88" pageNumber="89">Leucoptera coffeella</emphasis>
</taxonomicName>
[6♁, 
<collectionCode box="[885,970,1801,1827]" country="USA" httpUri="http://biocol.org/urn:lsid:biocol.org:col:34871" lsid="urn:lsid:biocol.org:col:34871" name="Smithsonian Institution, National Museum of Natural History" pageId="88" pageNumber="89" type="Museum">USNM</collectionCode>
: UCRCENT416790–416795]. Adjuntas, 
<quantity box="[151,218,1837,1863]" metricMagnitude="2" metricUnit="m" metricValue="4.9" pageId="88" pageNumber="89" unit="m" value="490.0">490m</quantity>
, 
<emphasis box="[232,371,1837,1863]" italics="true" pageId="88" pageNumber="89">
<geoCoordinate box="[232,371,1837,1863]" degrees="18" direction="north" minutes="09" orientation="latitude" pageId="88" pageNumber="89" precision="15" seconds="48" value="18.163334">18°09’48”N</geoCoordinate>
</emphasis>
, 
<emphasis box="[387,530,1837,1863]" italics="true" pageId="88" pageNumber="89">
<geoCoordinate box="[387,530,1837,1863]" degrees="66" direction="west" minutes="43" orientation="longitude" pageId="88" pageNumber="89" precision="15" seconds="27" value="-66.72417">66°43’27”W</geoCoordinate>
</emphasis>
, 
<date box="[547,649,1837,1863]" pageId="88" pageNumber="89" value="1996-02-06">6.ii.1996</date>
, host: 
<taxonomicName authorityName="Stainton" authorityYear="1856" box="[728,962,1837,1863]" class="Insecta" family="Gracillariidae" genus="Phyllocnistis" kingdom="Animalia" order="Lepidoptera" pageId="88" pageNumber="89" phylum="Arthropoda" rank="species" species="citrella">
<emphasis box="[728,962,1837,1863]" italics="true" pageId="88" pageNumber="89">Phyllocnistis citrella</emphasis>
</taxonomicName>
[
<specimenCount box="[982,1017,1837,1863]" pageId="88" pageNumber="89" type="female">1♀</specimenCount>
, 
<collectionCode box="[1032,1105,1837,1863]" country="Australia" httpUri="http://biocol.org/urn:lsid:biocol.org:col:32981" lsid="urn:lsid:biocol.org:col:32981" name="Australian National Insect Collection" pageId="88" pageNumber="89">ANIC</collectionCode>
: UCRCENT238321]. Adjuntas, 
<quantity box="[198,265,1873,1899]" metricMagnitude="2" metricUnit="m" metricValue="4.9" pageId="88" pageNumber="89" unit="m" value="490.0">490m</quantity>
, 
<emphasis box="[278,417,1873,1899]" italics="true" pageId="88" pageNumber="89">
<geoCoordinate box="[278,417,1873,1899]" degrees="18" direction="north" minutes="09" orientation="latitude" pageId="88" pageNumber="89" precision="15" seconds="48" value="18.163334">18°09’48”N</geoCoordinate>
</emphasis>
, 
<emphasis box="[433,576,1873,1899]" italics="true" pageId="88" pageNumber="89">
<geoCoordinate box="[433,576,1873,1899]" degrees="66" direction="west" minutes="43" orientation="longitude" pageId="88" pageNumber="89" precision="15" seconds="27" value="-66.72417">66°43’27”W</geoCoordinate>
</emphasis>
, 
<date box="[593,695,1873,1899]" pageId="88" pageNumber="89" value="1996-02-07">7.ii.1996</date>
, host: 
<taxonomicName authorityName="Stainton" authorityYear="1856" box="[772,1006,1873,1899]" class="Insecta" family="Gracillariidae" genus="Phyllocnistis" kingdom="Animalia" order="Lepidoptera" pageId="88" pageNumber="89" phylum="Arthropoda" rank="species" species="citrella">
<emphasis box="[772,1006,1873,1899]" italics="true" pageId="88" pageNumber="89">Phyllocnistis citrella</emphasis>
</taxonomicName>
[
<specimenCount box="[1025,1059,1873,1899]" pageId="88" pageNumber="89" type="female">1♀</specimenCount>
, 
<collectionCode box="[1073,1146,1873,1899]" country="Australia" httpUri="http://biocol.org/urn:lsid:biocol.org:col:32981" lsid="urn:lsid:biocol.org:col:32981" name="Australian National Insect Collection" pageId="88" pageNumber="89">ANIC</collectionCode>
: UCRCENT238232]. 
<emphasis bold="true" pageId="88" pageNumber="89">Cidra</emphasis>
, 
<emphasis box="[211,350,1909,1935]" italics="true" pageId="88" pageNumber="89">
<geoCoordinate box="[211,350,1909,1935]" degrees="18" direction="north" minutes="10" orientation="latitude" pageId="88" pageNumber="89" precision="15" seconds="28" value="18.174444">18°10’28”N</geoCoordinate>
</emphasis>
, 
<emphasis box="[368,512,1909,1935]" italics="true" pageId="88" pageNumber="89">
<geoCoordinate box="[368,512,1909,1935]" degrees="66" direction="west" minutes="09" orientation="longitude" pageId="88" pageNumber="89" precision="15" seconds="42" value="-66.16167">66°09’42”W</geoCoordinate>
</emphasis>
, 1940, F. Sein, Jr., host: Caterpillar, host plant: 
<taxonomicName box="[1082,1273,1910,1936]" class="Liliopsida" family="Bromeliaceae" genus="Ananas" kingdom="Plantae" order="Poales" pageId="88" pageNumber="89" phylum="Tracheophyta" rank="species" species="comosus">
<emphasis box="[1082,1273,1910,1936]" italics="true" pageId="88" pageNumber="89">Ananas comosus</emphasis>
</taxonomicName>
[1♁, 
<collectionCode box="[1348,1433,1909,1935]" country="USA" httpUri="http://biocol.org/urn:lsid:biocol.org:col:34871" lsid="urn:lsid:biocol.org:col:34871" name="Smithsonian Institution, National Museum of Natural History" pageId="88" pageNumber="89" type="Museum">USNM</collectionCode>
: UCRCENT416890]. 
<emphasis bold="true" box="[387,502,1945,1971]" pageId="88" pageNumber="89">Humacao</emphasis>
, Monkey Island, 
<quantity box="[693,730,1945,1971]" metricMagnitude="0" metricUnit="m" metricValue="1.0" pageId="88" pageNumber="89" unit="m" value="1.0">1m</quantity>
, 
<emphasis box="[741,880,1945,1971]" italics="true" pageId="88" pageNumber="89">
<geoCoordinate box="[741,880,1945,1971]" degrees="18" direction="north" minutes="09" orientation="latitude" pageId="88" pageNumber="89" precision="15" seconds="25" value="18.156944">18°09’25”N</geoCoordinate>
</emphasis>
, 
<emphasis box="[891,1021,1945,1971]" italics="true" pageId="88" pageNumber="89">
<geoCoordinate box="[891,1021,1945,1971]" degrees="65" direction="west" minutes="44" orientation="longitude" pageId="88" pageNumber="89" precision="15" seconds="1" value="-65.733604">65°44’1”W</geoCoordinate>
</emphasis>
, 
<date box="[1033,1111,1945,1971]" pageId="88" pageNumber="89" value="1940-05">v.1940</date>
, J.G. Needham, Iden. Lot No. 40-8269, host: 
<taxonomicName authorityName="Zeller" authorityYear="1839" box="[321,425,1981,2007]" class="Insecta" family="Tischeriidae" genus="Tischeria" kingdom="Animalia" order="Lepidoptera" pageId="88" pageNumber="89" phylum="Arthropoda" rank="genus">
<emphasis box="[321,425,1981,2007]" italics="true" pageId="88" pageNumber="89">Tischeria</emphasis>
</taxonomicName>
sp., host plant: 
<taxonomicName authorityName="Rohr" authorityYear="1792" box="[604,735,1981,2007]" class="Magnoliopsida" family="Asteraceae" genus="Melanthera" kingdom="Plantae" order="Asterales" pageId="88" pageNumber="89" phylum="Tracheophyta" rank="genus">
<emphasis box="[604,735,1981,2007]" italics="true" pageId="88" pageNumber="89">Melanthera</emphasis>
</taxonomicName>
sp. [
<specimenCount box="[792,827,1981,2007]" pageId="88" pageNumber="89" type="female">1♀</specimenCount>
, 
<collectionCode box="[841,926,1981,2007]" country="USA" httpUri="http://biocol.org/urn:lsid:biocol.org:col:34871" lsid="urn:lsid:biocol.org:col:34871" name="Smithsonian Institution, National Museum of Natural History" pageId="88" pageNumber="89" type="Museum">USNM</collectionCode>
: UCRCENT416781]. 
<emphasis bold="true" box="[1175,1298,1981,2007]" pageId="88" pageNumber="89">Mayagüez</emphasis>
, Mayag̹ez, 
<quantity box="[151,203,2017,2043]" metricMagnitude="1" metricUnit="m" metricValue="1.0" pageId="88" pageNumber="89" unit="m" value="10.0">10m</quantity>
, 
<emphasis box="[215,340,2017,2043]" italics="true" pageId="88" pageNumber="89">
<geoCoordinate box="[215,340,2017,2043]" degrees="18" direction="north" minutes="12" orientation="latitude" pageId="88" pageNumber="89" precision="15" seconds="2" value="18.200556">18°12’2”N</geoCoordinate>
</emphasis>
, 
<emphasis box="[354,497,2017,2043]" italics="true" pageId="88" pageNumber="89">
<geoCoordinate box="[354,497,2017,2043]" degrees="67" direction="west" minutes="08" orientation="longitude" pageId="88" pageNumber="89" precision="15" seconds="39" value="-67.144165">67°08’39”W</geoCoordinate>
</emphasis>
, 
<date box="[511,606,2017,2043]" pageId="88" pageNumber="89" value="1904-12">xii.1904</date>
, host: 
<taxonomicName box="[679,910,2017,2043]" class="Insecta" family="Lyonetiidae" genus="Leucoptera" kingdom="Animalia" order="Lepidoptera" pageId="88" pageNumber="89" phylum="Arthropoda" rank="species" species="coffeella">
<emphasis box="[679,910,2017,2043]" italics="true" pageId="88" pageNumber="89">Leucoptera coffeella</emphasis>
</taxonomicName>
[3♁, 
<collectionCode box="[975,1060,2017,2043]" country="USA" httpUri="http://biocol.org/urn:lsid:biocol.org:col:34871" lsid="urn:lsid:biocol.org:col:34871" name="Smithsonian Institution, National Museum of Natural History" pageId="88" pageNumber="89" type="Museum">USNM</collectionCode>
: UCRCENT416786–416788].
</paragraph>
</subSubSection>
</treatment>
</document>