<document ID-DOI="http://doi.org/10.5281/zenodo.4474171" ID-GBIF-Dataset="1b50774e-3be8-4997-9f39-45e6f5d66cae" ID-ISSN="1175-5326" ID-Zenodo-Dep="4474171" ID-ZooBank="803ED7FD-4A09-44F4-AAE2-6F70A0509E86" _generate="added" approvalRequired="69" approvalRequired_for_illustrations="18" approvalRequired_for_taxonomicNames="26" approvalRequired_for_treatments="25" checkinTime="1611648695462" checkinUser="plazi" docAuthor="Perry, Ryan K. &amp; Heraty, John M." docDate="2021" docId="BC53327AFF826C0D25CFF91DD32AC6A9" docLanguage="en" docName="zootaxa.4916.1.1.pdf" docOrigin="Zootaxa 4916 (1)" docStyle="DocumentStyle:5EBBA59367AD13919D70D935FA04F6A3.5:Zootaxa.2013.monograph" docStyleId="5EBBA59367AD13919D70D935FA04F6A3" docStyleName="Zootaxa.2013.monograph" docStyleVersion="5" docTitle="Zagrammosoma hobbesi LaSalle" docType="treatment" docVersion="7" lastPageId="59" lastPageNumber="60" masterDocId="406A4A02FFBA6C362558FFF6D066C458" masterDocTitle="Read between the lineata: A revision of the tattooed wasps, Zagrammosoma Ashmead (Hymenoptera: Eulophidae), with descriptions of eleven new species" masterLastPageNumber="108" masterPageNumber="1" pageId="56" pageNumber="57" updateTime="1611774191496" updateUser="ExternalLinkService">
<mods:mods xmlns:mods="http://www.loc.gov/mods/v3">
<mods:titleInfo>
<mods:title>Read between the lineata: A revision of the tattooed wasps, Zagrammosoma Ashmead (Hymenoptera: Eulophidae), with descriptions of eleven new species</mods:title>
</mods:titleInfo>
<mods:name type="personal">
<mods:role>
<mods:roleTerm>Author</mods:roleTerm>
</mods:role>
<mods:namePart>Perry, Ryan K.</mods:namePart>
<mods:nameIdentifier type="ORCID">0000-0003-4548-8639</mods:nameIdentifier>
<mods:nameIdentifier type="email">rperr003@ucr.edu</mods:nameIdentifier>
</mods:name>
<mods:name type="personal">
<mods:role>
<mods:roleTerm>Author</mods:roleTerm>
</mods:role>
<mods:namePart>Heraty, John M.</mods:namePart>
<mods:nameIdentifier type="ORCID">0000-0003-4548-8639</mods:nameIdentifier>
<mods:nameIdentifier type="email">rperr003@ucr.edu</mods:nameIdentifier>
</mods:name>
<mods:typeOfResource>text</mods:typeOfResource>
<mods:relatedItem type="host">
<mods:titleInfo>
<mods:title>Zootaxa</mods:title>
</mods:titleInfo>
<mods:part>
<mods:date>2021</mods:date>
<mods:detail type="pubDate">
<mods:number>2021-01-26</mods:number>
</mods:detail>
<mods:detail type="volume">
<mods:number>4916</mods:number>
</mods:detail>
<mods:detail type="issue">
<mods:number>1</mods:number>
</mods:detail>
<mods:extent unit="page">
<mods:start>1</mods:start>
<mods:end>108</mods:end>
</mods:extent>
</mods:part>
</mods:relatedItem>
<mods:classification>journal article</mods:classification>
<mods:identifier type="DOI">https://doi.org/10.11646/zootaxa.4916.1.1</mods:identifier>
<mods:identifier type="GBIF-Dataset">1b50774e-3be8-4997-9f39-45e6f5d66cae</mods:identifier>
<mods:identifier type="ISSN">1175-5326</mods:identifier>
<mods:identifier type="Zenodo-Dep">4471803</mods:identifier>
<mods:identifier type="ZooBank">803ED7FD-4A09-44F4-AAE2-6F70A0509E86</mods:identifier>
</mods:mods>
<treatment ID-DOI="http://doi.org/10.5281/zenodo.4474171" ID-Zenodo-Dep="4474171" LSID="urn:lsid:plazi:treatment:BC53327AFF826C0D25CFF91DD32AC6A9" httpUri="http://treatment.plazi.org/id/BC53327AFF826C0D25CFF91DD32AC6A9" lastPageId="59" lastPageNumber="60" pageId="56" pageNumber="57">
<subSubSection box="[151,551,1770,1797]" pageId="56" pageNumber="57" type="nomenclature">
<paragraph blockId="56.[151,551,1770,1833]" box="[151,551,1770,1797]" pageId="56" pageNumber="57">
<heading bold="true" box="[151,551,1770,1797]" fontSize="11" level="2" pageId="56" pageNumber="57" reason="4">
<taxonomicName authority="LaSalle" authorityName="LaSalle" box="[151,551,1770,1797]" class="Insecta" family="Eulophidae" genus="Zagrammosoma" kingdom="Animalia" order="Hymenoptera" pageId="56" pageNumber="57" phylum="Arthropoda" rank="species" species="hobbesi">
<emphasis bold="true" box="[151,551,1770,1797]" pageId="56" pageNumber="57">
<emphasis bold="true" box="[151,449,1770,1797]" italics="true" pageId="56" pageNumber="57">Zagrammosoma hobbesi</emphasis>
LaSalle
</emphasis>
</taxonomicName>
</heading>
</paragraph>
</subSubSection>
<subSubSection box="[151,250,1807,1833]" pageId="56" pageNumber="57" type="description">
<paragraph blockId="56.[151,551,1770,1833]" box="[151,250,1807,1833]" pageId="56" pageNumber="57">
(
<figureCitation box="[160,241,1807,1833]" captionStart="FIGURE 21" captionStartId="57.[151,250,1923,1947]" captionTargetBox="[151,1435,237,1900]" captionTargetId="figure-58@57.[151,1436,237,1900]" captionTargetPageId="57" captionText="FIGURE 21. Zagrammosoma hobbesi, ♀: (A) head, frontolateral, (B) lateral habitus, (C) fore wing, dorsal, (D) dorsal habitus; (E) ♁ dorsal habitus. Scale bar = 0.2 mm (A), 0.5 mm (B–E)." figureDoi="http://doi.org/10.5281/zenodo.4471849" httpUri="https://zenodo.org/record/4471849/files/figure.png" pageId="56" pageNumber="57">Fig. 21</figureCitation>
)
</paragraph>
</subSubSection>
<subSubSection pageId="56" pageNumber="57" type="reference_group">
<paragraph blockId="56.[151,1436,1875,1930]" pageId="56" pageNumber="57">
<treatmentCitationGroup pageId="56" pageNumber="57">
<taxonomicName authority="LaSalle, 1989: 231 - 236" authorityName="LaSalle" authorityPageNumber="231 - 236" authorityYear="1989" box="[151,646,1875,1899]" class="Insecta" family="Eulophidae" genus="Zagrammosoma" kingdom="Animalia" order="Hymenoptera" pageId="56" pageNumber="57" phylum="Arthropoda" rank="species" species="hobbesi">
<treatmentCitation author="LaSalle, J." box="[151,646,1875,1899]" page="236" pageId="56" pageNumber="57" year="1989">
<emphasis box="[151,399,1875,1899]" italics="true" pageId="56" pageNumber="57">Zagrammosoma hobbesi</emphasis>
<materialsCitation box="[404,646,1875,1899]" collectingDate="1985-05-14" collectorName="G. Gordh &amp; Depository" country="United States of America" location="Summit Valley" municipality="Locality" pageId="56" pageNumber="57" specimenCount="1" specimenCount-female="1" stateProvince="California" typeStatus="holotype">
<bibRefCitation author="LaSalle, J." box="[404,646,1875,1899]" pageId="56" pageNumber="57" pagination="230 - 236" refId="ref80354" refString="LaSalle, J. (1989) Notes on the genus Zagrammosoma (Hymenoptera: Eulophidae) with descriptions of a new species. Proceedings of the Entomological Society of Washington, 91 (2), 230 - 236." type="journal article" year="1989">LaSalle, 1989: 231–236</bibRefCitation>
</materialsCitation>
</treatmentCitation>
</taxonomicName>
. 
<typeStatus box="[653,747,1875,1899]" pageId="56" pageNumber="57">Holotype</typeStatus>
<specimenCount box="[752,771,1876,1899]" pageId="56" pageNumber="57" type="female">♀</specimenCount>
[examined]. 
<collectingMunicipality box="[901,989,1875,1899]" pageId="56" pageNumber="57">Locality</collectingMunicipality>
: 
<collectingCountry box="[997,1050,1875,1899]" name="United States of America" pageId="56" pageNumber="57">USA</collectingCountry>
, 
<collectingRegion box="[1059,1164,1875,1899]" country="United States of America" name="California" pageId="56" pageNumber="57">California</collectingRegion>
, 
<location LSID="urn:lsid:plazi:treatment:BC53327AFF826C0D25CFF91DD32AC6A9:3125D5B7FF826C0E21CCF8A5D54CC333" box="[1172,1322,1875,1899]" country="United States of America" municipality="Locality" name="Summit Valley" pageId="56" pageNumber="57" stateProvince="California">Summit Valley</location>
, 
<date box="[1330,1432,1875,1899]" pageId="56" pageNumber="57" value="1985-05-14">
<collectingDate box="[1330,1432,1875,1899]" pageId="56" pageNumber="57" value="1985-05-14">14.v.1985</collectingDate>
</date>
, 
<collectorName box="[199,297,1906,1930]" pageId="56" pageNumber="57">G. Gordh</collectorName>
, host plant: 
<taxonomicName authorityName="Bentham" authorityYear="1844" box="[420,540,1906,1930]" class="Magnoliopsida" family="Boraginaceae" genus="Eriodictyon" kingdom="Plantae" order="Boraginales" pageId="56" pageNumber="57" phylum="Tracheophyta" rank="genus">
<emphasis box="[420,540,1906,1930]" italics="true" pageId="56" pageNumber="57">Eriodictyon</emphasis>
</taxonomicName>
. 
<collectorName box="[552,669,1906,1930]" pageId="56" pageNumber="57">Depository</collectorName>
: USNM, UCRCENT471571.
</treatmentCitationGroup>
</paragraph>
</subSubSection>
<subSubSection lastPageId="57" lastPageNumber="58" pageId="56" pageNumber="57" type="diagnosis">
<paragraph blockId="56.[151,1436,1976,2039]" lastBlockId="57.[151,1436,151,213]" lastPageId="57" lastPageNumber="58" pageId="56" pageNumber="57">
<emphasis bold="true" box="[151,274,1976,2002]" pageId="56" pageNumber="57">Diagnosis.</emphasis>
The main diagnostic characters for 
<taxonomicName box="[686,964,1976,2002]" class="Insecta" family="Eulophidae" genus="Zagrammosoma" kingdom="Animalia" order="Hymenoptera" pageId="56" pageNumber="57" phylum="Arthropoda" rank="species" species="hobbesi">
<emphasis box="[686,964,1976,2002]" italics="true" pageId="56" pageNumber="57">Zagrammosoma hobbesi</emphasis>
</taxonomicName>
are the combination of an all-black body and black “tiger stripes” on the yellow face (
<figureCitation box="[647,751,2012,2038]" captionStart="FIGURE 21" captionStartId="57.[151,250,1923,1947]" captionTargetBox="[151,1435,237,1900]" captionTargetId="figure-58@57.[151,1436,237,1900]" captionTargetPageId="57" captionText="FIGURE 21. Zagrammosoma hobbesi, ♀: (A) head, frontolateral, (B) lateral habitus, (C) fore wing, dorsal, (D) dorsal habitus; (E) ♁ dorsal habitus. Scale bar = 0.2 mm (A), 0.5 mm (B–E)." figureDoi="http://doi.org/10.5281/zenodo.4471849" httpUri="https://zenodo.org/record/4471849/files/figure.png" pageId="56" pageNumber="57">Fig. 21A</figureCitation>
). This is very similar to 
<taxonomicName authorityName="Perry &amp; Heraty" authorityYear="2021" box="[1020,1156,2012,2038]" class="Insecta" family="Eulophidae" genus="Zagrammosoma" kingdom="Animalia" order="Hymenoptera" pageId="56" pageNumber="57" phylum="Arthropoda" rank="species" species="headricki">
<emphasis box="[1020,1156,2012,2038]" italics="true" pageId="56" pageNumber="57">Z. headricki</emphasis>
</taxonomicName>
(
<figureCitation box="[1170,1273,2012,2038]" captionStart="FIGURE 19" captionStartId="54.[151,250,1923,1947]" captionTargetBox="[151,1436,237,1899]" captionTargetId="figure-51@54.[151,1436,237,1900]" captionTargetPageId="54" captionText="FIGURE 19. Zagrammosoma headricki n. sp., ♀: (A) head, frontolateral, (B) lateral habitus, (C) fore wing, dorsal, (D) dorsal habitus; (E) ♁ dorsal habitus. Scale bar = 0.2 mm (A), 0.5 mm (B–E)." figureDoi="http://doi.org/10.5281/zenodo.4471845" httpUri="https://zenodo.org/record/4471845/files/figure.png" pageId="56" pageNumber="57">Fig. 19A</figureCitation>
), however, the funiculars of 
<taxonomicName box="[301,418,151,177]" class="Insecta" family="Eulophidae" genus="Zagrammosoma" kingdom="Animalia" order="Hymenoptera" pageId="57" pageNumber="58" phylum="Arthropoda" rank="species" species="hobbesi">
<emphasis box="[301,418,151,177]" italics="true" pageId="57" pageNumber="58">Z. hobbesi</emphasis>
</taxonomicName>
are both longer than wide, whereas they are both wider than long in 
<emphasis box="[1193,1336,151,177]" italics="true" pageId="57" pageNumber="58">
<taxonomicName authorityName="Perry &amp; Heraty" authorityYear="2021" box="[1193,1332,151,177]" class="Insecta" family="Eulophidae" genus="Zagrammosoma" kingdom="Animalia" order="Hymenoptera" pageId="57" pageNumber="58" phylum="Arthropoda" rank="species" species="headricki">Z. headricki</taxonomicName>
.
</emphasis>
As well, the parastigmal band does not reach the cubital fold of the fore wing in 
<taxonomicName box="[952,1069,187,213]" class="Insecta" family="Eulophidae" genus="Zagrammosoma" kingdom="Animalia" order="Hymenoptera" pageId="57" pageNumber="58" phylum="Arthropoda" rank="species" species="hobbesi">
<emphasis box="[952,1069,187,213]" italics="true" pageId="57" pageNumber="58">Z. hobbesi</emphasis>
</taxonomicName>
(
<figureCitation box="[1084,1187,187,213]" captionStart="FIGURE 21" captionStartId="57.[151,250,1923,1947]" captionTargetBox="[151,1435,237,1900]" captionTargetId="figure-58@57.[151,1436,237,1900]" captionTargetPageId="57" captionText="FIGURE 21. Zagrammosoma hobbesi, ♀: (A) head, frontolateral, (B) lateral habitus, (C) fore wing, dorsal, (D) dorsal habitus; (E) ♁ dorsal habitus. Scale bar = 0.2 mm (A), 0.5 mm (B–E)." figureDoi="http://doi.org/10.5281/zenodo.4471849" httpUri="https://zenodo.org/record/4471849/files/figure.png" pageId="57" pageNumber="58">Fig. 21C</figureCitation>
).
</paragraph>
</subSubSection>
<caption ID-DOI="http://doi.org/10.5281/zenodo.4471849" ID-Zenodo-Dep="4471849" httpUri="https://zenodo.org/record/4471849/files/figure.png" pageId="57" pageNumber="58" startId="57.[151,250,1923,1947]" targetBox="[151,1435,237,1900]" targetPageId="57">
<paragraph blockId="57.[151,1436,1923,1986]" pageId="57" pageNumber="58">
<emphasis bold="true" box="[151,288,1923,1947]" pageId="57" pageNumber="58">FIGURE 21.</emphasis>
<taxonomicName box="[294,543,1923,1947]" class="Insecta" family="Eulophidae" genus="Zagrammosoma" kingdom="Animalia" order="Hymenoptera" pageId="57" pageNumber="58" phylum="Arthropoda" rank="species" species="hobbesi">
<emphasis box="[294,543,1923,1947]" italics="true" pageId="57" pageNumber="58">Zagrammosoma hobbesi</emphasis>
</taxonomicName>
, ♀: (A) head, frontolateral, (B) lateral habitus, (C) fore wing, dorsal, (D) dorsal habitus; (E) ♁ dorsal habitus. Scale bar = 0.2 mm (A), 0.5 mm (B–E).
</paragraph>
</caption>
<caption ID-DOI="http://doi.org/10.5281/zenodo.4471851" ID-Zenodo-Dep="4471851" box="[151,1094,1079,1103]" httpUri="https://zenodo.org/record/4471851/files/figure.png" pageId="58" pageNumber="59" startId="58.[151,250,1079,1103]" targetBox="[151,1436,181,1055]" targetPageId="58">
<paragraph blockId="58.[151,1094,1079,1103]" box="[151,1094,1079,1103]" pageId="58" pageNumber="59">
<emphasis bold="true" box="[151,288,1079,1103]" pageId="58" pageNumber="59">FIGURE 22.</emphasis>
Distributions of 
<taxonomicName authority="Perry &amp; Heraty, 2021" authorityName="Perry &amp; Heraty" authorityYear="2021" box="[460,696,1079,1103]" class="Insecta" family="Eulophidae" genus="Zagrammosoma" kingdom="Animalia" order="Hymenoptera" pageId="58" pageNumber="59" phylum="Arthropoda" rank="species" species="fisheri" status="n. sp.">
<emphasis box="[460,696,1079,1103]" italics="true" pageId="58" pageNumber="59">Zagrammosoma fisheri</emphasis>
</taxonomicName>
<taxonomicNameLabel box="[702,759,1079,1103]" pageId="58" pageNumber="59" rank="species">
<emphasis bold="true" box="[702,753,1079,1103]" pageId="58" pageNumber="59">n. sp</emphasis>
.
</taxonomicNameLabel>
, 
<emphasis box="[772,884,1079,1103]" italics="true" pageId="58" pageNumber="59">
<taxonomicName box="[772,880,1079,1103]" class="Insecta" family="Eulophidae" genus="Zagrammosoma" kingdom="Animalia" order="Hymenoptera" pageId="58" pageNumber="59" phylum="Arthropoda" rank="species" species="hobbesi">Z. hobbesi</taxonomicName>
,
</emphasis>
and 
<taxonomicName box="[933,1088,1079,1103]" class="Insecta" family="Eulophidae" genus="Zagrammosoma" kingdom="Animalia" order="Hymenoptera" pageId="58" pageNumber="59" phylum="Arthropoda" rank="species" species="intermedium">
<emphasis box="[933,1088,1079,1103]" italics="true" pageId="58" pageNumber="59">Z. intermedium</emphasis>
</taxonomicName>
.
</paragraph>
</caption>
<subSubSection pageId="58" pageNumber="59" type="description">
<paragraph blockId="58.[151,1437,1149,2041]" pageId="58" pageNumber="59">
<emphasis bold="true" box="[199,345,1149,1175]" pageId="58" pageNumber="59">Description.</emphasis>
Female - body length 
<quantity box="[591,742,1149,1176]" metricMagnitude="-3" metricUnit="m" metricValue="2.135" metricValueMax="2.9" metricValueMin="1.37" pageId="58" pageNumber="59" unit="mm" value="2.135" valueMax="2.9" valueMin="1.37">1.37–2.9 mm</quantity>
. Metallic luster on body absent. Scape yellow with black stripe dorsally. Lower face with dark median band. Vertex with 2 stripes above compound eye. Gena dark, with yellow spot at ventral margin. Occiput black with median yellow stripe. Pronotum black; no stripes laterally. Mesoscutum black. Propodeum black. Procoxa, mesocoxa, and metacoxa dark. Profemur and mesofemur yellow. Metafemur yellow with dark banding encircling femur. Fore wing: basal band absent; cubital band absent; parastigmal, stigmal, and postmarginal bands present, with perpendicular extension greater than that of stigmal apex; connections from parastigmal band to stigmal band, and from stigmal band to postmarginal band absent. Hind wing hyaline. Gaster dark.
</paragraph>
<paragraph blockId="58.[151,1437,1149,2041]" pageId="58" pageNumber="59">Upper ocular sulcus present. Pedicel longer than wide. Funiculars symmetrical: first longer than wide (w:l = 0.61–0.73); second longer than wide (w:l = 0.88–0.93).</paragraph>
<paragraph blockId="58.[151,1437,1149,2041]" pageId="58" pageNumber="59">
Pronotum, in dorsal view, bell-shaped (w:l = 1.61–1.8); 3–4 pairs of setae along posterior margin. Mesoscutum reticulate; small, scattered setae absent; intermediate setae present. Mesoscutellum subequal or wider than long (w:l = 1.0–1.14); submedian grooves present. Hind tibial spur distinctly shorter than basitarsus. Hind basitarsus subequal in length to 2 
<superScript attach="left" box="[300,316,1617,1631]" fontSize="6" pageId="58" pageNumber="59">nd</superScript>
tarsomere (bst:2 
<superScript attach="left" box="[504,520,1617,1631]" fontSize="6" pageId="58" pageNumber="59">nd</superScript>
= 1.0).
</paragraph>
<paragraph blockId="58.[151,1437,1149,2041]" pageId="58" pageNumber="59">Fore wing l:w = 2.44–2.47. Submarginal vein with 5–8 setae dorsally. Basal fold setose. Cubital fold setose. Admarginal setae present. Uncus originating on stigma by more than own length from stigmal apex.</paragraph>
<paragraph blockId="58.[151,1437,1149,2041]" box="[199,1388,1725,1752]" pageId="58" pageNumber="59">
Male - as female, except: body length 
<quantity box="[628,779,1725,1752]" metricMagnitude="-3" metricUnit="m" metricValue="1.305" metricValueMax="1.5" metricValueMin="1.11" pageId="58" pageNumber="59" unit="mm" value="1.305" valueMax="1.5" valueMin="1.11">1.11–1.5 mm</quantity>
; gaster black or with faint yellow medially (
<figureCitation box="[1274,1376,1725,1751]" captionStart="FIGURE 21" captionStartId="57.[151,250,1923,1947]" captionTargetBox="[151,1435,237,1900]" captionTargetId="figure-58@57.[151,1436,237,1900]" captionTargetPageId="57" captionText="FIGURE 21. Zagrammosoma hobbesi, ♀: (A) head, frontolateral, (B) lateral habitus, (C) fore wing, dorsal, (D) dorsal habitus; (E) ♁ dorsal habitus. Scale bar = 0.2 mm (A), 0.5 mm (B–E)." figureDoi="http://doi.org/10.5281/zenodo.4471849" httpUri="https://zenodo.org/record/4471849/files/figure.png" pageId="58" pageNumber="59">Fig. 21E</figureCitation>
).
</paragraph>
</subSubSection>
<subSubSection pageId="58" pageNumber="59" type="discussion">
<paragraph blockId="58.[151,1437,1149,2041]" pageId="58" pageNumber="59">
<emphasis bold="true" box="[199,315,1761,1787]" pageId="58" pageNumber="59">Remarks.</emphasis>
This is a commonly collected species in the mountains in San Bernardino County, 
<collectingRegion box="[1267,1383,1761,1787]" country="United States of America" name="California" pageId="58" pageNumber="59">California</collectingRegion>
, and should be easily distinguished from the other species of 
<taxonomicName box="[780,962,1798,1823]" class="Insecta" family="Eulophidae" genus="Zagrammosoma" kingdom="Animalia" order="Hymenoptera" pageId="58" pageNumber="59" phylum="Arthropoda" rank="genus">
<emphasis box="[780,962,1798,1823]" italics="true" pageId="58" pageNumber="59">Zagrammosoma</emphasis>
</taxonomicName>
by the wing patterns and face markings.
</paragraph>
</subSubSection>
<subSubSection box="[199,1162,1833,1860]" pageId="58" pageNumber="59" type="biology_ecology">
<paragraph blockId="58.[151,1437,1149,2041]" box="[199,1162,1833,1860]" pageId="58" pageNumber="59">
<emphasis bold="true" box="[199,273,1833,1859]" pageId="58" pageNumber="59">Hosts.</emphasis>
Reared from lepidopteran leaf miners. See 
<tableCitation box="[761,846,1833,1859]" captionStart="TABLE 3" captionStartId="14.[151,239,1088,1112]" captionText="TABLE 3. List of host associations per species. Entries are alphabetized by Zagrammosoma species, host order, host spe- cies, and then host plant species. Each row contains the host and host plant record, if known, for a single Zagrammosoma specimen. Host records from literature are indicated by number: 1. Amiri et al. (2008), 2. Cao et al. (2014), 3. Çikman &amp; La Salle (2011), 4. Gates et al. (2002), 5. Girardoz et al. (2007), 6. Grabenweger et al. (2010), 7. Lupi (2005), 8. Radegh- ieri et al. (2002), 9. Szőcs et al. (2015), 10. Varela &amp; Welter (1992)." pageId="58" pageNumber="59">Table 3</tableCitation>
. 
<taxonomicName authorityName="Linnaeus" authorityYear="1758" box="[858,1006,1833,1859]" class="Magnoliopsida" higherTaxonomySource="GBIF" kingdom="Plantae" order="Lepidoptera" pageId="58" pageNumber="59" phylum="Tracheophyta" rank="order">
<emphasis bold="true" box="[858,1006,1833,1859]" pageId="58" pageNumber="59">Lepidoptera</emphasis>
</taxonomicName>
: 
<taxonomicName authorityName="Stainton" authorityYear="1854" box="[1020,1157,1833,1859]" class="Insecta" family="Gelechiidae" kingdom="Animalia" order="Lepidoptera" pageId="58" pageNumber="59" phylum="Arthropoda" rank="family">Gelechiidae</taxonomicName>
.
</paragraph>
</subSubSection>
<subSubSection box="[199,708,1869,1895]" pageId="58" pageNumber="59" type="distribution">
<paragraph blockId="58.[151,1437,1149,2041]" box="[199,708,1869,1895]" pageId="58" pageNumber="59">
<emphasis bold="true" box="[199,469,1869,1895]" pageId="58" pageNumber="59">Distribution. Nearctic:</emphasis>
<collectingCountry box="[476,530,1869,1895]" name="United States of America" pageId="58" pageNumber="59">USA</collectingCountry>
(CA) (
<figureCitation box="[611,695,1869,1895]" captionStart="FIGURE 22" captionStartId="58.[151,250,1079,1103]" captionTargetBox="[151,1436,181,1055]" captionTargetId="figure-25@58.[151,1436,181,1055]" captionTargetPageId="58" captionText="FIGURE 22. Distributions of Zagrammosoma fisheri n. sp., Z. hobbesi, and Z. intermedium." figureDoi="http://doi.org/10.5281/zenodo.4471851" httpUri="https://zenodo.org/record/4471851/files/figure.png" pageId="58" pageNumber="59">Fig. 22</figureCitation>
).
</paragraph>
</subSubSection>
<subSubSection pageId="58" pageNumber="59" type="etymology">
<paragraph blockId="58.[151,1437,1149,2041]" pageId="58" pageNumber="59">
<emphasis bold="true" box="[199,334,1905,1931]" pageId="58" pageNumber="59">Etymology.</emphasis>
Named after the tiger “Hobbes” from the Calvin &amp; Hobbes comic, as this species has yellow and black stripes on the face, similar to a tiger.
</paragraph>
</subSubSection>
<subSubSection lastPageId="59" lastPageNumber="60" pageId="58" pageNumber="59" type="materials_examined">
<paragraph blockId="58.[151,1437,1149,2041]" lastBlockId="59.[151,1437,150,753]" lastPageId="59" lastPageNumber="60" pageId="58" pageNumber="59">
<emphasis bold="true" box="[199,499,1977,2003]" pageId="58" pageNumber="59">Type material examined.</emphasis>
<materialsCitation collectingDate="1985-05-02" collectionCode="ANIC" collectorName="S. Hesperia &amp; J. D. Pinto" country="United States of America" county="San Bernardino Co." elevation="966" latitude="34.330833" location="Mojave River" longLatPrecision="19" longitude="-117.263336" municipality="Mojave River Forks" pageId="58" pageNumber="59" specimenCode="UCRCENT238204-238209" specimenCount="5" specimenCount-female="5" stateProvince="California" typeStatus="paratype">
<emphasis bold="true" box="[509,1106,1977,2003]" pageId="58" pageNumber="59">
<typeStatus box="[509,633,1977,2003]" pageId="58" pageNumber="59">Paratypes</typeStatus>
: 
<collectingCountry box="[647,707,1977,2003]" name="United States of America" pageId="58" pageNumber="59">USA</collectingCountry>
: 
<collectingRegion box="[721,848,1977,2003]" country="United States of America" name="California" pageId="58" pageNumber="59">California</collectingRegion>
: 
<collectingCounty box="[863,1106,1977,2003]" pageId="58" pageNumber="59">San Bernardino Co.</collectingCounty>
</emphasis>
, 
<collectingMunicipality box="[1122,1352,1977,2003]" pageId="58" pageNumber="59">
<location LSID="urn:lsid:plazi:treatment:BC53327AFF826C0D25CFF91DD32AC6A9:3125D5B7FF806C0C213AF84FD499C38B" box="[1122,1279,1977,2003]" country="United States of America" county="San Bernardino Co." latitude="34.330833" longLatPrecision="19" longitude="-117.263336" municipality="Mojave River Forks" name="Mojave River" pageId="58" pageNumber="59" stateProvince="California">
Mojave 
<location LSID="urn:lsid:plazi:treatment:BC53327AFF826C0D25CFF91DD32AC6A9:3125D5B7FF806C0C2199F84FD499C38B" box="[1217,1279,1977,2003]" country="United States of America" county="San Bernardino Co." latitude="34.330833" longLatPrecision="19" longitude="-117.263336" municipality="Mojave River Forks" name="River Forks" pageId="58" pageNumber="59" stateProvince="California">River</location>
</location>
Forks
</collectingMunicipality>
~ 
<quantity box="[1376,1437,1977,2003]" metricMagnitude="4" metricUnit="m" metricValue="1.4484096" pageId="58" pageNumber="59" unit="mi" value="9.0">9 mi.</quantity>
<collectorName box="[151,283,2013,2039]" pageId="58" pageNumber="59">S. Hesperia</collectorName>
, 
<quantity box="[295,362,2013,2039]" metricMagnitude="2" metricUnit="m" metricValue="9.66" pageId="58" pageNumber="59" unit="m" value="966.0">
<elevation box="[295,362,2013,2039]" metricMagnitude="2" metricUnit="m" metricValue="9.66" pageId="58" pageNumber="59" unit="m" value="966.0">966m</elevation>
</quantity>
, 
<emphasis box="[373,512,2013,2039]" italics="true" pageId="58" pageNumber="59">
<geoCoordinate box="[373,512,2013,2039]" degrees="34" direction="north" minutes="19" orientation="latitude" pageId="58" pageNumber="59" precision="15" seconds="51" value="34.330833">34°19’51”N</geoCoordinate>
</emphasis>
, 
<emphasis box="[526,682,2013,2039]" italics="true" pageId="58" pageNumber="59">
<geoCoordinate box="[526,682,2013,2039]" degrees="117" direction="west" minutes="15" orientation="longitude" pageId="58" pageNumber="59" precision="15" seconds="48" value="-117.263336">117°15’48”W</geoCoordinate>
</emphasis>
, 
<date box="[696,795,2013,2040]" pageId="58" pageNumber="59" value="1985-05-02">
<collectingDate box="[696,795,2013,2040]" pageId="58" pageNumber="59" value="1985-05-02">2.v.1985</collectingDate>
</date>
, 
<collectorName box="[807,926,2013,2040]" pageId="58" pageNumber="59">J. D. Pinto</collectorName>
[5♁ 
<specimenCount box="[985,1022,2013,2040]" pageId="58" pageNumber="59" type="female">5♀</specimenCount>
, 
<collectionCode box="[1033,1106,2013,2039]" country="Australia" httpUri="http://biocol.org/urn:lsid:biocol.org:col:32981" lsid="urn:lsid:biocol.org:col:32981" name="Australian National Insect Collection" pageId="58" pageNumber="59">ANIC</collectionCode>
: 
<specimenCode box="[1117,1432,2013,2039]" collectionCode="ANIC" country="Australia" httpUri="http://biocol.org/urn:lsid:biocol.org:col:32981" lsid="urn:lsid:biocol.org:col:32981" name="Australian National Insect Collection" pageId="58" pageNumber="59">UCRCENT238204–238209</specimenCode>
,
</materialsCitation>
BMNH: NHMUK10370160, 10370166, 
<collectionCode box="[633,695,151,177]" country="Canada" httpUri="http://grbio.org/cool/y2kv-9w3k" name="Canadian National Collection of Insects, Arachnids, and Nematodes" pageId="59" pageNumber="60">CNC</collectionCode>
: 
<collectionCode box="[714,773,150,177]" country="Canada" httpUri="http://grbio.org/cool/y2kv-9w3k" name="Canadian National Collection of Insects, Arachnids, and Nematodes" pageId="59" pageNumber="60">CNC</collectionCode>
508713, 508714]. Summit Valley, 
<quantity box="[1190,1270,151,177]" metricMagnitude="3" metricUnit="m" metricValue="1.04" pageId="59" pageNumber="60" unit="m" value="1040.0">1040m</quantity>
, 
<emphasis box="[1290,1429,151,177]" italics="true" pageId="59" pageNumber="60">
<geoCoordinate box="[1290,1429,151,177]" degrees="34" direction="north" minutes="19" orientation="latitude" pageId="59" pageNumber="60" precision="15" seconds="14" value="34.320553">34°19’14”N</geoCoordinate>
</emphasis>
, 
<emphasis box="[151,292,187,213]" italics="true" pageId="59" pageNumber="60">
<geoCoordinate box="[151,292,187,213]" degrees="117" direction="west" minutes="23" orientation="longitude" pageId="59" pageNumber="60" precision="15" seconds="2" value="-117.38389">117°23’2”W</geoCoordinate>
</emphasis>
, 
<date box="[306,419,186,213]" pageId="59" pageNumber="60" value="1985-05-14">14.v.1985</date>
, G. Gordh, host plant: 
<taxonomicName authorityName="Bentham" authorityYear="1844" box="[673,805,187,213]" class="Magnoliopsida" family="Boraginaceae" genus="Eriodictyon" kingdom="Plantae" order="Boraginales" pageId="59" pageNumber="60" phylum="Tracheophyta" rank="genus">
<emphasis box="[673,805,187,213]" italics="true" pageId="59" pageNumber="60">Eriodictyon</emphasis>
</taxonomicName>
sp. [3♁ 
<specimenCount box="[901,937,187,213]" pageId="59" pageNumber="60" type="female">9♀</specimenCount>
, 
<collectionCode box="[949,1030,187,213]" country="USA" httpUri="http://grbio.org/cool/m2jc-wmeq" name="University of California, Riverside" pageId="59" pageNumber="60" type="University or college">UCRC</collectionCode>
: UCRCENT312253–312264]. Summit Valley, 
<quantity box="[280,360,223,249]" metricMagnitude="3" metricUnit="m" metricValue="1.04" pageId="59" pageNumber="60" unit="m" value="1040.0">1040m</quantity>
, 
<emphasis box="[372,511,223,249]" italics="true" pageId="59" pageNumber="60">
<geoCoordinate box="[372,511,223,249]" degrees="34" direction="north" minutes="19" orientation="latitude" pageId="59" pageNumber="60" precision="15" seconds="14" value="34.320553">34°19’14”N</geoCoordinate>
</emphasis>
, 
<emphasis box="[526,666,223,249]" italics="true" pageId="59" pageNumber="60">
<geoCoordinate box="[526,666,223,249]" degrees="117" direction="west" minutes="23" orientation="longitude" pageId="59" pageNumber="60" precision="15" seconds="2" value="-117.38389">117°23’2”W</geoCoordinate>
</emphasis>
, 
<date box="[682,794,222,249]" pageId="59" pageNumber="60" value="1985-05-14">14.v.1985</date>
, G. Gordh, host plant: 
<taxonomicName box="[1053,1204,223,249]" class="Magnoliopsida" family="Asteraceae" genus="Haplopappus" kingdom="Plantae" order="Asterales" pageId="59" pageNumber="60" phylum="Tracheophyta" rank="genus">
<emphasis box="[1053,1204,223,249]" italics="true" pageId="59" pageNumber="60">Haplopappus</emphasis>
</taxonomicName>
sp. [3♁ 
<specimenCount box="[1303,1339,223,249]" pageId="59" pageNumber="60" type="female">9♀</specimenCount>
, 
<collectionCode box="[1352,1433,223,249]" country="USA" httpUri="http://grbio.org/cool/m2jc-wmeq" name="University of California, Riverside" pageId="59" pageNumber="60" type="University or college">UCRC</collectionCode>
: UCRCENT312253–312264]. Summit Valley, 
<quantity box="[663,743,259,285]" metricMagnitude="3" metricUnit="m" metricValue="1.04" pageId="59" pageNumber="60" unit="m" value="1040.0">1040m</quantity>
, 
<geoCoordinate box="[754,893,259,285]" degrees="34" direction="north" minutes="19" orientation="latitude" pageId="59" pageNumber="60" precision="15" seconds="14" value="34.320553">34°19’14”N</geoCoordinate>
, 
<geoCoordinate box="[904,1046,259,285]" degrees="117" direction="west" minutes="23" orientation="longitude" pageId="59" pageNumber="60" precision="15" seconds="4" value="-117.384445">117°23’4”W</geoCoordinate>
, 
<date box="[1056,1169,258,285]" pageId="59" pageNumber="60" value="1985-05-14">14.v.1985</date>
, G. Gordh [
<specimenCount box="[1299,1336,259,285]" pageId="59" pageNumber="60" type="female">3♀</specimenCount>
, 
<collectionCode box="[1347,1432,259,285]" country="USA" httpUri="http://biocol.org/urn:lsid:biocol.org:col:34871" lsid="urn:lsid:biocol.org:col:34871" name="Smithsonian Institution, National Museum of Natural History" pageId="59" pageNumber="60" type="Museum">USNM</collectionCode>
: UCRCENT425340–425342]. Verdemont, 
<quantity box="[621,688,294,321]" metricMagnitude="2" metricUnit="m" metricValue="5.4399999999999995" pageId="59" pageNumber="60" unit="m" value="544.0">544m</quantity>
, 
<emphasis box="[698,835,295,321]" italics="true" pageId="59" pageNumber="60">
<geoCoordinate box="[698,835,295,321]" degrees="34" direction="north" minutes="11" orientation="latitude" pageId="59" pageNumber="60" precision="15" seconds="50" value="34.197224">34°11’50”N</geoCoordinate>
</emphasis>
, 
<emphasis box="[848,1003,295,321]" italics="true" pageId="59" pageNumber="60">
<geoCoordinate box="[848,1003,295,321]" degrees="117" direction="west" minutes="21" orientation="longitude" pageId="59" pageNumber="60" precision="15" seconds="10" value="-117.352776">117°21’10”W</geoCoordinate>
</emphasis>
, 
<date box="[1016,1136,294,321]" pageId="59" pageNumber="60" value="1946-04-25">25.iv.1946</date>
, A.L. Melander, host: 
<taxonomicName authorityName="Walsingham" authorityYear="1907" class="Insecta" family="Oecophoridae" genus="Coelopoeta" kingdom="Animalia" order="Lepidoptera" pageId="59" pageNumber="60" phylum="Arthropoda" rank="genus">
<emphasis italics="true" pageId="59" pageNumber="60">Coelopoeta</emphasis>
</taxonomicName>
sp., host plant: 
<taxonomicName box="[419,519,331,357]" class="Magnoliopsida" family="Boraginaceae" genus="Phacelia" kingdom="Plantae" order="Boraginales" pageId="59" pageNumber="60" phylum="Tracheophyta" rank="genus">
<emphasis box="[419,519,331,357]" italics="true" pageId="59" pageNumber="60">Phacelia</emphasis>
</taxonomicName>
sp. [1?, 
<collectionCode box="[619,704,331,357]" country="USA" httpUri="http://biocol.org/urn:lsid:biocol.org:col:34871" lsid="urn:lsid:biocol.org:col:34871" name="Smithsonian Institution, National Museum of Natural History" pageId="59" pageNumber="60" type="Museum">USNM</collectionCode>
: UCRCENT425345]. 
<emphasis bold="true" box="[956,1102,330,356]" pageId="59" pageNumber="60">Sonoma Co.</emphasis>
, 
<quantity box="[1117,1177,331,357]" metricMagnitude="3" metricUnit="m" metricValue="1.609344" pageId="59" pageNumber="60" unit="mi" value="1.0">1 mi.</quantity>
SE Bodega Bay, 
<quantity box="[1379,1432,331,357]" metricMagnitude="1" metricUnit="m" metricValue="1.4" pageId="59" pageNumber="60" unit="m" value="14.0">14m</quantity>
, 
<emphasis box="[151,290,367,393]" italics="true" pageId="59" pageNumber="60">
<geoCoordinate box="[151,290,367,393]" degrees="38" direction="north" minutes="19" orientation="latitude" pageId="59" pageNumber="60" precision="15" seconds="20" value="38.32222">38°19’20”N</geoCoordinate>
</emphasis>
, 
<emphasis box="[305,448,367,393]" italics="true" pageId="59" pageNumber="60">
<geoCoordinate box="[305,448,367,393]" degrees="123" direction="west" minutes="02" orientation="longitude" pageId="59" pageNumber="60" precision="15" seconds="9" value="-123.035835">123°02’9”W</geoCoordinate>
</emphasis>
, 
<date box="[463,576,367,393]" pageId="59" pageNumber="60" value="1983-05-20">20.v.1983</date>
, D. L. Wagner, JAP No. 83D109, host: 
<taxonomicName authorityName="Walsingham" authorityYear="1907" box="[1026,1155,367,393]" class="Insecta" family="Oecophoridae" genus="Coelopoeta" kingdom="Animalia" order="Lepidoptera" pageId="59" pageNumber="60" phylum="Arthropoda" rank="genus">
<emphasis box="[1026,1155,367,393]" italics="true" pageId="59" pageNumber="60">Coelopoeta</emphasis>
</taxonomicName>
sp., host plant: 
<taxonomicName box="[1337,1437,367,393]" class="Magnoliopsida" family="Boraginaceae" genus="Phacelia" kingdom="Plantae" order="Boraginales" pageId="59" pageNumber="60" phylum="Tracheophyta" rank="genus">
<emphasis box="[1337,1437,367,393]" italics="true" pageId="59" pageNumber="60">Phacelia</emphasis>
</taxonomicName>
sp. [
<specimenCount box="[199,235,403,429]" pageId="59" pageNumber="60" type="female">3♀</specimenCount>
, 
<collectionCode box="[248,333,403,429]" country="USA" httpUri="http://biocol.org/urn:lsid:biocol.org:col:34871" lsid="urn:lsid:biocol.org:col:34871" name="Smithsonian Institution, National Museum of Natural History" pageId="59" pageNumber="60" type="Museum">USNM</collectionCode>
: UCRCENT425343, 425344, 425428].
</paragraph>
<paragraph blockId="59.[151,1437,150,753]" pageId="59" pageNumber="60">
<emphasis bold="true" box="[199,574,438,464]" pageId="59" pageNumber="60">
<collectingCounty box="[199,327,438,464]" pageId="59" pageNumber="60">Additional</collectingCounty>
material examined.
</emphasis>
<materialsCitation collectingDate="1985-05-02" collectingDateMax="2014-04-07" collectingDateMin="1985-05-02" collectionCode="UCRC, ANIC" collectorName="Heraty &amp; Herreid" country="United States of America" county="San Bernardino Co." elevation="1015" latitude="34.100555" location="Lone Pine Canyon rd." longLatPrecision="19" longitude="-117.02473" municipality="Chapparal" pageId="59" pageNumber="60" specimenCode="UCRCENT 485243, UCRCENT226454, UCRCENT414305, UCRCENT238210, UCRCENT395931, UCRCENT414594" specimenCount="7" specimenCount-female="7" stateProvince="California">
<emphasis bold="true" box="[586,1055,438,464]" pageId="59" pageNumber="60">
<collectingCountry box="[586,646,438,464]" name="United States of America" pageId="59" pageNumber="60">USA</collectingCountry>
: 
<collectingRegion box="[663,790,438,464]" country="United States of America" name="California" pageId="59" pageNumber="60">California</collectingRegion>
: 
<collectingCounty box="[807,1055,438,464]" pageId="59" pageNumber="60">San Bernardino Co.</collectingCounty>
</emphasis>
, 
<collectingCounty box="[1074,1128,439,465]" pageId="59" pageNumber="60">Hwy</collectingCounty>
138 (hydro line), 
<quantity box="[1351,1432,438,465]" metricMagnitude="3" metricUnit="m" metricValue="1.015" pageId="59" pageNumber="60" unit="m" value="1015.0">
<elevation box="[1351,1432,438,465]" metricMagnitude="3" metricUnit="m" metricValue="1.015" pageId="59" pageNumber="60" unit="m" value="1015.0">1015m</elevation>
</quantity>
, 
<geoCoordinate box="[151,290,475,501]" degrees="34" direction="north" minutes="19" orientation="latitude" pageId="59" pageNumber="60" precision="15" seconds="22" value="34.322777">34°19’22”N</geoCoordinate>
, 
<geoCoordinate box="[310,467,475,501]" degrees="117" direction="west" minutes="27" orientation="longitude" pageId="59" pageNumber="60" precision="15" seconds="26" value="-117.45722">117°27’26”W</geoCoordinate>
, 
<date box="[486,584,475,501]" pageId="59" pageNumber="60" value="2013-05-03">
<collectingDate box="[486,584,475,501]" pageId="59" pageNumber="60" value="2013-05-03">3.v.2013</collectingDate>
</date>
, 
<collectorName box="[603,679,475,501]" pageId="59" pageNumber="60">Heraty</collectorName>
&amp; 
<collectorName box="[731,819,475,501]" pageId="59" pageNumber="60">Herreid</collectorName>
, 
<collectingMunicipality box="[838,956,475,501]" pageId="59" pageNumber="60">Chapparal</collectingMunicipality>
, swp, H13-021[
<specimenCount box="[1162,1188,475,501]" pageId="59" pageNumber="60" type="female">1♀</specimenCount>
, 
<collectionCode box="[1207,1288,475,501]" country="USA" httpUri="http://grbio.org/cool/m2jc-wmeq" name="University of California, Riverside" pageId="59" pageNumber="60" type="University or college">UCRC</collectionCode>
: 
<specimenCode collectionCode="UCRC" country="USA" httpUri="http://grbio.org/cool/m2jc-wmeq" name="University of California, Riverside" pageId="59" pageNumber="60" type="University or college">UCRCENT 485243</specimenCode>
].
</materialsCitation>
<materialsCitation collectingDate="1985-05-02" collectingDateMax="2014-04-07" collectingDateMin="1985-05-02" collectionCode="UCRC, ANIC" collectorName="D. Yanega" country="United States of America" county="San Bernardino Co." elevation="1015" latitude="34.100555" location="Lone Pine Canyon rd." longLatPrecision="19" longitude="-117.02473" municipality="Chapparal" pageId="59" pageNumber="60" specimenCode="UCRCENT 485243, UCRCENT226454, UCRCENT414305, UCRCENT238210, UCRCENT395931, UCRCENT414594" specimenCount="7" specimenCount-female="7" stateProvince="California">
Jct. 138 &amp; 
<location LSID="urn:lsid:plazi:treatment:BC53327AFF826C0D25CFF91DD32AC6A9:3125D5B7FF816C0D2424FE09D215C641" box="[380,627,511,537]" country="United States of America" county="San Bernardino Co." latitude="34.100555" longLatPrecision="19" longitude="-117.02473" municipality="Chapparal" name="Lone Pine Canyon rd." pageId="59" pageNumber="60" stateProvince="California">Lone Pine Canyon rd.</location>
, 
<quantity box="[638,719,511,537]" metricMagnitude="3" metricUnit="m" metricValue="1.002" pageId="59" pageNumber="60" unit="m" value="1002.0">
<elevation box="[638,719,511,537]" metricMagnitude="3" metricUnit="m" metricValue="1.002" pageId="59" pageNumber="60" unit="m" value="1002.0">1002m</elevation>
</quantity>
, 
<geoCoordinate box="[730,870,510,537]" degrees="34" direction="north" minutes="18" orientation="latitude" pageId="59" pageNumber="60" precision="15" seconds="57" value="34.315834">34°18’57”N</geoCoordinate>
, 
<geoCoordinate box="[881,1037,511,537]" degrees="117" direction="west" minutes="29" orientation="longitude" pageId="59" pageNumber="60" precision="15" seconds="43" value="-117.49528">117°29’43”W</geoCoordinate>
, 
<date box="[1048,1161,511,537]" pageId="59" pageNumber="60" value="2008-05-18">
<collectingDate box="[1048,1161,511,537]" pageId="59" pageNumber="60" value="2008-05-18">18.v.2008</collectingDate>
</date>
, 
<collectorName box="[1172,1288,511,537]" pageId="59" pageNumber="60">D. Yanega</collectorName>
[
<specimenCount box="[1304,1339,511,537]" pageId="59" pageNumber="60" type="female">1♀</specimenCount>
, 
<collectionCode box="[1352,1433,511,537]" country="USA" httpUri="http://grbio.org/cool/m2jc-wmeq" name="University of California, Riverside" pageId="59" pageNumber="60" type="University or college">UCRC</collectionCode>
: 
<specimenCode box="[151,373,546,573]" collectionCode="UCRC" country="USA" httpUri="http://grbio.org/cool/m2jc-wmeq" name="University of California, Riverside" pageId="59" pageNumber="60" type="University or college">UCRCENT226454</specimenCode>
].
</materialsCitation>
<materialsCitation collectingDate="1985-05-02" collectingDateMax="2014-04-07" collectingDateMin="1985-05-02" collectionCode="UCRC, ANIC" collectorName="M. Gates" country="United States of America" county="San Bernardino Co." elevation="1015" latitude="34.100555" location="Lone Pine Canyon rd." longLatPrecision="19" longitude="-117.02473" municipality="Chapparal" pageId="59" pageNumber="60" specimenCode="UCRCENT 485243, UCRCENT226454, UCRCENT414305, UCRCENT238210, UCRCENT395931, UCRCENT414594" specimenCount="7" specimenCount-female="7" stateProvince="California">
<collectorName box="[386,647,547,573]" pageId="59" pageNumber="60">
<location LSID="urn:lsid:plazi:treatment:BC53327AFF826C0D25CFF91DD32AC6A9:3125D5B7FF816C0D24DAFDD5D19CC665" box="[386,506,547,573]" country="United States of America" county="San Bernardino Co." latitude="34.100555" longLatPrecision="19" longitude="-117.02473" municipality="Chapparal" name="Mill Creek" pageId="59" pageNumber="60" stateProvince="California">Mill Creek</location>
Cyn. X Hwy
</collectorName>
38 &amp; 
<location LSID="urn:lsid:plazi:treatment:BC53327AFF826C0D25CFF91DD32AC6A9:3125D5B7FF816C0D279EFDD5D320C665" box="[710,838,547,573]" country="United States of America" county="San Bernardino Co." latitude="34.100555" longLatPrecision="19" longitude="-117.02473" municipality="Chapparal" name="Forest Falls" pageId="59" pageNumber="60" stateProvince="California">Forest Falls</location>
turnoff, 
<quantity box="[931,1012,547,573]" metricMagnitude="3" metricUnit="m" metricValue="1.4" pageId="59" pageNumber="60" unit="m" value="1400.0">
<elevation box="[931,1012,547,573]" metricMagnitude="3" metricUnit="m" metricValue="1.4" pageId="59" pageNumber="60" unit="m" value="1400.0">1400m</elevation>
</quantity>
, 
<geoCoordinate box="[1021,1160,546,573]" degrees="34" direction="north" minutes="05" orientation="latitude" pageId="59" pageNumber="60" precision="15" seconds="45" value="34.095833">34°05’45”N</geoCoordinate>
, 
<geoCoordinate box="[1169,1324,546,573]" degrees="116" direction="west" minutes="57" orientation="longitude" pageId="59" pageNumber="60" precision="15" seconds="11" value="-116.95305">116°57’11”W</geoCoordinate>
, 
<date box="[1333,1431,547,573]" pageId="59" pageNumber="60" value="1996-05-08">
<collectingDate box="[1333,1431,547,573]" pageId="59" pageNumber="60" value="1996-05-08">8.v.1996</collectingDate>
</date>
, 
<collectorName box="[151,256,583,609]" pageId="59" pageNumber="60">M. Gates</collectorName>
, host plant: 
<taxonomicName authorityName="A.Heller" authorityYear="1904" box="[390,654,583,609]" class="Magnoliopsida" family="Boraginaceae" genus="Eriodictyon" kingdom="Plantae" order="Boraginales" pageId="59" pageNumber="60" phylum="Tracheophyta" rank="species" species="trichocalyx">
<emphasis box="[390,654,583,609]" italics="true" pageId="59" pageNumber="60">Eriodictyon trichocalyx</emphasis>
</taxonomicName>
[
<specimenCount box="[670,705,583,609]" pageId="59" pageNumber="60" type="female">1♀</specimenCount>
, 
<collectionCode box="[718,799,583,609]" country="USA" httpUri="http://grbio.org/cool/m2jc-wmeq" name="University of California, Riverside" pageId="59" pageNumber="60" type="University or college">UCRC</collectionCode>
: 
<specimenCode box="[808,1030,582,609]" collectionCode="UCRC" country="USA" httpUri="http://grbio.org/cool/m2jc-wmeq" name="University of California, Riverside" pageId="59" pageNumber="60" type="University or college">UCRCENT414305</specimenCode>
].
</materialsCitation>
<materialsCitation collectingDate="1985-05-02" collectingDateMax="2014-04-07" collectingDateMin="1985-05-02" collectionCode="UCRC, ANIC" collectorName="J. D. Pinto" country="United States of America" county="San Bernardino Co." elevation="1015" latitude="34.100555" location="Lone Pine Canyon rd." longLatPrecision="19" longitude="-117.02473" municipality="Chapparal" pageId="59" pageNumber="60" specimenCode="UCRCENT 485243, UCRCENT226454, UCRCENT414305, UCRCENT238210, UCRCENT395931, UCRCENT414594" specimenCount="7" specimenCount-female="7" stateProvince="California">
<location LSID="urn:lsid:plazi:treatment:BC53327AFF826C0D25CFF91DD32AC6A9:3125D5B7FF816C0D214EFDB1D4D6C639" box="[1046,1200,583,609]" country="United States of America" county="San Bernardino Co." latitude="34.100555" longLatPrecision="19" longitude="-117.02473" municipality="Chapparal" name="Mojave River" pageId="59" pageNumber="60" stateProvince="California">
Mojave 
<location LSID="urn:lsid:plazi:treatment:BC53327AFF826C0D25CFF91DD32AC6A9:3125D5B7FF816C0D212AFDB1D4D6C639" box="[1138,1200,583,609]" country="United States of America" county="San Bernardino Co." latitude="34.100555" longLatPrecision="19" longitude="-117.02473" municipality="Chapparal" name="River Forks" pageId="59" pageNumber="60" stateProvince="California">River</location>
</location>
Forks ~ 
<quantity box="[1291,1349,583,609]" metricMagnitude="4" metricUnit="m" metricValue="1.4484096" pageId="59" pageNumber="60" unit="mi" value="9.0">9 mi.</quantity>
S. Hesperia, 
<quantity box="[223,289,619,645]" metricMagnitude="2" metricUnit="m" metricValue="9.66" pageId="59" pageNumber="60" unit="m" value="966.0">
<elevation box="[223,289,619,645]" metricMagnitude="2" metricUnit="m" metricValue="9.66" pageId="59" pageNumber="60" unit="m" value="966.0">966m</elevation>
</quantity>
, 
<emphasis box="[302,441,619,645]" italics="true" pageId="59" pageNumber="60">
<geoCoordinate box="[302,441,619,645]" degrees="34" direction="north" minutes="19" orientation="latitude" pageId="59" pageNumber="60" precision="15" seconds="51" value="34.330833">34°19’51”N</geoCoordinate>
</emphasis>
, 
<emphasis box="[457,612,619,645]" italics="true" pageId="59" pageNumber="60">
<geoCoordinate box="[457,612,619,645]" degrees="117" direction="west" minutes="15" orientation="longitude" pageId="59" pageNumber="60" precision="15" seconds="48" value="-117.263336">117°15’48”W</geoCoordinate>
</emphasis>
, 
<date box="[628,726,618,645]" pageId="59" pageNumber="60" value="1985-05-02">
<collectingDate box="[628,726,618,645]" pageId="59" pageNumber="60" value="1985-05-02">2.v.1985</collectingDate>
</date>
, 
<collectorName box="[739,861,619,645]" pageId="59" pageNumber="60">J. D. Pinto</collectorName>
[1♁, 
<collectionCode box="[928,1001,619,645]" country="Australia" httpUri="http://biocol.org/urn:lsid:biocol.org:col:32981" lsid="urn:lsid:biocol.org:col:32981" name="Australian National Insect Collection" pageId="59" pageNumber="60">ANIC</collectionCode>
: 
<specimenCode box="[1013,1234,618,645]" collectionCode="ANIC" country="Australia" httpUri="http://biocol.org/urn:lsid:biocol.org:col:32981" lsid="urn:lsid:biocol.org:col:32981" name="Australian National Insect Collection" pageId="59" pageNumber="60">UCRCENT238210</specimenCode>
].
</materialsCitation>
<materialsCitation collectingDate="1985-05-02" collectingDateMax="2014-04-07" collectingDateMin="1985-05-02" collectionCode="UCRC, ANIC" collectorName="R. K. Perry" country="United States of America" county="San Bernardino Co." elevation="1015" latitude="34.100555" location="Lone Pine Canyon rd." longLatPrecision="19" longitude="-117.02473" municipality="Chapparal" pageId="59" pageNumber="60" specimenCode="UCRCENT 485243, UCRCENT226454, UCRCENT414305, UCRCENT238210, UCRCENT395931, UCRCENT414594" specimenCount="7" specimenCount-female="7" stateProvince="California">
Mormon Rocks, Hwy 138, 1034m, 
<emphasis box="[365,504,655,681]" italics="true" pageId="59" pageNumber="60">
<geoCoordinate box="[365,504,655,681]" degrees="34" direction="north" minutes="19" orientation="latitude" pageId="59" pageNumber="60" precision="15" seconds="10" value="34.319443">34°19’10”N</geoCoordinate>
</emphasis>
, 
<emphasis box="[520,675,654,680]" italics="true" pageId="59" pageNumber="60">
<geoCoordinate box="[520,675,654,680]" degrees="117" direction="west" minutes="30" orientation="longitude" pageId="59" pageNumber="60" precision="15" seconds="16" value="-117.50445">117°30’16”W</geoCoordinate>
</emphasis>
, 
<date box="[691,789,655,681]" pageId="59" pageNumber="60" value="2013-05-08">
<collectingDate box="[691,789,655,681]" pageId="59" pageNumber="60" value="2013-05-08">8.v.2013</collectingDate>
</date>
, 
<collectorName box="[802,934,655,681]" pageId="59" pageNumber="60">R. K. Perry</collectorName>
, sweep [1♁ 
<specimenCount box="[1078,1114,655,681]" pageId="59" pageNumber="60" type="female">3♀</specimenCount>
, 
<collectionCode box="[1129,1210,655,681]" country="USA" httpUri="http://grbio.org/cool/m2jc-wmeq" name="University of California, Riverside" pageId="59" pageNumber="60" type="University or college">UCRC</collectionCode>
: 
<specimenCode box="[1221,1436,654,681]" collectionCode="UCRC" country="USA" httpUri="http://grbio.org/cool/m2jc-wmeq" name="University of California, Riverside" pageId="59" pageNumber="60" type="University or college">UCRCENT395931</specimenCode>
(
<emphasis bold="true" box="[161,237,690,717]" pageId="59" pageNumber="60">D3703</emphasis>
)].
</materialsCitation>
<materialsCitation collectingDate="1985-05-02" collectingDateMax="2014-04-07" collectingDateMin="1985-05-02" collectionCode="UCRC, ANIC" collectorName="R. K. Perry" country="United States of America" county="San Bernardino Co." elevation="1015" latitude="34.100555" location="Lone Pine Canyon rd." longLatPrecision="19" longitude="-117.02473" municipality="Chapparal" pageId="59" pageNumber="60" specimenCode="UCRCENT 485243, UCRCENT226454, UCRCENT414305, UCRCENT238210, UCRCENT395931, UCRCENT414594" specimenCount="7" specimenCount-female="7" stateProvince="California">
<location LSID="urn:lsid:plazi:treatment:BC53327AFF826C0D25CFF91DD32AC6A9:3125D5B7FF816C0D2456FD45D22DC695" box="[270,587,691,717]" country="United States of America" county="San Bernardino Co." latitude="34.100555" longLatPrecision="19" longitude="-117.02473" municipality="Chapparal" name="San Bernardino Natl. Forest" pageId="59" pageNumber="60" stateProvince="California">San Bernardino Natl. Forest</location>
, 
<quantity box="[598,665,690,717]" metricMagnitude="2" metricUnit="m" metricValue="9.85" pageId="59" pageNumber="60" unit="m" value="985.0">
<elevation box="[598,665,690,717]" metricMagnitude="2" metricUnit="m" metricValue="9.85" pageId="59" pageNumber="60" unit="m" value="985.0">985m</elevation>
</quantity>
, 
<geoCoordinate box="[676,802,691,717]" degrees="34" direction="north" minutes="06" orientation="latitude" pageId="59" pageNumber="60" precision="15" seconds="2" value="34.100555">34°06’2”N</geoCoordinate>
, 
<geoCoordinate box="[814,970,691,717]" degrees="117" direction="west" minutes="01" orientation="longitude" pageId="59" pageNumber="60" precision="15" seconds="29" value="-117.02473">117°01’29”W</geoCoordinate>
, 
<date box="[982,1088,691,717]" pageId="59" pageNumber="60" value="2014-04-07">
<collectingDate box="[982,1088,691,717]" pageId="59" pageNumber="60" value="2014-04-07">7.iv.2014</collectingDate>
</date>
, 
<collectorName box="[1100,1229,691,717]" pageId="59" pageNumber="60">R. K. Perry</collectorName>
, sweep, RP14/005 [
<specimenCount box="[161,196,727,753]" pageId="59" pageNumber="60" type="female">1♀</specimenCount>
, 
<collectionCode box="[210,291,727,753]" country="USA" httpUri="http://grbio.org/cool/m2jc-wmeq" name="University of California, Riverside" pageId="59" pageNumber="60" type="University or college">UCRC</collectionCode>
: 
<specimenCode box="[301,516,726,753]" collectionCode="UCRC" country="USA" httpUri="http://grbio.org/cool/m2jc-wmeq" name="University of California, Riverside" pageId="59" pageNumber="60" type="University or college">UCRCENT414594</specimenCode>
(
<emphasis bold="true" box="[532,608,726,753]" pageId="59" pageNumber="60">D4000</emphasis>
), 485240 – 485242]
</materialsCitation>
.
</paragraph>
</subSubSection>
</treatment>
</document>