<document ID-DOI="http://doi.org/10.5281/zenodo.4474179" ID-GBIF-Dataset="1b50774e-3be8-4997-9f39-45e6f5d66cae" ID-ISSN="1175-5326" ID-Zenodo-Dep="4474179" ID-ZooBank="803ED7FD-4A09-44F4-AAE2-6F70A0509E86" _generate="added" approvalRequired="69" approvalRequired_for_illustrations="18" approvalRequired_for_taxonomicNames="26" approvalRequired_for_treatments="25" checkinTime="1611648695462" checkinUser="plazi" docAuthor="Perry, Ryan K. &amp; Heraty, John M." docDate="2021" docId="BC53327AFFF96C7025CFFD18D4ECC001" docLanguage="en" docName="zootaxa.4916.1.1.pdf" docOrigin="Zootaxa 4916 (1)" docStyle="DocumentStyle:5EBBA59367AD13919D70D935FA04F6A3.5:Zootaxa.2013.monograph" docStyleId="5EBBA59367AD13919D70D935FA04F6A3" docStyleName="Zootaxa.2013.monograph" docStyleVersion="5" docTitle="Zagrammosoma lineaticeps Girault 1915" docType="treatment" docVersion="7" lastPageId="70" lastPageNumber="70" masterDocId="406A4A02FFBA6C362558FFF6D066C458" masterDocTitle="Read between the lineata: A revision of the tattooed wasps, Zagrammosoma Ashmead (Hymenoptera: Eulophidae), with descriptions of eleven new species" masterLastPageNumber="108" masterPageNumber="1" pageId="67" pageNumber="68" updateTime="1611774191496" updateUser="ExternalLinkService">
<mods:mods xmlns:mods="http://www.loc.gov/mods/v3">
<mods:titleInfo>
<mods:title>Read between the lineata: A revision of the tattooed wasps, Zagrammosoma Ashmead (Hymenoptera: Eulophidae), with descriptions of eleven new species</mods:title>
</mods:titleInfo>
<mods:name type="personal">
<mods:role>
<mods:roleTerm>Author</mods:roleTerm>
</mods:role>
<mods:namePart>Perry, Ryan K.</mods:namePart>
<mods:nameIdentifier type="ORCID">0000-0003-4548-8639</mods:nameIdentifier>
<mods:nameIdentifier type="email">rperr003@ucr.edu</mods:nameIdentifier>
</mods:name>
<mods:name type="personal">
<mods:role>
<mods:roleTerm>Author</mods:roleTerm>
</mods:role>
<mods:namePart>Heraty, John M.</mods:namePart>
<mods:nameIdentifier type="ORCID">0000-0003-4548-8639</mods:nameIdentifier>
<mods:nameIdentifier type="email">rperr003@ucr.edu</mods:nameIdentifier>
</mods:name>
<mods:typeOfResource>text</mods:typeOfResource>
<mods:relatedItem type="host">
<mods:titleInfo>
<mods:title>Zootaxa</mods:title>
</mods:titleInfo>
<mods:part>
<mods:date>2021</mods:date>
<mods:detail type="pubDate">
<mods:number>2021-01-26</mods:number>
</mods:detail>
<mods:detail type="volume">
<mods:number>4916</mods:number>
</mods:detail>
<mods:detail type="issue">
<mods:number>1</mods:number>
</mods:detail>
<mods:extent unit="page">
<mods:start>1</mods:start>
<mods:end>108</mods:end>
</mods:extent>
</mods:part>
</mods:relatedItem>
<mods:classification>journal article</mods:classification>
<mods:identifier type="DOI">https://doi.org/10.11646/zootaxa.4916.1.1</mods:identifier>
<mods:identifier type="GBIF-Dataset">1b50774e-3be8-4997-9f39-45e6f5d66cae</mods:identifier>
<mods:identifier type="ISSN">1175-5326</mods:identifier>
<mods:identifier type="Zenodo-Dep">4471803</mods:identifier>
<mods:identifier type="ZooBank">803ED7FD-4A09-44F4-AAE2-6F70A0509E86</mods:identifier>
</mods:mods>
<treatment ID-DOI="http://doi.org/10.5281/zenodo.4474179" ID-Zenodo-Dep="4474179" LSID="urn:lsid:plazi:treatment:BC53327AFFF96C7025CFFD18D4ECC001" httpUri="http://treatment.plazi.org/id/BC53327AFFF96C7025CFFD18D4ECC001" lastPageId="70" lastPageNumber="70" pageId="67" pageNumber="68">
<subSubSection box="[151,604,749,776]" pageId="67" pageNumber="68" type="nomenclature">
<paragraph blockId="67.[151,604,749,811]" box="[151,604,749,776]" pageId="67" pageNumber="68">
<heading bold="true" box="[151,604,749,776]" fontSize="11" level="2" pageId="67" pageNumber="68" reason="4">
<taxonomicName authority="(Girault)" baseAuthorityName="Girault" baseAuthorityYear="1915" box="[151,604,749,776]" class="Insecta" family="Eulophidae" genus="Zagrammosoma" kingdom="Animalia" order="Hymenoptera" pageId="67" pageNumber="68" phylum="Arthropoda" rank="species" species="lineaticeps">
<emphasis bold="true" box="[151,604,749,776]" pageId="67" pageNumber="68">
<emphasis bold="true" box="[151,485,749,776]" italics="true" pageId="67" pageNumber="68">Zagrammosoma lineaticeps</emphasis>
(Girault)
</emphasis>
</taxonomicName>
</heading>
</paragraph>
</subSubSection>
<subSubSection box="[151,249,785,811]" pageId="67" pageNumber="68" type="description">
<paragraph blockId="67.[151,604,749,811]" box="[151,249,785,811]" pageId="67" pageNumber="68">
(
<figureCitation box="[160,241,785,811]" captionStart="FIGURE 28" captionStartId="68.[151,250,1889,1913]" captionTargetBox="[164,1423,236,1865]" captionTargetId="figure-46@68.[164,1423,236,1866]" captionTargetPageId="68" captionText="FIGURE 28. Zagrammosoma lineaticeps, ♀: (A) head, frontolateral, (B) lateral habitus, (C) fore wing, dorsal, (D) dorsal habi- tus; (E) ♁ dorsal habitus. Scale bar = 0.2 mm (A), 0.5 mm (B–E)." figureDoi="http://doi.org/10.5281/zenodo.4471863" httpUri="https://zenodo.org/record/4471863/files/figure.png" pageId="67" pageNumber="68">Fig. 28</figureCitation>
)
</paragraph>
</subSubSection>
<subSubSection pageId="67" pageNumber="68" type="reference_group">
<paragraph blockId="67.[151,1437,847,933]" pageId="67" pageNumber="68">
<treatmentCitationGroup pageId="67" pageNumber="68">
<taxonomicName authority="Girault, 1915: 279 - 280" authorityName="Girault" authorityPageNumber="279 - 280" authorityYear="1915" box="[151,713,847,871]" genus="Mirzagrammosoma" kingdom="Animalia" pageId="67" pageNumber="68" rank="species" species="lineaticeps">
<treatmentCitation author="Girault, A. A." box="[151,713,847,871]" page="280" pageId="67" pageNumber="68" year="1915">
<emphasis box="[151,466,847,871]" italics="true" pageId="67" pageNumber="68">Mirzagrammosoma lineaticeps</emphasis>
<materialsCitation box="[472,713,847,871]" collectorName="A. A. Girault. Depository" country="Mexico" location="Mexico" pageId="67" pageNumber="68" specimenCount="1" specimenCount-female="1" typeStatus="holotype">
<bibRefCitation author="Girault, A. A." box="[472,713,847,871]" pageId="67" pageNumber="68" pagination="279 - 284" refId="ref79432" refString="Girault, A. A. (1915) New chalcidoid Hymenoptera. Annals of the Entomological Society of America, 8 (3), 279 - 284. https: // doi. org / 10.1093 / aesa / 8.3.279" type="journal article" year="1915">Girault, 1915: 279–280</bibRefCitation>
</materialsCitation>
</treatmentCitation>
</taxonomicName>
. 
<typeStatus box="[723,817,847,871]" pageId="67" pageNumber="68">Holotype</typeStatus>
<specimenCount box="[824,843,848,871]" pageId="67" pageNumber="68" type="female">♀</specimenCount>
[examined]. Locality: 
<collectingCountry box="[1076,1156,847,871]" name="Mexico" pageId="67" pageNumber="68">Mexico</collectingCountry>
, Jilotepec, 1915, coll. 
<collectorName pageId="67" pageNumber="68">A. A. Girault. Depository</collectorName>
: USNM type no. 19376.
</treatmentCitationGroup>
</paragraph>
<paragraph blockId="67.[151,1437,847,933]" box="[151,811,908,933]" pageId="67" pageNumber="68">
<treatmentCitationGroup box="[151,811,908,933]" pageId="67" pageNumber="68">
<emphasis box="[151,441,908,932]" italics="true" pageId="67" pageNumber="68">
<taxonomicName baseAuthorityName="Girault" baseAuthorityYear="1915" box="[151,434,908,932]" class="Insecta" family="Eulophidae" genus="Zagrammosoma" kingdom="Animalia" order="Hymenoptera" pageId="67" pageNumber="68" phylum="Arthropoda" rank="species" species="lineaticeps">Zagrammosoma lineaticeps</taxonomicName>
;
</emphasis>
combination by 
<bibRefCitation author="LaSalle, J." box="[611,806,908,933]" pageId="67" pageNumber="68" pagination="230 - 236" refId="ref80354" refString="LaSalle, J. (1989) Notes on the genus Zagrammosoma (Hymenoptera: Eulophidae) with descriptions of a new species. Proceedings of the Entomological Society of Washington, 91 (2), 230 - 236." type="journal article" year="1989">
<treatmentCitation author="LaSalle, J." box="[611,806,908,933]" page="232" pageId="67" pageNumber="68" year="1989">LaSalle, 1989: 232</treatmentCitation>
</bibRefCitation>
.
</treatmentCitationGroup>
</paragraph>
</subSubSection>
<subSubSection pageId="67" pageNumber="68" type="diagnosis">
<paragraph blockId="67.[151,1437,972,2043]" pageId="67" pageNumber="68">
<emphasis bold="true" box="[151,274,972,998]" pageId="67" pageNumber="68">Diagnosis.</emphasis>
<taxonomicName baseAuthorityName="Girault" baseAuthorityYear="1915" box="[282,593,972,998]" class="Insecta" family="Eulophidae" genus="Zagrammosoma" kingdom="Animalia" order="Hymenoptera" pageId="67" pageNumber="68" phylum="Arthropoda" rank="species" species="lineaticeps">
<emphasis box="[282,593,972,998]" italics="true" pageId="67" pageNumber="68">Zagrammosoma lineaticeps</emphasis>
</taxonomicName>
is the only species to possess all six banding areas on the fore wing (
<figureCitation captionStart="FIGURE 28" captionStartId="68.[151,250,1889,1913]" captionTargetBox="[164,1423,236,1865]" captionTargetId="figure-46@68.[164,1423,236,1866]" captionTargetPageId="68" captionText="FIGURE 28. Zagrammosoma lineaticeps, ♀: (A) head, frontolateral, (B) lateral habitus, (C) fore wing, dorsal, (D) dorsal habi- tus; (E) ♁ dorsal habitus. Scale bar = 0.2 mm (A), 0.5 mm (B–E)." figureDoi="http://doi.org/10.5281/zenodo.4471863" httpUri="https://zenodo.org/record/4471863/files/figure.png" pageId="67" pageNumber="68">Fig. 28C</figureCitation>
). This species is also the only described species to have the hind wing with infuscation along the apical margin (
<figureCitation box="[160,261,1044,1070]" captionStart="FIGURE 28" captionStartId="68.[151,250,1889,1913]" captionTargetBox="[164,1423,236,1865]" captionTargetId="figure-46@68.[164,1423,236,1866]" captionTargetPageId="68" captionText="FIGURE 28. Zagrammosoma lineaticeps, ♀: (A) head, frontolateral, (B) lateral habitus, (C) fore wing, dorsal, (D) dorsal habi- tus; (E) ♁ dorsal habitus. Scale bar = 0.2 mm (A), 0.5 mm (B–E)." figureDoi="http://doi.org/10.5281/zenodo.4471863" httpUri="https://zenodo.org/record/4471863/files/figure.png" pageId="67" pageNumber="68">Fig. 28E</figureCitation>
). It is most similar to 
<taxonomicName authorityName="Perry &amp; Heraty" authorityYear="2021" box="[502,656,1044,1070]" class="Insecta" family="Eulophidae" genus="Zagrammosoma" kingdom="Animalia" order="Hymenoptera" pageId="67" pageNumber="68" phylum="Arthropoda" rank="species" species="metallicum">
<emphasis box="[502,656,1044,1070]" italics="true" pageId="67" pageNumber="68">Z. metallicum</emphasis>
</taxonomicName>
but does not possess any metallic coloration (the gaster appears shiny in 
<figureCitation box="[181,284,1080,1106]" captionStart="FIGURE 27" captionStartId="66.[151,250,1079,1103]" captionTargetBox="[151,1436,181,1055]" captionTargetId="figure-25@66.[151,1436,181,1055]" captionTargetPageId="66" captionText="FIGURE 27. Distributions of Zagrammosoma latilineatum and Z. yanegai n. sp." figureDoi="http://doi.org/10.5281/zenodo.4471861" httpUri="https://zenodo.org/record/4471861/files/figure.png" pageId="67" pageNumber="68">Fig. 27D</figureCitation>
, however, this is due to the reflection of the ring light used in photographing the specimens), and the wing patterns are different (
<figureCitation box="[462,560,1116,1142]" captionStart="FIGURE 28" captionStartId="68.[151,250,1889,1913]" captionTargetBox="[164,1423,236,1865]" captionTargetId="figure-46@68.[164,1423,236,1866]" captionTargetPageId="68" captionText="FIGURE 28. Zagrammosoma lineaticeps, ♀: (A) head, frontolateral, (B) lateral habitus, (C) fore wing, dorsal, (D) dorsal habi- tus; (E) ♁ dorsal habitus. Scale bar = 0.2 mm (A), 0.5 mm (B–E)." figureDoi="http://doi.org/10.5281/zenodo.4471863" httpUri="https://zenodo.org/record/4471863/files/figure.png" pageId="67" pageNumber="68">Fig. 28E</figureCitation>
versus 32C).
</paragraph>
</subSubSection>
<subSubSection pageId="67" pageNumber="68" type="description">
<paragraph blockId="67.[151,1437,972,2043]" pageId="67" pageNumber="68">
<emphasis bold="true" box="[199,345,1152,1178]" pageId="67" pageNumber="68">Description.</emphasis>
Female – body length 
<quantity box="[617,772,1152,1179]" metricMagnitude="-3" metricUnit="m" metricValue="1.63" metricValueMax="2.1" metricValueMin="1.16" pageId="67" pageNumber="68" unit="mm" value="1.63" valueMax="2.1" valueMin="1.16">1.16–2.1 mm</quantity>
. Metallic luster on body absent. Scape yellow with black stripe dorsally. Lower face with median stripe present. Vertex with 2 stripes above compound eye. Gena posteriorly with dark stripes below compound eye. Occiput yellow with dark median band. Pronotum black with yellow stripe along lateral margin. Prepectus, mesoscutum, mesoscutellum, and propodeum black. Procoxa yellow. Mesocoxa and metacoxa black. Profemur and mesofemur yellow. Metafemur entirely black. Fore wing: basal band present; cubital band present; parastigmal, stigmal, and postmarginal bands present, with perpendicular extension greater than that of stigmal apex; apical band present; connections from basal band to parastigmal band, from parastigmal band to stigmal band, and from stigmal band to postmarginal band present. Hind wing dark along apical margin. Gaster dark.
</paragraph>
<paragraph blockId="67.[151,1437,972,2043]" pageId="67" pageNumber="68">Upper ocular sulcus present. Pedicel longer than wide. Funiculars symmetrical: first longer than wide (w:l = 0.65–0.75); second longer than wide to wider than long (w:l = 0.87–1.11).</paragraph>
<paragraph blockId="67.[151,1437,972,2043]" pageId="67" pageNumber="68">
Pronotum, in dorsal view, longer than wide or subequal (w:l = 0.92–0.96); 3–4 pairs of setae along posterior margin. Mesoscutum reticulate; small, scattered setae present; intermediate setae absent. Mesoscutellum longer than wide or subequal (w:l = 0.94–1.0); submedian grooves present, but faint and often difficult to distinguish. Hind tibial spur distinctly shorter than basitarsus. Hind basitarsus longer than second tarsomere (bst:2 
<superScript attach="left" box="[1227,1243,1656,1670]" fontSize="6" pageId="67" pageNumber="68">nd</superScript>
= 1.07–1.2).
</paragraph>
<paragraph blockId="67.[151,1437,972,2043]" pageId="67" pageNumber="68">Fore wing l:w = 2.45–2.67. Five setae dorsally. Basal fold setose. Cubital fold setose. Admarginal setae present. Uncus originating on stigma by more than own length from stigmal apex.</paragraph>
<paragraph blockId="67.[151,1437,972,2043]" box="[199,392,1764,1791]" pageId="67" pageNumber="68">Male - unknown.</paragraph>
</subSubSection>
<subSubSection pageId="67" pageNumber="68" type="discussion">
<paragraph blockId="67.[151,1437,972,2043]" pageId="67" pageNumber="68">
<emphasis bold="true" box="[199,315,1800,1826]" pageId="67" pageNumber="68">Remarks.</emphasis>
<bibRefCitation author="Girault, A. A." box="[321,481,1800,1827]" pageId="67" pageNumber="68" pagination="279 - 284" refId="ref79432" refString="Girault, A. A. (1915) New chalcidoid Hymenoptera. Annals of the Entomological Society of America, 8 (3), 279 - 284. https: // doi. org / 10.1093 / aesa / 8.3.279" type="journal article" year="1915">Girault (1915)</bibRefCitation>
described 
<taxonomicName authorityName="Girault" authorityYear="1915" box="[600,819,1801,1826]" genus="Mirzagrammosoma" kingdom="Animalia" pageId="67" pageNumber="68" rank="genus">
<emphasis box="[600,819,1801,1826]" italics="true" pageId="67" pageNumber="68">Mirzagrammosoma</emphasis>
</taxonomicName>
as different from 
<taxonomicName box="[1016,1198,1801,1826]" class="Insecta" family="Eulophidae" genus="Zagrammosoma" kingdom="Animalia" order="Hymenoptera" pageId="67" pageNumber="68" phylum="Arthropoda" rank="genus">
<emphasis box="[1016,1198,1801,1826]" italics="true" pageId="67" pageNumber="68">Zagrammosoma</emphasis>
</taxonomicName>
based on the absence of submedian grooves on the mesoscutellum and a more elevated vaulted vertex. However, the submedian grooves are present, but faint and difficult to see. The vertex is slightly more elevated than in other species but does not appear more elevated than the vertex found in 
<taxonomicName box="[644,842,1908,1934]" class="Insecta" family="Eulophidae" genus="Zagrammosoma" kingdom="Animalia" order="Hymenoptera" pageId="67" pageNumber="68" phylum="Arthropoda" rank="species" species="centrolineatum">
<emphasis box="[644,842,1908,1934]" italics="true" pageId="67" pageNumber="68">Z. centrolineatum</emphasis>
</taxonomicName>
, 
<taxonomicName baseAuthorityName="Ashmead" baseAuthorityYear="1888" box="[856,1041,1908,1934]" class="Insecta" family="Eulophidae" genus="Zagrammosoma" kingdom="Animalia" order="Hymenoptera" pageId="67" pageNumber="68" phylum="Arthropoda" rank="species" species="multilineatum">
<emphasis box="[856,1041,1908,1934]" italics="true" pageId="67" pageNumber="68">Z. multilineatum</emphasis>
</taxonomicName>
, or 
<taxonomicName authorityName="Perry &amp; Heraty" authorityYear="2021" box="[1085,1241,1908,1934]" class="Insecta" family="Eulophidae" genus="Zagrammosoma" kingdom="Animalia" order="Hymenoptera" pageId="67" pageNumber="68" phylum="Arthropoda" rank="species" species="trifurcatum">
<emphasis box="[1085,1241,1908,1934]" italics="true" pageId="67" pageNumber="68">Z. trifurcatum</emphasis>
</taxonomicName>
(
<figureCitation box="[1256,1370,1908,1934]" captionStart="FIGURE 10" captionStartId="39.[151,250,1835,1859]" captionTargetBox="[164,1423,181,1810]" captionTargetId="figure-19@39.[164,1423,181,1810]" captionTargetPageId="39" captionText="FIGURE 10. Zagrammosoma centrolineatum, ♀: (A) head, frontal, (B) lateral habitus, (C) fore wing, dorsal, (D) dorsal habitus; (E) ♁ dorsal habitus. Scale bar = 0.2 mm (A), 0.5 mm (B–E)." figureDoi="http://doi.org/10.5281/zenodo.4471827" httpUri="https://zenodo.org/record/4471827/files/figure.png" pageId="67" pageNumber="68">Figs. 10A</figureCitation>
, 
<figureCitation box="[1381,1432,1908,1934]" captionStart="FIGURE 34" captionStartId="77.[151,250,1923,1947]" captionTargetBox="[151,1436,237,1900]" captionTargetId="figure-55@77.[151,1436,237,1900]" captionTargetPageId="77" captionText="FIGURE 34. Zagrammosoma multilineatum, ♀: (A) head, frontolateral, (B) lateral habitus, (C) fore wing, dorsal, (D) dorsal habitus; (E) ♁ dorsal habitus. Scale bar = 0.2 mm (A), 0.5 mm (B–E)." figureDoi="http://doi.org/10.5281/zenodo.4471875" httpUri="https://zenodo.org/record/4471875/files/figure.png" pageId="67" pageNumber="68">34A</figureCitation>
, 
<figureCitation box="[151,204,1944,1970]" captionStart="FIGURE 44" captionStartId="95.[151,250,1969,1993]" captionTargetBox="[189,1398,381,1946]" captionTargetId="figure-116@95.[189,1398,381,1946]" captionTargetPageId="95" captionText="FIGURE 44 Zagrammosoma trifurcatum n. sp., ♀: (A) head, frontolateral, (B) lateral habitus, (C) fore wing, dorsal, (D) dorsal habitus, inset with color variant; (E) ♁ dorsal habitus. Scale bar = 0.2 mm (A), 0.5 mm (B–E)." figureDoi="http://doi.org/10.5281/zenodo.4471895" httpUri="https://zenodo.org/record/4471895/files/figure.png" pageId="67" pageNumber="68">44A</figureCitation>
). Girault also described the species as lacking bristle-like setae on the mesoscutellum, however, they are present but smaller and thinner than in other species (
<figureCitation box="[703,807,1980,2006]" captionStart="FIGURE 28" captionStartId="68.[151,250,1889,1913]" captionTargetBox="[164,1423,236,1865]" captionTargetId="figure-46@68.[164,1423,236,1866]" captionTargetPageId="68" captionText="FIGURE 28. Zagrammosoma lineaticeps, ♀: (A) head, frontolateral, (B) lateral habitus, (C) fore wing, dorsal, (D) dorsal habi- tus; (E) ♁ dorsal habitus. Scale bar = 0.2 mm (A), 0.5 mm (B–E)." figureDoi="http://doi.org/10.5281/zenodo.4471863" httpUri="https://zenodo.org/record/4471863/files/figure.png" pageId="67" pageNumber="68">Fig. 28D</figureCitation>
). The molecular analysis (
<figureCitation box="[1101,1168,1980,2006]" captionStart="FIGURE 2" captionStartId="12.[151,250,1878,1902]" captionTargetBox="[252,1436,181,1854]" captionTargetId="figure-25@12.[151,1436,181,1854]" captionTargetPageId="12" captionText="FIGURE 2. Maximum likelihood tree using 28S D2 &amp; D3–5, ITS2, and COI NJ. Bootstrap values shown. The varying colors within Zagrammosoma indicate different species." figureDoi="http://doi.org/10.5281/zenodo.4471811" httpUri="https://zenodo.org/record/4471811/files/figure.png" pageId="67" pageNumber="68">Fig. 2</figureCitation>
) recovers 
<taxonomicName baseAuthorityName="Girault" baseAuthorityYear="1915" box="[1285,1436,1980,2006]" class="Insecta" family="Eulophidae" genus="Zagrammosoma" kingdom="Animalia" order="Hymenoptera" pageId="67" pageNumber="68" phylum="Arthropoda" rank="species" species="lineaticeps">
<emphasis box="[1285,1436,1980,2006]" italics="true" pageId="67" pageNumber="68">Z. lineaticeps</emphasis>
</taxonomicName>
within the genus confirming the combination (
<bibRefCitation author="LaSalle, J." box="[671,832,2016,2042]" pageId="67" pageNumber="68" pagination="230 - 236" refId="ref80354" refString="LaSalle, J. (1989) Notes on the genus Zagrammosoma (Hymenoptera: Eulophidae) with descriptions of a new species. Proceedings of the Entomological Society of Washington, 91 (2), 230 - 236." type="journal article" year="1989">LaSalle, 1989</bibRefCitation>
).
</paragraph>
</subSubSection>
<subSubSection pageId="68" pageNumber="69" type="biology_ecology">
<paragraph blockId="68.[151,1436,150,212]" box="[199,1436,150,177]" pageId="68" pageNumber="69">
<emphasis bold="true" box="[199,273,150,176]" pageId="68" pageNumber="69">Hosts.</emphasis>
Reared from dipteran and lepidopteran leaf miners. See 
<tableCitation box="[911,996,150,176]" captionStart="TABLE 3" captionStartId="14.[151,239,1088,1112]" captionText="TABLE 3. List of host associations per species. Entries are alphabetized by Zagrammosoma species, host order, host spe- cies, and then host plant species. Each row contains the host and host plant record, if known, for a single Zagrammosoma specimen. Host records from literature are indicated by number: 1. Amiri et al. (2008), 2. Cao et al. (2014), 3. Çikman &amp; La Salle (2011), 4. Gates et al. (2002), 5. Girardoz et al. (2007), 6. Grabenweger et al. (2010), 7. Lupi (2005), 8. Radegh- ieri et al. (2002), 9. Szőcs et al. (2015), 10. Varela &amp; Welter (1992)." pageId="68" pageNumber="69">Table 3</tableCitation>
. 
<taxonomicName box="[1008,1100,150,176]" kingdom="Plantae" order="Diptera" pageId="68" pageNumber="69" rank="order">
<emphasis bold="true" box="[1008,1100,150,176]" pageId="68" pageNumber="69">Diptera</emphasis>
</taxonomicName>
: 
<taxonomicName box="[1114,1270,150,176]" class="Insecta" family="Agromyzidae" kingdom="Animalia" order="Diptera" pageId="68" pageNumber="69" phylum="Arthropoda" rank="family">Agromyzidae</taxonomicName>
. 
<taxonomicName authorityName="Linnaeus" authorityYear="1758" box="[1281,1429,150,176]" class="Magnoliopsida" higherTaxonomySource="GBIF" kingdom="Plantae" order="Lepidoptera" pageId="68" pageNumber="69" phylum="Tracheophyta" rank="order">
<emphasis bold="true" box="[1281,1429,150,176]" pageId="68" pageNumber="69">Lepidoptera</emphasis>
</taxonomicName>
:
</paragraph>
<paragraph blockId="68.[151,1436,150,212]" box="[151,607,186,212]" pageId="68" pageNumber="69">
<taxonomicName authorityName="Stainton" authorityYear="1854" box="[151,288,186,212]" class="Insecta" family="Gelechiidae" kingdom="Animalia" order="Lepidoptera" pageId="68" pageNumber="69" phylum="Arthropoda" rank="family">Gelechiidae</taxonomicName>
, 
<taxonomicName authorityName="Stainton" authorityYear="1854" box="[299,456,186,212]" class="Insecta" family="Gracillariidae" kingdom="Animalia" order="Lepidoptera" pageId="68" pageNumber="69" phylum="Arthropoda" rank="family">Gracillariidae</taxonomicName>
, 
<taxonomicName authorityName="Stainton" authorityYear="1854" box="[467,603,186,212]" class="Insecta" family="Lyonetiidae" kingdom="Animalia" order="Lepidoptera" pageId="68" pageNumber="69" phylum="Arthropoda" rank="family">Lyonetiidae</taxonomicName>
.
</paragraph>
</subSubSection>
<caption ID-DOI="http://doi.org/10.5281/zenodo.4471863" ID-Zenodo-Dep="4471863" httpUri="https://zenodo.org/record/4471863/files/figure.png" pageId="68" pageNumber="69" startId="68.[151,250,1889,1913]" targetBox="[164,1423,236,1865]" targetPageId="68">
<paragraph blockId="68.[151,1436,1889,1952]" pageId="68" pageNumber="69">
<emphasis bold="true" box="[151,281,1889,1913]" pageId="68" pageNumber="69">FIGURE 28</emphasis>
. 
<taxonomicName baseAuthorityName="Girault" baseAuthorityYear="1915" box="[293,574,1890,1914]" class="Insecta" family="Eulophidae" genus="Zagrammosoma" kingdom="Animalia" order="Hymenoptera" pageId="68" pageNumber="69" phylum="Arthropoda" rank="species" species="lineaticeps">
<emphasis box="[293,574,1890,1914]" italics="true" pageId="68" pageNumber="69">Zagrammosoma lineaticeps</emphasis>
</taxonomicName>
, ♀: (A) head, frontolateral, (B) lateral habitus, (C) fore wing, dorsal, (D) dorsal habitus; (E) ♁ dorsal habitus. Scale bar = 0.2 mm (A), 0.5 mm (B–E).
</paragraph>
</caption>
<caption ID-DOI="http://doi.org/10.5281/zenodo.4471865" ID-Zenodo-Dep="4471865" box="[151,738,1079,1103]" httpUri="https://zenodo.org/record/4471865/files/figure.png" pageId="69" pageNumber="70" startId="69.[151,250,1079,1103]" targetBox="[151,1436,181,1055]" targetPageId="69">
<paragraph blockId="69.[151,738,1079,1103]" box="[151,738,1079,1103]" pageId="69" pageNumber="70">
<emphasis bold="true" box="[151,288,1079,1103]" pageId="69" pageNumber="70">FIGURE 29.</emphasis>
Distribution of 
<taxonomicName baseAuthorityName="Girault" baseAuthorityYear="1915" box="[450,734,1079,1103]" class="Insecta" family="Eulophidae" genus="Zagrammosoma" kingdom="Animalia" order="Hymenoptera" pageId="69" pageNumber="70" phylum="Arthropoda" rank="species" species="lineaticeps">Zagrammosoma lineaticeps</taxonomicName>
.
</paragraph>
</caption>
<subSubSection pageId="69" pageNumber="70" type="distribution">
<paragraph blockId="69.[151,1437,1149,2040]" pageId="69" pageNumber="70">
<emphasis bold="true" box="[199,470,1149,1175]" pageId="69" pageNumber="70">Distribution. Nearctic:</emphasis>
<collectingCountry box="[478,532,1149,1175]" name="United States of America" pageId="69" pageNumber="70">USA</collectingCountry>
(AZ, CA, TX). 
<emphasis bold="true" box="[717,866,1149,1175]" pageId="69" pageNumber="70">Neotropical:</emphasis>
<collectingCountry box="[874,979,1149,1175]" name="Bahamas" pageId="69" pageNumber="70">Bahamas</collectingCountry>
, 
<collectingCountry box="[992,1101,1149,1175]" name="Barbados" pageId="69" pageNumber="70">Barbados</collectingCountry>
, 
<collectingCountry box="[1112,1225,1149,1175]" name="Colombia" pageId="69" pageNumber="70">Colombia</collectingCountry>
, 
<collectingCountry box="[1238,1300,1149,1175]" name="Cuba" pageId="69" pageNumber="70">Cuba</collectingCountry>
, 
<collectingCountry name="Dominican Republic" pageId="69" pageNumber="70">Dominican Republic</collectingCountry>
, 
<collectingCountry box="[265,397,1185,1211]" name="El Salvador" pageId="69" pageNumber="70">El Salvador</collectingCountry>
, 
<collectingCountry box="[408,532,1185,1211]" name="Guatemala" pageId="69" pageNumber="70">Guatemala</collectingCountry>
, 
<collectingCountry box="[542,654,1185,1211]" name="Honduras" pageId="69" pageNumber="70">Honduras</collectingCountry>
, 
<collectingCountry box="[664,750,1185,1211]" name="Mexico" pageId="69" pageNumber="70">Mexico</collectingCountry>
(BS, GR, JA, MI, NL, SI, TM, VE), 
<collectingCountry box="[1156,1371,1185,1211]" name="Trinidad and Tobago" pageId="69" pageNumber="70">Trinidad &amp; Tobago</collectingCountry>
, 
<collectingCountry box="[1382,1436,1185,1211]" name="United States of America" pageId="69" pageNumber="70">USA</collectingCountry>
(FL, PR) (
<figureCitation box="[266,350,1221,1247]" captionStart="FIGURE 29" captionStartId="69.[151,250,1079,1103]" captionTargetBox="[151,1436,181,1055]" captionTargetId="figure-19@69.[151,1436,181,1055]" captionTargetPageId="69" captionText="FIGURE 29. Distribution of Zagrammosoma lineaticeps." figureDoi="http://doi.org/10.5281/zenodo.4471865" httpUri="https://zenodo.org/record/4471865/files/figure.png" pageId="69" pageNumber="70">Fig. 29</figureCitation>
).
</paragraph>
</subSubSection>
<subSubSection pageId="69" pageNumber="70" type="etymology">
<paragraph blockId="69.[151,1437,1149,2040]" pageId="69" pageNumber="70">
<emphasis bold="true" box="[199,334,1257,1283]" pageId="69" pageNumber="70">Etymology.</emphasis>
Lineaticeps is a combination of the Latin 
<emphasis box="[824,880,1257,1283]" italics="true" pageId="69" pageNumber="70">linea</emphasis>
and New Latin suffix - 
<emphasis box="[1153,1203,1258,1283]" italics="true" pageId="69" pageNumber="70">ceps</emphasis>
(-headed), therefore referring to lines on the face, lateral margins of the head, and occiput.
</paragraph>
</subSubSection>
<subSubSection lastPageId="70" lastPageNumber="71" pageId="69" pageNumber="70" type="materials_examined">
<paragraph blockId="69.[151,1437,1149,2040]" lastBlockId="70.[151,1437,150,1113]" lastPageId="70" lastPageNumber="71" pageId="69" pageNumber="70">
<emphasis bold="true" box="[199,884,1329,1355]" pageId="69" pageNumber="70">
Material examined. 
<collectingCountry box="[443,590,1329,1355]" name="Bahamas" pageId="69" pageNumber="70">BAHAMAS</collectingCountry>
: 
<collectingRegion box="[604,792,1329,1355]" country="Bahamas" name="West Grand Bahama" pageId="69" pageNumber="70">Grand Bahama</collectingRegion>
Island:
</emphasis>
Bahamanian Way, 
<quantity box="[1105,1176,1329,1355]" metricMagnitude="3" metricUnit="m" metricValue="6.4" pageId="69" pageNumber="70" unit="km" value="6.4">6.4km</quantity>
NW Eight Mile Rock, 
<quantity box="[151,188,1365,1391]" metricMagnitude="0" metricUnit="m" metricValue="1.0" pageId="69" pageNumber="70" unit="m" value="1.0">1m</quantity>
, 
<emphasis box="[203,342,1365,1391]" italics="true" pageId="69" pageNumber="70">
<geoCoordinate box="[203,342,1365,1391]" degrees="26" direction="north" minutes="36" orientation="latitude" pageId="69" pageNumber="70" precision="15" seconds="55" value="26.615278">26°36‘55“N</geoCoordinate>
</emphasis>
, 
<emphasis box="[358,501,1365,1391]" italics="true" pageId="69" pageNumber="70">
<geoCoordinate box="[358,501,1365,1391]" degrees="78" direction="west" minutes="53" orientation="longitude" pageId="69" pageNumber="70" precision="15" seconds="19" value="-78.88861">78°53‘19“W</geoCoordinate>
</emphasis>
, 
<date box="[517,632,1365,1391]" pageId="69" pageNumber="70" value="1982-10-16">16.x.1982</date>
, D. M. LaSalle [
<specimenCount box="[827,861,1365,1391]" pageId="69" pageNumber="70" type="female">1♀</specimenCount>
, 
<collectionCode box="[877,939,1365,1391]" country="Canada" httpUri="http://grbio.org/cool/y2kv-9w3k" name="Canadian National Collection of Insects, Arachnids, and Nematodes" pageId="69" pageNumber="70">CNC</collectionCode>
: 
<collectionCode box="[951,1011,1365,1392]" country="Canada" httpUri="http://grbio.org/cool/y2kv-9w3k" name="Canadian National Collection of Insects, Arachnids, and Nematodes" pageId="69" pageNumber="70">CNC</collectionCode>
508734]. 
<emphasis bold="true" box="[1118,1243,1365,1391]" pageId="69" pageNumber="70">
<collectingRegion box="[1118,1238,1365,1391]" country="Bahamas" name="Rum Cay" pageId="69" pageNumber="70">Rum Cay</collectingRegion>
:
</emphasis>
<quantity box="[1253,1291,1365,1392]" metricMagnitude="0" metricUnit="m" metricValue="5.0" pageId="69" pageNumber="70" unit="m" value="5.0">5m</quantity>
, 
<emphasis box="[1304,1429,1365,1391]" italics="true" pageId="69" pageNumber="70">
<geoCoordinate box="[1304,1429,1365,1391]" degrees="23" direction="north" minutes="39" orientation="latitude" pageId="69" pageNumber="70" precision="15" seconds="8" value="23.652222">23°39‘8“N</geoCoordinate>
</emphasis>
, 
<emphasis box="[151,294,1401,1427]" italics="true" pageId="69" pageNumber="70">
<geoCoordinate box="[151,294,1401,1427]" degrees="74" direction="west" minutes="50" orientation="longitude" pageId="69" pageNumber="70" precision="15" seconds="33" value="-74.8425">74°50‘33“W</geoCoordinate>
</emphasis>
, B. Brown, pan trap [
<specimenCount box="[586,621,1401,1427]" pageId="69" pageNumber="70" type="female">1♀</specimenCount>
, 
<collectionCode box="[644,706,1401,1427]" country="Canada" httpUri="http://grbio.org/cool/y2kv-9w3k" name="Canadian National Collection of Insects, Arachnids, and Nematodes" pageId="69" pageNumber="70">CNC</collectionCode>
: 
<collectionCode box="[725,785,1401,1428]" country="Canada" httpUri="http://grbio.org/cool/y2kv-9w3k" name="Canadian National Collection of Insects, Arachnids, and Nematodes" pageId="69" pageNumber="70">CNC</collectionCode>
508689]. 
<emphasis bold="true" box="[899,1064,1401,1427]" pageId="69" pageNumber="70">
<collectingCountry box="[899,1055,1401,1427]" name="Barbados" pageId="69" pageNumber="70">BARBADOS</collectingCountry>
:
</emphasis>
St. John, 
<quantity box="[1203,1270,1401,1427]" metricMagnitude="2" metricUnit="m" metricValue="1.98" pageId="69" pageNumber="70" unit="m" value="198.0">198m</quantity>
, 
<emphasis box="[1290,1430,1401,1427]" italics="true" pageId="69" pageNumber="70">
<geoCoordinate box="[1290,1430,1401,1427]" degrees="13" direction="north" minutes="09" orientation="latitude" pageId="69" pageNumber="70" precision="15" seconds="37" value="13.160277">13°09‘37“N</geoCoordinate>
</emphasis>
, 
<emphasis box="[151,295,1437,1463]" italics="true" pageId="69" pageNumber="70">
<geoCoordinate box="[151,295,1437,1463]" degrees="59" direction="west" minutes="31" orientation="longitude" pageId="69" pageNumber="70" precision="15" seconds="12" value="-59.52">59°31‘12“W</geoCoordinate>
</emphasis>
, 
<date box="[313,428,1437,1463]" pageId="69" pageNumber="70" value="1978-10-27">27.x.1978</date>
, field, host: 
<taxonomicName authorityName="Morris" authorityYear="1870" box="[580,726,1437,1463]" class="Insecta" family="Gracillaridae" higherTaxonomySource="GBIF" kingdom="Animalia" order="Lepidoptera" pageId="69" pageNumber="70" phylum="Arthropoda" rank="family">Gracillaridae</taxonomicName>
[
<specimenCount box="[748,782,1437,1463]" pageId="69" pageNumber="70" type="female">1♀</specimenCount>
, 
<collectionCode box="[800,888,1438,1464]" pageId="69" pageNumber="70">BMNH</collectionCode>
: NHMUK10370139]. 
<emphasis bold="true" pageId="69" pageNumber="70">
<collectingCountry box="[1150,1309,1437,1463]" name="Colombia" pageId="69" pageNumber="70">COLOMBIA</collectingCountry>
: 
<collectingRegion country="Colombia" name="Valle del Cauca" pageId="69" pageNumber="70">Valle del Cauca</collectingRegion>
:
</emphasis>
Palmira, 
<quantity box="[347,428,1473,1500]" metricMagnitude="3" metricUnit="m" metricValue="1.015" pageId="69" pageNumber="70" unit="m" value="1015.0">1015m</quantity>
, 
<geoCoordinate box="[439,565,1473,1499]" degrees="3" direction="north" minutes="30" orientation="latitude" pageId="69" pageNumber="70" precision="15" seconds="31" value="3.5086112">3°30‘31“N</geoCoordinate>
, 
<geoCoordinate box="[578,720,1473,1499]" degrees="76" direction="west" minutes="19" orientation="longitude" pageId="69" pageNumber="70" precision="15" seconds="11" value="-76.31972">76°19‘11“W</geoCoordinate>
, 
<date box="[732,855,1473,1500]" pageId="69" pageNumber="70" value="1975-09-15">15.ix.1975</date>
, A. Saldarriaga, host: 
<taxonomicName box="[1105,1263,1473,1499]" class="Insecta" family="Gelechiidae" genus="Scrobipalpula" kingdom="Animalia" order="Lepidoptera" pageId="69" pageNumber="70" phylum="Arthropoda" rank="genus">
<emphasis box="[1105,1263,1473,1499]" italics="true" pageId="69" pageNumber="70">Scrobipalpula</emphasis>
</taxonomicName>
sp., host plant: 
<taxonomicName box="[151,398,1509,1535]" class="Magnoliopsida" family="Solanaceae" genus="Solanum" kingdom="Plantae" order="Solanales" pageId="69" pageNumber="70" phylum="Tracheophyta" rank="species" species="saponaceum">
<emphasis box="[151,398,1509,1535]" italics="true" pageId="69" pageNumber="70">Solanum saponaceum</emphasis>
</taxonomicName>
(now 
<emphasis box="[475,613,1509,1535]" italics="true" pageId="69" pageNumber="70">bonariense?</emphasis>
) [
<specimenCount box="[640,677,1509,1535]" pageId="69" pageNumber="70" type="female">4♀</specimenCount>
, 
<collectionCode box="[692,777,1509,1535]" country="USA" httpUri="http://biocol.org/urn:lsid:biocol.org:col:34871" lsid="urn:lsid:biocol.org:col:34871" name="Smithsonian Institution, National Museum of Natural History" pageId="69" pageNumber="70" type="Museum">USNM</collectionCode>
: UCRCENT425350–425353]. 
<emphasis bold="true" box="[1128,1329,1509,1535]" pageId="69" pageNumber="70">
<collectingCountry box="[1128,1207,1509,1535]" name="Cuba" pageId="69" pageNumber="70">CUBA</collectingCountry>
: 
<collectingRegion box="[1226,1324,1509,1535]" country="Cuba" name="La Habana" pageId="69" pageNumber="70">Havana</collectingRegion>
:
</emphasis>
Santiago de Las Vegas, 
<quantity box="[321,373,1545,1571]" metricMagnitude="1" metricUnit="m" metricValue="9.6" pageId="69" pageNumber="70" unit="m" value="96.0">96m</quantity>
, 
<emphasis box="[387,526,1545,1571]" italics="true" pageId="69" pageNumber="70">
<geoCoordinate box="[387,526,1545,1571]" degrees="22" direction="north" minutes="58" orientation="latitude" pageId="69" pageNumber="70" precision="15" seconds="10" value="22.969444">22°58‘10“N</geoCoordinate>
</emphasis>
, 
<emphasis box="[543,672,1545,1571]" italics="true" pageId="69" pageNumber="70">
<geoCoordinate box="[543,672,1545,1571]" degrees="82" direction="west" minutes="23" orientation="longitude" pageId="69" pageNumber="70" precision="15" seconds="9" value="-82.38583">82°23‘9“W</geoCoordinate>
</emphasis>
, 
<date box="[689,802,1545,1572]" pageId="69" pageNumber="70" value="1919-05-25">25.v.1919</date>
, P. Cardin, host: serpentine leaf miner, host plant: 
<taxonomicName class="Magnoliopsida" family="Tropaeolaceae" genus="Tropaeolum" kingdom="Plantae" order="Capparales" pageId="69" pageNumber="70" phylum="Tracheophyta" rank="species" species="majus">
<emphasis italics="true" pageId="69" pageNumber="70">Tropaeolum majus</emphasis>
</taxonomicName>
[
<specimenCount box="[345,380,1581,1607]" pageId="69" pageNumber="70" type="female">1♀</specimenCount>
, 
<collectionCode box="[397,482,1581,1607]" country="USA" httpUri="http://biocol.org/urn:lsid:biocol.org:col:34871" lsid="urn:lsid:biocol.org:col:34871" name="Smithsonian Institution, National Museum of Natural History" pageId="69" pageNumber="70" type="Museum">USNM</collectionCode>
: UCRCENT425359]. 
<emphasis bold="true" box="[737,1072,1581,1607]" pageId="69" pageNumber="70">
<collectingCountry box="[737,1067,1581,1607]" name="Dominican Republic" pageId="69" pageNumber="70">DOMINICAN REPUBLIC</collectingCountry>
:
</emphasis>
<collectingRegion box="[1083,1174,1581,1607]" country="Dominican Republic" name="Samana" pageId="69" pageNumber="70">Samana</collectingRegion>
, Cayo Levantado, 
<quantity box="[1393,1432,1581,1608]" metricMagnitude="0" metricUnit="m" metricValue="5.0" pageId="69" pageNumber="70" unit="m" value="5.0">5m</quantity>
, 
<emphasis box="[151,290,1617,1643]" italics="true" pageId="69" pageNumber="70">
<geoCoordinate box="[151,290,1617,1643]" degrees="19" direction="north" minutes="09" orientation="latitude" pageId="69" pageNumber="70" precision="15" seconds="59" value="19.166388">19°09‘59“N</geoCoordinate>
</emphasis>
, 
<emphasis box="[307,451,1617,1643]" italics="true" pageId="69" pageNumber="70">
<geoCoordinate box="[307,451,1617,1643]" degrees="69" direction="west" minutes="16" orientation="longitude" pageId="69" pageNumber="70" precision="15" seconds="44" value="-69.27889">69°16‘44“W</geoCoordinate>
</emphasis>
, 
<date box="[467,588,1617,1643]" pageId="69" pageNumber="70" value="2009-04-13">13.iv.2009</date>
, A. &amp; P. Ossipov [
<specimenCount box="[810,845,1617,1643]" pageId="69" pageNumber="70" type="female">1♀</specimenCount>
, 
<collectionCode box="[861,942,1617,1643]" country="USA" httpUri="http://grbio.org/cool/m2jc-wmeq" name="University of California, Riverside" pageId="69" pageNumber="70" type="University or college">UCRC</collectionCode>
: UCRCENT252450 (
<emphasis bold="true" box="[1189,1265,1617,1643]" pageId="69" pageNumber="70">D5934</emphasis>
)]. 
<emphasis bold="true" box="[1300,1394,1617,1643]" pageId="69" pageNumber="70">
<collectingRegion box="[1300,1388,1617,1643]" country="Dominican Republic" name="Duarte" pageId="69" pageNumber="70">Duarte</collectingRegion>
:
</emphasis>
Pimentel, 
<quantity box="[244,296,1653,1679]" metricMagnitude="1" metricUnit="m" metricValue="4.0" pageId="69" pageNumber="70" unit="m" value="40.0">40m</quantity>
, 
<emphasis box="[310,447,1653,1679]" italics="true" pageId="69" pageNumber="70">
<geoCoordinate box="[310,447,1653,1679]" degrees="19" direction="north" minutes="11" orientation="latitude" pageId="69" pageNumber="70" precision="15" seconds="10" value="19.18611">19°11‘10“N</geoCoordinate>
</emphasis>
, 
<emphasis box="[464,607,1653,1679]" italics="true" pageId="69" pageNumber="70">
<geoCoordinate box="[464,607,1653,1679]" degrees="70" direction="west" minutes="06" orientation="longitude" pageId="69" pageNumber="70" precision="15" seconds="24" value="-70.10667">70°06‘24“W</geoCoordinate>
</emphasis>
, 
<date box="[624,747,1653,1679]" pageId="69" pageNumber="70" value="1978-08-08">8.viii.1978</date>
, R.O. Schuster [
<specimenCount box="[940,975,1653,1679]" pageId="69" pageNumber="70" type="female">1♀</specimenCount>
, 
<collectionCode box="[991,1073,1653,1679]" country="USA" httpUri="http://grbio.org/cool/kd99-229r" name="R. M. Bohart Museum of Entomology" pageId="69" pageNumber="70" type="Museum">UCDC</collectionCode>
: UCRCENT415864]. 
<emphasis bold="true" pageId="69" pageNumber="70">EL SALVADOR:</emphasis>
San Salvador, 
<quantity box="[432,499,1689,1715]" metricMagnitude="2" metricUnit="m" metricValue="6.9" pageId="69" pageNumber="70" unit="m" value="690.0">690m</quantity>
, 
<emphasis box="[511,650,1689,1715]" italics="true" pageId="69" pageNumber="70">
<geoCoordinate box="[511,650,1689,1715]" degrees="13" direction="north" minutes="42" orientation="latitude" pageId="69" pageNumber="70" precision="15" seconds="29" value="13.7080555">13°42‘29“N</geoCoordinate>
</emphasis>
, 
<emphasis box="[665,808,1689,1715]" italics="true" pageId="69" pageNumber="70">
<geoCoordinate box="[665,808,1689,1715]" degrees="89" direction="west" minutes="12" orientation="longitude" pageId="69" pageNumber="70" precision="15" seconds="25" value="-89.20694">89°12‘25“W</geoCoordinate>
</emphasis>
, 
<date box="[824,936,1689,1716]" pageId="69" pageNumber="70" value="1953-05-18">18.v.1953</date>
, P.A. Berry, host: 
<taxonomicName box="[1144,1376,1689,1715]" class="Insecta" family="Lyonetiidae" genus="Leucoptera" kingdom="Animalia" order="Lepidoptera" pageId="69" pageNumber="70" phylum="Arthropoda" rank="species" species="coffeella">
<emphasis box="[1144,1376,1689,1715]" italics="true" pageId="69" pageNumber="70">Leucoptera coffeella</emphasis>
</taxonomicName>
[
<specimenCount box="[1395,1430,1689,1715]" pageId="69" pageNumber="70" type="female">1♀</specimenCount>
, 
<collectionCode box="[151,236,1725,1751]" country="USA" httpUri="http://biocol.org/urn:lsid:biocol.org:col:34871" lsid="urn:lsid:biocol.org:col:34871" name="Smithsonian Institution, National Museum of Natural History" pageId="69" pageNumber="70" type="Museum">USNM</collectionCode>
: UCRCENT425354]. 
<emphasis bold="true" box="[489,946,1724,1751]" pageId="69" pageNumber="70">
<collectingCountry box="[489,672,1725,1751]" name="Guatemala" pageId="69" pageNumber="70">GUATEMALA</collectingCountry>
: 
<collectingRegion box="[691,864,1724,1751]" country="Guatemala" name="Suchitepequez" pageId="69" pageNumber="70">Suchitepéquez</collectingRegion>
Dept.:
</emphasis>
Chocolá, 
<quantity box="[1065,1131,1725,1751]" metricMagnitude="2" metricUnit="m" metricValue="8.24" pageId="69" pageNumber="70" unit="m" value="824.0">824m</quantity>
, 
<emphasis box="[1145,1270,1725,1751]" italics="true" pageId="69" pageNumber="70">
<geoCoordinate box="[1145,1270,1725,1751]" degrees="14" direction="north" minutes="37" orientation="latitude" pageId="69" pageNumber="70" precision="15" seconds="3" value="14.6175">14°37‘3“N</geoCoordinate>
</emphasis>
, 
<emphasis box="[1286,1429,1725,1751]" italics="true" pageId="69" pageNumber="70">
<geoCoordinate box="[1286,1429,1725,1751]" degrees="91" direction="west" minutes="25" orientation="longitude" pageId="69" pageNumber="70" precision="15" seconds="29" value="-91.42472">91°25‘29“W</geoCoordinate>
</emphasis>
, 
<date box="[151,267,1761,1788]" pageId="69" pageNumber="70" value="1965-02-18">18.ii.1965</date>
, K.G. Eveleens, host: 
<taxonomicName box="[513,742,1761,1787]" class="Insecta" family="Lyonetiidae" genus="Leucoptera" kingdom="Animalia" order="Lepidoptera" pageId="69" pageNumber="70" phylum="Arthropoda" rank="species" species="coffeella">
<emphasis box="[513,742,1761,1787]" italics="true" pageId="69" pageNumber="70">Leucoptera coffeella</emphasis>
</taxonomicName>
[
<specimenCount box="[759,793,1761,1787]" pageId="69" pageNumber="70" type="female">1♀</specimenCount>
, 
<collectionCode box="[806,891,1761,1787]" country="USA" httpUri="http://biocol.org/urn:lsid:biocol.org:col:34871" lsid="urn:lsid:biocol.org:col:34871" name="Smithsonian Institution, National Museum of Natural History" pageId="69" pageNumber="70" type="Museum">USNM</collectionCode>
: UCRCENT425358]. 
<emphasis bold="true" box="[1138,1306,1761,1787]" pageId="69" pageNumber="70">
<collectingRegion box="[1138,1227,1761,1787]" country="Guatemala" name="Zacapa" pageId="69" pageNumber="70">Zacapa</collectingRegion>
Dept.:
</emphasis>
San Lorenzo, 
<quantity box="[196,277,1797,1823]" metricMagnitude="3" metricUnit="m" metricValue="1.778" pageId="69" pageNumber="70" unit="m" value="1778.0">1778m</quantity>
, 
<emphasis box="[292,417,1797,1823]" italics="true" pageId="69" pageNumber="70">
<geoCoordinate box="[292,417,1797,1823]" degrees="15" direction="north" minutes="07" orientation="latitude" pageId="69" pageNumber="70" precision="15" seconds="0" value="15.116667">15°07‘0“N</geoCoordinate>
</emphasis>
, 
<emphasis box="[435,564,1797,1823]" italics="true" pageId="69" pageNumber="70">
<geoCoordinate box="[435,564,1797,1823]" degrees="89" direction="west" minutes="38" orientation="longitude" pageId="69" pageNumber="70" precision="15" seconds="0" value="-89.63333">89°38‘0“W</geoCoordinate>
</emphasis>
, 
<date box="[582,669,1797,1823]" pageId="69" pageNumber="70" value="1986-09">ix.1986</date>
, M. Sharkey [
<specimenCount box="[841,876,1797,1823]" pageId="69" pageNumber="70" type="female">1♀</specimenCount>
, 
<collectionCode box="[893,955,1797,1823]" country="Canada" httpUri="http://grbio.org/cool/y2kv-9w3k" name="Canadian National Collection of Insects, Arachnids, and Nematodes" pageId="69" pageNumber="70">CNC</collectionCode>
: 
<collectionCode box="[970,1030,1797,1824]" country="Canada" httpUri="http://grbio.org/cool/y2kv-9w3k" name="Canadian National Collection of Insects, Arachnids, and Nematodes" pageId="69" pageNumber="70">CNC</collectionCode>
508685]. 
<emphasis bold="true" pageId="69" pageNumber="70">
<collectingCountry box="[1139,1304,1797,1823]" name="Honduras" pageId="69" pageNumber="70">HONDURAS</collectingCountry>
: 
<collectingRegion country="Honduras" name="Francisco Morazan" pageId="69" pageNumber="70">Francisco Morazan</collectingRegion>
:
</emphasis>
El Zamorano, 
<quantity box="[440,507,1833,1859]" metricMagnitude="2" metricUnit="m" metricValue="7.92" pageId="69" pageNumber="70" unit="m" value="792.0">792m</quantity>
, 
<emphasis box="[519,658,1833,1859]" italics="true" pageId="69" pageNumber="70">
<geoCoordinate box="[519,658,1833,1859]" degrees="14" direction="north" minutes="00" orientation="latitude" pageId="69" pageNumber="70" precision="15" seconds="23" value="14.006389">14°00‘23“N</geoCoordinate>
</emphasis>
, 
<emphasis box="[672,816,1833,1859]" italics="true" pageId="69" pageNumber="70">
<geoCoordinate box="[672,816,1833,1859]" degrees="87" direction="west" minutes="00" orientation="longitude" pageId="69" pageNumber="70" precision="15" seconds="34" value="-87.009445">87°00‘34“W</geoCoordinate>
</emphasis>
, 
<date box="[831,937,1833,1859]" pageId="69" pageNumber="70" value="1996-04-02">2.iv.1996</date>
, A. Guillen, host: 
<taxonomicName authorityName="Stainton" authorityYear="1856" box="[1145,1377,1833,1859]" class="Insecta" family="Gracillariidae" genus="Phyllocnistis" kingdom="Animalia" order="Lepidoptera" pageId="69" pageNumber="70" phylum="Arthropoda" rank="species" species="citrella">
<emphasis box="[1145,1377,1833,1859]" italics="true" pageId="69" pageNumber="70">Phyllocnistis citrella</emphasis>
</taxonomicName>
[
<specimenCount box="[1394,1430,1833,1859]" pageId="69" pageNumber="70" type="female">3♀</specimenCount>
, 
<collectionCode box="[151,232,1869,1895]" country="USA" httpUri="http://grbio.org/cool/m2jc-wmeq" name="University of California, Riverside" pageId="69" pageNumber="70" type="University or college">UCRC</collectionCode>
: UCRCENT414299, 414623, 414624]. 
<emphasis bold="true" box="[697,824,1869,1895]" pageId="69" pageNumber="70">
<collectingCountry box="[697,815,1869,1895]" name="Mexico" pageId="69" pageNumber="70">MEXICO</collectingCountry>
:
</emphasis>
<date box="[837,975,1869,1896]" pageId="69" pageNumber="70" value="1985-08-26">26.viii.1985</date>
, H. Mirand (no other information provided on label) [
<specimenCount box="[341,376,1905,1931]" pageId="69" pageNumber="70" type="female">1♀</specimenCount>
, 
<collectionCode box="[391,453,1905,1931]" country="Canada" httpUri="http://grbio.org/cool/y2kv-9w3k" name="Canadian National Collection of Insects, Arachnids, and Nematodes" pageId="69" pageNumber="70">CNC</collectionCode>
: 
<collectionCode box="[465,525,1905,1932]" country="Canada" httpUri="http://grbio.org/cool/y2kv-9w3k" name="Canadian National Collection of Insects, Arachnids, and Nematodes" pageId="69" pageNumber="70">CNC</collectionCode>
508687]. 
<emphasis bold="true" box="[632,880,1905,1931]" pageId="69" pageNumber="70">
<collectingRegion box="[632,876,1905,1931]" country="Mexico" name="Baja California Sur" pageId="69" pageNumber="70">Baja California Sur</collectingRegion>
:
</emphasis>
Las Barracas, 
<quantity box="[1052,1118,1905,1932]" metricMagnitude="2" metricUnit="m" metricValue="9.75" pageId="69" pageNumber="70" unit="m" value="975.0">975m</quantity>
, 
<emphasis box="[1131,1271,1905,1931]" italics="true" pageId="69" pageNumber="70">
<geoCoordinate box="[1131,1271,1905,1931]" degrees="23" direction="north" minutes="28" orientation="latitude" pageId="69" pageNumber="70" precision="15" seconds="25" value="23.473612">23°28‘25“N</geoCoordinate>
</emphasis>
, 
<emphasis box="[1286,1430,1905,1931]" italics="true" pageId="69" pageNumber="70">
<geoCoordinate box="[1286,1430,1905,1931]" degrees="109" direction="west" minutes="27" orientation="longitude" pageId="69" pageNumber="70" precision="15" seconds="8" value="-109.45222">109°27‘8“W</geoCoordinate>
</emphasis>
, 
<date box="[151,264,1941,1968]" pageId="69" pageNumber="70" value="1985-05-20">20.v.1985</date>
, P. DeBach, Pan trap [
<specimenCount box="[531,566,1941,1967]" pageId="69" pageNumber="70" type="female">1♀</specimenCount>
, 
<collectionCode box="[582,663,1941,1967]" country="USA" httpUri="http://grbio.org/cool/m2jc-wmeq" name="University of California, Riverside" pageId="69" pageNumber="70" type="University or college">UCRC</collectionCode>
: UCRCENT312284]. Los Frailes, 
<quantity box="[1063,1115,1941,1967]" metricMagnitude="1" metricUnit="m" metricValue="1.2" pageId="69" pageNumber="70" unit="m" value="12.0">12m</quantity>
, 
<emphasis box="[1130,1269,1941,1967]" italics="true" pageId="69" pageNumber="70">
<geoCoordinate box="[1130,1269,1941,1967]" degrees="23" direction="north" minutes="22" orientation="latitude" pageId="69" pageNumber="70" precision="15" seconds="24" value="23.373333">23°22‘24“N</geoCoordinate>
</emphasis>
, 
<emphasis box="[1286,1429,1941,1967]" italics="true" pageId="69" pageNumber="70">
<geoCoordinate box="[1286,1429,1941,1967]" degrees="109" direction="west" minutes="26" orientation="longitude" pageId="69" pageNumber="70" precision="15" seconds="1" value="-109.43361">109°26‘1“W</geoCoordinate>
</emphasis>
, 
<date box="[151,274,1977,2004]" pageId="69" pageNumber="70" value="1953-03-18">18.iii.1953</date>
, P.H. Arnaud [
<specimenCount box="[439,474,1977,2003]" pageId="69" pageNumber="70" type="female">1♀</specimenCount>
, 
<collectionCode box="[488,566,1977,2003]" pageId="69" pageNumber="70">CASC</collectionCode>
: UCRCENT417564]. 
<emphasis bold="true" box="[813,935,1977,2003]" pageId="69" pageNumber="70">
<collectingRegion box="[813,930,1977,2003]" country="Mexico" name="Guerrero" pageId="69" pageNumber="70">Guerrero</collectingRegion>
:
</emphasis>
Barra Vieja, 
<quantity box="[1083,1121,1977,2003]" metricMagnitude="0" metricUnit="m" metricValue="6.0" pageId="69" pageNumber="70" unit="m" value="6.0">6m</quantity>
, 
<emphasis box="[1133,1272,1977,2003]" italics="true" pageId="69" pageNumber="70">
<geoCoordinate box="[1133,1272,1977,2003]" degrees="16" direction="north" minutes="41" orientation="latitude" pageId="69" pageNumber="70" precision="15" seconds="30" value="16.691666">16°41‘30“N</geoCoordinate>
</emphasis>
, 
<emphasis box="[1286,1429,1977,2003]" italics="true" pageId="69" pageNumber="70">
<geoCoordinate box="[1286,1429,1977,2003]" degrees="99" direction="west" minutes="37" orientation="longitude" pageId="69" pageNumber="70" precision="15" seconds="37" value="-99.626945">99°37‘37“W</geoCoordinate>
</emphasis>
, 
<date box="[151,259,2013,2040]" pageId="69" pageNumber="70" value="1985-01-22">22.i.1985</date>
, J. Garcia, host: leaf miner, host plant: 
<taxonomicName box="[708,828,2013,2039]" class="Branchiopoda" family="Malvaceae" genus="Sida" kingdom="Animalia" order="Diplostraca" pageId="69" pageNumber="70" phylum="Arthropoda" rank="species" species="acuta">
<emphasis box="[708,828,2013,2039]" italics="true" pageId="69" pageNumber="70">Sida acuta</emphasis>
</taxonomicName>
[
<specimenCount box="[847,882,2013,2039]" pageId="69" pageNumber="70" type="female">1♀</specimenCount>
, 
<collectionCode box="[897,982,2013,2039]" country="USA" httpUri="http://biocol.org/urn:lsid:biocol.org:col:34871" lsid="urn:lsid:biocol.org:col:34871" name="Smithsonian Institution, National Museum of Natural History" pageId="69" pageNumber="70" type="Museum">USNM</collectionCode>
: UCRCENT425357]. 
<emphasis bold="true" box="[1233,1323,2013,2039]" pageId="69" pageNumber="70">
<collectingRegion box="[1233,1318,2013,2039]" country="Mexico" name="Jalisco" pageId="69" pageNumber="70">Jalisco</collectingRegion>
:
</emphasis>
San Buenaventura, 
<quantity box="[275,342,151,177]" metricMagnitude="2" metricUnit="m" metricValue="9.08" pageId="70" pageNumber="71" unit="m" value="908.0">908m</quantity>
, 
<geoCoordinate box="[353,479,151,177]" degrees="19" direction="north" minutes="47" orientation="latitude" pageId="70" pageNumber="71" precision="15" seconds="4" value="19.784445">19°47‘4“N</geoCoordinate>
, 
<geoCoordinate box="[490,647,151,177]" degrees="104" direction="west" minutes="03" orientation="longitude" pageId="70" pageNumber="71" precision="15" seconds="32" value="-104.05889">104°03‘32“W</geoCoordinate>
, 
<date box="[659,837,150,177]" pageId="70" pageNumber="71" value="1997-03-31" valueMax="1997-04-05" valueMin="1997-03-31">31.iii–5.iv.1997</date>
, Iblinam, B97/027 [
<specimenCount box="[1063,1098,151,177]" pageId="70" pageNumber="71" type="female">1♀</specimenCount>
, 
<collectionCode box="[1110,1195,151,177]" pageId="70" pageNumber="71">TAMU</collectionCode>
: UCRCENT426730]. 
<emphasis bold="true" box="[151,293,186,212]" pageId="70" pageNumber="71">
<collectingRegion box="[151,288,186,212]" country="Mexico" name="Michoacan de Ocampo" pageId="70" pageNumber="71">Michoacan</collectingRegion>
:
</emphasis>
<quantity box="[302,363,187,213]" metricMagnitude="3" metricUnit="m" metricValue="4.828032" pageId="70" pageNumber="71" unit="mi" value="3.0">3 mi.</quantity>
N. Nueva Italia, 
<quantity box="[565,632,187,213]" metricMagnitude="2" metricUnit="m" metricValue="9.07" pageId="70" pageNumber="71" unit="m" value="907.0">907m</quantity>
, 
<emphasis box="[646,785,187,213]" italics="true" pageId="70" pageNumber="71">
<geoCoordinate box="[646,785,187,213]" degrees="19" direction="north" minutes="04" orientation="latitude" pageId="70" pageNumber="71" precision="15" seconds="44" value="19.07889">19°04‘44“N</geoCoordinate>
</emphasis>
, 
<emphasis box="[801,958,187,213]" italics="true" pageId="70" pageNumber="71">
<geoCoordinate box="[801,958,187,213]" degrees="102" direction="west" minutes="04" orientation="longitude" pageId="70" pageNumber="71" precision="15" seconds="59" value="-102.08305">102°04‘59“W</geoCoordinate>
</emphasis>
, 
<date box="[975,1073,186,213]" pageId="70" pageNumber="71" value="1985-05-08">8.v.1985</date>
, J. Woolley &amp; G. Zolnerowich, 85/042 [1?, 
<collectionCode box="[285,370,223,249]" pageId="70" pageNumber="71">TAMU</collectionCode>
: UCRCENT426732]. 
<emphasis bold="true" box="[618,772,223,249]" pageId="70" pageNumber="71">
<collectingRegion box="[618,767,223,249]" country="Mexico" name="Nuevo Leon" pageId="70" pageNumber="71">Nuevo Leon</collectingRegion>
:
</emphasis>
San Juan, Rio San Juan, 
<quantity box="[1055,1122,223,249]" metricMagnitude="2" metricUnit="m" metricValue="1.92" pageId="70" pageNumber="71" unit="m" value="192.0">192m</quantity>
, 
<emphasis box="[1133,1271,222,248]" italics="true" pageId="70" pageNumber="71">
<geoCoordinate box="[1133,1271,222,248]" degrees="25" direction="north" minutes="29" orientation="latitude" pageId="70" pageNumber="71" precision="15" seconds="56" value="25.49889">25°29‘56“N</geoCoordinate>
</emphasis>
, 
<emphasis box="[1286,1429,223,249]" italics="true" pageId="70" pageNumber="71">
<geoCoordinate box="[1286,1429,223,249]" degrees="99" direction="west" minutes="30" orientation="longitude" pageId="70" pageNumber="71" precision="15" seconds="22" value="-99.50611">99°30‘22“W</geoCoordinate>
</emphasis>
, 
<date box="[151,281,259,285]" pageId="70" pageNumber="71" value="1983-07-14">14.vii.1983</date>
, A. Gonzalez [
<specimenCount box="[453,490,259,285]" pageId="70" pageNumber="71" type="female">4♀</specimenCount>
, 
<collectionCode box="[504,585,259,285]" country="USA" httpUri="http://grbio.org/cool/m2jc-wmeq" name="University of California, Riverside" pageId="70" pageNumber="71" type="University or college">UCRC</collectionCode>
: UCRCENT312248–312251]. 
<emphasis bold="true" box="[935,1033,258,284]" pageId="70" pageNumber="71">
<collectingRegion box="[935,1028,258,284]" country="Mexico" name="Sinaloa" pageId="70" pageNumber="71">Sinaloa</collectingRegion>
:
</emphasis>
<quantity box="[1042,1115,259,285]" metricMagnitude="4" metricUnit="m" metricValue="1.7702784" pageId="70" pageNumber="71" unit="mi" value="11.0">11 mi.</quantity>
N. La Concha nr. Microondas La Muralla 2, 58m, 
<emphasis box="[441,580,295,321]" italics="true" pageId="70" pageNumber="71">
<geoCoordinate box="[441,580,295,321]" degrees="22" direction="north" minutes="39" orientation="latitude" pageId="70" pageNumber="71" precision="15" seconds="14" value="22.653889">22°39‘14“N</geoCoordinate>
</emphasis>
, 
<emphasis box="[598,755,295,321]" italics="true" pageId="70" pageNumber="71">
<geoCoordinate box="[598,755,295,321]" degrees="105" direction="west" minutes="27" orientation="longitude" pageId="70" pageNumber="71" precision="15" seconds="54" value="-105.465">105°27‘54“W</geoCoordinate>
</emphasis>
, 
<date box="[774,888,294,321]" pageId="70" pageNumber="71" value="1982-10-25">25.x.1982</date>
, J. T. Huber [
<specimenCount box="[1057,1092,295,321]" pageId="70" pageNumber="71" type="female">1♀</specimenCount>
, 
<collectionCode box="[1110,1191,295,321]" country="USA" httpUri="http://grbio.org/cool/m2jc-wmeq" name="University of California, Riverside" pageId="70" pageNumber="71" type="University or college">UCRC</collectionCode>
: UCRCENT414304]. 
<emphasis bold="true" box="[151,300,330,356]" pageId="70" pageNumber="71">
<collectingRegion box="[151,294,330,356]" country="Mexico" name="Tamaulipas" pageId="70" pageNumber="71">Tamaulipas</collectingRegion>
:
</emphasis>
<quantity box="[311,394,331,357]" metricMagnitude="3" metricUnit="m" metricValue="1.7702784" pageId="70" pageNumber="71" unit="mi" value="1.1">1.1 mi.</quantity>
W. Gomez Farias, 
<quantity box="[624,676,331,357]" metricMagnitude="1" metricUnit="m" metricValue="7.1" pageId="70" pageNumber="71" unit="m" value="71.0">71m</quantity>
, 
<emphasis box="[692,817,331,357]" italics="true" pageId="70" pageNumber="71">
<geoCoordinate box="[692,817,331,357]" degrees="22" direction="north" minutes="53" orientation="latitude" pageId="70" pageNumber="71" precision="15" seconds="9" value="22.885834">22°53‘9“N</geoCoordinate>
</emphasis>
, 
<emphasis box="[835,979,331,357]" italics="true" pageId="70" pageNumber="71">
<geoCoordinate box="[835,979,331,357]" degrees="99" direction="west" minutes="02" orientation="longitude" pageId="70" pageNumber="71" precision="15" seconds="48" value="-99.04667">99°02‘48“W</geoCoordinate>
</emphasis>
, 
<date box="[997,1086,331,357]" pageId="70" pageNumber="71" value="1986-03">iii.1986</date>
, J. C. Schaffner [
<specimenCount box="[1297,1331,331,357]" pageId="70" pageNumber="71" type="female">1♀</specimenCount>
, 
<collectionCode box="[1348,1433,331,357]" pageId="70" pageNumber="71">TAMU</collectionCode>
: UCRCENT426729]. 
<emphasis bold="true" box="[386,516,366,393]" pageId="70" pageNumber="71">Vera Cruz:</emphasis>
<quantity box="[520,609,367,393]" metricMagnitude="4" metricUnit="m" metricValue="2.99337984" pageId="70" pageNumber="71" unit="mi" value="18.6">18.6mi.</quantity>
S.Tampico, 
<quantity box="[747,784,367,393]" metricMagnitude="0" metricUnit="m" metricValue="1.0" pageId="70" pageNumber="71" unit="m" value="1.0">1m</quantity>
, 
<emphasis box="[793,917,367,393]" italics="true" pageId="70" pageNumber="71">
<geoCoordinate box="[793,917,367,393]" degrees="22" direction="north" minutes="10" orientation="latitude" pageId="70" pageNumber="71" precision="15" seconds="2" value="22.167221">22°10‘2“N</geoCoordinate>
</emphasis>
, 
<emphasis box="[928,1058,367,393]" italics="true" pageId="70" pageNumber="71">
<geoCoordinate box="[928,1058,367,393]" degrees="98" direction="west" minutes="08" orientation="longitude" pageId="70" pageNumber="71" precision="15" seconds="0" value="-98.13333">98°08‘0“W</geoCoordinate>
</emphasis>
, 
<date box="[1068,1206,367,393]" pageId="70" pageNumber="71" value="1972-08-13">13.viii.1972</date>
,E.E.Grissell, Roadside vegetation [1?, 
<collectionCode box="[377,462,403,429]" pageId="70" pageNumber="71">TAMU</collectionCode>
: UCRCENT426733]. 
<emphasis bold="true" box="[710,861,402,428]" pageId="70" pageNumber="71">
<collectingCountry box="[710,856,402,428]" name="Trinidad and Tobago" pageId="70" pageNumber="71">TRINIDAD</collectingCountry>
:
</emphasis>
Las Cuevas, 
<emphasis box="[1013,1138,403,429]" italics="true" pageId="70" pageNumber="71">
<geoCoordinate box="[1013,1138,403,429]" degrees="10" direction="north" minutes="47" orientation="latitude" pageId="70" pageNumber="71" precision="15" seconds="2" value="10.78389">10°47‘2“N</geoCoordinate>
</emphasis>
, 
<emphasis box="[1152,1295,402,428]" italics="true" pageId="70" pageNumber="71">
<geoCoordinate box="[1152,1295,402,428]" degrees="61" direction="west" minutes="23" orientation="longitude" pageId="70" pageNumber="71" precision="15" seconds="20" value="-61.38889">61°23‘20“W</geoCoordinate>
</emphasis>
, 
<date box="[1309,1432,403,429]" pageId="70" pageNumber="71" value="1981-06-26">26.vi.1981</date>
, J. Heraty, swp [
<specimenCount box="[340,375,439,465]" pageId="70" pageNumber="71" type="female">1♀</specimenCount>
, 
<collectionCode box="[392,454,439,465]" country="Canada" httpUri="http://grbio.org/cool/y2kv-9w3k" name="Canadian National Collection of Insects, Arachnids, and Nematodes" pageId="70" pageNumber="71">CNC</collectionCode>
: 
<collectionCode box="[469,529,438,465]" country="Canada" httpUri="http://grbio.org/cool/y2kv-9w3k" name="Canadian National Collection of Insects, Arachnids, and Nematodes" pageId="70" pageNumber="71">CNC</collectionCode>
508686]. 
<emphasis bold="true" box="[638,821,438,464]" pageId="70" pageNumber="71">
<collectingCountry box="[638,698,438,464]" name="United States of America" pageId="70" pageNumber="71">USA</collectingCountry>
: 
<collectingRegion box="[715,816,438,464]" country="United States of America" name="Arizona" pageId="70" pageNumber="71">Arizona</collectingRegion>
:
</emphasis>
<taxonomicName authority="Co., Sycamore Canyon, 1205" authorityName="Co., Sycamore Canyon" authorityYear="1205" box="[832,1251,438,465]" class="Insecta" family="Pyralidae" genus="Pima" kingdom="Animalia" order="Lepidoptera" pageId="70" pageNumber="71" phylum="Arthropoda" rank="genus">
<emphasis bold="true" box="[832,947,438,464]" pageId="70" pageNumber="71">Pima Co.</emphasis>
, Sycamore Canyon, 
<quantity box="[1194,1251,438,465]" metricMagnitude="3" metricUnit="m" metricValue="1.205" pageId="70" pageNumber="71" unit="m" value="1205.0">1205</quantity>
</taxonomicName>
m, 
<emphasis box="[1290,1429,439,465]" italics="true" pageId="70" pageNumber="71">
<geoCoordinate box="[1290,1429,439,465]" degrees="31" direction="north" minutes="25" orientation="latitude" pageId="70" pageNumber="71" precision="15" seconds="32" value="31.425554">31°25‘32“N</geoCoordinate>
</emphasis>
, 
<emphasis box="[151,302,475,501]" italics="true" pageId="70" pageNumber="71">
<geoCoordinate box="[151,302,475,501]" degrees="111" direction="west" minutes="11" orientation="longitude" pageId="70" pageNumber="71" precision="15" seconds="38" value="-111.19389">111°11‘38“W</geoCoordinate>
</emphasis>
, 
<date box="[322,460,474,501]" pageId="70" pageNumber="71" value="1993-08-15">15.viii.1993</date>
, M. Sharkey [
<specimenCount box="[635,670,475,501]" pageId="70" pageNumber="71" type="female">1♀</specimenCount>
, 
<collectionCode box="[689,777,475,501]" pageId="70" pageNumber="71">BMNH</collectionCode>
: NHMUK10370167]. 
<emphasis bold="true" box="[1039,1327,474,500]" pageId="70" pageNumber="71">
<collectingRegion box="[1039,1166,474,500]" country="United States of America" name="California" pageId="70" pageNumber="71">California</collectingRegion>
: Orange Co.
</emphasis>
, El Toro Rd, 
<quantity box="[201,237,511,537]" metricMagnitude="0" metricUnit="m" metricValue="2.0" pageId="70" pageNumber="71" unit="m" value="2.0">2m</quantity>
East 133 hwy, 
<quantity box="[420,486,511,537]" metricMagnitude="2" metricUnit="m" metricValue="1.2" pageId="70" pageNumber="71" unit="m" value="120.0">120m</quantity>
, 
<emphasis box="[500,639,511,537]" italics="true" pageId="70" pageNumber="71">
<geoCoordinate box="[500,639,511,537]" degrees="33" direction="north" minutes="35" orientation="latitude" pageId="70" pageNumber="71" precision="15" seconds="57" value="33.599167">33°35‘57“N</geoCoordinate>
</emphasis>
, 
<emphasis box="[656,811,511,537]" italics="true" pageId="70" pageNumber="71">
<geoCoordinate box="[656,811,511,537]" degrees="117" direction="west" minutes="44" orientation="longitude" pageId="70" pageNumber="71" precision="15" seconds="53" value="-117.748055">117°44‘53“W</geoCoordinate>
</emphasis>
, 
<date box="[828,946,511,537]" pageId="70" pageNumber="71" value="1984-04-14">14.iv.1984</date>
[
<specimenCount box="[966,1001,511,537]" pageId="70" pageNumber="71" type="female">1♀</specimenCount>
, 
<collectionCode box="[1017,1098,511,537]" country="USA" httpUri="http://grbio.org/cool/m2jc-wmeq" name="University of California, Riverside" pageId="70" pageNumber="71" type="University or college">UCRC</collectionCode>
: UCRCENT414300]. Laguna Canyon, 
<quantity box="[254,306,547,573]" metricMagnitude="1" metricUnit="m" metricValue="7.9" pageId="70" pageNumber="71" unit="m" value="79.0">79m</quantity>
, 
<emphasis box="[319,444,547,573]" italics="true" pageId="70" pageNumber="71">
<geoCoordinate box="[319,444,547,573]" degrees="33" direction="north" minutes="35" orientation="latitude" pageId="70" pageNumber="71" precision="15" seconds="9" value="33.58583">33°35‘9“N</geoCoordinate>
</emphasis>
, 
<emphasis box="[460,616,547,573]" italics="true" pageId="70" pageNumber="71">
<geoCoordinate box="[460,616,547,573]" degrees="117" direction="west" minutes="45" orientation="longitude" pageId="70" pageNumber="71" precision="15" seconds="48" value="-117.763336">117°45‘48“W</geoCoordinate>
</emphasis>
, 
<date box="[631,769,547,573]" pageId="70" pageNumber="71" value="1984-08-31">31.viii.1984</date>
, H. Andersen [
<specimenCount box="[940,992,547,573]" pageId="70" pageNumber="71" type="female">20♀</specimenCount>
, 
<collectionCode box="[1006,1087,547,573]" country="USA" httpUri="http://grbio.org/cool/m2jc-wmeq" name="University of California, Riverside" pageId="70" pageNumber="71" type="University or college">UCRC</collectionCode>
: UCRCENT414599 – 414617, 414622]. 
<emphasis bold="true" box="[260,432,582,608]" pageId="70" pageNumber="71">San Diego Co.</emphasis>
, 
<quantity box="[448,508,583,609]" metricMagnitude="3" metricUnit="m" metricValue="1.609344" pageId="70" pageNumber="71" unit="mi" value="1.0">1 mi.</quantity>
E. Leucadia, Batequitos Lagoon, 
<quantity box="[897,935,583,609]" metricMagnitude="0" metricUnit="m" metricValue="8.0" pageId="70" pageNumber="71" unit="m" value="8.0">8m</quantity>
, 
<emphasis box="[948,1087,583,609]" italics="true" pageId="70" pageNumber="71">
<geoCoordinate box="[948,1087,583,609]" degrees="33" direction="north" minutes="05" orientation="latitude" pageId="70" pageNumber="71" precision="15" seconds="15" value="33.087498">33°05‘15“N</geoCoordinate>
</emphasis>
, 
<emphasis box="[1103,1258,583,609]" italics="true" pageId="70" pageNumber="71">
<geoCoordinate box="[1103,1258,583,609]" degrees="117" direction="west" minutes="17" orientation="longitude" pageId="70" pageNumber="71" precision="15" seconds="15" value="-117.2875">117°17‘15“W</geoCoordinate>
</emphasis>
, 
<date box="[1274,1397,583,609]" pageId="70" pageNumber="71" value="1979-08-08">8.viii.1979</date>
, C. Melton [
<specimenCount box="[252,288,619,645]" pageId="70" pageNumber="71" type="female">6♀</specimenCount>
, 
<collectionCode box="[305,386,619,645]" country="USA" httpUri="http://grbio.org/cool/m2jc-wmeq" name="University of California, Riverside" pageId="70" pageNumber="71" type="University or college">UCRC</collectionCode>
: UCRCENT312278–312283]. Valley Center, 
<quantity box="[913,980,619,645]" metricMagnitude="2" metricUnit="m" metricValue="4.17" pageId="70" pageNumber="71" unit="m" value="417.0">417m</quantity>
, 
<emphasis box="[995,1133,619,645]" italics="true" pageId="70" pageNumber="71">
<geoCoordinate box="[995,1133,619,645]" degrees="33" direction="north" minutes="13" orientation="latitude" pageId="70" pageNumber="71" precision="15" seconds="18" value="33.22167">33°13‘18“N</geoCoordinate>
</emphasis>
, 
<emphasis box="[1151,1292,618,644]" italics="true" pageId="70" pageNumber="71">
<geoCoordinate box="[1151,1292,618,644]" degrees="117" direction="west" minutes="02" orientation="longitude" pageId="70" pageNumber="71" precision="15" seconds="6" value="-117.034996">117°02‘6“W</geoCoordinate>
</emphasis>
, 
<date box="[1310,1431,619,645]" pageId="70" pageNumber="71" value="1987-11-11">11.xi.1987</date>
, H. Andersen [
<specimenCount box="[311,347,655,681]" pageId="70" pageNumber="71" type="female">3♀</specimenCount>
, 
<collectionCode box="[362,443,655,681]" country="USA" httpUri="http://grbio.org/cool/m2jc-wmeq" name="University of California, Riverside" pageId="70" pageNumber="71" type="University or college">UCRC</collectionCode>
: UCRCENT312243, 312244, 414593]. 
<emphasis bold="true" box="[895,1124,654,681]" pageId="70" pageNumber="71">Santa Barbara Co.</emphasis>
, Coal Oil Point Res., 
<quantity box="[1379,1431,655,681]" metricMagnitude="1" metricUnit="m" metricValue="1.0" pageId="70" pageNumber="71" unit="m" value="10.0">10m</quantity>
, 
<emphasis box="[151,290,691,717]" italics="true" pageId="70" pageNumber="71">
<geoCoordinate box="[151,290,691,717]" degrees="34" direction="north" minutes="24" orientation="latitude" pageId="70" pageNumber="71" precision="15" seconds="30" value="34.408337">34°24‘30“N</geoCoordinate>
</emphasis>
, 
<emphasis box="[305,460,691,717]" italics="true" pageId="70" pageNumber="71">
<geoCoordinate box="[305,460,691,717]" degrees="119" direction="west" minutes="52" orientation="longitude" pageId="70" pageNumber="71" precision="15" seconds="40" value="-119.87778">119°52‘40“W</geoCoordinate>
</emphasis>
, 
<date box="[475,639,691,717]" pageId="70" pageNumber="71" value="1981-06-22" valueMax="1981-06-29" valueMin="1981-06-22">22–29.vi.1981</date>
, K. Cheeseman [
<specimenCount box="[835,869,691,717]" pageId="70" pageNumber="71" type="female">1♀</specimenCount>
, 
<collectionCode box="[884,946,691,717]" country="Canada" httpUri="http://grbio.org/cool/y2kv-9w3k" name="Canadian National Collection of Insects, Arachnids, and Nematodes" pageId="70" pageNumber="71">CNC</collectionCode>
: 
<collectionCode box="[957,1017,690,717]" country="Canada" httpUri="http://grbio.org/cool/y2kv-9w3k" name="Canadian National Collection of Insects, Arachnids, and Nematodes" pageId="70" pageNumber="71">CNC</collectionCode>
508688]. 
<emphasis bold="true" box="[1123,1429,690,716]" pageId="70" pageNumber="71">Florida: Miami-Dade Co.</emphasis>
, Dodge Island, 
<quantity box="[325,363,727,753]" metricMagnitude="0" metricUnit="m" metricValue="3.0" pageId="70" pageNumber="71" unit="m" value="3.0">3m</quantity>
, 
<emphasis box="[380,518,726,752]" italics="true" pageId="70" pageNumber="71">
<geoCoordinate box="[380,518,726,752]" degrees="25" direction="north" minutes="46" orientation="latitude" pageId="70" pageNumber="71" precision="15" seconds="38" value="25.777222">25°46‘38“N</geoCoordinate>
</emphasis>
, 
<emphasis box="[537,680,727,753]" italics="true" pageId="70" pageNumber="71">
<geoCoordinate box="[537,680,727,753]" degrees="80" direction="west" minutes="10" orientation="longitude" pageId="70" pageNumber="71" precision="15" seconds="31" value="-80.17528">80°10‘31“W</geoCoordinate>
</emphasis>
, 
<date box="[700,820,727,753]" pageId="70" pageNumber="71" value="1960-04-18">18.iv.1960</date>
, C. E. Stegmaier [
<specimenCount box="[1045,1080,727,753]" pageId="70" pageNumber="71" type="female">1♀</specimenCount>
, 
<collectionCode box="[1099,1187,727,753]" pageId="70" pageNumber="71">BMNH</collectionCode>
: NHMUK10370168]. Hialeah, 
<quantity box="[257,296,763,789]" metricMagnitude="0" metricUnit="m" metricValue="2.0" pageId="70" pageNumber="71" unit="m" value="2.0">2m</quantity>
, 
<emphasis box="[312,451,763,789]" italics="true" pageId="70" pageNumber="71">
<geoCoordinate box="[312,451,763,789]" degrees="25" direction="north" minutes="51" orientation="latitude" pageId="70" pageNumber="71" precision="15" seconds="18" value="25.855">25°51‘18“N</geoCoordinate>
</emphasis>
, 
<emphasis box="[470,614,762,788]" italics="true" pageId="70" pageNumber="71">
<geoCoordinate box="[470,614,762,788]" degrees="80" direction="west" minutes="16" orientation="longitude" pageId="70" pageNumber="71" precision="15" seconds="42" value="-80.278336">80°16‘42“W</geoCoordinate>
</emphasis>
, 
<date box="[633,749,763,789]" pageId="70" pageNumber="71" value="1963-02-22">22.ii.1963</date>
, C. E. Stegmaier, host: 
<taxonomicName authorityName="Frost" authorityYear="1962" box="[1038,1272,763,789]" class="Insecta" family="Agromyzidae" genus="Liriomyza" kingdom="Animalia" order="Diptera" pageId="70" pageNumber="71" phylum="Arthropoda" rank="species" species="archboldi">
<emphasis box="[1038,1272,763,789]" italics="true" pageId="70" pageNumber="71">Liriomyza archboldi</emphasis>
</taxonomicName>
[
<specimenCount box="[1294,1329,763,789]" pageId="70" pageNumber="71" type="female">1♀</specimenCount>
, 
<collectionCode box="[1348,1433,763,789]" country="USA" httpUri="http://biocol.org/urn:lsid:biocol.org:col:34871" lsid="urn:lsid:biocol.org:col:34871" name="Smithsonian Institution, National Museum of Natural History" pageId="70" pageNumber="71" type="Museum">USNM</collectionCode>
: UCRCENT425346]. 
<emphasis bold="true" box="[395,544,798,825]" pageId="70" pageNumber="71">Monroe Co.</emphasis>
, Boot Key, 0m, 
<emphasis box="[753,892,799,825]" italics="true" pageId="70" pageNumber="71">
<geoCoordinate box="[753,892,799,825]" degrees="24" direction="north" minutes="41" orientation="latitude" pageId="70" pageNumber="71" precision="15" seconds="45" value="24.695833">24°41’45“N</geoCoordinate>
</emphasis>
, 
<emphasis box="[912,1055,798,824]" italics="true" pageId="70" pageNumber="71">
<geoCoordinate box="[912,1055,798,824]" degrees="81" direction="west" minutes="06" orientation="longitude" pageId="70" pageNumber="71" precision="15" seconds="15" value="-81.104164">81°06‘15“W</geoCoordinate>
</emphasis>
, 
<date box="[1075,1238,799,825]" pageId="70" pageNumber="71" value="1986-04-27" valueMax="1986-04-29" valueMin="1986-04-27">27–29.iv.1986</date>
, J. LaSalle [
<specimenCount box="[1395,1430,799,825]" pageId="70" pageNumber="71" type="female">1♀</specimenCount>
, 
<collectionCode box="[151,213,835,861]" country="Canada" httpUri="http://grbio.org/cool/y2kv-9w3k" name="Canadian National Collection of Insects, Arachnids, and Nematodes" pageId="70" pageNumber="71">CNC</collectionCode>
: 
<collectionCode box="[223,284,834,861]" country="Canada" httpUri="http://grbio.org/cool/y2kv-9w3k" name="Canadian National Collection of Insects, Arachnids, and Nematodes" pageId="70" pageNumber="71">CNC</collectionCode>
508741]. 
<emphasis bold="true" box="[388,578,834,861]" pageId="70" pageNumber="71">Palm Beach Co.</emphasis>
, Palm Beach, 
<quantity box="[740,779,835,861]" metricMagnitude="0" metricUnit="m" metricValue="2.0" pageId="70" pageNumber="71" unit="m" value="2.0">2m</quantity>
, 
<emphasis box="[790,929,834,860]" italics="true" pageId="70" pageNumber="71">
<geoCoordinate box="[790,929,834,860]" degrees="26" direction="north" minutes="42" orientation="latitude" pageId="70" pageNumber="71" precision="15" seconds="37" value="26.71028">26°42‘37“N</geoCoordinate>
</emphasis>
, 
<emphasis box="[943,1086,835,861]" italics="true" pageId="70" pageNumber="71">
<geoCoordinate box="[943,1086,835,861]" degrees="80" direction="west" minutes="02" orientation="longitude" pageId="70" pageNumber="71" precision="15" seconds="13" value="-80.03694">80°02‘13“W</geoCoordinate>
</emphasis>
: 
<date box="[1101,1217,835,861]" pageId="70" pageNumber="71" value="1900-02-19">19.ii.1900</date>
, host: 
<taxonomicName authorityName="Hubner" authorityYear="1825" box="[1289,1390,835,861]" class="Insecta" family="Gelechiidae" genus="Gelechia" kingdom="Animalia" order="Lepidoptera" pageId="70" pageNumber="71" phylum="Arthropoda" rank="genus">
<emphasis box="[1289,1390,835,861]" italics="true" pageId="70" pageNumber="71">Gelechia</emphasis>
</taxonomicName>
sp., host plant: 
<taxonomicName box="[278,397,871,897]" class="Magnoliopsida" family="Fabaceae" genus="Crotalaria" kingdom="Plantae" order="Fabales" pageId="70" pageNumber="71" phylum="Tracheophyta" rank="genus">
<emphasis box="[278,397,871,897]" italics="true" pageId="70" pageNumber="71">Crotalaria</emphasis>
</taxonomicName>
sp. [
<specimenCount box="[456,490,871,897]" pageId="70" pageNumber="71" type="female">1♀</specimenCount>
, 
<collectionCode box="[505,590,871,897]" country="USA" httpUri="http://biocol.org/urn:lsid:biocol.org:col:34871" lsid="urn:lsid:biocol.org:col:34871" name="Smithsonian Institution, National Museum of Natural History" pageId="70" pageNumber="71" type="Museum">USNM</collectionCode>
: UCRCENT425355]; 
<date box="[842,958,871,897]" pageId="70" pageNumber="71" value="1900-02-28">28.ii.1900</date>
, host: 
<taxonomicName authorityName="Hubner" authorityYear="1825" box="[1034,1135,871,897]" class="Insecta" family="Gelechiidae" genus="Gelechia" kingdom="Animalia" order="Lepidoptera" pageId="70" pageNumber="71" phylum="Arthropoda" rank="genus">
<emphasis box="[1034,1135,871,897]" italics="true" pageId="70" pageNumber="71">Gelechia</emphasis>
</taxonomicName>
sp., host plant: 
<taxonomicName box="[1317,1436,871,897]" class="Magnoliopsida" family="Fabaceae" genus="Crotalaria" kingdom="Plantae" order="Fabales" pageId="70" pageNumber="71" phylum="Tracheophyta" rank="genus">
<emphasis box="[1317,1436,871,897]" italics="true" pageId="70" pageNumber="71">Crotalaria</emphasis>
</taxonomicName>
sp. [1?, 
<collectionCode box="[248,333,907,933]" country="USA" httpUri="http://biocol.org/urn:lsid:biocol.org:col:34871" lsid="urn:lsid:biocol.org:col:34871" name="Smithsonian Institution, National Museum of Natural History" pageId="70" pageNumber="71" type="Museum">USNM</collectionCode>
: UCRCENT425356]. 
<emphasis bold="true" box="[590,745,906,933]" pageId="70" pageNumber="71">Puerto Rico:</emphasis>
Peñuelas, 
<emphasis box="[874,1013,907,933]" italics="true" pageId="70" pageNumber="71">
<geoCoordinate box="[874,1013,907,933]" degrees="18" direction="north" minutes="03" orientation="latitude" pageId="70" pageNumber="71" precision="15" seconds="39" value="18.060833">18°03‘39“N</geoCoordinate>
</emphasis>
, 
<emphasis box="[1031,1175,906,932]" italics="true" pageId="70" pageNumber="71">
<geoCoordinate box="[1031,1175,906,932]" degrees="66" direction="west" minutes="43" orientation="longitude" pageId="70" pageNumber="71" precision="15" seconds="32" value="-66.725555">66°43‘32“W</geoCoordinate>
</emphasis>
, 
<date box="[1192,1280,907,933]" pageId="70" pageNumber="71" value="1960-09">ix.1960</date>
, M. Santiago [
<specimenCount box="[160,197,943,969]" pageId="70" pageNumber="71" type="female">2♀</specimenCount>
, 
<collectionCode box="[211,296,943,969]" country="USA" httpUri="http://biocol.org/urn:lsid:biocol.org:col:34871" lsid="urn:lsid:biocol.org:col:34871" name="Smithsonian Institution, National Museum of Natural History" pageId="70" pageNumber="71" type="Museum">USNM</collectionCode>
: UCRCENT425347, 425348]. 
<emphasis bold="true" box="[649,896,942,969]" pageId="70" pageNumber="71">
<collectingRegion box="[649,721,943,969]" country="United States of America" name="Texas" pageId="70" pageNumber="71">Texas</collectingRegion>
: Cameron Co.
</emphasis>
, Brownsville, 
<quantity box="[1065,1117,943,969]" metricMagnitude="1" metricUnit="m" metricValue="1.0" pageId="70" pageNumber="71" unit="m" value="10.0">10m</quantity>
, 
<emphasis box="[1131,1270,943,969]" italics="true" pageId="70" pageNumber="71">
<geoCoordinate box="[1131,1270,943,969]" degrees="25" direction="north" minutes="53" orientation="latitude" pageId="70" pageNumber="71" precision="15" seconds="34" value="25.892778">25°53‘34“N</geoCoordinate>
</emphasis>
, 
<emphasis box="[1286,1429,943,969]" italics="true" pageId="70" pageNumber="71">
<geoCoordinate box="[1286,1429,943,969]" degrees="97" direction="west" minutes="30" orientation="longitude" pageId="70" pageNumber="71" precision="15" seconds="34" value="-97.509445">97°30‘34“W</geoCoordinate>
</emphasis>
, 
<date box="[151,273,979,1005]" pageId="70" pageNumber="71" value="1979-06-27">27.vi.1979</date>
, E. R. Oatman, host: 
<emphasis box="[538,805,979,1005]" italics="true" pageId="70" pageNumber="71">
<taxonomicName baseAuthorityName="Walsingham" baseAuthorityYear="1897" box="[538,801,979,1005]" class="Insecta" family="Gelechiidae" genus="Keiferia" kingdom="Animalia" order="Lepidoptera" pageId="70" pageNumber="71" phylum="Arthropoda" rank="species" species="lycopersicella">Keiferia lycopersicella</taxonomicName>
,
</emphasis>
host plant: Tomato [
<specimenCount box="[1057,1094,978,1005]" pageId="70" pageNumber="71" type="female">5♀</specimenCount>
, 
<collectionCode box="[1112,1193,979,1005]" country="USA" httpUri="http://grbio.org/cool/m2jc-wmeq" name="University of California, Riverside" pageId="70" pageNumber="71" type="University or college">UCRC</collectionCode>
: UCRCENT312238– 312241, 414303]. Brownsville, 
<quantity box="[512,564,1015,1041]" metricMagnitude="1" metricUnit="m" metricValue="1.0" pageId="70" pageNumber="71" unit="m" value="10.0">10m</quantity>
, 
<emphasis box="[578,717,1015,1041]" italics="true" pageId="70" pageNumber="71">
<geoCoordinate box="[578,717,1015,1041]" degrees="25" direction="north" minutes="53" orientation="latitude" pageId="70" pageNumber="71" precision="15" seconds="34" value="25.892778">25°53‘34“N</geoCoordinate>
</emphasis>
, 
<emphasis box="[732,875,1015,1041]" italics="true" pageId="70" pageNumber="71">
<geoCoordinate box="[732,875,1015,1041]" degrees="97" direction="west" minutes="30" orientation="longitude" pageId="70" pageNumber="71" precision="15" seconds="34" value="-97.509445">97°30‘34“W</geoCoordinate>
</emphasis>
, 
<date box="[891,1013,1015,1041]" pageId="70" pageNumber="71" value="1979-06-27">27.vi.1979</date>
, J. D. Pinto, host plant: Tomato [
<specimenCount box="[1395,1430,1015,1041]" pageId="70" pageNumber="71" type="female">1♀</specimenCount>
, 
<collectionCode box="[151,232,1051,1077]" country="USA" httpUri="http://grbio.org/cool/m2jc-wmeq" name="University of California, Riverside" pageId="70" pageNumber="71" type="University or college">UCRC</collectionCode>
: UCRCENT312242]. 
<emphasis bold="true" box="[482,626,1050,1076]" pageId="70" pageNumber="71">Hidalgo Co.</emphasis>
, Mission-Edinburg, 
<quantity box="[860,913,1051,1077]" metricMagnitude="1" metricUnit="m" metricValue="3.0" pageId="70" pageNumber="71" unit="m" value="30.0">30m</quantity>
, 
<geoCoordinate box="[925,1065,1051,1077]" degrees="26" direction="north" minutes="08" orientation="latitude" pageId="70" pageNumber="71" precision="15" seconds="24" value="26.14">26°08‘24“N</geoCoordinate>
, 
<geoCoordinate box="[1077,1207,1051,1077]" degrees="98" direction="west" minutes="12" orientation="longitude" pageId="70" pageNumber="71" precision="15" seconds="0" value="-98.2">98°12‘0“W</geoCoordinate>
, 
<date box="[1219,1322,1051,1077]" pageId="70" pageNumber="71" value="1989-08">viii.1989</date>
, S. Neser, host: 
<taxonomicName box="[213,442,1087,1113]" class="Insecta" family="Gracillaridae" genus="Calcomyza" higherTaxonomySource="GBIF" kingdom="Animalia" order="Lepidoptera" pageId="70" pageNumber="71" phylum="Arthropoda" rank="species" species="lantanae">
<emphasis box="[213,442,1087,1113]" italics="true" pageId="70" pageNumber="71">Calcomyza lantanae</emphasis>
</taxonomicName>
, host plant: 
<taxonomicName box="[580,767,1087,1112]" class="Magnoliopsida" family="Verbenaceae" genus="Lantana" kingdom="Plantae" order="Lamiales" pageId="70" pageNumber="71" phylum="Tracheophyta" rank="species" species="camara">
<emphasis box="[580,767,1087,1112]" italics="true" pageId="70" pageNumber="71">Lantana camara</emphasis>
</taxonomicName>
[
<specimenCount box="[784,818,1087,1113]" pageId="70" pageNumber="71" type="female">1♀</specimenCount>
, 
<collectionCode box="[832,911,1087,1113]" country="South Africa" httpUri="http://biocol.org/urn:lsid:biocol.org:col:34248" lsid="urn:lsid:biocol.org:col:34248" name="Agricultural Research Council-Plant Protection Research Institute" pageId="70" pageNumber="71" type="Museum">SANC</collectionCode>
: SANC-HYMC2889].
</paragraph>
</subSubSection>
</treatment>
</document>