<document ID-DOI="http://doi.org/10.5281/zenodo.4474162" ID-GBIF-Dataset="1b50774e-3be8-4997-9f39-45e6f5d66cae" ID-ISSN="1175-5326" ID-Zenodo-Dep="4474162" ID-ZooBank="803ED7FD-4A09-44F4-AAE2-6F70A0509E86" _generate="added" approvalRequired="69" approvalRequired_for_illustrations="18" approvalRequired_for_taxonomicNames="26" approvalRequired_for_treatments="25" checkinTime="1611648695462" checkinUser="plazi" docAuthor="Perry, Ryan K. &amp; Heraty, John M." docDate="2021" docId="BC53327AFF9C6C1F25CFFCE9D119C275" docLanguage="en" docName="zootaxa.4916.1.1.pdf" docOrigin="Zootaxa 4916 (1)" docStyle="DocumentStyle:5EBBA59367AD13919D70D935FA04F6A3.5:Zootaxa.2013.monograph" docStyleId="5EBBA59367AD13919D70D935FA04F6A3" docStyleName="Zootaxa.2013.monograph" docStyleVersion="5" docTitle="Zagrammosoma centrolineatum Crawford" docType="treatment" docVersion="7" lastPageId="41" lastPageNumber="41" masterDocId="406A4A02FFBA6C362558FFF6D066C458" masterDocTitle="Read between the lineata: A revision of the tattooed wasps, Zagrammosoma Ashmead (Hymenoptera: Eulophidae), with descriptions of eleven new species" masterLastPageNumber="108" masterPageNumber="1" pageId="38" pageNumber="39" updateTime="1611774191496" updateUser="ExternalLinkService">
<mods:mods xmlns:mods="http://www.loc.gov/mods/v3">
<mods:titleInfo>
<mods:title>Read between the lineata: A revision of the tattooed wasps, Zagrammosoma Ashmead (Hymenoptera: Eulophidae), with descriptions of eleven new species</mods:title>
</mods:titleInfo>
<mods:name type="personal">
<mods:role>
<mods:roleTerm>Author</mods:roleTerm>
</mods:role>
<mods:namePart>Perry, Ryan K.</mods:namePart>
<mods:nameIdentifier type="ORCID">0000-0003-4548-8639</mods:nameIdentifier>
<mods:nameIdentifier type="email">rperr003@ucr.edu</mods:nameIdentifier>
</mods:name>
<mods:name type="personal">
<mods:role>
<mods:roleTerm>Author</mods:roleTerm>
</mods:role>
<mods:namePart>Heraty, John M.</mods:namePart>
<mods:nameIdentifier type="ORCID">0000-0003-4548-8639</mods:nameIdentifier>
<mods:nameIdentifier type="email">rperr003@ucr.edu</mods:nameIdentifier>
</mods:name>
<mods:typeOfResource>text</mods:typeOfResource>
<mods:relatedItem type="host">
<mods:titleInfo>
<mods:title>Zootaxa</mods:title>
</mods:titleInfo>
<mods:part>
<mods:date>2021</mods:date>
<mods:detail type="pubDate">
<mods:number>2021-01-26</mods:number>
</mods:detail>
<mods:detail type="volume">
<mods:number>4916</mods:number>
</mods:detail>
<mods:detail type="issue">
<mods:number>1</mods:number>
</mods:detail>
<mods:extent unit="page">
<mods:start>1</mods:start>
<mods:end>108</mods:end>
</mods:extent>
</mods:part>
</mods:relatedItem>
<mods:classification>journal article</mods:classification>
<mods:identifier type="DOI">https://doi.org/10.11646/zootaxa.4916.1.1</mods:identifier>
<mods:identifier type="GBIF-Dataset">1b50774e-3be8-4997-9f39-45e6f5d66cae</mods:identifier>
<mods:identifier type="ISSN">1175-5326</mods:identifier>
<mods:identifier type="Zenodo-Dep">4471803</mods:identifier>
<mods:identifier type="ZooBank">803ED7FD-4A09-44F4-AAE2-6F70A0509E86</mods:identifier>
</mods:mods>
<treatment ID-DOI="http://doi.org/10.5281/zenodo.4474162" ID-Zenodo-Dep="4474162" LSID="urn:lsid:plazi:treatment:BC53327AFF9C6C1F25CFFCE9D119C275" httpUri="http://treatment.plazi.org/id/BC53327AFF9C6C1F25CFFCE9D119C275" lastPageId="41" lastPageNumber="41" pageId="38" pageNumber="39">
<subSubSection box="[151,671,798,825]" pageId="38" pageNumber="39" type="nomenclature">
<paragraph blockId="38.[151,671,798,861]" box="[151,671,798,825]" pageId="38" pageNumber="39">
<heading bold="true" box="[151,671,798,825]" fontSize="11" level="2" pageId="38" pageNumber="39" reason="4">
<taxonomicName authority="Crawford" authorityName="Crawford" box="[151,671,798,825]" class="Insecta" family="Eulophidae" genus="Zagrammosoma" kingdom="Animalia" order="Hymenoptera" pageId="38" pageNumber="39" phylum="Arthropoda" rank="species" species="centrolineatum">
<emphasis bold="true" box="[151,671,798,825]" pageId="38" pageNumber="39">
<emphasis bold="true" box="[151,540,798,825]" italics="true" pageId="38" pageNumber="39">Zagrammosoma centrolineatum</emphasis>
Crawford
</emphasis>
</taxonomicName>
</heading>
</paragraph>
</subSubSection>
<subSubSection box="[151,250,835,861]" pageId="38" pageNumber="39" type="description">
<paragraph blockId="38.[151,671,798,861]" box="[151,250,835,861]" pageId="38" pageNumber="39">
(
<figureCitation box="[160,241,835,861]" captionStart="FIGURE 10" captionStartId="39.[151,250,1835,1859]" captionTargetBox="[164,1423,181,1810]" captionTargetId="figure-19@39.[164,1423,181,1810]" captionTargetPageId="39" captionText="FIGURE 10. Zagrammosoma centrolineatum, ♀: (A) head, frontal, (B) lateral habitus, (C) fore wing, dorsal, (D) dorsal habitus; (E) ♁ dorsal habitus. Scale bar = 0.2 mm (A), 0.5 mm (B–E)." figureDoi="http://doi.org/10.5281/zenodo.4471827" httpUri="https://zenodo.org/record/4471827/files/figure.png" pageId="38" pageNumber="39">Fig. 10</figureCitation>
)
</paragraph>
</subSubSection>
<subSubSection pageId="38" pageNumber="39" type="reference_group">
<paragraph blockId="38.[151,1437,903,988]" pageId="38" pageNumber="39">
<treatmentCitationGroup pageId="38" pageNumber="39">
<taxonomicName authority="Crawford, 1913: 256" authorityName="Crawford" authorityPageNumber="256" authorityYear="1913" box="[151,678,903,927]" class="Insecta" family="Eulophidae" genus="Zagrammosoma" kingdom="Animalia" order="Hymenoptera" pageId="38" pageNumber="39" phylum="Arthropoda" rank="species" species="centrolineata">
<treatmentCitation author="Crawford, J. C." box="[151,678,903,927]" page="256" pageId="38" pageNumber="39" year="1913">
<emphasis box="[151,456,903,927]" italics="true" pageId="38" pageNumber="39">Zagrammosoma centrolineata</emphasis>
<materialsCitation box="[463,678,903,927]" collectorName="Los Angeles Co. Type" country="United States of America" county="Los Angeles Co." location="Los Angeles Co." pageId="38" pageNumber="39" specimenCount="1" specimenCount-female="1" stateProvince="California" typeStatus="holotype">
<bibRefCitation author="Crawford, J. C." box="[463,678,903,927]" pageId="38" pageNumber="39" pagination="241 - 260" refId="ref78659" refString="Crawford, J. C. (1913) Descriptions of new Hymenoptera, No. 6. Proceedings of the United States National Museum, 45, 241 - 260. https: // doi. org / 10.5479 / si. 00963801.45 - 1979.241" type="journal article" year="1913">Crawford, 1913: 256</bibRefCitation>
</materialsCitation>
</treatmentCitation>
</taxonomicName>
. 
<typeStatus box="[688,782,903,927]" pageId="38" pageNumber="39">Holotype</typeStatus>
<specimenCount box="[789,808,904,927]" pageId="38" pageNumber="39" type="female">♀</specimenCount>
[examined]. Type locality: 
<collectingCountry box="[1089,1142,903,927]" name="United States of America" pageId="38" pageNumber="39">USA</collectingCountry>
, 
<collectingRegion box="[1152,1257,903,927]" country="United States of America" name="California" pageId="38" pageNumber="39">California</collectingRegion>
, 
<collectorName pageId="38" pageNumber="39">
<collectingCounty box="[1268,1437,903,927]" pageId="38" pageNumber="39">Los Angeles Co.</collectingCounty>
Type
</collectorName>
depository: USNM type no. 15931- UCRCENT471417.
</treatmentCitationGroup>
</paragraph>
<paragraph blockId="38.[151,1437,903,988]" box="[151,905,964,988]" pageId="38" pageNumber="39">
<treatmentCitationGroup box="[151,905,964,988]" pageId="38" pageNumber="39">
<taxonomicName box="[151,474,964,988]" class="Insecta" family="Eulophidae" genus="Zagrammosoma" kingdom="Animalia" order="Hymenoptera" pageId="38" pageNumber="39" phylum="Arthropoda" rank="species" species="centrolineatum">
<emphasis box="[151,474,964,988]" italics="true" pageId="38" pageNumber="39">Zagrammosoma centrolineatum</emphasis>
</taxonomicName>
; justified emendation by 
<bibRefCitation author="Peck, O." box="[734,901,964,988]" pageId="38" pageNumber="39" pagination="410 - 594" refId="ref80906" refString="Peck, O. (1951) Superfamily Chalcidoidea. In: Muesebeck, C. F. W., Krombein, K. V. &amp; Townes, H. K. (Eds.), Hymenoptera of America north of Mexico-synoptic catalog. Agriculture Monograph 2. U. S. Department of Agriculture, Washington, D. C., pp. 410 - 594. https: // doi. org / 10.5962 / bhl. title. 65057" type="book chapter" year="1951">
<treatmentCitation author="Peck, O." box="[734,901,964,988]" page="459" pageId="38" pageNumber="39" year="1951">Peck, 1951: 459</treatmentCitation>
</bibRefCitation>
.
</treatmentCitationGroup>
</paragraph>
</subSubSection>
<subSubSection pageId="38" pageNumber="39" type="diagnosis">
<paragraph blockId="38.[151,1437,1034,2033]" pageId="38" pageNumber="39">
<emphasis bold="true" box="[151,274,1034,1060]" pageId="38" pageNumber="39">Diagnosis.</emphasis>
This is the only species that possesses a wide, dark band dorsally that is continuous from the pronotum to the apex of the gaster. Both 
<taxonomicName box="[489,653,1071,1097]" class="Insecta" family="Eulophidae" genus="Zagrammosoma" kingdom="Animalia" order="Hymenoptera" pageId="38" pageNumber="39" phylum="Arthropoda" rank="species" species="latilineatum">
<emphasis box="[489,653,1071,1097]" italics="true" pageId="38" pageNumber="39">Z. latilineatum</emphasis>
</taxonomicName>
(
<figureCitation box="[668,749,1071,1098]" captionStart="FIGURE 26" captionStartId="65.[151,250,1962,1986]" captionTargetBox="[164,1423,309,1939]" captionTargetId="figure-81@65.[164,1423,309,1939]" captionTargetPageId="65" captionText="FIGURE 26. Zagrammosoma latilineatum, ♀: (A) head, frontolateral, (B) lateral habitus, (C) fore wing, dorsal, (D) dorsal habitus; (E) ♁ dorsal habitus. Scale bar = 0.2 mm (A), 0.5 mm (B–E)." figureDoi="http://doi.org/10.5281/zenodo.4471859" httpUri="https://zenodo.org/record/4471859/files/figure.png" pageId="38" pageNumber="39">Fig. 26</figureCitation>
) and 
<taxonomicName box="[810,892,1071,1096]" class="Insecta" family="Eulophidae" genus="Zagrammosoma" kingdom="Animalia" order="Hymenoptera" pageId="38" pageNumber="39" phylum="Arthropoda" rank="species" species="seini">
<emphasis box="[810,892,1071,1096]" italics="true" pageId="38" pageNumber="39">Z. seini</emphasis>
</taxonomicName>
(
<figureCitation box="[907,987,1071,1097]" captionStart="FIGURE 38" captionStartId="87.[151,250,1962,1986]" captionTargetBox="[164,1423,309,1939]" captionTargetId="figure-73@87.[164,1423,309,1939]" captionTargetPageId="87" captionText="FIGURE 38. Zagrammosoma seini, ♀: (A) head, frontolateral, (B) lateral habitus, (C) fore wing, dorsal, (D) dorsal habitus; (E) ♁ dorsal habitus. Scale bar = 0.2 mm (A), 0.5 mm (B–E)." figureDoi="http://doi.org/10.5281/zenodo.4471883" httpUri="https://zenodo.org/record/4471883/files/figure.png" pageId="38" pageNumber="39">Fig. 38</figureCitation>
) have wide bands on the mesosoma, but these bands are not as wide as those on 
<taxonomicName box="[599,798,1107,1133]" class="Insecta" family="Eulophidae" genus="Zagrammosoma" kingdom="Animalia" order="Hymenoptera" pageId="38" pageNumber="39" phylum="Arthropoda" rank="species" species="centrolineatum">
<emphasis box="[599,798,1107,1133]" italics="true" pageId="38" pageNumber="39">Z. centrolineatum</emphasis>
</taxonomicName>
and do not extend onto the gaster. The hind basitarsus is longer than the second tarsomere in 
<taxonomicName box="[552,749,1143,1169]" class="Insecta" family="Eulophidae" genus="Zagrammosoma" kingdom="Animalia" order="Hymenoptera" pageId="38" pageNumber="39" phylum="Arthropoda" rank="species" species="centrolineatum">
<emphasis box="[552,749,1143,1169]" italics="true" pageId="38" pageNumber="39">Z. centrolineatum</emphasis>
</taxonomicName>
, and shorter than the second tarsomere in both 
<taxonomicName box="[1272,1436,1143,1169]" class="Insecta" family="Eulophidae" genus="Zagrammosoma" kingdom="Animalia" order="Hymenoptera" pageId="38" pageNumber="39" phylum="Arthropoda" rank="species" species="latilineatum">
<emphasis box="[1272,1436,1143,1169]" italics="true" pageId="38" pageNumber="39">Z. latilineatum</emphasis>
</taxonomicName>
and 
<taxonomicName box="[199,281,1179,1204]" class="Insecta" family="Eulophidae" genus="Zagrammosoma" kingdom="Animalia" order="Hymenoptera" pageId="38" pageNumber="39" phylum="Arthropoda" rank="species" species="seini">
<emphasis box="[199,281,1179,1204]" italics="true" pageId="38" pageNumber="39">Z. seini</emphasis>
</taxonomicName>
.
</paragraph>
</subSubSection>
<subSubSection pageId="38" pageNumber="39" type="description">
<paragraph blockId="38.[151,1437,1034,2033]" pageId="38" pageNumber="39">
<emphasis bold="true" box="[199,345,1214,1240]" pageId="38" pageNumber="39">Description.</emphasis>
Female - body length 
<quantity box="[609,777,1214,1241]" metricMagnitude="-3" metricUnit="m" metricValue="1.78" metricValueMax="2.25" metricValueMin="1.31" pageId="38" pageNumber="39" unit="mm" value="1.78" valueMax="2.25" valueMin="1.31">1.31–2.25 mm</quantity>
. Metallic luster on body absent. Scape yellow with black stripe dorsally. Lower face with median stripe absent. Vertex with 2 stripes above compound eye. Gena posteriorly with dark stripes below compound eye. Occiput yellow with 2 dark, vertical stripes. Pronotum with wide median band complete; laterally with 2 black stripes. Mesoscutum with wide median band complete. Prepectus yellow with dorsal margin dark. Propodeum yellow with wide median band. Procoxa and mesocoxa yellow. Metacoxa yellow or, rarely, basally with dark spot. Profemur and mesofemur yellow. Metafemur variable: yellow, with uninterrupted stripe or interrupted stripe dorsally. Fore wing: basal band absent; cubital band present; parastigmal band present, at junction of parastigmal and marginal veins only; stigmal band present, with perpendicular extension greater than that of stigmal apex; postmarginal band present, with perpendicular extension across 75% or more of fore wing width, often across entire width; connection from cubital band to stigmal band present, in a wide, linear band. Hind wing hyaline. Gaster yellow with wide, dark band dorsally.
</paragraph>
<paragraph blockId="38.[151,1437,1034,2033]" pageId="38" pageNumber="39">Upper ocular sulcus absent. Pedicel longer than wide. Funiculars symmetrical: first longer than wide (w:l 0.56–0.75); second longer than wide (w:l = 0.7–0.72).</paragraph>
<paragraph blockId="38.[151,1437,1034,2033]" pageId="38" pageNumber="39">
Pronotum, in dorsal view, bell-shaped, wider than long (w:l = 1.39–1.45); 5 pairs of setae along posterior margin. Mesoscutum reticulate; small, scattered setae present.; intermediate setae absent. Mesoscutellum wider than long (w:l = 1.09–1.14); submedian grooves absent. Hind tibial spur distinctly shorter than basitarsus. Hind basitarsus longer than second tarsomere (bst:2 
<superScript attach="left" box="[594,610,1790,1804]" fontSize="6" pageId="38" pageNumber="39">nd</superScript>
= 1.13–1.28).
</paragraph>
<paragraph blockId="38.[151,1437,1034,2033]" pageId="38" pageNumber="39">Fore wing l:w = 2.51–2.77. Submarginal vein with 7 setae dorsally. Basal fold setose. Cubital fold setose. Admarginal setae present. Uncus originating on stigma by more than own length from stigmal apex.</paragraph>
<paragraph blockId="38.[151,1437,1034,2033]" pageId="38" pageNumber="39">
Male - as female, except: body length 
<quantity box="[626,792,1899,1925]" metricMagnitude="-3" metricUnit="m" metricValue="1.13" metricValueMax="1.47" metricValueMin="0.79" pageId="38" pageNumber="39" unit="mm" value="1.13" valueMax="1.47" valueMin="0.79">0.79–1.47 mm</quantity>
; body yellow, with wide dark band present only on mesosoma; gaster with interrupted median band, and transverse bands across Gt 
<subScript attach="left" box="[989,997,1953,1967]" fontSize="6" pageId="38" pageNumber="39">4</subScript>
–Gt 
<subScript attach="left" box="[1039,1047,1953,1967]" fontSize="6" pageId="38" pageNumber="39">5</subScript>
(
<figureCitation box="[1062,1164,1935,1961]" captionStart="FIGURE 10" captionStartId="39.[151,250,1835,1859]" captionTargetBox="[164,1423,181,1810]" captionTargetId="figure-19@39.[164,1423,181,1810]" captionTargetPageId="39" captionText="FIGURE 10. Zagrammosoma centrolineatum, ♀: (A) head, frontal, (B) lateral habitus, (C) fore wing, dorsal, (D) dorsal habitus; (E) ♁ dorsal habitus. Scale bar = 0.2 mm (A), 0.5 mm (B–E)." figureDoi="http://doi.org/10.5281/zenodo.4471827" httpUri="https://zenodo.org/record/4471827/files/figure.png" pageId="38" pageNumber="39">Fig. 10E</figureCitation>
).
</paragraph>
</subSubSection>
<subSubSection pageId="38" pageNumber="39" type="discussion">
<paragraph blockId="38.[151,1437,1034,2033]" pageId="38" pageNumber="39">
<emphasis bold="true" box="[199,315,1971,1997]" pageId="38" pageNumber="39">Remarks.</emphasis>
This species is easy to identify due to the unique body and fore wing pattern and is widespread in the western Nearctic.
</paragraph>
</subSubSection>
<caption ID-DOI="http://doi.org/10.5281/zenodo.4471827" ID-Zenodo-Dep="4471827" httpUri="https://zenodo.org/record/4471827/files/figure.png" pageId="39" pageNumber="40" startId="39.[151,250,1835,1859]" targetBox="[164,1423,181,1810]" targetPageId="39">
<paragraph blockId="39.[151,1436,1835,1897]" pageId="39" pageNumber="40">
<emphasis bold="true" box="[151,287,1835,1859]" pageId="39" pageNumber="40">FIGURE 10.</emphasis>
<taxonomicName box="[292,614,1835,1859]" class="Insecta" family="Eulophidae" genus="Zagrammosoma" kingdom="Animalia" order="Hymenoptera" pageId="39" pageNumber="40" phylum="Arthropoda" rank="species" species="centrolineatum">
<emphasis box="[292,614,1835,1859]" italics="true" pageId="39" pageNumber="40">Zagrammosoma centrolineatum</emphasis>
</taxonomicName>
, ♀: (A) head, frontal, (B) lateral habitus, (C) fore wing, dorsal, (D) dorsal habitus; (E) ♁ dorsal habitus. Scale bar = 0.2 mm (A), 0.5 mm (B–E).
</paragraph>
</caption>
<caption ID-DOI="http://doi.org/10.5281/zenodo.4471829" ID-Zenodo-Dep="4471829" box="[151,780,1044,1068]" httpUri="https://zenodo.org/record/4471829/files/figure.png" pageId="40" pageNumber="41" startId="40.[151,250,1044,1068]" targetBox="[177,1411,181,1020]" targetPageId="40">
<paragraph blockId="40.[151,780,1044,1068]" box="[151,780,1044,1068]" pageId="40" pageNumber="41">
<emphasis bold="true" box="[151,286,1044,1068]" pageId="40" pageNumber="41">FIGURE 11.</emphasis>
Distribution of 
<taxonomicName box="[449,776,1044,1068]" class="Insecta" family="Eulophidae" genus="Zagrammosoma" kingdom="Animalia" order="Hymenoptera" pageId="40" pageNumber="41" phylum="Arthropoda" rank="species" species="centrolineatum">Zagrammosoma centrolineatum</taxonomicName>
.
</paragraph>
</caption>
<subSubSection pageId="40" pageNumber="41" type="biology_ecology">
<paragraph blockId="40.[151,1437,1114,2041]" pageId="40" pageNumber="41">
<emphasis bold="true" box="[199,273,1115,1141]" pageId="40" pageNumber="41">Hosts.</emphasis>
Reared from lepidopteran leaf miners and an unknown gall. See 
<tableCitation box="[1013,1099,1114,1141]" captionStart="TABLE 3" captionStartId="14.[151,239,1088,1112]" captionText="TABLE 3. List of host associations per species. Entries are alphabetized by Zagrammosoma species, host order, host spe- cies, and then host plant species. Each row contains the host and host plant record, if known, for a single Zagrammosoma specimen. Host records from literature are indicated by number: 1. Amiri et al. (2008), 2. Cao et al. (2014), 3. Çikman &amp; La Salle (2011), 4. Gates et al. (2002), 5. Girardoz et al. (2007), 6. Grabenweger et al. (2010), 7. Lupi (2005), 8. Radegh- ieri et al. (2002), 9. Szőcs et al. (2015), 10. Varela &amp; Welter (1992)." pageId="40" pageNumber="41">Table 3</tableCitation>
. 
<taxonomicName authorityName="Linnaeus" authorityYear="1758" box="[1112,1260,1114,1140]" class="Magnoliopsida" higherTaxonomySource="GBIF" kingdom="Plantae" order="Lepidoptera" pageId="40" pageNumber="41" phylum="Tracheophyta" rank="order">
<emphasis bold="true" box="[1112,1260,1114,1140]" pageId="40" pageNumber="41">Lepidoptera</emphasis>
</taxonomicName>
: 
<taxonomicName authorityName="Stainton" authorityYear="1854" box="[1275,1432,1114,1140]" class="Insecta" family="Gracillariidae" kingdom="Animalia" order="Lepidoptera" pageId="40" pageNumber="41" phylum="Arthropoda" rank="family">Gracillariidae</taxonomicName>
, 
<taxonomicName box="[151,296,1150,1176]" class="Insecta" family="Heliozelidae" kingdom="Animalia" order="Lepidoptera" pageId="40" pageNumber="41" phylum="Arthropoda" rank="family">Heliozelidae</taxonomicName>
.
</paragraph>
</subSubSection>
<subSubSection box="[199,1133,1186,1213]" pageId="40" pageNumber="41" type="distribution">
<paragraph blockId="40.[151,1437,1114,2041]" box="[199,1133,1186,1213]" pageId="40" pageNumber="41">
<emphasis bold="true" box="[199,469,1186,1212]" pageId="40" pageNumber="41">Distribution. Nearctic:</emphasis>
<collectingCountry box="[476,560,1186,1212]" name="Canada" pageId="40" pageNumber="41">Canada</collectingCountry>
(BC), 
<collectingCountry box="[637,691,1187,1213]" name="United States of America" pageId="40" pageNumber="41">USA</collectingCountry>
(AZ, CA, NM, OR, TX, UT) (
<figureCitation box="[1037,1118,1186,1213]" captionStart="FIGURE 11" captionStartId="40.[151,250,1044,1068]" captionTargetBox="[177,1411,181,1020]" captionTargetId="figure-25@40.[177,1411,181,1020]" captionTargetPageId="40" captionText="FIGURE 11. Distribution of Zagrammosoma centrolineatum." figureDoi="http://doi.org/10.5281/zenodo.4471829" httpUri="https://zenodo.org/record/4471829/files/figure.png" pageId="40" pageNumber="41">Fig. 11</figureCitation>
).
</paragraph>
</subSubSection>
<subSubSection pageId="40" pageNumber="41" type="etymology">
<paragraph blockId="40.[151,1437,1114,2041]" pageId="40" pageNumber="41">
<emphasis bold="true" box="[199,334,1223,1249]" pageId="40" pageNumber="41">Etymology.</emphasis>
Named for the dark, broad median band that extends from the anterior margin of the pronotum to the tip of the gaster.
</paragraph>
</subSubSection>
<subSubSection lastPageId="41" lastPageNumber="42" pageId="40" pageNumber="41" type="materials_examined">
<paragraph blockId="40.[151,1437,1114,2041]" pageId="40" pageNumber="41">
<emphasis bold="true" box="[199,1043,1294,1321]" pageId="40" pageNumber="41">
Type material examined. 
<collectingRegion box="[503,627,1295,1321]" name="Paratypes" pageId="40" pageNumber="41">
<typeStatus box="[503,627,1295,1321]" pageId="40" pageNumber="41">Paratypes</typeStatus>
</collectingRegion>
: 
<collectingCountry box="[640,700,1294,1320]" name="United States of America" pageId="40" pageNumber="41">USA</collectingCountry>
: 
<collectingRegion box="[713,840,1294,1320]" country="United States of America" name="California" pageId="40" pageNumber="41">California</collectingRegion>
: Los Angeles Co.
</emphasis>
, Los Angeles, 
<quantity box="[1212,1279,1295,1321]" metricMagnitude="2" metricUnit="m" metricValue="1.0" pageId="40" pageNumber="41" unit="m" value="100.0">100m</quantity>
, 
<emphasis box="[1290,1429,1295,1321]" italics="true" pageId="40" pageNumber="41">
<geoCoordinate box="[1290,1429,1295,1321]" degrees="34" direction="north" minutes="02" orientation="latitude" pageId="40" pageNumber="41" precision="15" seconds="41" value="34.044724">34°02’41”N</geoCoordinate>
</emphasis>
, 
<emphasis box="[151,307,1331,1357]" italics="true" pageId="40" pageNumber="41">
<geoCoordinate box="[151,307,1331,1357]" degrees="118" direction="west" minutes="15" orientation="longitude" pageId="40" pageNumber="41" precision="15" seconds="13" value="-118.25361">118°15’13”W</geoCoordinate>
</emphasis>
, viii, Koebele, host: 
<taxonomicName box="[564,795,1330,1356]" genus="Gracilaria" kingdom="Animalia" pageId="40" pageNumber="41" rank="species" species="elongata">
<emphasis box="[564,795,1330,1356]" italics="true" pageId="40" pageNumber="41">Gracilaria elongata</emphasis>
</taxonomicName>
[1?, 
<collectionCode box="[863,948,1331,1357]" country="USA" httpUri="http://biocol.org/urn:lsid:biocol.org:col:34871" lsid="urn:lsid:biocol.org:col:34871" name="Smithsonian Institution, National Museum of Natural History" pageId="40" pageNumber="41" type="Museum">USNM</collectionCode>
: UCRCENT425337]. 
<emphasis bold="true" box="[1209,1359,1330,1356]" pageId="40" pageNumber="41">Sonoma Co.</emphasis>
, 
<quantity box="[1379,1432,1331,1357]" metricMagnitude="1" metricUnit="m" metricValue="3.1" pageId="40" pageNumber="41" unit="m" value="31.0">31m</quantity>
, 
<emphasis box="[151,290,1367,1393]" italics="true" pageId="40" pageNumber="41">
<geoCoordinate box="[151,290,1367,1393]" degrees="38" direction="north" minutes="17" orientation="latitude" pageId="40" pageNumber="41" precision="15" seconds="23" value="38.289722">38°17’23”N</geoCoordinate>
</emphasis>
, 
<emphasis box="[304,461,1367,1393]" italics="true" pageId="40" pageNumber="41">
<geoCoordinate box="[304,461,1367,1393]" degrees="122" direction="west" minutes="27" orientation="longitude" pageId="40" pageNumber="41" precision="15" seconds="37" value="-122.46027">122°27’37”W</geoCoordinate>
</emphasis>
, Koebele, host: 
<taxonomicName authorityName="Braun" authorityYear="1908" box="[644,951,1366,1392]" genus="Lithocolletis" kingdom="Animalia" pageId="40" pageNumber="41" rank="species" species="mediodorsella">
<emphasis box="[644,951,1366,1392]" italics="true" pageId="40" pageNumber="41">Lithocolletis mediodorsella</emphasis>
</taxonomicName>
[
<specimenCount box="[968,1003,1367,1393]" pageId="40" pageNumber="41" type="female">1♀</specimenCount>
, 
<collectionCode box="[1017,1102,1367,1393]" country="USA" httpUri="http://biocol.org/urn:lsid:biocol.org:col:34871" lsid="urn:lsid:biocol.org:col:34871" name="Smithsonian Institution, National Museum of Natural History" pageId="40" pageNumber="41" type="Museum">USNM</collectionCode>
: UCRCENT425338].
</paragraph>
<paragraph blockId="40.[151,1437,1114,2041]" lastBlockId="41.[151,1437,151,1581]" lastPageId="41" lastPageNumber="42" pageId="40" pageNumber="41">
<emphasis bold="true" box="[199,936,1402,1429]" pageId="40" pageNumber="41">
Additional material examined. 
<collectingCountry box="[577,698,1402,1428]" name="Canada" pageId="40" pageNumber="41">CANADA</collectingCountry>
: 
<collectingRegion box="[717,932,1402,1428]" country="Canada" name="British Columbia" pageId="40" pageNumber="41">British Columbia</collectingRegion>
:
</emphasis>
Victoria, 
<quantity box="[1051,1104,1403,1429]" metricMagnitude="1" metricUnit="m" metricValue="3.1" pageId="40" pageNumber="41" unit="m" value="31.0">31m</quantity>
, 
<emphasis box="[1117,1255,1403,1429]" italics="true" pageId="40" pageNumber="41">
<geoCoordinate box="[1117,1255,1403,1429]" degrees="48" direction="north" minutes="25" orientation="latitude" pageId="40" pageNumber="41" precision="15" seconds="44" value="48.42889">48°25’44”N</geoCoordinate>
</emphasis>
, 
<emphasis box="[1272,1429,1403,1429]" italics="true" pageId="40" pageNumber="41">
<geoCoordinate box="[1272,1429,1403,1429]" degrees="123" direction="west" minutes="21" orientation="longitude" pageId="40" pageNumber="41" precision="15" seconds="12" value="-123.35333">123°21’12”W</geoCoordinate>
</emphasis>
, 
<date box="[151,287,1438,1464]" pageId="40" pageNumber="41" value="1961-08-28">28.viii.1961</date>
[
<specimenCount box="[313,347,1439,1465]" pageId="40" pageNumber="41" type="female">1♀</specimenCount>
, 
<collectionCode box="[370,432,1439,1465]" country="Canada" httpUri="http://grbio.org/cool/y2kv-9w3k" name="Canadian National Collection of Insects, Arachnids, and Nematodes" pageId="40" pageNumber="41">CNC</collectionCode>
: 
<collectionCode box="[451,511,1438,1465]" country="Canada" httpUri="http://grbio.org/cool/y2kv-9w3k" name="Canadian National Collection of Insects, Arachnids, and Nematodes" pageId="40" pageNumber="41">CNC</collectionCode>
508690]. Victoria, 
<quantity box="[737,790,1439,1465]" metricMagnitude="1" metricUnit="m" metricValue="3.1" pageId="40" pageNumber="41" unit="m" value="31.0">31m</quantity>
, 
<emphasis box="[810,949,1439,1465]" italics="true" pageId="40" pageNumber="41">
<geoCoordinate box="[810,949,1439,1465]" degrees="48" direction="north" minutes="25" orientation="latitude" pageId="40" pageNumber="41" precision="15" seconds="44" value="48.42889">48°25’44”N</geoCoordinate>
</emphasis>
, 
<emphasis box="[972,1129,1439,1465]" italics="true" pageId="40" pageNumber="41">
<geoCoordinate box="[972,1129,1439,1465]" degrees="123" direction="west" minutes="21" orientation="longitude" pageId="40" pageNumber="41" precision="15" seconds="12" value="-123.35333">123°21’12”W</geoCoordinate>
</emphasis>
, 
<date box="[1152,1287,1438,1464]" pageId="40" pageNumber="41" value="1961-08-31">31.viii.1961</date>
[
<specimenCount box="[1314,1348,1439,1465]" pageId="40" pageNumber="41" type="female">1♀</specimenCount>
, 
<collectionCode box="[1371,1433,1439,1465]" country="Canada" httpUri="http://grbio.org/cool/y2kv-9w3k" name="Canadian National Collection of Insects, Arachnids, and Nematodes" pageId="40" pageNumber="41">CNC</collectionCode>
: 
<collectionCode box="[151,212,1474,1501]" country="Canada" httpUri="http://grbio.org/cool/y2kv-9w3k" name="Canadian National Collection of Insects, Arachnids, and Nematodes" pageId="40" pageNumber="41">CNC</collectionCode>
508691]. 
<emphasis bold="true" box="[321,664,1474,1500]" pageId="40" pageNumber="41">
<collectingCountry box="[321,381,1474,1500]" name="United States of America" pageId="40" pageNumber="41">USA</collectingCountry>
: 
<collectingRegion box="[399,500,1474,1500]" country="United States of America" name="Arizona" pageId="40" pageNumber="41">Arizona</collectingRegion>
: Cochise Co.
</emphasis>
, Huachucha Mts., Ash Canyon Rd. 
<quantity box="[1099,1183,1474,1501]" metricMagnitude="2" metricUnit="m" metricValue="8.04672" pageId="40" pageNumber="41" unit="mi" value="0.5">0.5 mi.</quantity>
W. Hwy 92, 1582m, 
<emphasis box="[151,290,1511,1537]" italics="true" pageId="40" pageNumber="41">
<geoCoordinate box="[151,290,1511,1537]" degrees="31" direction="north" minutes="23" orientation="latitude" pageId="40" pageNumber="41" precision="15" seconds="12" value="31.386667">31°23’12”N</geoCoordinate>
</emphasis>
, 
<emphasis box="[305,460,1511,1537]" italics="true" pageId="40" pageNumber="41">
<geoCoordinate box="[305,460,1511,1537]" degrees="110" direction="west" minutes="14" orientation="longitude" pageId="40" pageNumber="41" precision="15" seconds="17" value="-110.23805">110°14’17”W</geoCoordinate>
</emphasis>
, 
<date box="[476,578,1510,1536]" pageId="40" pageNumber="41" value="1993-08">viii.1993</date>
, N. McFarland, MT [
<specimenCount box="[826,860,1511,1537]" pageId="40" pageNumber="41" type="female">1♀</specimenCount>
, 
<collectionCode box="[875,937,1511,1537]" country="Canada" httpUri="http://grbio.org/cool/y2kv-9w3k" name="Canadian National Collection of Insects, Arachnids, and Nematodes" pageId="40" pageNumber="41">CNC</collectionCode>
: 
<collectionCode box="[949,1009,1510,1537]" country="Canada" httpUri="http://grbio.org/cool/y2kv-9w3k" name="Canadian National Collection of Insects, Arachnids, and Nematodes" pageId="40" pageNumber="41">CNC</collectionCode>
508692]. Portal, 
<quantity box="[1197,1278,1510,1537]" metricMagnitude="3" metricUnit="m" metricValue="1.451" pageId="40" pageNumber="41" unit="m" value="1451.0">1451m</quantity>
, 
<emphasis box="[1290,1429,1511,1537]" italics="true" pageId="40" pageNumber="41">
<geoCoordinate box="[1290,1429,1511,1537]" degrees="31" direction="north" minutes="54" orientation="latitude" pageId="40" pageNumber="41" precision="15" seconds="51" value="31.914165">31°54’51”N</geoCoordinate>
</emphasis>
, 
<emphasis box="[151,308,1546,1572]" italics="true" pageId="40" pageNumber="41">
<geoCoordinate box="[151,308,1546,1572]" degrees="109" direction="west" minutes="08" orientation="longitude" pageId="40" pageNumber="41" precision="15" seconds="26" value="-109.14056">109°08’26”W</geoCoordinate>
</emphasis>
, 
<date box="[324,444,1546,1572]" pageId="40" pageNumber="41" value="1962-04-16">16.iv.1962</date>
, H. Willis, ex: gall [
<specimenCount box="[680,714,1547,1573]" pageId="40" pageNumber="41" type="female">1♀</specimenCount>
, 
<collectionCode box="[730,804,1547,1573]" country="USA" httpUri="http://grbio.org/cool/jekt-x82m" name="Florida State Collection of Arthropods, The Museum of Entomology" pageId="40" pageNumber="41" type="Museum">FSCA</collectionCode>
: UCRCENT424529]. 
<emphasis bold="true" box="[1056,1353,1546,1572]" pageId="40" pageNumber="41">
<collectingRegion box="[1056,1183,1546,1572]" country="United States of America" name="California" pageId="40" pageNumber="41">California</collectingRegion>
: Alameda Co.
</emphasis>
, Cedar Mtn., 
<quantity box="[219,298,1582,1609]" metricMagnitude="3" metricUnit="m" metricValue="1.125" pageId="40" pageNumber="41" unit="m" value="1125.0">1125m</quantity>
, 
<emphasis box="[309,448,1582,1608]" italics="true" pageId="40" pageNumber="41">
<geoCoordinate box="[309,448,1582,1608]" degrees="37" direction="north" minutes="33" orientation="latitude" pageId="40" pageNumber="41" precision="15" seconds="36" value="37.559998">37°33’36”N</geoCoordinate>
</emphasis>
, 
<emphasis box="[462,619,1582,1608]" italics="true" pageId="40" pageNumber="41">
<geoCoordinate box="[462,619,1582,1608]" degrees="121" direction="west" minutes="36" orientation="longitude" pageId="40" pageNumber="41" precision="15" seconds="22" value="-121.60611">121°36’22”W</geoCoordinate>
</emphasis>
, 
<date box="[633,742,1582,1608]" pageId="40" pageNumber="41" value="1968-03-03">3.iii.1968</date>
, host plant: 
<taxonomicName box="[878,1053,1582,1609]" class="Magnoliopsida" family="Fagaceae" genus="Quercus" kingdom="Plantae" order="Fagales" pageId="40" pageNumber="41" phylum="Tracheophyta" rank="species" species="durata">
<emphasis box="[878,1053,1582,1609]" italics="true" pageId="40" pageNumber="41">Quercus durata</emphasis>
</taxonomicName>
[
<specimenCount box="[1070,1104,1583,1609]" pageId="40" pageNumber="41" type="female">1♀</specimenCount>
, 
<collectionCode box="[1118,1196,1583,1609]" pageId="40" pageNumber="41">CASC</collectionCode>
: UCRCENT417567]. 
<emphasis bold="true" box="[151,363,1618,1644]" pageId="40" pageNumber="41">Contra Costa Co.</emphasis>
, Mt. Diablo, 
<quantity box="[518,598,1619,1645]" metricMagnitude="3" metricUnit="m" metricValue="1.144" pageId="40" pageNumber="41" unit="m" value="1144.0">1144m</quantity>
, 
<emphasis box="[611,749,1619,1645]" italics="true" pageId="40" pageNumber="41">
<geoCoordinate box="[611,749,1619,1645]" degrees="37" direction="north" minutes="52" orientation="latitude" pageId="40" pageNumber="41" precision="15" seconds="51" value="37.880833">37°52’51”N</geoCoordinate>
</emphasis>
, 
<emphasis box="[765,922,1618,1644]" italics="true" pageId="40" pageNumber="41">
<geoCoordinate box="[765,922,1618,1644]" degrees="121" direction="west" minutes="54" orientation="longitude" pageId="40" pageNumber="41" precision="15" seconds="56" value="-121.91556">121°54’56”W</geoCoordinate>
</emphasis>
, 
<date box="[938,1039,1618,1644]" pageId="40" pageNumber="41" value="1977-02-07">7.ii.1977</date>
, D. S. Green, host: 
<taxonomicName box="[1266,1389,1619,1645]" class="Insecta" family="Gracillariidae" genus="Cameraria" kingdom="Animalia" order="Lepidoptera" pageId="40" pageNumber="41" phylum="Arthropoda" rank="genus">
<emphasis box="[1266,1389,1619,1645]" italics="true" pageId="40" pageNumber="41">Cameraria</emphasis>
</taxonomicName>
sp., host plant: 
<taxonomicName box="[279,510,1654,1681]" class="Magnoliopsida" family="Fagaceae" genus="Quercus" kingdom="Plantae" order="Fagales" pageId="40" pageNumber="41" phylum="Tracheophyta" rank="species" species="chrysolepis">
<emphasis box="[279,510,1654,1681]" italics="true" pageId="40" pageNumber="41">Quercus chrysolepis</emphasis>
</taxonomicName>
[1?, 
<collectionCode box="[570,652,1655,1681]" country="USA" httpUri="http://biocol.org/urn:lsid:biocol.org:col:1013" lsid="urn:lsid:biocol.org:col:1013" name="Essig Museum of Entomology" pageId="40" pageNumber="41" type="University or college">EMEC</collectionCode>
: 
<collectionCode box="[664,746,1654,1681]" country="USA" httpUri="http://biocol.org/urn:lsid:biocol.org:col:1013" lsid="urn:lsid:biocol.org:col:1013" name="Essig Museum of Entomology" pageId="40" pageNumber="41" type="University or college">EMEC</collectionCode>
84276]. 
<emphasis bold="true" box="[837,960,1654,1680]" pageId="40" pageNumber="41">Glenn Co.</emphasis>
, 
<quantity box="[976,1036,1654,1681]" metricMagnitude="3" metricUnit="m" metricValue="8.04672" pageId="40" pageNumber="41" unit="mi" value="5.0">5 mi.</quantity>
N. Elk Creek, 
<quantity box="[1211,1277,1655,1681]" metricMagnitude="2" metricUnit="m" metricValue="1.93" pageId="40" pageNumber="41" unit="m" value="193.0">193m</quantity>
, 
<emphasis box="[1290,1429,1655,1681]" italics="true" pageId="40" pageNumber="41">
<geoCoordinate box="[1290,1429,1655,1681]" degrees="39" direction="north" minutes="40" orientation="latitude" pageId="40" pageNumber="41" precision="15" seconds="44" value="39.67889">39°40’44”N</geoCoordinate>
</emphasis>
, 
<emphasis box="[151,309,1691,1717]" italics="true" pageId="40" pageNumber="41">
<geoCoordinate box="[151,309,1691,1717]" degrees="122" direction="west" minutes="31" orientation="longitude" pageId="40" pageNumber="41" precision="15" seconds="38" value="-122.52723">122°31’38”W</geoCoordinate>
</emphasis>
, 
<date box="[326,434,1690,1716]" pageId="40" pageNumber="41" value="1984-06-07">7.vi.1984</date>
, J. D. Pinto [1♁, 
<collectionCode box="[648,729,1691,1717]" country="USA" httpUri="http://grbio.org/cool/m2jc-wmeq" name="University of California, Riverside" pageId="40" pageNumber="41" type="University or college">UCRC</collectionCode>
: UCRCENT312277]. 
<emphasis bold="true" box="[984,1159,1690,1717]" pageId="40" pageNumber="41">Humboldt Co.</emphasis>
, 
<quantity box="[1177,1259,1690,1717]" metricMagnitude="3" metricUnit="m" metricValue="8.5295232" pageId="40" pageNumber="41" unit="mi" value="5.3">5.3 mi.</quantity>
SE Ettersburg, 
<quantity box="[151,218,1727,1753]" metricMagnitude="2" metricUnit="m" metricValue="3.1399999999999997" pageId="40" pageNumber="41" unit="m" value="314.0">314m</quantity>
, 
<emphasis box="[228,366,1727,1753]" italics="true" pageId="40" pageNumber="41">
<geoCoordinate box="[228,366,1727,1753]" degrees="40" direction="north" minutes="05" orientation="latitude" pageId="40" pageNumber="41" precision="15" seconds="25" value="40.090275">40°05’25”N</geoCoordinate>
</emphasis>
, 
<emphasis box="[379,537,1727,1753]" italics="true" pageId="40" pageNumber="41">
<geoCoordinate box="[379,537,1727,1753]" degrees="123" direction="west" minutes="55" orientation="longitude" pageId="40" pageNumber="41" precision="15" seconds="25" value="-123.92361">123°55’25”W</geoCoordinate>
</emphasis>
, 
<date box="[549,657,1726,1752]" pageId="40" pageNumber="41" value="1987-06-04">4.vi.1987</date>
, R. K. Velten [
<specimenCount box="[819,854,1727,1753]" pageId="40" pageNumber="41" type="female">1♀</specimenCount>
, 
<collectionCode box="[866,954,1727,1753]" pageId="40" pageNumber="41">BMNH</collectionCode>
: NHMUK10370163]. 
<emphasis bold="true" box="[1203,1312,1726,1753]" pageId="40" pageNumber="41">Kern Co.</emphasis>
, Monolith, 
<quantity box="[151,231,1763,1789]" metricMagnitude="3" metricUnit="m" metricValue="1.21" pageId="40" pageNumber="41" unit="m" value="1210.0">1210m</quantity>
, 
<emphasis box="[246,384,1762,1788]" italics="true" pageId="40" pageNumber="41">
<geoCoordinate box="[246,384,1762,1788]" degrees="35" direction="north" minutes="07" orientation="latitude" pageId="40" pageNumber="41" precision="15" seconds="16" value="35.12111">35°07’16”N</geoCoordinate>
</emphasis>
, 
<emphasis box="[401,557,1763,1789]" italics="true" pageId="40" pageNumber="41">
<geoCoordinate box="[401,557,1763,1789]" degrees="118" direction="west" minutes="22" orientation="longitude" pageId="40" pageNumber="41" precision="15" seconds="20" value="-118.37222">118°22’20”W</geoCoordinate>
</emphasis>
, 
<date box="[574,696,1762,1789]" pageId="40" pageNumber="41" value="1968-09-15">15.ix.1968</date>
, P. Opler, host: 
<taxonomicName authorityName="Walsingham" authorityYear="1895" box="[883,1011,1762,1788]" class="Insecta" family="Heliozelidae" genus="Coptodisca" kingdom="Animalia" order="Lepidoptera" pageId="40" pageNumber="41" phylum="Arthropoda" rank="genus">
<emphasis box="[883,1011,1762,1788]" italics="true" pageId="40" pageNumber="41">Coptodisca</emphasis>
</taxonomicName>
sp., host plant: 
<taxonomicName authorityName="Nee" authorityYear="1801" box="[1200,1375,1762,1789]" class="Magnoliopsida" family="Fagaceae" genus="Quercus" kingdom="Plantae" order="Fagales" pageId="40" pageNumber="41" phylum="Tracheophyta" rank="species" species="lobata">
<emphasis box="[1200,1375,1762,1789]" italics="true" pageId="40" pageNumber="41">Quercus lobata</emphasis>
</taxonomicName>
[
<specimenCount box="[1395,1430,1763,1789]" pageId="40" pageNumber="41" type="female">1♀</specimenCount>
, 
<collectionCode box="[151,233,1799,1825]" country="USA" httpUri="http://biocol.org/urn:lsid:biocol.org:col:1013" lsid="urn:lsid:biocol.org:col:1013" name="Essig Museum of Entomology" pageId="40" pageNumber="41" type="University or college">EMEC</collectionCode>
: 
<collectionCode box="[246,328,1798,1825]" country="USA" httpUri="http://biocol.org/urn:lsid:biocol.org:col:1013" lsid="urn:lsid:biocol.org:col:1013" name="Essig Museum of Entomology" pageId="40" pageNumber="41" type="University or college">EMEC</collectionCode>
84275]. 
<emphasis bold="true" box="[420,616,1798,1825]" pageId="40" pageNumber="41">Los Angeles Co.</emphasis>
, 
<quantity box="[633,699,1799,1825]" metricMagnitude="2" metricUnit="m" metricValue="1.88" pageId="40" pageNumber="41" unit="m" value="188.0">188m</quantity>
, 
<emphasis box="[713,838,1799,1825]" italics="true" pageId="40" pageNumber="41">
<geoCoordinate box="[713,838,1799,1825]" degrees="34" direction="north" minutes="05" orientation="latitude" pageId="40" pageNumber="41" precision="15" seconds="9" value="34.08583">34°05’9”N</geoCoordinate>
</emphasis>
, 
<emphasis box="[855,1010,1799,1825]" italics="true" pageId="40" pageNumber="41">
<geoCoordinate box="[855,1010,1799,1825]" degrees="118" direction="west" minutes="12" orientation="longitude" pageId="40" pageNumber="41" precision="15" seconds="28" value="-118.20777">118°12’28”W</geoCoordinate>
</emphasis>
, 
<date box="[1027,1157,1798,1824]" pageId="40" pageNumber="41" value="1940-07-24">24.vii.1940</date>
, R. H. Smith, Acc. 237, host: 
<taxonomicName authorityName="Heinrich" authorityYear="1920" box="[215,483,1834,1860]" class="Insecta" family="Gracillariidae" genus="Phyllonorycter" kingdom="Animalia" order="Lepidoptera" pageId="40" pageNumber="41" phylum="Arthropoda" rank="species" species="felinella">
<emphasis box="[215,483,1834,1860]" italics="true" pageId="40" pageNumber="41">Phyllonorycter felinella</emphasis>
</taxonomicName>
[
<specimenCount box="[502,537,1835,1861]" pageId="40" pageNumber="41" type="female">1♀</specimenCount>
, 
<collectionCode box="[552,633,1835,1861]" country="USA" httpUri="http://grbio.org/cool/m2jc-wmeq" name="University of California, Riverside" pageId="40" pageNumber="41" type="University or college">UCRC</collectionCode>
: UCRCENT312274]. 
<emphasis bold="true" box="[885,1050,1834,1860]" pageId="40" pageNumber="41">Mariposa Co.</emphasis>
, Yosemite National Park, 
<quantity box="[1351,1432,1834,1861]" metricMagnitude="3" metricUnit="m" metricValue="2.514" pageId="40" pageNumber="41" unit="m" value="2514.0">2514m</quantity>
, 
<emphasis box="[151,290,1871,1897]" italics="true" pageId="40" pageNumber="41">
<geoCoordinate box="[151,290,1871,1897]" degrees="37" direction="north" minutes="48" orientation="latitude" pageId="40" pageNumber="41" precision="15" seconds="48" value="37.81333">37°48’48”N</geoCoordinate>
</emphasis>
, 
<emphasis box="[311,466,1871,1897]" italics="true" pageId="40" pageNumber="41">
<geoCoordinate box="[311,466,1871,1897]" degrees="119" direction="west" minutes="31" orientation="longitude" pageId="40" pageNumber="41" precision="15" seconds="49" value="-119.53028">119°31’49”W</geoCoordinate>
</emphasis>
, 
<date box="[487,603,1870,1896]" pageId="40" pageNumber="41" value="1918-07-02">2.vii.1918</date>
, C. Heinrich, Hopk. U.S. 13405d1 [
<specimenCount box="[1048,1082,1871,1897]" pageId="40" pageNumber="41" type="female">1♀</specimenCount>
, 
<collectionCode box="[1103,1188,1871,1897]" country="USA" httpUri="http://biocol.org/urn:lsid:biocol.org:col:34871" lsid="urn:lsid:biocol.org:col:34871" name="Smithsonian Institution, National Museum of Natural History" pageId="40" pageNumber="41" type="Museum">USNM</collectionCode>
: UCRCENT416899]. 
<emphasis bold="true" box="[151,268,1906,1933]" pageId="40" pageNumber="41">Napa Co.</emphasis>
, 
<quantity box="[287,351,1906,1933]" metricMagnitude="3" metricUnit="m" metricValue="4.828032" pageId="40" pageNumber="41" unit="mi" value="3.0">3 mi.</quantity>
SSW Spanish Flat, 
<quantity box="[595,661,1906,1933]" metricMagnitude="2" metricUnit="m" metricValue="2.25" pageId="40" pageNumber="41" unit="m" value="225.0">225m</quantity>
, 
<emphasis box="[678,817,1907,1933]" italics="true" pageId="40" pageNumber="41">
<geoCoordinate box="[678,817,1907,1933]" degrees="38" direction="north" minutes="29" orientation="latitude" pageId="40" pageNumber="41" precision="15" seconds="51" value="38.4975">38°29’51”N</geoCoordinate>
</emphasis>
, 
<emphasis box="[836,991,1907,1933]" italics="true" pageId="40" pageNumber="41">
<geoCoordinate box="[836,991,1907,1933]" degrees="122" direction="west" minutes="15" orientation="longitude" pageId="40" pageNumber="41" precision="15" seconds="11" value="-122.25305">122°15’11”W</geoCoordinate>
</emphasis>
, 
<date box="[1010,1131,1906,1932]" pageId="40" pageNumber="41" value="1984-06-11">11.vi.1984</date>
, J. D. Pinto [
<specimenCount box="[1299,1334,1907,1933]" pageId="40" pageNumber="41" type="female">1♀</specimenCount>
, 
<collectionCode box="[1352,1433,1907,1933]" country="USA" httpUri="http://grbio.org/cool/m2jc-wmeq" name="University of California, Riverside" pageId="40" pageNumber="41" type="University or college">UCRC</collectionCode>
: UCRCENT485705]. Lake Hennessey, 
<quantity box="[588,651,1942,1968]" metricMagnitude="4" metricUnit="m" metricValue="1.1" pageId="40" pageNumber="41" unit="km" value="11.0">11km</quantity>
ESE St. Helena, 
<quantity box="[849,901,1943,1969]" metricMagnitude="1" metricUnit="m" metricValue="4.4" pageId="40" pageNumber="41" unit="m" value="44.0">44m</quantity>
, 
<emphasis box="[913,1053,1943,1969]" italics="true" pageId="40" pageNumber="41">
<geoCoordinate box="[913,1053,1943,1969]" degrees="38" direction="north" minutes="29" orientation="latitude" pageId="40" pageNumber="41" precision="15" seconds="19" value="38.488613">38°29’19”N</geoCoordinate>
</emphasis>
, 
<emphasis box="[1067,1225,1943,1969]" italics="true" pageId="40" pageNumber="41">
<geoCoordinate box="[1067,1225,1943,1969]" degrees="122" direction="west" minutes="20" orientation="longitude" pageId="40" pageNumber="41" precision="15" seconds="54" value="-122.348335">122°20’54”W</geoCoordinate>
</emphasis>
, 
<date box="[1239,1369,1942,1968]" pageId="40" pageNumber="41" value="1991-12-17">17.xii.1991</date>
, S. L. Heydon, 
<emphasis box="[256,357,1978,2004]" italics="true" pageId="40" pageNumber="41">Bacharis</emphasis>
[
<specimenCount box="[375,410,1979,2005]" pageId="40" pageNumber="41" type="female">1♀</specimenCount>
, 
<collectionCode box="[425,507,1979,2005]" country="USA" httpUri="http://grbio.org/cool/kd99-229r" name="R. M. Bohart Museum of Entomology" pageId="40" pageNumber="41" type="Museum">UCDC</collectionCode>
: UCRCENT415863]. 
<emphasis bold="true" box="[759,899,1978,2004]" pageId="40" pageNumber="41">Orange Co.</emphasis>
, 
<quantity box="[915,981,1979,2005]" metricMagnitude="2" metricUnit="m" metricValue="2.28" pageId="40" pageNumber="41" unit="m" value="228.0">228m</quantity>
, 
<emphasis box="[995,1133,1979,2005]" italics="true" pageId="40" pageNumber="41">
<geoCoordinate box="[995,1133,1979,2005]" degrees="33" direction="north" minutes="35" orientation="latitude" pageId="40" pageNumber="41" precision="15" seconds="31" value="33.59194">33°35’31”N</geoCoordinate>
</emphasis>
, 
<emphasis box="[1149,1305,1978,2004]" italics="true" pageId="40" pageNumber="41">
<geoCoordinate box="[1149,1305,1978,2004]" degrees="117" direction="west" minutes="30" orientation="longitude" pageId="40" pageNumber="41" precision="15" seconds="46" value="-117.51278">117°30’46”W</geoCoordinate>
</emphasis>
, 
<date box="[1320,1432,1978,2004]" pageId="40" pageNumber="41" value="1968-05-11">11.v.1968</date>
, E.I. Schlinger, host plant: 
<taxonomicName box="[449,549,2014,2040]" class="Magnoliopsida" family="Platanaceae" genus="Platanus" kingdom="Plantae" order="Proteales" pageId="40" pageNumber="41" phylum="Tracheophyta" rank="genus">
<emphasis box="[449,549,2014,2040]" italics="true" pageId="40" pageNumber="41">Platanus</emphasis>
</taxonomicName>
sp. [
<specimenCount box="[608,643,2015,2041]" pageId="40" pageNumber="41" type="female">1♀</specimenCount>
, 
<collectionCode box="[658,739,2015,2041]" country="USA" httpUri="http://grbio.org/cool/m2jc-wmeq" name="University of California, Riverside" pageId="40" pageNumber="41" type="University or college">UCRC</collectionCode>
: UCRCENT312272]. Modjeska Canyon, 
<quantity box="[1211,1278,2015,2041]" metricMagnitude="2" metricUnit="m" metricValue="3.9" pageId="40" pageNumber="41" unit="m" value="390.0">390m</quantity>
, 
<emphasis box="[1290,1430,2015,2041]" italics="true" pageId="40" pageNumber="41">
<geoCoordinate box="[1290,1430,2015,2041]" degrees="33" direction="north" minutes="42" orientation="latitude" pageId="40" pageNumber="41" precision="15" seconds="30" value="33.708336">33°42’30”N</geoCoordinate>
</emphasis>
, 
<emphasis box="[151,292,151,177]" italics="true" pageId="41" pageNumber="42">
<geoCoordinate box="[151,292,151,177]" degrees="117" direction="west" minutes="38" orientation="longitude" pageId="41" pageNumber="42" precision="15" seconds="8" value="-117.63555">117°38’8”W</geoCoordinate>
</emphasis>
, 
<date box="[310,426,151,177]" pageId="41" pageNumber="42" value="1977-02-28">28.ii.1977</date>
, D. S. Green, host: 
<taxonomicName baseAuthorityName="Braun" baseAuthorityYear="1908" box="[665,925,151,177]" class="Insecta" family="Gracillariidae" genus="Cameraria" kingdom="Animalia" order="Lepidoptera" pageId="41" pageNumber="42" phylum="Arthropoda" rank="species" species="agrifoliella">
<emphasis box="[665,925,151,177]" italics="true" pageId="41" pageNumber="42">Cameraria agrifoliella</emphasis>
</taxonomicName>
, host plant: 
<taxonomicName box="[1075,1278,151,177]" class="Magnoliopsida" family="Fagaceae" genus="Quercus" kingdom="Plantae" order="Fagales" pageId="41" pageNumber="42" phylum="Tracheophyta" rank="species" species="agrifolia">
<emphasis box="[1075,1278,151,177]" italics="true" pageId="41" pageNumber="42">Quercus agrifolia</emphasis>
</taxonomicName>
[
<specimenCount box="[1299,1333,151,177]" pageId="41" pageNumber="42" type="female">1♀</specimenCount>
, 
<collectionCode box="[1351,1433,151,177]" country="USA" httpUri="http://biocol.org/urn:lsid:biocol.org:col:1013" lsid="urn:lsid:biocol.org:col:1013" name="Essig Museum of Entomology" pageId="41" pageNumber="42" type="University or college">EMEC</collectionCode>
: 
<collectionCode box="[151,234,186,213]" country="USA" httpUri="http://biocol.org/urn:lsid:biocol.org:col:1013" lsid="urn:lsid:biocol.org:col:1013" name="Essig Museum of Entomology" pageId="41" pageNumber="42" type="University or college">EMEC</collectionCode>
84281]. 
<emphasis bold="true" box="[318,438,186,213]" pageId="41" pageNumber="42">Placer Co.</emphasis>
State Insectary105’, 
<quantity box="[668,749,187,213]" metricMagnitude="3" metricUnit="m" metricValue="1.018" pageId="41" pageNumber="42" unit="m" value="1018.0">1018m</quantity>
, 
<geoCoordinate box="[756,896,187,213]" degrees="39" direction="north" minutes="01" orientation="latitude" pageId="41" pageNumber="42" precision="15" seconds="41" value="39.028057">39°01’41”N</geoCoordinate>
, 
<geoCoordinate box="[903,1061,186,213]" degrees="120" direction="west" minutes="47" orientation="longitude" pageId="41" pageNumber="42" precision="15" seconds="52" value="-120.797775">120°47’52”W</geoCoordinate>
[
<specimenCount box="[1074,1108,187,213]" pageId="41" pageNumber="42" type="female">1♀</specimenCount>
, 
<collectionCode box="[1118,1199,187,213]" country="USA" httpUri="http://grbio.org/cool/m2jc-wmeq" name="University of California, Riverside" pageId="41" pageNumber="42" type="University or college">UCRC</collectionCode>
:UCRCENT312273]. 
<emphasis bold="true" box="[151,315,222,248]" pageId="41" pageNumber="42">Riverside Co.</emphasis>
, Hwy 74, San Bernardino Natl. Forest., 
<quantity box="[781,847,222,249]" metricMagnitude="2" metricUnit="m" metricValue="6.35" pageId="41" pageNumber="42" unit="m" value="635.0">635m</quantity>
, 
<geoCoordinate box="[861,1000,222,249]" degrees="33" direction="north" minutes="43" orientation="latitude" pageId="41" pageNumber="42" precision="15" seconds="52" value="33.731113">33°43’52”N</geoCoordinate>
, 
<geoCoordinate box="[1014,1170,223,249]" degrees="116" direction="west" minutes="48" orientation="longitude" pageId="41" pageNumber="42" precision="15" seconds="39" value="-116.81084">116°48’39”W</geoCoordinate>
, 
<date box="[1184,1306,223,249]" pageId="41" pageNumber="42" value="2014-06-20">20.vi.2014</date>
, R. K. Perry, Riparian, Sweep, RP14/009 [
<specimenCount box="[526,561,259,285]" pageId="41" pageNumber="42" type="female">1♀</specimenCount>
, 
<collectionCode box="[577,658,259,285]" country="USA" httpUri="http://grbio.org/cool/m2jc-wmeq" name="University of California, Riverside" pageId="41" pageNumber="42" type="University or college">UCRC</collectionCode>
: UCRCENT312349 (
<emphasis bold="true" box="[905,979,258,285]" pageId="41" pageNumber="42">D4112</emphasis>
)]. Idyllwild Park, 
<quantity box="[1196,1276,258,285]" metricMagnitude="3" metricUnit="m" metricValue="1.5959999999999999" pageId="41" pageNumber="42" unit="m" value="1596.0">1596m</quantity>
, 
<emphasis box="[1290,1429,259,285]" italics="true" pageId="41" pageNumber="42">
<geoCoordinate box="[1290,1429,259,285]" degrees="33" direction="north" minutes="44" orientation="latitude" pageId="41" pageNumber="42" precision="15" seconds="37" value="33.74361">33°44’37”N</geoCoordinate>
</emphasis>
, 
<emphasis box="[151,307,294,320]" italics="true" pageId="41" pageNumber="42">
<geoCoordinate box="[151,307,294,320]" degrees="116" direction="west" minutes="43" orientation="longitude" pageId="41" pageNumber="42" precision="15" seconds="26" value="-116.72389">116°43’26”W</geoCoordinate>
</emphasis>
, 
<date box="[323,453,295,321]" pageId="41" pageNumber="42" value="1996-07-17">17.vii.1996</date>
, M. Gates, LM96-940, host: leaf miner, host plant: 
<taxonomicName box="[1051,1282,295,321]" class="Magnoliopsida" family="Fagaceae" genus="Quercus" kingdom="Plantae" order="Fagales" pageId="41" pageNumber="42" phylum="Tracheophyta" rank="species" species="chrysolepis">
<emphasis box="[1051,1282,295,321]" italics="true" pageId="41" pageNumber="42">Quercus chrysolepis</emphasis>
</taxonomicName>
[
<specimenCount box="[1302,1336,295,321]" pageId="41" pageNumber="42" type="female">1♀</specimenCount>
, 
<collectionCode box="[1352,1433,295,321]" country="USA" httpUri="http://grbio.org/cool/m2jc-wmeq" name="University of California, Riverside" pageId="41" pageNumber="42" type="University or college">UCRC</collectionCode>
: UCRCENT312269]. Idyllwild Park, 
<quantity box="[565,645,330,357]" metricMagnitude="3" metricUnit="m" metricValue="1.5959999999999999" pageId="41" pageNumber="42" unit="m" value="1596.0">1596m</quantity>
, 
<emphasis box="[656,795,331,357]" italics="true" pageId="41" pageNumber="42">
<geoCoordinate box="[656,795,331,357]" degrees="33" direction="north" minutes="44" orientation="latitude" pageId="41" pageNumber="42" precision="15" seconds="37" value="33.74361">33°44’37”N</geoCoordinate>
</emphasis>
, 
<emphasis box="[809,965,330,356]" italics="true" pageId="41" pageNumber="42">
<geoCoordinate box="[809,965,330,356]" degrees="116" direction="west" minutes="43" orientation="longitude" pageId="41" pageNumber="42" precision="15" seconds="26" value="-116.72389">116°43’26”W</geoCoordinate>
</emphasis>
, 
<date box="[979,1109,331,357]" pageId="41" pageNumber="42" value="1996-07-17">17.vii.1996</date>
, M. Goeden, host: upper surface blotch mine, host plant: 
<taxonomicName box="[477,706,367,393]" class="Magnoliopsida" family="Fagaceae" genus="Quercus" kingdom="Plantae" order="Fagales" pageId="41" pageNumber="42" phylum="Tracheophyta" rank="species" species="chrysolepis">
<emphasis box="[477,706,367,393]" italics="true" pageId="41" pageNumber="42">Quercus chrysolepis</emphasis>
</taxonomicName>
[
<specimenCount box="[723,757,367,393]" pageId="41" pageNumber="42" type="female">1♀</specimenCount>
, 
<collectionCode box="[771,852,367,393]" country="USA" httpUri="http://grbio.org/cool/m2jc-wmeq" name="University of California, Riverside" pageId="41" pageNumber="42" type="University or college">UCRC</collectionCode>
: UCRCENT312270]. Pinyon Flats, E. Side of Santa Rosa Mtns., 
<quantity box="[295,376,403,429]" metricMagnitude="3" metricUnit="m" metricValue="1.2269999999999999" pageId="41" pageNumber="42" unit="m" value="1227.0">1227m</quantity>
, 
<emphasis box="[388,513,403,429]" italics="true" pageId="41" pageNumber="42">
<geoCoordinate box="[388,513,403,429]" degrees="33" direction="north" minutes="35" orientation="latitude" pageId="41" pageNumber="42" precision="15" seconds="5" value="33.58472">33°35’5”N</geoCoordinate>
</emphasis>
, 
<emphasis box="[528,684,402,428]" italics="true" pageId="41" pageNumber="42">
<geoCoordinate box="[528,684,402,428]" degrees="116" direction="west" minutes="27" orientation="longitude" pageId="41" pageNumber="42" precision="15" seconds="24" value="-116.456665">116°27’24”W</geoCoordinate>
</emphasis>
, 
<date box="[698,822,403,429]" pageId="41" pageNumber="42" value="1997-03-18">18.iii.1997</date>
, M. W. Gates, LM97-2366, host: upper surface blotch mine, host plant: 
<taxonomicName authorityName="Greene" authorityYear="1889" box="[352,565,439,465]" class="Magnoliopsida" family="Fagaceae" genus="Quercus" kingdom="Plantae" order="Fagales" pageId="41" pageNumber="42" phylum="Tracheophyta" rank="species" species="turbinella">
<emphasis box="[352,565,439,465]" italics="true" pageId="41" pageNumber="42">Quercus turbinella</emphasis>
</taxonomicName>
[
<specimenCount box="[585,619,439,465]" pageId="41" pageNumber="42" type="female">1♀</specimenCount>
, 
<collectionCode box="[635,716,439,465]" country="USA" httpUri="http://grbio.org/cool/m2jc-wmeq" name="University of California, Riverside" pageId="41" pageNumber="42" type="University or college">UCRC</collectionCode>
: UCRCENT312271]. Sage, 
<quantity box="[1039,1106,439,465]" metricMagnitude="2" metricUnit="m" metricValue="7.04" pageId="41" pageNumber="42" unit="m" value="704.0">704m</quantity>
, 
<emphasis box="[1119,1258,438,464]" italics="true" pageId="41" pageNumber="42">
<geoCoordinate box="[1119,1258,438,464]" degrees="33" direction="north" minutes="34" orientation="latitude" pageId="41" pageNumber="42" precision="15" seconds="56" value="33.582222">33°34’56”N</geoCoordinate>
</emphasis>
, 
<emphasis box="[1274,1429,438,464]" italics="true" pageId="41" pageNumber="42">
<geoCoordinate box="[1274,1429,438,464]" degrees="116" direction="west" minutes="55" orientation="longitude" pageId="41" pageNumber="42" precision="15" seconds="59" value="-116.93305">116°55’59”W</geoCoordinate>
</emphasis>
, 
<date box="[151,274,475,501]" pageId="41" pageNumber="42" value="1977-06-12">12.vi.1977</date>
, D. S. Green [
<specimenCount box="[441,476,475,501]" pageId="41" pageNumber="42" type="female">4♀</specimenCount>
1?, 
<collectionCode box="[528,610,475,501]" country="USA" httpUri="http://biocol.org/urn:lsid:biocol.org:col:1013" lsid="urn:lsid:biocol.org:col:1013" name="Essig Museum of Entomology" pageId="41" pageNumber="42" type="University or college">EMEC</collectionCode>
: EMEC84280, 84282, 84297, 84298, 84316]. Sage, 
<quantity box="[1211,1277,475,501]" metricMagnitude="2" metricUnit="m" metricValue="7.04" pageId="41" pageNumber="42" unit="m" value="704.0">704m</quantity>
, 
<emphasis box="[1290,1430,474,500]" italics="true" pageId="41" pageNumber="42">
<geoCoordinate box="[1290,1430,474,500]" degrees="33" direction="north" minutes="34" orientation="latitude" pageId="41" pageNumber="42" precision="15" seconds="56" value="33.582222">33°34’56”N</geoCoordinate>
</emphasis>
, 
<emphasis box="[151,307,510,536]" italics="true" pageId="41" pageNumber="42">
<geoCoordinate box="[151,307,510,536]" degrees="116" direction="west" minutes="55" orientation="longitude" pageId="41" pageNumber="42" precision="15" seconds="59" value="-116.93305">116°55’59”W</geoCoordinate>
</emphasis>
, 
<date box="[322,444,511,537]" pageId="41" pageNumber="42" value="1977-06-12">12.vi.1977</date>
, D. S. Green, host plant: 
<taxonomicName box="[735,829,511,537]" class="Magnoliopsida" family="Fagaceae" genus="Quercus" kingdom="Plantae" order="Fagales" pageId="41" pageNumber="42" phylum="Tracheophyta" rank="genus">
<emphasis box="[735,829,511,537]" italics="true" pageId="41" pageNumber="42">Quercus</emphasis>
</taxonomicName>
[
<specimenCount box="[845,881,511,537]" pageId="41" pageNumber="42" type="female">4♀</specimenCount>
1?, 
<collectionCode box="[931,1013,511,537]" country="USA" httpUri="http://biocol.org/urn:lsid:biocol.org:col:1013" lsid="urn:lsid:biocol.org:col:1013" name="Essig Museum of Entomology" pageId="41" pageNumber="42" type="University or college">EMEC</collectionCode>
: EMEC84280, 84282, 84297, 84298, 84316]. Sage, 
<quantity box="[318,384,547,573]" metricMagnitude="2" metricUnit="m" metricValue="7.04" pageId="41" pageNumber="42" unit="m" value="704.0">704m</quantity>
, 
<emphasis box="[398,537,546,572]" italics="true" pageId="41" pageNumber="42">
<geoCoordinate box="[398,537,546,572]" degrees="33" direction="north" minutes="34" orientation="latitude" pageId="41" pageNumber="42" precision="15" seconds="56" value="33.582222">33°34’56”N</geoCoordinate>
</emphasis>
, 
<emphasis box="[553,708,546,572]" italics="true" pageId="41" pageNumber="42">
<geoCoordinate box="[553,708,546,572]" degrees="116" direction="west" minutes="55" orientation="longitude" pageId="41" pageNumber="42" precision="15" seconds="59" value="-116.93305">116°55’59”W</geoCoordinate>
</emphasis>
, 
<date box="[724,847,547,573]" pageId="41" pageNumber="42" value="1977-06-12">12.vi.1977</date>
, D. S. Green, host plant: 
<taxonomicName box="[1143,1383,547,573]" class="Magnoliopsida" family="Fagaceae" genus="Quercus" kingdom="Plantae" order="Fagales" pageId="41" pageNumber="42" phylum="Tracheophyta" rank="species" species="john-tuckeri">
<emphasis box="[1143,1383,547,573]" italics="true" pageId="41" pageNumber="42">Quercus john-tuckeri</emphasis>
</taxonomicName>
[
<specimenCount box="[1400,1436,547,573]" pageId="41" pageNumber="42" type="female">4♀</specimenCount>
1?, 
<collectionCode box="[193,275,583,609]" country="USA" httpUri="http://biocol.org/urn:lsid:biocol.org:col:1013" lsid="urn:lsid:biocol.org:col:1013" name="Essig Museum of Entomology" pageId="41" pageNumber="42" type="University or college">EMEC</collectionCode>
: EMEC84280, 84282, 84297, 84298, 84316]. Sage, 
<quantity box="[870,937,583,609]" metricMagnitude="2" metricUnit="m" metricValue="7.04" pageId="41" pageNumber="42" unit="m" value="704.0">704m</quantity>
, 
<emphasis box="[949,1088,582,608]" italics="true" pageId="41" pageNumber="42">
<geoCoordinate box="[949,1088,582,608]" degrees="33" direction="north" minutes="34" orientation="latitude" pageId="41" pageNumber="42" precision="15" seconds="56" value="33.582222">33°34’56”N</geoCoordinate>
</emphasis>
, 
<emphasis box="[1103,1259,582,608]" italics="true" pageId="41" pageNumber="42">
<geoCoordinate box="[1103,1259,582,608]" degrees="116" direction="west" minutes="55" orientation="longitude" pageId="41" pageNumber="42" precision="15" seconds="59" value="-116.93305">116°55’59”W</geoCoordinate>
</emphasis>
, 
<date box="[1274,1396,583,609]" pageId="41" pageNumber="42" value="1977-06-12">12.vi.1977</date>
, D. S. Green, host: 
<taxonomicName box="[328,451,619,645]" class="Insecta" family="Gracillariidae" genus="Cameraria" kingdom="Animalia" order="Lepidoptera" pageId="41" pageNumber="42" phylum="Arthropoda" rank="genus">
<emphasis box="[328,451,619,645]" italics="true" pageId="41" pageNumber="42">Cameraria</emphasis>
</taxonomicName>
sp., host plant: 
<taxonomicName authorityName="Nee" authorityYear="1801" box="[632,806,619,645]" class="Magnoliopsida" family="Fagaceae" genus="Quercus" kingdom="Plantae" order="Fagales" pageId="41" pageNumber="42" phylum="Tracheophyta" rank="species" species="lobata">
<emphasis box="[632,806,619,645]" italics="true" pageId="41" pageNumber="42">Quercus lobata</emphasis>
</taxonomicName>
[
<specimenCount box="[831,866,619,645]" pageId="41" pageNumber="42" type="female">4♀</specimenCount>
1?, 
<collectionCode box="[916,998,619,645]" country="USA" httpUri="http://biocol.org/urn:lsid:biocol.org:col:1013" lsid="urn:lsid:biocol.org:col:1013" name="Essig Museum of Entomology" pageId="41" pageNumber="42" type="University or college">EMEC</collectionCode>
: 84280, 84282, 84297, 84298, 84316]. Sage, 
<quantity box="[222,289,655,681]" metricMagnitude="2" metricUnit="m" metricValue="7.04" pageId="41" pageNumber="42" unit="m" value="704.0">704m</quantity>
, 
<emphasis box="[303,442,654,680]" italics="true" pageId="41" pageNumber="42">
<geoCoordinate box="[303,442,654,680]" degrees="33" direction="north" minutes="34" orientation="latitude" pageId="41" pageNumber="42" precision="15" seconds="56" value="33.582222">33°34’56”N</geoCoordinate>
</emphasis>
, 
<emphasis box="[459,614,654,680]" italics="true" pageId="41" pageNumber="42">
<geoCoordinate box="[459,614,654,680]" degrees="116" direction="west" minutes="55" orientation="longitude" pageId="41" pageNumber="42" precision="15" seconds="59" value="-116.93305">116°55’59”W</geoCoordinate>
</emphasis>
, 
<date box="[631,753,655,681]" pageId="41" pageNumber="42" value="1977-06-12">12.vi.1977</date>
, D. S. Green, host: 
<taxonomicName box="[986,1154,655,681]" class="Insecta" family="Gracillariidae" genus="Phyllonorycter" kingdom="Animalia" order="Lepidoptera" pageId="41" pageNumber="42" phylum="Arthropoda" rank="genus">
<emphasis box="[986,1154,655,681]" italics="true" pageId="41" pageNumber="42">Phyllonorycter</emphasis>
</taxonomicName>
sp., host plant: 
<taxonomicName class="Magnoliopsida" family="Fagaceae" genus="Quercus" kingdom="Plantae" order="Fagales" pageId="41" pageNumber="42" phylum="Tracheophyta" rank="species" species="keloggii">
<emphasis italics="true" pageId="41" pageNumber="42">Quercus keloggii</emphasis>
</taxonomicName>
[
<specimenCount box="[257,293,691,717]" pageId="41" pageNumber="42" type="female">4♀</specimenCount>
1?, 
<collectionCode box="[341,423,691,717]" country="USA" httpUri="http://biocol.org/urn:lsid:biocol.org:col:1013" lsid="urn:lsid:biocol.org:col:1013" name="Essig Museum of Entomology" pageId="41" pageNumber="42" type="University or college">EMEC</collectionCode>
: EMEC84280, 84282, 84297, 84298, 84316]. Santa Rosa Plateau Res., 
<quantity box="[1228,1295,690,717]" metricMagnitude="2" metricUnit="m" metricValue="5.9" pageId="41" pageNumber="42" unit="m" value="590.0">590m</quantity>
, 
<geoCoordinate box="[1306,1431,691,717]" degrees="33" direction="north" minutes="31" orientation="latitude" pageId="41" pageNumber="42" precision="15" seconds="0" value="33.516666">33°31’0”N</geoCoordinate>
, 
<geoCoordinate box="[151,294,727,753]" degrees="117" direction="west" minutes="14" orientation="longitude" pageId="41" pageNumber="42" precision="15" seconds="0" value="-117.23333">117°14’0”W</geoCoordinate>
, 
<date box="[307,436,727,753]" pageId="41" pageNumber="42" value="2001-07-11">11.vii.2001</date>
, 
<taxonomicName box="[450,544,727,753]" class="Magnoliopsida" family="Fagaceae" genus="Quercus" kingdom="Plantae" order="Fagales" pageId="41" pageNumber="42" phylum="Tracheophyta" rank="genus">
<emphasis box="[450,544,727,753]" italics="true" pageId="41" pageNumber="42">Quercus</emphasis>
</taxonomicName>
sp., fogging [
<specimenCount box="[708,743,727,753]" pageId="41" pageNumber="42" type="female">1♀</specimenCount>
, 
<collectionCode box="[759,840,727,753]" country="USA" httpUri="http://grbio.org/cool/m2jc-wmeq" name="University of California, Riverside" pageId="41" pageNumber="42" type="University or college">UCRC</collectionCode>
: UCRCENT55218]. 
<emphasis bold="true" box="[1078,1252,726,752]" pageId="41" pageNumber="42">San Diego Co.</emphasis>
, Mount Laguna 1/ 
<quantity box="[171,248,763,789]" metricMagnitude="3" metricUnit="m" metricValue="3.218688" pageId="41" pageNumber="42" unit="mi" value="2.0">2 mile</quantity>
E. Mount Laguna Fire Station off SI, 
<quantity box="[704,784,763,789]" metricMagnitude="3" metricUnit="m" metricValue="1.846" pageId="41" pageNumber="42" unit="m" value="1846.0">1846m</quantity>
, 
<emphasis box="[799,938,763,789]" italics="true" pageId="41" pageNumber="42">
<geoCoordinate box="[799,938,763,789]" degrees="32" direction="north" minutes="51" orientation="latitude" pageId="41" pageNumber="42" precision="15" seconds="28" value="32.857777">32°51’28”N</geoCoordinate>
</emphasis>
, 
<emphasis box="[956,1111,762,788]" italics="true" pageId="41" pageNumber="42">
<geoCoordinate box="[956,1111,762,788]" degrees="116" direction="west" minutes="24" orientation="longitude" pageId="41" pageNumber="42" precision="15" seconds="50" value="-116.41389">116°24’50”W</geoCoordinate>
</emphasis>
, 
<date box="[1129,1267,763,789]" pageId="41" pageNumber="42" value="1996-08-27">27.viii.1996</date>
, M. W. Gates, LM96-1361, host: miner, host plant: 
<emphasis box="[590,1034,799,825]" italics="true" pageId="41" pageNumber="42">
<taxonomicName box="[590,780,799,825]" class="Magnoliopsida" family="Fagaceae" genus="Quercus" kingdom="Plantae" order="Fagales" pageId="41" pageNumber="42" phylum="Tracheophyta" rank="species" species="keloggii">Quercus keloggii</taxonomicName>
/ 
<taxonomicName box="[794,1034,799,825]" class="Magnoliopsida" family="Rhamnaceae" genus="Rhamnus" kingdom="Plantae" order="Rosales" pageId="41" pageNumber="42" phylum="Tracheophyta" rank="species" species="californica">Rhamnus californica</taxonomicName>
</emphasis>
[
<specimenCount box="[1056,1090,799,825]" pageId="41" pageNumber="42" type="female">1♀</specimenCount>
, 
<collectionCode box="[1109,1190,799,825]" country="USA" httpUri="http://grbio.org/cool/m2jc-wmeq" name="University of California, Riverside" pageId="41" pageNumber="42" type="University or college">UCRC</collectionCode>
: UCRCENT312276]. 
<emphasis bold="true" box="[151,332,834,861]" pageId="41" pageNumber="42">San Mateo Co.</emphasis>
, San Bruno Mtns., 
<quantity box="[559,625,835,861]" metricMagnitude="2" metricUnit="m" metricValue="3.38" pageId="41" pageNumber="42" unit="m" value="338.0">338m</quantity>
, 
<emphasis box="[639,778,835,861]" italics="true" pageId="41" pageNumber="42">
<geoCoordinate box="[639,778,835,861]" degrees="37" direction="north" minutes="41" orientation="latitude" pageId="41" pageNumber="42" precision="15" seconds="19" value="37.688614">37°41’19”N</geoCoordinate>
</emphasis>
, 
<emphasis box="[794,937,834,860]" italics="true" pageId="41" pageNumber="42">
<geoCoordinate box="[794,937,834,860]" degrees="122" direction="west" minutes="26" orientation="longitude" pageId="41" pageNumber="42" precision="15" seconds="5" value="-122.43472">122°26’5”W</geoCoordinate>
</emphasis>
, 
<date box="[953,1077,835,861]" pageId="41" pageNumber="42" value="1968-03-21">21.iii.1968</date>
, P. Opler, host plant: evergreen [
<specimenCount box="[161,196,871,897]" pageId="41" pageNumber="42" type="female">1♀</specimenCount>
, 
<collectionCode box="[211,293,871,897]" country="USA" httpUri="http://biocol.org/urn:lsid:biocol.org:col:1013" lsid="urn:lsid:biocol.org:col:1013" name="Essig Museum of Entomology" pageId="41" pageNumber="42" type="University or college">EMEC</collectionCode>
: 
<collectionCode box="[304,386,870,897]" country="USA" httpUri="http://biocol.org/urn:lsid:biocol.org:col:1013" lsid="urn:lsid:biocol.org:col:1013" name="Essig Museum of Entomology" pageId="41" pageNumber="42" type="University or college">EMEC</collectionCode>
84277]. 
<emphasis bold="true" box="[476,703,870,897]" pageId="41" pageNumber="42">Santa Barbara Co.</emphasis>
, Santa Cruz Island, 
<emphasis box="[935,1074,871,897]" italics="true" pageId="41" pageNumber="42">
<geoCoordinate box="[935,1074,871,897]" degrees="34" direction="north" minutes="00" orientation="latitude" pageId="41" pageNumber="42" precision="15" seconds="12" value="34.003334">34°00’12”N</geoCoordinate>
</emphasis>
, 
<emphasis box="[1089,1244,871,897]" italics="true" pageId="41" pageNumber="42">
<geoCoordinate box="[1089,1244,871,897]" degrees="119" direction="west" minutes="44" orientation="longitude" pageId="41" pageNumber="42" precision="15" seconds="40" value="-119.74444">119°44’40”W</geoCoordinate>
</emphasis>
, 
<date box="[1259,1346,871,897]" pageId="41" pageNumber="42" value="1999-06">vi.1999</date>
, B. Fox [
<specimenCount box="[161,196,907,933]" pageId="41" pageNumber="42" type="female">1♀</specimenCount>
, 
<collectionCode box="[211,293,907,933]" country="USA" httpUri="http://grbio.org/cool/kd99-229r" name="R. M. Bohart Museum of Entomology" pageId="41" pageNumber="42" type="Museum">UCDC</collectionCode>
: 
<collectionCode box="[305,386,906,933]" country="USA" httpUri="http://grbio.org/cool/kd99-229r" name="R. M. Bohart Museum of Entomology" pageId="41" pageNumber="42" type="Museum">UCDC</collectionCode>
00415798]. Santa Cruz Island, Cañada de la Cuesta, 
<emphasis box="[985,1123,907,933]" italics="true" pageId="41" pageNumber="42">
<geoCoordinate box="[985,1123,907,933]" degrees="34" direction="north" minutes="01" orientation="latitude" pageId="41" pageNumber="42" precision="15" seconds="14" value="34.020554">34°01’14”N</geoCoordinate>
</emphasis>
, 
<emphasis box="[1139,1292,907,933]" italics="true" pageId="41" pageNumber="42">
<geoCoordinate box="[1139,1292,907,933]" degrees="119" direction="west" minutes="50" orientation="longitude" pageId="41" pageNumber="42" precision="15" seconds="11" value="-119.83639">119°50’11”W</geoCoordinate>
</emphasis>
, 
<date box="[1308,1432,906,933]" pageId="41" pageNumber="42" value="1969-03-15">15.iii.1969</date>
, J. Powell, host plant: 
<taxonomicName box="[399,573,943,968]" class="Pinopsida" family="Pinaceae" genus="Pinus" kingdom="Plantae" order="Pinales" pageId="41" pageNumber="42" phylum="Tracheophyta" rank="species" species="muricata">
<emphasis box="[399,573,943,968]" italics="true" pageId="41" pageNumber="42">Pinus muricata</emphasis>
</taxonomicName>
[
<specimenCount box="[592,627,943,969]" pageId="41" pageNumber="42" type="female">1♀</specimenCount>
, 
<collectionCode box="[642,723,943,969]" country="USA" httpUri="http://grbio.org/cool/m2jc-wmeq" name="University of California, Riverside" pageId="41" pageNumber="42" type="University or college">UCRC</collectionCode>
: UCRCENT312275]. 
<emphasis bold="true" box="[974,1125,942,968]" pageId="41" pageNumber="42">Siskiyou Co.</emphasis>
<quantity box="[1134,1194,942,969]" metricMagnitude="3" metricUnit="m" metricValue="8.04672" pageId="41" pageNumber="42" unit="mi" value="5.0">5 mi.</quantity>
SW Mt. Shasta City, 
<quantity box="[151,230,978,1005]" metricMagnitude="3" metricUnit="m" metricValue="1.115" pageId="41" pageNumber="42" unit="m" value="1115.0">1115m</quantity>
, 
<emphasis box="[242,380,979,1005]" italics="true" pageId="41" pageNumber="42">
<geoCoordinate box="[242,380,979,1005]" degrees="41" direction="north" minutes="18" orientation="latitude" pageId="41" pageNumber="42" precision="15" seconds="32" value="41.308887">41°18’32”N</geoCoordinate>
</emphasis>
, 
<emphasis box="[396,553,979,1005]" italics="true" pageId="41" pageNumber="42">
<geoCoordinate box="[396,553,979,1005]" degrees="122" direction="west" minutes="18" orientation="longitude" pageId="41" pageNumber="42" precision="15" seconds="19" value="-122.30528">122°18’19”W</geoCoordinate>
</emphasis>
, 
<date box="[568,698,979,1005]" pageId="41" pageNumber="42" value="1969-07-22">22.vii.1969</date>
, P. Opler, host: 
<taxonomicName box="[878,1001,979,1005]" class="Insecta" family="Gracillariidae" genus="Cameraria" kingdom="Animalia" order="Lepidoptera" pageId="41" pageNumber="42" phylum="Arthropoda" rank="genus">
<emphasis box="[878,1001,979,1005]" italics="true" pageId="41" pageNumber="42">Cameraria</emphasis>
</taxonomicName>
sp., host plant: 
<taxonomicName class="Magnoliopsida" family="Fagaceae" genus="Notholithocarpus" kingdom="Plantae" order="Fagales" pageId="41" pageNumber="42" phylum="Tracheophyta" rank="species" species="densiflorus">
<emphasis italics="true" pageId="41" pageNumber="42">Notholithocarpus densiflorus</emphasis>
</taxonomicName>
[1♁ 
<specimenCount box="[296,332,1015,1041]" pageId="41" pageNumber="42" type="female">2♀</specimenCount>
, 
<collectionCode box="[346,424,1015,1041]" pageId="41" pageNumber="42">CASC</collectionCode>
: UCRCENT417566, 
<collectionCode box="[664,746,1015,1041]" country="USA" httpUri="http://biocol.org/urn:lsid:biocol.org:col:1013" lsid="urn:lsid:biocol.org:col:1013" name="Essig Museum of Entomology" pageId="41" pageNumber="42" type="University or college">EMEC</collectionCode>
: 
<collectionCode box="[758,838,1015,1041]" country="USA" httpUri="http://biocol.org/urn:lsid:biocol.org:col:1013" lsid="urn:lsid:biocol.org:col:1013" name="Essig Museum of Entomology" pageId="41" pageNumber="42" type="University or college">EMEC</collectionCode>
84278, 84279]. 
<emphasis bold="true" box="[1015,1145,1014,1040]" pageId="41" pageNumber="42">Solano Co.</emphasis>
, 
<quantity box="[1160,1231,1015,1041]" metricMagnitude="4" metricUnit="m" metricValue="1.1" pageId="41" pageNumber="42" unit="km" value="11.0">11 km</quantity>
W. Winters, 
<quantity box="[1379,1432,1015,1041]" metricMagnitude="1" metricUnit="m" metricValue="7.0" pageId="41" pageNumber="42" unit="m" value="70.0">70m</quantity>
, 
<emphasis box="[151,290,1051,1077]" italics="true" pageId="41" pageNumber="42">
<geoCoordinate box="[151,290,1051,1077]" degrees="38" direction="north" minutes="30" orientation="latitude" pageId="41" pageNumber="42" precision="15" seconds="50" value="38.51389">38°30’50”N</geoCoordinate>
</emphasis>
, 
<emphasis box="[308,452,1050,1076]" italics="true" pageId="41" pageNumber="42">
<geoCoordinate box="[308,452,1050,1076]" degrees="122" direction="west" minutes="06" orientation="longitude" pageId="41" pageNumber="42" precision="15" seconds="1" value="-122.10027">122°06’1”W</geoCoordinate>
</emphasis>
, 
<date box="[469,607,1051,1077]" pageId="41" pageNumber="42" value="1990-08-22">22.viii.1990</date>
, S. L. Heydon [
<specimenCount box="[800,835,1051,1077]" pageId="41" pageNumber="42" type="female">1♀</specimenCount>
, 
<collectionCode box="[852,934,1051,1077]" country="USA" httpUri="http://grbio.org/cool/kd99-229r" name="R. M. Bohart Museum of Entomology" pageId="41" pageNumber="42" type="Museum">UCDC</collectionCode>
: 
<collectionCode box="[948,1029,1050,1077]" country="USA" httpUri="http://grbio.org/cool/kd99-229r" name="R. M. Bohart Museum of Entomology" pageId="41" pageNumber="42" type="Museum">UCDC</collectionCode>
00415799]. 
<quantity box="[1165,1226,1051,1077]" metricMagnitude="3" metricUnit="m" metricValue="9.0" pageId="41" pageNumber="42" unit="km" value="9.0">9 km</quantity>
N. Winters, 
<quantity box="[1379,1432,1051,1077]" metricMagnitude="1" metricUnit="m" metricValue="4.9" pageId="41" pageNumber="42" unit="m" value="49.0">49m</quantity>
, 
<emphasis box="[151,290,1086,1112]" italics="true" pageId="41" pageNumber="42">
<geoCoordinate box="[151,290,1086,1112]" degrees="38" direction="north" minutes="36" orientation="latitude" pageId="41" pageNumber="42" precision="15" seconds="21" value="38.60583">38°36’21”N</geoCoordinate>
</emphasis>
, 
<emphasis box="[303,461,1086,1112]" italics="true" pageId="41" pageNumber="42">
<geoCoordinate box="[303,461,1086,1112]" degrees="121" direction="west" minutes="58" orientation="longitude" pageId="41" pageNumber="42" precision="15" seconds="16" value="-121.971115">121°58’16”W</geoCoordinate>
</emphasis>
, 
<date box="[473,594,1086,1113]" pageId="41" pageNumber="42" value="1990-04-15">15.iv.1990</date>
, S. L. Heydon [
<specimenCount box="[768,803,1087,1113]" pageId="41" pageNumber="42" type="female">1♀</specimenCount>
, 
<collectionCode box="[815,897,1087,1113]" country="USA" httpUri="http://grbio.org/cool/kd99-229r" name="R. M. Bohart Museum of Entomology" pageId="41" pageNumber="42" type="Museum">UCDC</collectionCode>
: UCRCENT415862]. 
<emphasis bold="true" box="[1144,1287,1086,1112]" pageId="41" pageNumber="42">Sonoma Co.</emphasis>
, Healdsburg, 
<quantity box="[151,204,1123,1149]" metricMagnitude="1" metricUnit="m" metricValue="3.2" pageId="41" pageNumber="42" unit="m" value="32.0">32m</quantity>
, 
<emphasis box="[212,351,1122,1148]" italics="true" pageId="41" pageNumber="42">
<geoCoordinate box="[212,351,1122,1148]" degrees="38" direction="north" minutes="36" orientation="latitude" pageId="41" pageNumber="42" precision="15" seconds="37" value="38.610275">38°36’37”N</geoCoordinate>
</emphasis>
, 
<emphasis box="[363,520,1123,1149]" italics="true" pageId="41" pageNumber="42">
<geoCoordinate box="[363,520,1123,1149]" degrees="122" direction="west" minutes="52" orientation="longitude" pageId="41" pageNumber="42" precision="15" seconds="10" value="-122.869446">122°52’10”W</geoCoordinate>
</emphasis>
, 
<date box="[532,655,1123,1149]" pageId="41" pageNumber="42" value="1970-03-13">13.iii.1970</date>
, T. Griswold [1?, 
<collectionCode box="[847,925,1123,1149]" pageId="41" pageNumber="42">CASC</collectionCode>
: UCRCENT417565]. 
<emphasis bold="true" pageId="41" pageNumber="42">
<collectingRegion box="[1167,1316,1122,1149]" country="United States of America" name="New Mexico" pageId="41" pageNumber="42">New Mexico</collectingRegion>
: Sandoval Co.
</emphasis>
, Bandelier Natl. Monument, 
<quantity box="[521,602,1159,1185]" metricMagnitude="3" metricUnit="m" metricValue="2.01" pageId="41" pageNumber="42" unit="m" value="2010.0">2010m</quantity>
, 
<emphasis box="[613,738,1159,1185]" italics="true" pageId="41" pageNumber="42">
<geoCoordinate box="[613,738,1159,1185]" degrees="35" direction="north" minutes="47" orientation="latitude" pageId="41" pageNumber="42" precision="15" seconds="3" value="35.784164">35°47’3”N</geoCoordinate>
</emphasis>
, 
<emphasis box="[751,909,1158,1184]" italics="true" pageId="41" pageNumber="42">
<geoCoordinate box="[751,909,1158,1184]" degrees="106" direction="west" minutes="16" orientation="longitude" pageId="41" pageNumber="42" precision="15" seconds="46" value="-106.27945">106°16’46”W</geoCoordinate>
</emphasis>
, 
<date box="[923,1025,1159,1185]" pageId="41" pageNumber="42" value="1980-08">viii.1980</date>
, W. Pippin, host: 
<taxonomicName box="[1222,1390,1159,1185]" class="Insecta" family="Gracillariidae" genus="Phyllonorycter" kingdom="Animalia" order="Lepidoptera" pageId="41" pageNumber="42" phylum="Arthropoda" rank="genus">
<emphasis box="[1222,1390,1159,1185]" italics="true" pageId="41" pageNumber="42">Phyllonorycter</emphasis>
</taxonomicName>
sp., host plant:Aspen [
<specimenCount box="[356,391,1195,1221]" pageId="41" pageNumber="42" type="female">1♀</specimenCount>
, 
<collectionCode box="[402,487,1195,1221]" country="USA" httpUri="http://biocol.org/urn:lsid:biocol.org:col:34871" lsid="urn:lsid:biocol.org:col:34871" name="Smithsonian Institution, National Museum of Natural History" pageId="41" pageNumber="42" type="Museum">USNM</collectionCode>
: UCRCENT425339]. 
<emphasis bold="true" box="[731,958,1194,1221]" pageId="41" pageNumber="42">
<collectingRegion box="[731,825,1194,1220]" country="United States of America" name="Oregon" pageId="41" pageNumber="42">Oregon</collectingRegion>
: Wasco Co.
</emphasis>
, Rowena, 
<quantity box="[1074,1126,1195,1221]" metricMagnitude="1" metricUnit="m" metricValue="4.2" pageId="41" pageNumber="42" unit="m" value="42.0">42m</quantity>
, 
<emphasis box="[1135,1274,1195,1221]" italics="true" pageId="41" pageNumber="42">
<geoCoordinate box="[1135,1274,1195,1221]" degrees="45" direction="north" minutes="40" orientation="latitude" pageId="41" pageNumber="42" precision="15" seconds="20" value="45.672222">45°40’20”N</geoCoordinate>
</emphasis>
, 
<emphasis box="[1286,1429,1194,1220]" italics="true" pageId="41" pageNumber="42">
<geoCoordinate box="[1286,1429,1194,1220]" degrees="121" direction="west" minutes="16" orientation="longitude" pageId="41" pageNumber="42" precision="15" seconds="5" value="-121.26806">121°16’5”W</geoCoordinate>
</emphasis>
, 
<date box="[151,288,1231,1257]" pageId="41" pageNumber="42" value="1982-08-13">13.viii.1982</date>
, P. Hanson [
<specimenCount box="[441,477,1231,1257]" pageId="41" pageNumber="42" type="female">3♀</specimenCount>
, 
<collectionCode box="[494,579,1231,1257]" country="USA" httpUri="http://biocol.org/urn:lsid:biocol.org:col:34871" lsid="urn:lsid:biocol.org:col:34871" name="Smithsonian Institution, National Museum of Natural History" pageId="41" pageNumber="42" type="Museum">USNM</collectionCode>
: UCRCENT416894–96]. Tygh Valley, 
<quantity box="[1033,1099,1231,1257]" metricMagnitude="2" metricUnit="m" metricValue="3.38" pageId="41" pageNumber="42" unit="m" value="338.0">338m</quantity>
, 
<emphasis box="[1115,1254,1231,1257]" italics="true" pageId="41" pageNumber="42">
<geoCoordinate box="[1115,1254,1231,1257]" degrees="45" direction="north" minutes="14" orientation="latitude" pageId="41" pageNumber="42" precision="15" seconds="51" value="45.2475">45°14’51”N</geoCoordinate>
</emphasis>
, 
<emphasis box="[1272,1429,1231,1257]" italics="true" pageId="41" pageNumber="42">
<geoCoordinate box="[1272,1429,1231,1257]" degrees="121" direction="west" minutes="10" orientation="longitude" pageId="41" pageNumber="42" precision="15" seconds="33" value="-121.17583">121°10’33”W</geoCoordinate>
</emphasis>
, 
<date box="[151,249,1267,1293]" pageId="41" pageNumber="42" value="1938-05-06">6.v.1938</date>
, ID. Lot. No. 40-2913 [1?, 
<collectionCode box="[564,649,1267,1293]" country="USA" httpUri="http://biocol.org/urn:lsid:biocol.org:col:34871" lsid="urn:lsid:biocol.org:col:34871" name="Smithsonian Institution, National Museum of Natural History" pageId="41" pageNumber="42" type="Museum">USNM</collectionCode>
: UCRCENT416897]. 
<emphasis bold="true" box="[900,1114,1266,1293]" pageId="41" pageNumber="42">
<collectingRegion box="[900,972,1267,1293]" country="United States of America" name="Texas" pageId="41" pageNumber="42">Texas</collectingRegion>
: Comal Co.
</emphasis>
, New Braunfels, Landa Pk., 
<quantity box="[151,218,1303,1329]" metricMagnitude="2" metricUnit="m" metricValue="1.92" pageId="41" pageNumber="42" unit="m" value="192.0">192m</quantity>
, 
<emphasis box="[229,368,1302,1328]" italics="true" pageId="41" pageNumber="42">
<geoCoordinate box="[229,368,1302,1328]" degrees="29" direction="north" minutes="42" orientation="latitude" pageId="41" pageNumber="42" precision="15" seconds="46" value="29.712778">29°42’46”N</geoCoordinate>
</emphasis>
, 
<emphasis box="[382,525,1302,1328]" italics="true" pageId="41" pageNumber="42">
<geoCoordinate box="[382,525,1302,1328]" degrees="98" direction="west" minutes="07" orientation="longitude" pageId="41" pageNumber="42" precision="15" seconds="56" value="-98.132225">98°07’56”W</geoCoordinate>
</emphasis>
, 
<date box="[540,664,1303,1329]" pageId="41" pageNumber="42" value="1884-03-16">16.iii.1884</date>
, T.P. &amp; L. Friedlander &amp; G. Steck [
<specimenCount box="[1062,1097,1303,1329]" pageId="41" pageNumber="42" type="female">1♀</specimenCount>
, 
<collectionCode box="[1110,1195,1303,1329]" pageId="41" pageNumber="42">TAMU</collectionCode>
: UCRCENT426728]. 
<emphasis bold="true" box="[151,392,1338,1365]" pageId="41" pageNumber="42">
<collectingRegion box="[151,214,1339,1365]" country="United States of America" name="Utah" pageId="41" pageNumber="42">Utah</collectingRegion>
: Salt Lake Co.
</emphasis>
, Salt Lake, 
<quantity box="[531,611,1339,1365]" metricMagnitude="3" metricUnit="m" metricValue="1.3599999999999999" pageId="41" pageNumber="42" unit="m" value="1360.0">1360m</quantity>
, 
<emphasis box="[623,762,1338,1364]" italics="true" pageId="41" pageNumber="42">
<geoCoordinate box="[623,762,1338,1364]" degrees="40" direction="north" minutes="46" orientation="latitude" pageId="41" pageNumber="42" precision="15" seconds="34" value="40.77611">40°46’34”N</geoCoordinate>
</emphasis>
, 
<emphasis box="[777,917,1339,1365]" italics="true" pageId="41" pageNumber="42">
<geoCoordinate box="[777,917,1339,1365]" degrees="111" direction="west" minutes="53" orientation="longitude" pageId="41" pageNumber="42" precision="15" seconds="4" value="-111.884445">111°53’4”W</geoCoordinate>
</emphasis>
, 
<date box="[932,1069,1339,1365]" pageId="41" pageNumber="42" value="1913-08-11">11.viii.1913</date>
, Timberlake, 445B [
<specimenCount box="[1301,1339,1339,1365]" pageId="41" pageNumber="42" type="female">4♀</specimenCount>
, 
<collectionCode box="[1352,1433,1339,1365]" country="USA" httpUri="http://grbio.org/cool/m2jc-wmeq" name="University of California, Riverside" pageId="41" pageNumber="42" type="University or college">UCRC</collectionCode>
: UCRCENT312252, 312266, 312267, 414301]. Salt Lake, 
<quantity box="[802,882,1375,1401]" metricMagnitude="3" metricUnit="m" metricValue="1.3599999999999999" pageId="41" pageNumber="42" unit="m" value="1360.0">1360m</quantity>
, 
<emphasis box="[893,1032,1374,1400]" italics="true" pageId="41" pageNumber="42">
<geoCoordinate box="[893,1032,1374,1400]" degrees="40" direction="north" minutes="46" orientation="latitude" pageId="41" pageNumber="42" precision="15" seconds="34" value="40.77611">40°46’34”N</geoCoordinate>
</emphasis>
, 
<emphasis box="[1046,1185,1375,1401]" italics="true" pageId="41" pageNumber="42">
<geoCoordinate box="[1046,1185,1375,1401]" degrees="111" direction="west" minutes="53" orientation="longitude" pageId="41" pageNumber="42" precision="15" seconds="4" value="-111.884445">111°53’4”W</geoCoordinate>
</emphasis>
, 
<date box="[1199,1335,1375,1401]" pageId="41" pageNumber="42" value="1913-08-11">11.viii.1913</date>
, Timberlake, 445B, host: 
<taxonomicName baseAuthorityName="Frey &amp; Boll" baseAuthorityYear="1878" box="[346,639,1411,1437]" class="Insecta" family="Gracillariidae" genus="Cameraria" kingdom="Animalia" order="Lepidoptera" pageId="41" pageNumber="42" phylum="Arthropoda" rank="species" species="macrocarpella">
<emphasis box="[346,639,1411,1437]" italics="true" pageId="41" pageNumber="42">Cameraria macrocarpella</emphasis>
</taxonomicName>
[
<specimenCount box="[654,691,1411,1437]" pageId="41" pageNumber="42" type="female">4♀</specimenCount>
, 
<collectionCode box="[703,784,1411,1437]" country="USA" httpUri="http://grbio.org/cool/m2jc-wmeq" name="University of California, Riverside" pageId="41" pageNumber="42" type="University or college">UCRC</collectionCode>
: UCRCENT312252, 312266, 312267, 414301]. Salt Lake, 
<quantity box="[151,231,1447,1473]" metricMagnitude="3" metricUnit="m" metricValue="1.3599999999999999" pageId="41" pageNumber="42" unit="m" value="1360.0">1360m</quantity>
, 
<emphasis box="[246,384,1446,1472]" italics="true" pageId="41" pageNumber="42">
<geoCoordinate box="[246,384,1446,1472]" degrees="40" direction="north" minutes="46" orientation="latitude" pageId="41" pageNumber="42" precision="15" seconds="34" value="40.77611">40°46’34”N</geoCoordinate>
</emphasis>
, 
<emphasis box="[401,541,1447,1473]" italics="true" pageId="41" pageNumber="42">
<geoCoordinate box="[401,541,1447,1473]" degrees="111" direction="west" minutes="53" orientation="longitude" pageId="41" pageNumber="42" precision="15" seconds="4" value="-111.884445">111°53’4”W</geoCoordinate>
</emphasis>
, 
<date box="[557,695,1446,1473]" pageId="41" pageNumber="42" value="1913-08-15">15.viii.1913</date>
, Timberlake, 445B [
<specimenCount box="[934,969,1447,1473]" pageId="41" pageNumber="42" type="female">1♀</specimenCount>
, 
<collectionCode box="[985,1066,1447,1473]" country="USA" httpUri="http://grbio.org/cool/m2jc-wmeq" name="University of California, Riverside" pageId="41" pageNumber="42" type="University or college">UCRC</collectionCode>
: UCRCENT312268]. Salt Lake, 
<quantity box="[151,231,1483,1509]" metricMagnitude="3" metricUnit="m" metricValue="1.3599999999999999" pageId="41" pageNumber="42" unit="m" value="1360.0">1360m</quantity>
, 
<emphasis box="[244,383,1482,1508]" italics="true" pageId="41" pageNumber="42">
<geoCoordinate box="[244,383,1482,1508]" degrees="40" direction="north" minutes="46" orientation="latitude" pageId="41" pageNumber="42" precision="15" seconds="34" value="40.77611">40°46’34”N</geoCoordinate>
</emphasis>
, 
<emphasis box="[398,538,1483,1509]" italics="true" pageId="41" pageNumber="42">
<geoCoordinate box="[398,538,1483,1509]" degrees="111" direction="west" minutes="53" orientation="longitude" pageId="41" pageNumber="42" precision="15" seconds="4" value="-111.884445">111°53’4”W</geoCoordinate>
</emphasis>
, 
<date box="[553,677,1483,1509]" pageId="41" pageNumber="42" value="1913-08-02">2.viii.1913</date>
, Timberlake, 445B [
<specimenCount box="[912,946,1483,1509]" pageId="41" pageNumber="42" type="female">1♀</specimenCount>
, 
<collectionCode box="[961,1042,1483,1509]" country="USA" httpUri="http://grbio.org/cool/m2jc-wmeq" name="University of California, Riverside" pageId="41" pageNumber="42" type="University or college">UCRC</collectionCode>
: UCRCENT414302]. 
<emphasis bold="true" pageId="41" pageNumber="42">
<collectingRegion box="[1293,1436,1482,1508]" country="United States of America" name="Washington" pageId="41" pageNumber="42">Washington</collectingRegion>
Co.
</emphasis>
, Springdale, 
<emphasis box="[340,476,1519,1545]" italics="true" pageId="41" pageNumber="42">
<geoCoordinate box="[340,476,1519,1545]" degrees="37" direction="north" minutes="11" orientation="latitude" pageId="41" pageNumber="42" precision="15" seconds="20" value="37.18889">37°11’20”N</geoCoordinate>
</emphasis>
, 
<emphasis box="[489,644,1519,1545]" italics="true" pageId="41" pageNumber="42">
<geoCoordinate box="[489,644,1519,1545]" degrees="112" direction="west" minutes="59" orientation="longitude" pageId="41" pageNumber="42" precision="15" seconds="55" value="-112.998604">112°59’55”W</geoCoordinate>
</emphasis>
, 
<date box="[658,780,1519,1545]" pageId="41" pageNumber="42" value="1970-06-14">14.vi.1970</date>
, host: 
<taxonomicName box="[851,1019,1519,1545]" class="Insecta" family="Gracillariidae" genus="Phyllonorycter" kingdom="Animalia" order="Lepidoptera" pageId="41" pageNumber="42" phylum="Arthropoda" rank="genus">
<emphasis box="[851,1019,1519,1545]" italics="true" pageId="41" pageNumber="42">Phyllonorycter</emphasis>
</taxonomicName>
sp., host plant: 
<taxonomicName box="[1192,1284,1519,1545]" class="Magnoliopsida" family="Salicaceae" genus="Populus" kingdom="Plantae" order="Malpighiales" pageId="41" pageNumber="42" phylum="Tracheophyta" rank="genus">
<emphasis box="[1192,1284,1519,1545]" italics="true" pageId="41" pageNumber="42">Populus</emphasis>
</taxonomicName>
[1♁, 
<collectionCode box="[1348,1433,1519,1545]" country="USA" httpUri="http://biocol.org/urn:lsid:biocol.org:col:34871" lsid="urn:lsid:biocol.org:col:34871" name="Smithsonian Institution, National Museum of Natural History" pageId="41" pageNumber="42" type="Museum">USNM</collectionCode>
: UCRCENT416898].
</paragraph>
</subSubSection>
</treatment>
</document>