<document ID-DOI="http://doi.org/10.5281/zenodo.4569771" ID-GBIF-Dataset="37ab0d60-c931-4718-b85a-00d5087fca50" ID-ISSN="1175-5326" ID-Zenodo-Dep="4569771" ID-ZooBank="339B8883-E0FA-4310-968B-81E7AAC76376" _generate="added" checkinTime="1610012447887" checkinUser="plazi" docAuthor="Yeshwanth, H. M., Chérot, F. &amp; Henry, T. J." docDate="2021" docId="C24787C5BF58FFFCFF74F1F16DFA66E0" docLanguage="en" docName="zootaxa.4903.2.1.pdf" docOrigin="Zootaxa 4903 (2)" docStyle="DocumentStyle:647186512141C8FC8976D5BCC54AEB7D.5:Zootaxa.2013.journal_article" docStyleId="647186512141C8FC8976D5BCC54AEB7D" docStyleName="Zootaxa.2013.journal_article" docStyleVersion="5" docTitle="Isometopus yoshizawai Yasunaga &amp; Duwal 2006" docType="treatment" docVersion="6" lastPageNumber="162" masterDocId="3E7EFFBDBF53FFF7FFE3F062697E627B" masterDocTitle="The Isometopinae (Hemiptera: Heteroptera: Miridae) of India and Sri Lanka: A Review of the Subfamily, with Descriptions of Six New Species" masterLastPageNumber="193" masterPageNumber="151" pageId="11" pageNumber="162" updateTime="1614599928961" updateUser="ExternalLinkService" zenodo-license-document="CLOSED">
<mods:mods xmlns:mods="http://www.loc.gov/mods/v3">
<mods:titleInfo>
<mods:title>The Isometopinae (Hemiptera: Heteroptera: Miridae) of India and Sri Lanka: A Review of the Subfamily, with Descriptions of Six New Species</mods:title>
</mods:titleInfo>
<mods:name type="personal">
<mods:role>
<mods:roleTerm>Author</mods:roleTerm>
</mods:role>
<mods:namePart>Yeshwanth, H. M.</mods:namePart>
<mods:nameIdentifier type="ORCID">0000-0002-5104-3401</mods:nameIdentifier>
<mods:affiliation>Department of Entomology, University of Agricultural Sciences, GKVK, Bengaluru 560 065, India.</mods:affiliation>
</mods:name>
<mods:name type="personal">
<mods:role>
<mods:roleTerm>Author</mods:roleTerm>
</mods:role>
<mods:namePart>Chérot, F.</mods:namePart>
<mods:nameIdentifier type="ORCID">0000-0001-7918-7012</mods:nameIdentifier>
<mods:affiliation>Département de l’Etude du Milieu Naturel et Agricole, Service Public de Wallonie, Gembloux, BE- 5030, Belgium. frederic. cherot @ spw. wallonie. be; https: // orcid. org / 0000 - 0001 - 7918 - 7012</mods:affiliation>
<mods:nameIdentifier type="email">frederic.cherot@spw.wallonie.be</mods:nameIdentifier>
</mods:name>
<mods:name type="personal">
<mods:role>
<mods:roleTerm>Author</mods:roleTerm>
</mods:role>
<mods:namePart>Henry, T. J.</mods:namePart>
<mods:nameIdentifier type="ORCID">0000-0002-0653-7728</mods:nameIdentifier>
<mods:affiliation>Systematic Entomology Laboratory, Agricultural Research Service, U. S. Department of Agriculture, c / o National Museum of Natural History, MRC- 168, Smithsonian Institution, Washington, DC 20013 - 7013 USA.</mods:affiliation>
</mods:name>
<mods:typeOfResource>text</mods:typeOfResource>
<mods:relatedItem type="host">
<mods:titleInfo>
<mods:title>Zootaxa</mods:title>
</mods:titleInfo>
<mods:part>
<mods:date>2021</mods:date>
<mods:detail type="pubDate">
<mods:number>2021-01-07</mods:number>
</mods:detail>
<mods:detail type="volume">
<mods:number>4903</mods:number>
</mods:detail>
<mods:detail type="issue">
<mods:number>2</mods:number>
</mods:detail>
<mods:extent unit="page">
<mods:start>151</mods:start>
<mods:end>193</mods:end>
</mods:extent>
</mods:part>
</mods:relatedItem>
<mods:classification>journal article</mods:classification>
<mods:identifier type="DOI">https://doi.org/10.11646/zootaxa.4903.2.1</mods:identifier>
<mods:identifier type="GBIF-Dataset">37ab0d60-c931-4718-b85a-00d5087fca50</mods:identifier>
<mods:identifier type="ISSN">1175-5326</mods:identifier>
<mods:identifier type="Zenodo-Dep">4422874</mods:identifier>
<mods:identifier type="ZooBank">339B8883-E0FA-4310-968B-81E7AAC76376</mods:identifier>
</mods:mods>
<treatment ID-DOI="http://doi.org/10.5281/zenodo.4569771" ID-Zenodo-Dep="4569771" LSID="urn:lsid:plazi:treatment:C24787C5BF58FFFCFF74F1F16DFA66E0" httpUri="http://treatment.plazi.org/id/C24787C5BF58FFFCFF74F1F16DFA66E0" lastPageNumber="162" pageId="11" pageNumber="162">
<subSubSection box="[151,751,402,429]" pageId="11" pageNumber="162" type="nomenclature">
<paragraph blockId="11.[151,751,402,465]" box="[151,751,402,429]" pageId="11" pageNumber="162">
<heading bold="true" box="[151,751,402,429]" fontSize="11" level="1" pageId="11" pageNumber="162" reason="1">
<taxonomicName authority="Yasunaga &amp; Duwal, 2006" authorityName="Yasunaga &amp; Duwal" authorityYear="2006" box="[151,751,402,429]" family="Miridae" genus="Isometopus" kingdom="Animalia" order="Hemiptera" pageId="11" pageNumber="162" rank="species" species="yoshizawai">
<emphasis bold="true" box="[151,751,402,429]" pageId="11" pageNumber="162">
<emphasis bold="true" box="[151,429,402,429]" italics="true" pageId="11" pageNumber="162">Isometopus yoshizawai</emphasis>
<bibRefCitation author="Yasunaga, T. &amp; Duwal, D." box="[436,751,402,429]" pageId="11" pageNumber="162" pagination="55 - 61" refId="ref20035" refString="Yasunaga, T. &amp; Duwal, D. (2006) First record of the plant bug subfamily Isometopinae (Heteroptera, Miridae) from Nepal, with description of a new genus and five new species. Biogeography, 8, 55 - 61." type="journal article" year="2006">Yasunaga &amp; Duwal, 2006</bibRefCitation>
</emphasis>
</taxonomicName>
</heading>
</paragraph>
</subSubSection>
<subSubSection box="[151,406,439,465]" pageId="11" pageNumber="162" type="description">
<paragraph blockId="11.[151,751,402,465]" box="[151,406,439,465]" pageId="11" pageNumber="162">
(
<figureCitation box="[159,256,439,465]" captionStart="FIGURES 2" captionStartId="8.[151,264,1759,1783]" captionTargetBox="[199,1412,212,1679]" captionTargetId="figure-22@8.[154,1434,179,1739]" captionTargetPageId="8" captionText="FIGURES 2. Indian Isometopinae: Isometopini. Habitus in dorsal view.A. Isometopus cuneatus (Distant, 1904). B. Isometopus mahal Distant, 1911. C. Isometopus webbi, n. sp. D. Isometopus wolskii, n. sp. E. Isometopus yoshizawai Yasunaga and Duwal, 2006. F. Paloniella feana (Distant, 1904)." figureDoi="http://doi.org/10.5281/zenodo.4422882" httpUri="https://zenodo.org/record/4422882/files/figure.png" pageId="11" pageNumber="162">Figs. 2E</figureCitation>
, 
<figureCitation box="[268,304,439,465]" captionStart="FIGURES 6" captionStartId="23.[151,264,1863,1887]" captionTargetBox="[156,1420,192,1827]" captionTargetId="figure-19@23.[151,1436,181,1840]" captionTargetPageId="23" captionText="FIGURES 6. Indian Isometopinae: Gigantometopini, Isometopini and Myiommini. Head in frontal view.A. Astroscopometopus hesaraghattaensis, n. sp. B. Nymph of Astroscopometopus hesaraghattaensis, n sp. C. Isometopus cuneatus (Distant, 1904). D. Isometopus mahal Distant, 1911. E. Isometopus webbi, n. sp. F. Isometopus wolskii, n. sp. G. Isometopus yoshizawai Yasunaga and Duwal, 2006. H. Paloniella feana (Distant, 1904). I. Paloniella parallela Yasunaga &amp; Hayashi, 2002. J. Isometopidea viraktamathi, n. sp. K. Myiomma belavadii, n. sp. L. Myiomma ramamurthyi, n sp." figureDoi="http://doi.org/10.5281/zenodo.4422892" httpUri="https://zenodo.org/record/4422892/files/figure.png" pageId="11" pageNumber="162">6G</figureCitation>
, 
<figureCitation box="[316,342,439,465]" captionStart="FIGURES 19" captionStartId="36.[151,264,1918,1942]" captionTargetBox="[151,1436,181,1894]" captionTargetId="figure-22@36.[151,1436,181,1894]" captionTargetPageId="36" captionText="FIGURES 19. Indian Isometopinae Isometopini alive. A–C. Isometopus yoshizawai Yasunaga and Duwal, 2006. D–F. Nymph (D) and adults (D, F) of Isometopus mahal Distant, 1911." figureDoi="http://doi.org/10.5281/zenodo.4422929" httpUri="https://zenodo.org/record/4422929/files/figure.png" pageId="11" pageNumber="162">19</figureCitation>
A–C)
</paragraph>
</subSubSection>
<subSubSection box="[151,1344,507,532]" pageId="11" pageNumber="162" type="reference_group">
<paragraph blockId="11.[151,1344,507,532]" box="[151,1344,507,532]" pageId="11" pageNumber="162">
<treatmentCitationGroup box="[151,1344,507,532]" pageId="11" pageNumber="162">
<taxonomicName authority="Yasunaga &amp; Duwal, 2006: 58 - 59" authorityName="Yasunaga &amp; Duwal" authorityPageNumber="58 - 59" authorityYear="2006" box="[151,728,507,532]" genus="Isometopus" kingdom="Animalia" order="Hemiptera" pageId="11" pageNumber="162" rank="species" species="yoshizawai">
<treatmentCitation author="Yasunaga, T. &amp; Duwal, D." box="[151,728,507,532]" page="59" pageId="11" pageNumber="162" year="2006">
<emphasis box="[151,386,507,531]" italics="true" pageId="11" pageNumber="162">Isometopus yoshizawai</emphasis>
<bibRefCitation author="Yasunaga, T. &amp; Duwal, D." box="[391,728,507,532]" pageId="11" pageNumber="162" pagination="55 - 61" refId="ref20035" refString="Yasunaga, T. &amp; Duwal, D. (2006) First record of the plant bug subfamily Isometopinae (Heteroptera, Miridae) from Nepal, with description of a new genus and five new species. Biogeography, 8, 55 - 61." type="journal article" year="2006">Yasunaga &amp; Duwal, 2006: 58–59</bibRefCitation>
</treatmentCitation>
</taxonomicName>
(as new species, DV); 
<bibRefCitation author="Schuh, R. T." box="[963,1084,507,531]" pageId="11" pageNumber="162" refId="ref19473" refString="Schuh, R. T. (2002 - 2013) On-line Systematic Catalogue of Plant Bugs (Insecta: Heteroptera: Miridae). Available from: http: // research. amnh. org / pbi / catalogue / (accessed 28 October 2020)" type="url" year="2002">Schuh 2002</bibRefCitation>
–2013 (online catalogue).
</treatmentCitationGroup>
</paragraph>
</subSubSection>
<subSubSection pageId="11" pageNumber="162" type="diagnosis">
<paragraph blockId="11.[151,1437,577,1180]" pageId="11" pageNumber="162">
<emphasis bold="true" box="[151,274,577,603]" pageId="11" pageNumber="162">Diagnosis.</emphasis>
Oval, length 
<quantity box="[434,525,577,604]" metricMagnitude="-3" metricUnit="m" metricValue="2.5" pageId="11" pageNumber="162" unit="mm" value="2.5">2.5 mm</quantity>
. Dorsum shiny, pale yellowish brown, bearing uniformly distributed prominent punctures. Vertex with a dark marking around ocelli; frons with 3 pairs of dark spots anteriorly. Antenna arising on the ventral margin of the head, with a black spot around the antennal fossae, sometimes extending to the ventral margin of the eyes. Antenna dark brown except for the basally pale brown segment II. Pronotum darkened medially and laterally. Mesoscutum dark brown to pale brown, with posterior lateral margins pale brown. Scutellum dark brown basally, with a V-shaped pale brown area toward apex and lateral margins. Pleura dark brown, with the ostiolar peritreme creamy yellow or white. Hemelytron with dark marks on corium and exocorium; margins and commissures of corium and clavus brown; cuneal commissure pale brown and inner margin with orange markings. Membrane fuscous or pale brown. Fore and mid femur white on basal 1/3, apical 3/4 brown; hind femur white, with medial brown markings. Detailed measurements in 
<tableCitation box="[728,812,901,927]" captionStart="TABLE 1" captionStartId="4.[151,239,872,896]" captionTargetPageId="4" captionText="TABLE 1. Measurements of Indian Isometopinae (species collected during present work)" pageId="11" pageNumber="162">Table 1</tableCitation>
.
</paragraph>
</subSubSection>
<subSubSection pageId="11" pageNumber="162" type="materials_examined">
<paragraph blockId="11.[151,1437,577,1180]" pageId="11" pageNumber="162">
<emphasis bold="true" box="[199,425,937,963]" pageId="11" pageNumber="162">Material examined</emphasis>
. 
<materialsCitation box="[438,1431,937,964]" collectingDate="2013-09-24" collectorName="Yeshwanth, H. M." country="India" location="Barapani" municipality="Ri-Bhoi" pageId="11" pageNumber="162" specimenCount="1" specimenCount-female="1" stateProvince="Meghalaya">
<collectingCountry box="[438,517,938,964]" name="India" pageId="11" pageNumber="162">INDIA</collectingCountry>
: 
<specimenCount box="[532,567,937,963]" pageId="11" pageNumber="162" type="female">1♀</specimenCount>
, 
<collectingRegion box="[580,707,937,963]" country="India" name="Meghalaya" pageId="11" pageNumber="162">Meghalaya</collectingRegion>
, 
<collectingMunicipality box="[718,811,937,963]" pageId="11" pageNumber="162">Ri-Bhoi</collectingMunicipality>
, 
<location LSID="urn:lsid:plazi:treatment:C24787C5BF58FFFCFF74F1F16DFA66E0:4F316008BF58FFFCFCD5F3CB6AE061B8" box="[822,926,937,963]" country="India" municipality="Ri-Bhoi" name="Barapani" pageId="11" pageNumber="162" stateProvince="Meghalaya">Barapani</location>
, 
<date box="[936,1072,937,963]" pageId="11" pageNumber="162" value="2013-09-24">
<collectingDate box="[936,1072,937,963]" pageId="11" pageNumber="162" value="2013-09-24">24. ix. 2013</collectingDate>
</date>
, ex: bark, 
<collectorName box="[1186,1388,937,964]" pageId="11" pageNumber="162">Yeshwanth, H. M.</collectorName>
leg
</materialsCitation>
; 
<materialsCitation box="[151,1034,973,1000]" collectingDate="2013-06-04" collectorName="Yeshwanth, H. M." country="India" location="Saiden" municipality="Ri-Bhoi" pageId="11" pageNumber="162" specimenCount="1" specimenCount-female="1" stateProvince="Meghalaya">
<specimenCount box="[151,186,973,999]" pageId="11" pageNumber="162" type="female">1♀</specimenCount>
<collectingRegion box="[196,325,973,999]" country="India" name="Meghalaya" pageId="11" pageNumber="162">Meghalaya</collectingRegion>
: 
<collectingMunicipality box="[337,430,973,999]" pageId="11" pageNumber="162">Ri-Bhoi</collectingMunicipality>
, 
<location LSID="urn:lsid:plazi:treatment:C24787C5BF58FFFCFF74F1F16DFA66E0:4F316008BF58FFFCFE5FF3AF6B75619C" box="[444,523,973,999]" country="India" municipality="Ri-Bhoi" name="Saiden" pageId="11" pageNumber="162" stateProvince="Meghalaya">Saiden</location>
, 
<date box="[537,659,973,999]" pageId="11" pageNumber="162" value="2013-06-04">
<collectingDate box="[537,659,973,999]" pageId="11" pageNumber="162" value="2013-06-04">04.vi.2013</collectingDate>
</date>
, ex: bark, 
<collectorName box="[782,981,973,1000]" pageId="11" pageNumber="162">Yeshwanth, H.M.</collectorName>
leg.
</materialsCitation>
; 
<materialsCitation collectingDate="2020-01-23" collectionCode="GKVK" collectorName="Yeshwanth, H. M." country="India" location="Bengaluru" pageId="11" pageNumber="162" specimenCount="2" specimenCount-female="2">
<specimenCount box="[1048,1083,973,999]" pageId="11" pageNumber="162" type="female">2♀</specimenCount>
<location LSID="urn:lsid:plazi:treatment:C24787C5BF58FFFCFF74F1F16DFA66E0:4F316008BF58FFFCFBA6F3AF6DC3619C" box="[1093,1213,973,999]" country="India" name="Bengaluru" pageId="11" pageNumber="162">Bengaluru</location>
, 
<collectionCode box="[1226,1310,973,999]" pageId="11" pageNumber="162">GKVK</collectionCode>
, 
<date box="[1323,1432,973,999]" pageId="11" pageNumber="162" value="2020-01-23">
<collectingDate box="[1323,1432,973,999]" pageId="11" pageNumber="162" value="2020-01-23">23.i.2020</collectingDate>
</date>
, 
<collectorName box="[151,350,1009,1036]" pageId="11" pageNumber="162">Yeshwanth, H.M.</collectorName>
leg.
</materialsCitation>
, ex: 
<taxonomicName box="[460,671,1010,1035]" class="Magnoliopsida" family="Fabaceae" genus="Pongamia" kingdom="Plantae" order="Fabales" pageId="11" pageNumber="162" phylum="Tracheophyta" rank="species" species="pinnata">
<emphasis box="[460,671,1010,1035]" italics="true" pageId="11" pageNumber="162">Pongamia pinnata</emphasis>
</taxonomicName>
bark; 
<materialsCitation collectingDate="2020-06-28" collectorName="Yeshwanth, H. M." country="India" location="Hesaraghatta" municipality="Bengaluru" pageId="11" pageNumber="162" specimenCount="2" specimenCount-female="2">
<specimenCount box="[746,791,1009,1036]" pageId="11" pageNumber="162" type="female">2 ♀</specimenCount>
, 
<collectingMunicipality box="[807,927,1009,1035]" pageId="11" pageNumber="162">Bengaluru</collectingMunicipality>
, 
<location LSID="urn:lsid:plazi:treatment:C24787C5BF58FFFCFF74F1F16DFA66E0:4F316008BF58FFFCFC4FF3936D3F6670" box="[940,1089,1009,1035]" country="India" municipality="Bengaluru" name="Hesaraghatta" pageId="11" pageNumber="162">Hesaraghatta</location>
, 
<date box="[1103,1225,1009,1035]" pageId="11" pageNumber="162" value="2020-06-28">
<collectingDate box="[1103,1225,1009,1035]" pageId="11" pageNumber="162" value="2020-06-28">28.vi.2020</collectingDate>
</date>
, 
<collectorName box="[1238,1436,1009,1036]" pageId="11" pageNumber="162">Yeshwanth, H.M.</collectorName>
leg.
</materialsCitation>
, ex: 
<taxonomicName authority="(UASB)" baseAuthorityName="UASB" box="[248,543,1045,1071]" class="Magnoliopsida" family="Moringaceae" genus="Moringa" kingdom="Plantae" order="Capparales" pageId="11" pageNumber="162" phylum="Tracheophyta" rank="species" species="oleifera">
<emphasis box="[248,440,1045,1071]" italics="true" pageId="11" pageNumber="162">Moringa oleifera</emphasis>
(UASB)
</taxonomicName>
.
</paragraph>
</subSubSection>
<subSubSection box="[199,543,1081,1108]" pageId="11" pageNumber="162" type="distribution">
<paragraph blockId="11.[151,1437,577,1180]" box="[199,543,1081,1108]" pageId="11" pageNumber="162">
<emphasis bold="true" box="[199,345,1081,1107]" pageId="11" pageNumber="162">Distribution</emphasis>
. 
<collectingCountry box="[359,417,1081,1107]" name="India" pageId="11" pageNumber="162">India</collectingCountry>
and 
<collectingCountry box="[471,538,1082,1108]" name="Japan" pageId="11" pageNumber="162">Japan</collectingCountry>
.
</paragraph>
</subSubSection>
<subSubSection pageId="11" pageNumber="162" type="biology_ecology">
<paragraph blockId="11.[151,1437,577,1180]" pageId="11" pageNumber="162">
<emphasis bold="true" box="[199,289,1117,1143]" pageId="11" pageNumber="162">Biology</emphasis>
. Nymphs and adults were collected on the bark of an unidentified tree with lichens, on 
<taxonomicName class="Magnoliopsida" family="Fabaceae" genus="Pongamia" kingdom="Plantae" order="Fabales" pageId="11" pageNumber="162" phylum="Tracheophyta" rank="species" species="pinnata">
<emphasis italics="true" pageId="11" pageNumber="162">Pongamia pinnata</emphasis>
</taxonomicName>
(L.) Pierre (
<taxonomicName box="[339,449,1153,1180]" class="Magnoliopsida" family="Fabaceae" kingdom="Plantae" order="Fabales" pageId="11" pageNumber="162" phylum="Tracheophyta" rank="family">Fabaceae</taxonomicName>
), and on 
<taxonomicName authority="Lam." authorityName="Lam." box="[551,809,1153,1180]" class="Magnoliopsida" family="Moringaceae" genus="Moringa" kingdom="Plantae" order="Capparales" pageId="11" pageNumber="162" phylum="Tracheophyta" rank="species" species="oleifera">
<emphasis box="[551,743,1153,1179]" italics="true" pageId="11" pageNumber="162">Moringa oleifera</emphasis>
Lam.
</taxonomicName>
(
<taxonomicName box="[823,973,1153,1180]" class="Magnoliopsida" family="Moringaceae" kingdom="Plantae" order="Capparales" pageId="11" pageNumber="162" phylum="Tracheophyta" rank="family">Moringaceae</taxonomicName>
) (
<figureCitation box="[995,1086,1153,1179]" captionStart="FIGURES 19" captionStartId="36.[151,264,1918,1942]" captionTargetBox="[151,1436,181,1894]" captionTargetId="figure-22@36.[151,1436,181,1894]" captionTargetPageId="36" captionText="FIGURES 19. Indian Isometopinae Isometopini alive. A–C. Isometopus yoshizawai Yasunaga and Duwal, 2006. D–F. Nymph (D) and adults (D, F) of Isometopus mahal Distant, 1911." figureDoi="http://doi.org/10.5281/zenodo.4422929" httpUri="https://zenodo.org/record/4422929/files/figure.png" pageId="11" pageNumber="162">Figs. 19</figureCitation>
A–C).
</paragraph>
</subSubSection>
</treatment>
</document>