<document ID-DOI="http://doi.org/10.5281/zenodo.4422968" ID-GBIF-Dataset="37ab0d60-c931-4718-b85a-00d5087fca50" ID-ISSN="1175-5326" ID-Zenodo-Dep="4422968" ID-ZooBank="339B8883-E0FA-4310-968B-81E7AAC76376" _generate="added" checkinTime="1610012447887" checkinUser="plazi" docAuthor="Yeshwanth, H. M., Chérot, F. &amp; Henry, T. J." docDate="2021" docId="C24787C5BF47FFE3FF74F0F56A6B61E0" docLanguage="en" docName="zootaxa.4903.2.1.pdf" docOrigin="Zootaxa 4903 (2)" docStyle="DocumentStyle:647186512141C8FC8976D5BCC54AEB7D.5:Zootaxa.2013.journal_article" docStyleId="647186512141C8FC8976D5BCC54AEB7D" docStyleName="Zootaxa.2013.journal_article" docStyleVersion="5" docTitle="Alcecoris periscopus McAtee and Malloch 1924" docType="treatment" docVersion="5" lastPageNumber="171" masterDocId="3E7EFFBDBF53FFF7FFE3F062697E627B" masterDocTitle="The Isometopinae (Hemiptera: Heteroptera: Miridae) of India and Sri Lanka: A Review of the Subfamily, with Descriptions of Six New Species" masterLastPageNumber="193" masterPageNumber="151" pageId="20" pageNumber="171" updateTime="1614599928961" updateUser="ExternalLinkService" zenodo-license-document="CLOSED">
<mods:mods xmlns:mods="http://www.loc.gov/mods/v3">
<mods:titleInfo>
<mods:title>The Isometopinae (Hemiptera: Heteroptera: Miridae) of India and Sri Lanka: A Review of the Subfamily, with Descriptions of Six New Species</mods:title>
</mods:titleInfo>
<mods:name type="personal">
<mods:role>
<mods:roleTerm>Author</mods:roleTerm>
</mods:role>
<mods:namePart>Yeshwanth, H. M.</mods:namePart>
<mods:nameIdentifier type="ORCID">0000-0002-5104-3401</mods:nameIdentifier>
<mods:affiliation>Department of Entomology, University of Agricultural Sciences, GKVK, Bengaluru 560 065, India.</mods:affiliation>
</mods:name>
<mods:name type="personal">
<mods:role>
<mods:roleTerm>Author</mods:roleTerm>
</mods:role>
<mods:namePart>Chérot, F.</mods:namePart>
<mods:nameIdentifier type="ORCID">0000-0001-7918-7012</mods:nameIdentifier>
<mods:affiliation>Département de l’Etude du Milieu Naturel et Agricole, Service Public de Wallonie, Gembloux, BE- 5030, Belgium. frederic. cherot @ spw. wallonie. be; https: // orcid. org / 0000 - 0001 - 7918 - 7012</mods:affiliation>
<mods:nameIdentifier type="email">frederic.cherot@spw.wallonie.be</mods:nameIdentifier>
</mods:name>
<mods:name type="personal">
<mods:role>
<mods:roleTerm>Author</mods:roleTerm>
</mods:role>
<mods:namePart>Henry, T. J.</mods:namePart>
<mods:nameIdentifier type="ORCID">0000-0002-0653-7728</mods:nameIdentifier>
<mods:affiliation>Systematic Entomology Laboratory, Agricultural Research Service, U. S. Department of Agriculture, c / o National Museum of Natural History, MRC- 168, Smithsonian Institution, Washington, DC 20013 - 7013 USA.</mods:affiliation>
</mods:name>
<mods:typeOfResource>text</mods:typeOfResource>
<mods:relatedItem type="host">
<mods:titleInfo>
<mods:title>Zootaxa</mods:title>
</mods:titleInfo>
<mods:part>
<mods:date>2021</mods:date>
<mods:detail type="pubDate">
<mods:number>2021-01-07</mods:number>
</mods:detail>
<mods:detail type="volume">
<mods:number>4903</mods:number>
</mods:detail>
<mods:detail type="issue">
<mods:number>2</mods:number>
</mods:detail>
<mods:extent unit="page">
<mods:start>151</mods:start>
<mods:end>193</mods:end>
</mods:extent>
</mods:part>
</mods:relatedItem>
<mods:classification>journal article</mods:classification>
<mods:identifier type="DOI">https://doi.org/10.11646/zootaxa.4903.2.1</mods:identifier>
<mods:identifier type="GBIF-Dataset">37ab0d60-c931-4718-b85a-00d5087fca50</mods:identifier>
<mods:identifier type="ISSN">1175-5326</mods:identifier>
<mods:identifier type="Zenodo-Dep">4422874</mods:identifier>
<mods:identifier type="ZooBank">339B8883-E0FA-4310-968B-81E7AAC76376</mods:identifier>
</mods:mods>
<treatment ID-DOI="http://doi.org/10.5281/zenodo.4422968" ID-Zenodo-Dep="4422968" LSID="urn:lsid:plazi:treatment:C24787C5BF47FFE3FF74F0F56A6B61E0" httpUri="http://treatment.plazi.org/id/C24787C5BF47FFE3FF74F0F56A6B61E0" lastPageNumber="171" pageId="20" pageNumber="171">
<subSubSection box="[151,743,151,178]" pageId="20" pageNumber="171" type="nomenclature">
<paragraph blockId="20.[151,743,151,214]" box="[151,743,151,178]" pageId="20" pageNumber="171">
<heading bold="true" box="[151,743,151,178]" fontSize="11" level="1" pageId="20" pageNumber="171" reason="1">
<taxonomicName authority="McAtee and Malloch, 1924" authorityName="McAtee and Malloch" authorityYear="1924" box="[151,743,151,178]" class="Insecta" family="Miridae" genus="Alcecoris" higherTaxonomySource="GBIF" kingdom="Animalia" order="Hemiptera" pageId="20" pageNumber="171" phylum="Arthropoda" rank="species" species="periscopus">
<emphasis bold="true" box="[151,743,151,178]" pageId="20" pageNumber="171">
<emphasis bold="true" box="[151,400,151,178]" italics="true" pageId="20" pageNumber="171">Alcecoris periscopus</emphasis>
<bibRefCitation author="McAtee, W. L. &amp; Malloch, J. R." box="[407,743,151,177]" pageId="20" pageNumber="171" pagination="69 - 82" refId="ref18917" refString="McAtee, W. L. &amp; Malloch, J. R. (1924) Some annectant bugs of the superfamily Cimicoideae (Heteroptera). Bulletin of the Brooklyn Entomological Society, 19, 69 - 82, 1 pl." type="journal article" year="1924">McAtee and Malloch, 1924</bibRefCitation>
</emphasis>
</taxonomicName>
</heading>
</paragraph>
</subSubSection>
<subSubSection box="[151,375,187,214]" pageId="20" pageNumber="171" type="description">
<paragraph blockId="20.[151,743,151,214]" box="[151,375,187,214]" pageId="20" pageNumber="171">
(
<figureCitation box="[159,260,187,214]" captionStart="FIGURES 5" captionStartId="22.[151,264,1925,1949]" captionTargetBox="[164,1421,196,1893]" captionTargetId="figure-22@22.[151,1436,181,1901]" captionTargetPageId="22" captionText="FIGURES 5. Indian Isometopinae: Sophianini. Habitus.A–C. cf. Alcecoris globosus Carvalho, 1951, A–B lateral view of male and female. C. Female nymph dorsal view. D. Alcecoris periscopus McAtee &amp; Malloch, 1924. E. Sophianus alces Distant, 1904." figureDoi="http://doi.org/10.5281/zenodo.4422890" httpUri="https://zenodo.org/record/4422890/files/figure.png" pageId="20" pageNumber="171">Figs. 5D</figureCitation>
, 
<figureCitation box="[271,305,187,213]" captionStart="FIGURES 7" captionStartId="24.[151,264,1912,1936]" captionTargetBox="[176,1420,233,1748]" captionTargetId="figure-22@24.[154,1434,181,1888]" captionTargetPageId="24" captionText="FIGURES 7. Indian Isometopinae: Sophianini. Head in frontal view. A. Alcecoris globosus Carvalho, 1951. Male. B. Alcecoris globosus Carvalho, 1951. Female. C. Alcecoris periscopus McAtee &amp; Malloch, 1924. Female. D. Sophianus alces Distant, 1904, male." figureDoi="http://doi.org/10.5281/zenodo.4422894" httpUri="https://zenodo.org/record/4422894/files/figure.png" pageId="20" pageNumber="171">7C</figureCitation>
, 
<figureCitation box="[318,368,187,213]" captionStart="FIGURES 22" captionStartId="39.[151,264,1918,1942]" captionTargetBox="[151,1436,181,1894]" captionTargetId="figure-19@39.[151,1436,181,1894]" captionTargetPageId="39" captionText="FIGURES 22. Indian Isometopinae alive. A–C. Alcecoris globosus Carvalho 1951. A. Nymph female. B. Female. C. Male. D. Alcecoris periscopus McAtee &amp; Malloch, 1924, female." figureDoi="http://doi.org/10.5281/zenodo.4422937" httpUri="https://zenodo.org/record/4422937/files/figure.png" pageId="20" pageNumber="171">22D</figureCitation>
)
</paragraph>
</subSubSection>
<subSubSection pageId="20" pageNumber="171" type="reference_group">
<paragraph blockId="20.[151,1436,255,310]" pageId="20" pageNumber="171">
<treatmentCitationGroup pageId="20" pageNumber="171">
<taxonomicName authority="McAtee and Malloch, 1924: 81" authorityName="McAtee and Malloch" authorityPageNumber="81" authorityYear="1924" box="[151,700,256,280]" class="Insecta" family="Miridae" genus="Alcecoris" higherTaxonomySource="GBIF" kingdom="Animalia" order="Hemiptera" pageId="20" pageNumber="171" phylum="Arthropoda" rank="species" species="periscopus">
<treatmentCitation author="McAtee, W. L. &amp; Malloch, J. R." box="[151,700,256,280]" page="81" pageId="20" pageNumber="171" year="1924">
<emphasis box="[151,366,256,280]" italics="true" pageId="20" pageNumber="171">Alcecoris periscopus</emphasis>
<bibRefCitation author="McAtee, W. L. &amp; Malloch, J. R." box="[374,700,256,280]" pageId="20" pageNumber="171" pagination="69 - 82" refId="ref18917" refString="McAtee, W. L. &amp; Malloch, J. R. (1924) Some annectant bugs of the superfamily Cimicoideae (Heteroptera). Bulletin of the Brooklyn Entomological Society, 19, 69 - 82, 1 pl." type="journal article" year="1924">McAtee and Malloch, 1924: 81</bibRefCitation>
</treatmentCitation>
</taxonomicName>
(as new species); Schuh 1995: 5 (catalogue), 2002–2013 (online catalogue).
</treatmentCitationGroup>
</paragraph>
</subSubSection>
<subSubSection pageId="20" pageNumber="171" type="diagnosis">
<paragraph blockId="20.[151,1437,356,923]" pageId="20" pageNumber="171">
<emphasis bold="true" box="[151,266,356,382]" pageId="20" pageNumber="171">Diagnosis</emphasis>
. Small species, length 
<quantity box="[527,617,356,383]" metricMagnitude="-3" metricUnit="m" metricValue="2.5" pageId="20" pageNumber="171" unit="mm" value="2.5">2.5 mm</quantity>
. Head, antennae and pronotum reddish brown. Mesoscutum dark brown. Scutellum basally orange brown with apex white. Corium with a brown patch above middle of clavus, another near the apex of the costa, and a large orange-brown spot near inner angle; cuneus black, basally with small white spots; membrane fuscous. Legs orange brown, femora basally white. Head vertical, rounded, with triangular projections laterally below the eyes. Segment I of antenna with two stout triangular spines dorsally and ventrally, both spines triangular and apically pointed. Eyes rounded. Pronotum slightly raised above hemelytra, shiny, smooth, lateral margins convex, anterolateral angles flat, posterior margin rounded, anterior part with a prominent neck. Mesoscutum exposed, sloping; scutellum finely punctuate with apex pointed. Hemelytra strongly punctuate, with short bristle-like setae arising from punctures; cuneal fracture indistinct; membrane with a single large cell. Legs with all femur cylindrical, tibiae elongate, and tarsi two segmented, with second segment longest. Detailed measurements in 
<tableCitation box="[179,263,716,743]" captionStart="TABLE 1" captionStartId="4.[151,239,872,896]" captionTargetPageId="4" captionText="TABLE 1. Measurements of Indian Isometopinae (species collected during present work)" pageId="20" pageNumber="171">Table 1</tableCitation>
.
</paragraph>
</subSubSection>
<subSubSection pageId="20" pageNumber="171" type="materials_examined">
<paragraph blockId="20.[151,1437,356,923]" pageId="20" pageNumber="171">
<emphasis bold="true" box="[199,425,752,778]" pageId="20" pageNumber="171">Material examined</emphasis>
. 
<materialsCitation collectingDate="2013-09-24" collectionCode="ICAR, RCNEH" collectorName="Yeshwanth H. M." country="India" elevation="1031" latitude="25.683332" location="Barapani" longLatPrecision="1245" longitude="91.916664" municipality="Ri-Bhoi" pageId="20" pageNumber="171" specimenCount="1" specimenCount-female="1" stateProvince="Meghalaya">
<collectingCountry box="[439,518,753,779]" name="India" pageId="20" pageNumber="171">INDIA</collectingCountry>
: 
<specimenCount box="[533,568,753,779]" pageId="20" pageNumber="171" type="female">1♀</specimenCount>
, 
<collectingRegion box="[582,710,752,778]" country="India" name="Meghalaya" pageId="20" pageNumber="171">Meghalaya</collectingRegion>
; 
<collectingMunicipality box="[721,814,752,778]" pageId="20" pageNumber="171">Ri-Bhoi</collectingMunicipality>
, 
<collectionCode box="[825,895,753,779]" pageId="20" pageNumber="171">ICAR</collectionCode>
, 
<collectionCode box="[906,1004,753,779]" pageId="20" pageNumber="171">RCNEH</collectionCode>
, 
<location LSID="urn:lsid:plazi:treatment:C24787C5BF47FFE3FF74F0F56A6B61E0:4F316008BF47FFE3FC15F2926D206171" box="[1014,1118,752,778]" country="India" latitude="25.683332" longLatPrecision="1245" longitude="91.916664" municipality="Ri-Bhoi" name="Barapani" pageId="20" pageNumber="171" stateProvince="Meghalaya">Barapani</location>
, 
<quantity box="[1129,1210,753,779]" metricMagnitude="3" metricUnit="m" metricValue="1.031" pageId="20" pageNumber="171" unit="m" value="1031.0">
<elevation box="[1129,1210,753,779]" metricMagnitude="3" metricUnit="m" metricValue="1.031" pageId="20" pageNumber="171" unit="m" value="1031.0">1031m</elevation>
</quantity>
, 
<geoCoordinate box="[1221,1322,752,779]" degrees="25" direction="north" minutes="41" orientation="latitude" pageId="20" pageNumber="171" precision="925" value="25.683332">
25 
<superScript attach="left" box="[1249,1256,752,766]" fontSize="6" pageId="20" pageNumber="171">°</superScript>
41’N
</geoCoordinate>
, 
<geoCoordinate box="[1333,1431,752,779]" degrees="91" direction="east" minutes="55" orientation="longitude" pageId="20" pageNumber="171" precision="925" value="91.916664">
91 
<superScript attach="left" box="[1361,1368,752,766]" fontSize="6" pageId="20" pageNumber="171">°</superScript>
55’E
</geoCoordinate>
, 
<date box="[151,273,788,814]" pageId="20" pageNumber="171" value="2013-09-24">
<collectingDate box="[151,273,788,814]" pageId="20" pageNumber="171" value="2013-09-24">24.ix.2013</collectingDate>
</date>
, 
<collectorName box="[284,473,788,815]" pageId="20" pageNumber="171">Yeshwanth H.M.</collectorName>
leg., ex: tree bark with lichens
</materialsCitation>
.
</paragraph>
</subSubSection>
<subSubSection box="[199,874,824,851]" pageId="20" pageNumber="171" type="distribution">
<paragraph blockId="20.[151,1437,356,923]" box="[199,874,824,851]" pageId="20" pageNumber="171">
<emphasis bold="true" box="[199,345,824,850]" pageId="20" pageNumber="171">Distribution</emphasis>
. 
<collectingCountry box="[359,421,824,850]" name="India" pageId="20" pageNumber="171">India</collectingCountry>
: 
<collectingRegion box="[432,556,824,850]" country="India" name="Meghalaya" pageId="20" pageNumber="171">Meghalaya</collectingRegion>
(north 
<collectingCountry box="[639,698,824,851]" name="India" pageId="20" pageNumber="171">India</collectingCountry>
) and 
<collectingCountry box="[760,874,824,850]" name="Singapore" pageId="20" pageNumber="171">Singapore</collectingCountry>
</paragraph>
</subSubSection>
<subSubSection box="[199,1105,860,887]" pageId="20" pageNumber="171" type="discussion">
<paragraph blockId="20.[151,1437,356,923]" box="[199,1105,860,887]" pageId="20" pageNumber="171">
<emphasis bold="true" box="[199,308,861,887]" pageId="20" pageNumber="171">Remarks</emphasis>
. This is a new country record. Previously known only from 
<collectingCountry box="[983,1100,860,886]" name="Singapore" pageId="20" pageNumber="171">Singapore</collectingCountry>
.
</paragraph>
</subSubSection>
<subSubSection box="[199,789,896,923]" pageId="20" pageNumber="171" type="biology_ecology">
<paragraph blockId="20.[151,1437,356,923]" box="[199,789,896,923]" pageId="20" pageNumber="171">
<emphasis bold="true" box="[199,289,896,922]" pageId="20" pageNumber="171">Biology</emphasis>
. Collected on bark with lichens and mosses.
</paragraph>
</subSubSection>
</treatment>
</document>