<document ID-DOI="http://doi.org/10.5281/zenodo.4685801" ID-GBIF-Dataset="9df2f318-f536-45e4-9d05-6622b96e9e25" ID-ISSN="1175-5326" ID-Zenodo-Dep="4685801" ID-ZooBank="F744B4F8-100D-44BE-AB23-C3662E08F324" _generate="added" checkinTime="1617875445080" checkinUser="plazi" docAuthor="Uluar, Onur, Yahyaoğlu, Özgül &amp; Çiplak, Battal" docDate="2021" docId="D03F87E4D11D5054FF42DAF74890AE64" docLanguage="en" docName="zootaxa.4952.1.9.pdf" docOrigin="Zootaxa 4952 (1)" docStyle="DocumentStyle:647186512141C8FC8976D5BCC54AEB7D.6:Zootaxa.2013.journal_article" docStyleId="647186512141C8FC8976D5BCC54AEB7D" docStyleName="Zootaxa.2013.journal_article" docStyleVersion="6" docTitle="Uvarovistia zebra" docType="treatment" docVersion="6" lastPageId="6" lastPageNumber="157" masterDocId="2C06FF9CD1185052FFD5DF594C5AAC59" masterDocTitle="Review of Uvarovistia (Orthoptera: Tettigoniidae; Tettigoniinae): genetic data indicate a new cryptic species, Uvarovistia munzurensis sp. n." masterLastPageNumber="168" masterPageNumber="152" pageId="5" pageNumber="157" updateTime="1618349566220" updateUser="ExternalLinkService" zenodo-license-document="CLOSED">
<mods:mods xmlns:mods="http://www.loc.gov/mods/v3">
<mods:titleInfo>
<mods:title>Review of Uvarovistia (Orthoptera: Tettigoniidae; Tettigoniinae): genetic data indicate a new cryptic species, Uvarovistia munzurensis sp. n.</mods:title>
</mods:titleInfo>
<mods:name type="personal">
<mods:role>
<mods:roleTerm>Author</mods:roleTerm>
</mods:role>
<mods:namePart>Uluar, Onur</mods:namePart>
<mods:nameIdentifier type="ORCID">0000-0002-5039-8024</mods:nameIdentifier>
<mods:affiliation>onuruluar @ gmail. com; https: // orcid. org / 0000 - 0002 - 5039 - 8024</mods:affiliation>
<mods:nameIdentifier type="email">onuruluar@gmail.com</mods:nameIdentifier>
</mods:name>
<mods:name type="personal">
<mods:role>
<mods:roleTerm>Author</mods:roleTerm>
</mods:role>
<mods:namePart>Yahyaoğlu, Özgül</mods:namePart>
<mods:nameIdentifier type="ORCID">0000-0001-7965-7117</mods:nameIdentifier>
<mods:affiliation>ozgulyahyaoglu @ gmail. com; https: // orcid. org / 0000 - 0001 - 7965 - 7117</mods:affiliation>
<mods:nameIdentifier type="email">ozgulyahyaoglu@gmail.com</mods:nameIdentifier>
</mods:name>
<mods:name type="personal">
<mods:role>
<mods:roleTerm>Author</mods:roleTerm>
</mods:role>
<mods:namePart>Çiplak, Battal</mods:namePart>
</mods:name>
<mods:typeOfResource>text</mods:typeOfResource>
<mods:relatedItem type="host">
<mods:titleInfo>
<mods:title>Zootaxa</mods:title>
</mods:titleInfo>
<mods:part>
<mods:date>2021</mods:date>
<mods:detail type="pubDate">
<mods:number>2021-04-08</mods:number>
</mods:detail>
<mods:detail type="volume">
<mods:number>4952</mods:number>
</mods:detail>
<mods:detail type="issue">
<mods:number>1</mods:number>
</mods:detail>
<mods:extent unit="page">
<mods:start>152</mods:start>
<mods:end>168</mods:end>
</mods:extent>
</mods:part>
</mods:relatedItem>
<mods:classification>journal article</mods:classification>
<mods:identifier type="DOI">https://doi.org/10.11646/zootaxa.4952.1.9</mods:identifier>
<mods:identifier type="GBIF-Dataset">9df2f318-f536-45e4-9d05-6622b96e9e25</mods:identifier>
<mods:identifier type="ISSN">1175-5326</mods:identifier>
<mods:identifier type="Zenodo-Dep">4671957</mods:identifier>
<mods:identifier type="ZooBank">F744B4F8-100D-44BE-AB23-C3662E08F324</mods:identifier>
</mods:mods>
<treatment ID-DOI="http://doi.org/10.5281/zenodo.4685801" ID-Zenodo-Dep="4685801" LSID="urn:lsid:plazi:treatment:D03F87E4D11D5054FF42DAF74890AE64" httpUri="http://treatment.plazi.org/id/D03F87E4D11D5054FF42DAF74890AE64" lastPageId="6" lastPageNumber="157" pageId="5" pageNumber="157">
<subSubSection box="[151,553,1454,1481]" pageId="5" pageNumber="157" type="nomenclature">
<paragraph blockId="5.[151,553,1454,1481]" box="[151,553,1454,1481]" pageId="5" pageNumber="157">
<heading bold="true" box="[151,553,1454,1481]" fontSize="11" level="1" pageId="5" pageNumber="157" reason="1">
<taxonomicName authority="(Uvarov, 1916)" baseAuthorityName="Uvarov" baseAuthorityYear="1916" box="[151,553,1454,1481]" class="Insecta" family="Tettigoniidae" genus="Uvarovistia" kingdom="Animalia" order="Orthoptera" pageId="5" pageNumber="157" phylum="Arthropoda" rank="species" species="zebra">
<emphasis bold="true" box="[151,553,1454,1481]" pageId="5" pageNumber="157">
<emphasis bold="true" box="[151,362,1454,1481]" italics="true" pageId="5" pageNumber="157">Uvarovistia zebra</emphasis>
(Uvarov, 1916)
</emphasis>
</taxonomicName>
</heading>
</paragraph>
</subSubSection>
<subSubSection pageId="5" pageNumber="157" type="reference_group">
<paragraph blockId="5.[151,777,1523,1584]" pageId="5" pageNumber="157">
<treatmentCitationGroup pageId="5" pageNumber="157">
<treatmentCitation author="Uvarov, B. P." box="[151,545,1523,1547]" page="10" pageId="5" pageNumber="157" year="1916">
<taxonomicName authority="Uvarov, 1916 a: 10" authorityName="Uvarov" authorityPageNumber="10" authorityYear="1916" box="[151,545,1523,1547]" genus="Olynthoscelis" kingdom="Animalia" pageId="5" pageNumber="157" rank="species" species="zebra">
<emphasis box="[151,351,1523,1547]" italics="true" pageId="5" pageNumber="157">Olynthoscelis zebra</emphasis>
<bibRefCitation author="Uvarov, B. P." box="[358,545,1523,1547]" pageId="5" pageNumber="157" pagination="45 - 53" refId="ref12940" refString="Uvarov, B. P. (1916 a) Orthoptera caucasica nova a cl. Dom. K. A. Satunin lecta. Izvestiya Kavkazskogo Muzeya, 10, 45 - 53." type="journal article" year="1916">Uvarov, 1916a: 10</bibRefCitation>
</taxonomicName>
</treatmentCitation>
(
<figureCitation box="[166,273,1557,1583]" captionStart="FIGURE 1" captionStartId="7.[151,250,1274,1298]" captionTargetBox="[159,1428,190,1245]" captionTargetId="figure-23@7.[151,1436,181,1250]" captionTargetPageId="7" captionText="FIGURE 1. The networks of four single gene markers (a-COI, b—NAD2, c-VAL and d-ITS) prepared using the haplotypes determined in three species of Uvarovistia as U. zebra (Uz), U. satunini (Us), U. munzurensis sp. n.(Um) (the number along the species abbreviations indicates to the unique haplotype determined in the species; dashed lines indicate to phylogroups obtained by ML and BI phylogenetic analyses (posterior probality/bootstrap support from each are indicated; the number of mutation between haplogroups and haplotypes are indicated by numbers (for&gt;2) or by line(s) (for ≤ 2)." figureDoi="http://doi.org/10.5281/zenodo.4671959" httpUri="https://zenodo.org/record/4671959/files/figure.png" pageId="5" pageNumber="157">Figures 1</figureCitation>
, 
<figureCitation box="[287,303,1557,1583]" captionStart="FIGURE 2" captionStartId="8.[151,250,1384,1408]" captionTargetBox="[162,1428,391,1351]" captionTargetId="figure-129@8.[151,1436,381,1361]" captionTargetPageId="8" captionText="FIGURE 2. Phylogenetic tree, chronogram and taxonomic pattern obtained from the matrix constituted by concatenation of COI+NAD2+VAL sequences. The bootstrap (ML)/ posterior probability (BI) supports to the node are given above the node and the time to most recent common ancestor (TMRCA) and the 95% HPD as million years below the node. The results from species delimitation test indicated by a single bar line as all support the same species pattern. Supports to each scenario proposed in BPP species delimitation test shown in dashed box." figureDoi="http://doi.org/10.5281/zenodo.4671961" httpUri="https://zenodo.org/record/4671961/files/figure.png" pageId="5" pageNumber="157">2</figureCitation>
, 
<figureCitation box="[315,330,1557,1583]" captionStart="FIGURES 3-5" captionStartId="9.[151,264,1217,1241]" captionTargetBox="[304,1285,383,1187]" captionTargetId="figure-102@9.[297,1291,381,1193]" captionTargetPageId="9" captionText="FIGURES 3-5. General habitus in Uvarovistia. 3—U. zebra, 4—U. satunini, 5—U. munzurensis sp.n. (for U. bakhtiara and U. iraka see photos in OSF2, Cigliano et al. (2020))" figureDoi="http://doi.org/10.5281/zenodo.4671963" httpUri="https://zenodo.org/record/4671963/files/figure.png" pageId="5" pageNumber="157">3</figureCitation>
, 
<figureCitation box="[343,359,1557,1583]" captionStart="FIGURES 6–8" captionStartId="10.[151,264,1629,1653]" captionTargetBox="[246,1338,273,1594]" captionTargetId="figure-68@10.[242,1345,273,1606]" captionTargetPageId="10" captionText="FIGURES 6–8. Head, pronotum and tegmina from above (A) and profile (B) in Uvarovistia. 6—U. zebra, 7—U. satunini, 8—U. munzurensis sp.n. (for U. bakhtiara and U. iraka see photos in OSF2, Cigliano et al. (2020))" figureDoi="http://doi.org/10.5281/zenodo.4671965" httpUri="https://zenodo.org/record/4671965/files/figure.png" pageId="5" pageNumber="157">6</figureCitation>
, 
<figureCitation box="[371,514,1557,1583]" captionStart="FIGURES 9–12" captionStartId="10.[151,264,1701,1725]" captionTargetBox="[246,1338,273,1594]" captionTargetId="figure-68@10.[242,1345,273,1606]" captionText="FIGURES 9–12. Male anal tergum in Uvarovistia. 9—U. zebra, 10—U. satunini, 11—U. munzurensis sp.n., 12-U. iraka (Figure 12 from Uvarov, 1934) FIGURES 13–17. Male cerci in Uvarovistia. 13—U. zebra, 14—U. satunini, 15—U. munzurensis sp.n., 16—U. bakhtiara, 17- U. iraka (Figures 16 and 17 from Uvarov, 1934) FIGURES 18–21. Male subgenital plate in Uvarovistia. 18—U. zebra, 19—U. satunini, 20—U. munzurensis sp.n., 21—U. bakhtiara (Figure 21 from modified from the photos in OSF2, Cigliano et al. (2020)) FIGURES 22–24. Titillators (dorsal and lateral view) in Uvarovistia. 22—U. zebra, 23—U. satunini, 24—U. munzurensis sp.n. (for U. bakhtiara see Ünal, 2012)" figureDoi="http://doi.org/10.5281/zenodo.4685934" httpUri="https://zenodo.org/record/4685934/files/figure.png" pageId="5" pageNumber="157">9, 13, 18, 22</figureCitation>
, 25, 
<figureCitation box="[567,597,1557,1583]" captionStart="FIGURES 30–33" captionStartId="11.[151,264,1396,1420]" captionTargetBox="[362,1228,598,1295]" captionTargetId="figure-136@11.[357,1229,592,1301]" captionText="FIGURES 30–33. Ovipositor in Uvarovistia. 30—U. zebra, 31—U. satunini, 32—U. munzurensis sp.n., 33—(for U. bakhtiara and U. iraka see the photos in OSF2, Cigliano et al. (2020))" figureDoi="http://doi.org/10.5281/zenodo.4685938" httpUri="https://zenodo.org/record/4685938/files/figure.png" pageId="5" pageNumber="157">30</figureCitation>
, 34; 
<tableCitation box="[651,767,1557,1584]" captionStart-0="TABLE 1" captionStart-1="TABLE 2" captionStart-2="TABLE 3" captionStart-3="TABLE 4" captionStart-4="TABLE 5" captionStartId-0="4.[151,239,404,428]" captionStartId-1="4.[151,239,1426,1450]" captionStartId-2="6.[151,239,620,644]" captionStartId-3="6.[151,239,1409,1433]" captionStartId-4="12.[151,239,903,927]" captionTargetBox-0="[163,1422,444,1377]" captionTargetPageId-1="4" captionTargetPageId-2="6" captionTargetPageId-3="6" captionTargetPageId-4="12" captionText-0="TABLE 1. Sequence accession numbers per marker, population and species." captionText-1="TABLE 2. Features of the sequences and matrices used in in the study." captionText-2="TABLE 3. The pairwise distance and F ST values calculated using mitochondrial sequences of COI, NAD2 and VAL for four populations examined (P1—Şɪrnak, P2—Bitlis, P3—Van and P4—Tunceli; *p&gt;0.05 in second panel of the table, not significant)." captionText-3="TABLE 4. Uncorrelated 12 bioclimatic variables their VIF scores." captionText-4="TABLE 5. Measurements for species of Uvarovistia." pageId="5" pageNumber="157">Tables 1-5</tableCitation>
)
</treatmentCitationGroup>
</paragraph>
</subSubSection>
<subSubSection lastPageId="6" lastPageNumber="158" pageId="5" pageNumber="157" type="discussion">
<paragraph blockId="5.[151,1436,1629,2016]" pageId="5" pageNumber="157">
<emphasis box="[151,249,1629,1655]" italics="true" pageId="5" pageNumber="157">Remarks</emphasis>
: For description see 
<bibRefCitation author="Uvarov, B. P." box="[485,657,1629,1656]" pageId="5" pageNumber="157" pagination="45 - 53" refId="ref12940" refString="Uvarov, B. P. (1916 a) Orthoptera caucasica nova a cl. Dom. K. A. Satunin lecta. Izvestiya Kavkazskogo Muzeya, 10, 45 - 53." type="journal article" year="1916">Uvarov (1916a</bibRefCitation>
, 
<bibRefCitation author="Uvarov, B. P." box="[669,726,1629,1655]" pageId="5" pageNumber="157" pagination="21 - 119" refId="ref13022" refString="Uvarov, B. P. (1934) Studies in the Orthoptera of Turkey, Iraq and Syria. Eos, Revista Espanola de Entomologia, 10, 21 - 119." type="journal article" year="1934">1934</bibRefCitation>
) and 
<bibRefCitation author="Unal, M." box="[789,926,1629,1658]" pageId="5" pageNumber="157" pagination="21 - 54" refId="ref13055" refString="Unal, M. (2012) Tettigoniidae (Orthoptera) from Turkey and the Middle East II. Transactions of the American Entomological Society, 138 (1 - 4), 21 - 54. https: // doi. org / 10.3157 / 061.138.0104" type="journal article" year="2012">Ünal (2012)</bibRefCitation>
in addition to data presented in this study. 
<taxonomicName authorityName="Uvarov" authorityYear="1916" genus="Olynthoscelis" kingdom="Animalia" pageId="5" pageNumber="157" rank="species" species="zebra">
<emphasis italics="true" pageId="5" pageNumber="157">U. zebra</emphasis>
</taxonomicName>
can be well distinguished from other four species of the genus by long process of male anal tergum, strong and basal-ward located long tooth of male cerci, female subgenital plate with tapered lobes. Since morphological and also genetic differences between this and other two species, 
<taxonomicName baseAuthorityName="Uvarov" baseAuthorityYear="1916" box="[871,995,1738,1763]" class="Insecta" family="Tettigoniidae" genus="Uvarovistia" kingdom="Animalia" order="Orthoptera" pageId="5" pageNumber="157" phylum="Arthropoda" rank="species" species="satunini">
<emphasis box="[871,995,1738,1763]" italics="true" pageId="5" pageNumber="157">U. satunini</emphasis>
</taxonomicName>
and 
<emphasis box="[1049,1229,1738,1763]" italics="true" pageId="5" pageNumber="157">
<taxonomicName authorityName="Uluar &amp; Yahyaoğlu &amp; Çiplak" authorityYear="2021" box="[1049,1225,1738,1763]" class="Insecta" family="Tettigoniidae" genus="Uvarovistia" kingdom="Animalia" order="Orthoptera" pageId="5" pageNumber="157" phylum="Arthropoda" rank="species" species="munzurensis">U. munzurensis</taxonomicName>
,
</emphasis>
are great, we considered this species in a separate species group, the 
<emphasis bold="true" box="[730,884,1773,1800]" pageId="5" pageNumber="157">
<emphasis bold="true" box="[730,798,1773,1800]" italics="true" pageId="5" pageNumber="157">Zebra</emphasis>
Group
</emphasis>
. For further evaluations see discussion below.
</paragraph>
<paragraph blockId="5.[151,1436,1629,2016]" pageId="5" pageNumber="157">
<emphasis box="[199,420,1809,1835]" italics="true" pageId="5" pageNumber="157">Material examined:</emphasis>
<materialsCitation collectingDate="1978-07-22" collectionCode="AUZM" collectorName="S. Salman" country="Turkey" elevation="1250" location="Derecik" municipality="Semdinli" pageId="5" pageNumber="157" specimenCount="1" specimenCount-female="1" stateProvince="Hakkari">
<collectingCountry box="[425,539,1809,1835]" name="Turkey" pageId="5" pageNumber="157">TURKEY</collectingCountry>
— 
<collectingRegion box="[568,660,1809,1835]" country="Turkey" name="Hakkari" pageId="5" pageNumber="157">Hakkari</collectingRegion>
, road from 
<collectingMunicipality box="[785,886,1809,1835]" pageId="5" pageNumber="157">Şemdinli</collectingMunicipality>
to 
<location LSID="urn:lsid:plazi:treatment:D03F87E4D11D5054FF42DAF74890AE64:5D496029D11D5057FC4DD8484FABAB72" box="[920,1009,1809,1835]" country="Turkey" municipality="Semdinli" name="Derecik" pageId="5" pageNumber="157" stateProvince="Hakkari">Derecik</location>
6th km, 
<quantity box="[1105,1191,1809,1836]" metricMagnitude="3" metricUnit="m" metricValue="1.25" pageId="5" pageNumber="157" unit="m" value="1250.0">
<elevation box="[1105,1191,1809,1836]" metricMagnitude="3" metricUnit="m" metricValue="1.25" pageId="5" pageNumber="157" unit="m" value="1250.0">1250 m</elevation>
</quantity>
, 
<date box="[1201,1330,1809,1835]" pageId="5" pageNumber="157" value="1978-07-22">
<collectingDate box="[1201,1330,1809,1835]" pageId="5" pageNumber="157" value="1978-07-22">22.07.1978</collectingDate>
</date>
, 
<specimenCount box="[1340,1436,1809,1835]" pageId="5" pageNumber="157" type="female">1 female</specimenCount>
(leg. 
<collectorName box="[210,328,1845,1872]" pageId="5" pageNumber="157">S. Salman</collectorName>
) (
<collectionCode box="[352,441,1845,1871]" pageId="5" pageNumber="157">AUZM</collectionCode>
)
</materialsCitation>
; 
<materialsCitation box="[461,1432,1845,1872]" collectingDate="1976-07-18" collectionCode="AUZM" collectorName="S. Salman" country="Turkey" location="Guzelkonak" municipality="Semdinli" pageId="5" pageNumber="157" specimenCount="1" specimenCount-male="1" stateProvince="Hakkari">
<collectingRegion box="[461,554,1845,1871]" country="Turkey" name="Hakkari" pageId="5" pageNumber="157">Hakkari</collectingRegion>
, 
<collectingMunicipality box="[567,671,1845,1871]" pageId="5" pageNumber="157">Şemdinli</collectingMunicipality>
, 
<location LSID="urn:lsid:plazi:treatment:D03F87E4D11D5054FF42DAF74890AE64:5D496029D11D5057FD79D86C4F69AB16" box="[684,819,1845,1871]" country="Turkey" municipality="Semdinli" name="Guzelkonak" pageId="5" pageNumber="157" stateProvince="Hakkari">Güzelkonak</location>
köyü, 
<date box="[900,1029,1845,1871]" pageId="5" pageNumber="157" value="1976-07-18">
<collectingDate box="[900,1029,1845,1871]" pageId="5" pageNumber="157" value="1976-07-18">18.07.1976</collectingDate>
</date>
, 
<specimenCount box="[1042,1119,1845,1871]" pageId="5" pageNumber="157" type="male">1 male</specimenCount>
(leg. 
<collectorName box="[1187,1306,1845,1872]" pageId="5" pageNumber="157">S. Salman</collectorName>
), (
<collectionCode box="[1335,1424,1845,1871]" pageId="5" pageNumber="157">AUZM</collectionCode>
)
</materialsCitation>
; 
<materialsCitation collectingDate="2009-11-07" collectionCode="AUZM" collectorName="E. M. Korkmaz" country="Turkey" elevation="1402" location="Oymakaya Koyu" municipality="Beytusebap" pageId="5" pageNumber="157" specimenCount="8" specimenCount-female="6" specimenCount-male="2" stateProvince="Hakkari">
<collectingRegion box="[151,244,1881,1907]" country="Turkey" name="Hakkari" pageId="5" pageNumber="157">Hakkari</collectingRegion>
, 
<collectingMunicipality box="[256,390,1881,1907]" pageId="5" pageNumber="157">Beytüşebap</collectingMunicipality>
, 
<location LSID="urn:lsid:plazi:treatment:D03F87E4D11D5054FF42DAF74890AE64:5D496029D11D5057FE44D8004E09AB2D" box="[401,595,1881,1908]" country="Turkey" municipality="Beytusebap" name="Oymakaya Koyu" pageId="5" pageNumber="157" stateProvince="Hakkari">Oymakaya Köyü</location>
, 
<quantity box="[606,694,1881,1908]" metricMagnitude="3" metricUnit="m" metricValue="1.402" pageId="5" pageNumber="157" unit="m" value="1402.0">
<elevation box="[606,694,1881,1908]" metricMagnitude="3" metricUnit="m" metricValue="1.402" pageId="5" pageNumber="157" unit="m" value="1402.0">1402 m</elevation>
</quantity>
, N: 37 42 730, E: 43 30 089, 
<date box="[1029,1157,1881,1907]" pageId="5" pageNumber="157" value="2009-11-07">
<collectingDate box="[1029,1157,1881,1907]" pageId="5" pageNumber="157" value="2009-11-07">11.07.2009</collectingDate>
</date>
, 
<specimenCount box="[1168,1258,1881,1907]" pageId="5" pageNumber="157" type="male">2 males</specimenCount>
, 
<specimenCount box="[1270,1378,1881,1907]" pageId="5" pageNumber="157" type="female">6 females</specimenCount>
(leg. 
<collectorName box="[151,320,1917,1944]" pageId="5" pageNumber="157">E.M. Korkmaz</collectorName>
) (in alcohol) (
<collectionCode box="[479,568,1917,1943]" pageId="5" pageNumber="157">AUZM</collectionCode>
)
</materialsCitation>
.
</paragraph>
<paragraph blockId="5.[151,1436,1629,2016]" lastBlockId="6.[151,1437,150,574]" lastPageId="6" lastPageNumber="158" pageId="5" pageNumber="157">
<emphasis box="[199,583,1953,1979]" italics="true" pageId="5" pageNumber="157">Type information and distribution:</emphasis>
IRAK-KURDISTAN 
<emphasis box="[823,848,1954,1979]" italics="true" pageId="5" pageNumber="157">—</emphasis>
Balkcha, 
<date box="[950,1046,1953,1979]" pageId="5" pageNumber="157" value="1914-07-09">9.7.1914</date>
and Zengizer, 
<date box="[1205,1316,1953,1979]" pageId="5" pageNumber="157" value="1914-12-07">12.7.1914</date>
, 
<specimenCount box="[1327,1413,1953,1979]" pageId="5" pageNumber="157" type="male">2 males</specimenCount>
, 
<specimenCount pageId="5" pageNumber="157" type="female">3 females</specimenCount>
(
<typeStatus box="[250,349,1989,2015]" pageId="5" pageNumber="157">syntypes</typeStatus>
) (leg. P. Nesterov) (Museo Caucase, Tbilisi) 
<emphasis bold="true" box="[835,1015,1989,2015]" pageId="5" pageNumber="157">
(
<bibRefCitation author="Uvarov, B. P." box="[843,1007,1989,2015]" pageId="5" pageNumber="157" pagination="45 - 53" refId="ref12940" refString="Uvarov, B. P. (1916 a) Orthoptera caucasica nova a cl. Dom. K. A. Satunin lecta. Izvestiya Kavkazskogo Muzeya, 10, 45 - 53." type="journal article" year="1916">Uvarov 1916a</bibRefCitation>
)
</emphasis>
; Road from Sulaimaniah to Penjwin, a few miles from the Gotvend (leg. B.P. Uvarov) 
<emphasis bold="true" box="[669,844,150,176]" pageId="6" pageNumber="158">
(
<bibRefCitation author="Uvarov, B. P." box="[676,830,150,176]" pageId="6" pageNumber="158" pagination="21 - 119" refId="ref13022" refString="Uvarov, B. P. (1934) Studies in the Orthoptera of Turkey, Iraq and Syria. Eos, Revista Espanola de Entomologia, 10, 21 - 119." type="journal article" year="1934">Uvarov 1934</bibRefCitation>
);
</emphasis>
TURKEY-Hakkari, Beytüşebbab, 
<quantity box="[1224,1309,150,177]" metricMagnitude="3" metricUnit="m" metricValue="2.5" pageId="6" pageNumber="158" unit="m" value="2500.0">2500 m</quantity>
, 
<date box="[1320,1432,150,177]" pageId="6" pageNumber="158" value="1951-08-30">30.8.1951</date>
, 
<specimenCount box="[151,247,187,213]" pageId="6" pageNumber="158" type="female">4 female</specimenCount>
(leg. C. Kosswig); Beytüşebbab, Karadağ, Kɪrkbulak Yaylasɪ, 
<quantity box="[934,1084,187,213]" metricMagnitude="3" metricUnit="m" metricValue="2.8" metricValueMax="3.0" metricValueMin="2.6" pageId="6" pageNumber="158" unit="m" value="2800.0" valueMax="3000.0" valueMin="2600.0">2600-3000 m</quantity>
, 
<date box="[1095,1193,186,213]" pageId="6" pageNumber="158" value="1953-08-05">5.8.1953</date>
, 
<specimenCount box="[1204,1306,186,213]" pageId="6" pageNumber="158" type="male">15 males</specimenCount>
, 
<specimenCount box="[1316,1436,187,213]" pageId="6" pageNumber="158" type="female">10 females</specimenCount>
(leg. T. Karabağ); Beytüşebbab, Karadağ, 
<quantity box="[614,700,223,249]" metricMagnitude="3" metricUnit="m" metricValue="2.8" pageId="6" pageNumber="158" unit="m" value="2800.0">2800 m</quantity>
, 
<date box="[712,810,222,249]" pageId="6" pageNumber="158" value="1954-08-05">5.8.1954</date>
, 
<specimenCount box="[821,909,223,249]" pageId="6" pageNumber="158" type="male">8 males</specimenCount>
, 
<specimenCount box="[920,1030,223,249]" pageId="6" pageNumber="158" type="female">3 females</specimenCount>
; Van, Çatak, Kavuşşahap Dağɪ, 
<quantity metricMagnitude="3" metricUnit="m" metricValue="2.3" pageId="6" pageNumber="158" unit="m" value="2300.0">2300 m</quantity>
, 
<date box="[186,297,258,285]" pageId="6" pageNumber="158" value="1954-07-25">25.7.1954</date>
, 
<specimenCount box="[308,384,259,285]" pageId="6" pageNumber="158" type="male">1 male</specimenCount>
, 
<specimenCount box="[394,489,259,285]" pageId="6" pageNumber="158" type="female">1 female</specimenCount>
(leg. P.H. Davis) 
<emphasis bold="true" box="[680,864,258,284]" pageId="6" pageNumber="158">
(
<bibRefCitation author="Karabag, T." box="[688,855,258,284]" pageId="6" pageNumber="158" refId="ref11307" refString="Karabag, T. 1958. A synonymic and distributional catalogue of Turkish Orthoptera (Turkiyenin Orthoptera faunasi). Ankara University, Science Faculty Publications, Ankara, 198 pp." type="book" year="1958">Karabağ 1958</bibRefCitation>
)
</emphasis>
; Diyarbakɪr, Kulp, Ağaçlɪ Beldesi, 
<date box="[1247,1357,259,285]" pageId="6" pageNumber="158" value="1996-06-17">17.6.1996</date>
<specimenCount box="[1363,1437,259,285]" pageId="6" pageNumber="158" type="male">1 male</specimenCount>
(leg. C. Özbay); Hakkari, Şemdinli, Güzel Konak Köyü, 
<date box="[773,885,295,321]" pageId="6" pageNumber="158" value="1976-07-18">18.7.1976</date>
, 
<specimenCount box="[896,973,295,321]" pageId="6" pageNumber="158" type="male">1 male</specimenCount>
; Şemdinli, Derecik karayolu 6th km, 
<quantity metricMagnitude="3" metricUnit="m" metricValue="1.25" pageId="6" pageNumber="158" unit="m" value="1250.0">1250 m</quantity>
, 
<date box="[186,298,331,357]" pageId="6" pageNumber="158" value="1978-07-22">22.7.1978</date>
, 
<specimenCount box="[308,403,331,357]" pageId="6" pageNumber="158" type="female">1 female</specimenCount>
(leg. S. Salman) (AUZM); Beytüşebbab, Karadağ, Kɪrkbulak Yaylasɪ, 
<quantity box="[1174,1323,331,357]" metricMagnitude="3" metricUnit="m" metricValue="2.8" metricValueMax="3.0" metricValueMin="2.6" pageId="6" pageNumber="158" unit="m" value="2800.0" valueMax="3000.0" valueMin="2600.0">2600-3000 m</quantity>
, 
<date box="[1333,1432,330,357]" pageId="6" pageNumber="158" value="1953-08-05">5.8.1953</date>
, 
<specimenCount box="[151,242,367,393]" pageId="6" pageNumber="158" type="male">2 males</specimenCount>
, 
<specimenCount box="[256,365,367,393]" pageId="6" pageNumber="158" type="female">2 females</specimenCount>
(leg. T. Karabağ); 8.1982, 
<specimenCount box="[678,769,367,393]" pageId="6" pageNumber="158" type="male">1 males</specimenCount>
, 
<specimenCount box="[783,892,367,393]" pageId="6" pageNumber="158" type="female">1 females</specimenCount>
(A. Demirsoy) (Hacettepe Üniversitesi Biyoloji Müzesi, Ankara; HUBM) 
<emphasis bold="true" box="[435,464,402,429]" pageId="6" pageNumber="158">(Ç</emphasis>
ɪ 
<emphasis bold="true" box="[472,603,402,429]" pageId="6" pageNumber="158">plak 1999);</emphasis>
Hakkari, Çemdinli, 
<date box="[824,935,402,429]" pageId="6" pageNumber="158" value="1965-06-25">25.6.1965</date>
, 
<specimenCount box="[946,1022,403,429]" pageId="6" pageNumber="158" type="male">1 male</specimenCount>
, 
<specimenCount box="[1032,1126,403,429]" pageId="6" pageNumber="158" type="female">1 female</specimenCount>
(Abant іzzet Baysal Üniver- sitesi Entomoloji Müzesi, Bolu; AÍBÜEM) (Karabağ 
<emphasis box="[730,784,439,465]" italics="true" pageId="6" pageNumber="158">et al.</emphasis>
1971) 
<emphasis bold="true" box="[858,993,438,467]" pageId="6" pageNumber="158">
(
<bibRefCitation author="Unal, M." box="[866,985,438,467]" pageId="6" pageNumber="158" pagination="21 - 54" refId="ref13055" refString="Unal, M. (2012) Tettigoniidae (Orthoptera) from Turkey and the Middle East II. Transactions of the American Entomological Society, 138 (1 - 4), 21 - 54. https: // doi. org / 10.3157 / 061.138.0104" type="journal article" year="2012">Ünal 2012</bibRefCitation>
)
</emphasis>
; Hakkari, Kato Dağɪ, Süvarihalil Geçidi, 
<quantity box="[151,305,474,501]" metricMagnitude="3" metricUnit="m" metricValue="2.3775" metricValueMax="2.455" metricValueMin="2.3" pageId="6" pageNumber="158" unit="m" value="2377.5" valueMax="2455.0" valueMin="2300.0">2300–2455 m</quantity>
, 
<date box="[315,414,475,501]" pageId="6" pageNumber="158" value="2013-09-06">6.9.2013</date>
, 
<specimenCount box="[424,500,475,501]" pageId="6" pageNumber="158" type="male">1 male</specimenCount>
, 
<specimenCount box="[510,606,475,501]" pageId="6" pageNumber="158" type="female">1 female</specimenCount>
, in alcohol, 
<quantity box="[737,891,474,501]" metricMagnitude="3" metricUnit="m" metricValue="2.505" metricValueMax="2.56" metricValueMin="2.45" pageId="6" pageNumber="158" unit="m" value="2505.0" valueMax="2560.0" valueMin="2450.0">2450–2560 m</quantity>
, 
<date box="[901,999,475,501]" pageId="6" pageNumber="158" value="2013-09-07">7.9.2013</date>
, 
<specimenCount box="[1010,1107,475,501]" pageId="6" pageNumber="158" type="female">1 female</specimenCount>
, in alcohol (leg. M. Ünal &amp; A. Erden) (AІBÜEM) 
<emphasis bold="true" box="[366,665,510,539]" pageId="6" pageNumber="158">
(
<bibRefCitation author="Unal, M." box="[374,497,510,539]" pageId="6" pageNumber="158" pagination="1 - 66" refId="ref13102" refString="Unal, M. (2018) Tettigoniinae (Orthoptera: Tettigoniidae) from Turkey with key to genera and descriptions of six new species. Zootaxa, 4432 (1), 1 - 66. https: // doi. org / 10.11646 / zootaxa. 4432.1.1" type="journal article" year="2018">Ünal 2018</bibRefCitation>
). 
<bibRefCitation author="Garai, G. A." box="[516,665,510,536]" pageId="6" pageNumber="158" pagination="393 - 417" refId="ref10749" refString="Garai, G. A. (2010) Contribution to the knowledge of the Iranian Orthopteroid insects I. Esperiana, 15, 393 - 417." type="journal article" year="2010">Garai (2010)</bibRefCitation>
</emphasis>
reported this species from Iran (
<collectingCountry box="[1021,1092,511,537]" name="Iran" pageId="6" pageNumber="158">IRAN</collectingCountry>
—160. 
<collectingRegion box="[1172,1252,511,537]" country="Iran" name="Zanjan" pageId="6" pageNumber="158">Zanjan</collectingRegion>
/2001, 
<specimenCount box="[1324,1409,511,537]" pageId="6" pageNumber="158" type="male">7 males</specimenCount>
, 
<specimenCount pageId="6" pageNumber="158" type="female">8 females</specimenCount>
). However, we think this record needs confirmation as this locality is near to Caspian Sea.
</paragraph>
</subSubSection>
</treatment>
</document>