<document ID-DOI="http://doi.org/10.5281/zenodo.4685807" ID-GBIF-Dataset="9df2f318-f536-45e4-9d05-6622b96e9e25" ID-ISSN="1175-5326" ID-Zenodo-Dep="4685807" ID-ZooBank="F744B4F8-100D-44BE-AB23-C3662E08F324" _generate="added" checkinTime="1617875445080" checkinUser="plazi" docAuthor="Uluar, Onur, Yahyaoğlu, Özgül &amp; Çiplak, Battal" docDate="2021" docId="D03F87E4D11F505BFF42DAAC4DA5AD18" docLanguage="en" docName="zootaxa.4952.1.9.pdf" docOrigin="Zootaxa 4952 (1)" docStyle="DocumentStyle:647186512141C8FC8976D5BCC54AEB7D.6:Zootaxa.2013.journal_article" docStyleId="647186512141C8FC8976D5BCC54AEB7D" docStyleName="Zootaxa.2013.journal_article" docStyleVersion="6" docTitle="Uvarovistia satunini" docType="treatment" docVersion="4" lastPageId="9" lastPageNumber="162" masterDocId="2C06FF9CD1185052FFD5DF594C5AAC59" masterDocTitle="Review of Uvarovistia (Orthoptera: Tettigoniidae; Tettigoniinae): genetic data indicate a new cryptic species, Uvarovistia munzurensis sp. n." masterLastPageNumber="168" masterPageNumber="152" pageId="7" pageNumber="159" updateTime="1618349566220" updateUser="ExternalLinkService" zenodo-license-document="CLOSED">
<mods:mods xmlns:mods="http://www.loc.gov/mods/v3">
<mods:titleInfo>
<mods:title>Review of Uvarovistia (Orthoptera: Tettigoniidae; Tettigoniinae): genetic data indicate a new cryptic species, Uvarovistia munzurensis sp. n.</mods:title>
</mods:titleInfo>
<mods:name type="personal">
<mods:role>
<mods:roleTerm>Author</mods:roleTerm>
</mods:role>
<mods:namePart>Uluar, Onur</mods:namePart>
<mods:nameIdentifier type="ORCID">0000-0002-5039-8024</mods:nameIdentifier>
<mods:affiliation>onuruluar @ gmail. com; https: // orcid. org / 0000 - 0002 - 5039 - 8024</mods:affiliation>
<mods:nameIdentifier type="email">onuruluar@gmail.com</mods:nameIdentifier>
</mods:name>
<mods:name type="personal">
<mods:role>
<mods:roleTerm>Author</mods:roleTerm>
</mods:role>
<mods:namePart>Yahyaoğlu, Özgül</mods:namePart>
<mods:nameIdentifier type="ORCID">0000-0001-7965-7117</mods:nameIdentifier>
<mods:affiliation>ozgulyahyaoglu @ gmail. com; https: // orcid. org / 0000 - 0001 - 7965 - 7117</mods:affiliation>
<mods:nameIdentifier type="email">ozgulyahyaoglu@gmail.com</mods:nameIdentifier>
</mods:name>
<mods:name type="personal">
<mods:role>
<mods:roleTerm>Author</mods:roleTerm>
</mods:role>
<mods:namePart>Çiplak, Battal</mods:namePart>
</mods:name>
<mods:typeOfResource>text</mods:typeOfResource>
<mods:relatedItem type="host">
<mods:titleInfo>
<mods:title>Zootaxa</mods:title>
</mods:titleInfo>
<mods:part>
<mods:date>2021</mods:date>
<mods:detail type="pubDate">
<mods:number>2021-04-08</mods:number>
</mods:detail>
<mods:detail type="volume">
<mods:number>4952</mods:number>
</mods:detail>
<mods:detail type="issue">
<mods:number>1</mods:number>
</mods:detail>
<mods:extent unit="page">
<mods:start>152</mods:start>
<mods:end>168</mods:end>
</mods:extent>
</mods:part>
</mods:relatedItem>
<mods:classification>journal article</mods:classification>
<mods:identifier type="DOI">https://doi.org/10.11646/zootaxa.4952.1.9</mods:identifier>
<mods:identifier type="GBIF-Dataset">9df2f318-f536-45e4-9d05-6622b96e9e25</mods:identifier>
<mods:identifier type="ISSN">1175-5326</mods:identifier>
<mods:identifier type="Zenodo-Dep">4671957</mods:identifier>
<mods:identifier type="ZooBank">F744B4F8-100D-44BE-AB23-C3662E08F324</mods:identifier>
</mods:mods>
<treatment ID-DOI="http://doi.org/10.5281/zenodo.4685807" ID-Zenodo-Dep="4685807" LSID="urn:lsid:plazi:treatment:D03F87E4D11F505BFF42DAAC4DA5AD18" httpUri="http://treatment.plazi.org/id/D03F87E4D11F505BFF42DAAC4DA5AD18" lastPageId="9" lastPageNumber="162" pageId="7" pageNumber="159">
<subSubSection box="[151,587,1525,1551]" pageId="7" pageNumber="159" type="nomenclature">
<paragraph blockId="7.[151,587,1525,1551]" box="[151,587,1525,1551]" pageId="7" pageNumber="159">
<heading bold="true" box="[151,587,1525,1551]" fontSize="11" level="1" pageId="7" pageNumber="159" reason="1">
<taxonomicName authority="(Uvarov, 1916)" baseAuthorityName="Uvarov" baseAuthorityYear="1916" box="[151,587,1525,1551]" class="Insecta" family="Tettigoniidae" genus="Uvarovistia" kingdom="Animalia" order="Orthoptera" pageId="7" pageNumber="159" phylum="Arthropoda" rank="species" species="satunini">
<emphasis bold="true" box="[151,587,1525,1551]" pageId="7" pageNumber="159">
<emphasis bold="true" box="[151,396,1525,1551]" italics="true" pageId="7" pageNumber="159">Uvarovistia satunini</emphasis>
(Uvarov, 1916)
</emphasis>
</taxonomicName>
</heading>
</paragraph>
</subSubSection>
<subSubSection pageId="7" pageNumber="159" type="reference_group">
<paragraph blockId="7.[151,784,1593,1654]" box="[151,579,1593,1617]" pageId="7" pageNumber="159">
<treatmentCitationGroup box="[151,579,1593,1617]" pageId="7" pageNumber="159">
<treatmentCitation author="Uvarov, B. P." box="[151,575,1593,1617]" page="52" pageId="7" pageNumber="159" year="1916">
<taxonomicName authority="Uvarov, 1916 b: 52" authorityName="Uvarov" authorityPageNumber="52" authorityYear="1916" box="[151,575,1593,1617]" genus="Olynthoscelis" kingdom="Animalia" pageId="7" pageNumber="159" rank="species" species="satunini">
<emphasis box="[151,377,1593,1617]" italics="true" pageId="7" pageNumber="159">Olynthoscelis satunini</emphasis>
<bibRefCitation author="Uvarov, B. P." box="[383,575,1593,1617]" pageId="7" pageNumber="159" pagination="181 - 194" refId="ref12975" refString="Uvarov, B. P. (1916 b) Materialia ad conitionem Orthoprorum Caucasi et confinium. I. Orthoptera, a dom. P. V. Nesterov in itinere secundum limitem perso-turcicom lecta. Izvestiya Kavkaszskago Muzeya, 10, 181 - 194." type="journal article" year="1916">Uvarov, 1916b: 52</bibRefCitation>
</taxonomicName>
</treatmentCitation>
.
</treatmentCitationGroup>
</paragraph>
<paragraph blockId="7.[151,784,1593,1654]" box="[151,784,1627,1654]" pageId="7" pageNumber="159">
(
<figureCitation box="[159,266,1628,1654]" captionStart="FIGURE 1" captionStartId="7.[151,250,1274,1298]" captionTargetBox="[159,1428,190,1245]" captionTargetId="figure-23@7.[151,1436,181,1250]" captionTargetPageId="7" captionText="FIGURE 1. The networks of four single gene markers (a-COI, b—NAD2, c-VAL and d-ITS) prepared using the haplotypes determined in three species of Uvarovistia as U. zebra (Uz), U. satunini (Us), U. munzurensis sp. n.(Um) (the number along the species abbreviations indicates to the unique haplotype determined in the species; dashed lines indicate to phylogroups obtained by ML and BI phylogenetic analyses (posterior probality/bootstrap support from each are indicated; the number of mutation between haplogroups and haplotypes are indicated by numbers (for&gt;2) or by line(s) (for ≤ 2)." figureDoi="http://doi.org/10.5281/zenodo.4671959" httpUri="https://zenodo.org/record/4671959/files/figure.png" pageId="7" pageNumber="159">Figures 1</figureCitation>
, 
<figureCitation box="[280,296,1628,1654]" captionStart="FIGURE 2" captionStartId="8.[151,250,1384,1408]" captionTargetBox="[162,1428,391,1351]" captionTargetId="figure-129@8.[151,1436,381,1361]" captionTargetPageId="8" captionText="FIGURE 2. Phylogenetic tree, chronogram and taxonomic pattern obtained from the matrix constituted by concatenation of COI+NAD2+VAL sequences. The bootstrap (ML)/ posterior probability (BI) supports to the node are given above the node and the time to most recent common ancestor (TMRCA) and the 95% HPD as million years below the node. The results from species delimitation test indicated by a single bar line as all support the same species pattern. Supports to each scenario proposed in BPP species delimitation test shown in dashed box." figureDoi="http://doi.org/10.5281/zenodo.4671961" httpUri="https://zenodo.org/record/4671961/files/figure.png" pageId="7" pageNumber="159">2</figureCitation>
, 
<figureCitation box="[308,324,1628,1654]" captionStart="FIGURES 3-5" captionStartId="9.[151,264,1217,1241]" captionTargetBox="[304,1285,383,1187]" captionTargetId="figure-102@9.[297,1291,381,1193]" captionTargetPageId="9" captionText="FIGURES 3-5. General habitus in Uvarovistia. 3—U. zebra, 4—U. satunini, 5—U. munzurensis sp.n. (for U. bakhtiara and U. iraka see photos in OSF2, Cigliano et al. (2020))" figureDoi="http://doi.org/10.5281/zenodo.4671963" httpUri="https://zenodo.org/record/4671963/files/figure.png" pageId="7" pageNumber="159">4</figureCitation>
, 
<figureCitation box="[336,352,1628,1654]" captionStart="FIGURES 6–8" captionStartId="10.[151,264,1629,1653]" captionTargetBox="[246,1338,273,1594]" captionTargetId="figure-68@10.[242,1345,273,1606]" captionTargetPageId="10" captionText="FIGURES 6–8. Head, pronotum and tegmina from above (A) and profile (B) in Uvarovistia. 6—U. zebra, 7—U. satunini, 8—U. munzurensis sp.n. (for U. bakhtiara and U. iraka see photos in OSF2, Cigliano et al. (2020))" figureDoi="http://doi.org/10.5281/zenodo.4671965" httpUri="https://zenodo.org/record/4671965/files/figure.png" pageId="7" pageNumber="159">7</figureCitation>
, 
<figureCitation box="[364,520,1628,1654]" captionStart="FIGURES 9–12" captionStartId="10.[151,264,1701,1725]" captionTargetBox="[246,1338,273,1594]" captionTargetId="figure-68@10.[242,1345,273,1606]" captionText="FIGURES 9–12. Male anal tergum in Uvarovistia. 9—U. zebra, 10—U. satunini, 11—U. munzurensis sp.n., 12-U. iraka (Figure 12 from Uvarov, 1934) FIGURES 13–17. Male cerci in Uvarovistia. 13—U. zebra, 14—U. satunini, 15—U. munzurensis sp.n., 16—U. bakhtiara, 17- U. iraka (Figures 16 and 17 from Uvarov, 1934) FIGURES 18–21. Male subgenital plate in Uvarovistia. 18—U. zebra, 19—U. satunini, 20—U. munzurensis sp.n., 21—U. bakhtiara (Figure 21 from modified from the photos in OSF2, Cigliano et al. (2020)) FIGURES 22–24. Titillators (dorsal and lateral view) in Uvarovistia. 22—U. zebra, 23—U. satunini, 24—U. munzurensis sp.n. (for U. bakhtiara see Ünal, 2012)" figureDoi="http://doi.org/10.5281/zenodo.4685934" httpUri="https://zenodo.org/record/4685934/files/figure.png" pageId="7" pageNumber="159">10, 14, 19, 23</figureCitation>
, 26, 
<figureCitation box="[574,604,1628,1654]" captionStart="FIGURES 30–33" captionStartId="11.[151,264,1396,1420]" captionTargetBox="[362,1228,598,1295]" captionTargetId="figure-136@11.[357,1229,592,1301]" captionText="FIGURES 30–33. Ovipositor in Uvarovistia. 30—U. zebra, 31—U. satunini, 32—U. munzurensis sp.n., 33—(for U. bakhtiara and U. iraka see the photos in OSF2, Cigliano et al. (2020))" figureDoi="http://doi.org/10.5281/zenodo.4685938" httpUri="https://zenodo.org/record/4685938/files/figure.png" pageId="7" pageNumber="159">31</figureCitation>
, 34; 
<tableCitation box="[658,774,1627,1654]" captionStart-0="TABLE 1" captionStart-1="TABLE 2" captionStart-2="TABLE 3" captionStart-3="TABLE 4" captionStart-4="TABLE 5" captionStartId-0="4.[151,239,404,428]" captionStartId-1="4.[151,239,1426,1450]" captionStartId-2="6.[151,239,620,644]" captionStartId-3="6.[151,239,1409,1433]" captionStartId-4="12.[151,239,903,927]" captionTargetBox-0="[163,1422,444,1377]" captionTargetPageId-1="4" captionTargetPageId-2="6" captionTargetPageId-3="6" captionTargetPageId-4="12" captionText-0="TABLE 1. Sequence accession numbers per marker, population and species." captionText-1="TABLE 2. Features of the sequences and matrices used in in the study." captionText-2="TABLE 3. The pairwise distance and F ST values calculated using mitochondrial sequences of COI, NAD2 and VAL for four populations examined (P1—Şɪrnak, P2—Bitlis, P3—Van and P4—Tunceli; *p&gt;0.05 in second panel of the table, not significant)." captionText-3="TABLE 4. Uncorrelated 12 bioclimatic variables their VIF scores." captionText-4="TABLE 5. Measurements for species of Uvarovistia." pageId="7" pageNumber="159">Tables 1-5</tableCitation>
)
</paragraph>
</subSubSection>
<subSubSection lastPageId="10" lastPageNumber="162" pageId="7" pageNumber="159" type="discussion">
<subSubSection pageId="7" pageNumber="159" type="discussion">
<paragraph blockId="7.[151,1437,1699,2015]" pageId="7" pageNumber="159">
<emphasis box="[151,249,1700,1726]" italics="true" pageId="7" pageNumber="159">Remarks</emphasis>
: For description see 
<bibRefCitation author="Uvarov, B. P." box="[493,668,1699,1726]" pageId="7" pageNumber="159" pagination="181 - 194" refId="ref12975" refString="Uvarov, B. P. (1916 b) Materialia ad conitionem Orthoprorum Caucasi et confinium. I. Orthoptera, a dom. P. V. Nesterov in itinere secundum limitem perso-turcicom lecta. Izvestiya Kavkaszskago Muzeya, 10, 181 - 194." type="journal article" year="1916">
Uvarov (1916 
<bibRefCitation author="Uvarov, B. P." box="[653,668,1699,1725]" pageId="7" pageNumber="159" pagination="21 - 119" refId="ref13022" refString="Uvarov, B. P. (1934) Studies in the Orthoptera of Turkey, Iraq and Syria. Eos, Revista Espanola de Entomologia, 10, 21 - 119." type="journal article" year="1934">b</bibRefCitation>
</bibRefCitation>
, 1934) and 
<bibRefCitation author="Unal, M." box="[806,945,1700,1728]" pageId="7" pageNumber="159" pagination="21 - 54" refId="ref13055" refString="Unal, M. (2012) Tettigoniidae (Orthoptera) from Turkey and the Middle East II. Transactions of the American Entomological Society, 138 (1 - 4), 21 - 54. https: // doi. org / 10.3157 / 061.138.0104" type="journal article" year="2012">Ünal (2012)</bibRefCitation>
in addition to data presented in this study. Four species of the genus; 
<taxonomicName authorityName="Uvarov" authorityYear="1916" box="[446,569,1736,1761]" genus="Olynthoscelis" kingdom="Animalia" pageId="7" pageNumber="159" rank="species" species="satunini">
<emphasis box="[446,569,1736,1761]" italics="true" pageId="7" pageNumber="159">U. satunini</emphasis>
</taxonomicName>
, 
<taxonomicName authority="Uluar &amp; Yahyaoglu" authorityName="Uluar &amp; Yahyaoglu" authorityYear="2021" box="[583,978,1736,1762]" class="Insecta" family="Tettigoniidae" genus="Uvarovistia" kingdom="Animalia" order="Orthoptera" pageId="7" pageNumber="159" phylum="Arthropoda" rank="species" species="munzurensis" status="sp.n.">
<emphasis box="[583,755,1736,1761]" italics="true" pageId="7" pageNumber="159">U. munzurensis</emphasis>
Uluar &amp; Yahyaoglu
</taxonomicName>
<emphasis bold="true" box="[984,1039,1736,1762]" pageId="7" pageNumber="159">
<taxonomicNameLabel box="[984,1039,1736,1762]" pageId="7" pageNumber="159" rank="species">sp.n.</taxonomicNameLabel>
</emphasis>
, 
<taxonomicName baseAuthorityName="Uvarov" baseAuthorityYear="1934" box="[1053,1145,1736,1762]" class="Insecta" family="Tettigoniidae" genus="Uvarovistia" kingdom="Animalia" order="Orthoptera" pageId="7" pageNumber="159" phylum="Arthropoda" rank="species" species="iraka">
<emphasis box="[1053,1145,1736,1762]" italics="true" pageId="7" pageNumber="159">U. iraka</emphasis>
</taxonomicName>
and 
<taxonomicName baseAuthorityName="Uvarov" baseAuthorityYear="1934" box="[1198,1340,1736,1762]" class="Insecta" family="Tettigoniidae" genus="Uvarovistia" kingdom="Animalia" order="Orthoptera" pageId="7" pageNumber="159" phylum="Arthropoda" rank="species" species="bakhtiara">
<emphasis box="[1198,1340,1736,1762]" italics="true" pageId="7" pageNumber="159">U. bakhtiara</emphasis>
</taxonomicName>
are very similar in their features in general and considered as the 
<emphasis bold="true" box="[783,969,1771,1797]" pageId="7" pageNumber="159">
<emphasis bold="true" box="[783,883,1771,1797]" italics="true" pageId="7" pageNumber="159">Satunini</emphasis>
Group
</emphasis>
. This group differs considerably from the 
<emphasis bold="true" box="[151,311,1807,1834]" pageId="7" pageNumber="159">Zebra Group</emphasis>
by the male anal tergum without process but with a medial rounded or quadrangular incision, relatively weak tooth of male cerci mostly around middle (pre-medial, medial or post medial), female subgenital plate with rounded lobes. Genetic data suggested a consistent relationship with morphological data. Four species in the group differs from each other by small differences. For further evaluations see discussion below.
</paragraph>
</subSubSection>
<subSubSection lastPageId="9" lastPageNumber="161" pageId="7" pageNumber="159" type="materials_examined">
<paragraph blockId="7.[151,1437,1699,2015]" lastBlockId="8.[151,1436,150,357]" lastPageId="8" lastPageNumber="160" pageId="7" pageNumber="159">
<emphasis box="[199,422,1952,1978]" italics="true" pageId="7" pageNumber="159">Material examined:</emphasis>
<materialsCitation collectingDate="1974-07-16" collectingDateMax="2011-07-18" collectingDateMin="1974-07-16" collectionCode="AUZM" collectorName="S. Salman " country="Turkey" elevation="1650" lastPageId="8" lastPageNumber="160" location="Hamur" pageId="7" pageNumber="159" specimenCount="3" specimenCount-female="1" specimenCount-male="2" stateProvince="Kars">
<collectingCountry box="[430,546,1952,1978]" name="Turkey" pageId="7" pageNumber="159">TURKEY</collectingCountry>
—Ağrɪ, 
<location LSID="urn:lsid:plazi:treatment:D03F87E4D11F505BFF42DAAC4DA5AD18:5D496029D11F5055FDAAD8F94E97ABE3" box="[639,717,1952,1978]" country="Turkey" name="Hamur" pageId="7" pageNumber="159" stateProvince="Kars">Hamur</location>
deresi, 
<quantity box="[807,895,1951,1978]" metricMagnitude="3" metricUnit="m" metricValue="1.65" pageId="7" pageNumber="159" unit="m" value="1650.0">
<elevation box="[807,895,1951,1978]" metricMagnitude="3" metricUnit="m" metricValue="1.65" pageId="7" pageNumber="159" unit="m" value="1650.0">1650 m</elevation>
</quantity>
, 
<date box="[909,1037,1952,1978]" pageId="7" pageNumber="159" value="1974-10-07">
<collectingDate box="[909,1037,1952,1978]" pageId="7" pageNumber="159" value="1974-10-07">10.07.1974</collectingDate>
</date>
, 
<specimenCount box="[1050,1127,1952,1978]" pageId="7" pageNumber="159" type="male">1 male</specimenCount>
(leg. 
<collectorName box="[1195,1312,1952,1979]" pageId="7" pageNumber="159">S. Salman</collectorName>
) (
<collectionCode box="[1335,1424,1952,1978]" pageId="7" pageNumber="159">AUZM</collectionCode>
); 
<collectingRegion box="[151,204,1988,2014]" country="Turkey" name="Kars" pageId="7" pageNumber="159">Kars</collectingRegion>
Kağɪzman-Deller Çiftliği, 
<elevation box="[504,679,1987,2014]" isEnumeration="true" pageId="7" pageNumber="159">
<quantity box="[504,590,1987,2014]" metricMagnitude="3" metricUnit="m" metricValue="1.35" pageId="7" pageNumber="159" unit="m" value="1350.0">1350 m</quantity>
, 
<quantity box="[601,679,1987,2014]" metricMagnitude="3" metricUnit="m" metricValue="1.35" pageId="7" pageNumber="159" unit="m" value="1350.0">1350m</quantity>
</elevation>
<date box="[685,813,1987,2013]" pageId="7" pageNumber="159" value="1974-07-16">
<collectingDate box="[685,813,1987,2013]" pageId="7" pageNumber="159" value="1974-07-16">16.07.1974</collectingDate>
</date>
, 
<specimenCount box="[824,920,1988,2014]" pageId="7" pageNumber="159" type="female">1 female</specimenCount>
(leg. 
<collectorName box="[982,1097,1988,2015]" pageId="7" pageNumber="159">S. Salman</collectorName>
) (
<collectionCode box="[1118,1207,1988,2014]" pageId="7" pageNumber="159">AUZM</collectionCode>
); 
<collectingRegion box="[1224,1271,1988,2014]" country="Turkey" name="Van" pageId="7" pageNumber="159">Van</collectingRegion>
, 
<collectorName box="[1281,1354,1988,2014]" pageId="7" pageNumber="159">Gevaş</collectorName>
, 
<collectorName box="[1364,1432,1988,2014]" pageId="7" pageNumber="159">Uysal</collectorName>
, Yanɪkçay 
<collectorName box="[261,360,151,177]" pageId="8" pageNumber="160">Köyü, N</collectorName>
: 38 15 17.1, E: 042 53 52.2, 
<quantity box="[667,752,151,177]" metricMagnitude="3" metricUnit="m" metricValue="1.9169999999999998" pageId="8" pageNumber="160" unit="m" value="1917.0">
<elevation box="[667,752,151,177]" metricMagnitude="3" metricUnit="m" metricValue="1.9169999999999998" pageId="8" pageNumber="160" unit="m" value="1917.0">1917 m</elevation>
</quantity>
, 
<date box="[762,891,151,177]" pageId="8" pageNumber="160" value="2011-07-18">
<collectingDate box="[762,891,151,177]" pageId="8" pageNumber="160" value="2011-07-18">18.vii.2011</collectingDate>
</date>
, 
<specimenCount box="[901,975,151,177]" pageId="8" pageNumber="160" type="male">1 male</specimenCount>
(leg. B. Çɪplak, 
<collectorName box="[1154,1244,151,177]" pageId="8" pageNumber="160">S. Kaya</collectorName>
, 
<collectorName box="[1254,1424,151,178]" pageId="8" pageNumber="160">E.M. Korkmaz</collectorName>
)
</materialsCitation>
; 
<materialsCitation box="[151,1376,187,214]" collectingDate="2012-06-08" collectorName="S. Kaya &amp; E. M. Korkmaz" country="Turkey" elevation="2079" location="Suveren" pageId="8" pageNumber="160" specimenCount="2" specimenCount-female="1" specimenCount-male="1" stateProvince="Erzurum">
<collectingRegion box="[151,252,187,213]" country="Turkey" name="Erzurum" pageId="8" pageNumber="160">Erzurum</collectingRegion>
, Hɪnɪs, 
<location LSID="urn:lsid:plazi:treatment:D03F87E4D11F505BFF42DAAC4DA5AD18:5D496029D110505AFE85DFE24DF6AC8C" box="[336,428,187,213]" country="Turkey" name="Suveren" pageId="8" pageNumber="160" stateProvince="Erzurum">Suveren</location>
köyü, 
<quantity box="[504,582,187,213]" metricMagnitude="3" metricUnit="m" metricValue="2.0789999999999997" pageId="8" pageNumber="160" unit="m" value="2079.0">
<elevation box="[504,582,187,213]" metricMagnitude="3" metricUnit="m" metricValue="2.0789999999999997" pageId="8" pageNumber="160" unit="m" value="2079.0">2079m</elevation>
</quantity>
<date box="[588,716,187,213]" pageId="8" pageNumber="160" value="2012-06-08">
<collectingDate box="[588,716,187,213]" pageId="8" pageNumber="160" value="2012-06-08">06.08.2012</collectingDate>
</date>
, 
<specimenCount box="[727,805,187,213]" pageId="8" pageNumber="160" type="male">1 male</specimenCount>
, 
<specimenCount box="[815,912,187,213]" pageId="8" pageNumber="160" type="female">1 female</specimenCount>
(leg. B. Çɪplak, 
<collectorName box="[1095,1186,187,213]" pageId="8" pageNumber="160">S. Kaya</collectorName>
, 
<collectorName box="[1196,1368,187,214]" pageId="8" pageNumber="160">E.M. Korkmaz</collectorName>
)
</materialsCitation>
; 
<materialsCitation collectingDate="2011-07-18" country="Turkey" location="Koyu" municipality="Akdamar" pageId="8" pageNumber="160" specimenCount="2" specimenCount-male="2" stateProvince="Van">
<collectingRegion box="[1386,1433,187,213]" country="Turkey" name="Van" pageId="8" pageNumber="160">Van</collectingRegion>
, 
<collectingMunicipality box="[151,257,223,249]" pageId="8" pageNumber="160">Akdamar</collectingMunicipality>
, Yanɪkçay 
<location LSID="urn:lsid:plazi:treatment:D03F87E4D11F505BFF42DAAC4DA5AD18:5D496029D110505AFEA9DF864DE7ACA0" box="[380,445,223,249]" country="Turkey" municipality="Akdamar" name="Koyu" pageId="8" pageNumber="160" stateProvince="Van">Köyü</location>
, 
<date box="[457,585,223,249]" pageId="8" pageNumber="160" value="2011-07-18">
<collectingDate box="[457,585,223,249]" pageId="8" pageNumber="160" value="2011-07-18">18.07.2011</collectingDate>
</date>
, 
<specimenCount box="[597,673,223,249]" pageId="8" pageNumber="160" type="male">1 male</specimenCount>
(leg. 
<collectorName box="[739,851,223,249]" pageId="8" pageNumber="160">B. Çıplak</collectorName>
, 
<collectorName box="[862,955,223,249]" pageId="8" pageNumber="160">S. Kaya</collectorName>
, 
<collectorName box="[966,1139,223,250]" pageId="8" pageNumber="160">E.M. Korkmaz</collectorName>
); 
<collectorName box="[1159,1218,223,249]" pageId="8" pageNumber="160">Road</collectorName>
between 
<collectingRegion box="[1327,1388,223,249]" country="Turkey" name="Bitlis" pageId="8" pageNumber="160">Bitlis</collectingRegion>
and 
<collectingRegion box="[151,198,259,285]" country="Turkey" name="Van" pageId="8" pageNumber="160">Van</collectingRegion>
, Kuskunkɪran 
<collectorName box="[361,474,259,285]" pageId="8" pageNumber="160">Geçidi, N</collectorName>
: 38 22 307 E: 042 46 291, 2029 m, 18.17.2011, 
<specimenCount box="[1019,1098,259,285]" pageId="8" pageNumber="160" type="male">1 male</specimenCount>
</materialsCitation>
; 
<materialsCitation collectionCode="AUZM" collectorName="B. Ciplak &amp; S. Kaya &amp; E. M. Korkmaz" country="Turkey" county="Gecidi" elevation="2234" location="Zirai Mucadele Enstitusu" longitude="38.22372" municipality="Collection" pageId="8" pageNumber="160" specimenCount="5" specimenCount-female="2" specimenCount-male="3">
Kuskunkɪran 
<collectingCounty box="[1262,1337,259,285]" pageId="8" pageNumber="160">Geçidi</collectingCounty>
<quantity box="[1344,1432,259,285]" metricMagnitude="3" metricUnit="m" metricValue="2.234" pageId="8" pageNumber="160" unit="m" value="2234.0">
<elevation box="[1344,1432,259,285]" metricMagnitude="3" metricUnit="m" metricValue="2.234" pageId="8" pageNumber="160" unit="m" value="2234.0">2234 m</elevation>
</quantity>
, N: 
<geoCoordinate box="[175,308,295,321]" degrees="38.22372" direction="east" orientation="longitude" pageId="8" pageNumber="160" precision="1" value="38.22372">38.22372 E</geoCoordinate>
:042.47.113; 18.17.2011, 
<specimenCount box="[591,679,295,321]" pageId="8" pageNumber="160" type="male">2 males</specimenCount>
, 
<specimenCount box="[689,796,295,321]" pageId="8" pageNumber="160" type="female">1 females</specimenCount>
(leg. 
<collectorName box="[858,967,295,321]" pageId="8" pageNumber="160">B. Çıplak</collectorName>
, 
<collectorName box="[977,1067,295,321]" pageId="8" pageNumber="160">S. Kaya</collectorName>
, 
<collectorName box="[1077,1245,295,322]" pageId="8" pageNumber="160">E.M. Korkmaz</collectorName>
) (
<collectionCode box="[1266,1355,295,321]" pageId="8" pageNumber="160">AUZM</collectionCode>
); Spec- imens from 
<collectingMunicipality box="[287,404,331,357]" pageId="8" pageNumber="160">Collection</collectingMunicipality>
of Diyarbakɪr 
<location LSID="urn:lsid:plazi:treatment:D03F87E4D11F505BFF42DAAC4DA5AD18:5D496029D110505AFDECDE124F0DAD3C" box="[569,855,331,357]" country="Turkey" county="Gecidi" longitude="38.22372" municipality="Collection" name="Zirai Mucadele Enstitusu" pageId="8" pageNumber="160">Zirai Mücadele Enstitüsü</location>
, with unknown locality, 
<specimenCount box="[1130,1208,331,357]" pageId="8" pageNumber="160" type="male">1 male</specimenCount>
, 
<specimenCount box="[1219,1316,331,357]" pageId="8" pageNumber="160" type="female">1 female</specimenCount>
(
<collectionCode box="[1331,1420,331,357]" pageId="8" pageNumber="160">AUZM</collectionCode>
)
</materialsCitation>
.
</paragraph>
<caption ID-DOI="http://doi.org/10.5281/zenodo.4671961" ID-Zenodo-Dep="4671961" httpUri="https://zenodo.org/record/4671961/files/figure.png" pageId="8" pageNumber="160" startId="8.[151,250,1384,1408]" targetBox="[162,1428,391,1351]" targetPageId="8">
<paragraph blockId="8.[151,1437,1384,1552]" pageId="8" pageNumber="160">
<emphasis bold="true" box="[151,277,1384,1408]" pageId="8" pageNumber="160">FIGURE 2.</emphasis>
Phylogenetic tree, chronogram and taxonomic pattern obtained from the matrix constituted by concatenation of COI+NAD2+VAL sequences. The bootstrap (ML)/ posterior probability (BI) supports to the node are given above the node and the time to most recent common ancestor (TMRCA) and the 95% HPD as million years below the node. The results from species delimitation test indicated by a single bar line as all support the same species pattern. Supports to each scenario proposed in BPP species delimitation test shown in dashed box.
</paragraph>
</caption>
<paragraph blockId="8.[151,1437,1598,2021]" lastBlockId="9.[151,1436,150,323]" lastPageId="9" lastPageNumber="161" pageId="8" pageNumber="160">
<emphasis box="[199,588,1598,1625]" italics="true" pageId="8" pageNumber="160">Type information and distribution:</emphasis>
<materialsCitation collectingDate="1911-10-07" collectorName="K. A. Satunin" country="Armenia" county="Elisavetpol prov." location="Liskvas" municipality="Zangezur" pageId="8" pageNumber="160" specimenCount="1" specimenCount-male="1">
<collectingCountry box="[594,726,1598,1624]" name="Armenia" pageId="8" pageNumber="160">ARMENIA</collectingCountry>
— 
<collectingCounty box="[755,946,1598,1625]" pageId="8" pageNumber="160">Elisavetpol prov.</collectingCounty>
, 
<collectingMunicipality box="[958,1064,1599,1625]" pageId="8" pageNumber="160">Zangezur</collectingMunicipality>
pag., 
<location LSID="urn:lsid:plazi:treatment:D03F87E4D11F505BFF42DAAC4DA5AD18:5D496029D110505AFBB8D967489DAA01" box="[1133,1223,1598,1624]" country="Armenia" county="Elisavetpol prov." municipality="Zangezur" name="Liskvas" pageId="8" pageNumber="160">Liskvas</location>
, 
<date box="[1235,1348,1599,1625]" pageId="8" pageNumber="160" value="1911-10-07">
<collectingDate box="[1235,1348,1599,1625]" pageId="8" pageNumber="160" value="1911-10-07">10.7.1911</collectingDate>
</date>
, 
<specimenCount box="[1360,1436,1598,1625]" pageId="8" pageNumber="160" type="male">1 male</specimenCount>
(
<collectorName box="[160,314,1634,1661]" pageId="8" pageNumber="160">K.A. Satunin</collectorName>
)
</materialsCitation>
; 
<materialsCitation collectingDate="1911-07-13" collectingDateMax="1912-08-28" collectingDateMin="1911-07-13" collectionCode="V" country="Armenia" location="Karjagino" municipality="Mulk" pageId="8" pageNumber="160" specimenCount="2" specimenCount-female="1" specimenCount-male="1" typeStatus="syntype">
pag. 
<collectingMunicipality box="[389,453,1634,1660]" pageId="8" pageNumber="160">Mülk</collectingMunicipality>
, 
<date box="[464,578,1635,1661]" pageId="8" pageNumber="160" value="1911-07-13">
<collectingDate box="[464,578,1635,1661]" pageId="8" pageNumber="160" value="1911-07-13">13.7.1911</collectingDate>
</date>
, 
<specimenCount box="[590,688,1634,1661]" pageId="8" pageNumber="160" type="female">1 female</specimenCount>
(leg. 
<collectorName box="[755,896,1635,1661]" pageId="8" pageNumber="160">B.P. Uvarov</collectorName>
), 
<location LSID="urn:lsid:plazi:treatment:D03F87E4D11F505BFF42DAAC4DA5AD18:5D496029D110505AFC41D93B485DAA25" box="[916,1031,1634,1660]" country="Armenia" municipality="Mulk" name="Karjagino" pageId="8" pageNumber="160">Karjagino</location>
, 
<date box="[1043,1155,1635,1661]" pageId="8" pageNumber="160" value="1912-08-28">
<collectingDate box="[1043,1155,1635,1661]" pageId="8" pageNumber="160" value="1912-08-28">28.8.1912</collectingDate>
</date>
<specimenCount box="[1163,1239,1634,1661]" pageId="8" pageNumber="160" type="male">1 male</specimenCount>
(leg. 
<collectionCode box="[1305,1325,1635,1661]" country="Canada" lsid="urn:lsid:biocol.org:col:13946" name="Royal British Columbia Museum - Herbarium" pageId="8" pageNumber="160" type="Museum">V</collectionCode>
. Artsymi- novic) (
<collectorName box="[243,429,1671,1697]" pageId="8" pageNumber="160">Museo Caucase</collectorName>
, 
<collectorName box="[445,520,1670,1697]" pageId="8" pageNumber="160">Tbilisi</collectorName>
) 
<emphasis bold="true" box="[540,858,1670,1697]" pageId="8" pageNumber="160">
(
<typeStatus box="[548,661,1670,1696]" pageId="8" pageNumber="160">Syntypes</typeStatus>
; 
<bibRefCitation author="Uvarov, B. P." box="[678,850,1670,1697]" pageId="8" pageNumber="160" pagination="45 - 53" refId="ref12940" refString="Uvarov, B. P. (1916 a) Orthoptera caucasica nova a cl. Dom. K. A. Satunin lecta. Izvestiya Kavkazskogo Muzeya, 10, 45 - 53." type="journal article" year="1916">Uvarov 1916a</bibRefCitation>
)
</emphasis>
</materialsCitation>
; NORTH WEST 
<materialsCitation collectingDate="1914-10-06" collectorName="von Wick &amp; Leningrad Museum" country="Iran" location="Karadagh" municipality="Tohunclil" pageId="8" pageNumber="160" specimenCount="1" typeStatus="syntype">
<collectingCountry box="[1073,1169,1671,1697]" name="Iran" pageId="8" pageNumber="160">PERSIA</collectingCountry>
<emphasis box="[1169,1194,1671,1696]" italics="true" pageId="8" pageNumber="160">—</emphasis>
<collectingMunicipality box="[1194,1304,1670,1696]" pageId="8" pageNumber="160">Tohunclil</collectingMunicipality>
, 
<location LSID="urn:lsid:plazi:treatment:D03F87E4D11F505BFF42DAAC4DA5AD18:5D496029D110505AFAFDD9DF49C2AAF9" box="[1320,1432,1670,1696]" country="Iran" municipality="Tohunclil" name="Karadagh" pageId="8" pageNumber="160">Karadagh</location>
, 
<date box="[151,263,1706,1732]" pageId="8" pageNumber="160" value="1914-10-06">
<collectingDate box="[151,263,1706,1732]" pageId="8" pageNumber="160" value="1914-10-06">10.6.1914</collectingDate>
</date>
(
<collectorName box="[282,399,1706,1733]" pageId="8" pageNumber="160">von Wick</collectorName>
; 
<collectorName box="[415,641,1706,1733]" pageId="8" pageNumber="160">Leningrad Museum</collectorName>
) 
<emphasis bold="true" box="[659,836,1706,1732]" pageId="8" pageNumber="160">
(
<bibRefCitation author="Uvarov, B. P." box="[667,829,1706,1732]" pageId="8" pageNumber="160" pagination="21 - 119" refId="ref13022" refString="Uvarov, B. P. (1934) Studies in the Orthoptera of Turkey, Iraq and Syria. Eos, Revista Espanola de Entomologia, 10, 21 - 119." type="journal article" year="1934">Uvarov 1934</bibRefCitation>
)
</emphasis>
</materialsCitation>
<emphasis bold="true" box="[837,843,1706,1732]" pageId="8" pageNumber="160">;</emphasis>
<materialsCitation collectingDate="2005-07" country="Iran" location="Chaboksar" pageId="8" pageNumber="160" specimenCount="1" specimenCount-male="1" stateProvince="Gilan" typeStatus="syntype">
<collectingCountry box="[854,923,1706,1732]" name="Iran" pageId="8" pageNumber="160">IRAN</collectingCountry>
— 
<collectingRegion box="[951,1138,1706,1732]" country="Iran" name="Gilan" pageId="8" pageNumber="160">Guilan province</collectingRegion>
, 
<location LSID="urn:lsid:plazi:treatment:D03F87E4D11F505BFF42DAAC4DA5AD18:5D496029D110505AFB57D9F348A6AA9D" box="[1154,1276,1706,1732]" country="Iran" name="Chaboksar" pageId="8" pageNumber="160" stateProvince="Gilan">Chaboksar</location>
, 
<date box="[1290,1407,1706,1733]" pageId="8" pageNumber="160" value="2005-07">
<collectingDate box="[1290,1407,1706,1733]" pageId="8" pageNumber="160" value="2005-07">July 2005</collectingDate>
</date>
, 
<specimenCount pageId="8" pageNumber="160" type="male">1 male</specimenCount>
</materialsCitation>
; 
<materialsCitation box="[223,660,1742,1769]" country="Iran" location="Babol" pageId="8" pageNumber="160" specimenCount="2" specimenCount-male="2" stateProvince="Mazandaran" typeStatus="syntype">
<collectingRegion box="[223,472,1742,1768]" country="Iran" name="Mazandaran" pageId="8" pageNumber="160">Mazandaran province</collectingRegion>
, 
<location LSID="urn:lsid:plazi:treatment:D03F87E4D11F505BFF42DAAC4DA5AD18:5D496029D110505AFE30D9974E71AAB1" box="[485,555,1742,1768]" country="Iran" name="Babol" pageId="8" pageNumber="160" stateProvince="Mazandaran">Babol</location>
, 
<specimenCount box="[568,660,1742,1769]" pageId="8" pageNumber="160" type="male">2 males</specimenCount>
</materialsCitation>
, 
<date box="[674,794,1742,1769]" pageId="8" pageNumber="160" value="2006-06">June 2006</date>
; 
<materialsCitation box="[808,1329,1742,1769]" country="Iran" location="Ghaemshahr" pageId="8" pageNumber="160" specimenCount="1" specimenCount-female="1" stateProvince="Mazandaran" typeStatus="syntype">
<collectingRegion box="[808,1057,1742,1768]" country="Iran" name="Mazandaran" pageId="8" pageNumber="160">Mazandaran province</collectingRegion>
, 
<location LSID="urn:lsid:plazi:treatment:D03F87E4D11F505BFF42DAAC4DA5AD18:5D496029D110505AFBFBD99748E7AAB1" box="[1070,1213,1742,1768]" country="Iran" name="Ghaemshahr" pageId="8" pageNumber="160" stateProvince="Mazandaran">Ghaemshahr</location>
, 
<specimenCount box="[1227,1329,1742,1769]" pageId="8" pageNumber="160" type="female">1 female</specimenCount>
</materialsCitation>
, 
<date pageId="8" pageNumber="160" value="2006-09">September 2006</date>
; 
<materialsCitation box="[271,737,1778,1805]" country="Iran" location="Behshahr" pageId="8" pageNumber="160" specimenCount="1" specimenCount-male="1" stateProvince="Mazandaran" typeStatus="syntype">
<collectingRegion box="[271,521,1778,1804]" country="Iran" name="Mazandaran" pageId="8" pageNumber="160">Mazandaran province</collectingRegion>
: 
<location LSID="urn:lsid:plazi:treatment:D03F87E4D11F505BFF42DAAC4DA5AD18:5D496029D110505AFDC2D9AB4ED9AB55" box="[535,643,1778,1804]" country="Iran" name="Behshahr" pageId="8" pageNumber="160" stateProvince="Mazandaran">Behshahr</location>
, 
<specimenCount box="[656,737,1778,1805]" pageId="8" pageNumber="160" type="male">1 male</specimenCount>
</materialsCitation>
, 1 nymph, 
<date box="[871,1027,1778,1804]" pageId="8" pageNumber="160" value="2006-10">October 2006</date>
<emphasis bold="true" box="[1037,1285,1778,1805]" pageId="8" pageNumber="160">
(Gahari 
<emphasis bold="true" box="[1142,1200,1778,1805]" italics="true" pageId="8" pageNumber="160">et al.</emphasis>
2010);
</emphasis>
<materialsCitation collectingDate="1941-06-06" country="Turkey" location="Kulp" pageId="8" pageNumber="160" specimenCount="1" specimenCount-female="1" stateProvince="Diyarbakir" typeStatus="syntype">
<collectingCountry box="[1295,1408,1779,1805]" name="Turkey" pageId="8" pageNumber="160">TURKEY</collectingCountry>
— 
<collectingRegion box="[151,271,1814,1840]" country="Turkey" name="Diyarbakir" pageId="8" pageNumber="160">Diyarbakır</collectingRegion>
, 
<location LSID="urn:lsid:plazi:treatment:D03F87E4D11F505BFF42DAAC4DA5AD18:5D496029D110505AFECBD84F4D0DAB69" box="[286,343,1814,1840]" country="Turkey" name="Kulp" pageId="8" pageNumber="160" stateProvince="Diyarbakir">Kulp</location>
, 
<date box="[356,454,1814,1840]" pageId="8" pageNumber="160" value="1941-06-06">
<collectingDate box="[356,454,1814,1840]" pageId="8" pageNumber="160" value="1941-06-06">6.6.1941</collectingDate>
</date>
, 
<specimenCount box="[466,565,1814,1841]" pageId="8" pageNumber="160" type="female">1 female</specimenCount>
</materialsCitation>
; Elazɪğ, 
<date box="[661,773,1814,1841]" pageId="8" pageNumber="160" value="1951-07-17">17.7.1951</date>
, 
<specimenCount box="[785,863,1814,1841]" pageId="8" pageNumber="160" type="male">1 male</specimenCount>
, 
<specimenCount box="[875,971,1814,1841]" pageId="8" pageNumber="160" type="female">2 female</specimenCount>
(leg. Ö.K. Gülen); 
<materialsCitation collectorName="Karaba" country="Turkey" location="Mus" pageId="8" pageNumber="160" specimenCount="1" specimenCount-female="1" stateProvince="Mus" typeStatus="syntype">
<collectingRegion box="[1190,1241,1815,1841]" country="Turkey" name="Mus" pageId="8" pageNumber="160">Muş</collectingRegion>
, 
<specimenCount box="[1254,1350,1814,1841]" pageId="8" pageNumber="160" type="female">1 female</specimenCount>
(leg.?) 
<emphasis bold="true" box="[151,250,1850,1876]" pageId="8" pageNumber="160">
(
<collectorName box="[159,250,1850,1876]" pageId="8" pageNumber="160">Karaba</collectorName>
</emphasis>
ğ 
<emphasis bold="true" box="[272,336,1850,1876]" pageId="8" pageNumber="160">1958)</emphasis>
</materialsCitation>
; 
<materialsCitation box="[352,993,1850,1877]" collectingDate="1954-07-29" country="Turkey" elevation="1905" location="Kotum" pageId="8" pageNumber="160" specimenCount="4" specimenCount-female="2" specimenCount-male="2" stateProvince="Bitlis" typeStatus="syntype">
<collectingRegion box="[352,413,1850,1876]" country="Turkey" name="Bitlis" pageId="8" pageNumber="160">Bitlis</collectingRegion>
, 
<location LSID="urn:lsid:plazi:treatment:D03F87E4D11F505BFF42DAAC4DA5AD18:5D496029D110505AFE7ED8624DA0AB0C" box="[427,506,1851,1877]" country="Turkey" name="Kotum" pageId="8" pageNumber="160" stateProvince="Bitlis">Kotum</location>
, 
<quantity box="[518,664,1850,1877]" metricMagnitude="3" metricUnit="m" metricValue="1.905" metricValueMax="1.9812" metricValueMin="1.8288" pageId="8" pageNumber="160" unit="ft" value="6250.0" valueMax="6500.0" valueMin="6000.0">
<elevation box="[518,664,1850,1877]" metricMagnitude="3" metricUnit="m" metricValue="1.905" metricValueMax="1.9812" metricValueMin="1.8288" pageId="8" pageNumber="160" unit="ft" value="6250.0" valueMax="6500.0" valueMin="6000.0">6000-6500 ft</elevation>
</quantity>
, 
<date box="[677,789,1850,1877]" pageId="8" pageNumber="160" value="1954-07-29">
<collectingDate box="[677,789,1850,1877]" pageId="8" pageNumber="160" value="1954-07-29">29.7.1954</collectingDate>
</date>
, 
<specimenCount box="[802,880,1850,1877]" pageId="8" pageNumber="160" type="male">2 male</specimenCount>
, 
<specimenCount box="[893,993,1850,1877]" pageId="8" pageNumber="160" type="female">2 female</specimenCount>
</materialsCitation>
; 
<materialsCitation collectingDate="1954-07-07" country="Turkey" elevation="3000" location="Cilo" pageId="8" pageNumber="160" specimenCount="2" specimenCount-female="1" specimenCount-male="1" stateProvince="Hakkari" typeStatus="syntype">
<collectingRegion box="[1006,1097,1850,1876]" country="Turkey" name="Hakkari" pageId="8" pageNumber="160">Hakkari</collectingRegion>
, 
<location LSID="urn:lsid:plazi:treatment:D03F87E4D11F505BFF42DAAC4DA5AD18:5D496029D110505AFB80D86348DEAB0D" box="[1109,1156,1850,1876]" country="Turkey" name="Cilo" pageId="8" pageNumber="160" stateProvince="Hakkari">Cilo</location>
Dağɪ, 
<quantity box="[1234,1321,1851,1877]" metricMagnitude="3" metricUnit="m" metricValue="3.0" pageId="8" pageNumber="160" unit="m" value="3000.0">
<elevation box="[1234,1321,1851,1877]" metricMagnitude="3" metricUnit="m" metricValue="3.0" pageId="8" pageNumber="160" unit="m" value="3000.0">3000 m</elevation>
</quantity>
, 
<date box="[1334,1432,1850,1877]" pageId="8" pageNumber="160" value="1954-07-07">
<collectingDate box="[1334,1432,1850,1877]" pageId="8" pageNumber="160" value="1954-07-07">7.7.1954</collectingDate>
</date>
, 
<specimenCount box="[151,229,1886,1913]" pageId="8" pageNumber="160" type="male">1 male</specimenCount>
, 
<specimenCount box="[241,341,1886,1913]" pageId="8" pageNumber="160" type="female">1 female</specimenCount>
</materialsCitation>
; 
<materialsCitation box="[352,1289,1886,1913]" collectingDate="1954-07-24" collectorName="P. H. Davis" country="Turkey" elevation="2300" location="Kavusahap" municipality="Catak" pageId="8" pageNumber="160" specimenCount="2" specimenCount-female="1" specimenCount-male="1" stateProvince="Van" typeStatus="syntype">
<collectingRegion box="[352,397,1887,1913]" country="Turkey" name="Van" pageId="8" pageNumber="160">Van</collectingRegion>
, 
<collectingMunicipality box="[409,475,1886,1912]" pageId="8" pageNumber="160">Çatak</collectingMunicipality>
, 
<location LSID="urn:lsid:plazi:treatment:D03F87E4D11F505BFF42DAAC4DA5AD18:5D496029D110505AFE32D8074E3AAB21" box="[487,608,1886,1912]" country="Turkey" municipality="Catak" name="Kavusahap" pageId="8" pageNumber="160" stateProvince="Van">Kavuşahap</location>
Dağɪ, 
<quantity box="[685,771,1887,1913]" metricMagnitude="3" metricUnit="m" metricValue="2.3" pageId="8" pageNumber="160" unit="m" value="2300.0">
<elevation box="[685,771,1887,1913]" metricMagnitude="3" metricUnit="m" metricValue="2.3" pageId="8" pageNumber="160" unit="m" value="2300.0">2300 m</elevation>
</quantity>
, 
<date box="[784,895,1886,1913]" pageId="8" pageNumber="160" value="1954-07-24">
<collectingDate box="[784,895,1886,1913]" pageId="8" pageNumber="160" value="1954-07-24">24.7.1954</collectingDate>
</date>
, 
<specimenCount box="[907,985,1886,1913]" pageId="8" pageNumber="160" type="male">1 male</specimenCount>
, 
<specimenCount box="[997,1093,1886,1913]" pageId="8" pageNumber="160" type="female">1 female</specimenCount>
(leg. 
<collectorName box="[1160,1281,1886,1913]" pageId="8" pageNumber="160">P.H. Davis</collectorName>
)
</materialsCitation>
; 
<materialsCitation collectingDate="1959-06-25" collectorName="E. Sonmez &amp; Hamur Deresi" country="Turkey" location="Gen" pageId="8" pageNumber="160" specimenCount="17" specimenCount-female="16" specimenCount-male="1" stateProvince="Bingol" typeStatus="syntype">
<collectingRegion box="[1301,1378,1886,1912]" country="Turkey" name="Bingol" pageId="8" pageNumber="160">Bingöl</collectingRegion>
, 
<location LSID="urn:lsid:plazi:treatment:D03F87E4D11F505BFF42DAAC4DA5AD18:5D496029D110505AFABBD80649C6AB20" box="[1390,1436,1887,1913]" country="Turkey" name="Gen" pageId="8" pageNumber="160" stateProvince="Bingol">Gen</location>
Ormanɪ, 
<date box="[250,361,1922,1949]" pageId="8" pageNumber="160" value="1959-06-25">
<collectingDate box="[250,361,1922,1949]" pageId="8" pageNumber="160" value="1959-06-25">25.6.1959</collectingDate>
</date>
, 
<specimenCount box="[374,452,1922,1949]" pageId="8" pageNumber="160" type="male">1 male</specimenCount>
, 
<specimenCount box="[464,585,1922,1948]" pageId="8" pageNumber="160" type="female">16 females</specimenCount>
(leg. 
<collectorName box="[652,777,1923,1949]" pageId="8" pageNumber="160">E. Sönmez</collectorName>
); Ağrɪ, 
<collectorName box="[861,1020,1922,1949]" pageId="8" pageNumber="160">Hamur Deresi</collectorName>
</materialsCitation>
, 
<quantity box="[1032,1119,1922,1949]" metricMagnitude="3" metricUnit="m" metricValue="1.65" pageId="8" pageNumber="160" unit="m" value="1650.0">1650 m</quantity>
, 
<date box="[1131,1242,1923,1949]" pageId="8" pageNumber="160" value="1972-12-08">12.8.1972</date>
, 
<specimenCount box="[1256,1357,1922,1949]" pageId="8" pageNumber="160" type="male">12 males</specimenCount>
, 10 fe- males; 
<materialsCitation box="[229,1373,1958,1985]" collectingDate="1973-07-17" collectorName="S. Salman" country="Turkey" elevation="1250" location="Deller Ciftligi" pageId="8" pageNumber="160" specimenCount="12" specimenCount-female="7" specimenCount-male="5" stateProvince="Kars" typeStatus="syntype">
<collectingRegion box="[229,283,1959,1985]" country="Turkey" name="Kars" pageId="8" pageNumber="160">Kars</collectingRegion>
, Kağɪzman, 
<location LSID="urn:lsid:plazi:treatment:D03F87E4D11F505BFF42DAAC4DA5AD18:5D496029D110505AFE70D8FF4E18AB99" box="[421,578,1958,1984]" country="Turkey" name="Deller Ciftligi" pageId="8" pageNumber="160" stateProvince="Kars">Deller Çiftliği</location>
, 
<quantity box="[589,674,1958,1985]" metricMagnitude="3" metricUnit="m" metricValue="1.25" pageId="8" pageNumber="160" unit="m" value="1250.0">
<elevation box="[589,674,1958,1985]" metricMagnitude="3" metricUnit="m" metricValue="1.25" pageId="8" pageNumber="160" unit="m" value="1250.0">1250 m</elevation>
</quantity>
, 
<date box="[686,797,1959,1985]" pageId="8" pageNumber="160" value="1973-07-17">
<collectingDate box="[686,797,1959,1985]" pageId="8" pageNumber="160" value="1973-07-17">17.7.1973</collectingDate>
</date>
, 
<specimenCount box="[809,895,1958,1985]" pageId="8" pageNumber="160" type="male">5 males</specimenCount>
, 
<specimenCount box="[907,1013,1958,1985]" pageId="8" pageNumber="160" type="female">7 females</specimenCount>
(leg. 
<collectorName box="[1077,1190,1958,1985]" pageId="8" pageNumber="160">S. Salman</collectorName>
) 
<emphasis bold="true" box="[1205,1373,1958,1984]" pageId="8" pageNumber="160">
(
<bibRefCitation author="Salman, S." box="[1212,1365,1958,1984]" pageId="8" pageNumber="160" refId="ref12742" refString="Salman, S. (1978) AgrΙ, Kars ve Artvin illerinin Orthoptera (Insecta) faunasΙ uzerine taksonomik arastΙrmalar. Ataturk Univer- sitesi Yay�nlari, Fen Fakultesi Yay�nlari, Erzurum, 182 pp." type="book" year="1978">Salman 1978</bibRefCitation>
)
</emphasis>
</materialsCitation>
; 
<materialsCitation collectingDate="1973-07-28" collectionCode="HUBM" collectorName="A. Kocak" country="Turkey" elevation="2000" location="Resadiye Daglari" pageId="8" pageNumber="160" specimenCount="2" specimenCount-female="1" specimenCount-male="1" stateProvince="Van" typeStatus="syntype">
<collectingRegion box="[1387,1433,1959,1985]" country="Turkey" name="Van" pageId="8" pageNumber="160">Van</collectingRegion>
, 
<location LSID="urn:lsid:plazi:treatment:D03F87E4D11F505BFF42DAAC4DA5AD18:5D496029D110505AFF42D8934D00ABBD" box="[151,346,1994,2020]" country="Turkey" name="Resadiye Daglari" pageId="8" pageNumber="160" stateProvince="Van">Reşadiye Dağları</location>
, 
<quantity box="[361,450,1995,2021]" metricMagnitude="3" metricUnit="m" metricValue="2.0" pageId="8" pageNumber="160" unit="m" value="2000.0">
<elevation box="[361,450,1995,2021]" metricMagnitude="3" metricUnit="m" metricValue="2.0" pageId="8" pageNumber="160" unit="m" value="2000.0">2000 m</elevation>
</quantity>
, 
<date box="[465,576,1995,2021]" pageId="8" pageNumber="160" value="1973-07-28">
<collectingDate box="[465,576,1995,2021]" pageId="8" pageNumber="160" value="1973-07-28">28.7.1973</collectingDate>
</date>
, 
<specimenCount box="[591,681,1994,2021]" pageId="8" pageNumber="160" type="male">1 males</specimenCount>
, 
<specimenCount box="[696,806,1994,2021]" pageId="8" pageNumber="160" type="female">1 females</specimenCount>
(leg. 
<collectorName box="[875,986,1994,2021]" pageId="8" pageNumber="160">A. Koçak</collectorName>
) (
<collectionCode box="[1011,1097,1995,2021]" pageId="8" pageNumber="160">HUBM</collectionCode>
) 
<emphasis bold="true" box="[1115,1278,1994,2021]" pageId="8" pageNumber="160">(Çɪplak 1999)</emphasis>
</materialsCitation>
; 
<materialsCitation collectingDate="1959-06-25" collectorName="E. Sonmez &amp; Karabag" country="Turkey" lastPageId="9" lastPageNumber="161" location="Mecelik" municipality="Gen" pageId="8" pageNumber="160" specimenCount="2" specimenCount-male="2" stateProvince="Bingol" typeStatus="syntype">
<collectingRegion box="[1295,1374,1994,2020]" country="Turkey" name="Bingol" pageId="8" pageNumber="160">Bingöl</collectingRegion>
, 
<collectingMunicipality box="[1390,1437,1995,2021]" pageId="8" pageNumber="160">Gen</collectingMunicipality>
Ormanɪ, 
<location LSID="urn:lsid:plazi:treatment:D03F87E4D11F505BFF42DAAC4DA5AD18:5D496029D111505BFF2EDFCE4D00ACE8" box="[251,346,151,177]" country="Turkey" municipality="Gen" name="Mecelik" pageId="9" pageNumber="161" stateProvince="Bingol">Meçelik</location>
, 
<date box="[356,478,150,177]" pageId="9" pageNumber="161" value="1959-06-25">
<collectingDate box="[356,478,150,177]" pageId="9" pageNumber="161" value="1959-06-25">25.6. 1959</collectingDate>
</date>
, 
<specimenCount box="[489,575,151,177]" pageId="9" pageNumber="161" type="male">2 males</specimenCount>
(leg. 
<collectorName box="[640,763,151,177]" pageId="9" pageNumber="161">E. Sönmez</collectorName>
) (AlBÜEM) (
<collectorName box="[920,1019,151,177]" pageId="9" pageNumber="161">Karabağ</collectorName>
, 1964) 
<emphasis bold="true" box="[1103,1242,150,179]" pageId="9" pageNumber="161">
(
<bibRefCitation author="Unal, M." box="[1110,1235,150,179]" pageId="9" pageNumber="161" pagination="21 - 54" refId="ref13055" refString="Unal, M. (2012) Tettigoniidae (Orthoptera) from Turkey and the Middle East II. Transactions of the American Entomological Society, 138 (1 - 4), 21 - 54. https: // doi. org / 10.3157 / 061.138.0104" type="journal article" year="2012">Ünal 2012</bibRefCitation>
)
</emphasis>
</materialsCitation>
; 
<materialsCitation collectingDate="2013-07-14" country="Turkey" county="Malazgirt" elevation="1800" location="Top" municipality="Karakaya Koyu" pageId="9" pageNumber="161" specimenCount="9" specimenCount-female="2" specimenCount-male="7" stateProvince="Mus" typeStatus="syntype">
<collectingRegion box="[1257,1309,151,177]" country="Turkey" name="Mus" pageId="9" pageNumber="161">Muş</collectingRegion>
, 
<collectingCounty box="[1320,1432,151,177]" pageId="9" pageNumber="161">Malazgirt</collectingCounty>
, 
<collectingMunicipality box="[151,331,187,213]" pageId="9" pageNumber="161">Karakaya Köyü</collectingMunicipality>
, 
<location LSID="urn:lsid:plazi:treatment:D03F87E4D11F505BFF42DAAC4DA5AD18:5D496029D111505BFE83DFE24DDBAC8C" box="[342,385,187,213]" country="Turkey" county="Malazgirt" municipality="Karakaya Koyu" name="Top" pageId="9" pageNumber="161" stateProvince="Mus">Top</location>
Dağɪ (
<location LSID="urn:lsid:plazi:treatment:D03F87E4D11F505BFF42DAAC4DA5AD18:5D496029D111505BFE1BDFE24E6CAC8F" box="[462,566,187,214]" country="Turkey" county="Malazgirt" municipality="Karakaya Koyu" name="Kartevin" pageId="9" pageNumber="161" stateProvince="Mus">Kartevin</location>
), 
<quantity box="[586,743,187,213]" metricMagnitude="3" metricUnit="m" metricValue="1.8" metricValueMax="2.0" metricValueMin="1.6" pageId="9" pageNumber="161" unit="m" value="1800.0" valueMax="2000.0" valueMin="1600.0">
<elevation box="[586,743,187,213]" metricMagnitude="3" metricUnit="m" metricValue="1.8" metricValueMax="2.0" metricValueMin="1.6" pageId="9" pageNumber="161" unit="m" value="1800.0" valueMax="2000.0" valueMin="1600.0">1600–2000 m</elevation>
</quantity>
, 
<date box="[755,870,187,213]" pageId="9" pageNumber="161" value="2013-07-14">
<collectingDate box="[755,870,187,213]" pageId="9" pageNumber="161" value="2013-07-14">14.7.2013</collectingDate>
</date>
, 
<specimenCount box="[882,971,187,213]" pageId="9" pageNumber="161" type="male">7 males</specimenCount>
, 
<specimenCount box="[983,1095,187,213]" pageId="9" pageNumber="161" type="female">2 females</specimenCount>
</materialsCitation>
, plus 
<specimenCount box="[1160,1250,187,213]" pageId="9" pageNumber="161" type="male">6 males</specimenCount>
, 
<specimenCount box="[1261,1370,187,213]" pageId="9" pageNumber="161" type="female">3 females</specimenCount>
<materialsCitation collectingDate="2013-07-15" collectionCode="AIBUEM" collectorName="M. Unal &amp; A. Erden" country="Turkey" elevation="2190" pageId="9" pageNumber="161" specimenCount="7" specimenCount-female="4" specimenCount-male="3" typeStatus="syntype">
in al- cohol, 
<quantity box="[228,386,223,249]" metricMagnitude="3" metricUnit="m" metricValue="2.19" metricValueMax="2.38" metricValueMin="2.0" pageId="9" pageNumber="161" unit="m" value="2190.0" valueMax="2380.0" valueMin="2000.0">
<elevation box="[228,386,223,249]" metricMagnitude="3" metricUnit="m" metricValue="2.19" metricValueMax="2.38" metricValueMin="2.0" pageId="9" pageNumber="161" unit="m" value="2190.0" valueMax="2380.0" valueMin="2000.0">2000–2380 m</elevation>
</quantity>
, 
<date box="[398,513,222,249]" pageId="9" pageNumber="161" value="2013-07-15">
<collectingDate box="[398,513,222,249]" pageId="9" pageNumber="161" value="2013-07-15">15.7.2013</collectingDate>
</date>
, 
<specimenCount box="[525,614,223,249]" pageId="9" pageNumber="161" type="male">3 males</specimenCount>
, 
<specimenCount box="[626,735,223,249]" pageId="9" pageNumber="161" type="female">4 females</specimenCount>
(leg. 
<collectorName box="[801,894,223,251]" pageId="9" pageNumber="161">M. Ünal</collectorName>
&amp; 
<collectorName box="[930,1034,223,250]" pageId="9" pageNumber="161">A. Erden</collectorName>
) (
<collectionCode box="[1056,1170,224,251]" pageId="9" pageNumber="161">AІBÜEM</collectionCode>
) 
<emphasis bold="true" box="[1185,1329,222,251]" pageId="9" pageNumber="161">
(
<bibRefCitation author="Unal, M." box="[1193,1321,222,251]" pageId="9" pageNumber="161" pagination="1 - 66" refId="ref13102" refString="Unal, M. (2018) Tettigoniinae (Orthoptera: Tettigoniidae) from Turkey with key to genera and descriptions of six new species. Zootaxa, 4432 (1), 1 - 66. https: // doi. org / 10.11646 / zootaxa. 4432.1.1" type="journal article" year="2018">Ünal 2018</bibRefCitation>
)
</emphasis>
</materialsCitation>
<emphasis bold="true" box="[1329,1335,222,248]" pageId="9" pageNumber="161">;</emphasis>
<materialsCitation collectingDate="2013-06-15" country="Turkey" location="Kelhasan" pageId="9" pageNumber="161" specimenCount="5" specimenCount-female="3" specimenCount-male="2" stateProvince="Batman" typeStatus="syntype">
<collectingRegion box="[1342,1432,223,249]" country="Turkey" name="Batman" pageId="9" pageNumber="161">Batman</collectingRegion>
, 
<location LSID="urn:lsid:plazi:treatment:D03F87E4D11F505BFF42DAAC4DA5AD18:5D496029D111505BFF42DE5A4D58AD44" box="[151,258,259,285]" country="Turkey" name="Kelhasan" pageId="9" pageNumber="161" stateProvince="Batman">Kelhasan</location>
, 
<date box="[269,397,258,285]" pageId="9" pageNumber="161" value="2013-06-15">
<collectingDate box="[269,397,258,285]" pageId="9" pageNumber="161" value="2013-06-15">15.06.2013</collectingDate>
</date>
, 
<specimenCount box="[409,498,259,285]" pageId="9" pageNumber="161" type="male">2 males</specimenCount>
, 
<specimenCount box="[509,620,259,285]" pageId="9" pageNumber="161" type="female">3 females</specimenCount>
</materialsCitation>
; 
<materialsCitation box="[631,1092,258,285]" collectingDate="2013-07-15" country="Turkey" location="Tekevler" pageId="9" pageNumber="161" specimenCount="3" specimenCount-female="1" specimenCount-male="2" typeStatus="syntype">
<location LSID="urn:lsid:plazi:treatment:D03F87E4D11F505BFF42DAAC4DA5AD18:5D496029D111505BFDA2DE5A4E80AD44" box="[631,730,259,285]" country="Turkey" name="Tekevler" pageId="9" pageNumber="161">Tekevler</location>
, 
<date box="[741,870,258,285]" pageId="9" pageNumber="161" value="2013-07-15">
<collectingDate box="[741,870,258,285]" pageId="9" pageNumber="161" value="2013-07-15">15.07.2013</collectingDate>
</date>
, 
<specimenCount box="[880,969,259,285]" pageId="9" pageNumber="161" type="male">2 males</specimenCount>
, 
<specimenCount box="[980,1092,259,285]" pageId="9" pageNumber="161" type="female">1 females</specimenCount>
</materialsCitation>
; 
<materialsCitation collectingDate="2014-07-15" country="Turkey" location="Umurlu" pageId="9" pageNumber="161" specimenCount="4" specimenCount-female="2" specimenCount-male="2" typeStatus="syntype">
<location LSID="urn:lsid:plazi:treatment:D03F87E4D11F505BFF42DAAC4DA5AD18:5D496029D111505BFB9ADE5A48F3AD44" box="[1103,1193,259,285]" country="Turkey" name="Umurlu" pageId="9" pageNumber="161">Umurlu</location>
, 
<date box="[1203,1332,258,285]" pageId="9" pageNumber="161" value="2014-07-15">
<collectingDate box="[1203,1332,258,285]" pageId="9" pageNumber="161" value="2014-07-15">15.07.2014</collectingDate>
</date>
, 
<specimenCount box="[1343,1432,259,285]" pageId="9" pageNumber="161" type="male">2 males</specimenCount>
, 
<specimenCount box="[151,259,295,321]" pageId="9" pageNumber="161" type="female">2 females</specimenCount>
</materialsCitation>
<emphasis bold="true" box="[266,505,294,323]" pageId="9" pageNumber="161">
(
<bibRefCitation author="Ilcin, M. &amp; Satar, A." box="[274,497,294,323]" pageId="9" pageNumber="161" pagination="163 - 166" refId="ref11256" refString="Ilcin, M. &amp; Satar, A. (2018) On the Orthopteran fauna (Insecta, Orthoptera) agricultural regions of Batman province (Turkey). Boletin de la Sociedad Entomologica Aragonesa (S. E. A.), 62, 163 - 166." type="journal article" year="2018">İlçin &amp; Satar 2018</bibRefCitation>
)
</emphasis>
.
</paragraph>
</subSubSection>
<caption ID-DOI="http://doi.org/10.5281/zenodo.4671963" ID-Zenodo-Dep="4671963" httpUri="https://zenodo.org/record/4671963/files/figure.png" pageId="9" pageNumber="161" startId="9.[151,264,1217,1241]" targetBox="[304,1285,383,1187]" targetPageId="9">
<paragraph blockId="9.[151,1437,1217,1277]" pageId="9" pageNumber="161">
<emphasis bold="true" box="[151,310,1217,1241]" pageId="9" pageNumber="161">FIGURES 3-5.</emphasis>
General habitus in 
<taxonomicName authorityName="Maran" authorityYear="1953" box="[506,625,1218,1241]" class="Insecta" family="Tettigoniidae" genus="Uvarovistia" kingdom="Animalia" order="Orthoptera" pageId="9" pageNumber="161" phylum="Arthropoda" rank="genus">
<emphasis box="[506,625,1218,1241]" italics="true" pageId="9" pageNumber="161">Uvarovistia</emphasis>
</taxonomicName>
. 3— 
<taxonomicName box="[675,762,1217,1241]" genus="Olynthoscelis" kingdom="Animalia" pageId="9" pageNumber="161" rank="species" species="zebra">
<emphasis box="[675,762,1217,1241]" italics="true" pageId="9" pageNumber="161">U. zebra</emphasis>
</taxonomicName>
, 4— 
<taxonomicName authorityName="Uvarov" authorityYear="1916" box="[812,925,1218,1241]" genus="Olynthoscelis" kingdom="Animalia" pageId="9" pageNumber="161" rank="species" species="satunini">
<emphasis box="[812,925,1218,1241]" italics="true" pageId="9" pageNumber="161">U. satunini</emphasis>
</taxonomicName>
, 5— 
<taxonomicName authority="Uluar &amp; Yahyaoğlu &amp; Çiplak, 2021" authorityName="Uluar &amp; Yahyaoğlu &amp; Çiplak" authorityYear="2021" box="[975,1131,1218,1241]" class="Insecta" family="Tettigoniidae" genus="Uvarovistia" kingdom="Animalia" order="Orthoptera" pageId="9" pageNumber="161" phylum="Arthropoda" rank="species" species="munzurensis" status="sp.n.">
<emphasis box="[975,1131,1218,1241]" italics="true" pageId="9" pageNumber="161">U. munzurensis</emphasis>
</taxonomicName>
<taxonomicNameLabel box="[1137,1185,1217,1240]" pageId="9" pageNumber="161" rank="species">sp.n.</taxonomicNameLabel>
(for 
<taxonomicName baseAuthorityName="Uvarov" baseAuthorityYear="1934" box="[1234,1364,1217,1241]" class="Insecta" family="Tettigoniidae" genus="Uvarovistia" kingdom="Animalia" order="Orthoptera" pageId="9" pageNumber="161" phylum="Arthropoda" rank="species" species="bakhtiara">
<emphasis box="[1234,1364,1217,1241]" italics="true" pageId="9" pageNumber="161">U. bakhtiara</emphasis>
</taxonomicName>
and 
<taxonomicName baseAuthorityName="Uvarov" baseAuthorityYear="1934" class="Insecta" family="Tettigoniidae" genus="Uvarovistia" kingdom="Animalia" order="Orthoptera" pageId="9" pageNumber="161" phylum="Arthropoda" rank="species" species="iraka">
<emphasis italics="true" pageId="9" pageNumber="161">U. iraka</emphasis>
</taxonomicName>
see photos in OSF2, 
<bibRefCitation author="Cigliano, M. M. &amp; Braun, H. &amp; Eades, D. C. &amp; Otte, D." box="[421,648,1253,1277]" pageId="9" pageNumber="161" refId="ref10215" refString="Cigliano, M. M., Braun, H., Eades, D. C., Otte, D. (2020) Orthoptera species file online Version 5.0 / 5.0. Available from: http: // Orthoptera. SpeciesFile. org (accessed 1 October 2020)." type="url" year="2020">
Cigliano 
<emphasis box="[515,566,1253,1277]" italics="true" pageId="9" pageNumber="161">et al.</emphasis>
(2020))
</bibRefCitation>
</paragraph>
</caption>
<treatment ID-DOI="http://doi.org/10.5281/zenodo.4685811" ID-Zenodo-Dep="4685811" LSID="urn:lsid:plazi:treatment:D03F87E4D11F505BFF42DAAC4DA5AD18" httpUri="http://treatment.plazi.org/id/D03F87E4D11F505BFF42DAAC4DA5AD18" lastPageId="10" lastPageNumber="162" pageId="9" pageNumber="161">
<subSubSection box="[151,680,1360,1386]" pageId="9" pageNumber="161" type="nomenclature">
<paragraph blockId="9.[151,783,1360,1422]" box="[151,680,1360,1386]" pageId="9" pageNumber="161">
<taxonomicName authority="Uluar &amp; Yahyao" authorityName="Uluar &amp; Yahyaoğlu &amp; Çiplak" authorityYear="2021" box="[151,582,1361,1385]" class="Insecta" family="Tettigoniidae" genus="Uvarovistia" kingdom="Animalia" order="Orthoptera" pageId="9" pageNumber="161" phylum="Arthropoda" rank="species" species="munzurensis">
<emphasis bold="true" box="[151,582,1361,1385]" pageId="9" pageNumber="161">
<emphasis bold="true" box="[151,411,1361,1385]" italics="true" pageId="9" pageNumber="161">Uvarovistia munzurensis</emphasis>
Uluar&amp;Yahyao
</emphasis>
</taxonomicName>
ğ 
<emphasis bold="true" box="[596,680,1361,1385]" pageId="9" pageNumber="161">lu sp. n.</emphasis>
</paragraph>
</subSubSection>
<subSubSection pageId="9" pageNumber="161" type="description">
<paragraph blockId="9.[151,783,1360,1422]" box="[151,783,1395,1422]" pageId="9" pageNumber="161">
(
<figureCitation box="[159,266,1395,1421]" captionStart="FIGURE 1" captionStartId="7.[151,250,1274,1298]" captionTargetBox="[159,1428,190,1245]" captionTargetId="figure-23@7.[151,1436,181,1250]" captionTargetPageId="7" captionText="FIGURE 1. The networks of four single gene markers (a-COI, b—NAD2, c-VAL and d-ITS) prepared using the haplotypes determined in three species of Uvarovistia as U. zebra (Uz), U. satunini (Us), U. munzurensis sp. n.(Um) (the number along the species abbreviations indicates to the unique haplotype determined in the species; dashed lines indicate to phylogroups obtained by ML and BI phylogenetic analyses (posterior probality/bootstrap support from each are indicated; the number of mutation between haplogroups and haplotypes are indicated by numbers (for&gt;2) or by line(s) (for ≤ 2)." figureDoi="http://doi.org/10.5281/zenodo.4671959" httpUri="https://zenodo.org/record/4671959/files/figure.png" pageId="9" pageNumber="161">Figures 1</figureCitation>
, 
<figureCitation box="[280,296,1395,1421]" captionStart="FIGURE 2" captionStartId="8.[151,250,1384,1408]" captionTargetBox="[162,1428,391,1351]" captionTargetId="figure-129@8.[151,1436,381,1361]" captionTargetPageId="8" captionText="FIGURE 2. Phylogenetic tree, chronogram and taxonomic pattern obtained from the matrix constituted by concatenation of COI+NAD2+VAL sequences. The bootstrap (ML)/ posterior probability (BI) supports to the node are given above the node and the time to most recent common ancestor (TMRCA) and the 95% HPD as million years below the node. The results from species delimitation test indicated by a single bar line as all support the same species pattern. Supports to each scenario proposed in BPP species delimitation test shown in dashed box." figureDoi="http://doi.org/10.5281/zenodo.4671961" httpUri="https://zenodo.org/record/4671961/files/figure.png" pageId="9" pageNumber="161">2</figureCitation>
, 
<figureCitation box="[308,324,1395,1422]" captionStart="FIGURES 3-5" captionStartId="9.[151,264,1217,1241]" captionTargetBox="[304,1285,383,1187]" captionTargetId="figure-102@9.[297,1291,381,1193]" captionTargetPageId="9" captionText="FIGURES 3-5. General habitus in Uvarovistia. 3—U. zebra, 4—U. satunini, 5—U. munzurensis sp.n. (for U. bakhtiara and U. iraka see photos in OSF2, Cigliano et al. (2020))" figureDoi="http://doi.org/10.5281/zenodo.4671963" httpUri="https://zenodo.org/record/4671963/files/figure.png" pageId="9" pageNumber="161">5</figureCitation>
, 
<figureCitation box="[336,351,1395,1421]" captionStart="FIGURES 6–8" captionStartId="10.[151,264,1629,1653]" captionTargetBox="[246,1338,273,1594]" captionTargetId="figure-68@10.[242,1345,273,1606]" captionTargetPageId="10" captionText="FIGURES 6–8. Head, pronotum and tegmina from above (A) and profile (B) in Uvarovistia. 6—U. zebra, 7—U. satunini, 8—U. munzurensis sp.n. (for U. bakhtiara and U. iraka see photos in OSF2, Cigliano et al. (2020))" figureDoi="http://doi.org/10.5281/zenodo.4671965" httpUri="https://zenodo.org/record/4671965/files/figure.png" pageId="9" pageNumber="161">8</figureCitation>
, 
<figureCitation box="[364,518,1395,1422]" captionStart="FIGURES 9–12" captionStartId="10.[151,264,1701,1725]" captionTargetBox="[246,1338,273,1594]" captionTargetId="figure-68@10.[242,1345,273,1606]" captionText="FIGURES 9–12. Male anal tergum in Uvarovistia. 9—U. zebra, 10—U. satunini, 11—U. munzurensis sp.n., 12-U. iraka (Figure 12 from Uvarov, 1934) FIGURES 13–17. Male cerci in Uvarovistia. 13—U. zebra, 14—U. satunini, 15—U. munzurensis sp.n., 16—U. bakhtiara, 17- U. iraka (Figures 16 and 17 from Uvarov, 1934) FIGURES 18–21. Male subgenital plate in Uvarovistia. 18—U. zebra, 19—U. satunini, 20—U. munzurensis sp.n., 21—U. bakhtiara (Figure 21 from modified from the photos in OSF2, Cigliano et al. (2020)) FIGURES 22–24. Titillators (dorsal and lateral view) in Uvarovistia. 22—U. zebra, 23—U. satunini, 24—U. munzurensis sp.n. (for U. bakhtiara see Ünal, 2012)" figureDoi="http://doi.org/10.5281/zenodo.4685934" httpUri="https://zenodo.org/record/4685934/files/figure.png" pageId="9" pageNumber="161">11, 15, 20, 24</figureCitation>
, 27, 
<figureCitation box="[572,602,1395,1421]" captionStart="FIGURES 30–33" captionStartId="11.[151,264,1396,1420]" captionTargetBox="[362,1228,598,1295]" captionTargetId="figure-136@11.[357,1229,592,1301]" captionText="FIGURES 30–33. Ovipositor in Uvarovistia. 30—U. zebra, 31—U. satunini, 32—U. munzurensis sp.n., 33—(for U. bakhtiara and U. iraka see the photos in OSF2, Cigliano et al. (2020))" figureDoi="http://doi.org/10.5281/zenodo.4685938" httpUri="https://zenodo.org/record/4685938/files/figure.png" pageId="9" pageNumber="161">32</figureCitation>
, 34; 
<tableCitation box="[657,773,1395,1422]" captionStart-0="TABLE 1" captionStart-1="TABLE 2" captionStart-2="TABLE 3" captionStart-3="TABLE 4" captionStart-4="TABLE 5" captionStartId-0="4.[151,239,404,428]" captionStartId-1="4.[151,239,1426,1450]" captionStartId-2="6.[151,239,620,644]" captionStartId-3="6.[151,239,1409,1433]" captionStartId-4="12.[151,239,903,927]" captionTargetBox-0="[163,1422,444,1377]" captionTargetPageId-1="4" captionTargetPageId-2="6" captionTargetPageId-3="6" captionTargetPageId-4="12" captionText-0="TABLE 1. Sequence accession numbers per marker, population and species." captionText-1="TABLE 2. Features of the sequences and matrices used in in the study." captionText-2="TABLE 3. The pairwise distance and F ST values calculated using mitochondrial sequences of COI, NAD2 and VAL for four populations examined (P1—Şɪrnak, P2—Bitlis, P3—Van and P4—Tunceli; *p&gt;0.05 in second panel of the table, not significant)." captionText-3="TABLE 4. Uncorrelated 12 bioclimatic variables their VIF scores." captionText-4="TABLE 5. Measurements for species of Uvarovistia." pageId="9" pageNumber="161">Tables 1-5</tableCitation>
)
</paragraph>
<paragraph blockId="9.[151,894,1463,1487]" box="[151,894,1463,1487]" pageId="9" pageNumber="161">
<uri box="[151,894,1463,1487]" pageId="9" pageNumber="161">
urn:lsid:zoobank.org:act: 
<uuid box="[397,894,1463,1487]" pageId="9" pageNumber="161">30944D17-40C0-47CC-A4D0-6AFE2A1202FA</uuid>
</uri>
</paragraph>
</subSubSection>
<subSubSection pageId="9" pageNumber="161" type="materials_examined">
<paragraph blockId="9.[151,1437,1534,2028]" pageId="9" pageNumber="161">
<emphasis box="[151,374,1534,1560]" italics="true" pageId="9" pageNumber="161">Material examined:</emphasis>
<materialsCitation collectingDate="1954-07-27" collectingDateMax="2014-06-19" collectingDateMin="1954-07-27" collectionCode="AUZM, T" country="Turkey" elevation="1697" pageId="9" pageNumber="161" specimenCount="13" specimenCount-female="9" specimenCount-male="4" stateProvince="Erzincan" typeStatus="holotype">
<emphasis box="[382,485,1534,1560]" italics="true" pageId="9" pageNumber="161">
<typeStatus box="[382,485,1534,1560]" pageId="9" pageNumber="161">Holotype</typeStatus>
</emphasis>
male, 
<collectingCountry box="[561,674,1534,1560]" name="Turkey" pageId="9" pageNumber="161">TURKEY</collectingCountry>
—road between 
<collectingRegion box="[862,962,1534,1560]" country="Turkey" name="Erzincan" pageId="9" pageNumber="161">Erzincan</collectingRegion>
and 
<collectingRegion box="[1017,1104,1534,1560]" country="Turkey" name="Tunceli" pageId="9" pageNumber="161">Tunceli</collectingRegion>
, 
<quantity box="[1117,1188,1534,1560]" metricMagnitude="4" metricUnit="m" metricValue="1.0" pageId="9" pageNumber="161" unit="km" value="10.0">10 km</quantity>
to Pülümür, N: 39 53 224, E: 39 90 079, 
<quantity box="[376,465,1570,1596]" metricMagnitude="3" metricUnit="m" metricValue="1.6969999999999998" pageId="9" pageNumber="161" unit="m" value="1697.0">
<elevation box="[376,465,1570,1596]" metricMagnitude="3" metricUnit="m" metricValue="1.6969999999999998" pageId="9" pageNumber="161" unit="m" value="1697.0">1697 m</elevation>
</quantity>
, 
<date box="[479,605,1570,1596]" pageId="9" pageNumber="161" value="2010-08-07">
<collectingDate box="[479,605,1570,1596]" pageId="9" pageNumber="161" value="2010-08-07">08.07.2010</collectingDate>
</date>
(leg 
<collectorName box="[667,838,1570,1597]" pageId="9" pageNumber="161">E.M. Korkmaz</collectorName>
) (
<collectionCode box="[862,951,1570,1596]" pageId="9" pageNumber="161">AUZM</collectionCode>
); 
<emphasis box="[972,1082,1571,1596]" italics="true" pageId="9" pageNumber="161">
<typeStatus box="[972,1082,1571,1596]" pageId="9" pageNumber="161">paratypes</typeStatus>
</emphasis>
<specimenCount box="[1092,1183,1570,1596]" pageId="9" pageNumber="161" type="male">2 males</specimenCount>
, 
<specimenCount box="[1197,1310,1570,1596]" pageId="9" pageNumber="161" type="female">3 females</specimenCount>
, same data as holotype; 
<emphasis box="[297,407,1607,1632]" italics="true" pageId="9" pageNumber="161">
<typeStatus box="[297,407,1607,1632]" pageId="9" pageNumber="161">paratypes</typeStatus>
</emphasis>
<specimenCount box="[416,504,1606,1632]" pageId="9" pageNumber="161" type="male">2 males</specimenCount>
<specimenCount box="[513,625,1606,1632]" pageId="9" pageNumber="161" type="female">4 females</specimenCount>
, TURKEY-Tunceli, road to Mazgirt, N: 39 03 53, E: 39 33 43, 1111 m 
<date box="[151,280,1642,1668]" pageId="9" pageNumber="161" value="2014-06-19">
<collectingDate box="[151,280,1642,1668]" pageId="9" pageNumber="161" value="2014-06-19">19.06.2014</collectingDate>
</date>
, (leg. 
<collectorName box="[356,449,1642,1668]" pageId="9" pageNumber="161">S. Kaya</collectorName>
&amp; 
<collectorName box="[492,647,1642,1669]" pageId="9" pageNumber="161">D. Chobanov</collectorName>
) (
<collectionCode box="[673,762,1642,1668]" pageId="9" pageNumber="161">AUZM</collectionCode>
); 
<emphasis box="[785,885,1643,1668]" italics="true" pageId="9" pageNumber="161">
<typeStatus box="[785,885,1643,1668]" pageId="9" pageNumber="161">paratype</typeStatus>
</emphasis>
<specimenCount box="[896,999,1642,1668]" pageId="9" pageNumber="161" type="female">1 female</specimenCount>
, TURKEY-Tunceli, Pülümür, Kayaçlɪ Köyü, N: 39 44 286, E:39 85 005, 
<date box="[531,658,1678,1704]" pageId="9" pageNumber="161" value="2010-08-07">
<collectingDate box="[531,658,1678,1704]" pageId="9" pageNumber="161" value="2010-08-07">08.07.2010</collectingDate>
</date>
(leg 
<collectorName box="[713,885,1678,1705]" pageId="9" pageNumber="161">E.M. Korkmaz</collectorName>
). The record “ 
<collectingRegion box="[1038,1126,1678,1704]" country="Turkey" name="Tunceli" pageId="9" pageNumber="161">Tunceli</collectingRegion>
, Ovacɪk, Karaoğlan Ormanɪ, 
<date box="[151,263,1714,1741]" pageId="9" pageNumber="161" value="1954-07-27">
<collectingDate box="[151,263,1714,1741]" pageId="9" pageNumber="161" value="1954-07-27">27.7.1954</collectingDate>
</date>
, 
<specimenCount box="[273,368,1714,1740]" pageId="9" pageNumber="161" type="female">1 female</specimenCount>
(leg. 
<collectionCode box="[431,449,1714,1740]" name="Tavera, Department of Geology and Geophysics" pageId="9" pageNumber="161">T</collectionCode>
. Karabağ)” by 
<bibRefCitation author="Karabag, T." box="[614,797,1713,1739]" pageId="9" pageNumber="161" refId="ref11307" refString="Karabag, T. 1958. A synonymic and distributional catalogue of Turkish Orthoptera (Turkiyenin Orthoptera faunasi). Ankara University, Science Faculty Publications, Ankara, 198 pp." type="book" year="1958">
<emphasis bold="true" box="[614,797,1713,1739]" pageId="9" pageNumber="161">Karabağ (1958)</emphasis>
</bibRefCitation>
possibly indicate to this species.
</materialsCitation>
</paragraph>
</subSubSection>
<subSubSection lastPageId="10" lastPageNumber="162" pageId="9" pageNumber="161" type="description">
<paragraph blockId="9.[151,1437,1534,2028]" pageId="9" pageNumber="161">
<emphasis box="[199,503,1750,1776]" italics="true" pageId="9" pageNumber="161">Description and diagnosis:</emphasis>
The new species shows general features of 
<taxonomicName authorityName="Maran" authorityYear="1953" box="[992,1123,1751,1776]" class="Insecta" family="Tettigoniidae" genus="Uvarovistia" kingdom="Animalia" order="Orthoptera" pageId="9" pageNumber="161" phylum="Arthropoda" rank="genus">
<emphasis box="[992,1123,1751,1776]" italics="true" pageId="9" pageNumber="161">Uvarovistia</emphasis>
</taxonomicName>
as robust body, the rounded and elongated pronotum and almost totally concealed male tegmina and shares the unique homologies of the genus black abdominal terminal, genus specific titillators (with roundly curved basal arms and long and long twice curved apical arms, thick ovipositor, and large transversal female subgenital plate). Further description of the species can be found in 
<figureCitation box="[286,391,1894,1920]" captionStart="FIGURE 1" captionStartId="7.[151,250,1274,1298]" captionTargetBox="[159,1428,190,1245]" captionTargetId="figure-23@7.[151,1436,181,1250]" captionTargetPageId="7" captionText="FIGURE 1. The networks of four single gene markers (a-COI, b—NAD2, c-VAL and d-ITS) prepared using the haplotypes determined in three species of Uvarovistia as U. zebra (Uz), U. satunini (Us), U. munzurensis sp. n.(Um) (the number along the species abbreviations indicates to the unique haplotype determined in the species; dashed lines indicate to phylogroups obtained by ML and BI phylogenetic analyses (posterior probality/bootstrap support from each are indicated; the number of mutation between haplogroups and haplotypes are indicated by numbers (for&gt;2) or by line(s) (for ≤ 2)." figureDoi="http://doi.org/10.5281/zenodo.4671959" httpUri="https://zenodo.org/record/4671959/files/figure.png" pageId="9" pageNumber="161">Figures 1</figureCitation>
, 
<figureCitation box="[405,421,1894,1920]" captionStart="FIGURE 2" captionStartId="8.[151,250,1384,1408]" captionTargetBox="[162,1428,391,1351]" captionTargetId="figure-129@8.[151,1436,381,1361]" captionTargetPageId="8" captionText="FIGURE 2. Phylogenetic tree, chronogram and taxonomic pattern obtained from the matrix constituted by concatenation of COI+NAD2+VAL sequences. The bootstrap (ML)/ posterior probability (BI) supports to the node are given above the node and the time to most recent common ancestor (TMRCA) and the 95% HPD as million years below the node. The results from species delimitation test indicated by a single bar line as all support the same species pattern. Supports to each scenario proposed in BPP species delimitation test shown in dashed box." figureDoi="http://doi.org/10.5281/zenodo.4671961" httpUri="https://zenodo.org/record/4671961/files/figure.png" pageId="9" pageNumber="161">2</figureCitation>
, 
<figureCitation box="[433,448,1894,1920]" captionStart="FIGURES 3-5" captionStartId="9.[151,264,1217,1241]" captionTargetBox="[304,1285,383,1187]" captionTargetId="figure-102@9.[297,1291,381,1193]" captionTargetPageId="9" captionText="FIGURES 3-5. General habitus in Uvarovistia. 3—U. zebra, 4—U. satunini, 5—U. munzurensis sp.n. (for U. bakhtiara and U. iraka see photos in OSF2, Cigliano et al. (2020))" figureDoi="http://doi.org/10.5281/zenodo.4671963" httpUri="https://zenodo.org/record/4671963/files/figure.png" pageId="9" pageNumber="161">3</figureCitation>
, 
<figureCitation box="[461,476,1894,1920]" captionStart="FIGURES 6–8" captionStartId="10.[151,264,1629,1653]" captionTargetBox="[246,1338,273,1594]" captionTargetId="figure-68@10.[242,1345,273,1606]" captionTargetPageId="10" captionText="FIGURES 6–8. Head, pronotum and tegmina from above (A) and profile (B) in Uvarovistia. 6—U. zebra, 7—U. satunini, 8—U. munzurensis sp.n. (for U. bakhtiara and U. iraka see photos in OSF2, Cigliano et al. (2020))" figureDoi="http://doi.org/10.5281/zenodo.4671965" httpUri="https://zenodo.org/record/4671965/files/figure.png" pageId="9" pageNumber="161">8</figureCitation>
, 
<figureCitation box="[489,644,1894,1921]" captionStart="FIGURES 9–12" captionStartId="10.[151,264,1701,1725]" captionTargetBox="[246,1338,273,1594]" captionTargetId="figure-68@10.[242,1345,273,1606]" captionText="FIGURES 9–12. Male anal tergum in Uvarovistia. 9—U. zebra, 10—U. satunini, 11—U. munzurensis sp.n., 12-U. iraka (Figure 12 from Uvarov, 1934) FIGURES 13–17. Male cerci in Uvarovistia. 13—U. zebra, 14—U. satunini, 15—U. munzurensis sp.n., 16—U. bakhtiara, 17- U. iraka (Figures 16 and 17 from Uvarov, 1934) FIGURES 18–21. Male subgenital plate in Uvarovistia. 18—U. zebra, 19—U. satunini, 20—U. munzurensis sp.n., 21—U. bakhtiara (Figure 21 from modified from the photos in OSF2, Cigliano et al. (2020)) FIGURES 22–24. Titillators (dorsal and lateral view) in Uvarovistia. 22—U. zebra, 23—U. satunini, 24—U. munzurensis sp.n. (for U. bakhtiara see Ünal, 2012)" figureDoi="http://doi.org/10.5281/zenodo.4685934" httpUri="https://zenodo.org/record/4685934/files/figure.png" pageId="9" pageNumber="161">11, 15, 20, 24</figureCitation>
, 27, 
<figureCitation box="[698,728,1894,1920]" captionStart="FIGURES 30–33" captionStartId="11.[151,264,1396,1420]" captionTargetBox="[362,1228,598,1295]" captionTargetId="figure-136@11.[357,1229,592,1301]" captionText="FIGURES 30–33. Ovipositor in Uvarovistia. 30—U. zebra, 31—U. satunini, 32—U. munzurensis sp.n., 33—(for U. bakhtiara and U. iraka see the photos in OSF2, Cigliano et al. (2020))" figureDoi="http://doi.org/10.5281/zenodo.4685938" httpUri="https://zenodo.org/record/4685938/files/figure.png" pageId="9" pageNumber="161">32</figureCitation>
, 34; 
<tableCitation box="[782,902,1894,1920]" captionStart-0="TABLE 1" captionStart-1="TABLE 2" captionStart-2="TABLE 3" captionStart-3="TABLE 4" captionStartId-0="4.[151,239,404,428]" captionStartId-1="4.[151,239,1426,1450]" captionStartId-2="6.[151,239,620,644]" captionStartId-3="6.[151,239,1409,1433]" captionTargetBox-0="[163,1422,444,1377]" captionTargetPageId-1="4" captionTargetPageId-2="6" captionTargetPageId-3="6" captionText-0="TABLE 1. Sequence accession numbers per marker, population and species." captionText-1="TABLE 2. Features of the sequences and matrices used in in the study." captionText-2="TABLE 3. The pairwise distance and F ST values calculated using mitochondrial sequences of COI, NAD2 and VAL for four populations examined (P1—Şɪrnak, P2—Bitlis, P3—Van and P4—Tunceli; *p&gt;0.05 in second panel of the table, not significant)." captionText-3="TABLE 4. Uncorrelated 12 bioclimatic variables their VIF scores." pageId="9" pageNumber="161">Tables 1-4</tableCitation>
.
</paragraph>
<paragraph blockId="9.[151,1437,1534,2028]" lastBlockId="10.[151,1437,151,249]" lastPageId="10" lastPageNumber="162" pageId="9" pageNumber="161">
The new species is considered as a cryptic species that hardly can be distinguished from 
<taxonomicName authorityName="Uvarov" authorityYear="1916" box="[1177,1299,1931,1956]" genus="Olynthoscelis" kingdom="Animalia" pageId="9" pageNumber="161" rank="species" species="satunini">
<emphasis box="[1177,1299,1931,1956]" italics="true" pageId="9" pageNumber="161">U. satunini</emphasis>
</taxonomicName>
by morphological features generally regarded in previous literature. It differs from the sister species mainly by the rudimentary processes of male anal tergum and weaker tooth of male cerci. But, genetic data of three mitochondrial genes clearly support it as a distinct species.Additionally, the molecular clock estimation suggests that 
<taxonomicName authorityName="Uluar &amp; Yahyaoğlu &amp; Çiplak" authorityYear="2021" box="[1116,1284,151,176]" class="Insecta" family="Tettigoniidae" genus="Uvarovistia" kingdom="Animalia" order="Orthoptera" pageId="10" pageNumber="162" phylum="Arthropoda" rank="species" species="munzurensis">
<emphasis box="[1116,1284,151,176]" italics="true" pageId="10" pageNumber="162">U. munzurensis</emphasis>
</taxonomicName>
and 
<taxonomicName authorityName="Uvarov" authorityYear="1916" genus="Olynthoscelis" kingdom="Animalia" pageId="10" pageNumber="162" rank="species" species="satunini">
<emphasis italics="true" pageId="10" pageNumber="162">U. satunini</emphasis>
</taxonomicName>
share a common ancestor around two million years ago and remained isolated since then (see Discussion below).
</paragraph>
</subSubSection>
<subSubSection box="[199,1148,223,249]" pageId="10" pageNumber="162" type="etymology">
<paragraph blockId="10.[151,1437,151,249]" box="[199,1148,223,249]" pageId="10" pageNumber="162">
<emphasis box="[199,319,223,249]" italics="true" pageId="10" pageNumber="162">Etymology</emphasis>
. The new species named after the 
<typeStatus box="[706,754,223,249]" pageId="10" pageNumber="162">type</typeStatus>
locality, Munzur Mountain Range.
</paragraph>
</subSubSection>
</treatment>
</subSubSection>
</treatment>
</document>