<document ID-DOI="http://doi.org/10.5281/zenodo.4685815" ID-GBIF-Dataset="9df2f318-f536-45e4-9d05-6622b96e9e25" ID-ISSN="1175-5326" ID-Zenodo-Dep="4685815" ID-ZooBank="F744B4F8-100D-44BE-AB23-C3662E08F324" _generate="added" checkinTime="1617875445080" checkinUser="plazi" docAuthor="Uluar, Onur, Yahyaoğlu, Özgül &amp; Çiplak, Battal" docDate="2021" docId="D03F87E4D113505EFF42DFCE4DF1AD18" docLanguage="en" docName="zootaxa.4952.1.9.pdf" docOrigin="Zootaxa 4952 (1)" docStyle="DocumentStyle:647186512141C8FC8976D5BCC54AEB7D.6:Zootaxa.2013.journal_article" docStyleId="647186512141C8FC8976D5BCC54AEB7D" docStyleName="Zootaxa.2013.journal_article" docStyleVersion="6" docTitle="Uvarovistia iraka" docType="treatment" docVersion="6" lastPageId="12" lastPageNumber="164" masterDocId="2C06FF9CD1185052FFD5DF594C5AAC59" masterDocTitle="Review of Uvarovistia (Orthoptera: Tettigoniidae; Tettigoniinae): genetic data indicate a new cryptic species, Uvarovistia munzurensis sp. n." masterLastPageNumber="168" masterPageNumber="152" pageId="11" pageNumber="163" updateTime="1618349566220" updateUser="ExternalLinkService" zenodo-license-document="CLOSED">
<mods:mods xmlns:mods="http://www.loc.gov/mods/v3">
<mods:titleInfo>
<mods:title>Review of Uvarovistia (Orthoptera: Tettigoniidae; Tettigoniinae): genetic data indicate a new cryptic species, Uvarovistia munzurensis sp. n.</mods:title>
</mods:titleInfo>
<mods:name type="personal">
<mods:role>
<mods:roleTerm>Author</mods:roleTerm>
</mods:role>
<mods:namePart>Uluar, Onur</mods:namePart>
<mods:nameIdentifier type="ORCID">0000-0002-5039-8024</mods:nameIdentifier>
<mods:affiliation>onuruluar @ gmail. com; https: // orcid. org / 0000 - 0002 - 5039 - 8024</mods:affiliation>
<mods:nameIdentifier type="email">onuruluar@gmail.com</mods:nameIdentifier>
</mods:name>
<mods:name type="personal">
<mods:role>
<mods:roleTerm>Author</mods:roleTerm>
</mods:role>
<mods:namePart>Yahyaoğlu, Özgül</mods:namePart>
<mods:nameIdentifier type="ORCID">0000-0001-7965-7117</mods:nameIdentifier>
<mods:affiliation>ozgulyahyaoglu @ gmail. com; https: // orcid. org / 0000 - 0001 - 7965 - 7117</mods:affiliation>
<mods:nameIdentifier type="email">ozgulyahyaoglu@gmail.com</mods:nameIdentifier>
</mods:name>
<mods:name type="personal">
<mods:role>
<mods:roleTerm>Author</mods:roleTerm>
</mods:role>
<mods:namePart>Çiplak, Battal</mods:namePart>
</mods:name>
<mods:typeOfResource>text</mods:typeOfResource>
<mods:relatedItem type="host">
<mods:titleInfo>
<mods:title>Zootaxa</mods:title>
</mods:titleInfo>
<mods:part>
<mods:date>2021</mods:date>
<mods:detail type="pubDate">
<mods:number>2021-04-08</mods:number>
</mods:detail>
<mods:detail type="volume">
<mods:number>4952</mods:number>
</mods:detail>
<mods:detail type="issue">
<mods:number>1</mods:number>
</mods:detail>
<mods:extent unit="page">
<mods:start>152</mods:start>
<mods:end>168</mods:end>
</mods:extent>
</mods:part>
</mods:relatedItem>
<mods:classification>journal article</mods:classification>
<mods:identifier type="DOI">https://doi.org/10.11646/zootaxa.4952.1.9</mods:identifier>
<mods:identifier type="GBIF-Dataset">9df2f318-f536-45e4-9d05-6622b96e9e25</mods:identifier>
<mods:identifier type="ISSN">1175-5326</mods:identifier>
<mods:identifier type="Zenodo-Dep">4671957</mods:identifier>
<mods:identifier type="ZooBank">F744B4F8-100D-44BE-AB23-C3662E08F324</mods:identifier>
</mods:mods>
<treatment ID-DOI="http://doi.org/10.5281/zenodo.4685815" ID-Zenodo-Dep="4685815" LSID="urn:lsid:plazi:treatment:D03F87E4D113505EFF42DFCE4DF1AD18" httpUri="http://treatment.plazi.org/id/D03F87E4D113505EFF42DFCE4DF1AD18" lastPageId="12" lastPageNumber="164" pageId="11" pageNumber="163">
<subSubSection box="[151,551,151,178]" pageId="11" pageNumber="163" type="nomenclature">
<paragraph blockId="11.[151,551,151,178]" box="[151,551,151,178]" pageId="11" pageNumber="163">
<heading bold="true" box="[151,551,151,178]" fontSize="11" level="1" pageId="11" pageNumber="163" reason="1">
<taxonomicName authority="(Uvarov, 1934)" baseAuthorityName="Uvarov" baseAuthorityYear="1934" box="[151,551,151,178]" class="Insecta" family="Tettigoniidae" genus="Uvarovistia" kingdom="Animalia" order="Orthoptera" pageId="11" pageNumber="163" phylum="Arthropoda" rank="species" species="iraka">
<emphasis bold="true" box="[151,551,151,178]" pageId="11" pageNumber="163">
<emphasis bold="true" box="[151,361,151,178]" italics="true" pageId="11" pageNumber="163">Uvarovistia iraka</emphasis>
(
<bibRefCitation author="Uvarov, B. P." box="[376,543,151,177]" pageId="11" pageNumber="163" pagination="21 - 119" refId="ref13022" refString="Uvarov, B. P. (1934) Studies in the Orthoptera of Turkey, Iraq and Syria. Eos, Revista Espanola de Entomologia, 10, 21 - 119." type="journal article" year="1934">Uvarov, 1934</bibRefCitation>
)
</emphasis>
</taxonomicName>
</heading>
</paragraph>
</subSubSection>
<subSubSection pageId="11" pageNumber="163" type="reference_group">
<paragraph blockId="11.[151,527,219,281]" box="[151,527,219,244]" pageId="11" pageNumber="163">
<treatmentCitationGroup box="[151,527,219,244]" pageId="11" pageNumber="163">
<treatmentCitation author="Uvarov, B. P." box="[151,527,219,244]" page="59" pageId="11" pageNumber="163" year="1934">
<taxonomicName authority="Uvarov, 1934: 59" authorityName="Uvarov" authorityPageNumber="59" authorityYear="1934" box="[151,527,219,244]" class="Insecta" family="Tettigoniidae" genus="Pholidoptera" kingdom="Animalia" order="Orthoptera" pageId="11" pageNumber="163" phylum="Arthropoda" rank="species" species="iraka">
<emphasis box="[151,344,220,244]" italics="true" pageId="11" pageNumber="163">Pholidoptera iraka</emphasis>
<bibRefCitation author="Uvarov, B. P." box="[351,527,219,244]" pageId="11" pageNumber="163" pagination="21 - 119" refId="ref13022" refString="Uvarov, B. P. (1934) Studies in the Orthoptera of Turkey, Iraq and Syria. Eos, Revista Espanola de Entomologia, 10, 21 - 119." type="journal article" year="1934">Uvarov, 1934: 59</bibRefCitation>
</taxonomicName>
</treatmentCitation>
</treatmentCitationGroup>
</paragraph>
<paragraph blockId="11.[151,527,219,281]" box="[151,512,254,281]" pageId="11" pageNumber="163">
(
<figureCitation box="[159,324,254,280]" captionStart="FIGURES 9–12" captionStartId="10.[151,264,1701,1725]" captionTargetBox="[246,1338,273,1594]" captionTargetId="figure-68@10.[242,1345,273,1606]" captionText="FIGURES 9–12. Male anal tergum in Uvarovistia. 9—U. zebra, 10—U. satunini, 11—U. munzurensis sp.n., 12-U. iraka (Figure 12 from Uvarov, 1934) FIGURES 13–17. Male cerci in Uvarovistia. 13—U. zebra, 14—U. satunini, 15—U. munzurensis sp.n., 16—U. bakhtiara, 17- U. iraka (Figures 16 and 17 from Uvarov, 1934) FIGURES 18–21. Male subgenital plate in Uvarovistia. 18—U. zebra, 19—U. satunini, 20—U. munzurensis sp.n., 21—U. bakhtiara (Figure 21 from modified from the photos in OSF2, Cigliano et al. (2020)) FIGURES 22–24. Titillators (dorsal and lateral view) in Uvarovistia. 22—U. zebra, 23—U. satunini, 24—U. munzurensis sp.n. (for U. bakhtiara see Ünal, 2012)" figureDoi="http://doi.org/10.5281/zenodo.4685934" httpUri="https://zenodo.org/record/4685934/files/figure.png" pageId="11" pageNumber="163">Figures 12, 17</figureCitation>
, 29, 34; 
<tableCitation box="[420,503,254,281]" captionStart="TABLE 5" captionStartId="12.[151,239,903,927]" captionTargetPageId="12" captionText="TABLE 5. Measurements for species of Uvarovistia." pageId="11" pageNumber="163">Table 5</tableCitation>
)
</paragraph>
</subSubSection>
<subSubSection lastPageId="12" lastPageNumber="164" pageId="11" pageNumber="163" type="discussion">
<paragraph blockId="11.[151,1436,326,532]" pageId="11" pageNumber="163">
<emphasis box="[151,258,326,352]" italics="true" pageId="11" pageNumber="163">Remarks:</emphasis>
For description see 
<bibRefCitation author="Uvarov, B. P." box="[493,660,326,352]" pageId="11" pageNumber="163" pagination="21 - 119" refId="ref13022" refString="Uvarov, B. P. (1934) Studies in the Orthoptera of Turkey, Iraq and Syria. Eos, Revista Espanola de Entomologia, 10, 21 - 119." type="journal article" year="1934">Uvarov (1934)</bibRefCitation>
and data presented in this study. 
<taxonomicName authorityName="Uvarov" authorityYear="1934" box="[1044,1139,326,352]" class="Insecta" family="Tettigoniidae" genus="Pholidoptera" kingdom="Animalia" order="Orthoptera" pageId="11" pageNumber="163" phylum="Arthropoda" rank="species" species="iraka">
<emphasis box="[1044,1139,326,352]" italics="true" pageId="11" pageNumber="163">U. iraka</emphasis>
</taxonomicName>
and 
<taxonomicName baseAuthorityName="Uvarov" baseAuthorityYear="1934" box="[1198,1343,326,352]" class="Insecta" family="Tettigoniidae" genus="Uvarovistia" kingdom="Animalia" order="Orthoptera" pageId="11" pageNumber="163" phylum="Arthropoda" rank="species" species="bakhtiara">
<emphasis box="[1198,1343,326,352]" italics="true" pageId="11" pageNumber="163">U. bakhtiara</emphasis>
</taxonomicName>
are two most similar species in the 
<emphasis bold="true" box="[451,635,361,388]" pageId="11" pageNumber="163">
<emphasis bold="true" box="[451,551,362,388]" italics="true" pageId="11" pageNumber="163">Satunini</emphasis>
Group
</emphasis>
. These two species are similar, also can be distinguished from other two species in the group, by asymmetrical apical arms of titillators, relatively stronger tooth of male cerci, and large and furrowed/modified female subgenital plate. The medial transverse sulcus of female subgenital plate and tooth of male cercus located distad of the middle are two main characters distinguishing this species from 
<taxonomicName baseAuthorityName="Uvarov" baseAuthorityYear="1934" box="[1241,1384,470,496]" class="Insecta" family="Tettigoniidae" genus="Uvarovistia" kingdom="Animalia" order="Orthoptera" pageId="11" pageNumber="163" phylum="Arthropoda" rank="species" species="bakhtiara">
<emphasis box="[1241,1384,470,496]" italics="true" pageId="11" pageNumber="163">U. bakhtiara</emphasis>
</taxonomicName>
. For further evaluations see Discussion below.
</paragraph>
<caption ID-DOI="http://doi.org/10.5281/zenodo.4671967" ID-Zenodo-Dep="4671967" httpUri="https://zenodo.org/record/4671967/files/figure.png" pageId="11" pageNumber="163" startId="11.[151,264,1324,1348]" targetBox="[362,1228,598,1295]" targetPageId="11">
<paragraph blockId="11.[151,1437,1324,1385]" pageId="11" pageNumber="163">
<emphasis bold="true" box="[151,342,1324,1349]" pageId="11" pageNumber="163">FIGURES 25–29.</emphasis>
Female subgenital plate (ventral and lateral view) in 
<taxonomicName authorityName="Maran" authorityYear="1953" box="[896,1015,1325,1348]" class="Insecta" family="Tettigoniidae" genus="Uvarovistia" kingdom="Animalia" order="Orthoptera" pageId="11" pageNumber="163" phylum="Arthropoda" rank="genus">
<emphasis box="[896,1015,1325,1348]" italics="true" pageId="11" pageNumber="163">Uvarovistia</emphasis>
</taxonomicName>
. 25— 
<taxonomicName box="[1079,1168,1325,1349]" genus="Olynthoscelis" kingdom="Animalia" pageId="11" pageNumber="163" rank="species" species="zebra">
<emphasis box="[1079,1168,1325,1349]" italics="true" pageId="11" pageNumber="163">U. zebra</emphasis>
</taxonomicName>
, 26— 
<taxonomicName authorityName="Uvarov" authorityYear="1916" box="[1233,1347,1325,1348]" genus="Olynthoscelis" kingdom="Animalia" pageId="11" pageNumber="163" rank="species" species="satunini">
<emphasis box="[1233,1347,1325,1348]" italics="true" pageId="11" pageNumber="163">U. satunini</emphasis>
</taxonomicName>
, 27— 
<taxonomicName authority="Uluar &amp; Yahyaoğlu &amp; Çiplak, 2021" authorityName="Uluar &amp; Yahyaoğlu &amp; Çiplak" authorityYear="2021" class="Insecta" family="Tettigoniidae" genus="Uvarovistia" kingdom="Animalia" order="Orthoptera" pageId="11" pageNumber="163" phylum="Arthropoda" rank="species" species="munzurensis" status="sp.n.">
<emphasis italics="true" pageId="11" pageNumber="163">U. munzurensis</emphasis>
</taxonomicName>
<taxonomicNameLabel box="[283,333,1361,1384]" pageId="11" pageNumber="163" rank="species">sp.n.</taxonomicNameLabel>
, 28— 
<taxonomicName baseAuthorityName="Uvarov" baseAuthorityYear="1934" box="[394,524,1361,1385]" class="Insecta" family="Tettigoniidae" genus="Uvarovistia" kingdom="Animalia" order="Orthoptera" pageId="11" pageNumber="163" phylum="Arthropoda" rank="species" species="bakhtiara">
<emphasis box="[394,524,1361,1385]" italics="true" pageId="11" pageNumber="163">U. bakhtiara</emphasis>
</taxonomicName>
, 29— 
<taxonomicName authorityName="Uvarov" authorityYear="1934" box="[587,671,1361,1385]" class="Insecta" family="Tettigoniidae" genus="Pholidoptera" kingdom="Animalia" order="Orthoptera" pageId="11" pageNumber="163" phylum="Arthropoda" rank="species" species="iraka">
<emphasis box="[587,671,1361,1385]" italics="true" pageId="11" pageNumber="163">U. iraka</emphasis>
</taxonomicName>
(Figures 28 and 29 from 
<bibRefCitation author="Uvarov, B. P." box="[931,1070,1361,1385]" pageId="11" pageNumber="163" pagination="21 - 119" refId="ref13022" refString="Uvarov, B. P. (1934) Studies in the Orthoptera of Turkey, Iraq and Syria. Eos, Revista Espanola de Entomologia, 10, 21 - 119." type="journal article" year="1934">Uvarov, 1934</bibRefCitation>
)
</paragraph>
</caption>
<caption ID-DOI="http://doi.org/10.5281/zenodo.4685938" ID-Zenodo-Dep="4685938" httpUri="https://zenodo.org/record/4685938/files/figure.png" pageId="11" pageNumber="163" startId="11.[151,264,1396,1420]" targetBox="[362,1228,598,1295]" targetPageId="11">
<paragraph blockId="11.[151,1437,1396,1457]" pageId="11" pageNumber="163">
<emphasis bold="true" box="[151,340,1396,1421]" pageId="11" pageNumber="163">FIGURES 30–33.</emphasis>
Ovipositor in 
<taxonomicName authorityName="Maran" authorityYear="1953" box="[485,604,1397,1420]" class="Insecta" family="Tettigoniidae" genus="Uvarovistia" kingdom="Animalia" order="Orthoptera" pageId="11" pageNumber="163" phylum="Arthropoda" rank="genus">
<emphasis box="[485,604,1397,1420]" italics="true" pageId="11" pageNumber="163">Uvarovistia</emphasis>
</taxonomicName>
. 30— 
<taxonomicName box="[666,753,1397,1421]" genus="Olynthoscelis" kingdom="Animalia" pageId="11" pageNumber="163" rank="species" species="zebra">
<emphasis box="[666,753,1397,1421]" italics="true" pageId="11" pageNumber="163">U. zebra</emphasis>
</taxonomicName>
, 31— 
<taxonomicName authorityName="Uvarov" authorityYear="1916" box="[816,928,1397,1420]" genus="Olynthoscelis" kingdom="Animalia" pageId="11" pageNumber="163" rank="species" species="satunini">
<emphasis box="[816,928,1397,1420]" italics="true" pageId="11" pageNumber="163">U. satunini</emphasis>
</taxonomicName>
, 32— 
<taxonomicName authority="Uluar &amp; Yahyaoğlu &amp; Çiplak, 2021" authorityName="Uluar &amp; Yahyaoğlu &amp; Çiplak" authorityYear="2021" box="[991,1147,1397,1420]" class="Insecta" family="Tettigoniidae" genus="Uvarovistia" kingdom="Animalia" order="Orthoptera" pageId="11" pageNumber="163" phylum="Arthropoda" rank="species" species="munzurensis" status="sp.n.">
<emphasis box="[991,1147,1397,1420]" italics="true" pageId="11" pageNumber="163">U. munzurensis</emphasis>
</taxonomicName>
<taxonomicNameLabel box="[1153,1203,1397,1420]" pageId="11" pageNumber="163" rank="species">sp.n.</taxonomicNameLabel>
, 33—(for 
<taxonomicName baseAuthorityName="Uvarov" baseAuthorityYear="1934" box="[1307,1437,1397,1421]" class="Insecta" family="Tettigoniidae" genus="Uvarovistia" kingdom="Animalia" order="Orthoptera" pageId="11" pageNumber="163" phylum="Arthropoda" rank="species" species="bakhtiara">
<emphasis box="[1307,1437,1397,1421]" italics="true" pageId="11" pageNumber="163">U. bakhtiara</emphasis>
</taxonomicName>
and 
<taxonomicName authorityName="Uvarov" authorityYear="1934" box="[194,278,1433,1457]" class="Insecta" family="Tettigoniidae" genus="Pholidoptera" kingdom="Animalia" order="Orthoptera" pageId="11" pageNumber="163" phylum="Arthropoda" rank="species" species="iraka">
<emphasis box="[194,278,1433,1457]" italics="true" pageId="11" pageNumber="163">U. iraka</emphasis>
</taxonomicName>
see the photos in OSF2, 
<bibRefCitation author="Cigliano, M. M. &amp; Braun, H. &amp; Eades, D. C. &amp; Otte, D." box="[533,759,1433,1457]" pageId="11" pageNumber="163" refId="ref10215" refString="Cigliano, M. M., Braun, H., Eades, D. C., Otte, D. (2020) Orthoptera species file online Version 5.0 / 5.0. Available from: http: // Orthoptera. SpeciesFile. org (accessed 1 October 2020)." type="url" year="2020">
Cigliano 
<emphasis box="[626,677,1433,1457]" italics="true" pageId="11" pageNumber="163">et al.</emphasis>
(2020))
</bibRefCitation>
</paragraph>
</caption>
<caption ID-DOI="http://doi.org/10.5281/zenodo.4671969" ID-Zenodo-Dep="4671969" httpUri="https://zenodo.org/record/4671969/files/figure.png" pageId="11" pageNumber="163" startId="11.[151,250,1921,1945]" targetBox="[402,1185,1483,1894]" targetPageId="11">
<paragraph blockId="11.[151,1437,1921,2017]" pageId="11" pageNumber="163">
<emphasis bold="true" box="[151,287,1921,1945]" pageId="11" pageNumber="163">FIGURE 34.</emphasis>
Distribution of 
<taxonomicName authorityName="Maran" authorityYear="1953" box="[448,567,1922,1945]" class="Insecta" family="Tettigoniidae" genus="Uvarovistia" kingdom="Animalia" order="Orthoptera" pageId="11" pageNumber="163" phylum="Arthropoda" rank="genus">
<emphasis box="[448,567,1922,1945]" italics="true" pageId="11" pageNumber="163">Uvarovistia</emphasis>
</taxonomicName>
prepared from all earlier and present records (a), and the habitat suitability maps of 
<taxonomicName authorityName="Uluar &amp; Yahyaoğlu &amp; Çiplak" authorityYear="2021" class="Insecta" family="Tettigoniidae" genus="Uvarovistia" kingdom="Animalia" order="Orthoptera" pageId="11" pageNumber="163" phylum="Arthropoda" rank="species" species="munzurensis">
<emphasis italics="true" pageId="11" pageNumber="163">U. munzurensis</emphasis>
</taxonomicName>
(b) and 
<taxonomicName authorityName="Uvarov" authorityYear="1916" box="[360,473,1958,1981]" genus="Olynthoscelis" kingdom="Animalia" pageId="11" pageNumber="163" rank="species" species="satunini">
<emphasis box="[360,473,1958,1981]" italics="true" pageId="11" pageNumber="163">U. satunini</emphasis>
</taxonomicName>
(c) produced by SDM analyses per species (the colour scales along the b and c indicates habitat suitability and its probability).
</paragraph>
</caption>
<paragraph blockId="12.[151,1436,151,322]" pageId="12" pageNumber="164">
<materialsCitation collectingDate="1932-05-28" country="Iraq" county="Distribution" location="Penjwin" municipality="Between Sulaymaniah" pageId="12" pageNumber="164" specimenCount="10" specimenCount-male="10" stateProvince="Kordestan" typeStatus="holotype">
<emphasis box="[199,588,151,177]" italics="true" pageId="12" pageNumber="164">
<typeStatus box="[199,251,151,176]" pageId="12" pageNumber="164">Type</typeStatus>
information and distribution:
</emphasis>
<collectingCounty box="[596,736,151,177]" pageId="12" pageNumber="164">Distribution</collectingCounty>
: 
<collectingCountry box="[746,814,151,177]" name="Iraq" pageId="12" pageNumber="164">IRAQ</collectingCountry>
— 
<collectingRegion box="[843,1004,151,177]" country="Iran" name="Kordestan" pageId="12" pageNumber="164">KURDISTAN</collectingRegion>
— 
<collectingMunicipality box="[1032,1282,151,177]" pageId="12" pageNumber="164">Between Sulaymaniah</collectingMunicipality>
and 
<location LSID="urn:lsid:plazi:treatment:D03F87E4D113505EFF42DFCE4DF1AD18:5D496029D114505EFAECDFCE49C2ACE8" box="[1337,1432,151,177]" country="Iraq" county="Distribution" municipality="Between Sulaymaniah" name="Penjwin" pageId="12" pageNumber="164" stateProvince="Kordestan">Penjwin</location>
, 
<date box="[151,266,186,213]" pageId="12" pageNumber="164" value="1932-05-28">
<collectingDate box="[151,266,186,213]" pageId="12" pageNumber="164" value="1932-05-28">28.5.1932</collectingDate>
</date>
, 
<specimenCount box="[276,375,187,213]" pageId="12" pageNumber="164" type="male">10 males</specimenCount>
(including the 
<typeStatus box="[543,595,187,213]" pageId="12" pageNumber="164">type</typeStatus>
)
</materialsCitation>
, 
<materialsCitation collectingDate="1914-05-13" collectorName="B. P. Uvarov" country="Iran" location="Kahi-Bamu" municipality="river Abbasan" pageId="12" pageNumber="164" specimenCount="8" specimenCount-female="8" stateProvince="Lorestan" typeStatus="holotype">
<specimenCount box="[613,720,187,213]" pageId="12" pageNumber="164" type="female">7 females</specimenCount>
(leg. 
<collectorName box="[783,923,187,213]" pageId="12" pageNumber="164">B.P. Uvarov</collectorName>
); WEST 
<collectingCountry box="[1022,1120,187,213]" name="Iran" pageId="12" pageNumber="164">PERSIA</collectingCountry>
— 
<collectingRegion box="[1149,1243,187,213]" country="Iran" name="Lorestan" pageId="12" pageNumber="164">Luristan</collectingRegion>
, 
<collectingMunicipality box="[1253,1408,187,213]" pageId="12" pageNumber="164">river Abbasan</collectingMunicipality>
to r. 
<location LSID="urn:lsid:plazi:treatment:D03F87E4D113505EFF42DFCE4DF1AD18:5D496029D114505EFF79DF864D68ACA0" box="[172,306,223,249]" country="Iran" municipality="river Abbasan" name="Kahi-Bamu" pageId="12" pageNumber="164" stateProvince="Lorestan">Kahi-Bamu</location>
, 
<date box="[315,430,222,249]" pageId="12" pageNumber="164" value="1914-05-13">
<collectingDate box="[315,430,222,249]" pageId="12" pageNumber="164" value="1914-05-13">13.5.1914</collectingDate>
</date>
, 
<specimenCount box="[440,540,223,249]" pageId="12" pageNumber="164" type="female">1 female</specimenCount>
</materialsCitation>
; 
<materialsCitation box="[549,936,222,249]" collectingDate="1914-05-15" country="Iran" location="river Abbasan" pageId="12" pageNumber="164" specimenCount="1" specimenCount-female="1" stateProvince="Lorestan" typeStatus="holotype">
<location LSID="urn:lsid:plazi:treatment:D03F87E4D113505EFF42DFCE4DF1AD18:5D496029D114505EFDF0DF864E99ACA0" box="[549,707,223,249]" country="Iran" name="river Abbasan" pageId="12" pageNumber="164" stateProvince="Lorestan">river Abbasan</location>
, 
<date box="[717,832,222,249]" pageId="12" pageNumber="164" value="1914-05-15">
<collectingDate box="[717,832,222,249]" pageId="12" pageNumber="164" value="1914-05-15">15.5.1914</collectingDate>
</date>
, 
<specimenCount box="[842,936,223,249]" pageId="12" pageNumber="164" type="female">1female</specimenCount>
</materialsCitation>
; 
<materialsCitation collectorName="P. Nesterov" country="Iran" county="river Abbasan" location="Gotvend" municipality="Sheikh Nazwad" pageId="12" pageNumber="164" specimenCount="4" specimenCount-female="3" specimenCount-male="1" stateProvince="Lorestan" typeStatus="holotype">
<collectingCounty box="[946,1101,223,249]" pageId="12" pageNumber="164">river Abbasan</collectingCounty>
to 
<collectingMunicipality box="[1134,1312,223,249]" pageId="12" pageNumber="164">Sheikh Nazwad</collectingMunicipality>
, 16.5.I914, 
<specimenCount box="[151,261,259,285]" pageId="12" pageNumber="164" type="female">2 females</specimenCount>
(leg. 
<collectorName box="[331,465,259,285]" pageId="12" pageNumber="164">P. Nesterov</collectorName>
); 
<location LSID="urn:lsid:plazi:treatment:D03F87E4D113505EFF42DFCE4DF1AD18:5D496029D114505EFE32DE5A4E10AD44" box="[487,586,259,285]" country="Iran" county="river Abbasan" municipality="Sheikh Nazwad" name="Gotvend" pageId="12" pageNumber="164" stateProvince="Lorestan">Gotvend</location>
, 
<specimenCount box="[599,680,259,285]" pageId="12" pageNumber="164" type="male">1 male</specimenCount>
, 
<specimenCount box="[693,793,259,285]" pageId="12" pageNumber="164" type="female">1 female</specimenCount>
(leg. 
<collectorName box="[862,959,259,286]" pageId="12" pageNumber="164">Escalera</collectorName>
) (
<location LSID="urn:lsid:plazi:treatment:D03F87E4D113505EFF42DFCE4DF1AD18:5D496029D114505EFC02DE5A49C2AD44" box="[983,1432,259,285]" country="Iran" county="river Abbasan" municipality="Sheikh Nazwad" name="Museo Nacional de Ciencias Naturales" pageId="12" pageNumber="164" stateProvince="Lorestan">Museo Nacional de Ciencias Naturales</location>
, 
<collectorName box="[151,235,295,322]" pageId="12" pageNumber="164">Madrid</collectorName>
) 
<emphasis bold="true" box="[250,420,294,320]" pageId="12" pageNumber="164">
(
<bibRefCitation author="Uvarov, B. P." box="[258,411,294,320]" pageId="12" pageNumber="164" pagination="21 - 119" refId="ref13022" refString="Uvarov, B. P. (1934) Studies in the Orthoptera of Turkey, Iraq and Syria. Eos, Revista Espanola de Entomologia, 10, 21 - 119." type="journal article" year="1934">Uvarov 1934</bibRefCitation>
)
</emphasis>
</materialsCitation>
.
</paragraph>
</subSubSection>
</treatment>
</document>