<document ID-DOI="http://doi.org/10.5281/zenodo.4549215" ID-GBIF-Dataset="7cc9ac0d-add8-45d8-803a-2f2fa50a9768" ID-ISSN="1175-5326" ID-Zenodo-Dep="4549215" ID-ZooBank="15753AC7-5399-465F-81A4-959F8984C587" _generate="added" checkinTime="1613035717933" checkinUser="plazi" docAuthor="Psomadakis, Peter N., Gon, Ofer &amp; Htut, Thaung" docDate="2021" docId="F0537A31FFF34A3BFF3B89997B31FC40" docLanguage="en" docName="zootaxa.4927.1.5.pdf" docOrigin="Zootaxa 4927 (1)" docStyle="DocumentStyle:647186512141C8FC8976D5BCC54AEB7D.5:Zootaxa.2013.journal_article" docStyleId="647186512141C8FC8976D5BCC54AEB7D" docStyleName="Zootaxa.2013.journal_article" docStyleVersion="5" docTitle="Chelidoperca flavimacula Psomadakis &amp; Gon &amp; Htut 2021, sp. nov." docType="treatment" docVersion="4" lastPageId="15" lastPageNumber="102" masterDocId="0C6A0249FFF54A34FFAC8F3B7A3AFFE5" masterDocTitle="Two new species of the genus Chelidoperca (Perciformes: Serranidae) from the Andaman Sea, eastern Indian Ocean" masterLastPageNumber="103" masterPageNumber="87" pageId="6" pageNumber="93" updateTime="1613665860107" updateUser="ExternalLinkService" zenodo-license-document="CLOSED">
<mods:mods xmlns:mods="http://www.loc.gov/mods/v3">
<mods:titleInfo>
<mods:title>Two new species of the genus Chelidoperca (Perciformes: Serranidae) from the Andaman Sea, eastern Indian Ocean</mods:title>
</mods:titleInfo>
<mods:name type="personal">
<mods:role>
<mods:roleTerm>Author</mods:roleTerm>
</mods:role>
<mods:namePart>Psomadakis, Peter N.</mods:namePart>
<mods:affiliation>Food and Agriculture Organization of the United Nations, Viale delle Terme di Caracalla, 00153, Rome, Italy &amp; South African Institute for Aquatic Biodiversity, Private Bag 1015, Makhanda (formerly Grahamstown) 6140, South Africa</mods:affiliation>
</mods:name>
<mods:name type="personal">
<mods:role>
<mods:roleTerm>Author</mods:roleTerm>
</mods:role>
<mods:namePart>Gon, Ofer</mods:namePart>
<mods:affiliation>South African Institute for Aquatic Biodiversity, Private Bag 1015, Makhanda (formerly Grahamstown) 6140, South Africa &amp; http: // orcid. org / 0000 - 0002 - 1179 - 8842</mods:affiliation>
</mods:name>
<mods:name type="personal">
<mods:role>
<mods:roleTerm>Author</mods:roleTerm>
</mods:role>
<mods:namePart>Htut, Thaung</mods:namePart>
<mods:affiliation>Wildlife Conservation Society-Myanmar Program, P. O. Box 11041 Kamayut, Yangon, Myanmar &amp; http: // orcid. org / 0000 - 0002 - 8608 - 991 X</mods:affiliation>
</mods:name>
<mods:typeOfResource>text</mods:typeOfResource>
<mods:relatedItem type="host">
<mods:titleInfo>
<mods:title>Zootaxa</mods:title>
</mods:titleInfo>
<mods:part>
<mods:date>2021</mods:date>
<mods:detail type="pubDate">
<mods:number>2021-02-11</mods:number>
</mods:detail>
<mods:detail type="volume">
<mods:number>4927</mods:number>
</mods:detail>
<mods:detail type="issue">
<mods:number>1</mods:number>
</mods:detail>
<mods:extent unit="page">
<mods:start>87</mods:start>
<mods:end>103</mods:end>
</mods:extent>
</mods:part>
</mods:relatedItem>
<mods:classification>journal article</mods:classification>
<mods:identifier type="DOI">https://doi.org/10.11646/zootaxa.4927.1.5</mods:identifier>
<mods:identifier type="GBIF-Dataset">7cc9ac0d-add8-45d8-803a-2f2fa50a9768</mods:identifier>
<mods:identifier type="ISSN">1175-5326</mods:identifier>
<mods:identifier type="Zenodo-Dep">4533972</mods:identifier>
<mods:identifier type="ZooBank">15753AC7-5399-465F-81A4-959F8984C587</mods:identifier>
</mods:mods>
<treatment ID-DOI="http://doi.org/10.5281/zenodo.4549215" ID-Zenodo-Dep="4549215" LSID="urn:lsid:plazi:treatment:F0537A31FFF34A3BFF3B89997B31FC40" httpUri="http://treatment.plazi.org/id/F0537A31FFF34A3BFF3B89997B31FC40" lastPageId="15" lastPageNumber="102" pageId="6" pageNumber="93">
<subSubSection pageId="6" pageNumber="93" type="nomenclature">
<paragraph blockId="6.[151,663,1698,1797]" box="[151,564,1698,1725]" pageId="6" pageNumber="93">
<heading bold="true" box="[151,564,1698,1725]" fontSize="11" level="1" pageId="6" pageNumber="93" reason="1">
<emphasis bold="true" box="[151,564,1698,1725]" pageId="6" pageNumber="93">
<taxonomicName authority="Psomadakis &amp; Gon &amp; Htut, 2021" authorityName="Psomadakis &amp; Gon &amp; Htut" authorityYear="2021" box="[151,463,1698,1725]" class="Actinopterygii" family="Serranidae" genus="Chelidoperca" kingdom="Animalia" order="Perciformes" pageId="6" pageNumber="93" phylum="Chordata" rank="species" species="flavimacula" status="sp. nov.">
<emphasis bold="true" box="[151,463,1698,1725]" italics="true" pageId="6" pageNumber="93">Chelidoperca flavimacula</emphasis>
</taxonomicName>
<taxonomicNameLabel box="[471,564,1699,1725]" pageId="6" pageNumber="93" rank="species">sp. nov.</taxonomicNameLabel>
</emphasis>
</heading>
</paragraph>
<paragraph blockId="6.[151,663,1698,1797]" box="[151,663,1735,1762]" pageId="6" pageNumber="93">(New English name: Yellow-spotted perchlet)</paragraph>
</subSubSection>
<subSubSection box="[151,436,1770,1797]" pageId="6" pageNumber="93" type="description">
<paragraph blockId="6.[151,663,1698,1797]" box="[151,436,1770,1797]" pageId="6" pageNumber="93">
<figureCitation box="[151,258,1771,1797]" captionStart="FIGURE 4" captionStartId="8.[151,250,1887,1911]" captionTargetBox="[151,1436,529,1864]" captionTargetId="figure-197@8.[151,1436,525,1864]" captionTargetPageId="8" captionText="FIGURE 4. Fresh specimens of Chelidoperca flavimacula collected off Tanintharyi Coast, Myanmar: A. SAIAB 209601, holotype, 69.5 mm SL, defrosted (photo by P.N. Psomadakis); B. Specimen of 82 mm TL, immediately after collection, discarded (photo by O. Alvheim)." figureDoi="http://doi.org/10.5281/zenodo.4533980" httpUri="https://zenodo.org/record/4533980/files/figure.png" pageId="6" pageNumber="93">Figures 4</figureCitation>
, 
<figureCitation box="[270,286,1770,1797]" captionStart="FIGURE 5" captionStartId="11.[151,250,1885,1909]" captionTargetBox="[210,1377,253,1860]" captionTargetId="figure-19@11.[210,1377,181,1861]" captionTargetPageId="11" captionText="FIGURE 5. Dorsolateral view of dorsal portion of body showing scale rows between lateral line and base of spinous dorsal fin (photos by N. Mazungula): A. Chelidoperca myathantuni, SAIAB 203716, holotype, 114.2 mm SL, and B. Chelidoperca flavimacula, SAIAB 209601, holotype, 69.5 mm SL. Red-outlined and blue-outlined scales indicate full-sized and half-sized scales, respectively." figureDoi="http://doi.org/10.5281/zenodo.4533982" httpUri="https://zenodo.org/record/4533982/files/figure.png" pageId="6" pageNumber="93">5</figureCitation>
, 
<figureCitation box="[298,342,1771,1797]" captionStart-0="FIGURE 6" captionStart-1="FIGURE 7" captionStart-2="FIGURE 8" captionStartId-0="12.[151,250,1944,1968]" captionStartId-1="13.[151,250,1943,1967]" captionStartId-2="14.[151,250,1936,1960]" captionTargetBox-0="[220,1362,191,1910]" captionTargetBox-1="[222,1367,192,1909]" captionTargetBox-2="[231,1359,186,1902]" captionTargetId-0="figure-25@12.[212,1375,181,1920]" captionTargetId-1="figure-19@13.[214,1373,181,1919]" captionTargetId-2="figure-25@14.[216,1372,174,1912]" captionTargetPageId-0="12" captionTargetPageId-1="13" captionTargetPageId-2="14" captionText-0="FIGURE 6. Lateral view of posterior portion of maxilla showing condition of skin fold (photos by O. Gon): A. Chelidoperca myathantuni, SAIAB 203716, holotype, 114.2 mm SL, and B. Chelidoperca flavimacula SAIAB 209601, holotype, 69.5 mm SL. Arrows indicate upper edge of skin fold." captionText-1="FIGURE 7. Ventral view of head showing scale condition (photos by O. Gon): A. Chelidoperca myathantuni, SAIAB 203716, holotype, 114.2 mm SL, and B. Chelidoperca flavimacula, SAIAB 209601, holotype, 69.5 mm SL." captionText-2="FIGURE 8. Dorsal view of head showing scale condition (photos by O. Gon): A. Chelidoperca myathantuni SAIAB 203716, holotype, 114.2 mm SL, and B. Chelidoperca flavimacula, SAIAB 209601, holotype, 69.5 mm SL." figureDoi-0="http://doi.org/10.5281/zenodo.4533984" figureDoi-1="http://doi.org/10.5281/zenodo.4533986" figureDoi-2="http://doi.org/10.5281/zenodo.4533990" httpUri-0="https://zenodo.org/record/4533984/files/figure.png" httpUri-1="https://zenodo.org/record/4533986/files/figure.png" httpUri-2="https://zenodo.org/record/4533990/files/figure.png" pageId="6" pageNumber="93">6–8</figureCitation>
, 
<tableCitation box="[354,436,1771,1797]" captionStart="TABLE 1" captionStartId="9.[151,239,151,175]" captionTargetPageId="9" captionText="TABLE 1. Morphometrics (expressed as percentages of SL) of type specimens of two new Chelidoperca species." pageId="6" pageNumber="93">Table 1</tableCitation>
</paragraph>
</subSubSection>
<subSubSection box="[151,1035,1839,1863]" pageId="6" pageNumber="93" type="reference_group">
<paragraph blockId="6.[151,1035,1839,1863]" box="[151,1035,1839,1863]" pageId="6" pageNumber="93">
<treatmentCitationGroup box="[151,1035,1839,1863]" pageId="6" pageNumber="93">
<taxonomicName authorityName="Boulenger" authorityYear="1895" box="[151,288,1839,1863]" class="Actinopterygii" family="Serranidae" genus="Chelidoperca" kingdom="Animalia" order="Perciformes" pageId="6" pageNumber="93" phylum="Chordata" rank="species" species="sp.">
<emphasis box="[151,288,1839,1863]" italics="true" pageId="6" pageNumber="93">Chelidoperca</emphasis>
</taxonomicName>
sp. B: 
<bibRefCitation author="Psomadakis, P. N. &amp; Htun Thein &amp; Russell, B. C. &amp; Mya Than Tun" box="[360,648,1839,1863]" pageId="6" pageNumber="93" refId="ref9991" refString="Psomadakis, P. N., Htun Thein, Russell, B. C. &amp; Mya Than Tun (2019) Field identification guide to the living marine resources of Myanmar. FAO Species Identification Guide for Fishery Purposes. FAO and MOALI, Rome, xvii + 694 pp., 63 colour pls." type="book" year="2019">
<treatmentCitation author="Psomadakis, P. N. &amp; Htun Thein &amp; Russell, B. C. &amp; Mya Than Tun" box="[360,648,1839,1863]" page="386" pageId="6" pageNumber="93" year="2019">
Psomadakis 
<emphasis box="[487,532,1839,1863]" italics="true" pageId="6" pageNumber="93">et al</emphasis>
. 2019: 386
</treatmentCitation>
</bibRefCitation>
, Pl. XXVI, fig. 200 (
<collectingCountry box="[861,961,1839,1863]" name="Myanmar" pageId="6" pageNumber="93">Myanmar</collectingCountry>
coast).
</treatmentCitationGroup>
</paragraph>
</subSubSection>
<subSubSection lastPageId="7" lastPageNumber="94" pageId="6" pageNumber="93" type="materials_examined">
<paragraph blockId="6.[151,1436,1909,2007]" pageId="6" pageNumber="93">
<materialsCitation collectingDate="2018-09-06" collectionCode="R, V" collectorName="Dr. Fridtjof Nansen &amp; P. N. Psomadakis" country="Myanmar" elevation="129" latitude="14.512667" location="Andaman Sea" longLatPrecision="13" longitude="95.787" municipality="Indian Ocean" pageId="6" pageNumber="93" specimenCode="SAIAB 209601" specimenCount="1" stateProvince="Ayeyawady" typeStatus="holotype">
<emphasis bold="true" box="[151,267,1909,1935]" pageId="6" pageNumber="93">
<typeStatus box="[151,262,1909,1935]" pageId="6" pageNumber="93">Holotype</typeStatus>
.
</emphasis>
<specimenCode box="[274,453,1909,1935]" collectionCode="SAIAB" country="South Africa" httpUri="http://biocol.org/urn:lsid:biocol.org:col:34984" lsid="urn:lsid:biocol.org:col:34984" name="South African Institute for Aquatic Biodiversity" pageId="6" pageNumber="93" type="Other type of research institution/biorepository">SAIAB 209601</specimenCode>
, 
<quantity box="[464,565,1909,1936]" metricMagnitude="-2" metricUnit="m" metricValue="6.95" pageId="6" pageNumber="93" unit="mm" value="69.5">69.5 mm</quantity>
SL (
<figureCitation box="[619,710,1909,1935]" captionStart="FIGURE 4" captionStartId="8.[151,250,1887,1911]" captionTargetBox="[151,1436,529,1864]" captionTargetId="figure-197@8.[151,1436,525,1864]" captionTargetPageId="8" captionText="FIGURE 4. Fresh specimens of Chelidoperca flavimacula collected off Tanintharyi Coast, Myanmar: A. SAIAB 209601, holotype, 69.5 mm SL, defrosted (photo by P.N. Psomadakis); B. Specimen of 82 mm TL, immediately after collection, discarded (photo by O. Alvheim)." figureDoi="http://doi.org/10.5281/zenodo.4533980" httpUri="https://zenodo.org/record/4533980/files/figure.png" pageId="6" pageNumber="93">Fig. 4A</figureCitation>
), off 
<collectingRegion box="[767,907,1909,1935]" country="Myanmar" name="Ayeyawady" pageId="6" pageNumber="93">Ayeyarwady</collectingRegion>
coast, 
<collectingCountry box="[987,1098,1910,1936]" name="Myanmar" pageId="6" pageNumber="93">Myanmar</collectingCountry>
, 
<location LSID="urn:lsid:plazi:treatment:F0537A31FFF34A3BFF3B89997B31FC40:7D259DFCFFF34A32FBF8884E7EC9F86A" box="[1108,1267,1909,1935]" country="Myanmar" latitude="14.512667" longLatPrecision="13" longitude="95.787" municipality="Indian Ocean" name="Andaman Sea" pageId="6" pageNumber="93" stateProvince="Ayeyawady">Andaman Sea</location>
, 
<collectingMunicipality box="[1279,1432,1909,1935]" pageId="6" pageNumber="93">Indian Ocean</collectingMunicipality>
, 
<geoCoordinate box="[151,283,1945,1971]" degrees="14" direction="north" minutes="30.76" orientation="latitude" pageId="6" pageNumber="93" precision="9" value="14.512667">14°30.76’N</geoCoordinate>
; 
<geoCoordinate box="[307,438,1945,1972]" degrees="95" direction="east" minutes="47.22" orientation="longitude" pageId="6" pageNumber="93" precision="9" value="95.787">95°47.22’E</geoCoordinate>
, 
<collectionCode box="[450,468,1945,1971]" country="Chile" name="Departamento de Geologia, Universidad de Chile" pageId="6" pageNumber="93">R</collectionCode>
/ 
<collectionCode box="[477,496,1945,1971]" country="Canada" lsid="urn:lsid:biocol.org:col:13946" name="Royal British Columbia Museum - Herbarium" pageId="6" pageNumber="93" type="Museum">V</collectionCode>
<emphasis box="[505,727,1945,1971]" italics="true" pageId="6" pageNumber="93">
<collectorName box="[505,727,1945,1971]" pageId="6" pageNumber="93">Dr. Fridtjof Nansen</collectorName>
</emphasis>
, station 73, bottom trawl, 
<elevation box="[1028,1228,1945,1972]" metricMagnitude="2" metricUnit="m" metricValue="1.285" metricValueMax="1.31" metricValueMin="1.26" pageId="6" pageNumber="93" unit="m" value="128.5" valueMax="131.0" valueMin="126.0">
<quantity box="[1028,1156,1945,1972]" metricMagnitude="2" metricUnit="m" metricValue="1.285" metricValueMax="1.31" metricValueMin="1.26" pageId="6" pageNumber="93" unit="m" value="128.5" valueMax="131.0" valueMin="126.0">126–131 m</quantity>
depth
</elevation>
, 
<collectorName box="[1241,1432,1945,1972]" pageId="6" pageNumber="93">P.N. Psomadakis</collectorName>
, 
<date box="[151,359,1981,2007]" pageId="6" pageNumber="93" value="2018-09-06">
<collectingDate box="[151,359,1981,2007]" pageId="6" pageNumber="93" value="2018-09-06">6 September 2018</collectingDate>
</date>
.
</materialsCitation>
</paragraph>
<paragraph blockId="7.[151,1437,150,2013]" pageId="7" pageNumber="94">
<emphasis bold="true" box="[199,326,151,177]" pageId="7" pageNumber="94">
<typeStatus box="[199,321,151,177]" pageId="7" pageNumber="94">Paratypes</typeStatus>
.
</emphasis>
(
<specimenCount box="[343,487,151,178]" pageId="7" pageNumber="94" type="generic">7 specimens</specimenCount>
). 
<materialsCitation box="[506,714,150,177]" collectionCode="SAIAB" pageId="7" pageNumber="94" specimenCode="SAIAB 208475, 3" specimenCount="1" typeStatus="paratype">
<specimenCode box="[506,685,150,177]" collectionCode="SAIAB" country="South Africa" httpUri="http://biocol.org/urn:lsid:biocol.org:col:34984" lsid="urn:lsid:biocol.org:col:34984" name="South African Institute for Aquatic Biodiversity" pageId="7" pageNumber="94" type="Other type of research institution/biorepository">SAIAB 208475</specimenCode>
, 
<specimenCode box="[697,714,151,177]" collectionCode="SAIAB" country="South Africa" httpUri="http://biocol.org/urn:lsid:biocol.org:col:34984" lsid="urn:lsid:biocol.org:col:34984" name="South African Institute for Aquatic Biodiversity" pageId="7" pageNumber="94" type="Other type of research institution/biorepository">3</specimenCode>
</materialsCitation>
: 
<materialsCitation collectorName="Indian Ocean" country="Myanmar" latitude="15.338166" location="Andaman Sea" longLatPrecision="13" longitude="94.097" pageId="7" pageNumber="94" specimenCount="1" stateProvince="Ayeyawady" typeStatus="paratype">
<quantity box="[727,891,150,177]" metricMagnitude="-2" metricUnit="m" metricValue="5.459999999999999" metricValueMax="5.9399999999999995" metricValueMin="4.9799999999999995" pageId="7" pageNumber="94" unit="mm" value="54.599999999999994" valueMax="59.4" valueMin="49.8">49.8–59.4 mm</quantity>
SL, off 
<collectingRegion box="[985,1125,151,177]" country="Myanmar" name="Ayeyawady" pageId="7" pageNumber="94">Ayeyarwady</collectingRegion>
coast, 
<collectingCountry box="[1206,1317,151,177]" name="Myanmar" pageId="7" pageNumber="94">Myanmar</collectingCountry>
, 
<location LSID="urn:lsid:plazi:treatment:F0537A31FFF34A3BFF3B89997B31FC40:7D259DFCFFF24A33FA838FAC7AF8FF30" country="Myanmar" latitude="15.338166" longLatPrecision="13" longitude="94.097" name="Andaman Sea" pageId="7" pageNumber="94" stateProvince="Ayeyawady">Andaman Sea</location>
, 
<collectorName box="[206,359,187,213]" pageId="7" pageNumber="94">Indian Ocean</collectorName>
, 
<geoCoordinate box="[371,507,186,213]" degrees="15" direction="north" minutes="20.29" orientation="latitude" pageId="7" pageNumber="94" precision="9" value="15.338166">15°20.29’N</geoCoordinate>
; 
<geoCoordinate box="[519,636,186,213]" degrees="94" direction="east" minutes="5.82" orientation="longitude" pageId="7" pageNumber="94" precision="9" value="94.097">94°5.82’E</geoCoordinate>
</materialsCitation>
, 
<materialsCitation collectingDate="2018-09-02" collectionCode="R, V" country="Myanmar" elevation="84" location="Dr. Fridtjof Nansen" pageId="7" pageNumber="94" specimenCount="1" stateProvince="Ayeyawady" typeStatus="paratype">
<collectionCode box="[648,666,187,213]" country="Chile" name="Departamento de Geologia, Universidad de Chile" pageId="7" pageNumber="94">R</collectionCode>
/ 
<collectionCode box="[675,694,187,213]" country="Canada" lsid="urn:lsid:biocol.org:col:13946" name="Royal British Columbia Museum - Herbarium" pageId="7" pageNumber="94" type="Museum">V</collectionCode>
<emphasis box="[702,923,187,213]" italics="true" pageId="7" pageNumber="94">
<location LSID="urn:lsid:plazi:treatment:F0537A31FFF34A3BFF3B89997B31FC40:7D259DFCFFF24A33FD128F8079A1FF31" box="[702,923,187,213]" country="Myanmar" name="Dr. Fridtjof Nansen" pageId="7" pageNumber="94" stateProvince="Ayeyawady">Dr. Fridtjof Nansen</location>
</emphasis>
, station 47, bottom trawl, 
<elevation box="[1221,1351,187,213]" metricMagnitude="1" metricUnit="m" metricValue="8.4" pageId="7" pageNumber="94" unit="m" value="84.0">
<quantity box="[1221,1279,187,213]" metricMagnitude="1" metricUnit="m" metricValue="8.4" pageId="7" pageNumber="94" unit="m" value="84.0">84 m</quantity>
depth
</elevation>
, 
<date pageId="7" pageNumber="94" value="2018-09-02">
<collectingDate pageId="7" pageNumber="94" value="2018-09-02">2 September 2018</collectingDate>
</date>
</materialsCitation>
. 
<materialsCitation box="[303,477,222,249]" collectionCode="USNM" country="Myanmar" pageId="7" pageNumber="94" specimenCode="USNM 451518" specimenCount="1" stateProvince="Ayeyawady" typeStatus="paratype">
<specimenCode box="[303,477,222,249]" collectionCode="USNM" country="USA" httpUri="http://biocol.org/urn:lsid:biocol.org:col:34871" lsid="urn:lsid:biocol.org:col:34871" name="Smithsonian Institution, National Museum of Natural History" pageId="7" pageNumber="94" type="Museum">USNM 451518</specimenCode>
</materialsCitation>
, 
<quantity box="[487,586,222,249]" metricMagnitude="-2" metricUnit="m" metricValue="5.25" pageId="7" pageNumber="94" unit="mm" value="52.5">52.5 mm</quantity>
SL and 
<collectionCode box="[674,782,223,249]" pageId="7" pageNumber="94">KAUM-I</collectionCode>
. 149194, 
<quantity box="[888,987,222,249]" metricMagnitude="-2" metricUnit="m" metricValue="5.74" pageId="7" pageNumber="94" unit="mm" value="57.4">57.4 mm</quantity>
SL, both collected with 
<materialsCitation box="[1255,1433,222,249]" collectionCode="SAIAB" country="Myanmar" pageId="7" pageNumber="94" specimenCode="SAIAB 208475" specimenCount="1" stateProvince="Ayeyawady" typeStatus="paratype">
<specimenCode box="[1255,1433,222,249]" collectionCode="SAIAB" country="South Africa" httpUri="http://biocol.org/urn:lsid:biocol.org:col:34984" lsid="urn:lsid:biocol.org:col:34984" name="South African Institute for Aquatic Biodiversity" pageId="7" pageNumber="94" type="Other type of research institution/biorepository">SAIAB 208475</specimenCode>
</materialsCitation>
. 
<materialsCitation box="[151,357,259,285]" collectionCode="SAIAB" country="Myanmar" pageId="7" pageNumber="94" specimenCode="SAIAB 209602, 3" specimenCount="1" stateProvince="Ayeyawady" typeStatus="paratype">
<specimenCode box="[151,329,259,285]" collectionCode="SAIAB" country="South Africa" httpUri="http://biocol.org/urn:lsid:biocol.org:col:34984" lsid="urn:lsid:biocol.org:col:34984" name="South African Institute for Aquatic Biodiversity" pageId="7" pageNumber="94" type="Other type of research institution/biorepository">SAIAB 209602</specimenCode>
, 
<specimenCode box="[340,357,259,285]" collectionCode="SAIAB" country="South Africa" httpUri="http://biocol.org/urn:lsid:biocol.org:col:34984" lsid="urn:lsid:biocol.org:col:34984" name="South African Institute for Aquatic Biodiversity" pageId="7" pageNumber="94" type="Other type of research institution/biorepository">3</specimenCode>
</materialsCitation>
: 
<materialsCitation box="[369,852,259,285]" collectingDate="2018-09-06" collectionCode="R, V" collectorName="Dr. Fridtjof Nansen &amp; P. N. Psomadakis" country="Myanmar" elevation="129" latitude="14.512667" location="Andaman Sea" longLatPrecision="13" longitude="95.787" municipality="Indian Ocean" pageId="7" pageNumber="94" specimenCount="1" stateProvince="Ayeyawady" typeStatus="paratype">
<quantity box="[369,532,259,285]" metricMagnitude="-2" metricUnit="m" metricValue="6.029999999999999" metricValueMax="7.08" metricValueMin="4.9799999999999995" pageId="7" pageNumber="94" unit="mm" value="60.3" valueMax="70.8" valueMin="49.8">49.8–70.8 mm</quantity>
SL, collected with holotype
</materialsCitation>
.
</paragraph>
</subSubSection>
<subSubSection pageId="7" pageNumber="94" type="diagnosis">
<paragraph blockId="7.[151,1437,150,2013]" pageId="7" pageNumber="94">
<emphasis bold="true" box="[199,322,294,320]" pageId="7" pageNumber="94">Diagnosis.</emphasis>
A species of 
<taxonomicName authorityName="Boulenger" authorityYear="1895" box="[484,635,295,321]" class="Actinopterygii" family="Serranidae" genus="Chelidoperca" kingdom="Animalia" order="Perciformes" pageId="7" pageNumber="94" phylum="Chordata" rank="genus">
<emphasis box="[484,635,295,321]" italics="true" pageId="7" pageNumber="94">Chelidoperca</emphasis>
</taxonomicName>
distinguished from congeners by the following combination of characters: scale rows between lateral line and middle of first dorsal-fin base 3 (2 full-sized plus 1 half-sized); pored lateral-line scales 42–45 (modally 42); pectoral-fin rays 15–16 (modally 15); predorsal scale rows 6; scale rows below lateral line 9–10; circumpeduncular scales 16–17; scale rows absent from ventral side of dentary; scale rows on interorbital area extending to mid-orbit level; maxilla expanded posteriorly, covered ventrally by low skin fold; outermost row teeth of upper jaw distinctly enlarged; gill rakers 6–7 + 10–12; developed gill rakers 1–2 + 6–8; serrations on preopercle 31–45; serrations on postemporal 2–5; body depth 
<quantity box="[1011,1125,511,537]" metricMagnitude="-1" metricUnit="m" metricValue="1.0667999999999997" metricValueMax="1.0921999999999998" metricValueMin="1.0413999999999999" pageId="7" pageNumber="94" unit="in" value="4.199999999999999" valueMax="4.3" valueMin="4.1">4.1–4.3 in</quantity>
SL; head length 
<quantity box="[1322,1436,511,537]" metricMagnitude="-2" metricUnit="m" metricValue="6.731" metricValueMax="6.858" metricValueMin="6.604" pageId="7" pageNumber="94" unit="in" value="2.65" valueMax="2.7" valueMin="2.6">2.6–2.7 in</quantity>
SL; three, poorly-defined longitudinal rows of small whitish spots on body; dorsal fin transparent with about four longitudinal rows of bright yellow spots mostly covering soft portion of fin; anal fin transparent white with yellow or reddish distal margin and three or four rows of bright yellow spots over its proximal half; posteriormost dorsal and anal-fin rays with short alternating yellow and dark grey bands.
</paragraph>
</subSubSection>
<subSubSection lastPageId="10" lastPageNumber="97" pageId="7" pageNumber="94" type="description">
<paragraph blockId="7.[151,1437,150,2013]" pageId="7" pageNumber="94">
<emphasis bold="true" box="[199,345,690,716]" pageId="7" pageNumber="94">Description.</emphasis>
Proportional measurements are given in Table 2. Data for the 
<typeStatus box="[1055,1153,691,717]" pageId="7" pageNumber="94">holotype</typeStatus>
presented first, followed by 
<typeStatus box="[186,282,727,753]" pageId="7" pageNumber="94">paratype</typeStatus>
data in parentheses if different. Dorsal-fin rays X, 10; anal-fin rays III, 6; pectoral-fin rays 15 (15–16); pelvic-fin rays I, 5. Pored lateral-line scales 42 (42–45); cheek scale rows 5; scale rows above lateral line 3 (2 fullsized plus 1 half-sized) (
<figureCitation box="[422,509,798,825]" captionStart="FIGURE 5" captionStartId="11.[151,250,1885,1909]" captionTargetBox="[210,1377,253,1860]" captionTargetId="figure-19@11.[210,1377,181,1861]" captionTargetPageId="11" captionText="FIGURE 5. Dorsolateral view of dorsal portion of body showing scale rows between lateral line and base of spinous dorsal fin (photos by N. Mazungula): A. Chelidoperca myathantuni, SAIAB 203716, holotype, 114.2 mm SL, and B. Chelidoperca flavimacula, SAIAB 209601, holotype, 69.5 mm SL. Red-outlined and blue-outlined scales indicate full-sized and half-sized scales, respectively." figureDoi="http://doi.org/10.5281/zenodo.4533982" httpUri="https://zenodo.org/record/4533982/files/figure.png" pageId="7" pageNumber="94">Fig. 5B</figureCitation>
); scale rows below lateral line 10 (9–10); predorsal scale rows 6; circumpeduncular scales 16 (16–17). Gill rakers on upper limb 6 (6–7), gill rakers on lower limb 11 (10 –12), developed gill rakers on upper limb 1 (1–2), developed gill rakers on lower limb 7 (6–8), total gill rakers 17 (16–19).
</paragraph>
<paragraph blockId="7.[151,1437,150,2013]" pageId="7" pageNumber="94">
Body fusiform, slightly elongated, its depth less than head length, contained 4.2 (4.1–4.3) in SL; head length 2.6 (2.6–2.7) in SL; snout rounded, its length 15.4 (12.6–15.6) in SL; dorsal profile of snout forming an angle of ca. 30° with horizontal axis of head and body. Orbit large, its diameter 8.9 (8.1–9.2) and interorbital width 27.8 (22.7–28.6), both in SL. Mouth large, angled diagonally upwards; posterior margin of maxilla extending to vertical through posterior edge of orbit; upper jaw length 5.7 (5.6–5.8) in SL; lower jaw protruding in front of upper jaw when mouth closed, exposing symphyseal teeth, its length 4.7 (4.5–4.8) in SL; maxilla expanded posteriorly, partially covered ventrally by low skin fold (
<figureCitation box="[456,545,1123,1150]" captionStart="FIGURE 6" captionStartId="12.[151,250,1944,1968]" captionTargetBox="[220,1362,191,1910]" captionTargetId="figure-25@12.[212,1375,181,1920]" captionTargetPageId="12" captionText="FIGURE 6. Lateral view of posterior portion of maxilla showing condition of skin fold (photos by O. Gon): A. Chelidoperca myathantuni, SAIAB 203716, holotype, 114.2 mm SL, and B. Chelidoperca flavimacula SAIAB 209601, holotype, 69.5 mm SL. Arrows indicate upper edge of skin fold." figureDoi="http://doi.org/10.5281/zenodo.4533984" httpUri="https://zenodo.org/record/4533984/files/figure.png" pageId="7" pageNumber="94">Fig. 6B</figureCitation>
).
</paragraph>
<paragraph blockId="7.[151,1437,150,2013]" pageId="7" pageNumber="94">Upper jaw with a multi-serial band of mostly small, conical teeth, slightly tapering posteriorly; teeth of innermost rows near symphysis become gradually enlarged posteriorly; teeth of outermost row distinctly enlarged, those near symphysis largest, antrorse, caniniform, gradually decreasing in size posteriorly. Lower jaw with narrower band of similar teeth, tapering posteriorly; outermost teeth enlarged on anterior part of jaw whereas innermost ones enlarged on posterior part of jaw. Vomer with V-shaped band of 4 rows of small conical teeth, with several enlarged and directed posteriorly, on posterior portion. Palatine with 4 rows of small, conical teeth. Anterior nostril with raised rim anteriorly expanding to become fairly large skin flap posteriorly; posterior nostril oval.</paragraph>
<paragraph blockId="7.[151,1437,150,2013]" pageId="7" pageNumber="94">Posterior margins of preopercle, interopercle and subopercle serrated, serrae on left side of preopercle 45 (32– 43), interopercle 12 (20–33) and subopercle 9 (7–15). Opercle with 2 flat, prominent spines, upper spine longer than lower. Postemporal with 3 (2–5) serrae.</paragraph>
<paragraph blockId="7.[151,1437,150,2013]" pageId="7" pageNumber="94">First supraorbital sensory canal pore at anterior edge of snout, about the size of front row tooth of upper jaw; remaining pores tiny, in double series up to posterior nostril and interorbital space. First infraorbital pore below posterior nostril, more or less at level of lower edge of pupil and somewhat smaller than first supraorbital pore; second infraorbital pore (first on lachrymal) of similar size and directed ventrally; remaining pores tiny, running posterodorsally along edge of orbit. First mandibular-preopercular canal pore on chin, anteriorly directed, and followed by four round to slightly oval ventral pores, the posterior three usually accompanied by a smaller pore nearby. First (anterior) preopercular pore similar in size to ventral lachrymal pores, followed by many single or paired tiny pores dorsally.</paragraph>
<paragraph blockId="7.[151,1437,150,2013]" lastBlockId="8.[151,1437,151,501]" lastPageId="8" lastPageNumber="95" pageId="7" pageNumber="94">
Body and head covered with ctenoid scales, but snout and maxilla naked. Lateral line curved between head and middle of caudal peduncle, continuing in straight line to middle caudal-fin base. Caudal-fin base with several rows of smaller weakly ctenoid scales grading to cycloid scales distally; scales on lowermost caudal-fin rays reach farther distally than those on uppermost rays. Pectoral-fin base with cycloid scales and pectoral-fin rays with several rows of smaller scales proximally. Scales between pelvic-fin bases cycloid. No basal scaly sheath along dorsal- and anal-fin bases. No scales present on fin rays of dorsal, anal and pelvic fins. Scales on ventral surface of lower jaw restricted to angular, not extending onto dentary (
<figureCitation box="[714,804,151,177]" captionStart="FIGURE 7" captionStartId="13.[151,250,1943,1967]" captionTargetBox="[222,1367,192,1909]" captionTargetId="figure-19@13.[214,1373,181,1919]" captionTargetPageId="13" captionText="FIGURE 7. Ventral view of head showing scale condition (photos by O. Gon): A. Chelidoperca myathantuni, SAIAB 203716, holotype, 114.2 mm SL, and B. Chelidoperca flavimacula, SAIAB 209601, holotype, 69.5 mm SL." figureDoi="http://doi.org/10.5281/zenodo.4533986" httpUri="https://zenodo.org/record/4533986/files/figure.png" pageId="8" pageNumber="95">Fig. 7B</figureCitation>
). Interorbital scales cycloid, extending to about vertical at middle of orbit (
<figureCitation box="[361,448,187,213]" captionStart="FIGURE 8" captionStartId="14.[151,250,1936,1960]" captionTargetBox="[231,1359,186,1902]" captionTargetId="figure-25@14.[216,1372,174,1912]" captionTargetPageId="14" captionText="FIGURE 8. Dorsal view of head showing scale condition (photos by O. Gon): A. Chelidoperca myathantuni SAIAB 203716, holotype, 114.2 mm SL, and B. Chelidoperca flavimacula, SAIAB 209601, holotype, 69.5 mm SL." figureDoi="http://doi.org/10.5281/zenodo.4533990" httpUri="https://zenodo.org/record/4533990/files/figure.png" pageId="8" pageNumber="95">Fig. 8B</figureCitation>
). Uppermost row of body scales along dorsal-fin base always about half size of adjacent lower body scales; tiny and irregularly spaced scales sometimes present at bases of spines.
</paragraph>
<paragraph blockId="8.[151,1437,151,501]" pageId="8" pageNumber="95">
Dorsal-fin origin above pectoral-fin base, 5 
<superScript attach="left" box="[692,705,258,272]" fontSize="6" pageId="8" pageNumber="95">th</superScript>
spine longest, 1 
<superScript attach="left" box="[892,903,259,273]" fontSize="6" pageId="8" pageNumber="95">st</superScript>
spine shortest, all soft rays branched, 8 
<superScript attach="left" box="[1356,1369,258,272]" fontSize="6" pageId="8" pageNumber="95">th</superScript>
or 9 
<superScript attach="none" box="[1424,1437,258,272]" fontSize="6" pageId="8" pageNumber="95">th</superScript>
longest.Anal-fin origin below base of 1 
<superScript attach="left" box="[591,602,295,309]" fontSize="6" pageId="8" pageNumber="95">st</superScript>
dorsal-fin soft ray, 3 
<superScript attach="left" box="[831,845,294,308]" fontSize="6" pageId="8" pageNumber="95">rd</superScript>
spine longest, all soft rays branched, 5 
<superScript attach="left" box="[1274,1287,294,308]" fontSize="6" pageId="8" pageNumber="95">th</superScript>
longest. Pectoral fin with uppermost 2 rays and lowermost ray unbranched, remaining rays branched, its posterior tip extending to or slightly beyond anal-fin origin. Pelvic-fin origin below opercular spines; all soft rays branched, 2 
<superScript attach="left" box="[1292,1308,366,380]" fontSize="6" pageId="8" pageNumber="95">nd</superScript>
longest, its tip reaching beyond anal-fin origin. Caudal fin truncate, its upper lobe pointed and slightly longer than lower lobe; principal caudal-fin rays 9+8, upper- and lowermost ray unbranched; 1–2 segmented and at least 5 unsegmented procurrent caudal rays dorsally and ventrally.
</paragraph>
<caption ID-DOI="http://doi.org/10.5281/zenodo.4533980" ID-Zenodo-Dep="4533980" httpUri="https://zenodo.org/record/4533980/files/figure.png" pageId="8" pageNumber="95" startId="8.[151,250,1887,1911]" targetBox="[151,1436,529,1864]" targetPageId="8">
<paragraph blockId="8.[151,1436,1887,1983]" pageId="8" pageNumber="95">
<emphasis bold="true" box="[151,276,1887,1911]" pageId="8" pageNumber="95">FIGURE 4.</emphasis>
Fresh specimens of 
<taxonomicName authorityName="Psomadakis &amp; Gon &amp; Htut" authorityYear="2021" box="[487,751,1887,1911]" class="Actinopterygii" family="Serranidae" genus="Chelidoperca" kingdom="Animalia" order="Perciformes" pageId="8" pageNumber="95" phylum="Chordata" rank="species" species="flavimacula">
<emphasis box="[487,751,1887,1911]" italics="true" pageId="8" pageNumber="95">Chelidoperca flavimacula</emphasis>
</taxonomicName>
collected off Tanintharyi Coast, Myanmar: 
<emphasis bold="true" box="[1198,1223,1887,1911]" pageId="8" pageNumber="95">A.</emphasis>
SAIAB 209601, holotype, 69.5 mm SL, defrosted (photo by P.N. Psomadakis); 
<emphasis bold="true" box="[760,783,1923,1947]" pageId="8" pageNumber="95">B.</emphasis>
Specimen of 82 mm TL, immediately after collection, discarded (photo by O. Alvheim).
</paragraph>
</caption>
<caption box="[151,1363,151,176]" pageId="9" pageNumber="96" targetBox="[166,1410,192,1455]" targetIsTable="true" targetPageId="9">
<paragraph blockId="9.[151,1363,151,176]" box="[151,1363,151,176]" pageId="9" pageNumber="96">
<emphasis bold="true" box="[151,266,151,175]" pageId="9" pageNumber="96">TABLE 1.</emphasis>
Morphometrics (expressed as percentages of SL) of type specimens of two new 
<taxonomicName authorityName="Boulenger" authorityYear="1895" box="[1127,1271,151,175]" class="Actinopterygii" family="Serranidae" genus="Chelidoperca" kingdom="Animalia" order="Perciformes" pageId="9" pageNumber="96" phylum="Chordata" rank="genus">
<emphasis box="[1127,1271,151,175]" italics="true" pageId="9" pageNumber="96">Chelidoperca</emphasis>
</taxonomicName>
species.
</paragraph>
</caption>
<paragraph pageId="9" pageNumber="96">
<table box="[166,1410,192,1455]" gridcols="7" gridrows="30" pageId="9" pageNumber="96">
<tr box="[166,1410,192,216]" gridrow="0" pageId="9" pageNumber="96" rowspan-0="1" rowspan-1="1" rowspan-3="1" rowspan-6="1">
<td box="[693,850,192,216]" gridcol="2" gridrow="0" pageId="9" pageNumber="96">
<taxonomicName box="[693,850,192,216]" class="Actinopterygii" family="Serranidae" genus="Chelidoperca" kingdom="Animalia" order="Perciformes" pageId="9" pageNumber="96" phylum="Chordata" rank="species" species="myathantuni">
<emphasis box="[693,850,192,216]" italics="true" pageId="9" pageNumber="96">C. myathantuni</emphasis>
</taxonomicName>
</td>
<td box="[1026,1289,192,216]" colspan="2" colspanRight="1" gridcol="4" gridrow="0" pageId="9" pageNumber="96">
<taxonomicName authorityName="Psomadakis &amp; Gon &amp; Htut" authorityYear="2021" box="[1140,1289,192,216]" class="Actinopterygii" family="Serranidae" genus="Chelidoperca" kingdom="Animalia" order="Perciformes" pageId="9" pageNumber="96" phylum="Chordata" rank="species" species="flavimacula">
<emphasis box="[1140,1289,192,216]" italics="true" pageId="9" pageNumber="96">C. flavimacula</emphasis>
</taxonomicName>
</td>
</tr>
<tr box="[166,1410,232,328]" gridrow="1" pageId="9" pageNumber="96" rowspan-0="1" rowspan-3="1" rowspan-6="1">
<td box="[573,667,232,328]" gridcol="1" gridrow="1" pageId="9" pageNumber="96">Holotype SAIAB 203716</td>
<td box="[693,850,232,328]" gridcol="2" gridrow="1" pageId="9" pageNumber="96">
Paratypes 
<emphasis box="[749,762,269,292]" italics="true" pageId="9" pageNumber="96">n</emphasis>
= 14
</td>
<td box="[1026,1289,232,328]" colspan="2" colspanRight="1" gridcol="4" gridrow="1" pageId="9" pageNumber="96">
Holotype Paratypes SAIAB 
<emphasis box="[1208,1221,269,292]" italics="true" pageId="9" pageNumber="96">n</emphasis>
= 7 209601
</td>
</tr>
<tr box="[166,1410,344,368]" gridrow="2" pageId="9" pageNumber="96">
<td box="[166,504,344,368]" gridcol="0" gridrow="2" pageId="9" pageNumber="96">SL (mm)</td>
<td box="[573,667,344,368]" gridcol="1" gridrow="2" pageId="9" pageNumber="96">114.2</td>
<td box="[693,850,344,368]" gridcol="2" gridrow="2" pageId="9" pageNumber="96">74.3–129.5</td>
<td box="[899,967,344,368]" gridcol="3" gridrow="2" pageId="9" pageNumber="96">Means</td>
<td box="[1026,1095,344,368]" gridcol="4" gridrow="2" pageId="9" pageNumber="96">69.5</td>
<td box="[1184,1289,344,368]" gridcol="5" gridrow="2" pageId="9" pageNumber="96">49.8–70.8</td>
<td box="[1342,1410,344,368]" gridcol="6" gridrow="2" pageId="9" pageNumber="96">Means</td>
</tr>
<tr box="[166,1410,384,409]" gridrow="3" pageId="9" pageNumber="96">
<td box="[166,504,384,409]" gridcol="0" gridrow="3" pageId="9" pageNumber="96">Body depth at pelvic-fin origin</td>
<td box="[573,667,384,409]" gridcol="1" gridrow="3" pageId="9" pageNumber="96">24.1</td>
<td box="[693,850,384,409]" gridcol="2" gridrow="3" pageId="9" pageNumber="96">20.6–25.1</td>
<td box="[899,967,384,409]" gridcol="3" gridrow="3" pageId="9" pageNumber="96">22.2</td>
<td box="[1026,1095,384,409]" gridcol="4" gridrow="3" pageId="9" pageNumber="96">24.0</td>
<td box="[1184,1289,384,409]" gridcol="5" gridrow="3" pageId="9" pageNumber="96">23.1–24.5</td>
<td box="[1342,1410,384,409]" gridcol="6" gridrow="3" pageId="9" pageNumber="96">24.1</td>
</tr>
<tr box="[166,1410,425,449]" gridrow="4" pageId="9" pageNumber="96">
<td box="[166,504,425,449]" gridcol="0" gridrow="4" pageId="9" pageNumber="96">Body width</td>
<td box="[573,667,425,449]" gridcol="1" gridrow="4" pageId="9" pageNumber="96">19.3</td>
<td box="[693,850,425,449]" gridcol="2" gridrow="4" pageId="9" pageNumber="96">17.3–20.1</td>
<td box="[899,967,425,449]" gridcol="3" gridrow="4" pageId="9" pageNumber="96">18.8</td>
<td box="[1026,1095,425,449]" gridcol="4" gridrow="4" pageId="9" pageNumber="96">18.6</td>
<td box="[1184,1289,425,449]" gridcol="5" gridrow="4" pageId="9" pageNumber="96">17.2–18.6</td>
<td box="[1342,1410,425,449]" gridcol="6" gridrow="4" pageId="9" pageNumber="96">18.2</td>
</tr>
<tr box="[166,1410,465,489]" gridrow="5" pageId="9" pageNumber="96">
<td box="[166,504,465,489]" gridcol="0" gridrow="5" pageId="9" pageNumber="96">Head length</td>
<td box="[573,667,465,489]" gridcol="1" gridrow="5" pageId="9" pageNumber="96">40.6</td>
<td box="[693,850,465,489]" gridcol="2" gridrow="5" pageId="9" pageNumber="96">36.6–41.8</td>
<td box="[899,967,465,489]" gridcol="3" gridrow="5" pageId="9" pageNumber="96">39.7</td>
<td box="[1026,1095,465,489]" gridcol="4" gridrow="5" pageId="9" pageNumber="96">37.9</td>
<td box="[1184,1289,465,489]" gridcol="5" gridrow="5" pageId="9" pageNumber="96">36.5–38.4</td>
<td box="[1342,1410,465,489]" gridcol="6" gridrow="5" pageId="9" pageNumber="96">37.6</td>
</tr>
<tr box="[166,1410,505,529]" gridrow="6" pageId="9" pageNumber="96">
<td box="[166,504,505,529]" gridcol="0" gridrow="6" pageId="9" pageNumber="96">Snout length</td>
<td box="[573,667,505,529]" gridcol="1" gridrow="6" pageId="9" pageNumber="96">9.5</td>
<td box="[693,850,505,529]" gridcol="2" gridrow="6" pageId="9" pageNumber="96">8.0–10.0</td>
<td box="[899,967,505,529]" gridcol="3" gridrow="6" pageId="9" pageNumber="96">9.1</td>
<td box="[1026,1095,505,529]" gridcol="4" gridrow="6" pageId="9" pageNumber="96">6.5</td>
<td box="[1184,1289,505,529]" gridcol="5" gridrow="6" pageId="9" pageNumber="96">6.4–7.9</td>
<td box="[1342,1410,505,529]" gridcol="6" gridrow="6" pageId="9" pageNumber="96">7.1</td>
</tr>
<tr box="[166,1410,545,570]" gridrow="7" pageId="9" pageNumber="96">
<td box="[166,504,545,570]" gridcol="0" gridrow="7" pageId="9" pageNumber="96">Orbit diameter</td>
<td box="[573,667,545,570]" gridcol="1" gridrow="7" pageId="9" pageNumber="96">10.2</td>
<td box="[693,850,545,570]" gridcol="2" gridrow="7" pageId="9" pageNumber="96">9.9–11.6</td>
<td box="[899,967,545,570]" gridcol="3" gridrow="7" pageId="9" pageNumber="96">10.5</td>
<td box="[1026,1095,545,570]" gridcol="4" gridrow="7" pageId="9" pageNumber="96">11.2</td>
<td box="[1184,1289,545,570]" gridcol="5" gridrow="7" pageId="9" pageNumber="96">10.9–12.3</td>
<td box="[1342,1410,545,570]" gridcol="6" gridrow="7" pageId="9" pageNumber="96">11.3</td>
</tr>
<tr box="[166,1410,586,610]" gridrow="8" pageId="9" pageNumber="96">
<td box="[166,504,586,610]" gridcol="0" gridrow="8" pageId="9" pageNumber="96">Interorbital width</td>
<td box="[573,667,586,610]" gridcol="1" gridrow="8" pageId="9" pageNumber="96">3.2</td>
<td box="[693,850,586,610]" gridcol="2" gridrow="8" pageId="9" pageNumber="96">2.3–3.2</td>
<td box="[899,967,586,610]" gridcol="3" gridrow="8" pageId="9" pageNumber="96">2.8</td>
<td box="[1026,1095,586,610]" gridcol="4" gridrow="8" pageId="9" pageNumber="96">3.6</td>
<td box="[1184,1289,586,610]" gridcol="5" gridrow="8" pageId="9" pageNumber="96">3.5–4.4</td>
<td box="[1342,1410,586,610]" gridcol="6" gridrow="8" pageId="9" pageNumber="96">3.8</td>
</tr>
<tr box="[166,1410,626,650]" gridrow="9" pageId="9" pageNumber="96">
<td box="[166,504,626,650]" gridcol="0" gridrow="9" pageId="9" pageNumber="96">Upper-jaw length</td>
<td box="[573,667,626,650]" gridcol="1" gridrow="9" pageId="9" pageNumber="96">17.7</td>
<td box="[693,850,626,650]" gridcol="2" gridrow="9" pageId="9" pageNumber="96">17.1–18.7</td>
<td box="[899,967,626,650]" gridcol="3" gridrow="9" pageId="9" pageNumber="96">18.0</td>
<td box="[1026,1095,626,650]" gridcol="4" gridrow="9" pageId="9" pageNumber="96">17.6</td>
<td box="[1184,1289,626,650]" gridcol="5" gridrow="9" pageId="9" pageNumber="96">17.2–17.8</td>
<td box="[1342,1410,626,650]" gridcol="6" gridrow="9" pageId="9" pageNumber="96">17.5</td>
</tr>
<tr box="[166,1410,666,690]" gridrow="10" pageId="9" pageNumber="96">
<td box="[166,504,666,690]" gridcol="0" gridrow="10" pageId="9" pageNumber="96">Lower-jaw length</td>
<td box="[573,667,666,690]" gridcol="1" gridrow="10" pageId="9" pageNumber="96">23.7</td>
<td box="[693,850,666,690]" gridcol="2" gridrow="10" pageId="9" pageNumber="96">22.2–24.1</td>
<td box="[899,967,666,690]" gridcol="3" gridrow="10" pageId="9" pageNumber="96">23.2</td>
<td box="[1026,1095,666,690]" gridcol="4" gridrow="10" pageId="9" pageNumber="96">21.4</td>
<td box="[1184,1289,666,690]" gridcol="5" gridrow="10" pageId="9" pageNumber="96">20.7–22.0</td>
<td box="[1342,1410,666,690]" gridcol="6" gridrow="10" pageId="9" pageNumber="96">21.4</td>
</tr>
<tr box="[166,1410,706,731]" gridrow="11" pageId="9" pageNumber="96">
<td box="[166,504,706,731]" gridcol="0" gridrow="11" pageId="9" pageNumber="96">Maxillary depth</td>
<td box="[573,667,706,731]" gridcol="1" gridrow="11" pageId="9" pageNumber="96">4.4</td>
<td box="[693,850,706,731]" gridcol="2" gridrow="11" pageId="9" pageNumber="96">4.3–4.9</td>
<td box="[899,967,706,731]" gridcol="3" gridrow="11" pageId="9" pageNumber="96">4.6</td>
<td box="[1026,1095,706,731]" gridcol="4" gridrow="11" pageId="9" pageNumber="96">4.8</td>
<td box="[1184,1289,706,731]" gridcol="5" gridrow="11" pageId="9" pageNumber="96">4.8–5.2</td>
<td box="[1342,1410,706,731]" gridcol="6" gridrow="11" pageId="9" pageNumber="96">5.0</td>
</tr>
<tr box="[166,1410,747,771]" gridrow="12" pageId="9" pageNumber="96">
<td box="[166,504,747,771]" gridcol="0" gridrow="12" pageId="9" pageNumber="96">Postorbital length</td>
<td box="[573,667,747,771]" gridcol="1" gridrow="12" pageId="9" pageNumber="96">21.9</td>
<td box="[693,850,747,771]" gridcol="2" gridrow="12" pageId="9" pageNumber="96">20.2–22.7</td>
<td box="[899,967,747,771]" gridcol="3" gridrow="12" pageId="9" pageNumber="96">21.8</td>
<td box="[1026,1095,747,771]" gridcol="4" gridrow="12" pageId="9" pageNumber="96">20.1</td>
<td box="[1184,1289,747,771]" gridcol="5" gridrow="12" pageId="9" pageNumber="96">19.5–21.9</td>
<td box="[1342,1410,747,771]" gridcol="6" gridrow="12" pageId="9" pageNumber="96">20.4</td>
</tr>
<tr box="[166,1410,787,811]" gridrow="13" pageId="9" pageNumber="96">
<td box="[166,504,787,811]" gridcol="0" gridrow="13" pageId="9" pageNumber="96">Predorsal-fin length</td>
<td box="[573,667,787,811]" gridcol="1" gridrow="13" pageId="9" pageNumber="96">38.9</td>
<td box="[693,850,787,811]" gridcol="2" gridrow="13" pageId="9" pageNumber="96">35.8–39.3</td>
<td box="[899,967,787,811]" gridcol="3" gridrow="13" pageId="9" pageNumber="96">37.9</td>
<td box="[1026,1095,787,811]" gridcol="4" gridrow="13" pageId="9" pageNumber="96">35.4</td>
<td box="[1184,1289,787,811]" gridcol="5" gridrow="13" pageId="9" pageNumber="96">32.5–35.4</td>
<td box="[1342,1410,787,811]" gridcol="6" gridrow="13" pageId="9" pageNumber="96">34.3</td>
</tr>
<tr box="[166,1410,827,851]" gridrow="14" pageId="9" pageNumber="96">
<td box="[166,504,827,851]" gridcol="0" gridrow="14" pageId="9" pageNumber="96">Preanal-fin length</td>
<td box="[573,667,827,851]" gridcol="1" gridrow="14" pageId="9" pageNumber="96">64.9</td>
<td box="[693,850,827,851]" gridcol="2" gridrow="14" pageId="9" pageNumber="96">56.0–66.4</td>
<td box="[899,967,827,851]" gridcol="3" gridrow="14" pageId="9" pageNumber="96">63.0</td>
<td box="[1026,1095,827,851]" gridcol="4" gridrow="14" pageId="9" pageNumber="96">57.6</td>
<td box="[1184,1289,827,851]" gridcol="5" gridrow="14" pageId="9" pageNumber="96">57.6–61.2</td>
<td box="[1342,1410,827,851]" gridcol="6" gridrow="14" pageId="9" pageNumber="96">59.1</td>
</tr>
<tr box="[166,1410,867,892]" gridrow="15" pageId="9" pageNumber="96">
<td box="[166,504,867,892]" gridcol="0" gridrow="15" pageId="9" pageNumber="96">Prepelvic-fin length</td>
<td box="[573,667,867,892]" gridcol="1" gridrow="15" pageId="9" pageNumber="96">35.0</td>
<td box="[693,850,867,892]" gridcol="2" gridrow="15" pageId="9" pageNumber="96">30.7–36.1</td>
<td box="[899,967,867,892]" gridcol="3" gridrow="15" pageId="9" pageNumber="96">33.5</td>
<td box="[1026,1095,867,892]" gridcol="4" gridrow="15" pageId="9" pageNumber="96">31.1</td>
<td box="[1184,1289,867,892]" gridcol="5" gridrow="15" pageId="9" pageNumber="96">30.6–33.4</td>
<td box="[1342,1410,867,892]" gridcol="6" gridrow="15" pageId="9" pageNumber="96">31.7</td>
</tr>
<tr box="[166,1410,907,932]" gridrow="16" pageId="9" pageNumber="96">
<td box="[166,504,907,932]" gridcol="0" gridrow="16" pageId="9" pageNumber="96">1st dorsal-fin spine length</td>
<td box="[573,667,907,932]" gridcol="1" gridrow="16" pageId="9" pageNumber="96">5.2</td>
<td box="[693,850,907,932]" gridcol="2" gridrow="16" pageId="9" pageNumber="96">4.5–5.9</td>
<td box="[899,967,907,932]" gridcol="3" gridrow="16" pageId="9" pageNumber="96">5.2</td>
<td box="[1026,1095,907,932]" gridcol="4" gridrow="16" pageId="9" pageNumber="96">4.5</td>
<td box="[1184,1289,907,932]" gridcol="5" gridrow="16" pageId="9" pageNumber="96">4.5–6.5</td>
<td box="[1342,1410,907,932]" gridcol="6" gridrow="16" pageId="9" pageNumber="96">5.5</td>
</tr>
<tr box="[166,1410,948,972]" gridrow="17" pageId="9" pageNumber="96">
<td box="[166,504,948,972]" gridcol="0" gridrow="17" pageId="9" pageNumber="96">2nd dorsal-fin spine length</td>
<td box="[573,667,948,972]" gridcol="1" gridrow="17" pageId="9" pageNumber="96">8.9</td>
<td box="[693,850,948,972]" gridcol="2" gridrow="17" pageId="9" pageNumber="96">7.4–9.6</td>
<td box="[899,967,948,972]" gridcol="3" gridrow="17" pageId="9" pageNumber="96">8.6</td>
<td box="[1026,1095,948,972]" gridcol="4" gridrow="17" pageId="9" pageNumber="96">12.2</td>
<td box="[1184,1289,948,972]" gridcol="5" gridrow="17" pageId="9" pageNumber="96">9.5–12.2</td>
<td box="[1342,1410,948,972]" gridcol="6" gridrow="17" pageId="9" pageNumber="96">10.7</td>
</tr>
<tr box="[166,1410,988,1012]" gridrow="18" pageId="9" pageNumber="96">
<td box="[166,504,988,1012]" gridcol="0" gridrow="18" pageId="9" pageNumber="96">3rd dorsal-fin spine length</td>
<td box="[573,667,988,1012]" gridcol="1" gridrow="18" pageId="9" pageNumber="96">13.6</td>
<td box="[693,850,988,1012]" gridcol="2" gridrow="18" pageId="9" pageNumber="96">12.4–15.3</td>
<td box="[899,967,988,1012]" gridcol="3" gridrow="18" pageId="9" pageNumber="96">13.5</td>
<td box="[1026,1095,988,1012]" gridcol="4" gridrow="18" pageId="9" pageNumber="96">-</td>
<td box="[1184,1289,988,1012]" gridcol="5" gridrow="18" pageId="9" pageNumber="96">13.2–15.7</td>
<td box="[1342,1410,988,1012]" gridcol="6" gridrow="18" pageId="9" pageNumber="96">14.5</td>
</tr>
<tr box="[166,1410,1028,1053]" gridrow="19" pageId="9" pageNumber="96">
<td box="[166,504,1028,1053]" gridcol="0" gridrow="19" pageId="9" pageNumber="96">10th dorsal-fin spine length</td>
<td box="[573,667,1028,1053]" gridcol="1" gridrow="19" pageId="9" pageNumber="96">9.6</td>
<td box="[693,850,1028,1053]" gridcol="2" gridrow="19" pageId="9" pageNumber="96">8.3–10.6</td>
<td box="[899,967,1028,1053]" gridcol="3" gridrow="19" pageId="9" pageNumber="96">9.7</td>
<td box="[1026,1095,1028,1053]" gridcol="4" gridrow="19" pageId="9" pageNumber="96">10.6</td>
<td box="[1184,1289,1028,1053]" gridcol="5" gridrow="19" pageId="9" pageNumber="96">9.9–12.2</td>
<td box="[1342,1410,1028,1053]" gridcol="6" gridrow="19" pageId="9" pageNumber="96">11.0</td>
</tr>
<tr box="[166,1410,1068,1093]" gridrow="20" pageId="9" pageNumber="96">
<td box="[166,504,1068,1093]" gridcol="0" gridrow="20" pageId="9" pageNumber="96">Longest dorsal-fin soft ray length</td>
<td box="[573,667,1068,1093]" gridcol="1" gridrow="20" pageId="9" pageNumber="96">17.4</td>
<td box="[693,850,1068,1093]" gridcol="2" gridrow="20" pageId="9" pageNumber="96">16.4–19.2</td>
<td box="[899,967,1068,1093]" gridcol="3" gridrow="20" pageId="9" pageNumber="96">18.0</td>
<td box="[1026,1095,1068,1093]" gridcol="4" gridrow="20" pageId="9" pageNumber="96">22.3</td>
<td box="[1184,1289,1068,1093]" gridcol="5" gridrow="20" pageId="9" pageNumber="96">20.1–22.5</td>
<td box="[1342,1410,1068,1093]" gridcol="6" gridrow="20" pageId="9" pageNumber="96">21.6</td>
</tr>
<tr box="[166,1410,1108,1133]" gridrow="21" pageId="9" pageNumber="96">
<td box="[166,504,1108,1133]" gridcol="0" gridrow="21" pageId="9" pageNumber="96">1st anal-fin spine length</td>
<td box="[573,667,1108,1133]" gridcol="1" gridrow="21" pageId="9" pageNumber="96">5.1</td>
<td box="[693,850,1108,1133]" gridcol="2" gridrow="21" pageId="9" pageNumber="96">3.6–5.6</td>
<td box="[899,967,1108,1133]" gridcol="3" gridrow="21" pageId="9" pageNumber="96">4.8</td>
<td box="[1026,1095,1108,1133]" gridcol="4" gridrow="21" pageId="9" pageNumber="96">4.5</td>
<td box="[1184,1289,1108,1133]" gridcol="5" gridrow="21" pageId="9" pageNumber="96">4.0–4.9</td>
<td box="[1342,1410,1108,1133]" gridcol="6" gridrow="21" pageId="9" pageNumber="96">4.3</td>
</tr>
<tr box="[166,1410,1149,1173]" gridrow="22" pageId="9" pageNumber="96">
<td box="[166,504,1149,1173]" gridcol="0" gridrow="22" pageId="9" pageNumber="96">2nd anal-fin spine length</td>
<td box="[573,667,1149,1173]" gridcol="1" gridrow="22" pageId="9" pageNumber="96">7.7</td>
<td box="[693,850,1149,1173]" gridcol="2" gridrow="22" pageId="9" pageNumber="96">5.9–8.3</td>
<td box="[899,967,1149,1173]" gridcol="3" gridrow="22" pageId="9" pageNumber="96">7.3</td>
<td box="[1026,1095,1149,1173]" gridcol="4" gridrow="22" pageId="9" pageNumber="96">6.3</td>
<td box="[1184,1289,1149,1173]" gridcol="5" gridrow="22" pageId="9" pageNumber="96">6.3–8.7</td>
<td box="[1342,1410,1149,1173]" gridcol="6" gridrow="22" pageId="9" pageNumber="96">7.3</td>
</tr>
<tr box="[166,1410,1189,1213]" gridrow="23" pageId="9" pageNumber="96">
<td box="[166,504,1189,1213]" gridcol="0" gridrow="23" pageId="9" pageNumber="96">3rd anal-fin spine length</td>
<td box="[573,667,1189,1213]" gridcol="1" gridrow="23" pageId="9" pageNumber="96">8.6</td>
<td box="[693,850,1189,1213]" gridcol="2" gridrow="23" pageId="9" pageNumber="96">8.0–10.4</td>
<td box="[899,967,1189,1213]" gridcol="3" gridrow="23" pageId="9" pageNumber="96">9.0</td>
<td box="[1026,1095,1189,1213]" gridcol="4" gridrow="23" pageId="9" pageNumber="96">11.3</td>
<td box="[1184,1289,1189,1213]" gridcol="5" gridrow="23" pageId="9" pageNumber="96">10.3–11.3</td>
<td box="[1342,1410,1189,1213]" gridcol="6" gridrow="23" pageId="9" pageNumber="96">10.8</td>
</tr>
<tr box="[166,1410,1229,1254]" gridrow="24" pageId="9" pageNumber="96">
<td box="[166,504,1229,1254]" gridcol="0" gridrow="24" pageId="9" pageNumber="96">Longest anal-fin soft ray length</td>
<td box="[573,667,1229,1254]" gridcol="1" gridrow="24" pageId="9" pageNumber="96">16.3</td>
<td box="[693,850,1229,1254]" gridcol="2" gridrow="24" pageId="9" pageNumber="96">15.4–18.2</td>
<td box="[899,967,1229,1254]" gridcol="3" gridrow="24" pageId="9" pageNumber="96">17.0</td>
<td box="[1026,1095,1229,1254]" gridcol="4" gridrow="24" pageId="9" pageNumber="96">27.0</td>
<td box="[1184,1289,1229,1254]" gridcol="5" gridrow="24" pageId="9" pageNumber="96">22.6–27.1</td>
<td box="[1342,1410,1229,1254]" gridcol="6" gridrow="24" pageId="9" pageNumber="96">25.6</td>
</tr>
<tr box="[166,1410,1270,1294]" gridrow="25" pageId="9" pageNumber="96">
<td box="[166,504,1270,1294]" gridcol="0" gridrow="25" pageId="9" pageNumber="96">Pectoral-fin length</td>
<td box="[573,667,1270,1294]" gridcol="1" gridrow="25" pageId="9" pageNumber="96">22.3</td>
<td box="[693,850,1270,1294]" gridcol="2" gridrow="25" pageId="9" pageNumber="96">22.2–26.0</td>
<td box="[899,967,1270,1294]" gridcol="3" gridrow="25" pageId="9" pageNumber="96">24.4</td>
<td box="[1026,1095,1270,1294]" gridcol="4" gridrow="25" pageId="9" pageNumber="96">24.9</td>
<td box="[1184,1289,1270,1294]" gridcol="5" gridrow="25" pageId="9" pageNumber="96">23.7–25.7</td>
<td box="[1342,1410,1270,1294]" gridcol="6" gridrow="25" pageId="9" pageNumber="96">24.7</td>
</tr>
<tr box="[166,1410,1310,1334]" gridrow="26" pageId="9" pageNumber="96">
<td box="[166,504,1310,1334]" gridcol="0" gridrow="26" pageId="9" pageNumber="96">Pelvic-fin spine length</td>
<td box="[573,667,1310,1334]" gridcol="1" gridrow="26" pageId="9" pageNumber="96">12.0</td>
<td box="[693,850,1310,1334]" gridcol="2" gridrow="26" pageId="9" pageNumber="96">11.4–14.1</td>
<td box="[899,967,1310,1334]" gridcol="3" gridrow="26" pageId="9" pageNumber="96">12.5</td>
<td box="[1026,1095,1310,1334]" gridcol="4" gridrow="26" pageId="9" pageNumber="96">14.0</td>
<td box="[1184,1289,1310,1334]" gridcol="5" gridrow="26" pageId="9" pageNumber="96">13.3–15.9</td>
<td box="[1342,1410,1310,1334]" gridcol="6" gridrow="26" pageId="9" pageNumber="96">14.6</td>
</tr>
<tr box="[166,1410,1350,1374]" gridrow="27" pageId="9" pageNumber="96">
<td box="[166,504,1350,1374]" gridcol="0" gridrow="27" pageId="9" pageNumber="96">Caudal-fin length</td>
<td box="[573,667,1350,1374]" gridcol="1" gridrow="27" pageId="9" pageNumber="96">23.7</td>
<td box="[693,850,1350,1374]" gridcol="2" gridrow="27" pageId="9" pageNumber="96">22.7–25.7</td>
<td box="[899,967,1350,1374]" gridcol="3" gridrow="27" pageId="9" pageNumber="96">24.3</td>
<td box="[1026,1095,1350,1374]" gridcol="4" gridrow="27" pageId="9" pageNumber="96">22.4</td>
<td box="[1184,1289,1350,1374]" gridcol="5" gridrow="27" pageId="9" pageNumber="96">22.4–26.0</td>
<td box="[1342,1410,1350,1374]" gridcol="6" gridrow="27" pageId="9" pageNumber="96">24.9</td>
</tr>
<tr box="[166,1410,1390,1415]" gridrow="28" pageId="9" pageNumber="96">
<td box="[166,504,1390,1415]" gridcol="0" gridrow="28" pageId="9" pageNumber="96">Caudal-peduncle depth</td>
<td box="[573,667,1390,1415]" gridcol="1" gridrow="28" pageId="9" pageNumber="96">11.6</td>
<td box="[693,850,1390,1415]" gridcol="2" gridrow="28" pageId="9" pageNumber="96">10.2–11.8</td>
<td box="[899,967,1390,1415]" gridcol="3" gridrow="28" pageId="9" pageNumber="96">11.3</td>
<td box="[1026,1095,1390,1415]" gridcol="4" gridrow="28" pageId="9" pageNumber="96">12.2</td>
<td box="[1184,1289,1390,1415]" gridcol="5" gridrow="28" pageId="9" pageNumber="96">12.0–12.4</td>
<td box="[1342,1410,1390,1415]" gridcol="6" gridrow="28" pageId="9" pageNumber="96">12.2</td>
</tr>
<tr box="[166,1410,1431,1455]" gridrow="29" pageId="9" pageNumber="96">
<td box="[166,504,1431,1455]" gridcol="0" gridrow="29" pageId="9" pageNumber="96">Caudal-peduncle length</td>
<td box="[573,667,1431,1455]" gridcol="1" gridrow="29" pageId="9" pageNumber="96">20.5</td>
<td box="[693,850,1431,1455]" gridcol="2" gridrow="29" pageId="9" pageNumber="96">16.3–21.3</td>
<td box="[899,967,1431,1455]" gridcol="3" gridrow="29" pageId="9" pageNumber="96">20.0</td>
<td box="[1026,1095,1431,1455]" gridcol="4" gridrow="29" pageId="9" pageNumber="96">25.0</td>
<td box="[1184,1289,1431,1455]" gridcol="5" gridrow="29" pageId="9" pageNumber="96">21.0–25.7</td>
<td box="[1342,1410,1431,1455]" gridcol="6" gridrow="29" pageId="9" pageNumber="96">23.3</td>
</tr>
</table>
</paragraph>
<paragraph blockId="9.[151,1437,1502,2033]" pageId="9" pageNumber="96">Formula for configuration of supraneural bones, neural spines and dorsal pterygiphores 0/0/0+1/2/1/1/1/1/1/1/ 1/2/1/1/2/1/1/; vertebrae 10+14.</paragraph>
<paragraph blockId="9.[151,1437,1502,2033]" lastBlockId="10.[151,1437,151,2013]" lastPageId="10" lastPageNumber="97" pageId="9" pageNumber="96">
<emphasis box="[199,388,1574,1600]" italics="true" pageId="9" pageNumber="96">Fresh coloration</emphasis>
. Based on colour photographs of defrosted 
<typeStatus box="[880,981,1574,1600]" pageId="9" pageNumber="96">holotype</typeStatus>
, one fresh 
<typeStatus box="[1103,1199,1575,1601]" pageId="9" pageNumber="96">paratype</typeStatus>
(not publishable due to low quality) and photographic record (immediately after collection) of one unretained specimen (see 
<figureCitation box="[1352,1423,1610,1636]" captionStart="FIGURE 4" captionStartId="8.[151,250,1887,1911]" captionTargetBox="[151,1436,529,1864]" captionTargetId="figure-197@8.[151,1436,525,1864]" captionTargetPageId="8" captionText="FIGURE 4. Fresh specimens of Chelidoperca flavimacula collected off Tanintharyi Coast, Myanmar: A. SAIAB 209601, holotype, 69.5 mm SL, defrosted (photo by P.N. Psomadakis); B. Specimen of 82 mm TL, immediately after collection, discarded (photo by O. Alvheim)." figureDoi="http://doi.org/10.5281/zenodo.4533980" httpUri="https://zenodo.org/record/4533980/files/figure.png" pageId="9" pageNumber="96">Fig. 4</figureCitation>
). Head and body pinkish to reddish, becoming paler ventrally. Lower part of preopercle, opercle, interopercle, subopercle, branchiostegal rays and breast, including part extending on sides to pectoral-fin base, silvery white. Three poorly defined longitudinal rows of small whitish spots on flanks, one running along curved part of lateral line, one along midbody and one along ventral half of body. About four irregular reddish blotches running along ventral portion of body at level of ventralmost row of whitish spots. Upper and lower lips partially or completely pigmented in orange-red. Iris of eye yellow centrally and dirty red dorsally and ventrally. Dorsal fin transparent with two to four longitudinal rows of bright yellow spots, the number of rows incrementing on soft portion of fin. Anal fin transparent white, with yellow to reddish distal margin and three or four rows of bright yellow spots over its proximal half (number of rows incrementing posteriorly); posteriormost dorsal- and anal-fin rays with short alternating yellow and dark grey bands. Pectoral fin translucent or with pale reddish tinge, the axil more intensely pigmented. Pelvic fins transparent with yellowish tinge. Outermost rays of anal and pelvic fins sometimes reddish. Caudal fin reddish basally, mid-posterior portion of fin greyish with several irregular diagonal rows of yellow spots and yellow to reddish distal margin (scattered pinpoint white dots sometimes also present medially); upper and lowermost caudal-fin rays with four or five and two or three short whitish bands, respectively.
</paragraph>
<paragraph blockId="10.[151,1437,151,2013]" pageId="10" pageNumber="97">
<emphasis box="[199,435,259,285]" italics="true" pageId="10" pageNumber="97">Preserved coloration</emphasis>
. Based on all examined specimens (
<figureCitation box="[835,921,259,285]" captionStart="FIGURE 3" captionStartId="5.[151,250,1349,1373]" captionTargetBox="[151,1436,182,1325]" captionTargetId="figure-19@5.[151,1436,181,1325]" captionTargetPageId="5" captionText="FIGURE 3. Preserved holotypes: A. Chelidoperca myathantuni, SAIAB 203716, 114.2 mm SL; and B. Chelidoperca flavimacula, SAIAB 209601, 69.5 mm SL, both collected off Tanintharyi Coast, Myanmar (photos by N. Mazungula)." figureDoi="http://doi.org/10.5281/zenodo.4533978" httpUri="https://zenodo.org/record/4533978/files/figure.png" pageId="10" pageNumber="97">Fig. 3B</figureCitation>
). Body pale brown, top of head darker. Lateral line with single series of dusky spots, about one spot per scale, from corner of opercle to below middle of soft dorsal fin; lateral-line scales, those above them and scales on predorsal area with dusky edge. Clusters of microscopic dark brown dots on interorbital space and anteriorly on snout; semicircular cluster of similar dots in front of eye, its posterior arm reaching down between nostrils to ventral edge of lachrymal near 2 
<superScript attach="left" box="[1052,1068,402,416]" fontSize="6" pageId="10" pageNumber="97">nd</superScript>
infraorbital pore, and its anterior arm reaching across supraorbital sensory canal down to tip of snout; both ends of this arch frequently extend to upper jaw. Variable amount of microscopic brown dots on opercle, mostly above its largest (middle) spine; a small cluster of similar dots under and/or behind lowest opercular spine. Dorsal and anal fins pale, except last few soft rays that have four or five dark bars separated by pale spaces. Pectoral-fin base pale or with few scattered microscopic blackish dots; pectoral-fin rays pale, the middle rays sometimes with microscopic dark dots near base. Pelvic fins pale. Caudal fin with four or five irregular, narrow dusky bars usually most evident on central rays, becoming increasingly faint toward the dorsal and ventral margins. Peritoneum, stomach and intestine pale.
</paragraph>
</subSubSection>
<subSubSection pageId="10" pageNumber="97" type="distribution">
<paragraph blockId="10.[151,1437,151,2013]" pageId="10" pageNumber="97">
<emphasis bold="true" box="[199,353,690,716]" pageId="10" pageNumber="97">Distribution.</emphasis>
<taxonomicName authorityName="Psomadakis &amp; Gon &amp; Htut" authorityYear="2021" box="[360,650,691,717]" class="Actinopterygii" family="Serranidae" genus="Chelidoperca" kingdom="Animalia" order="Perciformes" pageId="10" pageNumber="97" phylum="Chordata" rank="species" species="flavimacula">
<emphasis box="[360,650,691,717]" italics="true" pageId="10" pageNumber="97">Chelidoperca flavimacula</emphasis>
</taxonomicName>
is currently known only from the Andaman Sea, off the south-eastern coast of 
<collectingCountry box="[246,355,727,753]" name="Myanmar" pageId="10" pageNumber="97">Myanmar</collectingCountry>
at depths of 
<quantity box="[500,616,727,753]" metricMagnitude="2" metricUnit="m" metricValue="1.075" metricValueMax="1.31" metricValueMin="0.84" pageId="10" pageNumber="97" unit="m" value="107.5" valueMax="131.0" valueMin="84.0">
84– 
<specimenCount box="[544,616,727,753]" pageId="10" pageNumber="97" type="generic">131 m</specimenCount>
</quantity>
.
</paragraph>
</subSubSection>
<subSubSection lastPageId="15" lastPageNumber="102" pageId="10" pageNumber="97" type="etymology">
<paragraph blockId="10.[151,1437,151,2013]" pageId="10" pageNumber="97">
<emphasis bold="true" box="[199,334,763,789]" pageId="10" pageNumber="97">Etymology.</emphasis>
The species epithet 
<taxonomicName authorityName="Psomadakis &amp; Gon &amp; Htut" authorityYear="2021" box="[562,694,763,789]" class="Actinopterygii" family="Serranidae" genus="Chelidoperca" kingdom="Animalia" order="Perciformes" pageId="10" pageNumber="97" phylum="Chordata" rank="species" species="flavimacula">
<emphasis box="[562,694,763,789]" italics="true" pageId="10" pageNumber="97">flavimacula</emphasis>
</taxonomicName>
is a conjunction of the Latin words “ 
<emphasis box="[1109,1191,763,789]" italics="true" pageId="10" pageNumber="97">flavus”</emphasis>
for yellow and “ 
<emphasis italics="true" pageId="10" pageNumber="97">macula”</emphasis>
for spot in reference to the characteristic yellow spots covering the anal fin in this species.
</paragraph>
<paragraph blockId="10.[151,1437,151,2013]" lastBlockId="15.[151,1437,150,933]" lastPageId="15" lastPageNumber="102" pageId="10" pageNumber="97">
<emphasis bold="true" box="[199,365,834,860]" pageId="10" pageNumber="97">Comparisons.</emphasis>
<taxonomicName authorityName="Psomadakis &amp; Gon &amp; Htut" authorityYear="2021" box="[373,664,835,861]" class="Actinopterygii" family="Serranidae" genus="Chelidoperca" kingdom="Animalia" order="Perciformes" pageId="10" pageNumber="97" phylum="Chordata" rank="species" species="flavimacula">
<emphasis box="[373,664,835,861]" italics="true" pageId="10" pageNumber="97">Chelidoperca flavimacula</emphasis>
</taxonomicName>
can be distinguished from 
<taxonomicName authorityName="Cadenat" authorityYear="1960" box="[973,1102,835,861]" class="Actinopterygii" family="Serranidae" genus="Chelidoperca" kingdom="Animalia" order="Perciformes" pageId="10" pageNumber="97" phylum="Chordata" rank="species" species="africana">
<emphasis box="[973,1102,835,861]" italics="true" pageId="10" pageNumber="97">C. africana</emphasis>
</taxonomicName>
, 
<taxonomicName box="[1117,1246,835,861]" class="Actinopterygii" family="Serranidae" genus="Chelidoperca" kingdom="Animalia" order="Perciformes" pageId="10" pageNumber="97" phylum="Chordata" rank="species" species="cerasina">
<emphasis box="[1117,1246,835,861]" italics="true" pageId="10" pageNumber="97">C. cerasina</emphasis>
</taxonomicName>
, 
<taxonomicName box="[1262,1429,835,861]" class="Actinopterygii" family="Serranidae" genus="Chelidoperca" kingdom="Animalia" order="Perciformes" pageId="10" pageNumber="97" phylum="Chordata" rank="species" species="flavolineata">
<emphasis box="[1262,1429,835,861]" italics="true" pageId="10" pageNumber="97">C. flavolineata</emphasis>
</taxonomicName>
, 
<taxonomicName baseAuthorityName="Valenciennes in Cuvier &amp; Valenciennes" baseAuthorityYear="1831" box="[151,332,871,897]" class="Actinopterygii" family="Serranidae" genus="Chelidoperca" kingdom="Animalia" order="Perciformes" pageId="10" pageNumber="97" phylum="Chordata" rank="species" species="hirundinacea">
<emphasis box="[151,332,871,897]" italics="true" pageId="10" pageNumber="97">C. hirundinacea</emphasis>
</taxonomicName>
, 
<taxonomicName authorityName="Fourmanoir" authorityYear="1982" box="[345,462,871,897]" class="Actinopterygii" family="Serranidae" genus="Chelidoperca" kingdom="Animalia" order="Perciformes" pageId="10" pageNumber="97" phylum="Chordata" rank="species" species="lecromi">
<emphasis box="[345,462,871,897]" italics="true" pageId="10" pageNumber="97">C. lecromi</emphasis>
</taxonomicName>
, 
<taxonomicName authorityName="Bineesh &amp; Akhilesh" authorityYear="2013" box="[475,651,871,897]" class="Actinopterygii" family="Serranidae" genus="Chelidoperca" kingdom="Animalia" order="Perciformes" pageId="10" pageNumber="97" phylum="Chordata" rank="species" species="maculicauda">
<emphasis box="[475,651,871,897]" italics="true" pageId="10" pageNumber="97">C. maculicauda</emphasis>
</taxonomicName>
and 
<taxonomicName box="[704,872,871,897]" class="Actinopterygii" family="Serranidae" genus="Chelidoperca" kingdom="Animalia" order="Perciformes" pageId="10" pageNumber="97" phylum="Chordata" rank="species" species="pleurospilus">
<emphasis box="[704,872,871,897]" italics="true" pageId="10" pageNumber="97">C. pleurospilus</emphasis>
</taxonomicName>
by having 3 (2 full-sized plus 1 half-sized) vs. 4 (3 full-sized plus 1 half-sized) scale rows between the lateral line and the middle of the spinous dorsal-fin base. Among the species having 3 (2 full-sized plus 1 half-sized or 3 full-sized) scale rows in that region, 
<taxonomicName authorityName="Psomadakis &amp; Gon &amp; Htut" authorityYear="2021" box="[1190,1356,943,969]" class="Actinopterygii" family="Serranidae" genus="Chelidoperca" kingdom="Animalia" order="Perciformes" pageId="10" pageNumber="97" phylum="Chordata" rank="species" species="flavimacula">
<emphasis box="[1190,1356,943,969]" italics="true" pageId="10" pageNumber="97">C. flavimacula</emphasis>
</taxonomicName>
can be readily distinguished from remaining congeners except 
<emphasis box="[778,1401,979,1005]" italics="true" pageId="10" pageNumber="97">
<taxonomicName authorityName="Lee, Lee, Matsunuma &amp; Chen" authorityYear="2019" box="[778,972,979,1005]" class="Actinopterygii" family="Serranidae" genus="Chelidoperca" kingdom="Animalia" order="Perciformes" pageId="10" pageNumber="97" phylum="Chordata" rank="species" species="leucostigmata">C. leucostigmata</taxonomicName>
, 
<taxonomicName authorityName="Lee, Lee, Matsunuma &amp; Chen" authorityYear="2019" box="[983,1126,979,1005]" class="Actinopterygii" family="Serranidae" genus="Chelidoperca" kingdom="Animalia" order="Perciformes" pageId="10" pageNumber="97" phylum="Chordata" rank="species" species="microdon">C. microdon</taxonomicName>
, 
<taxonomicName authorityName="Williams &amp; Carpenter" authorityYear="2015" box="[1137,1253,979,1005]" class="Actinopterygii" family="Serranidae" genus="Chelidoperca" kingdom="Animalia" order="Perciformes" pageId="10" pageNumber="97" phylum="Chordata" rank="species" species="santosi">C. santosi</taxonomicName>
, 
<taxonomicName authorityName="Matsunuma, Yamakawa &amp; Williams" authorityYear="2017" box="[1265,1401,979,1005]" class="Actinopterygii" family="Serranidae" genus="Chelidoperca" kingdom="Animalia" order="Perciformes" pageId="10" pageNumber="97" phylum="Chordata" rank="species" species="tosaensis">C. tosaensis</taxonomicName>
</emphasis>
by the presence of yellow spots on the anal fin (not retained in preserved specimens). 
<taxonomicName authorityName="Psomadakis &amp; Gon &amp; Htut" authorityYear="2021" box="[1072,1237,1015,1041]" class="Actinopterygii" family="Serranidae" genus="Chelidoperca" kingdom="Animalia" order="Perciformes" pageId="10" pageNumber="97" phylum="Chordata" rank="species" species="flavimacula">
<emphasis box="[1072,1237,1015,1041]" italics="true" pageId="10" pageNumber="97">C. flavimacula</emphasis>
</taxonomicName>
is most similar to 
<taxonomicName authorityName="Williams &amp; Carpenter" authorityYear="2015" box="[151,262,1051,1077]" class="Actinopterygii" family="Serranidae" genus="Chelidoperca" kingdom="Animalia" order="Perciformes" pageId="10" pageNumber="97" phylum="Chordata" rank="species" species="santosi">
<emphasis box="[151,262,1051,1077]" italics="true" pageId="10" pageNumber="97">C. santosi</emphasis>
</taxonomicName>
in overall body appearance and coloration, but it can be readily distinguished from the latter in having the snout uniformly pigmented (vs. 2 pairs of dark spots on the snout and a pair of spots on the chin) and the presence of 3 longitudinal series of small whitish spots on the sides (vs. no white spots along the body). Also, in 
<taxonomicName authorityName="Williams &amp; Carpenter" authorityYear="2015" box="[1317,1429,1123,1149]" class="Actinopterygii" family="Serranidae" genus="Chelidoperca" kingdom="Animalia" order="Perciformes" pageId="10" pageNumber="97" phylum="Chordata" rank="species" species="santosi">
<emphasis box="[1317,1429,1123,1149]" italics="true" pageId="10" pageNumber="97">C. santosi</emphasis>
</taxonomicName>
, the rows of yellow spots on the anal fin are fewer (usually 2 vs. 3–4) and somewhat coalescing (vs. well separated). 
<taxonomicName authorityName="Psomadakis &amp; Gon &amp; Htut" authorityYear="2021" box="[151,442,1195,1221]" class="Actinopterygii" family="Serranidae" genus="Chelidoperca" kingdom="Animalia" order="Perciformes" pageId="10" pageNumber="97" phylum="Chordata" rank="species" species="flavimacula">
<emphasis box="[151,442,1195,1221]" italics="true" pageId="10" pageNumber="97">Chelidoperca flavimacula</emphasis>
</taxonomicName>
also differs from 
<taxonomicName authorityName="Williams &amp; Carpenter" authorityYear="2015" box="[644,756,1195,1221]" class="Actinopterygii" family="Serranidae" genus="Chelidoperca" kingdom="Animalia" order="Perciformes" pageId="10" pageNumber="97" phylum="Chordata" rank="species" species="santosi">
<emphasis box="[644,756,1195,1221]" italics="true" pageId="10" pageNumber="97">C. santosi</emphasis>
</taxonomicName>
in having fewer circumpeduncular scales (16–17 vs. 19–22) and subopercle serrae (7–15 vs. 16–21), and relatively fewer elements in the following counts: scale rows below the lateral line (9 –10 vs. 10–12), predorsal scales (6 vs. 6–10). 
<taxonomicName authorityName="Psomadakis &amp; Gon &amp; Htut" authorityYear="2021" box="[840,1132,1267,1293]" class="Actinopterygii" family="Serranidae" genus="Chelidoperca" kingdom="Animalia" order="Perciformes" pageId="10" pageNumber="97" phylum="Chordata" rank="species" species="flavimacula">
<emphasis box="[840,1132,1267,1293]" italics="true" pageId="10" pageNumber="97">Chelidoperca flavimacula</emphasis>
</taxonomicName>
can be distinguished from 
<taxonomicName authorityName="Matsunuma, Yamakawa &amp; Williams" authorityYear="2017" box="[151,287,1303,1329]" class="Actinopterygii" family="Serranidae" genus="Chelidoperca" kingdom="Animalia" order="Perciformes" pageId="10" pageNumber="97" phylum="Chordata" rank="species" species="tosaensis">
<emphasis box="[151,287,1303,1329]" italics="true" pageId="10" pageNumber="97">C. tosaensis</emphasis>
</taxonomicName>
by the absence of an ocellated red spot on the posterodorsal corner of the opercle and red markings on the dorsal fin. It also differs from 
<taxonomicName authorityName="Matsunuma, Yamakawa &amp; Williams" authorityYear="2017" box="[530,666,1339,1365]" class="Actinopterygii" family="Serranidae" genus="Chelidoperca" kingdom="Animalia" order="Perciformes" pageId="10" pageNumber="97" phylum="Chordata" rank="species" species="tosaensis">
<emphasis box="[530,666,1339,1365]" italics="true" pageId="10" pageNumber="97">C. tosaensis</emphasis>
</taxonomicName>
in lacking saddle marks on the dorsum and vertically elongate white blotches along the ventral portion of the body. Also, in 
<taxonomicName authorityName="Matsunuma, Yamakawa &amp; Williams" authorityYear="2017" box="[776,913,1375,1401]" class="Actinopterygii" family="Serranidae" genus="Chelidoperca" kingdom="Animalia" order="Perciformes" pageId="10" pageNumber="97" phylum="Chordata" rank="species" species="tosaensis">
<emphasis box="[776,913,1375,1401]" italics="true" pageId="10" pageNumber="97">C. tosaensis</emphasis>
</taxonomicName>
, the yellow spots on the anal fin are restricted to the basal and central parts of its posterior half (vs. yellow spots covering the whole fin). In meristic characters, 
<taxonomicName authorityName="Psomadakis &amp; Gon &amp; Htut" authorityYear="2021" box="[151,444,1447,1473]" class="Actinopterygii" family="Serranidae" genus="Chelidoperca" kingdom="Animalia" order="Perciformes" pageId="10" pageNumber="97" phylum="Chordata" rank="species" species="flavimacula">
<emphasis box="[151,444,1447,1473]" italics="true" pageId="10" pageNumber="97">Chelidoperca flavimacula</emphasis>
</taxonomicName>
differs from 
<taxonomicName authorityName="Matsunuma, Yamakawa &amp; Williams" authorityYear="2017" box="[600,738,1447,1473]" class="Actinopterygii" family="Serranidae" genus="Chelidoperca" kingdom="Animalia" order="Perciformes" pageId="10" pageNumber="97" phylum="Chordata" rank="species" species="tosaensis">
<emphasis box="[600,738,1447,1473]" italics="true" pageId="10" pageNumber="97">C. tosaensis</emphasis>
</taxonomicName>
in having relatively fewer elements in the following counts: scale rows below the lateral line [9–10 (modally 10) vs. 10–12 (modally 11)]; predorsal scales [6 vs. 6–9 (modally 7)]; circumpeduncular scales [16–17 (modally 16) vs. 17–20 (modally 18)] and in having relatively more pored lateral line scales [42–45 (modally 42) vs. 37–42 (modally 39)]. 
<taxonomicName authorityName="Psomadakis &amp; Gon &amp; Htut" authorityYear="2021" box="[848,1138,1555,1581]" class="Actinopterygii" family="Serranidae" genus="Chelidoperca" kingdom="Animalia" order="Perciformes" pageId="10" pageNumber="97" phylum="Chordata" rank="species" species="flavimacula">
<emphasis box="[848,1138,1555,1581]" italics="true" pageId="10" pageNumber="97">Chelidoperca flavimacula</emphasis>
</taxonomicName>
can be distinguished from 
<taxonomicName authorityName="Lee, Lee, Matsunuma &amp; Chen" authorityYear="2019" box="[151,341,1591,1617]" class="Actinopterygii" family="Serranidae" genus="Chelidoperca" kingdom="Animalia" order="Perciformes" pageId="10" pageNumber="97" phylum="Chordata" rank="species" species="leucostigmata">
<emphasis box="[151,341,1591,1617]" italics="true" pageId="10" pageNumber="97">C. leucostigmata</emphasis>
</taxonomicName>
in having the interorbital scales extending to mid-eye (vs. extending to the margin of the anterior orbit). In meristic characters, it has fewer scale rows below the lateral line (9–10 vs. 12–13) as well as circumpeduncular scales (16–17 vs. 20–24), and relatively fewer elements in the following counts: developed gill rakers (8–10 vs. 9–11); predorsal scales (6 vs. 6–8); scale rows on cheek (5 vs. 5–6); subopercle serrae (7–15 vs. 14–25). In pigmentation, 
<taxonomicName authorityName="Psomadakis &amp; Gon &amp; Htut" authorityYear="2021" box="[342,506,1735,1761]" class="Actinopterygii" family="Serranidae" genus="Chelidoperca" kingdom="Animalia" order="Perciformes" pageId="10" pageNumber="97" phylum="Chordata" rank="species" species="flavimacula">
<emphasis box="[342,506,1735,1761]" italics="true" pageId="10" pageNumber="97">C. flavimacula</emphasis>
</taxonomicName>
differs from 
<taxonomicName authorityName="Lee, Lee, Matsunuma &amp; Chen" authorityYear="2019" box="[652,840,1735,1761]" class="Actinopterygii" family="Serranidae" genus="Chelidoperca" kingdom="Animalia" order="Perciformes" pageId="10" pageNumber="97" phylum="Chordata" rank="species" species="leucostigmata">
<emphasis box="[652,840,1735,1761]" italics="true" pageId="10" pageNumber="97">C. leucostigmata</emphasis>
</taxonomicName>
in lacking an elliptical light yellow blotch on the side of the body and a yellow oblique streak below the eye. Also in 
<taxonomicName authorityName="Lee, Lee, Matsunuma &amp; Chen" authorityYear="2019" box="[873,1064,1771,1797]" class="Actinopterygii" family="Serranidae" genus="Chelidoperca" kingdom="Animalia" order="Perciformes" pageId="10" pageNumber="97" phylum="Chordata" rank="species" species="leucostigmata">
<emphasis box="[873,1064,1771,1797]" italics="true" pageId="10" pageNumber="97">C. leucostigmata</emphasis>
</taxonomicName>
, the yellow spots on the anal fin are less conspicuous and scattered irregularly over the fin (vs. conspicuous and regularly distributed over the fin). 
<taxonomicName authorityName="Psomadakis &amp; Gon &amp; Htut" authorityYear="2021" box="[151,442,1843,1869]" class="Actinopterygii" family="Serranidae" genus="Chelidoperca" kingdom="Animalia" order="Perciformes" pageId="10" pageNumber="97" phylum="Chordata" rank="species" species="flavimacula">
<emphasis box="[151,442,1843,1869]" italics="true" pageId="10" pageNumber="97">Chelidoperca flavimacula</emphasis>
</taxonomicName>
can be distinguished from 
<taxonomicName authorityName="Lee, Lee, Matsunuma &amp; Chen" authorityYear="2019" box="[751,890,1843,1869]" class="Actinopterygii" family="Serranidae" genus="Chelidoperca" kingdom="Animalia" order="Perciformes" pageId="10" pageNumber="97" phylum="Chordata" rank="species" species="microdon">
<emphasis box="[751,890,1843,1869]" italics="true" pageId="10" pageNumber="97">C. microdon</emphasis>
</taxonomicName>
in having 3 (2 full-sized plus 1 half-sized) vs. 3 full-sized scales between the lateral line and the middle of the spinous dorsal fin; enlarged caniniform teeth in the upper jaw (vs. no distinct caniniform teeth in the upper jaw) as well as a smaller head (36.5–38.4 vs. 38.8–43.1 % of SL) and snout length (6.4–7.9 vs. 9.1–11.0 % of SL). In meristic characters, 
<taxonomicName authorityName="Psomadakis &amp; Gon &amp; Htut" authorityYear="2021" box="[1062,1355,1951,1977]" class="Actinopterygii" family="Serranidae" genus="Chelidoperca" kingdom="Animalia" order="Perciformes" pageId="10" pageNumber="97" phylum="Chordata" rank="species" species="flavimacula">
<emphasis box="[1062,1355,1951,1977]" italics="true" pageId="10" pageNumber="97">Chelidoperca flavimacula</emphasis>
</taxonomicName>
differs from 
<taxonomicName authorityName="Lee, Lee, Matsunuma &amp; Chen" authorityYear="2019" box="[212,351,1987,2013]" class="Actinopterygii" family="Serranidae" genus="Chelidoperca" kingdom="Animalia" order="Perciformes" pageId="10" pageNumber="97" phylum="Chordata" rank="species" species="microdon">
<emphasis box="[212,351,1987,2013]" italics="true" pageId="10" pageNumber="97">C. microdon</emphasis>
</taxonomicName>
in having fewer developed gill rakers (8–10 vs. 11); predorsal scales (6 vs. 7); circumpeduncular scales (16–17 vs. 19); scale rows on cheek (5 vs. 8); subopercle serrae (7–15 vs. 18–20) and relatively fewer scale rows below the lateral line (9–10 vs. 10–11); total gill rakers (16–19 vs. 18–20) and relatively more pored lateral line scale rows (42–45 vs. 42); interopercle serrae (12–33 vs. 9–13) and postemporal serrae (2–5 vs. 2–3). In pigmentation, 
<taxonomicName authorityName="Psomadakis &amp; Gon &amp; Htut" authorityYear="2021" box="[209,374,259,285]" class="Actinopterygii" family="Serranidae" genus="Chelidoperca" kingdom="Animalia" order="Perciformes" pageId="15" pageNumber="102" phylum="Chordata" rank="species" species="flavimacula">
<emphasis box="[209,374,259,285]" italics="true" pageId="15" pageNumber="102">C. flavimacula</emphasis>
</taxonomicName>
differs from 
<taxonomicName authorityName="Lee, Lee, Matsunuma &amp; Chen" authorityYear="2019" box="[523,662,259,285]" class="Actinopterygii" family="Serranidae" genus="Chelidoperca" kingdom="Animalia" order="Perciformes" pageId="15" pageNumber="102" phylum="Chordata" rank="species" species="microdon">
<emphasis box="[523,662,259,285]" italics="true" pageId="15" pageNumber="102">C. microdon</emphasis>
</taxonomicName>
in lacking saddle marks on the dorsum as well as vertically elongate white blotches along the ventral portion of the body, a dark blurry spot on the snout and an ocellated red spot on the posterodorsal corner of the opercle. Also in 
<taxonomicName authorityName="Lee, Lee, Matsunuma &amp; Chen" authorityYear="2019" box="[645,784,331,357]" class="Actinopterygii" family="Serranidae" genus="Chelidoperca" kingdom="Animalia" order="Perciformes" pageId="15" pageNumber="102" phylum="Chordata" rank="species" species="microdon">
<emphasis box="[645,784,331,357]" italics="true" pageId="15" pageNumber="102">C. microdon</emphasis>
</taxonomicName>
, the yellow spots on the anal fin are variably present, less conspicuous and scattered irregularly over the fin (vs. always present, conspicuous and regularly distributed over the fin).
</paragraph>
<caption ID-DOI="http://doi.org/10.5281/zenodo.4533982" ID-Zenodo-Dep="4533982" httpUri="https://zenodo.org/record/4533982/files/figure.png" pageId="11" pageNumber="98" startId="11.[151,250,1885,1909]" targetBox="[210,1377,253,1860]" targetPageId="11">
<paragraph blockId="11.[151,1436,1885,2017]" pageId="11" pageNumber="98">
<emphasis bold="true" box="[151,276,1885,1910]" pageId="11" pageNumber="98">FIGURE 5.</emphasis>
Dorsolateral view of dorsal portion of body showing scale rows between lateral line and base of spinous dorsal fin (photos by N. Mazungula): 
<emphasis bold="true" box="[474,499,1921,1945]" pageId="11" pageNumber="98">A.</emphasis>
<taxonomicName authority=", SAIAB" authorityName="SAIAB" box="[506,868,1921,1946]" class="Actinopterygii" family="Serranidae" genus="Chelidoperca" kingdom="Animalia" order="Perciformes" pageId="11" pageNumber="98" phylum="Chordata" rank="species" species="myathantuni">
<emphasis box="[506,778,1921,1945]" italics="true" pageId="11" pageNumber="98">Chelidoperca myathantuni</emphasis>
, SAIAB
</taxonomicName>
203716, holotype, 114.2 mm SL, and 
<emphasis bold="true" box="[1268,1291,1922,1946]" pageId="11" pageNumber="98">B.</emphasis>
<taxonomicName authority=", SAIAB" authorityName="SAIAB" class="Actinopterygii" family="Serranidae" genus="Chelidoperca" kingdom="Animalia" order="Perciformes" pageId="11" pageNumber="98" phylum="Chordata" rank="species" species="flavimacula">
<emphasis italics="true" pageId="11" pageNumber="98">Chelidoperca flavimacula</emphasis>
, SAIAB
</taxonomicName>
209601, holotype, 69.5 mm SL. Red-outlined and blue-outlined scales indicate full-sized and half-sized scales, respectively.
</paragraph>
</caption>
<caption ID-DOI="http://doi.org/10.5281/zenodo.4533984" ID-Zenodo-Dep="4533984" httpUri="https://zenodo.org/record/4533984/files/figure.png" pageId="12" pageNumber="99" startId="12.[151,250,1944,1968]" targetBox="[220,1362,191,1910]" targetPageId="12">
<paragraph blockId="12.[151,1436,1944,2040]" pageId="12" pageNumber="99">
<emphasis bold="true" box="[151,275,1944,1968]" pageId="12" pageNumber="99">FIGURE 6.</emphasis>
Lateral view of posterior portion of maxilla showing condition of skin fold (photos by O. Gon): 
<emphasis bold="true" box="[1268,1292,1944,1968]" pageId="12" pageNumber="99">A.</emphasis>
<taxonomicName authority=", SAIAB" authorityName="SAIAB" class="Actinopterygii" family="Serranidae" genus="Chelidoperca" kingdom="Animalia" order="Perciformes" pageId="12" pageNumber="99" phylum="Chordata" rank="species" species="myathantuni">
<emphasis italics="true" pageId="12" pageNumber="99">Chelidoperca myathantuni</emphasis>
, SAIAB
</taxonomicName>
203716, holotype, 114.2 mm SL, and 
<emphasis bold="true" box="[766,789,1980,2004]" pageId="12" pageNumber="99">B.</emphasis>
<taxonomicName authority="SAIAB" authorityName="SAIAB" box="[797,1145,1980,2004]" class="Actinopterygii" family="Serranidae" genus="Chelidoperca" kingdom="Animalia" order="Perciformes" pageId="12" pageNumber="99" phylum="Chordata" rank="species" species="flavimacula">
<emphasis box="[797,1062,1980,2004]" italics="true" pageId="12" pageNumber="99">Chelidoperca flavimacula</emphasis>
SAIAB
</taxonomicName>
209601, holotype, 69.5 mm SL. Arrows indicate upper edge of skin fold.
</paragraph>
</caption>
<caption ID-DOI="http://doi.org/10.5281/zenodo.4533986" ID-Zenodo-Dep="4533986" httpUri="https://zenodo.org/record/4533986/files/figure.png" pageId="13" pageNumber="100" startId="13.[151,250,1943,1967]" targetBox="[222,1367,192,1909]" targetPageId="13">
<paragraph blockId="13.[151,1437,1943,2004]" pageId="13" pageNumber="100">
<emphasis bold="true" box="[151,275,1943,1968]" pageId="13" pageNumber="100">FIGURE 7.</emphasis>
Ventral view of head showing scale condition (photos by O. Gon): 
<emphasis bold="true" box="[958,983,1943,1967]" pageId="13" pageNumber="100">A.</emphasis>
<taxonomicName authority=", SAIAB" authorityName="SAIAB" box="[989,1348,1944,1968]" class="Actinopterygii" family="Serranidae" genus="Chelidoperca" kingdom="Animalia" order="Perciformes" pageId="13" pageNumber="100" phylum="Chordata" rank="species" species="myathantuni">
<emphasis box="[989,1259,1944,1968]" italics="true" pageId="13" pageNumber="100">Chelidoperca myathantuni</emphasis>
, SAIAB
</taxonomicName>
203716, holotype, 114.2 mm SL, and 
<emphasis bold="true" box="[446,469,1980,2004]" pageId="13" pageNumber="100">B.</emphasis>
<taxonomicName authority=", SAIAB" authorityName="SAIAB" box="[475,827,1980,2004]" class="Actinopterygii" family="Serranidae" genus="Chelidoperca" kingdom="Animalia" order="Perciformes" pageId="13" pageNumber="100" phylum="Chordata" rank="species" species="flavimacula">
<emphasis box="[475,739,1980,2004]" italics="true" pageId="13" pageNumber="100">Chelidoperca flavimacula</emphasis>
, SAIAB
</taxonomicName>
209601, holotype, 69.5 mm SL.
</paragraph>
</caption>
<caption ID-DOI="http://doi.org/10.5281/zenodo.4533990" ID-Zenodo-Dep="4533990" httpUri="https://zenodo.org/record/4533990/files/figure.png" pageId="14" pageNumber="101" startId="14.[151,250,1936,1960]" targetBox="[231,1359,186,1902]" targetPageId="14">
<paragraph blockId="14.[151,1436,1936,1996]" pageId="14" pageNumber="101">
<emphasis bold="true" box="[151,275,1936,1960]" pageId="14" pageNumber="101">FIGURE 8.</emphasis>
Dorsal view of head showing scale condition (photos by O. Gon): 
<emphasis bold="true" box="[962,987,1936,1960]" pageId="14" pageNumber="101">A.</emphasis>
<taxonomicName authority="SAIAB" authorityName="SAIAB" box="[993,1347,1936,1960]" class="Actinopterygii" family="Serranidae" genus="Chelidoperca" kingdom="Animalia" order="Perciformes" pageId="14" pageNumber="101" phylum="Chordata" rank="species" species="myathantuni">
<emphasis box="[993,1264,1936,1960]" italics="true" pageId="14" pageNumber="101">Chelidoperca myathantuni</emphasis>
SAIAB
</taxonomicName>
203716, holotype, 114.2 mm SL, and 
<emphasis bold="true" box="[446,469,1972,1996]" pageId="14" pageNumber="101">B.</emphasis>
<taxonomicName authority=", SAIAB" authorityName="SAIAB" box="[475,827,1972,1996]" class="Actinopterygii" family="Serranidae" genus="Chelidoperca" kingdom="Animalia" order="Perciformes" pageId="14" pageNumber="101" phylum="Chordata" rank="species" species="flavimacula">
<emphasis box="[475,739,1972,1996]" italics="true" pageId="14" pageNumber="101">Chelidoperca flavimacula</emphasis>
, SAIAB
</taxonomicName>
209601, holotype, 69.5 mm SL.
</paragraph>
</caption>
<paragraph blockId="15.[151,1437,150,933]" pageId="15" pageNumber="102">
<taxonomicName box="[199,491,439,465]" class="Actinopterygii" family="Serranidae" genus="Chelidoperca" kingdom="Animalia" order="Perciformes" pageId="15" pageNumber="102" phylum="Chordata" rank="species" species="flavimacula">
<emphasis box="[199,491,439,465]" italics="true" pageId="15" pageNumber="102">Chelidoperca flavimacula</emphasis>
</taxonomicName>
is easily distinguished from 
<taxonomicName box="[818,992,439,465]" class="Actinopterygii" family="Serranidae" genus="Chelidoperca" kingdom="Animalia" order="Perciformes" pageId="15" pageNumber="102" phylum="Chordata" rank="species" species="myathantuni">
<emphasis box="[818,992,439,465]" italics="true" pageId="15" pageNumber="102">C. myathantuni</emphasis>
</taxonomicName>
and the remaining congeners with 3 (2 full-sized plus 1 half-sized) scale rows between the lateral line and the middle of the spinous dorsal-fin base in having three or four rows of yellow spots on the anal fin (vs. anal fin without yellow spots) in fresh condition. It also differs from 
<taxonomicName box="[292,465,547,573]" class="Actinopterygii" family="Serranidae" genus="Chelidoperca" kingdom="Animalia" order="Perciformes" pageId="15" pageNumber="102" phylum="Chordata" rank="species" species="myathantuni">
<emphasis box="[292,465,547,573]" italics="true" pageId="15" pageNumber="102">C. myathantuni</emphasis>
</taxonomicName>
in lacking a dark dashed stripe along midbody and in having fewer developed gill rakers (7–10 vs. 11–13) and predorsal scales (6 vs. 7–8); a greater length of the longest anal (22.6–27.1 vs. 15.4–18.2 % of SL) and dorsal-fin (20.1–22.5 vs. 16.4–19.2 % of SL) soft ray; a slightly larger interorbital width (3.5–4.4 vs. 2.3–3.2 % of SL) and caudal peduncle depth (12.0–12.4 vs. 10.2–11.8 % of SL); smaller predorsal (32.5–35.4 vs. 35.8–39.3 % of SL) and postorbital (19.5–21.9 vs. 20.2–22.7 % of SL) length, as well as a low skin fold (vs. high skin fold) ventrally on maxilla.
</paragraph>
</subSubSection>
<subSubSection pageId="15" pageNumber="102" type="discussion">
<paragraph blockId="15.[151,1437,150,933]" pageId="15" pageNumber="102">
<emphasis bold="true" box="[199,315,763,789]" pageId="15" pageNumber="102">Remarks.</emphasis>
The innermost teeth at the symphysis of the upper jaw sometimes include one or two distinctly larger caniniform teeth that are almost flat against the roof of the mouth. Most specimens had 16 circumpeduncular scales, but one has 17. In most specimens the pores of the mandibular sensory canal are in a shallow depression. Preserved specimens varied in the amount of microscopic dark dots on pectoral-fin base and rays, as well as on the opercle and snout.
</paragraph>
</subSubSection>
</treatment>
</document>